model,frame,atom_index,symbol,x_A,y_A,z_A,formal_charge_e,dft_raw_iao_charge_e,dft_iao_charge_e,mlip_predicted_charge_e,error_e,abs_error_e
polar1m,0,0,H,9.04638977,12.69041951,12.97776359,1.0,0.34007,0.34007,0.0240818709135,-0.3159881290865,0.3159881290865
polar1m,0,1,O,12.00387415,11.99911896,10.68902028,-2.0,1.404841,-0.595159,0.610332965851,1.205491965851,1.205491965851
polar1m,0,2,H,10.22830312,10.6984727,9.70881406,1.0,0.428848,0.428848,0.0309168696404,-0.3979311303596,0.3979311303596
polar1m,0,3,H,14.00025823,13.35300633,11.50542538,1.0,0.377207,0.377207,0.0197366140783,-0.3574703859217,0.3574703859217
polar1m,0,4,O,10.97866385,11.25748,13.29951981,-2.0,1.336603,-0.663397,0.00297727435827,0.66637427435827,0.66637427435827
polar1m,0,5,H,15.82112532,15.97842313,10.34284957,1.0,0.393043,0.393043,0.0267917141318,-0.3662512858682,0.3662512858682
polar1m,0,6,O,9.96369866,11.25927459,10.41597623,-2.0,1.291803,-0.708197,0.00235652178526,0.71055352178526,0.71055352178526
polar1m,0,7,H,11.3519755,11.6732565,10.03630506,1.0,0.442439,0.442439,0.0322208218277,-0.4102181781723,0.4102181781723
polar1m,0,8,O,9.3618432,13.00705177,11.99288639,-2.0,1.260802,-0.739198,-0.140917062759,0.5982809372410001,0.5982809372410001
polar1m,0,9,O,14.83745983,16.08654433,9.99885862,-2.0,1.245562,-0.7544379999999999,-0.0230867341161,0.7313512658839,0.7313512658839
polar1m,0,10,H,14.80853881,15.24095,9.63886689,1.0,0.42121,0.42121,0.0231007616967,-0.3981092383033,0.3981092383033
polar1m,0,11,H,14.67245584,12.87886678,13.65407252,1.0,0.451578,0.451578,0.0259985569865,-0.4255794430135,0.4255794430135
polar1m,0,12,H,10.95254067,12.17837727,13.47765241,1.0,0.396426,0.396426,0.0194590166211,-0.3769669833789,0.3769669833789
polar1m,0,13,O,13.32446879,9.04398124,12.27421419,-2.0,1.209391,-0.7906089999999999,-0.0349774211645,0.7556315788354999,0.7556315788354999
polar1m,0,14,H,10.90453624,15.67634478,12.60716,1.0,0.474926,0.474926,0.0330958552659,-0.44183014473410004,0.44183014473410004
polar1m,0,15,H,13.56362747,9.87090693,12.79555474,1.0,0.371521,0.371521,0.0144625436515,-0.3570584563485,0.3570584563485
polar1m,0,16,O,14.19978606,15.18390615,12.28964695,-2.0,1.250766,-0.749234,-0.0463924482465,0.7028415517534999,0.7028415517534999
polar1m,0,17,H,13.78443062,16.15102937,12.43821627,1.0,0.38197,0.38197,0.0237814690918,-0.35818853090819996,0.35818853090819996
polar1m,0,18,O,14.24708423,13.48946884,10.55915739,-2.0,1.256391,-0.743609,-0.0371050834656,0.7065039165343999,0.7065039165343999
polar1m,0,19,H,10.88627862,14.5775183,13.5538635,1.0,0.443087,0.443087,0.0288076400757,-0.4142793599243,0.4142793599243
polar1m,0,20,O,9.72445356,13.79012895,9.61162596,-2.0,1.094032,-0.9059680000000001,-0.111661501229,0.7943064987710001,0.7943064987710001
polar1m,0,21,H,12.90524926,12.49931331,10.37194059,1.0,0.398168,0.398168,0.0305225923657,-0.36764540763430004,0.36764540763430004
polar1m,0,22,H,9.65064036,13.10553721,10.52916952,1.0,0.33845,0.33845,0.0175315365195,-0.32091846348049996,0.32091846348049996
polar1m,0,23,O,10.9954168,14.76282272,12.64360511,-2.0,1.289902,-0.7100979999999999,0.120971485972,0.8310694859719999,0.8310694859719999
polar1m,0,24,H,13.6731646,14.81825083,11.47399678,1.0,0.35126,0.35126,0.0222308002412,-0.3290291997588,0.3290291997588
polar1m,0,25,H,10.0047654,10.76535674,11.28169113,1.0,0.40403,0.40403,0.0235889237374,-0.3804410762626,0.3804410762626
polar1m,0,26,H,11.58915171,10.965758,14.09064478,1.0,0.398435,0.398435,0.0260886289179,-0.3723463710821,0.3723463710821
polar1m,0,27,H,13.28209377,12.16114818,13.81965431,1.0,0.383797,0.383797,0.0185794234276,-0.3652175765724,0.3652175765724
polar1m,0,28,O,13.89275673,12.55739369,13.17444373,-2.0,1.241371,-0.758629,-0.0133327767253,0.7452962232747,0.7452962232747
polar1m,0,29,H,12.0,12.0,12.0,1.0,0.365364,0.365364,0.120659910142,-0.24470408985800002,0.24470408985800002
polar1m,0,30,H,9.50146159,14.43832449,10.12925478,1.0,0.432083,0.432083,0.0174580756575,-0.4146249243425,0.4146249243425
polar1m,0,31,H,14.50632789,14.42576911,10.65081963,1.0,0.374199,0.374199,0.028491973877,-0.345707026123,0.345707026123
polar1m,0,32,H,10.14150509,13.8847987,12.15432366,1.0,0.338978,0.338978,0.040769033134,-0.298208966866,0.298208966866
polar1m,0,33,H,13.11346635,8.28563039,12.90916784,1.0,0.411443,0.411443,0.0224601849914,-0.3889828150086,0.3889828150086
polar1m,1,0,H,8.97480461,12.80929996,12.87306965,1.0,0.382816,0.382816,0.0239498503506,-0.3588661496494,0.3588661496494
polar1m,1,1,O,11.90217079,12.06931715,10.55410876,-2.0,1.376071,-0.623929,0.437128543854,1.061057543854,1.061057543854
polar1m,1,2,H,10.16171883,10.75349816,9.52383193,1.0,0.372359,0.372359,0.0225436612964,-0.3498153387036,0.3498153387036
polar1m,1,3,H,13.96727324,13.44596543,11.45704084,1.0,0.374734,0.374734,0.0233120024204,-0.3514219975796,0.3514219975796
polar1m,1,4,O,11.63156511,9.68651926,9.62723557,-2.0,1.265145,-0.734855,-0.0313356816769,0.7035193183231,0.7035193183231
polar1m,1,5,O,14.10762601,9.21764874,9.35969156,-2.0,1.24351,-0.7564900000000001,-0.0466261990368,0.7098638009632001,0.7098638009632001
polar1m,1,6,O,10.87723433,11.37470378,13.2649456,-2.0,1.316423,-0.6835770000000001,0.0183609500527,0.7019379500527001,0.7019379500527001
polar1m,1,7,H,15.73542402,16.10180106,10.18615888,1.0,0.407482,0.407482,0.0237209852785,-0.38376101472150004,0.38376101472150004
polar1m,1,8,O,9.86491405,11.3141633,10.34519469,-2.0,1.231715,-0.7682850000000001,-0.0401855483651,0.7280994516349001,0.7280994516349001
polar1m,1,9,H,11.2773047,11.84240799,9.78350125,1.0,0.436973,0.436973,0.0295058041811,-0.4074671958189,0.4074671958189
polar1m,1,10,H,11.60808398,9.44937698,13.16112257,1.0,0.320287,0.320287,0.0181812569499,-0.30210574305009996,0.30210574305009996
polar1m,1,11,O,9.32684714,13.05902747,11.93511842,-2.0,1.225836,-0.7741640000000001,-0.0279228240252,0.7462411759748001,0.7462411759748001
polar1m,1,12,O,14.76164752,16.15377454,9.94402852,-2.0,1.248765,-0.7512350000000001,-0.0233522579074,0.7278827420926001,0.7278827420926001
polar1m,1,13,O,11.4649758,9.2146311,14.17450228,-2.0,1.194059,-0.805941,-0.0738755464554,0.7320654535446001,0.7320654535446001
polar1m,1,14,H,14.79270241,15.2967571,9.51497499,1.0,0.406815,0.406815,0.0211253091693,-0.3856896908307,0.3856896908307
polar1m,1,15,H,11.59169993,7.06201116,13.63484854,1.0,0.344411,0.344411,0.0132896080613,-0.33112139193870005,0.33112139193870005
polar1m,1,16,H,14.59294819,12.87223922,13.77269182,1.0,0.431736,0.431736,0.0259028673172,-0.4058331326828,0.4058331326828
polar1m,1,17,H,10.69552378,12.2905243,13.35617157,1.0,0.397977,0.397977,0.0184815041721,-0.37949549582790004,0.37949549582790004
polar1m,1,18,H,12.18584946,9.55472978,10.41376318,1.0,0.375533,0.375533,0.0230490751565,-0.3524839248435,0.3524839248435
polar1m,1,19,O,13.21295014,9.09534033,12.16698153,-2.0,1.229442,-0.7705580000000001,-0.0266098380089,0.7439481619911,0.7439481619911
polar1m,1,20,H,14.93163633,9.8014365,9.30715948,1.0,0.387637,0.387637,0.0150813516229,-0.37255564837710003,0.37255564837710003
polar1m,1,21,H,13.33345359,9.88939445,12.64924508,1.0,0.387465,0.387465,0.0150794386864,-0.3723855613136,0.3723855613136
polar1m,1,22,O,14.10858481,15.26357454,12.17476066,-2.0,1.163959,-0.836041,-0.0586576797068,0.7773833202932,0.7773833202932
polar1m,1,23,H,13.64449427,15.99052871,12.4367023,1.0,0.442542,0.442542,0.0181859619915,-0.42435603800849997,0.42435603800849997
polar1m,1,24,O,14.16172655,13.6240473,10.48129845,-2.0,1.242225,-0.7577750000000001,-0.0447622016072,0.7130127983928001,0.7130127983928001
polar1m,1,25,H,12.68137763,12.70109291,10.50764164,1.0,0.384687,0.384687,0.0193622596562,-0.3653247403438,0.3653247403438
polar1m,1,26,H,13.66716017,14.80844322,11.35168525,1.0,0.352715,0.352715,0.0234365016222,-0.3292784983778,0.3292784983778
polar1m,1,27,H,10.07887928,10.85218739,11.10332921,1.0,0.412568,0.412568,0.0201855935156,-0.3923824064844,0.3923824064844
polar1m,1,28,H,11.37486651,10.89350269,14.01281451,1.0,0.396835,0.396835,0.0274376757443,-0.3693973242557,0.3693973242557
polar1m,1,29,H,13.05848806,12.24298307,13.57337051,1.0,0.378086,0.378086,0.0198962874711,-0.3581897125289,0.3581897125289
polar1m,1,30,O,13.86084482,12.5921623,13.09415004,-2.0,1.265726,-0.7342740000000001,-0.0149282440543,0.7193457559457,0.7193457559457
polar1m,1,31,O,12.3231702,6.83507582,14.16173585,-2.0,0.971498,-1.028502,-0.849083065987,0.17941893401300002,0.17941893401300002
polar1m,1,32,H,12.0,12.0,12.0,1.0,0.349708,0.349708,0.247672811151,-0.10203518884900001,0.10203518884900001
polar1m,1,33,H,13.57074473,9.61560452,10.25382214,1.0,0.322579,0.322579,0.0192778222263,-0.3033011777737,0.3033011777737
polar1m,1,34,H,11.8173039,8.29891329,14.30091622,1.0,0.369392,0.369392,0.0124470964074,-0.3569449035926,0.3569449035926
polar1m,1,35,H,11.83651308,8.95779863,8.82406758,1.0,0.391308,0.391308,0.0298648960888,-0.3614431039112,0.3614431039112
polar1m,1,36,H,14.38750247,14.54766011,10.52496611,1.0,0.379277,0.379277,0.0311354994774,-0.34814150052259996,0.34814150052259996
polar1m,1,37,H,9.87635078,13.76604825,11.99907315,1.0,0.427917,0.427917,0.0131494812667,-0.4147675187333,0.4147675187333
polar1m,1,38,H,12.90831024,8.46548742,12.83895778,1.0,0.391787,0.391787,0.0265749581158,-0.3652120418842,0.3652120418842
polar1m,2,0,H,8.96436669,12.94400932,12.75648162,1.0,0.446883,0.446883,0.0227277465165,-0.42415525348349997,0.42415525348349997
polar1m,2,1,O,11.83746161,12.15315833,10.51791379,-2.0,1.355765,-0.6442349999999999,0.352416932583,0.9966519325829999,0.9966519325829999
polar1m,2,2,H,10.05383791,10.84523126,9.60234736,1.0,0.391882,0.391882,0.0204317234457,-0.3714502765543,0.3714502765543
polar1m,2,3,H,14.01741449,13.51968023,11.44155345,1.0,0.369447,0.369447,0.0195348002017,-0.3499121997983,0.3499121997983
polar1m,2,4,O,11.52337375,9.77044,9.55872192,-2.0,1.192397,-0.8076030000000001,-0.0332578346133,0.7743451653867001,0.7743451653867001
polar1m,2,5,O,14.01156364,9.25836812,9.36461645,-2.0,1.256589,-0.743411,-0.0408446826041,0.7025663173959,0.7025663173959
polar1m,2,6,O,10.80660368,11.49372957,13.31831367,-2.0,1.318633,-0.6813670000000001,0.0212378278375,0.7026048278375001,0.7026048278375001
polar1m,2,7,H,15.61627879,16.27891127,10.14159963,1.0,0.450116,0.450116,0.0250556878746,-0.4250603121254,0.4250603121254
polar1m,2,8,O,9.78409274,11.37568541,10.34457889,-2.0,1.215108,-0.7848919999999999,-0.050740275532,0.7341517244679999,0.7341517244679999
polar1m,2,9,H,11.28753613,12.07347938,9.69751136,1.0,0.455631,0.455631,0.0299710743129,-0.4256599256871,0.4256599256871
polar1m,2,10,H,11.49029358,9.56016679,13.23515509,1.0,0.334906,0.334906,0.0175439938903,-0.3173620061097,0.3173620061097
polar1m,2,11,O,9.30050799,13.10452572,11.97063193,-2.0,1.188657,-0.8113429999999999,-0.0224226564169,0.7889203435830999,0.7889203435830999
polar1m,2,12,O,14.71778475,16.23188424,9.97894398,-2.0,1.238883,-0.761117,-0.0170719772577,0.7440450227423,0.7440450227423
polar1m,2,13,O,11.42381794,9.2932028,14.17776646,-2.0,1.165687,-0.8343130000000001,-0.0924567207694,0.7418562792306,0.7418562792306
polar1m,2,14,H,14.76169969,15.40673678,9.36599571,1.0,0.395494,0.395494,0.0261162426323,-0.3693777573677,0.3693777573677
polar1m,2,15,H,11.46939604,7.02791872,13.51852911,1.0,0.304362,0.304362,0.0156930312514,-0.28866896874860004,0.28866896874860004
polar1m,2,16,O,15.96176593,13.95500436,12.89440952,-2.0,1.095255,-0.9047449999999999,-0.096723601222,0.8080213987779999,0.8080213987779999
polar1m,2,17,H,14.39871659,12.87593726,13.92359635,1.0,0.422423,0.422423,0.0282479599118,-0.3941750400882,0.3941750400882
polar1m,2,18,H,10.47620639,12.46423249,13.38061526,1.0,0.379863,0.379863,0.022118486464,-0.357744513536,0.357744513536
polar1m,2,19,H,12.11261163,9.70102716,10.3659008,1.0,0.363575,0.363575,0.0230611525476,-0.3405138474524,0.3405138474524
polar1m,2,20,O,13.12286221,9.15313195,12.14350507,-2.0,1.233318,-0.7666820000000001,-0.0313295647502,0.7353524352498001,0.7353524352498001
polar1m,2,21,H,14.72813804,9.98057736,9.39454321,1.0,0.384074,0.384074,0.016777895391,-0.36729610460900003,0.36729610460900003
polar1m,2,22,H,15.85478777,13.07906163,12.77008554,1.0,0.42305,0.42305,0.020100992173,-0.402949007827,0.402949007827
polar1m,2,23,H,15.13320922,14.61404156,12.64754716,1.0,0.358469,0.358469,0.0153434276581,-0.3431255723419,0.3431255723419
polar1m,2,24,H,13.14598214,9.96973279,12.63119481,1.0,0.371174,0.371174,0.0152679979801,-0.3559060020199,0.3559060020199
polar1m,2,25,O,14.04102224,15.33985682,12.14504809,-2.0,1.258755,-0.7412449999999999,0.0127491801977,0.7539941801976999,0.7539941801976999
polar1m,2,26,H,13.43151805,15.98154056,12.5361567,1.0,0.43047,0.43047,0.0272347498685,-0.4032352501315,0.4032352501315
polar1m,2,27,O,14.09799325,13.75944067,10.49853811,-2.0,1.215409,-0.784591,-0.0544677786529,0.7301232213471001,0.7301232213471001
polar1m,2,28,H,12.39792862,12.8799863,10.63417058,1.0,0.404263,0.404263,0.0206402316689,-0.3836227683311,0.3836227683311
polar1m,2,29,H,13.60550219,14.96662826,11.51834302,1.0,0.42335,0.42335,0.0256536193192,-0.3976963806808,0.3976963806808
polar1m,2,30,H,10.1783339,10.87809722,11.1072205,1.0,0.37242,0.37242,0.0198403559625,-0.3525796440375,0.3525796440375
polar1m,2,31,H,11.10445322,10.9279191,13.98225949,1.0,0.427857,0.427857,0.025816835463,-0.402040164537,0.402040164537
polar1m,2,32,H,12.92503252,12.40369845,13.42823168,1.0,0.354792,0.354792,0.0195726156235,-0.3352193843765,0.3352193843765
polar1m,2,33,O,13.85293198,12.62933778,13.10596558,-2.0,1.25543,-0.74457,-0.01705429703,0.7275157029699999,0.7275157029699999
polar1m,2,34,O,12.22608749,6.95010735,14.18293729,-2.0,1.042933,-0.9570669999999999,-0.818647861481,0.1384191385189999,0.1384191385189999
polar1m,2,35,H,12.0,12.0,12.0,1.0,0.367018,0.367018,0.30784162879,-0.05917637121000002,0.05917637121000002
polar1m,2,36,H,13.55343108,9.6793057,10.26251886,1.0,0.327996,0.327996,0.0190998092294,-0.3088961907706,0.3088961907706
polar1m,2,37,H,11.68164133,8.31660084,14.33360932,1.0,0.364821,0.364821,0.0132232271135,-0.3515977728865,0.3515977728865
polar1m,2,38,H,11.79175971,9.20703195,8.92847873,1.0,0.455415,0.455415,0.0244120210409,-0.4310029789591,0.4310029789591
polar1m,2,39,H,14.32397755,14.69481816,10.46067996,1.0,0.373399,0.373399,0.0250378027558,-0.3483611972442,0.3483611972442
polar1m,2,40,H,9.80215305,13.87920245,11.9880103,1.0,0.41874,0.41874,0.0152944568545,-0.4034455431455,0.4034455431455
polar1m,2,41,H,12.76350331,8.61179006,12.87070235,1.0,0.395292,0.395292,0.026953747496,-0.368338252504,0.368338252504
polar1m,3,0,H,8.87127667,13.01879536,12.90607139,1.0,0.350291,0.350291,0.0289411097765,-0.3213498902235,0.3213498902235
polar1m,3,1,O,11.80458031,12.24340955,10.52251282,-2.0,1.376721,-0.6232789999999999,0.312212258577,0.9354912585769999,0.9354912585769999
polar1m,3,2,H,9.967947,10.89346725,9.71535008,1.0,0.42119,0.42119,0.023226827383,-0.397963172617,0.397963172617
polar1m,3,3,H,14.12985056,13.59285436,11.43969158,1.0,0.383158,0.383158,0.0261136814952,-0.3570443185048,0.3570443185048
polar1m,3,4,O,11.43376193,9.87024532,9.5352812,-2.0,1.176941,-0.823059,-0.0224302187562,0.8006287812438,0.8006287812438
polar1m,3,5,O,10.76080281,11.62987832,13.39267545,-2.0,1.300225,-0.699775,0.00179100036621,0.7015660003662101,0.7015660003662101
polar1m,3,6,H,6.8876523,14.50428252,14.49463575,1.0,0.422337,0.422337,0.0204684399068,-0.40186856009320004,0.40186856009320004
polar1m,3,7,O,9.72477455,11.44277791,10.37772071,-2.0,1.227453,-0.7725470000000001,-0.0334924161434,0.7390545838566001,0.7390545838566001
polar1m,3,8,H,11.36070013,12.34675825,9.69091574,1.0,0.468263,0.468263,0.0313315838575,-0.4369314161425,0.4369314161425
polar1m,3,9,H,11.37327658,9.62370771,13.36726361,1.0,0.375939,0.375939,0.0172264426947,-0.35871255730530005,0.35871255730530005
polar1m,3,10,O,9.29586278,13.15218392,12.02236563,-2.0,1.294039,-0.7059610000000001,-0.107841029763,0.598119970237,0.598119970237
polar1m,3,11,O,11.40831243,9.38544438,14.21209105,-2.0,1.118123,-0.881877,-0.171869531274,0.7100074687260001,0.7100074687260001
polar1m,3,12,H,8.01102367,14.12044712,13.23466235,1.0,0.318046,0.318046,0.0177186653018,-0.3003273346982,0.3003273346982
polar1m,3,13,H,16.93299654,13.38506936,9.09749796,1.0,0.422714,0.422714,0.0310199894011,-0.39169401059889997,0.39169401059889997
polar1m,3,14,H,11.43853194,6.96964711,13.50305277,1.0,0.311365,0.311365,0.0186753645539,-0.2926896354461,0.2926896354461
polar1m,3,15,O,15.95046983,14.06357636,12.90044711,-2.0,1.15,-0.8500000000000001,-0.127714544535,0.7222854554650001,0.7222854554650001
polar1m,3,16,H,14.13336173,12.90380024,14.0490535,1.0,0.444948,0.444948,0.0282420665026,-0.41670593349740004,0.41670593349740004
polar1m,3,17,H,10.3482994,12.50417358,13.47604737,1.0,0.375551,0.375551,0.0154112279415,-0.3601397720585,0.3601397720585
polar1m,3,18,H,11.99058508,9.84884242,10.28274557,1.0,0.407735,0.407735,0.0204029791057,-0.3873320208943,0.3873320208943
polar1m,3,19,O,13.0555327,9.21949519,12.15079416,-2.0,1.244862,-0.7551380000000001,-0.0487360954285,0.7064019045715001,0.7064019045715001
polar1m,3,20,H,10.74018463,15.83874917,12.58935126,1.0,0.472785,0.472785,0.0270763970912,-0.4457086029088,0.4457086029088
polar1m,3,21,H,15.71345501,13.13054843,12.7609647,1.0,0.371498,0.371498,0.0205899439752,-0.3509080560248,0.3509080560248
polar1m,3,22,H,15.07521434,14.6104422,12.41609447,1.0,0.320827,0.320827,0.0167692005634,-0.3040577994366,0.3040577994366
polar1m,3,23,H,13.0219566,10.10772182,12.65377979,1.0,0.330372,0.330372,0.0161017253995,-0.3142702746005,0.3142702746005
polar1m,3,24,O,14.0057308,15.43272171,12.16931306,-2.0,1.345223,-0.6547769999999999,0.0409171059728,0.6956941059727999,0.6956941059727999
polar1m,3,25,H,15.95429849,12.60938869,10.50215823,1.0,0.369113,0.369113,0.0120283812284,-0.3570846187716,0.3570846187716
polar1m,3,26,H,13.25243501,16.03382443,12.65234262,1.0,0.370166,0.370166,0.0276226103306,-0.3425433896694,0.3425433896694
polar1m,3,27,O,14.05867465,13.89521357,10.54905621,-2.0,1.279297,-0.7207030000000001,-0.0285739898682,0.6921290101318001,0.6921290101318001
polar1m,3,28,H,10.71602863,14.95060557,13.61015161,1.0,0.422483,0.422483,0.0338877849281,-0.3885952150719,0.3885952150719
polar1m,3,29,O,9.49294295,13.92802242,9.6635465,-2.0,1.149857,-0.8501430000000001,-0.109740160406,0.7404028395940001,0.7404028395940001
polar1m,3,30,H,12.18875513,13.15202727,10.69982806,1.0,0.376012,0.376012,0.0226969793439,-0.3533150206561,0.3533150206561
polar1m,3,31,H,9.79772433,13.17239583,10.49157384,1.0,0.343771,0.343771,0.0241212174296,-0.3196497825704,0.3196497825704
polar1m,3,32,O,16.58536979,13.54007056,10.01728348,-2.0,1.336778,-0.663222,0.107950754464,0.771172754464,0.771172754464
polar1m,3,33,O,10.87229187,14.9650445,12.59746387,-2.0,1.300708,-0.699292,0.0833645835519,0.7826565835519,0.7826565835519
polar1m,3,34,H,13.32098238,15.05296694,11.54445635,1.0,0.375488,0.375488,0.0234888866544,-0.35199911334559997,0.35199911334559997
polar1m,3,35,H,10.22860456,10.95994971,11.10663187,1.0,0.364857,0.364857,0.0234479531646,-0.34140904683539997,0.34140904683539997
polar1m,3,36,O,7.05920379,14.59434955,13.55212399,-2.0,1.222468,-0.7775319999999999,-0.0437099672854,0.7338220327145999,0.7338220327145999
polar1m,3,37,H,10.87172233,10.9921326,14.12195476,1.0,0.410945,0.410945,0.0263570807874,-0.3845879192126,0.3845879192126
polar1m,3,38,O,15.74684826,11.63341162,10.84132114,-2.0,1.096337,-0.9036630000000001,-0.188238069415,0.7154249305850001,0.7154249305850001
polar1m,3,39,H,12.90135757,12.61791199,13.33563082,1.0,0.35011,0.35011,0.0161505378783,-0.33395946212169997,0.33395946212169997
polar1m,3,40,O,13.86735394,12.67058084,13.15438175,-2.0,1.254415,-0.7455849999999999,-0.00985366106033,0.7357313389396699,0.7357313389396699
polar1m,3,41,O,12.14915509,7.0766303,14.23072943,-2.0,1.09382,-0.90618,-0.735565006733,0.17061499326700003,0.17061499326700003
polar1m,3,42,H,12.0,12.0,12.0,1.0,0.398622,0.398622,0.324718028307,-0.073903971693,0.073903971693
polar1m,3,43,H,9.43236027,14.8953067,9.75779855,1.0,0.389059,0.389059,0.0149838719517,-0.3740751280483,0.3740751280483
polar1m,3,44,H,15.85896139,14.10373554,9.80929743,1.0,0.399924,0.399924,0.0230430066586,-0.3768809933414,0.3768809933414
polar1m,3,45,H,11.60110058,8.3060142,14.42001199,1.0,0.352422,0.352422,0.0154938548803,-0.33692814511970004,0.33692814511970004
polar1m,3,46,H,11.90915585,9.32139551,8.919727,1.0,0.435677,0.435677,0.0245161317289,-0.4111608682711,0.4111608682711
polar1m,3,47,H,14.8356913,11.74056842,11.06575955,1.0,0.351784,0.351784,0.0126366689801,-0.33914733101989997,0.33914733101989997
polar1m,3,48,H,14.28886614,14.85526954,10.43191809,1.0,0.402831,0.402831,0.0313489511609,-0.37148204883909997,0.37148204883909997
polar1m,3,49,H,9.88503292,14.17363269,12.06111652,1.0,0.335977,0.335977,0.0402691811323,-0.29570781886770003,0.29570781886770003
polar1m,3,50,H,12.68409779,8.70181726,12.92729161,1.0,0.386473,0.386473,0.0254022274166,-0.36107077258340003,0.36107077258340003
polar1m,4,0,H,8.80100547,13.06351072,13.0474962,1.0,0.307418,0.307418,0.0357580184937,-0.2716599815063,0.2716599815063
polar1m,4,1,O,11.79362275,12.34858769,10.54371461,-2.0,1.387984,-0.6120159999999999,0.317018210888,0.9290342108879999,0.9290342108879999
polar1m,4,2,H,9.9317391,10.84567298,9.6932724,1.0,0.367629,0.367629,0.0229188166559,-0.3447101833441,0.3447101833441
polar1m,4,3,H,14.26805032,13.6789104,11.47970674,1.0,0.376575,0.376575,0.0186129286885,-0.3579620713115,0.3579620713115
polar1m,4,4,O,11.3483438,9.97789625,9.51861183,-2.0,1.188957,-0.811043,-0.0683783516288,0.7426646483711999,0.7426646483711999
polar1m,4,5,O,10.72989484,11.7689983,13.46934053,-2.0,1.285262,-0.7147380000000001,-0.0125731602311,0.7021648397689001,0.7021648397689001
polar1m,4,6,H,6.83493538,14.55599033,14.53083693,1.0,0.414836,0.414836,0.0201803147793,-0.3946556852207,0.3946556852207
polar1m,4,7,H,15.65910398,16.72966777,10.27634452,1.0,0.412978,0.412978,0.0275831595063,-0.3853948404937,0.3853948404937
polar1m,4,8,O,9.67191749,11.51506538,10.42908314,-2.0,1.246864,-0.753136,-0.0506591275334,0.7024768724666001,0.7024768724666001
polar1m,4,9,H,11.42269176,12.60458367,9.6585892,1.0,0.465624,0.465624,0.0303338877857,-0.4352901122143,0.4352901122143
polar1m,4,10,H,11.25903085,9.70639755,13.29562957,1.0,0.298315,0.298315,0.0194105841219,-0.2789044158781,0.2789044158781
polar1m,4,11,O,9.30607628,13.22109553,12.08095759,-2.0,1.340586,-0.659414,-0.147890537977,0.5115234620229999,0.5115234620229999
polar1m,4,12,O,14.68643736,16.39734939,10.09752912,-2.0,1.326536,-0.6734640000000001,0.00237437337637,0.6758383733763701,0.6758383733763701
polar1m,4,13,O,11.40418925,9.48298464,14.26884508,-2.0,1.166125,-0.8338749999999999,-0.476986765862,0.3568882341379999,0.3568882341379999
polar1m,4,14,H,8.0096645,14.1879594,13.18239253,1.0,0.328632,0.328632,0.0203844159842,-0.3082475840158,0.3082475840158
polar1m,4,15,O,8.70862985,10.61675447,12.42240552,-2.0,1.210252,-0.7897479999999999,-0.0428938008845,0.7468541991154999,0.7468541991154999
polar1m,4,16,H,14.7088626,16.08285257,9.1298046,1.0,0.406014,0.406014,0.0269669182599,-0.3790470817401,0.3790470817401
polar1m,4,17,H,16.84833018,13.58552558,9.10335277,1.0,0.41117,0.41117,0.0272537171841,-0.38391628281589996,0.38391628281589996
polar1m,4,18,H,11.49238913,6.92790589,13.59008108,1.0,0.368422,0.368422,0.0204865224659,-0.34793547753410003,0.34793547753410003
polar1m,4,19,H,13.89463467,12.96909628,14.1787055,1.0,0.426562,0.426562,0.0236879140139,-0.4028740859861,0.4028740859861
polar1m,4,20,H,10.244132,12.51251184,13.59283417,1.0,0.397116,0.397116,0.016792409122,-0.38032359087800005,0.38032359087800005
polar1m,4,21,H,11.90210506,10.00885142,10.28376771,1.0,0.3876,0.3876,0.0193748325109,-0.3682251674891,0.3682251674891
polar1m,4,22,O,12.99503514,9.29799039,12.17130268,-2.0,1.220841,-0.7791589999999999,-0.0516568049788,0.7275021950212,0.7275021950212
polar1m,4,23,H,10.68953666,16.04149317,12.48980739,1.0,0.433133,0.433133,0.0304939486086,-0.4026390513914,0.4026390513914
polar1m,4,24,O,12.84587636,8.33830632,8.15220609,-2.0,1.265733,-0.734267,0.0171989873052,0.7514659873052,0.7514659873052
polar1m,4,25,H,12.94429712,10.17513867,12.61630912,1.0,0.348528,0.348528,0.0165173634887,-0.33201063651130003,0.33201063651130003
polar1m,4,26,H,15.89070227,12.65759286,10.56747578,1.0,0.370207,0.370207,0.0115245133638,-0.3586824866362,0.3586824866362
polar1m,4,27,H,9.53666832,10.52208227,12.78458394,1.0,0.380419,0.380419,0.0184286236763,-0.3619903763237,0.3619903763237
polar1m,4,28,O,14.02898964,14.03027215,10.60101107,-2.0,1.178166,-0.821834,-0.0536543391645,0.7681796608354999,0.7681796608354999
polar1m,4,29,H,10.73152804,14.98029955,13.60881221,1.0,0.436767,0.436767,0.0298134088516,-0.4069535911484,0.4069535911484
polar1m,4,30,O,9.45555444,13.9957144,9.73970491,-2.0,1.0876,-0.9124000000000001,-0.12528449297,0.7871155070300001,0.7871155070300001
polar1m,4,31,H,11.99248419,13.36947035,10.72774069,1.0,0.3746,0.3746,0.0256781429052,-0.3489218570948,0.3489218570948
polar1m,4,32,H,9.8094767,13.22310933,10.55989026,1.0,0.34729,0.34729,0.0337860435247,-0.3135039564753,0.3135039564753
polar1m,4,33,O,16.57046953,13.62268444,10.06356973,-2.0,1.351237,-0.648763,0.0623387619853,0.7111017619853,0.7111017619853
polar1m,4,34,O,10.87081182,15.0480172,12.66402627,-2.0,1.332337,-0.6676629999999999,0.126303061843,0.7939660618429999,0.7939660618429999
polar1m,4,35,H,8.68422265,9.86814237,11.68740498,1.0,0.370917,0.370917,0.0269759446383,-0.3439410553617,0.3439410553617
polar1m,4,36,H,10.19339603,11.13409808,11.06576072,1.0,0.369627,0.369627,0.0211191661656,-0.3485078338344,0.3485078338344
polar1m,4,37,O,7.08189501,14.67502775,13.59251818,-2.0,1.202476,-0.7975239999999999,-0.049389578402,0.7481344215979999,0.7481344215979999
polar1m,4,38,H,13.60265963,7.99230631,7.68347489,1.0,0.446144,0.446144,0.0247909873724,-0.4213530126276,0.4213530126276
polar1m,4,39,H,10.64753179,11.12626587,14.30901659,1.0,0.383016,0.383016,0.0314961262047,-0.35151987379530003,0.35151987379530003
polar1m,4,40,O,15.75325066,11.67495773,10.88594098,-2.0,1.105509,-0.8944909999999999,-0.146988987923,0.747502012077,0.747502012077
polar1m,4,41,H,12.91190219,12.84277987,13.23817953,1.0,0.356454,0.356454,0.0133348181844,-0.34311918181559997,0.34311918181559997
polar1m,4,42,O,13.88566063,12.71473806,13.21276609,-2.0,1.268481,-0.731519,-0.020014770329,0.711504229671,0.711504229671
polar1m,4,43,O,12.07626382,7.21103819,14.27957167,-2.0,1.084886,-0.915114,-0.422201961279,0.492912038721,0.492912038721
polar1m,4,44,H,12.0,12.0,12.0,1.0,0.428701,0.428701,0.330051273108,-0.09864972689200002,0.09864972689200002
polar1m,4,45,H,9.47330569,14.85308523,9.70018598,1.0,0.442292,0.442292,0.0130606852472,-0.4292313147528,0.4292313147528
polar1m,4,46,H,15.89304588,14.3606515,9.84600459,1.0,0.352543,0.352543,0.0229870602489,-0.3295559397511,0.3295559397511
polar1m,4,47,H,11.56865793,8.28651771,14.49756396,1.0,0.348857,0.348857,0.0100647956133,-0.3387922043867,0.3387922043867
polar1m,4,48,H,12.08449725,9.3937028,8.84848765,1.0,0.349633,0.349633,0.0302911922336,-0.31934180776640003,0.31934180776640003
polar1m,4,49,H,14.77643445,11.79820364,11.05142412,1.0,0.341416,0.341416,0.0146589875221,-0.3267570124779,0.3267570124779
polar1m,4,50,H,14.26621158,15.00215619,10.44646958,1.0,0.362497,0.362497,0.0134285762906,-0.3490684237094,0.3490684237094
polar1m,4,51,H,9.88465447,14.2797428,12.18066379,1.0,0.324482,0.324482,0.0459005087614,-0.2785814912386,0.2785814912386
polar1m,4,52,H,12.67129768,8.77095482,12.93970677,1.0,0.394938,0.394938,0.024233225733,-0.370704774267,0.370704774267
polar1m,4,53,H,12.26594054,8.57557325,7.38832966,1.0,0.418811,0.418811,0.0249594375491,-0.3938515624509,0.3938515624509
polar1m,5,0,H,8.84260575,13.11148362,12.99803879,1.0,0.367152,0.367152,0.0199191719294,-0.34723282807059996,0.34723282807059996
polar1m,5,1,O,11.79607927,12.47244861,10.56653557,-2.0,1.355798,-0.6442019999999999,0.277978807688,0.9221808076879999,0.9221808076879999
polar1m,5,2,H,9.87481573,10.89974902,9.7520009,1.0,0.361737,0.361737,0.0224377401173,-0.3392992598827,0.3392992598827
polar1m,5,3,O,11.27666897,10.07687851,9.48798926,-2.0,1.294127,-0.705873,-0.0212347880006,0.6846382119994,0.6846382119994
polar1m,5,4,O,10.71281466,11.89092128,13.54967067,-2.0,1.300876,-0.6991240000000001,-0.0232403501868,0.6758836498132,0.6758836498132
polar1m,5,5,O,9.61797406,11.58290514,10.46485612,-2.0,1.246717,-0.7532829999999999,-0.0655744969845,0.6877085030154999,0.6877085030154999
polar1m,5,6,H,9.20694772,12.72014814,14.81023816,1.0,0.434242,0.434242,0.0295477248728,-0.4046942751272,0.4046942751272
polar1m,5,7,O,17.2158008,16.0508487,10.93568004,-2.0,1.233002,-0.7669980000000001,-0.0539010763168,0.7130969236832001,0.7130969236832001
polar1m,5,8,H,11.49219922,12.76674785,9.64474289,1.0,0.471153,0.471153,0.0339740179479,-0.4371789820521,0.4371789820521
polar1m,5,9,H,11.16970082,9.75168719,13.32972174,1.0,0.274483,0.274483,0.0168912783265,-0.2575917216735,0.2575917216735
polar1m,5,10,O,9.32015587,13.30631493,12.14875516,-2.0,1.227623,-0.7723770000000001,-0.0534798726439,0.7188971273561001,0.7188971273561001
polar1m,5,11,O,11.40512812,9.58525691,14.32036568,-2.0,1.175508,-0.824492,-0.718864202499,0.10562779750100004,0.10562779750100004
polar1m,5,12,O,8.6620059,10.71041747,12.45524648,-2.0,1.195396,-0.8046040000000001,-0.0466191098094,0.7579848901906001,0.7579848901906001
polar1m,5,13,H,16.78542603,13.75897333,9.14798176,1.0,0.434241,0.434241,0.0314716771245,-0.4027693228755,0.4027693228755
polar1m,5,14,H,11.50077209,6.90381573,13.65508926,1.0,0.38597,0.38597,0.023774728179,-0.362195271821,0.362195271821
polar1m,5,15,H,13.74011768,13.03895821,14.24289997,1.0,0.418418,0.418418,0.0268293209374,-0.39158867906260003,0.39158867906260003
polar1m,5,16,H,10.09658771,12.64725332,13.69454413,1.0,0.361223,0.361223,0.0268088914454,-0.3344141085546,0.3344141085546
polar1m,5,17,H,11.822464,10.18260576,10.33585616,1.0,0.368852,0.368852,0.0209708958864,-0.3478811041136,0.3478811041136
polar1m,5,18,H,7.94920626,12.30793067,14.53682024,1.0,0.403114,0.403114,0.0380217246711,-0.3650922753289,0.3650922753289
polar1m,5,19,O,12.93863367,9.38037896,12.19172691,-2.0,1.184136,-0.8158639999999999,-0.0507591888309,0.7651048111690999,0.7651048111690999
polar1m,5,20,H,16.67134812,15.18037455,10.91495657,1.0,0.358651,0.358651,0.0185102671385,-0.3401407328615,0.3401407328615
polar1m,5,21,H,12.90048413,10.22687807,12.55727181,1.0,0.382681,0.382681,0.0167733728886,-0.3659076271114,0.3659076271114
polar1m,5,22,H,15.87825158,12.61208236,10.63042712,1.0,0.391317,0.391317,0.0102250017226,-0.38109199827740003,0.38109199827740003
polar1m,5,23,H,9.59070079,10.66981401,12.67599815,1.0,0.357173,0.357173,0.0198550857604,-0.3373179142396,0.3373179142396
polar1m,5,24,H,18.08547203,15.36902282,11.03501419,1.0,0.356225,0.356225,0.0279292240739,-0.32829577592610004,0.32829577592610004
polar1m,5,25,H,11.81510865,13.43868276,10.76939697,1.0,0.421315,0.421315,0.0287856329232,-0.3925293670768,0.3925293670768
polar1m,5,26,O,16.56220653,13.71797808,10.09653673,-2.0,1.361033,-0.6389670000000001,0.0198397189379,0.6588067189379001,0.6588067189379001
polar1m,5,27,H,8.88050848,10.15664349,11.66143774,1.0,0.386962,0.386962,0.0262442342937,-0.3607177657063,0.3607177657063
polar1m,5,28,H,10.21748289,11.29546907,11.14789392,1.0,0.338273,0.338273,0.0186402387917,-0.3196327612083,0.3196327612083
polar1m,5,29,H,10.4635247,11.37169351,14.35922169,1.0,0.378917,0.378917,0.033611971885,-0.345305028115,0.345305028115
polar1m,5,30,O,15.75391535,11.72042958,10.93638415,-2.0,1.109882,-0.890118,-0.0782169699669,0.8119010300331,0.8119010300331
polar1m,5,31,H,12.93644788,13.057244,13.08556688,1.0,0.334056,0.334056,0.0134219639003,-0.32063403609970004,0.32063403609970004
polar1m,5,32,O,13.90114612,12.75999345,13.27798342,-2.0,1.278995,-0.7210049999999999,-0.0280964374542,0.6929085625457999,0.6929085625457999
polar1m,5,33,O,12.01013978,7.34806166,14.32972554,-2.0,1.128689,-0.871311,-0.1383228302,0.7329881697999999,0.7329881697999999
polar1m,5,34,H,12.0,12.0,12.0,1.0,0.398652,0.398652,0.352374434471,-0.04627756552900003,0.04627756552900003
polar1m,5,35,H,15.96847913,14.55896866,9.91833163,1.0,0.386587,0.386587,0.033954359591,-0.352632640409,0.352632640409
polar1m,5,36,H,11.58799093,8.25599358,14.53021844,1.0,0.375641,0.375641,0.00683500245214,-0.36880599754786,0.36880599754786
polar1m,5,37,H,12.13255409,9.60843868,8.91746796,1.0,0.366824,0.366824,0.0307728331536,-0.33605116684639996,0.33605116684639996
polar1m,5,38,H,14.77465266,11.80508931,11.04082863,1.0,0.356578,0.356578,0.0144113600254,-0.3421666399746,0.3421666399746
polar1m,5,39,H,9.80267937,14.17100733,12.31533251,1.0,0.347269,0.347269,0.017409645021,-0.329859354979,0.329859354979
polar1m,5,40,O,8.55381219,13.22022338,14.55900577,-2.0,1.279118,-0.720882,-0.00532908737659,0.71555291262341,0.71555291262341
polar1m,5,41,H,12.69795818,8.81814581,12.92958839,1.0,0.411392,0.411392,0.0254180841148,-0.38597391588519997,0.38597391588519997
polar1m,6,0,H,8.87799779,13.14824299,12.91037084,1.0,0.403376,0.403376,0.0216091610491,-0.3817668389509,0.3817668389509
polar1m,6,1,O,11.80599248,12.60569502,10.57941336,-2.0,1.318192,-0.681808,0.239766344428,0.921574344428,0.921574344428
polar1m,6,2,H,9.8094702,11.04120432,9.87146867,1.0,0.412619,0.412619,0.0237939096987,-0.3888250903013,0.3888250903013
polar1m,6,3,O,11.22457451,10.16807748,9.44682905,-2.0,1.204365,-0.7956350000000001,-0.0243935137987,0.7712414862013001,0.7712414862013001
polar1m,6,4,O,10.69856787,12.00897671,13.62397583,-2.0,1.25917,-0.7408300000000001,-0.0293774157763,0.7114525842237001,0.7114525842237001
polar1m,6,5,O,9.56633754,11.64244884,10.48483938,-2.0,1.251747,-0.7482530000000001,-0.0571168139577,0.6911361860423001,0.6911361860423001
polar1m,6,6,H,9.28807677,12.67047065,14.88924504,1.0,0.319007,0.319007,0.0341608226299,-0.2848461773701,0.2848461773701
polar1m,6,7,O,17.20480794,16.13278128,11.01176715,-2.0,1.211236,-0.788764,-0.0405337661505,0.7482302338495,0.7482302338495
polar1m,6,8,H,11.59212337,12.79845955,9.66401508,1.0,0.47017,0.47017,0.0314825326204,-0.43868746737959996,0.43868746737959996
polar1m,6,9,H,11.11861654,9.76949087,13.51987683,1.0,0.35226,0.35226,0.0142987817526,-0.3379612182474,0.3379612182474
polar1m,6,10,O,9.33375914,13.39279182,12.20657995,-2.0,1.118949,-0.881051,-0.0538498163223,0.8272011836777,0.8272011836777
polar1m,6,11,O,11.40800265,9.69193643,14.35570187,-2.0,1.129114,-0.870886,-0.736588299274,0.134297700726,0.134297700726
polar1m,6,12,O,8.62051706,10.79329547,12.47882744,-2.0,1.217469,-0.7825310000000001,-0.0565478205681,0.7259831794319,0.7259831794319
polar1m,6,13,H,16.75825246,13.88683011,9.16880447,1.0,0.430767,0.430767,0.028701916337,-0.40206508366300003,0.40206508366300003
polar1m,6,14,H,11.44861013,6.92936028,13.70267605,1.0,0.376523,0.376523,0.0243871342391,-0.3521358657609,0.3521358657609
polar1m,6,15,O,7.5764002,10.97577292,14.90851678,-2.0,1.337361,-0.662639,0.10404676944,0.76668576944,0.76668576944
polar1m,6,16,H,13.67849785,13.10314575,14.21104861,1.0,0.442108,0.442108,0.025686968118,-0.416421031882,0.416421031882
polar1m,6,17,H,10.05670683,12.76206197,13.71620332,1.0,0.362742,0.362742,0.0289934203029,-0.33374857969710003,0.33374857969710003
polar1m,6,18,H,11.66344187,10.35589061,10.30159264,1.0,0.379456,0.379456,0.0206760317087,-0.3587799682913,0.3587799682913
polar1m,6,19,H,8.02134192,12.16801287,14.35572409,1.0,0.338609,0.338609,0.0532756820321,-0.2853333179679,0.2853333179679
polar1m,6,20,O,12.88756863,9.45785223,12.19689328,-2.0,1.21061,-0.78939,-0.0523396022618,0.7370503977382,0.7370503977382
polar1m,6,21,H,6.59627961,10.88328591,15.3104796,1.0,0.405563,0.405563,0.0320895835757,-0.3734734164243,0.3734734164243
polar1m,6,22,H,16.39206644,15.61292289,10.94704424,1.0,0.385657,0.385657,0.0219355672598,-0.3637214327402,0.3637214327402
polar1m,6,23,H,12.87585895,10.37273284,12.54984988,1.0,0.360412,0.360412,0.0174665190279,-0.3429454809721,0.3429454809721
polar1m,6,24,H,15.93306038,12.61758108,10.63969659,1.0,0.391895,0.391895,0.0113368071616,-0.3805581928384,0.3805581928384
polar1m,6,25,H,9.68299416,10.87202275,12.67324916,1.0,0.316957,0.316957,0.0247956328094,-0.2921613671906,0.2921613671906
polar1m,6,26,H,17.96718297,15.44158493,11.12759937,1.0,0.398272,0.398272,0.0274231247604,-0.37084887523960003,0.37084887523960003
polar1m,6,27,H,11.68537636,13.486982,10.8790335,1.0,0.442568,0.442568,0.0286988485605,-0.41386915143950004,0.41386915143950004
polar1m,6,28,O,16.55753796,13.82439729,10.11227802,-2.0,1.306594,-0.693406,0.00330463051796,0.69671063051796,0.69671063051796
polar1m,6,29,H,7.55903097,10.33674351,14.1453147,1.0,0.41865,0.41865,0.0317019596696,-0.38694804033040003,0.38694804033040003
polar1m,6,30,H,8.96064168,10.49221368,11.63992117,1.0,0.39673,0.39673,0.0239507891238,-0.37277921087620003,0.37277921087620003
polar1m,6,31,H,10.2445728,11.48548693,11.23671319,1.0,0.316532,0.316532,0.0221832543612,-0.2943487456388,0.2943487456388
polar1m,6,32,H,10.3539198,11.60280472,14.34063549,1.0,0.412123,0.412123,0.035714622587,-0.37640837741300004,0.37640837741300004
polar1m,6,33,O,15.74802419,11.76145364,10.98723701,-2.0,1.090314,-0.909686,-0.0671255737543,0.8425604262457,0.8425604262457
polar1m,6,34,H,13.05771487,13.23595378,12.89970033,1.0,0.326956,0.326956,0.0135936066508,-0.3133623933492,0.3133623933492
polar1m,6,35,O,13.90788471,12.80777284,13.34228091,-2.0,1.272725,-0.7272749999999999,-0.0271015763283,0.7001734236716999,0.7001734236716999
polar1m,6,36,O,11.95412923,7.47504249,14.37372015,-2.0,1.150464,-0.8495360000000001,-0.101122692227,0.7484133077730001,0.7484133077730001
polar1m,6,37,H,12.0,12.0,12.0,1.0,0.340334,0.340334,0.358970671892,0.018636671891999967,0.018636671891999967
polar1m,6,38,H,16.06898687,14.64704775,10.00832024,1.0,0.390968,0.390968,0.0277184806764,-0.3632495193236,0.3632495193236
polar1m,6,39,H,11.60034343,8.29665601,14.5229024,1.0,0.403219,0.403219,0.0101496949792,-0.3930693050208,0.3930693050208
polar1m,6,40,H,12.04444988,9.92517744,9.08284716,1.0,0.441435,0.441435,0.0251514036208,-0.41628359637920004,0.41628359637920004
polar1m,6,41,H,14.80931723,11.76111949,11.03576868,1.0,0.38469,0.38469,0.015099324286,-0.36959067571399995,0.36959067571399995
polar1m,6,42,H,9.76123954,14.07946291,12.46836952,1.0,0.430317,0.430317,0.0190889425576,-0.4112280574424,0.4112280574424
polar1m,6,43,O,8.47543025,13.2852003,14.56597864,-2.0,1.26175,-0.7382500000000001,-0.181019797921,0.5572302020790001,0.5572302020790001
polar1m,6,44,H,12.73326648,8.83586373,12.94164907,1.0,0.409026,0.409026,0.0258637517691,-0.3831622482309,0.3831622482309
polar1m,7,0,O,11.81831918,12.74405495,10.57256721,-2.0,1.365415,-0.634585,0.215085417032,0.849670417032,0.849670417032
polar1m,7,1,H,9.81194021,11.07674442,9.8230769,1.0,0.406627,0.406627,0.0302848778665,-0.37634212213350005,0.37634212213350005
polar1m,7,2,O,11.17069222,10.26457428,9.38727294,-2.0,1.218539,-0.781461,-0.0178169906139,0.7636440093861,0.7636440093861
polar1m,7,3,H,11.05926514,13.30640908,8.39870124,1.0,0.313203,0.313203,0.0192429721355,-0.2939600278645,0.2939600278645
polar1m,7,4,O,10.68456783,12.13677693,13.66459657,-2.0,1.280226,-0.7197739999999999,-0.0166929215193,0.7030810784806999,0.7030810784806999
polar1m,7,5,O,9.51466249,11.70962184,10.49446969,-2.0,1.254174,-0.7458260000000001,-0.0407698005438,0.7050561994562001,0.7050561994562001
polar1m,7,6,H,11.71027951,12.76183041,9.62836139,1.0,0.43203,0.43203,0.0347761213779,-0.39725387862210004,0.39725387862210004
polar1m,7,7,H,11.00474685,9.81788051,13.51413363,1.0,0.339639,0.339639,0.0235526785254,-0.31608632147460003,0.31608632147460003
polar1m,7,8,O,11.41321905,9.80866005,14.3795022,-2.0,1.223889,-0.776111,-0.591081023216,0.18502997678400002,0.18502997678400002
polar1m,7,9,H,10.49823815,14.21614346,7.2173414,1.0,0.403078,0.403078,0.0236419923604,-0.3794360076396,0.3794360076396
polar1m,7,10,O,8.59430311,10.87662394,12.48660632,-2.0,1.152366,-0.847634,-0.0791945457458,0.7684394542542,0.7684394542542
polar1m,7,11,H,16.75099385,13.97239439,9.12606984,1.0,0.421241,0.421241,0.0303097832948,-0.3909312167052,0.3909312167052
polar1m,7,12,H,11.38759974,7.0531049,13.78792397,1.0,0.389515,0.389515,0.0280054174364,-0.3615095825636,0.3615095825636
polar1m,7,13,O,10.23954406,13.37530814,7.74197955,-2.0,1.292542,-0.7074579999999999,-0.0310549587011,0.6764030412988999,0.6764030412988999
polar1m,7,14,H,13.64070222,13.21864339,14.21017144,1.0,0.447126,0.447126,0.0282187350094,-0.41890726499060005,0.41890726499060005
polar1m,7,15,H,10.13844263,12.87569656,13.63586852,1.0,0.428916,0.428916,0.025605853647,-0.403310146353,0.403310146353
polar1m,7,16,H,11.44323664,10.53903854,10.2474232,1.0,0.391379,0.391379,0.0207278877497,-0.37065111225029995,0.37065111225029995
polar1m,7,17,H,9.48697569,11.30153044,15.75692514,1.0,0.343454,0.343454,0.0320643596351,-0.31138964036489997,0.31138964036489997
polar1m,7,18,O,12.83731083,9.54043207,12.17493788,-2.0,1.247358,-0.752642,-0.0501093193889,0.7025326806111001,0.7025326806111001
polar1m,7,19,O,10.34702821,11.17891165,16.30099635,-2.0,1.229356,-0.7706440000000001,-0.106447115541,0.664196884459,0.664196884459
polar1m,7,20,H,12.86050559,10.47774295,12.5458827,1.0,0.349748,0.349748,0.0202779844403,-0.3294700155597,0.3294700155597
polar1m,7,21,H,10.95816968,10.941936,15.32692406,1.0,0.328545,0.328545,0.0272723026574,-0.3012726973426,0.3012726973426
polar1m,7,22,H,16.01937404,12.69987376,10.58690206,1.0,0.367882,0.367882,0.0121428705752,-0.35573912942479996,0.35573912942479996
polar1m,7,23,H,9.57972079,11.1073522,12.7370537,1.0,0.303167,0.303167,0.0171662680805,-0.28600073191950004,0.28600073191950004
polar1m,7,24,H,11.58308824,13.61804728,11.0243699,1.0,0.434168,0.434168,0.0344343036413,-0.3997336963587,0.3997336963587
polar1m,7,25,O,16.55739129,13.93802701,10.09864101,-2.0,1.278139,-0.7218610000000001,0.0115884914994,0.7334494914994001,0.7334494914994001
polar1m,7,26,H,8.9061373,10.81659337,11.52914542,1.0,0.375246,0.375246,0.0184862092137,-0.35675979078630005,0.35675979078630005
polar1m,7,27,H,10.1764572,11.74585111,11.17709425,1.0,0.35294,0.35294,0.0201888456941,-0.33275115430589997,0.33275115430589997
polar1m,7,28,H,10.26508578,11.67136962,14.4267225,1.0,0.386465,0.386465,0.0352791063488,-0.3511858936512,0.3511858936512
polar1m,7,29,O,15.73908251,11.80266051,11.02213488,-2.0,1.117327,-0.882673,-0.0739479660988,0.8087250339012,0.8087250339012
polar1m,7,30,H,13.30727966,13.36068342,12.73306612,1.0,0.350879,0.350879,0.0139156617224,-0.3369633382776,0.3369633382776
polar1m,7,31,O,13.90293467,12.86262021,13.37756334,-2.0,1.266713,-0.733287,-0.0234180092812,0.7098689907188,0.7098689907188
polar1m,7,32,O,11.90580079,7.58337446,14.39040159,-2.0,1.136794,-0.8632059999999999,-0.189735472202,0.673470527798,0.673470527798
polar1m,7,33,H,12.0,12.0,12.0,1.0,0.33639,0.33639,0.396949052811,0.06055905281099999,0.06055905281099999
polar1m,7,34,H,16.11243839,14.74659222,10.08698066,1.0,0.441392,0.441392,0.0243529416621,-0.4170390583379,0.4170390583379
polar1m,7,35,H,11.52354415,8.55141457,14.49670236,1.0,0.376311,0.376311,0.00533866882324,-0.37097233117676,0.37097233117676
polar1m,7,36,H,12.07165174,10.21855058,9.12674698,1.0,0.439523,0.439523,0.0277577247471,-0.4117652752529,0.4117652752529
polar1m,7,37,H,14.78160098,11.70371163,11.02447312,1.0,0.368686,0.368686,0.0145599581301,-0.3541260418699,0.3541260418699
polar1m,7,38,H,12.77224186,8.89221014,12.93406613,1.0,0.409614,0.409614,0.0290417037904,-0.3805722962096,0.3805722962096
polar1m,8,0,O,11.83158041,12.89026154,10.54586918,-2.0,1.351565,-0.6484350000000001,0.188683018088,0.8371180180880001,0.8371180180880001
polar1m,8,1,H,9.84103002,11.11952909,9.71182739,1.0,0.389455,0.389455,0.0386192239821,-0.3508357760179,0.3508357760179
polar1m,8,2,O,11.11595021,10.36783076,9.2974136,-2.0,1.32945,-0.67055,-0.0114785134792,0.6590714865207999,0.6590714865207999
polar1m,8,3,O,10.67428014,12.26021819,13.67188895,-2.0,1.316499,-0.6835009999999999,-0.0134841501713,0.6700168498286999,0.6700168498286999
polar1m,8,4,O,9.45985438,11.78041594,10.47121996,-2.0,1.277222,-0.7227779999999999,-0.0181382074952,0.7046397925047999,0.7046397925047999
polar1m,8,5,H,11.84389385,12.74434262,9.54914653,1.0,0.460201,0.460201,0.0361430607736,-0.4240579392264,0.4240579392264
polar1m,8,6,H,10.88386517,9.89546637,13.44838659,1.0,0.318738,0.318738,0.0324831269681,-0.2862548730319,0.2862548730319
polar1m,8,7,O,11.41756461,9.9394001,14.37391334,-2.0,1.284022,-0.715978,-0.0970141142607,0.6189638857393001,0.6189638857393001
polar1m,8,8,O,8.58107999,10.96449859,12.46595396,-2.0,1.076892,-0.923108,-0.112082019448,0.811025980552,0.811025980552
polar1m,8,9,H,11.29610482,7.19070516,13.8422095,1.0,0.391024,0.391024,0.0332447960973,-0.35777920390269996,0.35777920390269996
polar1m,8,10,H,13.58458407,13.39062935,14.2254292,1.0,0.42659,0.42659,0.0313317514956,-0.3952582485044,0.3952582485044
polar1m,8,11,H,10.22829258,13.09411313,13.48812409,1.0,0.409661,0.409661,0.0295713879168,-0.3800896120832,0.3800896120832
polar1m,8,12,H,11.20202066,10.72820855,10.23775384,1.0,0.371652,0.371652,0.0223156400025,-0.34933635999749996,0.34933635999749996
polar1m,8,13,H,9.45137168,11.47329558,15.87678572,1.0,0.356435,0.356435,0.0372505411506,-0.3191844588494,0.3191844588494
polar1m,8,14,O,12.78932342,9.63039197,12.12121632,-2.0,1.195858,-0.8041419999999999,-0.0444901287556,0.7596518712443999,0.7596518712443999
polar1m,8,15,O,10.34228336,11.2859415,16.26170105,-2.0,1.173071,-0.826929,-0.307566553354,0.5193624466460001,0.5193624466460001
polar1m,8,16,H,12.85036371,10.48677786,12.51336754,1.0,0.371123,0.371123,0.0227054804564,-0.3484175195436,0.3484175195436
polar1m,8,17,H,10.92791311,10.84150801,15.22719172,1.0,0.326248,0.326248,0.0471191629767,-0.2791288370233,0.2791288370233
polar1m,8,18,H,16.05662241,12.72731565,10.53558287,1.0,0.3844,0.3844,0.0256671477109,-0.3587328522891,0.3587328522891
polar1m,8,19,H,9.34181492,11.3310003,12.82757841,1.0,0.352321,0.352321,0.0173237621784,-0.3349972378216,0.3349972378216
polar1m,8,20,H,11.52960486,13.71495045,11.05400466,1.0,0.446707,0.446707,0.0380065366626,-0.4087004633374,0.4087004633374
polar1m,8,21,H,8.7329054,11.14346951,11.43395995,1.0,0.372283,0.372283,0.0158296786249,-0.3564533213751,0.3564533213751
polar1m,8,22,H,10.13487588,12.04725643,11.06825741,1.0,0.364731,0.364731,0.0190124846995,-0.3457185153005,0.3457185153005
polar1m,8,23,H,10.24341243,11.72660412,14.4330733,1.0,0.384838,0.384838,0.0352515876293,-0.3495864123707,0.3495864123707
polar1m,8,24,O,15.72953515,11.85456468,11.02925067,-2.0,1.224841,-0.7751589999999999,-0.0333968549967,0.7417621450033,0.7417621450033
polar1m,8,25,H,13.62469057,13.45680438,12.5990231,1.0,0.382054,0.382054,0.0181536823511,-0.3639003176489,0.3639003176489
polar1m,8,26,O,13.89306932,12.92365303,13.37492898,-2.0,1.27031,-0.72969,-0.0209206417203,0.7087693582797,0.7087693582797
polar1m,8,27,O,11.86328941,7.69169993,14.37652753,-2.0,1.091144,-0.9088560000000001,-0.5452657938,0.36359020620000015,0.36359020620000015
polar1m,8,28,H,12.0,12.0,12.0,1.0,0.354608,0.354608,0.417527794838,0.06291979483800003,0.06291979483800003
polar1m,8,29,H,11.45393126,8.83525689,14.43603677,1.0,0.368645,0.368645,0.0164344757795,-0.3522105242205,0.3522105242205
polar1m,8,30,H,12.1984709,10.47127209,9.03265798,1.0,0.376529,0.376529,0.0339447781444,-0.3425842218556,0.3425842218556
polar1m,8,31,H,14.75747537,11.67453149,10.98380411,1.0,0.385832,0.385832,0.0164267010987,-0.3694052989013,0.3694052989013
polar1m,8,32,H,12.81117349,9.02267043,12.87720681,1.0,0.41505,0.41505,0.0307911671698,-0.38425883283019996,0.38425883283019996
polar1m,9,0,H,8.74997455,13.17411827,12.69360411,1.0,0.418705,0.418705,0.0399948321283,-0.3787101678717,0.3787101678717
polar1m,9,1,O,11.86101153,13.02222293,10.50205584,-2.0,1.326128,-0.673872,0.126715317369,0.800587317369,0.800587317369
polar1m,9,2,H,9.83458401,11.27457135,9.67095667,1.0,0.393275,0.393275,0.0315923467278,-0.3616826532722,0.3616826532722
polar1m,9,3,O,11.09390635,10.4658485,9.18539792,-2.0,1.307085,-0.692915,-0.0237765833735,0.6691384166265,0.6691384166265
polar1m,9,4,O,10.68251663,12.36470086,13.65373638,-2.0,1.301209,-0.6987909999999999,-0.0280263125896,0.6707646874104,0.6707646874104
polar1m,9,5,O,9.42027602,11.83348835,10.4121453,-2.0,1.316147,-0.683853,-0.0342648103833,0.6495881896167001,0.6495881896167001
polar1m,9,6,H,11.99847586,12.79875759,9.54097688,1.0,0.457351,0.457351,0.0316606685519,-0.4256903314481,0.4256903314481
polar1m,9,7,H,10.86951864,10.00889995,13.52824031,1.0,0.378147,0.378147,0.0314194336534,-0.3467275663466,0.3467275663466
polar1m,9,8,O,9.36974213,13.66080522,12.1916867,-2.0,1.268014,-0.731986,-0.0991722419858,0.6328137580142,0.6328137580142
polar1m,9,9,O,11.4298003,10.06927332,14.33132423,-2.0,1.274923,-0.725077,0.2498562783,0.9749332783,0.9749332783
polar1m,9,10,O,8.5807492,11.04037952,12.41654807,-2.0,1.137289,-0.862711,-0.092144548893,0.7705664511070001,0.7705664511070001
polar1m,9,11,H,10.28718265,5.89324665,15.1421195,1.0,0.425568,0.425568,0.0305791180581,-0.3949888819419,0.3949888819419
polar1m,9,12,H,11.18625826,7.27355227,13.83529184,1.0,0.322113,0.322113,0.0257529318333,-0.29636006816669996,0.29636006816669996
polar1m,9,13,H,9.93013444,6.53614604,13.87414075,1.0,0.426363,0.426363,0.0274012107402,-0.39896178925979997,0.39896178925979997
polar1m,9,14,H,10.79225136,16.32809766,10.62708098,1.0,0.380719,0.380719,0.0250075384974,-0.35571146150259997,0.35571146150259997
polar1m,9,15,H,13.54943164,13.53740736,14.10816091,1.0,0.421098,0.421098,0.0255054682493,-0.39559253175069997,0.39559253175069997
polar1m,9,16,H,10.34474478,13.26875422,13.34248751,1.0,0.359109,0.359109,0.0206575021148,-0.3384514978852,0.3384514978852
polar1m,9,17,H,11.00121533,10.84090778,10.13494152,1.0,0.372151,0.372151,0.0222970172763,-0.3498539827237,0.3498539827237
polar1m,9,18,H,9.4423978,11.59603666,16.05242706,1.0,0.374974,0.374974,0.024600841105,-0.350373158895,0.350373158895
polar1m,9,19,O,12.75934906,9.70568225,12.03913646,-2.0,1.190748,-0.8092520000000001,-0.0413920879364,0.7678599120636,0.7678599120636
polar1m,9,20,O,10.35655895,11.38473761,16.18357221,-2.0,1.096883,-0.903117,-0.549008011818,0.354108988182,0.354108988182
polar1m,9,21,H,10.39192941,16.50262567,12.53073907,1.0,0.385495,0.385495,0.0466446280479,-0.3388503719521,0.3388503719521
polar1m,9,22,H,12.86789255,10.53742986,12.48725905,1.0,0.371603,0.371603,0.022836048156,-0.34876695184400003,0.34876695184400003
polar1m,9,23,H,10.87496358,10.64255643,15.24640067,1.0,0.346554,0.346554,0.0526502430439,-0.2939037569561,0.2939037569561
polar1m,9,24,H,9.2124363,11.56720014,12.94847817,1.0,0.331058,0.331058,0.0182956419885,-0.31276235801150004,0.31276235801150004
polar1m,9,25,H,10.75814849,15.69959988,13.79025949,1.0,0.434667,0.434667,0.0383457690477,-0.39632123095230004,0.39632123095230004
polar1m,9,26,H,9.25315992,17.29508422,7.95819497,1.0,0.442597,0.442597,0.0264259502292,-0.4161710497708,0.4161710497708
polar1m,9,27,O,9.36104762,14.26709504,9.90938144,-2.0,1.240705,-0.759295,-0.0871955826879,0.6720994173121001,0.6720994173121001
polar1m,9,28,H,11.54639264,13.77159448,10.93202999,1.0,0.431325,0.431325,0.0234869197011,-0.4078380802989,0.4078380802989
polar1m,9,29,H,9.5681515,13.8990848,10.76401908,1.0,0.367025,0.367025,0.00914949178696,-0.35787550821304,0.35787550821304
polar1m,9,30,O,10.95909935,15.5271548,12.81039155,-2.0,1.397449,-0.6025510000000001,0.0752496123314,0.6778006123314001,0.6778006123314001
polar1m,9,31,H,8.54799857,11.42565922,11.45167936,1.0,0.377195,0.377195,0.0203512385488,-0.3568437614512,0.3568437614512
polar1m,9,32,O,9.56504521,6.16669384,14.58948794,-2.0,1.135477,-0.8645229999999999,-0.0378337725997,0.8266892274002999,0.8266892274002999
polar1m,9,33,H,10.15807447,12.33992659,10.94111909,1.0,0.321667,0.321667,0.0180490575731,-0.3036179424269,0.3036179424269
polar1m,9,34,H,10.28139182,11.85739029,14.32070925,1.0,0.39905,0.39905,0.0295683778822,-0.3694816221178,0.3694816221178
polar1m,9,35,H,13.94844853,13.54384272,12.50097296,1.0,0.389881,0.389881,0.0170371085405,-0.3728438914595,0.3728438914595
polar1m,9,36,H,11.28927747,16.16272542,9.32466437,1.0,0.370117,0.370117,0.0308518968523,-0.3392651031477,0.3392651031477
polar1m,9,37,O,13.89679026,12.97754532,13.35049002,-2.0,1.257282,-0.742718,-0.0230719894171,0.7196460105829,0.7196460105829
polar1m,9,38,O,11.8415298,7.79412061,14.34015227,-2.0,1.071923,-0.928077,-0.67644238472,0.2516346152800001,0.2516346152800001
polar1m,9,39,H,12.0,12.0,12.0,1.0,0.384434,0.384434,0.438773930073,0.054339930072999976,0.054339930072999976
polar1m,9,40,O,11.63711022,16.05853059,10.30154144,-2.0,1.298765,-0.701235,-0.0253602787852,0.6758747212148001,0.6758747212148001
polar1m,9,41,H,9.89434958,15.23255592,10.13939874,1.0,0.245704,0.245704,0.0208068266511,-0.2248971733489,0.2248971733489
polar1m,9,42,H,11.45713705,9.02849291,14.38575175,1.0,0.372831,0.372831,0.0221745669842,-0.3506564330158,0.3506564330158
polar1m,9,43,H,12.13724015,10.65826771,8.94799795,1.0,0.370677,0.370677,0.0263351332396,-0.34434186676039996,0.34434186676039996
polar1m,9,44,H,10.54881446,17.32031732,8.83051124,1.0,0.350459,0.350459,0.0212683342397,-0.32919066576030004,0.32919066576030004
polar1m,9,45,H,10.0163902,14.51398392,12.66771739,1.0,0.330819,0.330819,0.050043001771,-0.28077599822899996,0.28077599822899996
polar1m,9,46,O,9.77096216,17.86446119,8.49646313,-2.0,1.207542,-0.7924580000000001,-0.0322680398822,0.7601899601178002,0.7601899601178002
polar1m,9,47,H,12.85872909,9.14689241,12.81193516,1.0,0.4197,0.4197,0.0285723395646,-0.39112766043540004,0.39112766043540004
polar1m,10,0,H,14.81221844,13.76290567,13.51855305,1.0,0.411387,0.411387,0.0196816883981,-0.39170531160190003,0.39170531160190003
polar1m,10,1,O,12.52191997,12.84902002,12.05831545,-2.0,1.425414,-0.574586,0.756200790405,1.330786790405,1.330786790405
polar1m,10,2,H,13.15487198,10.38885054,10.43237753,1.0,0.371291,0.371291,0.0186966210604,-0.3525943789396,0.3525943789396
polar1m,10,3,H,12.0,12.0,12.0,1.0,0.463567,0.463567,0.0474819764495,-0.41608502355050003,0.41608502355050003
polar1m,10,4,H,13.15777592,10.10218723,13.43794259,1.0,0.433915,0.433915,0.0244217440486,-0.4094932559514,0.4094932559514
polar1m,10,5,H,12.6624249,13.54064333,11.40239425,1.0,0.491084,0.491084,0.0444939434528,-0.4465900565472,0.4465900565472
polar1m,10,6,H,13.73666696,10.89102692,14.73440827,1.0,0.432804,0.432804,0.0293991416693,-0.4034048583307,0.4034048583307
polar1m,10,7,H,12.78390745,12.13024452,9.5674276,1.0,0.35957,0.35957,0.0250494200736,-0.3345205799264,0.3345205799264
polar1m,10,8,H,12.86273448,8.80803477,10.42431333,1.0,0.431833,0.431833,0.0284055955708,-0.4034274044292,0.4034274044292
polar1m,10,9,H,11.70420811,13.16840115,12.50276231,1.0,0.435124,0.435124,0.041765011847,-0.393358988153,0.393358988153
polar1m,10,10,O,13.21318112,10.89847925,13.86904597,-2.0,1.264407,-0.7355929999999999,-0.00668490678072,0.72890809321928,0.72890809321928
polar1m,10,11,H,10.13483026,13.93825998,14.10232673,1.0,0.424931,0.424931,0.0251692067832,-0.3997617932168,0.3997617932168
polar1m,10,12,H,11.55641635,10.66760549,13.70706071,1.0,0.359349,0.359349,0.0129236578941,-0.3464253421059,0.3464253421059
polar1m,10,13,O,10.85982586,10.14506316,13.21800261,-2.0,1.216462,-0.7835380000000001,-0.039900008589,0.7436379914110001,0.7436379914110001
polar1m,10,14,O,10.32156999,13.02566792,13.65967029,-2.0,1.243227,-0.7567729999999999,-0.0141816735268,0.7425913264731999,0.7425913264731999
polar1m,10,15,O,10.26479991,10.61670011,10.68487522,-2.0,1.278345,-0.7216549999999999,-0.0342305675149,0.6874244324851,0.6874244324851
polar1m,10,16,O,14.00686945,13.5258488,14.00132867,-2.0,1.197409,-0.802591,-0.0436806604266,0.7589103395734,0.7589103395734
polar1m,10,17,H,9.35172091,10.31019903,11.2745635,1.0,0.357989,0.357989,0.0257221236825,-0.3322668763175,0.3322668763175
polar1m,10,18,H,14.16605866,12.48554433,13.77386511,1.0,0.342898,0.342898,0.0153490304947,-0.3275489695053,0.3275489695053
polar1m,10,19,O,13.29317213,11.39988031,10.23704999,-2.0,1.176897,-0.8231029999999999,-0.0548442192376,0.7682587807624,0.7682587807624
polar1m,10,20,O,12.66946233,9.16069783,11.31063794,-2.0,1.337658,-0.662342,-0.00974035263062,0.65260164736938,0.65260164736938
polar1m,10,21,H,9.95252686,11.55257921,10.6959751,1.0,0.376721,0.376721,0.0155433174223,-0.3611776825777,0.3611776825777
polar1m,10,22,H,10.30400854,10.04117626,14.06448143,1.0,0.382227,0.382227,0.022316403687,-0.359910596313,0.359910596313
polar1m,10,23,H,9.56098262,12.4081326,13.82653093,1.0,0.425751,0.425751,0.0239123925567,-0.40183860744329997,0.40183860744329997
polar1m,10,24,H,13.66532037,9.21577489,11.73858507,1.0,0.359739,0.359739,0.0267302766442,-0.33300872335579995,0.33300872335579995
polar1m,11,0,H,14.70992147,13.7903991,13.44742272,1.0,0.409731,0.409731,0.0172270648181,-0.3925039351819,0.3925039351819
polar1m,11,1,O,12.45542973,12.98082718,12.06949349,-2.0,1.440087,-0.5599130000000001,0.741659224033,1.301572224033,1.301572224033
polar1m,11,2,H,13.10962942,10.55375054,10.46169814,1.0,0.385561,0.385561,0.016687322408,-0.36887367759199996,0.36887367759199996
polar1m,11,3,H,12.0,12.0,12.0,1.0,0.437991,0.437991,0.0519202314317,-0.3860707685683,0.3860707685683
polar1m,11,4,H,13.17769823,10.00268585,13.54262123,1.0,0.354101,0.354101,0.0199270993471,-0.3341739006529,0.3341739006529
polar1m,11,5,H,12.47912757,13.65655757,11.39969504,1.0,0.479354,0.479354,0.0407044664025,-0.43864953359750003,0.43864953359750003
polar1m,11,6,H,12.27522769,8.37635295,12.42549858,1.0,0.374645,0.374645,0.0369133539498,-0.3377316460502,0.3377316460502
polar1m,11,7,H,13.68447899,11.04551123,14.65742121,1.0,0.424908,0.424908,0.0281394831836,-0.3967685168164,0.3967685168164
polar1m,11,8,H,12.75240662,12.14619931,9.48929607,1.0,0.403285,0.403285,0.0266825817525,-0.3766024182475,0.3766024182475
polar1m,11,9,H,12.81426524,8.63196063,10.4574158,1.0,0.404936,0.404936,0.0353042632341,-0.3696317367659,0.3696317367659
polar1m,11,10,H,11.62462939,13.15207807,12.53708505,1.0,0.429541,0.429541,0.0377473533154,-0.3917936466846,0.3917936466846
polar1m,11,11,O,13.11393016,11.0042833,13.85129996,-2.0,1.288284,-0.711716,-0.011282786727,0.700433213273,0.700433213273
polar1m,11,12,H,9.83148195,13.87348454,13.97240123,1.0,0.478632,0.478632,0.0217294692993,-0.4569025307007,0.4569025307007
polar1m,11,13,H,17.44254543,13.98085438,10.77839991,1.0,0.356641,0.356641,0.0257731489837,-0.3308678510163,0.3308678510163
polar1m,11,14,H,17.01563125,15.37926177,11.41519795,1.0,0.40135,0.40135,0.0244849678129,-0.3768650321871,0.3768650321871
polar1m,11,15,H,11.47684033,10.87770924,13.71706871,1.0,0.334347,0.334347,0.0167197436094,-0.3176272563906,0.3176272563906
polar1m,11,16,O,10.74095563,10.24878852,13.2031186,-2.0,1.228777,-0.771223,-0.044794883579,0.726428116421,0.726428116421
polar1m,11,17,O,10.20770085,13.1341986,13.67742363,-2.0,1.187359,-0.812641,-0.0129704102874,0.7996705897126,0.7996705897126
polar1m,11,18,O,10.13440868,10.66926119,10.69143926,-2.0,1.200607,-0.799393,-0.0348705202341,0.7645224797659,0.7645224797659
polar1m,11,19,O,13.94221647,13.63176016,13.99307174,-2.0,1.215075,-0.7849250000000001,-0.05948369205,0.7254413079500001,0.7254413079500001
polar1m,11,20,O,14.51980955,13.81728851,10.37220373,-2.0,1.080172,-0.9198280000000001,-0.0704507082701,0.8493772917299001,0.8493772917299001
polar1m,11,21,O,12.9158409,8.26273018,13.38552459,-2.0,1.197653,-0.8023469999999999,-0.0831400901079,0.7192069098920999,0.7192069098920999
polar1m,11,22,H,9.45098625,10.36224261,11.25324625,1.0,0.427541,0.427541,0.0198478288949,-0.4076931711051,0.4076931711051
polar1m,11,23,H,14.07066642,12.46743674,13.78294027,1.0,0.298556,0.298556,0.0219015218318,-0.2766544781682,0.2766544781682
polar1m,11,24,H,15.42985161,13.90083908,10.25535455,1.0,0.420358,0.420358,0.0158000588417,-0.4045579411583,0.4045579411583
polar1m,11,25,O,13.17091719,11.51261527,10.21971638,-2.0,1.200846,-0.7991539999999999,-0.0422383099794,0.7569156900205999,0.7569156900205999
polar1m,11,26,H,12.60887924,8.37571654,14.27242444,1.0,0.42038,0.42038,0.0208692140877,-0.3995107859123,0.3995107859123
polar1m,11,27,H,14.35833057,12.90462454,10.47818721,1.0,0.378664,0.378664,0.00976606458426,-0.36889793541574,0.36889793541574
polar1m,11,28,O,12.6096424,9.29731371,11.30308632,-2.0,1.440966,-0.559034,0.0316704809666,0.5907044809666,0.5907044809666
polar1m,11,29,H,10.17611673,11.64745938,10.84876772,1.0,0.368098,0.368098,0.0154181625694,-0.3526798374306,0.3526798374306
polar1m,11,30,H,10.15518081,10.21736118,14.01580695,1.0,0.385305,0.385305,0.020786030218,-0.364518969782,0.364518969782
polar1m,11,31,O,16.50457672,14.59785253,10.93283952,-2.0,1.341301,-0.6586989999999999,0.00249921530485,0.6611982153048499,0.6611982153048499
polar1m,11,32,H,9.50909946,12.4641418,13.69319707,1.0,0.424305,0.424305,0.0223888270557,-0.4019161729443,0.4019161729443
polar1m,11,33,H,13.64490318,9.38116274,11.68322958,1.0,0.380643,0.380643,0.0366642326117,-0.3439787673883,0.3439787673883
polar1m,12,0,H,14.51182563,13.79032911,13.45755509,1.0,0.400202,0.400202,0.0182396061718,-0.3819623938282,0.3819623938282
polar1m,12,1,O,12.26485508,13.05132913,12.18342497,-2.0,1.488914,-0.5110859999999999,0.739585101604,1.250671101604,1.250671101604
polar1m,12,2,H,12.85284187,10.69306343,10.58752092,1.0,0.394632,0.394632,0.0174017734826,-0.37723022651739996,0.37723022651739996
polar1m,12,3,H,12.0,12.0,12.0,1.0,0.40775,0.40775,0.0490201823413,-0.3587298176587,0.3587298176587
polar1m,12,4,H,13.07227554,9.94169702,13.7787912,1.0,0.377143,0.377143,0.0314819030464,-0.34566109695360003,0.34566109695360003
polar1m,12,5,H,12.17856801,13.72871935,11.39078069,1.0,0.455513,0.455513,0.0447228774428,-0.4107901225572,0.4107901225572
polar1m,12,6,H,13.5110275,11.10828354,14.64112835,1.0,0.445524,0.445524,0.0248965397477,-0.42062746025229997,0.42062746025229997
polar1m,12,7,H,12.55234727,11.97080891,9.57661853,1.0,0.456945,0.456945,0.0246984791011,-0.4322465208989,0.4322465208989
polar1m,12,8,H,12.5928093,8.52959779,10.76362382,1.0,0.412806,0.412806,0.0286748036742,-0.3841311963258,0.3841311963258
polar1m,12,9,H,11.38331885,13.18185086,12.76941626,1.0,0.398533,0.398533,0.0392337404191,-0.35929925958090003,0.35929925958090003
polar1m,12,10,O,12.90039987,11.05533454,13.93023576,-2.0,1.302455,-0.6975450000000001,-0.0055435821414,0.6920014178586,0.6920014178586
polar1m,12,11,H,9.32877666,13.95300131,13.98538171,1.0,0.429776,0.429776,0.0255226194859,-0.4042533805141,0.4042533805141
polar1m,12,12,H,17.15796497,14.29854609,10.83928527,1.0,0.437422,0.437422,0.0245475955307,-0.41287440446929996,0.41287440446929996
polar1m,12,13,H,16.62641937,15.36442994,11.52570927,1.0,0.466084,0.466084,0.0242433678359,-0.4418406321641,0.4418406321641
polar1m,12,14,H,11.17949601,10.91186557,13.70961609,1.0,0.365805,0.365805,0.0131669305265,-0.3526380694735,0.3526380694735
polar1m,12,15,O,10.51245677,10.31450364,13.29663508,-2.0,1.187094,-0.8129059999999999,-0.0353851653636,0.7775208346363999,0.7775208346363999
polar1m,12,16,O,9.99069703,13.18124353,13.78806419,-2.0,1.268389,-0.731611,-0.00859250873327,0.72301849126673,0.72301849126673
polar1m,12,17,O,9.89753794,10.67809474,10.78920195,-2.0,1.199117,-0.800883,-0.0378763154149,0.7630066845851,0.7630066845851
polar1m,12,18,O,13.76273877,13.67531698,14.08147897,-2.0,1.213082,-0.786918,-0.0468852557242,0.7400327442758,0.7400327442758
polar1m,12,19,O,14.31561858,13.87519098,10.43432057,-2.0,1.096362,-0.9036379999999999,-0.0840974450111,0.8195405549888999,0.8195405549888999
polar1m,12,20,H,9.3638004,10.31794768,11.41977755,1.0,0.440302,0.440302,0.0189158320427,-0.42138616795730005,0.42138616795730005
polar1m,12,21,H,13.79493204,12.64179733,13.86221963,1.0,0.333089,0.333089,0.0130647644401,-0.3200242355599,0.3200242355599
polar1m,12,22,H,15.26867105,14.05845747,10.33342718,1.0,0.405655,0.405655,0.0173163041472,-0.3883386958528,0.3883386958528
polar1m,12,23,O,12.93371688,11.58599001,10.29396481,-2.0,1.163025,-0.836975,-0.0303107276559,0.8066642723441,0.8066642723441
polar1m,12,24,H,14.07116072,12.9586889,10.74659762,1.0,0.348824,0.348824,0.00987355411053,-0.33895044588947004,0.33895044588947004
polar1m,12,25,O,12.44819336,9.37559007,11.38214319,-2.0,1.297188,-0.702812,-0.00932069122791,0.69349130877209,0.69349130877209
polar1m,12,26,H,10.24365932,11.61900451,11.05348649,1.0,0.337539,0.337539,0.0149873122573,-0.3225516877427,0.3225516877427
polar1m,12,27,H,9.92084603,10.31464179,14.00638152,1.0,0.424444,0.424444,0.020795032382,-0.403648967618,0.403648967618
polar1m,12,28,O,16.3182072,14.68692526,11.02969006,-2.0,1.21991,-0.78009,0.0144715383649,0.7945615383649,0.7945615383649
polar1m,12,29,H,9.35764044,12.46189826,13.62766143,1.0,0.415418,0.415418,0.0218548923731,-0.3935631076269,0.3935631076269
polar1m,12,30,H,13.33778347,9.47252904,11.62578393,1.0,0.411058,0.411058,0.0212969556451,-0.3897610443549,0.3897610443549
polar1m,13,0,H,14.21451171,13.68294334,13.52681597,1.0,0.396223,0.396223,0.0197016038001,-0.3765213961999,0.3765213961999
polar1m,13,1,O,11.97198205,12.98666588,12.33214559,-2.0,1.515324,-0.4846760000000001,0.751162230968,1.235838230968,1.235838230968
polar1m,13,2,H,12.42463315,10.63836516,10.73719985,1.0,0.378838,0.378838,0.0205424726009,-0.35829552739910003,0.35829552739910003
polar1m,13,3,H,12.0,12.0,12.0,1.0,0.410038,0.410038,0.0418470129371,-0.3681909870629,0.3681909870629
polar1m,13,4,H,12.80660112,9.94008251,14.05201523,1.0,0.383642,0.383642,0.0306391343474,-0.3530028656526,0.3530028656526
polar1m,13,5,H,11.79403695,13.58012269,11.45449049,1.0,0.462081,0.462081,0.0486067645252,-0.4134742354748,0.4134742354748
polar1m,13,6,H,13.30918703,11.05300174,14.72382797,1.0,0.411084,0.411084,0.0252057854086,-0.3858782145914,0.3858782145914
polar1m,13,7,H,12.10451364,11.68611062,9.57309418,1.0,0.428568,0.428568,0.0272525139153,-0.4013154860847,0.4013154860847
polar1m,13,8,H,14.45926269,10.47114934,10.14992223,1.0,0.377259,0.377259,0.024103147909,-0.35315585209100003,0.35315585209100003
polar1m,13,9,H,12.21836766,8.42056263,11.19591514,1.0,0.448454,0.448454,0.0258651264012,-0.42258887359880004,0.42258887359880004
polar1m,13,10,H,15.71059481,10.75944689,9.54022229,1.0,0.329388,0.329388,0.0334294065833,-0.2959585934167,0.2959585934167
polar1m,13,11,H,11.114054,13.10900703,13.02808801,1.0,0.453212,0.453212,0.0525179281831,-0.4006940718169,0.4006940718169
polar1m,13,12,O,12.59773891,10.96303593,14.03889457,-2.0,1.260983,-0.739017,-0.0241748094559,0.7148421905441,0.7148421905441
polar1m,13,13,H,16.87033252,14.38639371,10.93581273,1.0,0.463373,0.463373,0.0245059411973,-0.4388670588027,0.4388670588027
polar1m,13,14,H,16.13822253,15.39405356,11.79063568,1.0,0.436924,0.436924,0.0275523401797,-0.4093716598203,0.4093716598203
polar1m,13,15,H,10.84060839,10.79626968,13.71564973,1.0,0.398789,0.398789,0.0110051967204,-0.3877838032796,0.3877838032796
polar1m,13,16,O,10.19944043,10.25419661,13.42115845,-2.0,1.176898,-0.823102,-0.0315027311444,0.7915992688556,0.7915992688556
polar1m,13,17,O,9.58756623,10.56785769,10.91175112,-2.0,1.229035,-0.7709649999999999,-0.0453904904425,0.7255745095574999,0.7255745095574999
polar1m,13,18,H,13.96480311,9.24368758,13.76679901,1.0,0.374159,0.374159,0.0206831004471,-0.35347589955290004,0.35347589955290004
polar1m,13,19,O,13.49709909,13.58580321,14.20267867,-2.0,1.151864,-0.848136,-0.042637694627,0.805498305373,0.805498305373
polar1m,13,20,O,14.01327534,13.80164249,10.53445937,-2.0,1.12925,-0.8707499999999999,-0.102062188089,0.7686878119109999,0.7686878119109999
polar1m,13,21,H,14.66097308,10.82292878,11.61631532,1.0,0.374972,0.374972,0.0213215351105,-0.3536504648895,0.3536504648895
polar1m,13,22,O,14.60625288,10.00555836,11.02338227,-2.0,1.290635,-0.709365,-0.031987965107,0.677377034893,0.677377034893
polar1m,13,23,H,9.0687005,10.10232813,11.76612088,1.0,0.376781,0.376781,0.0233701877296,-0.3534108122704,0.3534108122704
polar1m,13,24,H,13.37696864,12.77450285,13.95794559,1.0,0.410091,0.410091,0.0108789950609,-0.3992120049391,0.3992120049391
polar1m,13,25,H,14.99353329,14.04428762,10.49940647,1.0,0.390736,0.390736,0.0162970945239,-0.37443890547610004,0.37443890547610004
polar1m,13,26,O,12.61580721,11.53487461,10.41086178,-2.0,1.245469,-0.7545310000000001,-0.0268679633737,0.7276630366263,0.7276630366263
polar1m,13,27,H,13.75149025,12.91865924,11.00775007,1.0,0.312225,0.312225,0.00925796478987,-0.30296703521012996,0.30296703521012996
polar1m,13,28,O,12.19224665,9.31354159,11.48277659,-2.0,1.218462,-0.7815380000000001,-0.0212851166725,0.7602528833275001,0.7602528833275001
polar1m,13,29,H,15.3152432,9.92870227,14.24531913,1.0,0.379505,0.379505,0.0240640006959,-0.3554409993041,0.3554409993041
polar1m,13,30,H,10.12267916,11.31242507,11.24802147,1.0,0.345625,0.345625,0.0106439143419,-0.33498108565810003,0.33498108565810003
polar1m,13,31,H,15.65176953,12.23489297,8.79205949,1.0,0.3651,0.3651,0.0252817906439,-0.33981820935609997,0.33981820935609997
polar1m,13,32,H,9.51870645,10.24831521,14.12823869,1.0,0.41653,0.41653,0.023086283356,-0.393443716644,0.393443716644
polar1m,13,33,O,16.04547531,14.645106,11.15657361,-2.0,1.245917,-0.7540830000000001,0.0209756568074,0.7750586568074,0.7750586568074
polar1m,13,34,O,15.78318141,11.89254497,9.84891676,-2.0,1.342002,-0.6579980000000001,-0.0340412333608,0.6239567666392001,0.6239567666392001
polar1m,13,35,H,13.09989287,9.45476847,11.63402543,1.0,0.37906,0.37906,0.0168445929885,-0.3622154070115,0.3622154070115
polar1m,13,36,O,14.56286946,9.19751077,14.52404565,-2.0,1.291503,-0.7084969999999999,-0.0266915746033,0.6818054253967,0.6818054253967
polar1m,14,0,H,13.8761749,13.52805801,13.6349203,1.0,0.385792,0.385792,0.013209477067,-0.37258252293300004,0.37258252293300004
polar1m,14,1,O,11.64213675,12.83843085,12.47156739,-2.0,1.462924,-0.5370760000000001,0.731207847595,1.2682838475950002,1.2682838475950002
polar1m,14,2,H,11.9385114,10.48630792,10.86099646,1.0,0.373474,0.373474,0.0219108089805,-0.35156319101949995,0.35156319101949995
polar1m,14,3,H,12.0,12.0,12.0,1.0,0.411656,0.411656,0.0421270504594,-0.3695289495406,0.3695289495406
polar1m,14,4,H,12.36606007,13.84865179,8.65034479,1.0,0.346129,0.346129,0.0257574990392,-0.3203715009608,0.3203715009608
polar1m,14,5,H,12.42098852,9.92662364,14.26659657,1.0,0.409776,0.409776,0.0251082032919,-0.3846677967081,0.3846677967081
polar1m,14,6,H,11.40779447,13.26318529,11.59841692,1.0,0.463009,0.463009,0.0370146930218,-0.4259943069782,0.4259943069782
polar1m,14,7,H,11.61214111,8.52449786,12.89462955,1.0,0.358729,0.358729,0.0169844739139,-0.3417445260861,0.3417445260861
polar1m,14,8,H,13.0753875,10.97308078,14.80490805,1.0,0.410508,0.410508,0.0324507541955,-0.37805724580449995,0.37805724580449995
polar1m,14,9,O,12.65965259,17.0546037,7.62502234,-2.0,1.170217,-0.8297829999999999,-0.0446816943586,0.7851013056413999,0.7851013056413999
polar1m,14,10,H,17.64689946,14.51756017,9.86302579,1.0,0.403255,0.403255,0.0192680321634,-0.38398696783659997,0.38398696783659997
polar1m,14,11,H,11.60187551,11.34596266,9.60876419,1.0,0.364175,0.364175,0.0294888671488,-0.3346861328512,0.3346861328512
polar1m,14,12,H,14.15678209,10.2029793,10.21199169,1.0,0.352723,0.352723,0.0200809501112,-0.33264204988880003,0.33264204988880003
polar1m,14,13,H,11.76905536,8.1724974,11.58272457,1.0,0.407995,0.407995,0.0276862140745,-0.3803087859255,0.3803087859255
polar1m,14,14,H,15.53606872,10.70048088,9.99951272,1.0,0.364896,0.364896,0.0225818883628,-0.3423141116372,0.3423141116372
polar1m,14,15,H,10.88483611,12.92899779,13.21457329,1.0,0.465975,0.465975,0.0415675826371,-0.4244074173629,0.4244074173629
polar1m,14,16,O,12.27451175,10.78031177,14.14364882,-2.0,1.232089,-0.767911,-0.0198459923267,0.7480650076733,0.7480650076733
polar1m,14,17,H,16.7475718,14.28170787,11.00801825,1.0,0.376173,0.376173,0.0280838869512,-0.34808911304879997,0.34808911304879997
polar1m,14,18,H,13.00811143,16.29429217,7.9795746,1.0,0.407226,0.407226,0.0172341614962,-0.3899918385038,0.3899918385038
polar1m,14,19,H,13.89825717,13.48376031,9.17936141,1.0,0.40179,0.40179,0.0235877111554,-0.3782022888446,0.3782022888446
polar1m,14,20,H,15.60690532,15.33748009,12.03297882,1.0,0.385198,0.385198,0.0270829349756,-0.3581150650244,0.3581150650244
polar1m,14,21,H,10.65033803,10.70686215,13.78916716,1.0,0.356382,0.356382,0.0145141705871,-0.34186782941289995,0.34186782941289995
polar1m,14,22,O,9.85067097,10.10192542,13.53486525,-2.0,1.245561,-0.7544390000000001,-0.0372195988894,0.7172194011106001,0.7172194011106001
polar1m,14,23,H,14.58473455,12.98591962,12.27192904,1.0,0.327786,0.327786,0.0115194991231,-0.3162665008769,0.3162665008769
polar1m,14,24,O,9.25002624,10.36817714,11.03508273,-2.0,1.185557,-0.814443,-0.0550609342754,0.7593820657246,0.7593820657246
polar1m,14,25,H,13.52215872,9.30863072,13.99269915,1.0,0.352184,0.352184,0.0208072513342,-0.3313767486658,0.3313767486658
polar1m,14,26,O,13.21098625,13.43208702,14.31932326,-2.0,1.160646,-0.8393539999999999,-0.0860666707158,0.7532873292842,0.7532873292842
polar1m,14,27,O,13.67949465,13.64125562,10.63495692,-2.0,1.19391,-0.80609,-0.0697467774153,0.7363432225847,0.7363432225847
polar1m,14,28,O,18.1292036,13.70201897,9.86110749,-2.0,1.210321,-0.789679,-0.0253115333617,0.7643674666383,0.7643674666383
polar1m,14,29,O,12.12613616,8.1741863,13.71762375,-2.0,1.227282,-0.772718,-0.0492540076375,0.7234639923625,0.7234639923625
polar1m,14,30,O,12.02095639,14.86675264,9.08620853,-2.0,1.150899,-0.8491010000000001,-0.128917172551,0.7201838274490001,0.7201838274490001
polar1m,14,31,H,14.58340739,10.74764752,11.78894158,1.0,0.329182,0.329182,0.0379445031285,-0.29123749687149997,0.29123749687149997
polar1m,14,32,O,14.33151534,9.79552211,11.13661388,-2.0,1.296887,-0.7031130000000001,-0.0388493686914,0.6642636313086001,0.6642636313086001
polar1m,14,33,H,8.85461537,9.91852938,11.92653712,1.0,0.369869,0.369869,0.0166106708348,-0.3532583291652,0.3532583291652
polar1m,14,34,H,13.0566166,12.19851409,8.80224908,1.0,0.359632,0.359632,0.0211806446314,-0.3384513553686,0.3384513553686
polar1m,14,35,H,12.84966377,12.52446823,13.97189487,1.0,0.328749,0.328749,0.0128730945289,-0.3158759054711,0.3158759054711
polar1m,14,36,H,14.61142532,13.88832896,10.72240487,1.0,0.37882,0.37882,0.0216308087111,-0.3571891912889,0.3571891912889
polar1m,14,37,O,12.27052034,11.40093259,10.52076549,-2.0,1.324911,-0.675089,-0.0166413933039,0.6584476066961,0.6584476066961
polar1m,14,38,O,13.5175009,13.0381684,8.44695597,-2.0,1.288602,-0.711398,-0.0225691199303,0.6888288800697,0.6888288800697
polar1m,14,39,O,14.64445884,12.15193073,12.7422096,-2.0,1.043739,-0.956261,-0.831680893898,0.12458010610199999,0.12458010610199999
polar1m,14,40,H,17.9826339,13.2604092,9.00650331,1.0,0.427271,0.427271,0.0188050437719,-0.4084659562281,0.4084659562281
polar1m,14,41,H,11.38063919,7.81187052,14.2196981,1.0,0.403436,0.403436,0.0168337747455,-0.3866022252545,0.3866022252545
polar1m,14,42,H,13.49253759,12.88699062,11.16621498,1.0,0.356317,0.356317,0.0181824862957,-0.3381345137043,0.3381345137043
polar1m,14,43,O,11.90335361,9.16782532,11.57237957,-2.0,1.283257,-0.7167429999999999,-0.0545839816332,0.6621590183667999,0.6621590183667999
polar1m,14,44,H,14.87710039,9.55634704,14.53289872,1.0,0.48602,0.48602,0.0209335237741,-0.4650864762259,0.4650864762259
polar1m,14,45,H,9.93278811,10.87823636,11.42801866,1.0,0.367968,0.367968,0.0100743323565,-0.3578936676435,0.3578936676435
polar1m,14,46,H,15.24672943,11.94134305,8.99339838,1.0,0.367451,0.367451,0.0160586368293,-0.35139236317070005,0.35139236317070005
polar1m,14,47,H,9.11891238,10.09435816,14.27362403,1.0,0.385949,0.385949,0.01791116409,-0.36803783591,0.36803783591
polar1m,14,48,O,15.74220405,14.52854731,11.28052769,-2.0,1.358103,-0.6418969999999999,0.0112531036139,0.6531501036138999,0.6531501036138999
polar1m,14,49,H,12.72766005,15.5131926,9.15028729,1.0,0.358342,0.358342,0.0199922583997,-0.3383497416003,0.3383497416003
polar1m,14,50,O,15.45452175,11.74558363,9.94256703,-2.0,1.24825,-0.7517499999999999,-0.0314615890384,0.7202884109615999,0.7202884109615999
polar1m,14,51,H,13.01374395,9.37654277,11.65624218,1.0,0.350549,0.350549,0.0398727357388,-0.3106762642612,0.3106762642612
polar1m,14,52,H,11.94648547,17.12193989,8.33506062,1.0,0.391154,0.391154,0.0182909332216,-0.3728630667784,0.3728630667784
polar1m,14,53,O,14.27515736,9.03393819,14.61921619,-2.0,1.131307,-0.8686929999999999,-0.0558308921754,0.8128621078245999,0.8128621078245999
polar1m,15,0,H,13.56329384,13.43797336,13.73134181,1.0,0.389177,0.389177,0.0126888342202,-0.3764881657798,0.3764881657798
polar1m,15,1,O,11.31438812,12.73512949,12.58722765,-2.0,1.397019,-0.602981,0.66318500042,1.26616600042,1.26616600042
polar1m,15,2,H,16.12755013,9.78344104,16.89464971,1.0,0.404065,0.404065,0.0243569016457,-0.3797080983543,0.3797080983543
polar1m,15,3,H,11.49613871,10.43543136,10.95680295,1.0,0.374483,0.374483,0.0224236473441,-0.3520593526559,0.3520593526559
polar1m,15,4,H,12.0,12.0,12.0,1.0,0.406801,0.406801,0.0927055925131,-0.3140954074869,0.3140954074869
polar1m,15,5,H,12.09593478,13.74657819,8.73197335,1.0,0.339041,0.339041,0.0234080851078,-0.31563291489219997,0.31563291489219997
polar1m,15,6,H,11.98262665,9.67868073,14.4373516,1.0,0.382957,0.382957,0.024143949151,-0.358813050849,0.358813050849
polar1m,15,7,H,11.00381814,13.01400225,11.73261587,1.0,0.470692,0.470692,0.0367305502295,-0.4339614497705,0.4339614497705
polar1m,15,8,H,11.27664568,8.58377346,12.92351084,1.0,0.32695,0.32695,0.0351003333926,-0.2918496666074,0.2918496666074
polar1m,15,9,H,12.75349708,10.9834358,14.81879622,1.0,0.403598,0.403598,0.0294869616628,-0.3741110383372,0.3741110383372
polar1m,15,10,O,15.82507701,9.14368491,16.16835035,-2.0,1.356649,-0.643351,0.0195890292525,0.6629400292525001,0.6629400292525001
polar1m,15,11,H,11.2038149,11.13014484,9.80721982,1.0,0.410757,0.410757,0.0305531062186,-0.38020389378139996,0.38020389378139996
polar1m,15,12,O,16.71590613,12.21870201,12.2285203,-2.0,1.171069,-0.8289310000000001,-0.0848589539528,0.7440720460472001,0.7440720460472001
polar1m,15,13,H,13.84080805,9.93707488,10.37254451,1.0,0.418375,0.418375,0.0219526737928,-0.39642232620719997,0.39642232620719997
polar1m,15,14,H,11.31849369,8.00081,11.85375034,1.0,0.37718,0.37718,0.039689976722,-0.33749002327800004,0.33749002327800004
polar1m,15,15,H,10.67751925,12.76508625,13.32114144,1.0,0.482152,0.482152,0.0353233590722,-0.4468286409278,0.4468286409278
polar1m,15,16,H,16.19467619,9.65905701,14.96948456,1.0,0.378316,0.378316,0.0147244408727,-0.3635915591273,0.3635915591273
polar1m,15,17,O,11.96566146,10.65953053,14.23223948,-2.0,1.253778,-0.7462219999999999,-0.0250531062484,0.7211688937516,0.7211688937516
polar1m,15,18,H,16.46098801,14.24464873,11.136927,1.0,0.401386,0.401386,0.0311484709382,-0.3702375290618,0.3702375290618
polar1m,15,19,H,13.58959266,13.25376618,9.47702987,1.0,0.378396,0.378396,0.0206623822451,-0.35773361775490004,0.35773361775490004
polar1m,15,20,H,17.18037359,12.78876157,11.59967133,1.0,0.350366,0.350366,0.0166756361723,-0.3336903638277,0.3336903638277
polar1m,15,21,H,15.14990377,15.16990325,12.0973067,1.0,0.418451,0.418451,0.0275175217539,-0.39093347824610003,0.39093347824610003
polar1m,15,22,H,10.38708,10.5861053,13.84701655,1.0,0.343032,0.343032,0.0160225704312,-0.3270094295688,0.3270094295688
polar1m,15,23,O,9.50811555,9.99527574,13.63244201,-2.0,1.221763,-0.7782370000000001,-0.0435855165124,0.7346514834876001,0.7346514834876001
polar1m,15,24,H,17.1914251,10.17033039,13.90140754,1.0,0.43945,0.43945,0.0179868750274,-0.4214631249726,0.4214631249726
polar1m,15,25,H,14.31762518,12.91622049,12.33424349,1.0,0.292289,0.292289,0.0181868597865,-0.27410214021350005,0.27410214021350005
polar1m,15,26,O,16.36311757,10.23075663,14.21267842,-2.0,1.09049,-0.90951,-0.0831268131733,0.8263831868267001,0.8263831868267001
polar1m,15,27,O,8.91641532,10.20560684,11.14306608,-2.0,1.142203,-0.8577969999999999,-0.0565421506763,0.8012548493237,0.8012548493237
polar1m,15,28,H,13.25111986,9.33067493,14.25044595,1.0,0.362321,0.362321,0.0154174305499,-0.3469035694501,0.3469035694501
polar1m,15,29,O,12.92650829,13.31889083,14.41288083,-2.0,1.195685,-0.8043149999999999,-0.0917639508843,0.7125510491156999,0.7125510491156999
polar1m,15,30,O,13.3475336,13.53024454,10.71913242,-2.0,1.255125,-0.744875,-0.0012985765934,0.7435764234065999,0.7435764234065999
polar1m,15,31,H,15.69331581,12.34988204,12.20207269,1.0,0.355002,0.355002,0.00802461802959,-0.34697738197041,0.34697738197041
polar1m,15,32,O,11.81922665,8.08357736,13.83413622,-2.0,1.233702,-0.7662979999999999,-0.130234062672,0.6360639373279999,0.6360639373279999
polar1m,15,33,O,11.7232064,14.76846029,9.19367134,-2.0,1.076269,-0.9237310000000001,-0.174677371979,0.7490536280210001,0.7490536280210001
polar1m,15,34,H,14.45157901,10.55446267,11.82608029,1.0,0.365232,0.365232,0.03217375651,-0.33305824349,0.33305824349
polar1m,15,35,O,14.06510206,9.6417147,11.23789524,-2.0,1.322947,-0.6770529999999999,0.15872964263,0.8357826426299999,0.8357826426299999
polar1m,15,36,H,8.71311365,9.84939065,11.90729962,1.0,0.437486,0.437486,0.0135782230645,-0.42390777693549997,0.42390777693549997
polar1m,15,37,H,12.67584276,12.00756877,8.9154077,1.0,0.286803,0.286803,0.027301594615,-0.259501405385,0.259501405385
polar1m,15,38,H,12.39240551,12.40643912,14.01413104,1.0,0.303918,0.303918,0.0173665061593,-0.2865514938407,0.2865514938407
polar1m,15,39,H,14.26304464,13.77549338,10.95860402,1.0,0.378115,0.378115,0.0269762128592,-0.3511387871408,0.3511387871408
polar1m,15,40,O,11.91923184,11.30476087,10.60220892,-2.0,1.305209,-0.6947909999999999,0.000842027366161,0.695633027366161,0.695633027366161
polar1m,15,41,O,13.22714522,12.96073933,8.54168419,-2.0,1.31641,-0.6835899999999999,-0.0669322088361,0.6166577911639,0.6166577911639
polar1m,15,42,H,14.98976322,9.76920377,16.54474204,1.0,0.382461,0.382461,0.0342960990965,-0.3481649009035,0.3481649009035
polar1m,15,43,O,14.3401087,12.04874366,12.83029403,-2.0,1.172717,-0.827283,-0.784013390541,0.043269609458999936,0.043269609458999936
polar1m,15,44,H,11.06181872,7.57051282,14.08814596,1.0,0.401004,0.401004,0.016466582194,-0.38453741780600004,0.38453741780600004
polar1m,15,45,H,13.25950055,12.82322228,11.30065131,1.0,0.359817,0.359817,0.0238716937602,-0.3359453062398,0.3359453062398
polar1m,15,46,O,11.62918447,9.0644203,11.63987647,-2.0,1.294868,-0.7051320000000001,-0.198229044676,0.5069029553240001,0.5069029553240001
polar1m,15,47,H,14.81682525,9.52951124,14.70687651,1.0,0.351353,0.351353,0.0234215036035,-0.32793149639650004,0.32793149639650004
polar1m,15,48,H,9.77610177,10.52004391,11.58333065,1.0,0.335078,0.335078,0.0119750611484,-0.32310293885159996,0.32310293885159996
polar1m,15,49,H,8.85487379,10.01416699,14.35618677,1.0,0.414194,0.414194,0.017258381471,-0.396935618529,0.396935618529
polar1m,15,50,O,15.45710717,14.4651081,11.38820819,-2.0,1.335997,-0.6640029999999999,0.018357694149,0.6823606941489999,0.6823606941489999
polar1m,15,51,H,12.36710835,15.48686672,9.25173299,1.0,0.382328,0.382328,0.0146951824427,-0.3676328175573,0.3676328175573
polar1m,15,52,H,12.84455598,9.30047528,11.61417308,1.0,0.350435,0.350435,0.0770948827267,-0.2733401172733,0.2733401172733
polar1m,15,53,O,13.96628237,8.89613523,14.68954662,-2.0,1.204638,-0.7953619999999999,-0.0717947408557,0.7235672591442999,0.7235672591442999
polar1m,16,0,H,13.32768956,13.40016078,13.77179149,1.0,0.369197,0.369197,0.0150111354887,-0.3541858645113,0.3541858645113
polar1m,16,1,O,11.03317102,12.68449376,12.65911575,-2.0,1.412155,-0.587845,0.418294578791,1.006139578791,1.006139578791
polar1m,16,2,H,11.17995465,10.46730145,11.06568805,1.0,0.398564,0.398564,0.0217926725745,-0.37677132742549996,0.37677132742549996
polar1m,16,3,H,12.0,12.0,12.0,1.0,0.397854,0.397854,0.240637809038,-0.15721619096199999,0.15721619096199999
polar1m,16,4,H,11.93225799,13.88501766,8.8622623,1.0,0.356123,0.356123,0.011760905385,-0.344362094615,0.344362094615
polar1m,16,5,H,11.54223693,9.45734294,14.53153854,1.0,0.335967,0.335967,0.0361348763108,-0.29983212368920004,0.29983212368920004
polar1m,16,6,H,10.56462242,12.88088139,11.77440177,1.0,0.431334,0.431334,0.0364729240537,-0.3948610759463,0.3948610759463
polar1m,16,7,H,11.14928774,8.66887179,13.11539479,1.0,0.361697,0.361697,0.0223037749529,-0.3393932250471,0.3393932250471
polar1m,16,8,H,12.383941,11.03562466,14.77541925,1.0,0.410922,0.410922,0.0230537168682,-0.3878682831318,0.3878682831318
polar1m,16,9,H,10.92559794,11.09539603,10.03457564,1.0,0.457081,0.457081,0.0256489850581,-0.43143201494190003,0.43143201494190003
polar1m,16,10,H,11.66449628,9.69931108,17.31863807,1.0,0.363866,0.363866,0.0222103800625,-0.34165561993750004,0.34165561993750004
polar1m,16,11,O,16.45152715,12.13442754,12.31127432,-2.0,1.273157,-0.7268429999999999,-0.0989461168647,0.6278968831352999,0.6278968831352999
polar1m,16,12,H,13.55778557,9.77701167,10.42351085,1.0,0.431364,0.431364,0.0292774941772,-0.40208650582280003,0.40208650582280003
polar1m,16,13,H,10.95566126,8.01507609,11.92780363,1.0,0.35924,0.35924,0.0323448292911,-0.3268951707089,0.3268951707089
polar1m,16,14,H,10.44839343,12.64731064,13.41728917,1.0,0.465437,0.465437,0.0336557775736,-0.4317812224264,0.4317812224264
polar1m,16,15,O,11.70413776,10.59925676,14.28850061,-2.0,1.178898,-0.821102,-0.0834141224623,0.7376878775377,0.7376878775377
polar1m,16,16,H,16.07509336,14.29739685,11.28500043,1.0,0.45791,0.45791,0.0299849975854,-0.42792500241459996,0.42792500241459996
polar1m,16,17,H,12.52940044,15.29282969,12.50786087,1.0,0.282239,0.282239,0.0279170237482,-0.25432197625180003,0.25432197625180003
polar1m,16,18,H,13.27355967,13.03931971,9.63147869,1.0,0.365605,0.365605,0.0177669748664,-0.3478380251336,0.3478380251336
polar1m,16,19,H,16.8672868,12.92780564,11.54603552,1.0,0.249028,0.249028,0.025546323508,-0.22348167649200001,0.22348167649200001
polar1m,16,20,H,14.83923272,14.99141232,12.03488566,1.0,0.472886,0.472886,0.0292565487325,-0.4436294512675,0.4436294512675
polar1m,16,21,H,14.09835916,12.81734945,12.4129308,1.0,0.31194,0.31194,0.019897185266,-0.292042814734,0.292042814734
polar1m,16,22,O,12.67209798,13.25084757,14.46701138,-2.0,1.177177,-0.8228230000000001,-0.0705871060491,0.7522358939509001,0.7522358939509001
polar1m,16,23,O,13.056799,13.48216181,10.77469681,-2.0,1.347979,-0.652021,0.0375190675259,0.6895400675258999,0.6895400675258999
polar1m,16,24,O,10.71720355,9.80593885,16.83370539,-2.0,1.227773,-0.772227,-0.048121213913,0.724105786087,0.724105786087
polar1m,16,25,H,15.41428995,12.40984817,12.35923922,1.0,0.348579,0.348579,0.00834986940026,-0.34022913059974,0.34022913059974
polar1m,16,26,O,11.54338496,8.05482968,13.90353548,-2.0,1.270045,-0.7299549999999999,-0.0394584238529,0.6904965761470999,0.6904965761470999
polar1m,16,27,O,11.46544125,14.71915595,9.25945384,-2.0,1.08995,-0.91005,-0.0944316536188,0.8156183463812,0.8156183463812
polar1m,16,28,H,14.24885098,10.28752895,11.74412146,1.0,0.437468,0.437468,0.0258290432394,-0.4116389567606,0.4116389567606
polar1m,16,29,O,13.84274284,9.54947868,11.31859204,-2.0,1.304811,-0.6951890000000001,0.229450896382,0.9246398963820001,0.9246398963820001
polar1m,16,30,H,12.51475363,12.10978451,8.88496599,1.0,0.351163,0.351163,0.0170799829066,-0.3340830170934,0.3340830170934
polar1m,16,31,H,12.14864853,12.5767282,14.1288633,1.0,0.373725,0.373725,0.0149091258645,-0.3588158741355,0.3588158741355
polar1m,16,32,H,14.0064033,13.76506921,11.12572441,1.0,0.355999,0.355999,0.0347815304995,-0.3212174695005,0.3212174695005
polar1m,16,33,O,11.59866643,11.25798132,10.64460044,-2.0,1.217558,-0.7824420000000001,0.0236490815878,0.8060910815878001,0.8060910815878001
polar1m,16,34,O,12.96861439,12.92182157,8.60328378,-2.0,1.205578,-0.794422,-0.175804316998,0.6186176830019999,0.6186176830019999
polar1m,16,35,O,14.07471596,12.00312857,12.87537599,-2.0,1.17143,-0.82857,-0.763923048973,0.06464695102700002,0.06464695102700002
polar1m,16,36,H,10.81219118,7.34630848,13.93690825,1.0,0.387512,0.387512,0.0232539921999,-0.36425800780010004,0.36425800780010004
polar1m,16,37,H,13.03781361,12.68814022,11.42867759,1.0,0.3052,0.3052,0.0367761105299,-0.26842388947010004,0.26842388947010004
polar1m,16,38,O,11.40144541,9.00811286,11.67069447,-2.0,1.278963,-0.7210369999999999,-0.306050151587,0.41498684841299993,0.41498684841299993
polar1m,16,39,O,15.21921961,14.46027062,11.46007804,-2.0,1.226101,-0.7738989999999999,0.0312837585807,0.8051827585806999,0.8051827585806999
polar1m,16,40,H,12.06173825,15.4632749,9.31172534,1.0,0.388949,0.388949,0.0186755098403,-0.3702734901597,0.3702734901597
polar1m,16,41,H,12.61739661,9.23163346,11.54868725,1.0,0.361277,0.361277,0.0762618780136,-0.2850151219864,0.2850151219864
polar1m,16,42,O,11.36092324,15.31736299,12.19909444,-2.0,1.345924,-0.6540760000000001,-0.0493513792753,0.6047246207247001,0.6047246207247001
polar1m,16,43,H,11.04020893,9.73644948,15.8643989,1.0,0.352349,0.352349,0.0173743832856,-0.33497461671440004,0.33497461671440004
polar1m,16,44,H,10.78349006,14.57880087,12.76785419,1.0,0.332027,0.332027,0.0159243494272,-0.3161026505728,0.3161026505728
polar1m,17,0,H,13.1140441,13.36691634,13.81339699,1.0,0.37719,0.37719,0.0146166570485,-0.3625733429515,0.3625733429515
polar1m,17,1,O,10.78535102,12.6637374,12.69183384,-2.0,1.393574,-0.6064259999999999,0.159619092941,0.7660450929409999,0.7660450929409999
polar1m,17,2,H,10.99014033,10.49795946,11.23412751,1.0,0.387634,0.387634,0.0197488777339,-0.3678851222661,0.3678851222661
polar1m,17,3,H,12.0,12.0,12.0,1.0,0.347818,0.347818,0.397114574909,0.04929657490899997,0.04929657490899997
polar1m,17,4,H,11.18760168,9.42595007,14.54190611,1.0,0.344135,0.344135,0.0515870004892,-0.2925479995108,0.2925479995108
polar1m,17,5,H,10.17215714,12.76851865,11.86456079,1.0,0.40606,0.40606,0.0301749780774,-0.3758850219226,0.3758850219226
polar1m,17,6,H,11.15738119,8.73396507,13.35901994,1.0,0.411275,0.411275,0.0219086222351,-0.3893663777649,0.3893663777649
polar1m,17,7,H,12.08092059,11.12201293,14.78269193,1.0,0.411444,0.411444,0.0228813178837,-0.38856268211629996,0.38856268211629996
polar1m,17,8,H,10.58355919,11.18745116,10.05981631,1.0,0.431354,0.431354,0.0241899639368,-0.4071640360632,0.4071640360632
polar1m,17,9,H,9.13522044,12.58233718,17.67172953,1.0,0.424015,0.424015,0.0190848335624,-0.4049301664376,0.4049301664376
polar1m,17,10,H,11.38020625,9.74912521,17.19401316,1.0,0.411551,0.411551,0.0249274950475,-0.3866235049525,0.3866235049525
polar1m,17,11,H,13.36095285,9.71072005,10.39765746,1.0,0.401418,0.401418,0.0297894775867,-0.3716285224133,0.3716285224133
polar1m,17,12,H,10.71229282,8.17725469,11.82585397,1.0,0.409641,0.409641,0.0239773653448,-0.3856636346552,0.3856636346552
polar1m,17,13,H,10.20159134,12.55952615,13.51358303,1.0,0.427409,0.427409,0.032954890281,-0.39445410971899997,0.39445410971899997
polar1m,17,14,O,11.47014356,10.55834399,14.31731205,-2.0,1.191346,-0.808654,-0.0899900197983,0.7186639802017,0.7186639802017
polar1m,17,15,H,15.93347844,14.37907622,11.38595755,1.0,0.467439,0.467439,0.0273640230298,-0.4400749769702,0.4400749769702
polar1m,17,16,O,9.01547022,11.67001132,17.55722737,-2.0,1.053483,-0.946517,-0.0881832242012,0.8583337757988001,0.8583337757988001
polar1m,17,17,H,12.02805513,15.17929143,12.55660674,1.0,0.387955,0.387955,0.019259294495,-0.36869570550499997,0.36869570550499997
polar1m,17,18,H,12.987265,12.88262652,9.63293825,1.0,0.372538,0.372538,0.00879538804293,-0.36374261195707,0.36374261195707
polar1m,17,19,H,14.53510576,15.04918133,12.12139986,1.0,0.434407,0.434407,0.0295208021998,-0.40488619780019997,0.40488619780019997
polar1m,17,20,H,13.90522422,12.79563139,12.45076294,1.0,0.342857,0.342857,0.0146272778511,-0.3282297221489,0.3282297221489
polar1m,17,21,O,12.45837918,13.22523542,14.49931464,-2.0,1.16759,-0.8324100000000001,-0.071630641818,0.7607793581820002,0.7607793581820002
polar1m,17,22,O,12.80574385,13.4617641,10.82297578,-2.0,1.333744,-0.666256,-0.0260856002569,0.6401703997431,0.6401703997431
polar1m,17,23,O,10.45593014,9.81372529,16.90776622,-2.0,1.303483,-0.696517,-0.0104094743729,0.6861075256271001,0.6861075256271001
polar1m,17,24,O,11.2895041,8.05509615,13.94298199,-2.0,1.24217,-0.75783,-0.0102844387293,0.7475455612707,0.7475455612707
polar1m,17,25,H,14.08846057,10.17635866,11.70712061,1.0,0.449372,0.449372,0.0220783911645,-0.4272936088355,0.4272936088355
polar1m,17,26,O,13.64613388,9.47669075,11.37327575,-2.0,1.272785,-0.727215,0.0284281075001,0.7556431075001,0.7556431075001
polar1m,17,27,H,12.34730797,12.1646125,8.78397472,1.0,0.411149,0.411149,0.0128801725805,-0.3982688274195,0.3982688274195
polar1m,17,28,H,11.8616557,12.66507666,14.15240039,1.0,0.386924,0.386924,0.0145051255822,-0.37241887441779997,0.37241887441779997
polar1m,17,29,H,9.70148717,10.85108921,17.58968566,1.0,0.37751,0.37751,0.0206391140819,-0.3568708859181,0.3568708859181
polar1m,17,30,H,13.73799617,13.79167097,11.15592327,1.0,0.357962,0.357962,0.0315468423069,-0.32641515769310003,0.32641515769310003
polar1m,17,31,O,11.31451798,11.23954357,10.66826918,-2.0,1.229784,-0.770216,0.0214903652668,0.7917063652668,0.7917063652668
polar1m,17,32,O,12.74693171,12.91149879,8.63948252,-2.0,1.028186,-0.971814,-0.132518559694,0.839295440306,0.839295440306
polar1m,17,33,O,13.83979248,11.98373615,12.8911741,-2.0,1.160792,-0.839208,-0.742734193802,0.09647380619799995,0.09647380619799995
polar1m,17,34,H,10.69241283,7.21367109,13.75217888,1.0,0.401849,0.401849,0.0270174406469,-0.37483155935310003,0.37483155935310003
polar1m,17,35,H,12.82621399,12.62499352,11.43944004,1.0,0.290378,0.290378,0.0596002563834,-0.23077774361660003,0.23077774361660003
polar1m,17,36,O,11.20912151,8.97492278,11.67436393,-2.0,1.222623,-0.777377,-0.0896927639842,0.6876842360158,0.6876842360158
polar1m,17,37,O,15.00501666,14.47522391,11.4942204,-2.0,1.255179,-0.744821,0.0156490206718,0.7604700206717999,0.7604700206717999
polar1m,17,38,H,12.30820458,9.13970563,11.54034338,1.0,0.370717,0.370717,0.0403698608279,-0.3303471391721,0.3303471391721
polar1m,17,39,O,11.1474468,15.26994569,12.22533818,-2.0,1.155752,-0.8442480000000001,-0.0447126179934,0.7995353820066001,0.7995353820066001
polar1m,17,40,H,10.80115958,9.76745905,15.88782371,1.0,0.351828,0.351828,0.025867741555,-0.325960258445,0.325960258445
polar1m,17,41,H,10.73567918,14.59570479,12.70373847,1.0,0.395681,0.395681,0.0140271522105,-0.3816538477895,0.3816538477895
polar1m,18,0,H,12.93992618,13.31904386,13.85517515,1.0,0.386602,0.386602,0.0133299082518,-0.3732720917482,0.3732720917482
polar1m,18,1,O,10.57095042,12.65561719,12.7122521,-2.0,1.331858,-0.668142,0.0584713146091,0.7266133146091001,0.7266133146091001
polar1m,18,2,H,10.90309702,10.54355016,11.39832908,1.0,0.410912,0.410912,0.0235988050699,-0.3873131949301,0.3873131949301
polar1m,18,3,H,12.0,12.0,12.0,1.0,0.304466,0.304466,0.407944440842,0.10347844084199997,0.10347844084199997
polar1m,18,4,H,11.87664144,14.16262459,9.0257638,1.0,0.35623,0.35623,0.014091681689,-0.342138318311,0.342138318311
polar1m,18,5,H,10.96853456,9.57064522,14.5461259,1.0,0.398409,0.398409,0.0243222564459,-0.3740867435541,0.3740867435541
polar1m,18,6,H,9.89297826,12.64635172,12.04259199,1.0,0.429945,0.429945,0.0289605259895,-0.4009844740105,0.4009844740105
polar1m,18,7,H,11.19776631,8.86229141,13.41444071,1.0,0.395677,0.395677,0.0188468359411,-0.3768301640589,0.3768301640589
polar1m,18,8,H,11.84318319,11.21008198,14.85638046,1.0,0.401143,0.401143,0.0230297744274,-0.3781132255726,0.3781132255726
polar1m,18,9,H,10.25153537,11.34101101,9.99102682,1.0,0.40357,0.40357,0.0303465761244,-0.3732234238756,0.3732234238756
polar1m,18,10,H,13.28899696,9.67815395,10.46350971,1.0,0.376692,0.376692,0.0175278186798,-0.3591641813202,0.3591641813202
polar1m,18,11,H,10.03437197,12.50868622,13.52650279,1.0,0.424021,0.424021,0.031650532037,-0.39237046796299996,0.39237046796299996
polar1m,18,12,O,11.27120796,10.51953523,14.33729059,-2.0,1.156077,-0.843923,-0.0441769622266,0.7997460377734,0.7997460377734
polar1m,18,13,H,11.71797866,15.06564623,12.66195618,1.0,0.420334,0.420334,0.0189379472286,-0.4013960527714,0.4013960527714
polar1m,18,14,H,12.78461209,12.81412353,9.57331291,1.0,0.389768,0.389768,0.0139733701944,-0.3757946298056,0.3757946298056
polar1m,18,15,H,13.75716902,12.85894488,12.45015091,1.0,0.327877,0.327877,0.0148569568992,-0.31302004310079995,0.31302004310079995
polar1m,18,16,O,12.29538465,13.22657191,14.53214563,-2.0,1.228142,-0.7718579999999999,-0.0853661894798,0.6864918105201999,0.6864918105201999
polar1m,18,17,O,12.60296418,13.45103543,10.88144679,-2.0,1.329517,-0.6704829999999999,-0.0316250324249,0.6388579675750999,0.6388579675750999
polar1m,18,18,O,11.07294745,8.05251446,13.98336424,-2.0,1.222951,-0.7770490000000001,-0.0261697620153,0.7508792379847001,0.7508792379847001
polar1m,18,19,O,11.04215041,14.70401051,9.32948142,-2.0,1.129082,-0.8709180000000001,-0.0848845094442,0.7860334905558001,0.7860334905558001
polar1m,18,20,H,14.03686246,10.27824103,11.77009724,1.0,0.35887,0.35887,0.0168297681957,-0.34204023180430004,0.34204023180430004
polar1m,18,21,O,13.47877758,9.40331049,11.40870885,-2.0,1.211435,-0.788565,-0.0498797930777,0.7386852069223,0.7386852069223
polar1m,18,22,H,12.0371172,11.94121828,8.67452821,1.0,0.327208,0.327208,0.0249224491417,-0.3022855508583,0.3022855508583
polar1m,18,23,H,11.49865112,12.61244167,14.06035768,1.0,0.320362,0.320362,0.020261079073,-0.30010092092699997,0.30010092092699997
polar1m,18,24,H,13.4471771,13.80374798,11.07355345,1.0,0.416997,0.416997,0.0337081961334,-0.3832888038666,0.3832888038666
polar1m,18,25,O,11.07419032,11.2316229,10.69034193,-2.0,1.306494,-0.693506,0.0200275406241,0.7135335406240999,0.7135335406240999
polar1m,18,26,O,12.57832015,12.92348193,8.66281506,-2.0,1.27931,-0.72069,-0.041343383491,0.6793466165090001,0.6793466165090001
polar1m,18,27,O,13.6445569,11.97065977,12.8986689,-2.0,1.323434,-0.676566,-0.578918099403,0.09764790059700001,0.09764790059700001
polar1m,18,28,H,10.68240434,7.21780174,13.5572645,1.0,0.417789,0.417789,0.0227512381971,-0.3950377618029,0.3950377618029
polar1m,18,29,H,12.62563418,12.63190231,11.35710663,1.0,0.327913,0.327913,0.0759891271591,-0.2519238728409,0.2519238728409
polar1m,18,30,H,11.59183569,15.5093268,9.35913151,1.0,0.379357,0.379357,0.0216622017324,-0.3576947982676,0.3576947982676
polar1m,18,31,O,10.97026084,15.24358368,12.23912078,-2.0,1.112345,-0.8876550000000001,-0.0478186160326,0.8398363839674001,0.8398363839674001
polar1m,18,32,H,10.64784791,14.51456281,12.68082779,1.0,0.395212,0.395212,0.0141419284046,-0.3810700715954,0.3810700715954
polar1m,19,0,H,12.82173767,13.25722709,13.8563171,1.0,0.371429,0.371429,0.0143703781068,-0.35705862189320003,0.35705862189320003
polar1m,19,1,O,10.38087938,12.65384029,12.72957826,-2.0,1.313082,-0.6869179999999999,0.019768640399,0.7066866403989999,0.7066866403989999
polar1m,19,2,H,10.83608826,10.63517259,11.46664632,1.0,0.435717,0.435717,0.0231313966215,-0.41258560337850003,0.41258560337850003
polar1m,19,3,H,12.0,12.0,12.0,1.0,0.329514,0.329514,0.428236156702,0.09872215670200002,0.09872215670200002
polar1m,19,4,H,11.8396017,14.16131335,9.05339525,1.0,0.32506,0.32506,0.0263086929917,-0.2987513070083,0.2987513070083
polar1m,19,5,H,10.83137933,9.7265564,14.63244239,1.0,0.4753,0.4753,0.0202625319362,-0.4550374680638,0.4550374680638
polar1m,19,6,H,9.63281328,12.52153941,12.15103961,1.0,0.433169,0.433169,0.0290613546968,-0.40410764530320004,0.40410764530320004
polar1m,19,7,H,11.56690274,11.19472456,14.92292301,1.0,0.403326,0.403326,0.0218643024564,-0.38146169754360004,0.38146169754360004
polar1m,19,8,O,11.36484204,16.82994738,7.77313406,-2.0,1.138609,-0.861391,-0.0370913743973,0.8242996256027,0.8242996256027
polar1m,19,9,H,10.09912558,11.48075315,10.03834983,1.0,0.426269,0.426269,0.0296242684126,-0.3966447315874,0.3966447315874
polar1m,19,10,O,11.5898939,11.51901093,6.50620221,-2.0,1.206981,-0.7930189999999999,-0.028431430459,0.7645875695409999,0.7645875695409999
polar1m,19,11,H,10.74670053,12.87339167,6.86191555,1.0,0.364123,0.364123,0.0172089338303,-0.3469140661697,0.3469140661697
polar1m,19,12,H,11.31719392,11.56839463,7.36982921,1.0,0.389307,0.389307,0.0253186896443,-0.3639883103557,0.3639883103557
polar1m,19,13,O,15.92753224,12.04071141,12.39807592,-2.0,1.276846,-0.7231540000000001,-0.0833826214075,0.6397713785925001,0.6397713785925001
polar1m,19,14,H,13.26501664,9.65980381,10.57441967,1.0,0.394495,0.394495,0.016131773591,-0.378363226409,0.378363226409
polar1m,19,15,H,14.80825052,11.59318165,10.78104611,1.0,0.367639,0.367639,0.0236139297485,-0.3440250702515,0.3440250702515
polar1m,19,16,H,9.91636618,12.49432169,13.51280077,1.0,0.439431,0.439431,0.0301816985011,-0.40924930149890004,0.40924930149890004
polar1m,19,17,O,11.10127686,10.49514615,14.35186365,-2.0,1.115554,-0.8844460000000001,-0.0350756049156,0.8493703950844,0.8493703950844
polar1m,19,18,H,11.57092853,16.04654762,7.46082467,1.0,0.442194,0.442194,0.0221423860639,-0.42005161393609997,0.42005161393609997
polar1m,19,19,H,11.78661453,14.9786371,12.85815758,1.0,0.271538,0.271538,0.0224628075957,-0.2490751924043,0.2490751924043
polar1m,19,20,H,12.66755969,12.78120411,9.57693927,1.0,0.384553,0.384553,0.0160341523588,-0.36851884764119996,0.36851884764119996
polar1m,19,21,H,16.00479128,12.74300131,11.62423238,1.0,0.353574,0.353574,0.0249417722225,-0.3286322277775,0.3286322277775
polar1m,19,22,H,13.63088685,12.85601984,12.4955299,1.0,0.339007,0.339007,0.0262923166156,-0.3127146833844,0.3127146833844
polar1m,19,23,O,12.14461842,13.22826459,14.55767588,-2.0,1.233898,-0.7661020000000001,-0.069725677371,0.6963763226290001,0.6963763226290001
polar1m,19,24,O,12.42170882,13.4503566,10.9409052,-2.0,1.352158,-0.647842,-0.0492738187313,0.5985681812687,0.5985681812687
polar1m,19,25,H,14.90070484,12.16578926,12.72887473,1.0,0.34852,0.34852,0.00971599668264,-0.33880400331736,0.33880400331736
polar1m,19,26,H,10.96040791,11.81803629,5.8334615,1.0,0.443053,0.443053,0.0302362293005,-0.41281677069949996,0.41281677069949996
polar1m,19,27,O,10.87879026,14.72036955,9.35340504,-2.0,1.214172,-0.785828,-0.122372306883,0.6634556931169999,0.6634556931169999
polar1m,19,28,H,13.87149903,10.24124179,11.79166713,1.0,0.339167,0.339167,0.0164912752807,-0.3226757247193,0.3226757247193
polar1m,19,29,O,13.34374044,9.34665457,11.44165723,-2.0,1.210213,-0.789787,-0.0576864108443,0.7321005891557,0.7321005891557
polar1m,19,30,H,11.85370811,11.94467015,8.57093453,1.0,0.303212,0.303212,0.0404183752835,-0.2627936247165,0.2627936247165
polar1m,19,31,H,11.40132424,12.73328582,14.05993887,1.0,0.3398,0.3398,0.0146340988576,-0.3251659011424,0.3251659011424
polar1m,19,32,H,13.29080403,13.84304833,10.97111622,1.0,0.412198,0.412198,0.0348877497017,-0.3773102502983,0.3773102502983
polar1m,19,33,O,10.85570974,11.23079507,10.70608392,-2.0,1.249466,-0.750534,-0.00976701825857,0.7407669817414301,0.7407669817414301
polar1m,19,34,O,12.42988517,12.92454761,8.66967507,-2.0,1.351377,-0.648623,-0.00296661257744,0.6456563874225599,0.6456563874225599
polar1m,19,35,O,13.47443756,11.96675128,12.895417,-2.0,1.37517,-0.62483,-0.527372658253,0.09745734174700005,0.09745734174700005
polar1m,19,36,O,10.49356968,13.7576761,6.58191668,-2.0,1.149788,-0.850212,-0.0581801012158,0.7920318987842,0.7920318987842
polar1m,19,37,H,12.43194345,12.56735218,11.28070314,1.0,0.324916,0.324916,0.0879749804735,-0.23694101952649999,0.23694101952649999
polar1m,19,38,H,16.83123323,10.45732343,9.46331916,1.0,0.375635,0.375635,0.0224152132869,-0.3532197867131,0.3532197867131
polar1m,19,39,H,10.7198459,14.29097287,7.37099858,1.0,0.370501,0.370501,0.0173454880714,-0.3531555119286,0.3531555119286
polar1m,19,40,H,14.36686573,10.79630615,9.62782659,1.0,0.418226,0.418226,0.0264469757676,-0.39177902423239996,0.39177902423239996
polar1m,19,41,O,16.92817716,10.78163398,10.44193279,-2.0,1.233027,-0.7669729999999999,-0.0434231907129,0.7235498092870999,0.7235498092870999
polar1m,19,42,H,11.354273,15.56179786,9.39682323,1.0,0.358057,0.358057,0.0237226374447,-0.3343343625553,0.3343343625553
polar1m,19,43,O,14.22410941,11.59675432,10.06764203,-2.0,1.218788,-0.781212,-0.0278530344367,0.7533589655633001,0.7533589655633001
polar1m,19,44,H,16.03564542,10.78008225,10.90847208,1.0,0.352659,0.352659,0.0191031731665,-0.3335558268335,0.3335558268335
polar1m,19,45,O,10.80714045,15.23399416,12.24024007,-2.0,1.288999,-0.711001,-0.0679111406207,0.6430898593793,0.6430898593793
polar1m,19,46,H,11.07201054,16.81445982,8.66919061,1.0,0.420037,0.420037,0.0267315432429,-0.3933054567571,0.3933054567571
polar1m,19,47,H,10.41740038,14.29077519,12.68992281,1.0,0.320248,0.320248,0.0134330689907,-0.30681493100929996,0.30681493100929996
polar1m,20,0,O,11.64977566,13.3541214,9.94051828,-2.0,1.207947,-0.7920529999999999,-0.0321598947048,0.7598931052951999,0.7598931052951999
polar1m,20,1,O,12.83706407,11.95081941,11.72561931,-2.0,1.315782,-0.684218,-0.013609662652,0.670608337348,0.670608337348
polar1m,20,2,H,13.96377536,12.07078919,15.25036603,1.0,0.375594,0.375594,0.0198346525431,-0.35575934745689997,0.35575934745689997
polar1m,20,3,H,9.56413897,11.94093723,14.046581,1.0,0.419646,0.419646,0.0172986146063,-0.4023473853937,0.4023473853937
polar1m,20,4,O,12.25510791,14.42123252,12.70006029,-2.0,1.188034,-0.811966,-0.0424003526568,0.7695656473432,0.7695656473432
polar1m,20,5,H,10.86568729,14.35754264,11.50584525,1.0,0.413088,0.413088,0.0190112292767,-0.3940767707233,0.3940767707233
polar1m,20,6,O,10.4620234,12.0296906,13.74871404,-2.0,1.220096,-0.7799039999999999,-0.048635147512,0.7312688524879999,0.7312688524879999
polar1m,20,7,H,10.16589354,13.97941438,12.49767641,1.0,0.404229,0.404229,0.0199878551066,-0.3842411448934,0.3842411448934
polar1m,20,8,O,14.69896134,13.98885091,12.82074765,-2.0,1.306921,-0.693079,-0.073284432292,0.619794567708,0.619794567708
polar1m,20,9,O,10.96885045,9.35755022,12.84581012,-2.0,1.148288,-0.851712,-0.0404495820403,0.8112624179597,0.8112624179597
polar1m,20,10,H,9.78540122,12.25847045,11.23133546,1.0,0.384884,0.384884,0.0176309421659,-0.3672530578341,0.3672530578341
polar1m,20,11,H,12.8897126,14.98840649,13.01193472,1.0,0.421079,0.421079,0.0161704644561,-0.4049085355439,0.4049085355439
polar1m,20,12,H,14.25719108,12.95763723,12.22649588,1.0,0.30984,0.30984,0.0502365231514,-0.2596034768486,0.2596034768486
polar1m,20,13,O,9.53225676,11.29785361,11.25458398,-2.0,1.159936,-0.8400639999999999,-0.0419698469341,0.7980941530658999,0.7980941530658999
polar1m,20,14,H,13.13983674,11.30742955,14.72160406,1.0,0.418763,0.418763,0.02009986341,-0.39866313659,0.39866313659
polar1m,20,15,O,13.16742,12.24598156,14.59466651,-2.0,1.268509,-0.7314909999999999,-0.0232239961624,0.7082670038375999,0.7082670038375999
polar1m,20,16,H,10.49057317,11.77575344,12.72977004,1.0,0.331436,0.331436,0.0192800909281,-0.3121559090719,0.3121559090719
polar1m,20,17,H,11.76691921,9.37098649,13.22842571,1.0,0.439738,0.439738,0.0167648550123,-0.4229731449877,0.4229731449877
polar1m,20,18,O,10.14036336,13.77183757,11.57764269,-2.0,1.206111,-0.7938890000000001,-0.0335703790188,0.7603186209812001,0.7603186209812001
polar1m,20,19,H,14.85498143,14.81014833,12.13455115,1.0,0.358856,0.358856,0.0176532492042,-0.3412027507958,0.3412027507958
polar1m,20,20,O,15.38807565,11.12470449,13.38733712,-2.0,1.168896,-0.8311040000000001,-0.049860034138,0.7812439658620001,0.7812439658620001
polar1m,20,21,H,11.03499711,9.89113854,12.05328758,1.0,0.379608,0.379608,0.0143515169621,-0.3652564830379,0.3652564830379
polar1m,20,22,H,16.05465456,11.39118306,13.98192697,1.0,0.427412,0.427412,0.0158552397043,-0.4115567602957,0.4115567602957
polar1m,20,23,H,12.65170493,11.1099401,10.95087199,1.0,0.351768,0.351768,0.0272557772696,-0.32451222273040004,0.32451222273040004
polar1m,20,24,H,11.82853428,12.89019426,9.09885076,1.0,0.395714,0.395714,0.0169387683272,-0.37877523167280003,0.37877523167280003
polar1m,20,25,H,12.0,12.0,12.0,1.0,0.417177,0.417177,0.0214809067547,-0.39569609324530003,0.39569609324530003
polar1m,20,26,H,12.47395141,13.65307982,10.32364862,1.0,0.394346,0.394346,0.016132036224,-0.378213963776,0.378213963776
polar1m,20,27,H,8.96302289,10.9059281,10.59117329,1.0,0.4276,0.4276,0.0175766739994,-0.4100233260006,0.4100233260006
polar1m,20,28,H,12.73792175,13.7019917,13.18352616,1.0,0.382987,0.382987,0.0190015919507,-0.3639854080493,0.3639854080493
polar1m,20,29,H,14.63595769,11.81218711,13.28341172,1.0,0.355719,0.355719,0.0166024677455,-0.3391165322545,0.3391165322545
polar1m,21,0,O,11.9109327,13.19552669,9.92829427,-2.0,1.163547,-0.8364529999999999,-0.0328688248992,0.8035841751007999,0.8035841751007999
polar1m,21,1,O,13.08392244,11.79497014,11.70464209,-2.0,1.361339,-0.6386609999999999,-0.0451820194721,0.5934789805278999,0.5934789805278999
polar1m,21,2,H,14.01304,11.90938342,15.19307606,1.0,0.455356,0.455356,0.0163360908628,-0.43901990913719996,0.43901990913719996
polar1m,21,3,H,9.72851171,11.70482007,13.99175775,1.0,0.405272,0.405272,0.0186744891107,-0.3865975108893,0.3865975108893
polar1m,21,4,H,8.57136812,9.80423712,9.39121412,1.0,0.379335,0.379335,0.022313984111,-0.357021015889,0.357021015889
polar1m,21,5,O,12.5512543,14.2509306,12.68615051,-2.0,1.203329,-0.7966709999999999,-0.0477034188807,0.7489675811193,0.7489675811193
polar1m,21,6,H,14.38403711,15.16172599,13.85407621,1.0,0.405644,0.405644,0.0193990953267,-0.3862449046733,0.3862449046733
polar1m,21,7,H,11.14382528,14.2477955,11.3438972,1.0,0.392657,0.392657,0.0214549563825,-0.3712020436175,0.3712020436175
polar1m,21,8,O,10.67726548,11.91760674,13.70288475,-2.0,1.262713,-0.737287,-0.045293495059,0.691993504941,0.691993504941
polar1m,21,9,H,10.40944426,13.60550294,12.56320566,1.0,0.370349,0.370349,0.0226487535983,-0.3477002464017,0.3477002464017
polar1m,21,10,O,14.93224195,13.81078295,12.78568305,-2.0,1.207163,-0.792837,-0.0278198719025,0.7650171280975,0.7650171280975
polar1m,21,11,O,11.1853251,9.20992909,12.77815047,-2.0,1.193035,-0.8069649999999999,-0.0448975898325,0.7620674101674999,0.7620674101674999
polar1m,21,12,H,10.00329725,12.18040647,11.13282513,1.0,0.353516,0.353516,0.0223338976502,-0.3311821023498,0.3311821023498
polar1m,21,13,H,13.09690994,15.01869237,12.82378785,1.0,0.374441,0.374441,0.0223387479782,-0.3521022520218,0.3521022520218
polar1m,21,14,H,14.56312365,13.18729944,12.35455516,1.0,0.44137,0.44137,0.0163771975785,-0.4249928024215,0.4249928024215
polar1m,21,15,O,8.87803239,10.5305027,8.69529245,-2.0,1.233757,-0.766243,-0.035040859133,0.731202140867,0.731202140867
polar1m,21,16,O,9.8084721,11.09776019,11.20716432,-2.0,1.219422,-0.780578,-0.0669801607728,0.7135978392272,0.7135978392272
polar1m,21,17,H,13.38227015,11.07943726,14.3008174,1.0,0.380946,0.380946,0.0184909515083,-0.3624550484917,0.3624550484917
polar1m,21,18,O,13.39223759,12.05533558,14.60060768,-2.0,1.19363,-0.80637,-0.0285661295056,0.7778038704944,0.7778038704944
polar1m,21,19,H,10.78803731,11.82713681,12.70675526,1.0,0.335806,0.335806,0.0188436210155,-0.31696237898449997,0.31696237898449997
polar1m,21,20,H,12.02522375,9.08717241,13.26669552,1.0,0.3955,0.3955,0.0162727423012,-0.3792272576988,0.3792272576988
polar1m,21,21,O,10.39100677,13.58935209,11.52910799,-2.0,1.289738,-0.710262,-0.0217007100582,0.6885612899418,0.6885612899418
polar1m,21,22,H,14.91994452,14.45272461,12.01677336,1.0,0.385426,0.385426,0.0201263539493,-0.3652996460507,0.3652996460507
polar1m,21,23,H,13.0913618,16.18076149,13.57857955,1.0,0.434987,0.434987,0.0214701015502,-0.4135168984498,0.4135168984498
polar1m,21,24,H,11.27344624,9.72339523,11.90879026,1.0,0.36822,0.36822,0.0132270380855,-0.35499296191449997,0.35499296191449997
polar1m,21,25,O,13.76893898,15.8814406,14.12127353,-2.0,1.147199,-0.8528009999999999,-0.0422137528658,0.8105872471341999,0.8105872471341999
polar1m,21,26,H,9.60605619,11.04425706,9.10975923,1.0,0.407764,0.407764,0.0182542391121,-0.3895097608879,0.3895097608879
polar1m,21,27,H,13.12212029,10.89568464,11.0111389,1.0,0.345924,0.345924,0.020927619189,-0.324996380811,0.324996380811
polar1m,21,28,H,12.20210004,12.88154804,9.14909833,1.0,0.435293,0.435293,0.0154809430242,-0.4198120569758,0.4198120569758
polar1m,21,29,H,12.0,12.0,12.0,1.0,0.330345,0.330345,0.033873654902,-0.296471345098,0.296471345098
polar1m,21,30,H,12.6995055,13.3894543,10.41943816,1.0,0.387543,0.387543,0.0158123597503,-0.37173064024970004,0.37173064024970004
polar1m,21,31,H,9.12414854,10.61743079,10.51280613,1.0,0.341869,0.341869,0.0227493084967,-0.3191196915033,0.3191196915033
polar1m,21,32,H,12.95579352,13.55490764,13.1648538,1.0,0.397566,0.397566,0.0208606626838,-0.3767053373162,0.3767053373162
polar1m,22,0,O,11.89217917,13.10050129,10.0280324,-2.0,1.250856,-0.749144,-0.0364427193999,0.7127012806001001,0.7127012806001001
polar1m,22,1,O,13.04557417,11.68873447,11.78969686,-2.0,1.275983,-0.7240169999999999,-0.0314911752939,0.6925258247060999,0.6925258247060999
polar1m,22,2,H,13.98539167,11.80718876,15.45381001,1.0,0.405143,0.405143,0.0177711471915,-0.38737185280849995,0.38737185280849995
polar1m,22,3,H,9.70252945,11.52097089,13.98031681,1.0,0.4158,0.4158,0.0202743243426,-0.3955256756574,0.3955256756574
polar1m,22,4,O,12.56688866,14.13809345,12.77444937,-2.0,1.218899,-0.781101,-0.0575155727565,0.7235854272435001,0.7235854272435001
polar1m,22,5,H,14.21068884,15.06435555,13.8546349,1.0,0.426095,0.426095,0.0192138627172,-0.4068811372828,0.4068811372828
polar1m,22,6,H,11.05242103,14.12025104,11.30785991,1.0,0.401632,0.401632,0.0206518471241,-0.3809801528759,0.3809801528759
polar1m,22,7,O,10.61430296,11.86806519,13.76554307,-2.0,1.228401,-0.7715989999999999,-0.0374237932265,0.7341752067734999,0.7341752067734999
polar1m,22,8,H,10.34111768,13.31361005,12.59716296,1.0,0.374618,0.374618,0.0228701513261,-0.3517478486739,0.3517478486739
polar1m,22,9,O,14.90565332,13.71716999,12.86885601,-2.0,1.210696,-0.789304,-0.0409578345716,0.7483461654284,0.7483461654284
polar1m,22,10,O,11.12541799,9.12566675,12.81390243,-2.0,1.220893,-0.779107,-0.0426451563835,0.7364618436165,0.7364618436165
polar1m,22,11,H,9.88130018,11.9996113,11.10985851,1.0,0.367352,0.367352,0.0161973536015,-0.3511546463985,0.3511546463985
polar1m,22,12,H,13.03073736,15.11060265,12.77609889,1.0,0.356425,0.356425,0.0319328010082,-0.3244921989918,0.3244921989918
polar1m,22,13,H,14.34094316,13.08688609,12.36086049,1.0,0.382027,0.382027,0.0183886252344,-0.3636383747656,0.3636383747656
polar1m,22,14,O,9.80674946,10.96080999,11.26268338,-2.0,1.166495,-0.8335049999999999,-0.0481180474162,0.7853869525838,0.7853869525838
polar1m,22,15,H,13.29270758,10.99805972,14.00745089,1.0,0.33043,0.33043,0.0207265093923,-0.3097034906077,0.3097034906077
polar1m,22,16,O,13.33282781,11.91832801,14.70053523,-2.0,1.281812,-0.718188,-0.0342260450125,0.6839619549875,0.6839619549875
polar1m,22,17,H,10.72592109,11.90555503,12.89115244,1.0,0.377692,0.377692,0.0184101909399,-0.35928180906010004,0.35928180906010004
polar1m,22,18,H,12.03430416,8.91320638,13.39259189,1.0,0.350466,0.350466,0.0192199163139,-0.3312460836861,0.3312460836861
polar1m,22,19,O,10.36761815,13.47203478,11.60082669,-2.0,1.256136,-0.7438640000000001,-0.0336874201894,0.7101765798106001,0.7101765798106001
polar1m,22,20,H,14.73968681,14.15450744,12.06646878,1.0,0.404864,0.404864,0.0178341642022,-0.3870298357978,0.3870298357978
polar1m,22,21,H,13.058835,16.12333207,13.64371445,1.0,0.431937,0.431937,0.0225304681808,-0.4094065318192,0.4094065318192
polar1m,22,22,H,11.24250801,9.5670702,11.96485674,1.0,0.394152,0.394152,0.013792892918,-0.380359107082,0.380359107082
polar1m,22,23,O,13.71431224,15.73794148,14.15837424,-2.0,1.133594,-0.866406,-0.0399866439402,0.8264193560598,0.8264193560598
polar1m,22,24,H,13.26876021,10.93423651,11.33165061,1.0,0.442159,0.442159,0.0176162254065,-0.42454277459350004,0.42454277459350004
polar1m,22,25,H,12.3861477,12.87342857,9.14531431,1.0,0.365447,0.365447,0.0169309340417,-0.34851606595830004,0.34851606595830004
polar1m,22,26,H,12.0,12.0,12.0,1.0,0.35869,0.35869,0.0344027616084,-0.3242872383916,0.3242872383916
polar1m,22,27,H,12.68674401,13.14540916,10.62414476,1.0,0.362183,0.362183,0.0148209817708,-0.3473620182292,0.3473620182292
polar1m,22,28,H,9.13459586,10.54604491,10.72921189,1.0,0.419089,0.419089,0.016398973763,-0.402690026237,0.402690026237
polar1m,22,29,H,12.91066475,13.41727848,13.31250648,1.0,0.390035,0.390035,0.0225102826953,-0.36752471730470004,0.36752471730470004
polar1m,23,0,O,11.6735658,13.10564152,10.21585303,-2.0,1.282624,-0.717376,-0.037092089653,0.680283910347,0.680283910347
polar1m,23,1,O,12.4005521,15.74235313,10.97673979,-2.0,1.198527,-0.8014730000000001,-0.0522673949599,0.7492056050401001,0.7492056050401001
polar1m,23,2,O,12.78914517,11.69787817,11.98667393,-2.0,1.278571,-0.7214290000000001,0.0789573937654,0.8003863937654001,0.8003863937654001
polar1m,23,3,H,13.73276436,11.77510122,15.76448559,1.0,0.391778,0.391778,0.0224937219173,-0.36928427808270003,0.36928427808270003
polar1m,23,4,H,9.53407355,11.43982712,14.0362573,1.0,0.426982,0.426982,0.0187908355147,-0.40819116448529996,0.40819116448529996
polar1m,23,5,O,12.37097923,14.13317572,12.95516148,-2.0,1.228781,-0.7712190000000001,-0.0507585182786,0.7204604817214001,0.7204604817214001
polar1m,23,6,H,13.92223444,14.93255058,13.85246028,1.0,0.375346,0.375346,0.0156697183847,-0.3596762816153,0.3596762816153
polar1m,23,7,H,10.71064021,14.05582353,11.43221341,1.0,0.40849,0.40849,0.0190878324211,-0.3894021675789,0.3894021675789
polar1m,23,8,O,10.33767197,11.92208714,13.94486085,-2.0,1.226863,-0.773137,-0.042423799634,0.730713200366,0.730713200366
polar1m,23,9,H,10.05980942,13.22975828,12.64082617,1.0,0.41464,0.41464,0.0236020460725,-0.3910379539275,0.3910379539275
polar1m,23,10,O,14.67576459,13.72963862,13.05738403,-2.0,1.311886,-0.6881139999999999,-0.248455509543,0.4396584904569999,0.4396584904569999
polar1m,23,11,O,10.86532614,9.14172934,12.9585936,-2.0,1.172329,-0.827671,-0.0396892689168,0.7879817310832,0.7879817310832
polar1m,23,12,H,9.51937704,11.80947922,11.17988755,1.0,0.416944,0.416944,0.0155579335988,-0.4013860664012,0.4013860664012
polar1m,23,13,H,12.65613663,15.07526595,12.88830786,1.0,0.379942,0.379942,0.03562213853,-0.34431986147,0.34431986147
polar1m,23,14,H,13.80951023,12.83898642,12.43754158,1.0,0.287464,0.287464,0.145411983132,-0.142052016868,0.142052016868
polar1m,23,15,O,9.60218264,10.93511682,11.42150737,-2.0,1.129808,-0.8701920000000001,-0.0318968370557,0.8382951629443001,0.8382951629443001
polar1m,23,16,H,13.00211439,11.23478259,14.02346034,1.0,0.3506,0.3506,0.0164631903172,-0.3341368096828,0.3341368096828
polar1m,23,17,H,12.78151304,14.8794424,11.45540939,1.0,0.331159,0.331159,0.0155206471682,-0.3156383528318,0.3156383528318
polar1m,23,18,O,13.06323622,11.87213159,14.8897076,-2.0,1.277431,-0.722569,-0.0344859734178,0.6880830265822,0.6880830265822
polar1m,23,19,H,10.44116403,12.02477107,12.97862357,1.0,0.345486,0.345486,0.0169151872396,-0.3285708127604,0.3285708127604
polar1m,23,20,H,11.63313881,15.4812184,10.54315229,1.0,0.421101,0.421101,0.0169360376894,-0.4041649623106,0.4041649623106
polar1m,23,21,H,11.68321207,8.92208201,13.47385946,1.0,0.397161,0.397161,0.0180590189993,-0.3791019810007,0.3791019810007
polar1m,23,22,O,10.13021041,13.45603131,11.77881473,-2.0,1.174639,-0.825361,-0.0429781600833,0.7823828399167,0.7823828399167
polar1m,23,23,H,14.41695223,14.11056893,12.15573772,1.0,0.341136,0.341136,0.0166742652655,-0.3244617347345,0.3244617347345
polar1m,23,24,H,12.72732253,16.24874812,13.75922872,1.0,0.369521,0.369521,0.0227191317827,-0.34680186821729997,0.34680186821729997
polar1m,23,25,H,11.03564954,9.51658443,12.12583211,1.0,0.40608,0.40608,0.013302763924,-0.392777236076,0.392777236076
polar1m,23,26,O,13.45393117,15.70794233,14.30897791,-2.0,1.18937,-0.81063,-0.067537650466,0.7430923495339999,0.7430923495339999
polar1m,23,27,H,13.18658024,10.92325172,11.6792428,1.0,0.472153,0.472153,0.025542607531,-0.446610392469,0.446610392469
polar1m,23,28,H,12.28352772,13.00049398,9.35692756,1.0,0.363029,0.363029,0.0180155690759,-0.3450134309241,0.3450134309241
polar1m,23,29,H,12.0,12.0,12.0,1.0,0.444169,0.444169,0.0304129607975,-0.4137560392025,0.4137560392025
polar1m,23,30,H,12.40971936,12.97855529,10.87395135,1.0,0.351648,0.351648,0.0146677084267,-0.3369802915733,0.3369802915733
polar1m,23,31,H,8.86617488,10.57817913,11.06510575,1.0,0.449809,0.449809,0.0178367514163,-0.43197224858370004,0.43197224858370004
polar1m,23,32,H,12.6803808,13.42238118,13.61220256,1.0,0.384533,0.384533,0.0293257907033,-0.3552072092967,0.3552072092967
polar1m,24,0,O,11.82562124,13.06134805,10.4333531,-2.0,1.205865,-0.794135,-0.0290382057428,0.7650967942572,0.7650967942572
polar1m,24,1,O,12.91753424,11.66184966,12.23800456,-2.0,1.473826,-0.5261739999999999,0.562050282955,1.088224282955,1.088224282955
polar1m,24,2,H,13.72600895,11.67112039,15.89946846,1.0,0.466695,0.466695,0.0276966709644,-0.43899832903560004,0.43899832903560004
polar1m,24,3,H,9.67761599,11.27550014,14.14994406,1.0,0.416933,0.416933,0.0275346077979,-0.3893983922021,0.3893983922021
polar1m,24,4,O,12.52507997,14.06932988,13.17251803,-2.0,1.215238,-0.784762,-0.00539579987526,0.77936620012474,0.77936620012474
polar1m,24,5,H,10.83390686,14.03669911,11.62098864,1.0,0.413884,0.413884,0.0223450735211,-0.3915389264789,0.3915389264789
polar1m,24,6,O,10.42355982,11.93185125,14.16627735,-2.0,1.251279,-0.748721,-0.0470440499485,0.7016769500515,0.7016769500515
polar1m,24,7,H,10.13030779,13.20142415,12.914961,1.0,0.404616,0.404616,0.026423715055,-0.37819228494499996,0.37819228494499996
polar1m,24,8,O,10.96431436,9.11088843,13.1532857,-2.0,1.172669,-0.827331,-0.0348750166595,0.7924559833405,0.7924559833405
polar1m,24,9,H,9.5150119,11.73606469,11.26359045,1.0,0.401077,0.401077,0.0204766187817,-0.38060038121830003,0.38060038121830003
polar1m,24,10,H,12.61614843,14.93561097,13.15087183,1.0,0.491462,0.491462,0.0269777067006,-0.4644842932994,0.4644842932994
polar1m,24,11,H,13.7942217,12.67068809,12.69499793,1.0,0.423051,0.423051,0.242548182607,-0.180502817393,0.180502817393
polar1m,24,12,O,11.91489046,9.73133048,9.42894781,-2.0,1.209599,-0.7904009999999999,-0.0358894690871,0.7545115309128999,0.7545115309128999
polar1m,24,13,O,9.76741625,10.86163023,11.63173492,-2.0,1.257444,-0.742556,-0.0234006419778,0.7191553580222,0.7191553580222
polar1m,24,14,H,13.1089411,11.50600769,14.28209314,1.0,0.41591,0.41591,0.0114845633507,-0.4044254366493,0.4044254366493
polar1m,24,15,O,13.15585216,11.7772874,15.12159253,-2.0,1.155593,-0.8444069999999999,-0.0313228815794,0.8130841184205999,0.8130841184205999
polar1m,24,16,H,10.51832387,12.0175409,13.1373806,1.0,0.320171,0.320171,0.0138845294714,-0.3062864705286,0.3062864705286
polar1m,24,17,H,11.71827615,8.8931645,13.56001141,1.0,0.444146,0.444146,0.0189912673086,-0.4251547326914,0.4251547326914
polar1m,24,18,O,10.23833435,13.38640025,11.99022685,-2.0,1.200967,-0.7990330000000001,-0.0338740870357,0.7651589129643,0.7651589129643
polar1m,24,19,H,11.47531712,10.37620756,10.08663007,1.0,0.355076,0.355076,0.0139305889606,-0.3411454110394,0.3411454110394
polar1m,24,20,H,11.21667402,9.46194739,12.25927678,1.0,0.368094,0.368094,0.015093408525,-0.35300059147499996,0.35300059147499996
polar1m,24,21,H,13.43757094,10.73047305,11.99127785,1.0,0.476067,0.476067,0.0490811616182,-0.42698583838180004,0.42698583838180004
polar1m,24,22,H,12.34329927,10.25930343,8.68346384,1.0,0.405533,0.405533,0.022109720856,-0.383423279144,0.383423279144
polar1m,24,23,H,12.41546819,13.10668099,9.75082901,1.0,0.447769,0.447769,0.0244987178594,-0.4232702821406,0.4232702821406
polar1m,24,24,H,12.0,12.0,12.0,1.0,0.432956,0.432956,0.04410366714,-0.38885233286,0.38885233286
polar1m,24,25,H,12.4403447,12.79030544,11.09043187,1.0,0.372803,0.372803,0.0141126774251,-0.3586903225749,0.3586903225749
polar1m,24,26,H,8.78128575,10.44448986,11.38781136,1.0,0.395223,0.395223,0.0324534140527,-0.3627695859473,0.3627695859473
polar1m,24,27,H,12.80064815,13.51615478,13.95166614,1.0,0.406053,0.406053,0.0250436086208,-0.3810093913792,0.3810093913792
polar1m,25,0,O,12.06264434,13.06796415,10.62604865,-2.0,1.230703,-0.7692969999999999,-0.0282719060779,0.7410250939220999,0.7410250939220999
polar1m,25,1,O,13.15453725,11.66946599,12.47015239,-2.0,1.477542,-0.5224580000000001,0.493191361427,1.0156493614270001,1.0156493614270001
polar1m,25,2,H,13.88374602,11.57659325,15.98217,1.0,0.488122,0.488122,0.0262165889144,-0.4619054110856,0.4619054110856
polar1m,25,3,H,9.90351309,11.19146832,14.28004786,1.0,0.392633,0.392633,0.0306660216302,-0.3619669783698,0.3619669783698
polar1m,25,4,O,12.75733083,14.02984296,13.35980417,-2.0,1.249108,-0.7508919999999999,-0.0065708681941,0.7443211318058999,0.7443211318058999
polar1m,25,5,H,11.07037092,14.07829003,11.85120261,1.0,0.392217,0.392217,0.0237001888454,-0.3685168111546,0.3685168111546
polar1m,25,6,O,10.60092043,11.99132672,14.35330014,-2.0,1.243865,-0.756135,-0.0407906472683,0.7153443527317,0.7153443527317
polar1m,25,7,H,10.29203472,13.34637146,13.21828274,1.0,0.382761,0.382761,0.0296914465725,-0.3530695534275,0.3530695534275
polar1m,25,8,O,11.14873881,9.14104795,13.31344213,-2.0,1.24859,-0.7514099999999999,-0.0333328768611,0.7180771231388999,0.7180771231388999
polar1m,25,9,H,9.64118213,11.74951486,11.36141894,1.0,0.374965,0.374965,0.025253681466,-0.349711318534,0.349711318534
polar1m,25,10,H,12.67308436,15.05779952,13.48066517,1.0,0.431032,0.431032,0.0326024629176,-0.39842953708240003,0.39842953708240003
polar1m,25,11,H,13.92525622,12.60832345,12.96527657,1.0,0.416524,0.416524,0.137538552284,-0.278985447716,0.278985447716
polar1m,25,12,O,12.10572028,9.74975913,9.61765717,-2.0,1.232268,-0.7677320000000001,-0.0372907295823,0.7304412704177001,0.7304412704177001
polar1m,25,13,O,10.01167017,10.83939958,11.8144819,-2.0,1.314452,-0.685548,-0.0244082212448,0.6611397787552,0.6611397787552
polar1m,25,14,H,13.34730485,11.71728126,14.370041,1.0,0.37281,0.37281,0.0127708241343,-0.3600391758657,0.3600391758657
polar1m,25,15,O,13.3318485,11.74590765,15.33873839,-2.0,1.139488,-0.8605119999999999,-0.0364455357194,0.8240664642805999,0.8240664642805999
polar1m,25,16,H,10.70102437,11.97715621,13.42140196,1.0,0.359287,0.359287,0.0118495821953,-0.3474374178047,0.3474374178047
polar1m,25,17,H,12.06221425,8.84239076,13.72868707,1.0,0.374844,0.374844,0.0239145774394,-0.3509294225606,0.3509294225606
polar1m,25,18,O,10.43033401,13.36666435,12.17302733,-2.0,1.274509,-0.7254910000000001,-0.0297088325024,0.6957821674976001,0.6957821674976001
polar1m,25,19,H,11.81467493,10.52426424,10.36871666,1.0,0.30435,0.30435,0.0140766464174,-0.29027335358260004,0.29027335358260004
polar1m,25,20,H,11.45638773,9.45226429,12.42178606,1.0,0.368105,0.368105,0.015345800668,-0.352759199332,0.352759199332
polar1m,25,21,H,13.6556487,10.73969844,12.30297825,1.0,0.457921,0.457921,0.0437524244189,-0.41416857558110004,0.41416857558110004
polar1m,25,22,H,12.5574183,10.17942189,8.8981677,1.0,0.429758,0.429758,0.0231863912195,-0.40657160878049997,0.40657160878049997
polar1m,25,23,H,12.72070372,13.28034253,9.97747568,1.0,0.443292,0.443292,0.0290327109396,-0.4142592890604,0.4142592890604
polar1m,25,24,H,12.0,12.0,12.0,1.0,0.422174,0.422174,0.173914432526,-0.248259567474,0.248259567474
polar1m,25,25,H,12.61975937,12.68978044,11.28218417,1.0,0.37683,0.37683,0.0255957059562,-0.3512342940438,0.3512342940438
polar1m,25,26,H,8.9448485,10.37631554,11.75638475,1.0,0.380642,0.380642,0.0388448350132,-0.34179716498679996,0.34179716498679996
polar1m,25,27,H,12.99720271,13.75856913,14.25447079,1.0,0.421209,0.421209,0.0256753526628,-0.3955336473372,0.3955336473372
polar1m,26,0,O,12.21490177,13.14687928,10.7392148,-2.0,1.285588,-0.714412,-0.0103911161423,0.7040208838577,0.7040208838577
polar1m,26,1,O,13.31534538,11.74911324,12.62928419,-2.0,1.401216,-0.598784,0.325374037027,0.924158037027,0.924158037027
polar1m,26,2,H,14.19347454,11.49511838,16.13834965,1.0,0.40202,0.40202,0.0286938585341,-0.3733261414659,0.3733261414659
polar1m,26,3,H,10.07182744,11.2960257,14.40729223,1.0,0.394461,0.394461,0.0292470958084,-0.3652139041916,0.3652139041916
polar1m,26,4,O,12.896131,14.06421939,13.46945254,-2.0,1.264505,-0.735495,-0.0104027017951,0.7250922982049,0.7250922982049
polar1m,26,5,H,11.1662443,14.10854832,12.08180067,1.0,0.409601,0.409601,0.021493088454,-0.388107911546,0.388107911546
polar1m,26,6,O,10.69173747,12.11434718,14.46543972,-2.0,1.219207,-0.7807930000000001,-0.0433400198817,0.7374529801183001,0.7374529801183001
polar1m,26,7,H,10.39495637,13.62586333,13.27392006,1.0,0.398882,0.398882,0.0294122546911,-0.36946974530890003,0.36946974530890003
polar1m,26,8,O,11.26812065,9.2479468,13.39459717,-2.0,1.241223,-0.758777,-0.0325232073665,0.7262537926335,0.7262537926335
polar1m,26,9,H,9.77795725,11.70713434,11.50492901,1.0,0.410525,0.410525,0.0234354119748,-0.3870895880252,0.3870895880252
polar1m,26,10,H,12.61505866,15.12129487,13.72563513,1.0,0.400471,0.400471,0.0365832522511,-0.36388774774890004,0.36388774774890004
polar1m,26,11,H,13.95742125,12.58692674,13.11691564,1.0,0.422716,0.422716,0.0622136741877,-0.36050232581229996,0.36050232581229996
polar1m,26,12,O,12.21208946,9.84956078,9.74478569,-2.0,1.195469,-0.8045310000000001,-0.0338509976864,0.7706800023136001,0.7706800023136001
polar1m,26,13,O,10.15619582,10.8987805,11.91465671,-2.0,1.258024,-0.741976,-0.0170919075608,0.7248840924391999,0.7248840924391999
polar1m,26,14,H,13.54284375,11.93182441,14.41611739,1.0,0.317598,0.317598,0.0140647701919,-0.3035332298081,0.3035332298081
polar1m,26,15,O,13.40936801,11.79621235,15.46747216,-2.0,1.266961,-0.733039,-0.0427687987685,0.6902702012315,0.6902702012315
polar1m,26,16,H,10.86101349,11.97652459,13.55110727,1.0,0.358815,0.358815,0.009037617594,-0.349777382406,0.349777382406
polar1m,26,17,H,12.23342301,8.88374565,13.8026673,1.0,0.35615,0.35615,0.0269553754479,-0.3291946245521,0.3291946245521
polar1m,26,18,O,10.5396173,13.42572573,12.28779672,-2.0,1.271473,-0.7285269999999999,-0.0179662257433,0.7105607742567,0.7105607742567
polar1m,26,19,H,12.12626949,10.57733798,10.39049596,1.0,0.353275,0.353275,0.0108716264367,-0.34240337356330003,0.34240337356330003
polar1m,26,20,H,11.57096408,9.51305556,12.55922404,1.0,0.397392,0.397392,0.0143304988742,-0.3830615011258,0.3830615011258
polar1m,26,21,H,13.72163797,10.95036023,12.55272562,1.0,0.485454,0.485454,0.0385836437345,-0.4468703562655,0.4468703562655
polar1m,26,22,H,12.71596441,10.21965465,9.02310424,1.0,0.429663,0.429663,0.0244760978967,-0.4051869021033,0.4051869021033
polar1m,26,23,H,12.9720646,13.51364519,10.07288405,1.0,0.4143,0.4143,0.0327381007373,-0.3815618992627,0.3815618992627
polar1m,26,24,H,12.0,12.0,12.0,1.0,0.439312,0.439312,0.384581446648,-0.054730553352,0.054730553352
polar1m,26,25,H,12.79718642,12.69803166,11.38956301,1.0,0.365741,0.365741,0.0332260988653,-0.3325149011347,0.3325149011347
polar1m,26,26,H,9.24745166,10.4250166,12.07625251,1.0,0.423466,0.423466,0.0342736132443,-0.3891923867557,0.3891923867557
polar1m,26,27,H,13.11205616,14.05643791,14.46388554,1.0,0.416494,0.416494,0.0287434794009,-0.3877505205991,0.3877505205991
polar1m,27,0,O,12.38254293,13.21789356,10.82621598,-2.0,1.251293,-0.748707,0.0329433828592,0.7816503828592,0.7816503828592
polar1m,27,1,O,13.4806051,11.83500026,12.77519754,-2.0,1.313575,-0.6864250000000001,0.151667356491,0.8380923564910001,0.8380923564910001
polar1m,27,2,H,10.21932851,11.48047654,14.59420886,1.0,0.423089,0.423089,0.0264941882342,-0.39659481176579997,0.39659481176579997
polar1m,27,3,H,9.1875402,9.81752676,10.0954089,1.0,0.375445,0.375445,0.026443567127,-0.34900143287299995,0.34900143287299995
polar1m,27,4,O,13.02787244,14.10355093,13.5702544,-2.0,1.224549,-0.7754509999999999,-0.0141185298562,0.7613324701437999,0.7613324701437999
polar1m,27,5,H,10.61384639,8.15147487,11.92099412,1.0,0.413768,0.413768,0.025468505919,-0.388299494081,0.388299494081
polar1m,27,6,H,11.31030142,14.13055381,12.26857796,1.0,0.418841,0.418841,0.0229407139122,-0.39590028608780004,0.39590028608780004
polar1m,27,7,O,10.78718872,12.22069987,14.55998714,-2.0,1.197037,-0.8029630000000001,-0.051532741636,0.7514302583640001,0.7514302583640001
polar1m,27,8,H,10.4961408,13.8598368,13.22009889,1.0,0.437687,0.437687,0.0306276604533,-0.4070593395467,0.4070593395467
polar1m,27,9,O,11.41413136,9.34536712,13.4645543,-2.0,1.214419,-0.7855810000000001,-0.0315034389496,0.7540775610504001,0.7540775610504001
polar1m,27,10,H,9.9417072,11.69479811,11.66899744,1.0,0.439661,0.439661,0.0312816426158,-0.4083793573842,0.4083793573842
polar1m,27,11,H,12.56224014,14.97128774,13.83624923,1.0,0.414894,0.414894,0.0325263775885,-0.38236762241149996,0.38236762241149996
polar1m,27,12,H,13.97510793,12.5049536,13.16957455,1.0,0.466361,0.466361,0.0325512364507,-0.4338097635493,0.4338097635493
polar1m,27,13,O,9.26000767,10.68057242,9.69453646,-2.0,1.198347,-0.801653,-0.051139973104,0.750513026896,0.750513026896
polar1m,27,14,O,12.3252995,9.94028962,9.85520601,-2.0,1.212221,-0.787779,-0.031274035573,0.756504964427,0.756504964427
polar1m,27,15,O,10.30209317,10.95246322,11.9960693,-2.0,1.257089,-0.7429110000000001,0.00181379169226,0.7447247916922601,0.7447247916922601
polar1m,27,16,H,11.08617068,11.99077602,13.58568593,1.0,0.32343,0.32343,0.00951464101672,-0.31391535898328,0.31391535898328
polar1m,27,17,O,10.50188339,8.5736277,11.07727966,-2.0,1.196323,-0.803677,-0.0261629298329,0.7775140701671,0.7775140701671
polar1m,27,18,H,12.23191871,8.97854708,13.8144033,1.0,0.421221,0.421221,0.0257132537663,-0.3955077462337,0.3955077462337
polar1m,27,19,O,10.65255596,13.4811847,12.39191891,-2.0,1.241799,-0.7582009999999999,-0.0058211684227,0.7523798315772999,0.7523798315772999
polar1m,27,20,H,12.44690197,10.63180943,10.39245301,1.0,0.385382,0.385382,0.0100118741393,-0.3753701258607,0.3753701258607
polar1m,27,21,H,11.69272474,9.61564729,12.58706187,1.0,0.380198,0.380198,0.015587888658,-0.364610111342,0.364610111342
polar1m,27,22,H,10.06280889,10.82592439,10.23426757,1.0,0.366297,0.366297,0.013929978013,-0.352367021987,0.352367021987
polar1m,27,23,H,13.90010612,10.98723107,12.76487809,1.0,0.466917,0.466917,0.0355695039034,-0.4313474960966,0.4313474960966
polar1m,27,24,H,12.90574287,10.29276476,9.10631226,1.0,0.402775,0.402775,0.0286439415067,-0.3741310584933,0.3741310584933
polar1m,27,25,H,13.0886342,13.64966379,10.27395693,1.0,0.448402,0.448402,0.0334774553776,-0.4149245446224,0.4149245446224
polar1m,27,26,H,12.0,12.0,12.0,1.0,0.449109,0.449109,0.494364380836,0.045255380836,0.045255380836
polar1m,27,27,H,13.00753726,12.76458997,11.41282442,1.0,0.376698,0.376698,0.0284872818738,-0.34821071812619997,0.34821071812619997
polar1m,27,28,H,9.71379832,8.49083892,10.49679771,1.0,0.401199,0.401199,0.0339994579554,-0.3671995420446,0.3671995420446
polar1m,27,29,H,9.64643196,10.46125897,12.3735431,1.0,0.456426,0.456426,0.0359373912215,-0.42048860877850003,0.42048860877850003
polar1m,27,30,H,13.25222018,14.25264988,14.55256101,1.0,0.425548,0.425548,0.0315573662519,-0.3939906337481,0.3939906337481
polar1m,28,0,O,12.528832,13.22188447,10.90499173,-2.0,1.21079,-0.78921,0.0620071068406,0.8512171068405999,0.8512171068405999
polar1m,28,1,O,13.61072181,11.84754005,12.90675149,-2.0,1.310282,-0.689718,0.0555170327425,0.7452350327425,0.7452350327425
polar1m,28,2,H,10.22720218,11.55772314,14.82537394,1.0,0.410652,0.410652,0.0292723942548,-0.3813796057452,0.3813796057452
polar1m,28,3,H,9.29860735,9.78285772,10.24074805,1.0,0.371386,0.371386,0.0299230311066,-0.3414629688934,0.3414629688934
polar1m,28,4,O,13.12512836,14.08662878,13.67260576,-2.0,1.183439,-0.8165610000000001,-0.0120243802667,0.8045366197333,0.8045366197333
polar1m,28,5,H,11.5234472,14.10434386,12.3518813,1.0,0.387455,0.387455,0.0254972055554,-0.36195779444459997,0.36195779444459997
polar1m,28,6,O,10.86931123,12.26171987,14.63635081,-2.0,1.197542,-0.8024579999999999,-0.0459975078702,0.7564604921297999,0.7564604921297999
polar1m,28,7,H,10.49418983,13.99021926,13.28308771,1.0,0.422381,0.422381,0.0344097577035,-0.3879712422965,0.3879712422965
polar1m,28,8,O,11.54498923,9.38647008,13.52321306,-2.0,1.173921,-0.826079,-0.0313739776611,0.7947050223389001,0.7947050223389001
polar1m,28,9,H,9.98051259,11.81626656,11.78104412,1.0,0.415626,0.415626,0.036212362349,-0.379413637651,0.379413637651
polar1m,28,10,H,12.45474889,14.72004639,13.81469089,1.0,0.427741,0.427741,0.0292101223022,-0.3985308776978,0.3985308776978
polar1m,28,11,H,14.11455594,12.52166065,13.27507797,1.0,0.454584,0.454584,0.0306745767593,-0.42390942324069997,0.42390942324069997
polar1m,28,12,O,9.40050424,10.71336794,9.79112099,-2.0,1.219403,-0.780597,-0.0461060777307,0.7344909222693,0.7344909222693
polar1m,28,13,O,12.42105884,9.96156224,9.94472455,-2.0,1.287563,-0.712437,-0.0289807096124,0.6834562903876,0.6834562903876
polar1m,28,14,O,10.44018803,10.94065573,12.07104406,-2.0,1.360024,-0.6399760000000001,0.058073580265,0.6980495802650001,0.6980495802650001
polar1m,28,15,H,11.27352023,12.00807405,13.75827431,1.0,0.344884,0.344884,0.00929901003838,-0.33558498996162,0.33558498996162
polar1m,28,16,H,12.25763801,8.9718027,13.87414332,1.0,0.456032,0.456032,0.0270934011787,-0.4289385988213,0.4289385988213
polar1m,28,17,O,10.74318342,13.47510859,12.48522937,-2.0,1.293977,-0.7060230000000001,-0.000429511070251,0.705593488929749,0.705593488929749
polar1m,28,18,H,12.73701739,10.78687166,10.55102269,1.0,0.303072,0.303072,0.0126824937761,-0.29038950622390003,0.29038950622390003
polar1m,28,19,H,11.77355697,9.68026582,12.58419246,1.0,0.371623,0.371623,0.0169011726975,-0.35472182730249996,0.35472182730249996
polar1m,28,20,H,10.25830362,10.75442841,10.29468813,1.0,0.357403,0.357403,0.0121102966368,-0.3452927033632,0.3452927033632
polar1m,28,21,H,14.11694932,10.90613922,12.96001299,1.0,0.421205,0.421205,0.0374456308782,-0.3837593691218,0.3837593691218
polar1m,28,22,H,13.03512687,10.28037463,9.22547042,1.0,0.422035,0.422035,0.0293463505805,-0.3926886494195,0.3926886494195
polar1m,28,23,H,13.14034366,13.69835578,10.47151831,1.0,0.487607,0.487607,0.0349619016051,-0.4526450983949,0.4526450983949
polar1m,28,24,H,12.0,12.0,12.0,1.0,0.436642,0.436642,0.492192953825,0.05555095382500003,0.05555095382500003
polar1m,28,25,H,13.21695672,12.79302942,11.42112009,1.0,0.39049,0.39049,0.0290615931153,-0.3614284068847,0.3614284068847
polar1m,28,26,H,9.91042259,10.34595227,12.70951192,1.0,0.437323,0.437323,0.040581766516,-0.39674123348400003,0.39674123348400003
polar1m,28,27,H,13.44092951,14.27752808,14.55543541,1.0,0.444917,0.444917,0.0324384346604,-0.41247856533960003,0.41247856533960003
polar1m,29,0,O,12.66748149,13.15425437,10.98269452,-2.0,1.286401,-0.7135990000000001,0.0983694717288,0.8119684717288,0.8119684717288
polar1m,29,1,O,13.73807408,11.77448783,13.02233806,-2.0,1.313446,-0.6865540000000001,-0.00198820978403,0.6845657902159701,0.6845657902159701
polar1m,29,2,H,10.22183991,11.58702969,15.02691744,1.0,0.398398,0.398398,0.0315722748637,-0.36682572513629996,0.36682572513629996
polar1m,29,3,H,9.37441952,9.82904259,10.33758276,1.0,0.403858,0.403858,0.032313387841,-0.371544612159,0.371544612159
polar1m,29,4,O,13.21559583,14.00696805,13.76547069,-2.0,1.230938,-0.7690619999999999,-0.0153171867132,0.7537448132867999,0.7537448132867999
polar1m,29,5,H,11.69100492,13.91146905,12.36562201,1.0,0.381088,0.381088,0.0246356353164,-0.3564523646836,0.3564523646836
polar1m,29,6,O,7.60783292,9.55501785,8.73000279,-2.0,1.16742,-0.8325800000000001,-0.0581581331789,0.7744218668211001,0.7744218668211001
polar1m,29,7,O,10.95673716,12.23999855,14.70294114,-2.0,1.182338,-0.8176620000000001,-0.0408352203667,0.7768267796333002,0.7768267796333002
polar1m,29,8,H,10.45076839,13.96691248,13.34813365,1.0,0.412582,0.412582,0.0366950668395,-0.3758869331605,0.3758869331605
polar1m,29,9,H,8.56225646,9.69689747,9.18489434,1.0,0.35297,0.35297,0.0202525109053,-0.3327174890947,0.3327174890947
polar1m,29,10,O,11.67666848,9.38030504,13.56110487,-2.0,1.224365,-0.7756350000000001,-0.0301667973399,0.7454682026601,0.7454682026601
polar1m,29,11,H,10.02550697,11.78335821,11.95583466,1.0,0.404461,0.404461,0.0358953848481,-0.3685656151519,0.3685656151519
polar1m,29,12,H,12.28300071,14.47775624,13.74701525,1.0,0.382359,0.382359,0.0295794270933,-0.3527795729067,0.3527795729067
polar1m,29,13,H,7.34757592,10.39051616,9.10942076,1.0,0.401258,0.401258,0.0254766084254,-0.3757813915746,0.3757813915746
polar1m,29,14,H,14.38972663,12.6251732,13.43519079,1.0,0.388391,0.388391,0.0391116142273,-0.3492793857727,0.3492793857727
polar1m,29,15,O,9.54944392,10.672754,9.88204322,-2.0,1.23936,-0.76064,-0.0308130383492,0.7298269616508,0.7298269616508
polar1m,29,16,O,12.52739377,9.93510986,10.02801575,-2.0,1.274804,-0.725196,-0.0275174677372,0.6976785322628,0.6976785322628
polar1m,29,17,O,10.5795961,10.87516814,12.13869606,-2.0,1.39141,-0.60859,0.0898030698299,0.6983930698298999,0.6983930698298999
polar1m,29,18,H,11.45001644,11.98061083,13.9846257,1.0,0.389378,0.389378,0.00999086350203,-0.37938713649797,0.37938713649797
polar1m,29,19,H,12.46215645,8.8156874,14.00757846,1.0,0.407642,0.407642,0.0320504531264,-0.3755915468736,0.3755915468736
polar1m,29,20,O,10.84165363,13.42090309,12.56926709,-2.0,1.303786,-0.6962140000000001,0.000806406140327,0.6970204061403271,0.6970204061403271
polar1m,29,21,H,12.93888108,10.75077482,10.64255561,1.0,0.302329,0.302329,0.0143312849104,-0.28799771508960004,0.28799771508960004
polar1m,29,22,H,11.83826261,9.66034783,12.66138581,1.0,0.396519,0.396519,0.0159922875464,-0.38052671245360004,0.38052671245360004
polar1m,29,23,H,10.44847165,10.67445772,10.30214601,1.0,0.373061,0.373061,0.0159339755774,-0.35712702442259997,0.35712702442259997
polar1m,29,24,H,14.26656989,10.94862212,13.12683048,1.0,0.427081,0.427081,0.0297096967697,-0.3973713032303,0.3973713032303
polar1m,29,25,H,13.14254466,10.1762755,9.35008002,1.0,0.443094,0.443094,0.028676731512,-0.414417268488,0.414417268488
polar1m,29,26,H,13.30926891,13.80489636,10.50775949,1.0,0.456597,0.456597,0.0377938002348,-0.4188031997652,0.4188031997652
polar1m,29,27,H,12.0,12.0,12.0,1.0,0.421772,0.421772,0.454035550356,0.03226355035600004,0.03226355035600004
polar1m,29,28,H,13.4487456,12.74677991,11.45644415,1.0,0.385914,0.385914,0.0267797224224,-0.35913427757759997,0.35913427757759997
polar1m,29,29,H,10.19843172,10.2587297,12.94655155,1.0,0.418277,0.418277,0.0423803813756,-0.3758966186244,0.3758966186244
polar1m,29,30,H,13.70968229,14.21136797,14.56603189,1.0,0.438703,0.438703,0.0326104424894,-0.4060925575106,0.4060925575106
polar1m,30,0,H,11.52715236,8.04767631,10.94459617,1.0,0.354515,0.354515,0.0147104822099,-0.3398045177901,0.3398045177901
polar1m,30,1,O,12.93546969,8.31714576,10.67535625,-2.0,1.239205,-0.7607950000000001,-0.00416738539934,0.7566276146006601,0.7566276146006601
polar1m,30,2,H,14.30367382,10.93317457,13.99123959,1.0,0.398653,0.398653,0.0195265114307,-0.3791264885693,0.3791264885693
polar1m,30,3,H,13.54032741,13.01359687,10.59225418,1.0,0.456344,0.456344,0.0145898293704,-0.44175417062960004,0.44175417062960004
polar1m,30,4,O,11.89689052,8.93055592,13.30529117,-2.0,1.255858,-0.7441420000000001,-0.0371455177665,0.7069964822335001,0.7069964822335001
polar1m,30,5,H,13.19655303,12.77551512,13.57218416,1.0,0.39295,0.39295,0.0159220546484,-0.3770279453516,0.3770279453516
polar1m,30,6,H,13.73786468,11.04400091,12.41088573,1.0,0.395085,0.395085,0.011840801686,-0.38324419831400003,0.38324419831400003
polar1m,30,7,H,10.4104663,13.07582345,13.15867034,1.0,0.398596,0.398596,0.0188557766378,-0.3797402233622,0.3797402233622
polar1m,30,8,H,10.22993541,9.55448554,16.02262171,1.0,0.398448,0.398448,0.0177899263799,-0.3806580736201,0.3806580736201
polar1m,30,9,H,11.56547427,13.58235993,8.47129607,1.0,0.427941,0.427941,0.0196842625737,-0.40825673742630003,0.40825673742630003
polar1m,30,10,H,10.32013438,7.19984348,10.74122597,1.0,0.389572,0.389572,0.0135210063308,-0.3760509936692,0.3760509936692
polar1m,30,11,H,10.48247495,13.08001555,10.48458808,1.0,0.37473,0.37473,0.0168074052781,-0.3579225947219,0.3579225947219
polar1m,30,12,H,12.28303925,12.17731512,9.44276157,1.0,0.399635,0.399635,0.0203733555973,-0.3792616444027,0.3792616444027
polar1m,30,13,O,10.05193829,9.51620967,16.9912335,-2.0,1.070045,-0.9299550000000001,-0.0560943633318,0.8738606366682001,0.8738606366682001
polar1m,30,14,H,11.90707159,9.26658952,12.37337631,1.0,0.354149,0.354149,0.0208269953728,-0.33332200462719996,0.33332200462719996
polar1m,30,15,H,12.59907446,8.29739107,13.21522148,1.0,0.404581,0.404581,0.0194981321692,-0.38508286783080004,0.38508286783080004
polar1m,30,16,H,9.80841609,8.89888302,17.58634455,1.0,0.453625,0.453625,0.0146187879145,-0.4390062120855,0.4390062120855
polar1m,30,17,H,12.0,12.0,12.0,1.0,0.383736,0.383736,0.0185508206487,-0.3651851793513,0.3651851793513
polar1m,30,18,H,10.46441203,10.23423705,13.74984694,1.0,0.406805,0.406805,0.0195170193911,-0.3872879806089,0.3872879806089
polar1m,30,19,O,14.15883093,10.571923,13.05242072,-2.0,1.115512,-0.8844879999999999,-0.0573548153043,0.8271331846957,0.8271331846957
polar1m,30,20,H,11.25532106,11.77412731,10.76028986,1.0,0.360025,0.360025,0.020469699055,-0.33955530094499997,0.33955530094499997
polar1m,30,21,O,11.6772038,12.60934801,8.78411717,-2.0,1.224501,-0.7754989999999999,-0.0284755900502,0.7470234099498,0.7470234099498
polar1m,30,22,H,11.11393431,12.23562082,14.25341156,1.0,0.395224,0.395224,0.0243377219886,-0.3708862780114,0.3708862780114
polar1m,30,23,O,10.76114929,7.58622839,11.50557571,-2.0,1.141578,-0.858422,-0.073346786201,0.785075213799,0.785075213799
polar1m,30,24,O,11.27033742,13.05184251,13.62847444,-2.0,1.23975,-0.7602500000000001,-0.0357438474894,0.7245061525106001,0.7245061525106001
polar1m,30,25,H,15.11067371,13.03342186,11.00906487,1.0,0.435848,0.435848,0.0214902292937,-0.41435777070630003,0.41435777070630003
polar1m,30,26,O,9.94188191,10.26341085,14.57703926,-2.0,1.233194,-0.7668060000000001,-0.0288855582476,0.7379204417524001,0.7379204417524001
polar1m,30,27,O,13.60139003,12.53707701,14.38086303,-2.0,1.213737,-0.7862629999999999,-0.0309775769711,0.7552854230288999,0.7552854230288999
polar1m,30,28,O,14.11718086,12.91201222,11.14068329,-2.0,1.136838,-0.863162,-0.0277063064277,0.8354556935723,0.8354556935723
polar1m,30,29,H,11.13114159,13.72453514,11.64182878,1.0,0.371813,0.371813,0.0204772595316,-0.3513357404684,0.3513357404684
polar1m,30,30,O,10.2178497,13.37112601,11.37219807,-2.0,1.261527,-0.7384729999999999,-0.0331637337804,0.7053092662195999,0.7053092662195999
polar1m,30,31,H,14.42955825,12.98458787,14.52747879,1.0,0.415112,0.415112,0.0172228887677,-0.3978891112323,0.3978891112323
polar1m,30,32,H,12.91316778,8.7420061,11.50845016,1.0,0.397158,0.397158,0.0271891653538,-0.3699688346462,0.3699688346462
polar1m,30,33,H,13.72783823,7.85664899,10.65475086,1.0,0.453492,0.453492,0.0192799624056,-0.4342120375944,0.4342120375944
polar1m,30,34,O,11.69692259,11.29966924,11.52444953,-2.0,1.237102,-0.7628980000000001,-0.0369064286351,0.7259915713649001,0.7259915713649001
polar1m,30,35,H,9.33696347,9.52080075,14.85974994,1.0,0.413117,0.413117,0.0228677671403,-0.39024923285970003,0.39024923285970003
polar1m,31,0,H,11.27792832,8.1963676,10.46828598,1.0,0.357784,0.357784,0.0228755585849,-0.3349084414151,0.3349084414151
polar1m,31,1,O,12.73186671,8.36562321,10.25567494,-2.0,1.204775,-0.7952250000000001,-0.285615950823,0.509609049177,0.509609049177
polar1m,31,2,H,14.01355896,10.88840025,13.48881126,1.0,0.423764,0.423764,0.0165961198509,-0.4071678801491,0.4071678801491
polar1m,31,3,H,13.26424603,13.36685958,9.94380768,1.0,0.357343,0.357343,0.0182541217655,-0.3390888782345,0.3390888782345
polar1m,31,4,O,11.69794936,9.02608585,12.92585182,-2.0,1.323445,-0.676555,-0.0502812191844,0.6262737808156,0.6262737808156
polar1m,31,5,H,13.9632349,6.00649057,10.45234156,1.0,0.390861,0.390861,0.0321906618774,-0.3586703381226,0.3586703381226
polar1m,31,6,H,12.95517212,12.92314157,13.24902753,1.0,0.384836,0.384836,0.0166453123093,-0.3681906876907,0.3681906876907
polar1m,31,7,H,13.42302151,11.04324322,11.95398143,1.0,0.385105,0.385105,0.0147960409522,-0.3703089590478,0.3703089590478
polar1m,31,8,H,10.10405107,13.13171294,12.78299278,1.0,0.397831,0.397831,0.0231981351972,-0.3746328648028,0.3746328648028
polar1m,31,9,H,11.36904585,13.51604986,8.05712075,1.0,0.463364,0.463364,0.0176742691547,-0.4456897308453,0.4456897308453
polar1m,31,10,H,9.99199234,7.15153762,10.30551016,1.0,0.342704,0.342704,0.0252921972424,-0.3174118027576,0.3174118027576
polar1m,31,11,H,10.34681919,13.25200094,9.96840628,1.0,0.34642,0.34642,0.0159324146807,-0.3304875853193,0.3304875853193
polar1m,31,12,H,11.96322947,12.21969922,9.07715185,1.0,0.419926,0.419926,0.0199347194284,-0.39999128057160005,0.39999128057160005
polar1m,31,13,H,11.8626867,9.35987027,11.90562142,1.0,0.32386,0.32386,0.027750428766,-0.296109571234,0.296109571234
polar1m,31,14,H,12.53063236,8.40031622,12.80259201,1.0,0.359345,0.359345,0.0193394497037,-0.34000555029630003,0.34000555029630003
polar1m,31,15,H,15.37704077,6.79282213,10.88642335,1.0,0.42344,0.42344,0.0246088951826,-0.3988311048174,0.3988311048174
polar1m,31,16,H,12.0,12.0,12.0,1.0,0.321453,0.321453,0.0448895506561,-0.2765634493439,0.2765634493439
polar1m,31,17,H,10.31069415,10.36182223,13.38920547,1.0,0.372826,0.372826,0.0168180689216,-0.3560079310784,0.3560079310784
polar1m,31,18,O,13.92899458,10.60151313,12.63818319,-2.0,1.126835,-0.873165,-0.0540361963212,0.8191288036787999,0.8191288036787999
polar1m,31,19,O,11.87451775,5.64546058,9.93638669,-2.0,1.171974,-0.8280259999999999,-0.103012092412,0.7250139075879999,0.7250139075879999
polar1m,31,20,H,14.88684019,12.3708275,15.08666993,1.0,0.400805,0.400805,0.018118146807,-0.382686853193,0.382686853193
polar1m,31,21,O,14.57220669,6.89289991,10.26191019,-2.0,1.36084,-0.63916,0.231329411268,0.870489411268,0.870489411268
polar1m,31,22,H,10.95918087,11.67695485,10.46760907,1.0,0.415812,0.415812,0.0172779280692,-0.39853407193080004,0.39853407193080004
polar1m,31,23,O,15.03850254,12.92942157,15.81647282,-2.0,1.201718,-0.7982819999999999,-0.0466986000538,0.7515833999461999,0.7515833999461999
polar1m,31,24,O,11.49558297,12.66802301,8.36755941,-2.0,1.161993,-0.838007,-0.030147023499,0.8078599765009999,0.8078599765009999
polar1m,31,25,H,10.88083372,12.36198214,13.67003457,1.0,0.424926,0.424926,0.0228518433869,-0.40207415661310003,0.40207415661310003
polar1m,31,26,O,10.5946397,7.64668313,11.10420237,-2.0,1.321588,-0.678412,-0.0495713874698,0.6288406125302,0.6288406125302
polar1m,31,27,O,11.07079485,13.15619814,13.19812429,-2.0,1.260299,-0.7397009999999999,-0.0245674625039,0.7151335374961,0.7151335374961
polar1m,31,28,H,14.80182839,13.1624644,10.68812828,1.0,0.443925,0.443925,0.0171514675021,-0.4267735324979,0.4267735324979
polar1m,31,29,O,9.6986865,10.31889246,14.24475972,-2.0,1.181513,-0.818487,-0.0488139912486,0.7696730087514,0.7696730087514
polar1m,31,30,O,13.38209566,12.60588592,14.04432997,-2.0,1.217587,-0.782413,-0.0282492786646,0.7541637213354,0.7541637213354
polar1m,31,31,H,11.36291477,6.51087171,10.5291191,1.0,0.342351,0.342351,0.0268847458065,-0.3154662541935,0.3154662541935
polar1m,31,32,O,13.89554169,12.93686351,10.70977784,-2.0,1.221107,-0.7788930000000001,-0.0289454832673,0.7499475167327001,0.7499475167327001
polar1m,31,33,H,10.8636952,13.7707568,11.31697528,1.0,0.367528,0.367528,0.0171925276518,-0.3503354723482,0.3503354723482
polar1m,31,34,O,9.96814679,13.44887123,10.92871312,-2.0,1.266687,-0.7333130000000001,-0.0409237556159,0.6923892443841001,0.6923892443841001
polar1m,31,35,H,14.18877739,13.04522514,14.07372847,1.0,0.408217,0.408217,0.0212636478245,-0.3869533521755,0.3869533521755
polar1m,31,36,H,12.68085555,8.79459865,11.14351012,1.0,0.331553,0.331553,0.0254565514624,-0.3060964485376,0.3060964485376
polar1m,31,37,H,13.75374095,7.79611246,10.29887965,1.0,0.371084,0.371084,0.037164375186,-0.333919624814,0.333919624814
polar1m,31,38,O,11.51065735,11.37024656,11.09885465,-2.0,1.235348,-0.7646520000000001,-0.0540358312428,0.7106161687572001,0.7106161687572001
polar1m,31,39,H,14.02457813,13.05943175,15.95803656,1.0,0.389109,0.389109,0.0197615269572,-0.36934747304279997,0.36934747304279997
polar1m,31,40,H,9.06327967,9.55561781,14.45475055,1.0,0.414713,0.414713,0.0183247812092,-0.3963882187908,0.3963882187908
polar1m,31,41,H,12.52504947,5.87466369,9.18959357,1.0,0.363406,0.363406,0.0153254140168,-0.3480805859832,0.3480805859832
polar1m,32,0,O,12.68841857,8.49061219,10.0234398,-2.0,1.055308,-0.9446920000000001,-0.747838199139,0.19685380086100013,0.19685380086100013
polar1m,32,1,H,13.85981501,10.98044109,13.30588639,1.0,0.403437,0.403437,0.02010153234,-0.38333546766,0.38333546766
polar1m,32,2,H,13.23971961,13.75238512,9.52371778,1.0,0.285304,0.285304,0.0374000631273,-0.24790393687270001,0.24790393687270001
polar1m,32,3,O,11.66742042,9.19629505,12.71768944,-2.0,1.22789,-0.7721100000000001,-0.04837654531,0.72373345469,0.72373345469
polar1m,32,4,H,13.87032005,6.12279757,10.26477207,1.0,0.409201,0.409201,0.0421561226249,-0.3670448773751,0.3670448773751
polar1m,32,5,H,12.85860387,13.15586413,13.1054275,1.0,0.377744,0.377744,0.0163073912263,-0.36143660877370004,0.36143660877370004
polar1m,32,6,H,13.25132759,11.17651596,11.72729848,1.0,0.357534,0.357534,0.0222711674869,-0.3352628325131,0.3352628325131
polar1m,32,7,H,10.06855155,13.31194744,12.61541806,1.0,0.414954,0.414954,0.0229859557003,-0.3919680442997,0.3919680442997
polar1m,32,8,H,10.28995269,13.53246747,9.74054635,1.0,0.39072,0.39072,0.0184351056814,-0.3722848943186,0.3722848943186
polar1m,32,9,H,11.8563983,9.54242788,11.8614626,1.0,0.385563,0.385563,0.0186204351485,-0.3669425648515,0.3669425648515
polar1m,32,10,H,12.52737692,8.62924645,12.68224689,1.0,0.370999,0.370999,0.0186422187835,-0.35235678121650005,0.35235678121650005
polar1m,32,11,H,15.43498568,6.85941803,10.65266493,1.0,0.385214,0.385214,0.0433863550425,-0.3418276449575,0.3418276449575
polar1m,32,12,H,12.0,12.0,12.0,1.0,0.300756,0.300756,0.0955661162734,-0.20518988372660002,0.20518988372660002
polar1m,32,13,H,10.20369407,10.47530437,13.34785494,1.0,0.40081,0.40081,0.0143467970192,-0.3864632029808,0.3864632029808
polar1m,32,14,O,13.86103027,10.69660994,12.39323979,-2.0,1.258779,-0.7412209999999999,-0.046452075243,0.6947689247569999,0.6947689247569999
polar1m,32,15,H,14.5626081,10.29459122,11.00289523,1.0,0.350031,0.350031,0.0117460787296,-0.3382849212704,0.3382849212704
polar1m,32,16,H,14.76245214,12.52465826,14.81884994,1.0,0.392107,0.392107,0.0180320888758,-0.3740749111242,0.3740749111242
polar1m,32,17,O,14.47976451,7.05808797,10.01667111,-2.0,1.475782,-0.5242180000000001,0.634829103947,1.159047103947,1.159047103947
polar1m,32,18,H,10.7131448,11.75772564,10.29617036,1.0,0.400943,0.400943,0.0154202133417,-0.3855227866583,0.3855227866583
polar1m,32,19,O,14.9647103,13.0498398,15.58803983,-2.0,1.202058,-0.7979419999999999,-0.0508768633008,0.7470651366991999,0.7470651366991999
polar1m,32,20,H,10.85610189,12.49628063,13.33066108,1.0,0.423312,0.423312,0.0239970479161,-0.3993149520839,0.3993149520839
polar1m,32,21,O,11.01922623,13.33582496,12.94854552,-2.0,1.261587,-0.738413,-0.0171259790659,0.7212870209341,0.7212870209341
polar1m,32,22,H,14.72755744,13.41959334,10.49975397,1.0,0.40928,0.40928,0.0162506941706,-0.3930293058294,0.3930293058294
polar1m,32,23,O,9.62388751,10.45000394,14.09495652,-2.0,1.137059,-0.862941,-0.0439378023148,0.8190031976851999,0.8190031976851999
polar1m,32,24,O,13.31408456,12.74916814,13.89308533,-2.0,1.26485,-0.73515,-0.0273842811584,0.7077657188416,0.7077657188416
polar1m,32,25,O,13.82212434,13.03590331,10.46254241,-2.0,1.334362,-0.665638,-0.0322318598628,0.6334061401372,0.6334061401372
polar1m,32,26,H,10.64960054,13.85532137,11.14519354,1.0,0.408251,0.408251,0.0143920574337,-0.3938589425663,0.3938589425663
polar1m,32,27,O,9.8892458,13.60056024,10.66054625,-2.0,1.219111,-0.7808889999999999,-0.0381415970623,0.7427474029376999,0.7427474029376999
polar1m,32,28,H,14.20322122,13.24148222,13.76635153,1.0,0.384251,0.384251,0.0246880110353,-0.3595629889647,0.3595629889647
polar1m,32,29,H,12.66195087,8.87844189,10.88603523,1.0,0.311776,0.311776,0.0120257586241,-0.2997502413759,0.2997502413759
polar1m,32,30,O,14.43817551,10.15686786,9.98893666,-2.0,1.215818,-0.7841819999999999,-0.0858205929399,0.6983614070601,0.6983614070601
polar1m,32,31,H,13.8550242,7.83909239,10.11894803,1.0,0.383177,0.383177,0.0205786004663,-0.3625983995337,0.3625983995337
polar1m,32,32,O,11.50043109,11.50975655,10.8732706,-2.0,1.27662,-0.7233799999999999,-0.0858096256852,0.6375703743147999,0.6375703743147999
polar1m,32,33,H,13.31575134,10.53219601,9.8473731,1.0,0.307077,0.307077,0.02281383425,-0.28426316575,0.28426316575
polar1m,32,34,H,13.99739405,13.35895742,15.78388823,1.0,0.387122,0.387122,0.0201086215675,-0.36701337843250004,0.36701337843250004
polar1m,32,35,H,8.95595627,9.75845466,14.16228081,1.0,0.431214,0.431214,0.0188940577209,-0.41231994227909996,0.41231994227909996
polar1m,33,0,O,14.72554211,15.27769477,12.19387698,-2.0,1.185995,-0.8140050000000001,-0.044919308275,0.7690856917250001,0.7690856917250001
polar1m,33,1,H,13.84485742,11.13689655,13.34867241,1.0,0.371919,0.371919,0.024690920487,-0.347228079513,0.347228079513
polar1m,33,2,H,13.47968235,14.07942035,9.45194434,1.0,0.280756,0.280756,0.0557044260204,-0.22505157397960002,0.22505157397960002
polar1m,33,3,O,11.79498042,9.41448569,12.72022395,-2.0,1.15351,-0.84649,-0.0399239510298,0.8065660489702,0.8065660489702
polar1m,33,4,H,12.91214486,13.40564398,13.22037673,1.0,0.376779,0.376779,0.01551079005,-0.36126820995,0.36126820995
polar1m,33,5,H,13.31205316,11.33648183,11.83256954,1.0,0.365697,0.365697,0.018459636718,-0.347237363282,0.347237363282
polar1m,33,6,H,10.22140025,13.60263537,12.6472877,1.0,0.438327,0.438327,0.0216866210103,-0.4166403789897,0.4166403789897
polar1m,33,7,H,10.35582062,13.86539557,9.76007665,1.0,0.433562,0.433562,0.0162644349039,-0.4172975650961,0.4172975650961
polar1m,33,8,H,11.93215566,9.88828896,11.9673188,1.0,0.403207,0.403207,0.0139644779265,-0.38924252207349996,0.38924252207349996
polar1m,33,9,H,12.59534978,8.936847,12.85564644,1.0,0.43034,0.43034,0.0206066649407,-0.4097333350593,0.4097333350593
polar1m,33,10,H,12.0,12.0,12.0,1.0,0.297068,0.297068,0.0512047819793,-0.2458632180207,0.2458632180207
polar1m,33,11,H,10.27270753,10.5743169,13.45205458,1.0,0.406358,0.406358,0.012766007334,-0.393591992666,0.393591992666
polar1m,33,12,O,13.94215676,10.84566264,12.34224545,-2.0,1.293689,-0.7063109999999999,-0.0391077250242,0.6672032749757999,0.6672032749757999
polar1m,33,13,H,14.60417329,10.4957998,10.98593454,1.0,0.378476,0.378476,0.0131889097393,-0.3652870902607,0.3652870902607
polar1m,33,14,H,14.85997386,12.65813701,14.79252419,1.0,0.392841,0.392841,0.0181819796562,-0.3746590203438,0.3746590203438
polar1m,33,15,H,10.68019595,11.9098489,10.42880833,1.0,0.383506,0.383506,0.0194176360965,-0.3640883639035,0.3640883639035
polar1m,33,16,O,15.03487871,13.22583077,15.56829033,-2.0,1.159911,-0.8400890000000001,-0.0513530597091,0.7887359402909001,0.7887359402909001
polar1m,33,17,H,11.0273538,12.59490513,13.2817184,1.0,0.382161,0.382161,0.0271521769464,-0.3550088230536,0.3550088230536
polar1m,33,18,O,11.11198625,13.57116234,12.90250441,-2.0,1.277492,-0.7225079999999999,-0.0195463821292,0.7029616178707999,0.7029616178707999
polar1m,33,19,H,14.8093773,13.70761847,10.46364345,1.0,0.376448,0.376448,0.0213764552027,-0.3550715447973,0.3550715447973
polar1m,33,20,O,9.7058231,10.63924657,14.15659622,-2.0,1.132675,-0.8673249999999999,-0.0401830859482,0.8271419140517999,0.8271419140517999
polar1m,33,21,O,13.40017098,12.9554506,13.93976868,-2.0,1.256723,-0.743277,-0.0299266055226,0.7133503944774,0.7133503944774
polar1m,33,22,O,13.89483481,13.19730061,10.4130476,-2.0,1.427171,-0.572829,-0.0350426360965,0.5377863639035,0.5377863639035
polar1m,33,23,H,10.65265651,14.00075799,11.20763226,1.0,0.398735,0.398735,0.0138437133282,-0.3848912866718,0.3848912866718
polar1m,33,24,H,14.39789366,14.56374928,11.62384145,1.0,0.369351,0.369351,0.0104987174273,-0.35885228257269997,0.35885228257269997
polar1m,33,25,O,9.96200399,13.80272344,10.58811389,-2.0,1.177622,-0.822378,-0.0410542562604,0.7813237437396,0.7813237437396
polar1m,33,26,H,14.08450263,15.72102664,12.82851981,1.0,0.409687,0.409687,0.0187273956835,-0.3909596043165,0.3909596043165
polar1m,33,27,H,14.28449563,13.42550048,13.65464955,1.0,0.374236,0.374236,0.0258395019919,-0.3483964980081,0.3483964980081
polar1m,33,28,O,14.54034081,10.37801309,9.99249212,-2.0,1.20329,-0.79671,-0.080542743206,0.7161672567940001,0.7161672567940001
polar1m,33,29,O,11.64923247,11.70108362,10.85851898,-2.0,1.318262,-0.681738,-0.0491072684526,0.6326307315473999,0.6326307315473999
polar1m,33,30,H,13.43147512,10.78753354,9.99553838,1.0,0.289056,0.289056,0.0155433602631,-0.2735126397369,0.2735126397369
polar1m,33,31,H,14.25889602,13.67281498,15.83305393,1.0,0.425929,0.425929,0.0178750809282,-0.4080539190718,0.4080539190718
polar1m,33,32,H,8.96953002,10.03400504,14.05703817,1.0,0.429222,0.429222,0.0182033646852,-0.4110186353148,0.4110186353148
polar1m,34,0,H,14.00106868,11.24945537,13.48325454,1.0,0.395158,0.395158,0.0207486525178,-0.3744093474822,0.3744093474822
polar1m,34,1,H,13.89784004,14.3167583,9.73683415,1.0,0.284236,0.284236,0.0362582430243,-0.2479777569757,0.2479777569757
polar1m,34,2,O,12.05306589,9.65864818,12.97868802,-2.0,1.232665,-0.7673350000000001,-0.0414871424437,0.7258478575563001,0.7258478575563001
polar1m,34,3,H,13.05499362,13.65370337,13.60189582,1.0,0.395874,0.395874,0.0136589482427,-0.38221505175730003,0.38221505175730003
polar1m,34,4,H,13.50732222,11.56667598,12.17930677,1.0,0.377717,0.377717,0.0205412879586,-0.35717571204140003,0.35717571204140003
polar1m,34,5,H,9.64667394,9.9558207,12.77306363,1.0,0.392323,0.392323,0.0175567623228,-0.37476623767719996,0.37476623767719996
polar1m,34,6,H,10.38735835,13.95066292,12.90546185,1.0,0.424567,0.424567,0.0231737829745,-0.4013932170255,0.4013932170255
polar1m,34,7,H,11.88374061,14.1630134,8.18052342,1.0,0.375058,0.375058,0.0153166484088,-0.3597413515912,0.3597413515912
polar1m,34,8,H,10.62919403,14.20886647,9.9158507,1.0,0.383844,0.383844,0.0155526157469,-0.36829138425310004,0.36829138425310004
polar1m,34,9,H,12.15405522,13.22507726,9.34403389,1.0,0.351524,0.351524,0.0161858312786,-0.3353381687214,0.3353381687214
polar1m,34,10,H,12.14324586,10.35485482,12.164578,1.0,0.347851,0.347851,0.0222475342453,-0.3256034657547,0.3256034657547
polar1m,34,11,H,12.86066472,9.22586707,13.30839117,1.0,0.425488,0.425488,0.0200888346881,-0.40539916531189996,0.40539916531189996
polar1m,34,12,H,8.52491954,9.65675929,11.78805767,1.0,0.432294,0.432294,0.01674612239,-0.41554787761,0.41554787761
polar1m,34,13,H,12.0,12.0,12.0,1.0,0.365799,0.365799,0.0212930962443,-0.3445059037557,0.3445059037557
polar1m,34,14,O,9.39902378,9.98136995,11.89865626,-2.0,1.15347,-0.84653,-0.0384189411998,0.8081110588002,0.8081110588002
polar1m,34,15,H,10.57829582,10.66024283,13.67124893,1.0,0.345182,0.345182,0.0176889933646,-0.3274930066354,0.3274930066354
polar1m,34,16,O,14.16133407,11.02492141,12.54518211,-2.0,1.258761,-0.741239,-0.0314146876335,0.7098243123665,0.7098243123665
polar1m,34,17,H,14.83805062,10.7061874,11.14750635,1.0,0.409647,0.409647,0.0147195160389,-0.3949274839611,0.3949274839611
polar1m,34,18,H,10.95928244,12.06502612,10.95063706,1.0,0.405645,0.405645,0.02259811759,-0.38304688240999996,0.38304688240999996
polar1m,34,19,O,11.84715974,13.16742476,8.33060305,-2.0,1.271148,-0.728852,-0.0396718382835,0.6891801617165001,0.6891801617165001
polar1m,34,20,H,11.36241595,12.8459223,13.46460593,1.0,0.377648,0.377648,0.0242031496018,-0.3534448503982,0.3534448503982
polar1m,34,21,O,11.34491895,13.824005,13.10570549,-2.0,1.304537,-0.6954629999999999,-0.0173787847161,0.6780842152839,0.6780842152839
polar1m,34,22,H,14.94514982,13.91057092,10.62482449,1.0,0.409922,0.409922,0.0153861753643,-0.3945358246357,0.3945358246357
polar1m,34,23,O,9.92577969,10.85976313,14.46778221,-2.0,1.233983,-0.766017,-0.0460276007652,0.7199893992348,0.7199893992348
polar1m,34,24,O,13.62793445,13.19860957,14.22044379,-2.0,1.179283,-0.8207169999999999,-0.0393749400973,0.7813420599026999,0.7813420599026999
polar1m,34,25,O,14.11014495,13.40105884,10.60070501,-2.0,1.330599,-0.6694009999999999,-0.0263967886567,0.6430042113432999,0.6430042113432999
polar1m,34,26,H,10.85090652,14.18045221,11.5001309,1.0,0.363043,0.363043,0.0144391059875,-0.3486038940125,0.3486038940125
polar1m,34,27,O,10.16795266,14.02862724,10.76187779,-2.0,1.206037,-0.793963,-0.0482056960464,0.7457573039536,0.7457573039536
polar1m,34,28,H,14.41231864,13.53985498,13.82021818,1.0,0.422729,0.422729,0.0169690959156,-0.40575990408440005,0.40575990408440005
polar1m,34,29,O,14.76518044,10.63794775,10.24111799,-2.0,1.072027,-0.9279729999999999,-0.069345831871,0.858627168129,0.858627168129
polar1m,34,30,O,11.9337519,11.92043482,11.09262846,-2.0,1.272697,-0.727303,-0.019778996706,0.707524003294,0.707524003294
polar1m,34,31,H,13.95096844,10.95231422,10.34983965,1.0,0.41392,0.41392,0.0136000011116,-0.40031999888840003,0.40031999888840003
polar1m,34,32,H,9.09222003,10.32755053,14.21562498,1.0,0.385326,0.385326,0.0185287278146,-0.3667972721854,0.3667972721854
polar1m,35,0,H,10.06650009,15.64327363,9.72145298,1.0,0.419564,0.419564,0.0266234613955,-0.3929405386045,0.3929405386045
polar1m,35,1,H,13.68435584,16.528177,8.43384422,1.0,0.355167,0.355167,0.0130005627871,-0.3421664372129,0.3421664372129
polar1m,35,2,H,14.24626274,11.26868076,13.44696225,1.0,0.402098,0.402098,0.0203891582787,-0.3817088417213,0.3817088417213
polar1m,35,3,O,12.33345172,9.88089391,13.02941963,-2.0,1.285385,-0.714615,-0.0325621590018,0.6820528409982,0.6820528409982
polar1m,35,4,H,13.15525348,13.86295366,13.78452066,1.0,0.386419,0.386419,0.0162544995546,-0.3701645004454,0.3701645004454
polar1m,35,5,O,10.09505649,16.55120969,9.82413877,-2.0,1.348326,-0.6516740000000001,0.0859469547868,0.7376209547868001,0.7376209547868001
polar1m,35,6,H,13.70603858,11.83686546,12.24853935,1.0,0.353587,0.353587,0.0215234421194,-0.3320635578806,0.3320635578806
polar1m,35,7,H,9.96064791,10.23349273,12.87281015,1.0,0.357611,0.357611,0.0194230899215,-0.3381879100785,0.3381879100785
polar1m,35,8,H,10.57957267,14.24308367,13.00708003,1.0,0.411723,0.411723,0.023930568248,-0.387792431752,0.387792431752
polar1m,35,9,H,10.95053597,14.47110495,9.89684372,1.0,0.378405,0.378405,0.0269236639142,-0.3514813360858,0.3514813360858
polar1m,35,10,H,12.38953626,10.61508867,12.30575991,1.0,0.355816,0.355816,0.0231232307851,-0.33269276921490004,0.33269276921490004
polar1m,35,11,H,13.18630014,9.48872546,13.52357616,1.0,0.41554,0.41554,0.0259670708328,-0.38957292916720004,0.38957292916720004
polar1m,35,12,H,8.68885514,10.01163025,11.78334431,1.0,0.428198,0.428198,0.0166446939111,-0.4115533060889,0.4115533060889
polar1m,35,13,H,15.10053777,16.90350622,7.63362535,1.0,0.341838,0.341838,0.0146476421505,-0.32719035784949996,0.32719035784949996
polar1m,35,14,O,12.29918329,16.18347985,8.8017443,-2.0,1.209847,-0.7901530000000001,-0.163273543119,0.6268794568810001,0.6268794568810001
polar1m,35,15,H,9.95500234,16.5822099,10.96861019,1.0,0.372876,0.372876,0.0330000966787,-0.33987590332129997,0.33987590332129997
polar1m,35,16,H,12.0,12.0,12.0,1.0,0.369097,0.369097,0.02418910712,-0.34490789288,0.34490789288
polar1m,35,17,O,9.63143623,10.16793726,11.92025156,-2.0,1.186795,-0.813205,-0.0436425358057,0.7695624641943,0.7695624641943
polar1m,35,18,O,14.68219372,16.11796968,8.21733252,-2.0,1.1616,-0.8384,-0.0892896577716,0.7491103422284,0.7491103422284
polar1m,35,19,H,11.27321952,16.5910335,9.20070188,1.0,0.357592,0.357592,0.0394866019487,-0.3181053980513,0.3181053980513
polar1m,35,20,H,10.85598826,10.72506931,13.80694492,1.0,0.322891,0.322891,0.0183668807149,-0.3045241192851,0.3045241192851
polar1m,35,21,O,14.41074968,11.17557763,12.54990749,-2.0,1.27711,-0.72289,-0.028237849474,0.694652150526,0.694652150526
polar1m,35,22,H,15.24529364,10.86601628,11.24008035,1.0,0.389647,0.389647,0.0163376778364,-0.3733093221636,0.3733093221636
polar1m,35,23,H,11.31022901,12.17941997,11.26854733,1.0,0.434293,0.434293,0.0251005738974,-0.4091924261026,0.4091924261026
polar1m,35,24,H,11.70210989,13.18683692,13.43041085,1.0,0.407325,0.407325,0.020821146667,-0.38650385333299997,0.38650385333299997
polar1m,35,25,O,11.60449847,14.03787206,13.10668016,-2.0,1.28994,-0.7100599999999999,-0.0122863799334,0.6977736200665999,0.6977736200665999
polar1m,35,26,O,10.17938884,11.04532722,14.56072752,-2.0,1.269054,-0.7309460000000001,-0.0426741540432,0.6882718459568001,0.6882718459568001
polar1m,35,27,O,12.59064648,11.61922124,15.76742081,-2.0,1.214056,-0.785944,-0.0613176487386,0.7246263512614,0.7246263512614
polar1m,35,28,O,13.87912065,13.41302348,14.2911277,-2.0,1.237245,-0.7627550000000001,-0.0249578729272,0.7377971270728001,0.7377971270728001
polar1m,35,29,H,11.0477155,14.31861757,11.46229644,1.0,0.3748,0.3748,0.0160166025162,-0.3587833974838,0.3587833974838
polar1m,35,30,O,10.40882947,14.22079108,10.73372291,-2.0,1.244736,-0.7552639999999999,-0.0374328270555,0.7178311729444999,0.7178311729444999
polar1m,35,31,H,12.24182615,11.37117497,14.84404311,1.0,0.323716,0.323716,0.0105989947915,-0.3131170052085,0.3131170052085
polar1m,35,32,H,13.37381684,12.24963875,15.41873039,1.0,0.355098,0.355098,0.0143676027656,-0.3407303972344,0.3407303972344
polar1m,35,33,H,14.65461938,13.59100292,13.76978805,1.0,0.431925,0.431925,0.0222528483719,-0.4096721516281,0.4096721516281
polar1m,35,34,O,15.03495958,10.86338155,10.27485843,-2.0,1.12032,-0.87968,-0.0653797611594,0.8143002388406,0.8143002388406
polar1m,35,35,O,12.24495199,12.1057285,11.10987612,-2.0,1.248117,-0.7518830000000001,-0.0230708643794,0.7288121356206001,0.7288121356206001
polar1m,35,36,H,14.17476329,11.19491607,10.43219819,1.0,0.387918,0.387918,0.0132411662489,-0.3746768337511,0.3746768337511
polar1m,35,37,H,9.30450111,10.60797241,14.22747583,1.0,0.384905,0.384905,0.0196455828846,-0.3652594171154,0.3652594171154
polar1m,35,38,H,12.233914,15.80858287,9.62599393,1.0,0.389421,0.389421,0.0163023434579,-0.3731186565421,0.3731186565421
polar1m,36,0,H,10.22724261,15.74876467,9.63041972,1.0,0.385237,0.385237,0.0294255651534,-0.3558114348466,0.3558114348466
polar1m,36,1,O,8.79481586,12.79768913,9.77271603,-2.0,1.241296,-0.758704,-0.0679817870259,0.6907222129741001,0.6907222129741001
polar1m,36,2,H,14.44429594,11.24551062,13.30749592,1.0,0.348948,0.348948,0.0238427873701,-0.3251052126299,0.3251052126299
polar1m,36,3,O,12.51864443,10.09441112,12.81326318,-2.0,1.231377,-0.7686230000000001,-0.0337179526687,0.7349050473313,0.7349050473313
polar1m,36,4,H,13.20841003,14.04562112,13.7290719,1.0,0.386049,0.386049,0.0162345692515,-0.36981443074849996,0.36981443074849996
polar1m,36,5,O,10.27599702,16.7693121,9.59802358,-2.0,1.3096,-0.6903999999999999,0.0940302833915,0.7844302833914999,0.7844302833914999
polar1m,36,6,H,13.91298656,12.05200359,12.03062921,1.0,0.352424,0.352424,0.0162388123572,-0.33618518764280003,0.33618518764280003
polar1m,36,7,H,9.85126591,13.19913451,9.93823513,1.0,0.340378,0.340378,0.0209910199046,-0.3193869800954,0.3193869800954
polar1m,36,8,H,10.08933981,10.44771038,12.56220592,1.0,0.351031,0.351031,0.0151009820402,-0.3359300179598,0.3359300179598
polar1m,36,9,H,10.80080012,14.46261674,12.89320961,1.0,0.420594,0.420594,0.0239780023694,-0.3966159976306,0.3966159976306
polar1m,36,10,H,11.14287198,14.64218383,9.71040635,1.0,0.412262,0.412262,0.0318601876497,-0.3804018123503,0.3804018123503
polar1m,36,11,H,12.59790689,10.72555311,12.25829467,1.0,0.409899,0.409899,0.0187881216407,-0.39111087835930003,0.39111087835930003
polar1m,36,12,H,13.33413866,9.80252324,13.36065522,1.0,0.419624,0.419624,0.0263559184968,-0.3932680815032,0.3932680815032
polar1m,36,13,H,8.72110866,10.38993972,11.55746481,1.0,0.368963,0.368963,0.0174667164683,-0.3514962835317,0.3514962835317
polar1m,36,14,H,6.93728494,10.84942712,11.39482818,1.0,0.429706,0.429706,0.0210957434028,-0.40861025659719996,0.40861025659719996
polar1m,36,15,O,12.47618246,16.33675275,8.56259278,-2.0,1.162349,-0.8376509999999999,-0.215618222952,0.6220327770479999,0.6220327770479999
polar1m,36,16,H,10.01521532,16.84337557,10.53992387,1.0,0.419202,0.419202,0.0242688283324,-0.3949331716676,0.3949331716676
polar1m,36,17,H,12.0,12.0,12.0,1.0,0.278506,0.278506,0.0912706106901,-0.18723538930989997,0.18723538930989997
polar1m,36,18,H,9.1088097,12.21020965,13.46881553,1.0,0.400123,0.400123,0.0151905231178,-0.3849324768822,0.3849324768822
polar1m,36,19,O,9.78298427,10.34509619,11.67032275,-2.0,1.141597,-0.858403,-0.0874442011118,0.7709587988882001,0.7709587988882001
polar1m,36,20,H,11.45733689,16.69497308,9.04943628,1.0,0.348069,0.348069,0.026592604816,-0.321476395184,0.321476395184
polar1m,36,21,H,10.98518467,10.80742692,13.81961629,1.0,0.377631,0.377631,0.0177827104926,-0.3598482895074,0.3598482895074
polar1m,36,22,H,9.17619105,12.26755878,9.0122562,1.0,0.396945,0.396945,0.0194785986096,-0.3774664013904,0.3774664013904
polar1m,36,23,O,14.56143995,11.32772347,12.27923054,-2.0,1.311102,-0.688898,-0.0370891094208,0.6518088905792,0.6518088905792
polar1m,36,24,H,15.62941313,10.99928654,11.00653927,1.0,0.374965,0.374965,0.0171745494008,-0.3577904505992,0.3577904505992
polar1m,36,25,H,7.81627825,11.96437511,10.808464,1.0,0.394343,0.394343,0.0183371901512,-0.3760058098488,0.3760058098488
polar1m,36,26,H,11.45987497,12.30164166,11.15707138,1.0,0.372291,0.372291,0.0308514162898,-0.3414395837102,0.3414395837102
polar1m,36,27,H,11.91152461,13.39530902,13.19324192,1.0,0.387816,0.387816,0.0211519934237,-0.3666640065763,0.3666640065763
polar1m,36,28,O,11.76152359,14.25185691,12.83074002,-2.0,1.278272,-0.7217279999999999,-0.017201974988,0.7045260250119999,0.7045260250119999
polar1m,36,29,O,10.34381464,11.21699994,14.36323453,-2.0,1.245974,-0.7540260000000001,-0.0293095037341,0.7247164962659001,0.7247164962659001
polar1m,36,30,O,12.75399099,11.80058114,15.50412275,-2.0,1.153796,-0.846204,-0.0522270277143,0.7939769722857,0.7939769722857
polar1m,36,31,O,7.66620793,11.37898302,11.57515023,-2.0,1.242046,-0.757954,-0.00950852781534,0.7484454721846601,0.7484454721846601
polar1m,36,32,O,14.02793836,13.62013701,14.08333991,-2.0,1.248873,-0.7511270000000001,-0.0319591164589,0.7191678835411001,0.7191678835411001
polar1m,36,33,H,11.1797145,14.44884312,11.12091569,1.0,0.405731,0.405731,0.0230396538973,-0.3826913461027,0.3826913461027
polar1m,36,34,O,8.81383068,12.93833749,13.05849618,-2.0,1.205254,-0.794746,-0.0552285835147,0.7395174164853,0.7395174164853
polar1m,36,35,O,10.56416185,14.4026097,10.42707985,-2.0,1.304729,-0.695271,0.015337087214,0.7106080872139999,0.7106080872139999
polar1m,36,36,H,12.42688593,11.7272984,14.63352702,1.0,0.356662,0.356662,0.0109829679132,-0.34567903208679995,0.34567903208679995
polar1m,36,37,H,13.34427477,12.48462322,15.27481407,1.0,0.402771,0.402771,0.0142543390393,-0.3885166609607,0.3885166609607
polar1m,36,38,H,14.85038823,13.62532028,13.43345881,1.0,0.399286,0.399286,0.0229617562145,-0.3763242437855,0.3763242437855
polar1m,36,39,O,15.22246026,11.07811712,10.03531195,-2.0,1.22721,-0.7727900000000001,-0.0743863135576,0.6984036864424001,0.6984036864424001
polar1m,36,40,O,12.46094913,12.2789556,10.84921576,-2.0,1.394455,-0.605545,-0.0800724104047,0.5254725895953,0.5254725895953
polar1m,36,41,H,14.12071343,11.48967639,10.18887213,1.0,0.299631,0.299631,0.0161008574069,-0.2835301425931,0.2835301425931
polar1m,36,42,H,9.50141548,10.87432786,14.03627695,1.0,0.399333,0.399333,0.0254807397723,-0.3738522602277,0.3738522602277
polar1m,36,43,H,9.28468927,12.80596903,12.17238008,1.0,0.336709,0.336709,0.0133090503514,-0.32339994964859997,0.32339994964859997
polar1m,36,44,H,12.62444633,15.86861524,9.43966657,1.0,0.326939,0.326939,0.0127705000341,-0.31416849996589996,0.31416849996589996
polar1m,37,0,O,14.98598969,9.0957558,12.41969253,-2.0,1.157353,-0.8426469999999999,-0.0650026798248,0.7776443201751999,0.7776443201751999
polar1m,37,1,O,8.86338231,13.02153122,9.56801682,-2.0,1.178585,-0.821415,-0.0445121973753,0.7769028026247,0.7769028026247
polar1m,37,2,H,14.60052134,11.22827242,13.10465784,1.0,0.363245,0.363245,0.034135337919,-0.329109662081,0.329109662081
polar1m,37,3,O,12.60445293,10.27108786,12.65340845,-2.0,1.256935,-0.7430650000000001,-0.0469039827585,0.6961610172415,0.6961610172415
polar1m,37,4,H,14.09164326,12.20897929,11.84794038,1.0,0.415802,0.415802,0.0151031166315,-0.4006988833685,0.4006988833685
polar1m,37,5,H,9.66124296,13.51377357,9.78044203,1.0,0.386566,0.386566,0.0118388570845,-0.3747271429155,0.3747271429155
polar1m,37,6,H,10.10159033,10.6177719,12.29767901,1.0,0.366431,0.366431,0.0128028132021,-0.3536281867979,0.3536281867979
polar1m,37,7,H,10.94893923,14.63185611,12.84234789,1.0,0.436724,0.436724,0.0221440773457,-0.4145799226543,0.4145799226543
polar1m,37,8,H,11.28684778,14.74439194,9.50145901,1.0,0.430325,0.430325,0.0193176455796,-0.41100735442040004,0.41100735442040004
polar1m,37,9,H,12.81797449,11.02585075,12.02047016,1.0,0.35784,0.35784,0.0309068579227,-0.3269331420773,0.3269331420773
polar1m,37,10,H,13.32654805,10.12027424,13.15169014,1.0,0.420535,0.420535,0.023358726874,-0.397176273126,0.397176273126
polar1m,37,11,H,8.78687932,10.79843567,11.41486238,1.0,0.361993,0.361993,0.0165534168482,-0.3454395831518,0.3454395831518
polar1m,37,12,H,6.92187624,10.96292972,11.17300835,1.0,0.377606,0.377606,0.0308151170611,-0.3467908829389,0.3467908829389
polar1m,37,13,H,12.0,12.0,12.0,1.0,0.229776,0.229776,0.245819315314,0.016043315313999995,0.016043315313999995
polar1m,37,14,H,9.11080421,12.21555966,13.25075033,1.0,0.354708,0.354708,0.0197573304176,-0.33495066958240005,0.33495066958240005
polar1m,37,15,O,9.84311172,10.50351095,11.44552147,-2.0,1.089222,-0.9107780000000001,-0.189548954368,0.7212290456320001,0.7212290456320001
polar1m,37,16,H,15.02742404,10.0789448,12.16196152,1.0,0.373826,0.373826,0.0142920166254,-0.35953398337459996,0.35953398337459996
polar1m,37,17,H,11.10180822,10.80473526,13.85162536,1.0,0.390869,0.390869,0.0190618447959,-0.3718071552041,0.3718071552041
polar1m,37,18,H,9.2364729,12.58784711,8.78267048,1.0,0.405175,0.405175,0.0190858840942,-0.38608911590580003,0.38608911590580003
polar1m,37,19,O,14.61639887,11.47200433,12.05563747,-2.0,1.285278,-0.7147220000000001,-0.0199843794107,0.6947376205893001,0.6947376205893001
polar1m,37,20,H,7.90021552,12.07265852,10.62063207,1.0,0.423812,0.423812,0.0251362472773,-0.3986757527227,0.3986757527227
polar1m,37,21,H,11.57459635,12.41515111,10.91237449,1.0,0.364077,0.364077,0.0261908918619,-0.3378861081381,0.3378861081381
polar1m,37,22,H,11.98832146,13.51404874,13.01658885,1.0,0.343857,0.343857,0.0166158117354,-0.3272411882646,0.3272411882646
polar1m,37,23,O,11.82425131,14.45452523,12.58534106,-2.0,1.276198,-0.7238020000000001,-0.0305877104402,0.6932142895598,0.6932142895598
polar1m,37,24,O,10.41694587,11.37750191,14.19077327,-2.0,1.224069,-0.7759309999999999,-0.0281430110335,0.7477879889664999,0.7477879889664999
polar1m,37,25,O,12.82226991,11.96433443,15.27803707,-2.0,1.206649,-0.7933509999999999,-0.0380456186831,0.7553053813169,0.7553053813169
polar1m,37,26,O,7.79503383,11.57475368,11.36096329,-2.0,1.326108,-0.6738919999999999,0.09175093472,0.7656429347199999,0.7656429347199999
polar1m,37,27,H,11.29150096,14.55626372,10.91361754,1.0,0.377091,0.377091,0.0160458534956,-0.3610451465044,0.3610451465044
polar1m,37,28,O,8.90237641,13.10356031,12.82999054,-2.0,1.253654,-0.746346,-0.0583307445049,0.6880152554951,0.6880152554951
polar1m,37,29,O,10.62855914,14.56629964,10.15036391,-2.0,1.24682,-0.75318,-0.0188025087118,0.7343774912882,0.7343774912882
polar1m,37,30,H,12.46201963,11.99081268,14.39971743,1.0,0.363816,0.363816,0.0116290636361,-0.35218693636389997,0.35218693636389997
polar1m,37,31,H,13.32526606,12.77818901,15.2157545,1.0,0.414833,0.414833,0.0187905319035,-0.3960424680965,0.3960424680965
polar1m,37,32,O,12.57198334,12.43278636,10.63645689,-2.0,1.391148,-0.608852,-0.26205176115,0.34680023884999994,0.34680023884999994
polar1m,37,33,H,9.59066792,11.05897699,13.90048228,1.0,0.405756,0.405756,0.027006495744,-0.378749504256,0.378749504256
polar1m,37,34,H,9.33749369,12.97201541,11.90835951,1.0,0.340786,0.340786,0.0161982178688,-0.3245877821312,0.3245877821312
polar1m,37,35,H,15.92519079,8.82730978,12.35617638,1.0,0.40253,0.40253,0.0175571478903,-0.3849728521097,0.3849728521097
polar1m,38,0,O,15.02828857,9.23567975,12.24043243,-2.0,1.155861,-0.844139,-0.0835194438696,0.7606195561304,0.7606195561304
polar1m,38,1,O,8.88243346,13.20524369,9.42164788,-2.0,1.18305,-0.8169500000000001,-0.0283000618219,0.7886499381781,0.7886499381781
polar1m,38,2,O,13.60040549,9.52111663,9.59880113,-2.0,1.259517,-0.740483,-0.0414978563786,0.6989851436214,0.6989851436214
polar1m,38,3,H,14.72052892,11.2828293,12.82830173,1.0,0.406097,0.406097,0.0326713547111,-0.3734256452889,0.3734256452889
polar1m,38,4,O,12.627178,10.41125008,12.55529295,-2.0,1.331303,-0.6686970000000001,-0.0286414176226,0.6400555823774001,0.6400555823774001
polar1m,38,5,H,14.53852506,7.59425028,9.65847253,1.0,0.448204,0.448204,0.0320518687367,-0.4161521312633,0.4161521312633
polar1m,38,6,H,14.16453795,12.40924273,11.70818272,1.0,0.426118,0.426118,0.0208326205611,-0.4052853794389,0.4052853794389
polar1m,38,7,H,9.44147592,13.85042676,9.7542302,1.0,0.406884,0.406884,0.0165181905031,-0.39036580949690003,0.39036580949690003
polar1m,38,8,H,10.13472159,10.75261941,12.23817359,1.0,0.309277,0.309277,0.010463193059,-0.298813806941,0.298813806941
polar1m,38,9,H,13.15437942,9.02101996,8.38978698,1.0,0.318118,0.318118,0.0492579489946,-0.2688600510054,0.2688600510054
polar1m,38,10,H,10.95559087,14.78837799,12.875396,1.0,0.407545,0.407545,0.0239303261042,-0.3836146738958,0.3836146738958
polar1m,38,11,H,11.41174837,14.78273366,9.26050292,1.0,0.398211,0.398211,0.0217554848641,-0.3764555151359,0.3764555151359
polar1m,38,12,H,12.98763777,11.25075923,11.84539034,1.0,0.32983,0.32983,0.0583648756146,-0.2714651243854,0.2714651243854
polar1m,38,13,H,13.42210257,10.34240721,13.10911381,1.0,0.386458,0.386458,0.0233344640583,-0.36312353594170005,0.36312353594170005
polar1m,38,14,H,8.9486252,11.16134524,11.33086768,1.0,0.36396,0.36396,0.0100396722555,-0.3539203277445,0.3539203277445
polar1m,38,15,H,7.01419771,11.18273834,11.06754709,1.0,0.398971,0.398971,0.0274522602558,-0.3715187397442,0.3715187397442
polar1m,38,16,H,16.0950976,7.82383192,10.11457419,1.0,0.442162,0.442162,0.0247791130096,-0.4173828869904,0.4173828869904
polar1m,38,17,H,12.0,12.0,12.0,1.0,0.241157,0.241157,0.347468167543,0.10631116754299996,0.10631116754299996
polar1m,38,18,H,9.03634994,12.30136968,13.05455451,1.0,0.355644,0.355644,0.0198107287288,-0.3358332712712,0.3358332712712
polar1m,38,19,O,9.85300421,10.62374896,11.27247742,-2.0,1.135295,-0.8647050000000001,-0.18698862195,0.6777163780500001,0.6777163780500001
polar1m,38,20,H,15.10124554,10.291893,12.04521411,1.0,0.361787,0.361787,0.0199801772833,-0.34180682271670004,0.34180682271670004
polar1m,38,21,H,11.19319723,10.72674997,13.92121933,1.0,0.363601,0.363601,0.0211894623935,-0.3424115376065,0.3424115376065
polar1m,38,22,H,9.22084296,12.83842503,8.60925544,1.0,0.430113,0.430113,0.0242818575352,-0.4058311424648,0.4058311424648
polar1m,38,23,O,14.63148985,11.57893886,11.91464857,-2.0,1.279677,-0.720323,0.00499722361565,0.7253202236156501,0.7253202236156501
polar1m,38,24,H,7.96788864,12.25977282,10.32294148,1.0,0.380724,0.380724,0.0314340367913,-0.3492899632087,0.3492899632087
polar1m,38,25,O,15.38444528,8.01659605,9.52831016,-2.0,1.282045,-0.7179549999999999,0.119055010378,0.8370100103779999,0.8370100103779999
polar1m,38,26,H,11.72308532,12.48372678,10.62469786,1.0,0.406906,0.406906,0.0194208696485,-0.3874851303515,0.3874851303515
polar1m,38,27,H,11.97736659,13.71040849,12.81974002,1.0,0.356655,0.356655,0.0114437416196,-0.3452112583804,0.3452112583804
polar1m,38,28,O,11.84635555,14.6120052,12.40809431,-2.0,1.297035,-0.7029650000000001,-0.0301936157048,0.6727713842952001,0.6727713842952001
polar1m,38,29,O,10.44997746,11.50770946,14.07581504,-2.0,1.292554,-0.707446,-0.0300480350852,0.6773979649148,0.6773979649148
polar1m,38,30,O,12.84094983,12.09308966,15.12040587,-2.0,1.267505,-0.7324949999999999,-0.0428963936865,0.6895986063134999,0.6895986063134999
polar1m,38,31,O,7.85568213,11.71919721,11.22129551,-2.0,1.313306,-0.6866939999999999,0.0741180032492,0.7608120032492,0.7608120032492
polar1m,38,32,H,12.65868579,8.15465464,6.73510043,1.0,0.360193,0.360193,0.0142110846937,-0.34598191530629996,0.34598191530629996
polar1m,38,33,H,11.2974491,14.61191152,10.76746618,1.0,0.363347,0.363347,0.0143260583282,-0.3490209416718,0.3490209416718
polar1m,38,34,O,8.95172649,13.22948108,12.66440536,-2.0,1.216142,-0.7838579999999999,-0.0551063977182,0.7287516022817999,0.7287516022817999
polar1m,38,35,O,10.65554634,14.69352897,9.94455531,-2.0,1.270131,-0.7298690000000001,-0.0260326564312,0.7038363435688001,0.7038363435688001
polar1m,38,36,H,12.42880644,12.15783469,14.19429168,1.0,0.340222,0.340222,0.00908395648003,-0.33113804351997,0.33113804351997
polar1m,38,37,H,13.3325197,13.05077,15.25166872,1.0,0.372969,0.372969,0.0204166732728,-0.3525523267272,0.3525523267272
polar1m,38,38,H,13.20346546,9.75205282,10.48139406,1.0,0.381714,0.381714,0.0147999748588,-0.3669140251412,0.3669140251412
polar1m,38,39,H,14.74551134,9.1887541,9.60301624,1.0,0.36338,0.36338,0.0573078468442,-0.3060721531558,0.3060721531558
polar1m,38,40,O,12.62622482,12.54733403,10.50064878,-2.0,1.309174,-0.6908259999999999,-0.39282476902,0.2980012309799999,0.2980012309799999
polar1m,38,41,H,9.57003776,11.10484667,13.82157504,1.0,0.380695,0.380695,0.0270391143858,-0.3536558856142,0.3536558856142
polar1m,38,42,H,9.27634815,13.13267526,11.81429297,1.0,0.391623,0.391623,0.0163398645818,-0.3752831354182,0.3752831354182
polar1m,38,43,O,12.7623841,9.05543223,7.15430043,-2.0,1.09814,-0.9018600000000001,-0.288331121206,0.6135288787940001,0.6135288787940001
polar1m,38,44,H,15.92264436,9.06663112,12.19312896,1.0,0.416702,0.416702,0.0162051599473,-0.40049684005270003,0.40049684005270003
polar1m,39,0,O,15.02076178,9.36584029,12.13729067,-2.0,1.152961,-0.8470390000000001,-0.0467072762549,0.8003317237451001,0.8003317237451001
polar1m,39,1,O,13.60404198,9.62357698,9.52795512,-2.0,1.30807,-0.6919299999999999,0.29735943675,0.9892894367499999,0.9892894367499999
polar1m,39,2,H,14.78340687,11.41683575,12.7273746,1.0,0.406529,0.406529,0.0262445304543,-0.3802844695457,0.3802844695457
polar1m,39,3,O,12.60551381,10.53283331,12.53394526,-2.0,1.342114,-0.657886,0.0904451161623,0.7483311161623,0.7483311161623
polar1m,39,4,H,14.18111805,12.58446272,11.65325407,1.0,0.415185,0.415185,0.0229303836823,-0.39225461631770003,0.39225461631770003
polar1m,39,5,H,10.14513387,10.83518866,12.15255698,1.0,0.32554,0.32554,0.00872881338,-0.31681118662,0.31681118662
polar1m,39,6,H,13.10724346,9.13036888,8.38315442,1.0,0.318913,0.318913,0.0678626000881,-0.25105039991190004,0.25105039991190004
polar1m,39,7,H,10.98736423,14.94368766,12.91679277,1.0,0.379675,0.379675,0.0188686084002,-0.3608063915998,0.3608063915998
polar1m,39,8,H,13.03788255,11.26679851,11.85677228,1.0,0.350314,0.350314,0.0489268414676,-0.3013871585324,0.3013871585324
polar1m,39,9,H,13.46494595,10.49614293,13.17336396,1.0,0.362536,0.362536,0.0255132932216,-0.3370227067784,0.3370227067784
polar1m,39,10,H,9.14960339,11.43144772,11.28113702,1.0,0.384228,0.384228,0.00926922261715,-0.37495877738285,0.37495877738285
polar1m,39,11,H,7.10643044,11.43305602,11.07972566,1.0,0.477439,0.477439,0.0207221545279,-0.4567168454721,0.4567168454721
polar1m,39,12,H,12.0,12.0,12.0,1.0,0.231115,0.231115,0.324446380138,0.09333138013799999,0.09333138013799999
polar1m,39,13,O,9.82687862,10.71752956,11.1882018,-2.0,1.143538,-0.8564620000000001,-0.102357834578,0.7541041654220001,0.7541041654220001
polar1m,39,14,H,15.11631588,10.21626522,11.97889708,1.0,0.415012,0.415012,0.0130563117564,-0.4019556882436,0.4019556882436
polar1m,39,15,H,11.09409758,10.77263139,14.08811785,1.0,0.376746,0.376746,0.017690712586,-0.359055287414,0.359055287414
polar1m,39,16,O,14.60941069,11.66569825,11.85717935,-2.0,1.269419,-0.7305809999999999,-0.0181124955416,0.7124685044583999,0.7124685044583999
polar1m,39,17,H,8.00823003,12.38915888,10.18065384,1.0,0.386836,0.386836,0.0312913805246,-0.3555446194754,0.3555446194754
polar1m,39,18,H,11.68318262,12.50505049,10.37354704,1.0,0.400248,0.400248,0.010494209826,-0.38975379017399997,0.38975379017399997
polar1m,39,19,H,11.92806723,13.89671425,12.63780309,1.0,0.393589,0.393589,0.00794411078095,-0.38564488921905005,0.38564488921905005
polar1m,39,20,O,11.82033014,14.74007788,12.32151979,-2.0,1.208001,-0.7919989999999999,-0.0438764095306,0.7481225904693999,0.7481225904693999
polar1m,39,21,O,10.44966506,11.60284689,14.03072489,-2.0,1.283851,-0.7161489999999999,-0.0299432575703,0.6862057424296999,0.6862057424296999
polar1m,39,22,O,12.81778066,12.2066099,15.04511894,-2.0,1.210425,-0.7895749999999999,-0.0430910214782,0.7464839785217999,0.7464839785217999
polar1m,39,23,O,7.8592399,11.8396852,11.15882639,-2.0,1.27796,-0.72204,0.0229129716754,0.7449529716754,0.7449529716754
polar1m,39,24,H,12.56962082,8.30391457,6.66186389,1.0,0.346424,0.346424,0.0112106800079,-0.3352133199921,0.3352133199921
polar1m,39,25,H,12.41309428,12.27496948,14.16706454,1.0,0.368623,0.368623,0.00883868336678,-0.35978431663321997,0.35978431663321997
polar1m,39,26,H,13.2257091,13.1012022,15.33980327,1.0,0.402608,0.402608,0.0185975488275,-0.38401045117250004,0.38401045117250004
polar1m,39,27,H,13.11424419,9.79439097,10.36804112,1.0,0.42566,0.42566,0.0208225399256,-0.40483746007439997,0.40483746007439997
polar1m,39,28,H,14.49238462,9.30316558,9.5090373,1.0,0.445706,0.445706,0.0249908734113,-0.4207151265887,0.4207151265887
polar1m,39,29,O,12.64322869,12.63186594,10.45847895,-2.0,1.289754,-0.7102459999999999,-0.455204129219,0.25504187078099994,0.25504187078099994
polar1m,39,30,H,9.55428571,11.09065539,13.85005171,1.0,0.382422,0.382422,0.0214421804994,-0.3609798195006,0.3609798195006
polar1m,39,31,O,12.75593513,9.22917859,7.07000305,-2.0,1.109678,-0.8903220000000001,-0.449862092733,0.4404599072670001,0.4404599072670001
polar1m,39,32,H,15.98661727,9.19903377,12.12739412,1.0,0.408882,0.408882,0.0185449272394,-0.39033707276060003,0.39033707276060003
polar1m,40,0,H,10.51647556,12.09969876,6.47000556,1.0,0.441645,0.441645,0.0405116714537,-0.4011333285463,0.4011333285463
polar1m,40,1,H,11.16566502,14.25053969,9.35611645,1.0,0.381183,0.381183,0.0292403772473,-0.3519426227527,0.3519426227527
polar1m,40,2,O,7.6554272,12.00865242,12.27526221,-2.0,1.382,-0.6180000000000001,0.0612076595426,0.6792076595426001,0.6792076595426001
polar1m,40,3,O,16.00539792,13.92581498,15.38297271,-2.0,1.201188,-0.7988120000000001,-0.0401016585529,0.7587103414471,0.7587103414471
polar1m,40,4,H,16.25139955,14.8313303,15.58007863,1.0,0.422268,0.422268,0.0248721744865,-0.3973958255135,0.3973958255135
polar1m,40,5,O,11.97296894,8.56191051,8.88353384,-2.0,1.268368,-0.7316320000000001,-0.0190652087331,0.7125667912669,0.7125667912669
polar1m,40,6,H,15.62859563,9.01422896,11.76245783,1.0,0.410369,0.410369,0.0201471913606,-0.3902218086394,0.3902218086394
polar1m,40,7,O,11.20427411,8.23380193,16.82774755,-2.0,1.395255,-0.6047450000000001,0.718935966492,1.3236809664920002,1.3236809664920002
polar1m,40,8,H,14.15914252,11.71386238,12.60812816,1.0,0.407627,0.407627,0.0479074642062,-0.3597195357938,0.3597195357938
polar1m,40,9,H,14.20203092,13.75763173,14.77395705,1.0,0.432388,0.432388,0.0280460603535,-0.4043419396465,0.4043419396465
polar1m,40,10,O,10.24797823,11.54416797,12.05273363,-2.0,1.252791,-0.747209,-0.0204812064767,0.7267277935233,0.7267277935233
polar1m,40,11,H,9.44649772,11.22042221,12.00364487,1.0,0.418408,0.418408,0.0301145240664,-0.3882934759336,0.3882934759336
polar1m,40,12,H,14.68959631,11.03016353,10.05881774,1.0,0.382138,0.382138,0.0173658840358,-0.3647721159642,0.3647721159642
polar1m,40,13,H,11.53948422,9.8788404,10.63662047,1.0,0.399063,0.399063,0.0350813530385,-0.3639816469615,0.3639816469615
polar1m,40,14,H,12.03676952,12.87155619,13.31713463,1.0,0.344377,0.344377,0.0135046467185,-0.3308723532815,0.3308723532815
polar1m,40,15,O,10.89943839,14.81776896,11.22859136,-2.0,1.386402,-0.6135980000000001,0.675958752632,1.289556752632,1.289556752632
polar1m,40,16,H,16.82426539,9.60173168,12.00649462,1.0,0.443915,0.443915,0.0286868885159,-0.4152281114841,0.4152281114841
polar1m,40,17,H,12.14776525,13.19823191,6.92054777,1.0,0.436494,0.436494,0.0342572294176,-0.4022367705824,0.4022367705824
polar1m,40,18,H,10.24040219,7.38170122,10.18170793,1.0,0.349522,0.349522,0.0191925764084,-0.3303294235916,0.3303294235916
polar1m,40,19,H,13.50482327,12.68222339,13.86201621,1.0,0.364853,0.364853,0.0135683435947,-0.3512846564053,0.3512846564053
polar1m,40,20,O,10.98373582,6.74740578,9.87032139,-2.0,1.115629,-0.884371,-0.0624671988189,0.8219038011811001,0.8219038011811001
polar1m,40,21,H,10.99815833,15.59956485,10.74587236,1.0,0.485424,0.485424,0.044941291213,-0.440482708787,0.440482708787
polar1m,40,22,H,12.0,12.0,12.0,1.0,0.287539,0.287539,0.0744629204273,-0.21307607957269997,0.21307607957269997
polar1m,40,23,H,10.43196357,15.00770912,12.19856104,1.0,0.480346,0.480346,0.0551183968782,-0.42522760312179997,0.42522760312179997
polar1m,40,24,O,12.14438486,9.44795249,11.25327059,-2.0,1.352026,-0.647974,0.0063509568572,0.6543249568572,0.6543249568572
polar1m,40,25,O,11.25790667,13.13406616,13.91916611,-2.0,1.198496,-0.801504,-0.0633363574743,0.7381676425257,0.7381676425257
polar1m,40,26,H,13.11845829,8.50969411,14.83701208,1.0,0.408716,0.408716,0.0287572070956,-0.37995879290440004,0.37995879290440004
polar1m,40,27,O,12.34699021,12.95386015,11.12805742,-2.0,1.244036,-0.7559640000000001,-0.384649425745,0.3713145742550001,0.3713145742550001
polar1m,40,28,H,12.53989933,10.38486123,12.51123882,1.0,0.352595,0.352595,0.0108666568995,-0.3417283431005,0.3417283431005
polar1m,40,29,O,10.90244443,13.32165123,9.18997987,-2.0,1.271294,-0.7287060000000001,0.0951878800988,0.8238938800988,0.8238938800988
polar1m,40,30,H,11.65378832,8.51960206,15.82765973,1.0,0.383685,0.383685,0.0528519675136,-0.3308330324864,0.3308330324864
polar1m,40,31,O,14.88261286,11.90375112,10.33923524,-2.0,1.194348,-0.805652,-0.0462408922613,0.7594111077387,0.7594111077387
polar1m,40,32,H,10.87460398,12.32662515,13.95124341,1.0,0.401237,0.401237,0.014479778707,-0.386757221293,0.386757221293
polar1m,40,33,H,15.38426564,14.11130121,14.58560224,1.0,0.363043,0.363043,0.0200869776309,-0.3429560223691,0.3429560223691
polar1m,40,34,H,8.28916816,11.20137144,12.4221751,1.0,0.364721,0.364721,0.0393005125225,-0.3254204874775,0.3254204874775
polar1m,40,35,O,10.67197786,10.17477867,14.46126225,-2.0,1.249055,-0.750945,-0.0338788516819,0.7170661483181,0.7170661483181
polar1m,40,36,H,10.84512624,9.90613326,13.58324838,1.0,0.386415,0.386415,0.021635055542,-0.364779944458,0.364779944458
polar1m,40,37,H,12.00659626,9.29743067,9.57836456,1.0,0.350016,0.350016,0.0223561115563,-0.3276598884437,0.3276598884437
polar1m,40,38,H,11.75488761,8.94430802,14.02776967,1.0,0.374691,0.374691,0.0222733728588,-0.3524176271412,0.3524176271412
polar1m,40,39,O,14.91743232,10.94241802,12.67389222,-2.0,1.465496,-0.5345040000000001,0.638446509838,1.172950509838,1.172950509838
polar1m,40,40,H,5.44253689,10.52230762,13.10919114,1.0,0.33394,0.33394,0.0218321718276,-0.3121078281724,0.3121078281724
polar1m,40,41,H,11.60073945,14.14234199,11.07644417,1.0,0.39959,0.39959,0.0234592482448,-0.3761307517552,0.3761307517552
polar1m,40,42,H,13.99973766,12.14783899,10.78483879,1.0,0.346817,0.346817,0.00865136086941,-0.33816563913059,0.33816563913059
polar1m,40,43,O,11.33497787,12.56529967,7.0667189,-2.0,1.287876,-0.712124,0.0184019729495,0.7305259729495,0.7305259729495
polar1m,40,44,O,14.27412164,12.9162723,14.37406007,-2.0,1.211644,-0.7883560000000001,-0.0338759794831,0.7544800205169001,0.7544800205169001
polar1m,40,45,H,10.92338162,13.24471888,8.22931532,1.0,0.407433,0.407433,0.0201325938106,-0.3873004061894,0.3873004061894
polar1m,40,46,O,5.74730693,10.75693189,12.10185209,-2.0,1.131211,-0.868789,-0.138725697994,0.730063302006,0.730063302006
polar1m,40,47,H,12.46022156,8.50844215,8.07296347,1.0,0.457082,0.457082,0.0284247919917,-0.4286572080083,0.4286572080083
polar1m,40,48,H,11.85005349,7.81265596,17.40741894,1.0,0.49581,0.49581,0.0464995354414,-0.44931046455859996,0.44931046455859996
polar1m,40,49,H,14.91661956,10.83802724,13.60592416,1.0,0.464011,0.464011,0.0402169376612,-0.4237940623388,0.4237940623388
polar1m,40,50,O,12.76956817,11.09563585,13.00393901,-2.0,1.083021,-0.916979,-0.621567249298,0.295411750702,0.295411750702
polar1m,40,51,H,7.88627782,12.37990567,13.13284362,1.0,0.43212,0.43212,0.0293517112732,-0.4027682887268,0.4027682887268
polar1m,40,52,H,13.15967267,9.39636963,10.86920163,1.0,0.388906,0.388906,0.0356645360589,-0.35324146394109995,0.35324146394109995
polar1m,40,53,H,14.73951652,9.96884664,12.34487455,1.0,0.381052,0.381052,0.0477806143463,-0.3332713856537,0.3332713856537
polar1m,40,54,H,6.5819514,11.33531771,12.31992921,1.0,0.371632,0.371632,0.00555795431137,-0.36607404568863,0.36607404568863
polar1m,40,55,H,11.36459706,10.81812856,14.71865183,1.0,0.406135,0.406135,0.0218527726829,-0.38428222731710004,0.38428222731710004
polar1m,40,56,O,16.28101122,8.87970486,12.32880392,-2.0,1.202162,-0.797838,-0.0213153287768,0.7765226712232001,0.7765226712232001
polar1m,40,57,H,11.48438611,7.36497691,9.5935003,1.0,0.423002,0.423002,0.00952960550785,-0.41347239449215,0.41347239449215
polar1m,40,58,H,10.78587421,10.87104232,11.65790887,1.0,0.364548,0.364548,0.0210564378649,-0.34349156213509996,0.34349156213509996
polar1m,40,59,O,12.20227378,8.16569841,14.5259252,-2.0,1.344876,-0.655124,0.0124683827162,0.6675923827162,0.6675923827162
polar1m,40,60,H,10.37300734,7.70508309,16.53404058,1.0,0.48568,0.48568,0.0505097918212,-0.4351702081788,0.4351702081788
polar1m,40,61,H,11.51203995,12.71759155,10.23615722,1.0,0.332387,0.332387,0.0586002916098,-0.2737867083902,0.2737867083902
polar1m,41,0,H,10.44571514,11.88772161,6.27555137,1.0,0.422002,0.422002,0.0362936779857,-0.3857083220143,0.3857083220143
polar1m,41,1,H,11.16392683,13.8790396,9.32105255,1.0,0.38241,0.38241,0.0223211422563,-0.36008885774370003,0.36008885774370003
polar1m,41,2,O,7.5364936,11.67959255,12.22445873,-2.0,1.412151,-0.5878490000000001,0.106316395104,0.6941653951040001,0.6941653951040001
polar1m,41,3,O,15.91755861,13.57419211,15.27589722,-2.0,1.126207,-0.873793,-0.0531774759293,0.8206155240707,0.8206155240707
polar1m,41,4,H,16.13246239,14.44479522,15.53994868,1.0,0.411751,0.411751,0.0192148163915,-0.39253618360849996,0.39253618360849996
polar1m,41,5,H,8.50761106,12.21981044,10.90227331,1.0,0.364619,0.364619,0.0170786753297,-0.34754032467030005,0.34754032467030005
polar1m,41,6,O,11.90665676,8.23870476,8.79262348,-2.0,1.271624,-0.7283759999999999,0.0930422469974,0.8214182469974,0.8214182469974
polar1m,41,7,H,15.45636398,8.73560567,11.45198808,1.0,0.323051,0.323051,0.023994859308,-0.299056140692,0.299056140692
polar1m,41,8,H,14.11052581,15.91760524,14.16247278,1.0,0.332392,0.332392,0.0586829483509,-0.27370905164910003,0.27370905164910003
polar1m,41,9,H,14.10151653,11.15051695,12.51284694,1.0,0.409132,0.409132,0.0239900872111,-0.3851419127889,0.3851419127889
polar1m,41,10,H,14.07551616,13.40121894,14.68734974,1.0,0.39148,0.39148,0.0200308263302,-0.3714491736698,0.3714491736698
polar1m,41,11,H,13.16903624,15.73876722,15.17084445,1.0,0.456104,0.456104,0.0202756263316,-0.4358283736684,0.4358283736684
polar1m,41,12,O,10.23521616,11.20305988,12.01119178,-2.0,1.330635,-0.669365,-0.024659588933,0.644705411067,0.644705411067
polar1m,41,13,H,9.24590313,10.85762873,12.01066979,1.0,0.32029,0.32029,0.0393651463091,-0.28092485369090003,0.28092485369090003
polar1m,41,14,H,14.50769313,10.66001302,9.95963556,1.0,0.357666,0.357666,0.0143166575581,-0.34334934244189996,0.34334934244189996
polar1m,41,15,H,11.54383752,9.59082885,10.55375582,1.0,0.392615,0.392615,0.0310588367283,-0.3615561632717,0.3615561632717
polar1m,41,16,H,12.03186391,12.50365141,13.23482126,1.0,0.318552,0.318552,0.0213649310172,-0.2971870689828,0.2971870689828
polar1m,41,17,O,10.76895051,14.41977405,11.14859308,-2.0,1.400362,-0.5996379999999999,0.567284107208,1.1669221072079998,1.1669221072079998
polar1m,41,18,H,16.85591073,9.14814566,11.90319255,1.0,0.430823,0.430823,0.0233217068017,-0.40750129319830003,0.40750129319830003
polar1m,41,19,H,12.10846119,12.78021605,6.85803339,1.0,0.430851,0.430851,0.0313471071422,-0.39950389285779997,0.39950389285779997
polar1m,41,20,H,10.22630572,6.85489829,10.17665937,1.0,0.404275,0.404275,0.0169124919921,-0.3873625080079,0.3873625080079
polar1m,41,21,H,13.38127141,12.2417726,13.76891421,1.0,0.332125,0.332125,0.0148517116904,-0.3172732883096,0.3172732883096
polar1m,41,22,O,10.9076976,6.42744858,9.76755942,-2.0,1.044667,-0.955333,-0.179200515151,0.776132484849,0.776132484849
polar1m,41,23,H,10.87454658,15.26098864,10.67407681,1.0,0.4558,0.4558,0.0401526391506,-0.41564736084939996,0.41564736084939996
polar1m,41,24,H,12.0,12.0,12.0,1.0,0.306865,0.306865,0.026934184134,-0.279930815866,0.279930815866
polar1m,41,25,H,10.24977097,14.76675048,11.89604328,1.0,0.462941,0.462941,0.0411824136972,-0.4217585863028,0.4217585863028
polar1m,41,26,O,12.00724257,9.06407674,11.17805058,-2.0,1.33402,-0.66598,0.015563853085,0.681543853085,0.681543853085
polar1m,41,27,O,11.16472231,12.76450755,13.81658091,-2.0,1.208546,-0.7914540000000001,-0.081297583878,0.7101564161220001,0.7101564161220001
polar1m,41,28,O,12.31165681,12.57653329,11.05200333,-2.0,1.327362,-0.6726380000000001,-0.108587309718,0.5640506902820001,0.5640506902820001
polar1m,41,29,H,12.20642761,9.9516834,12.42614197,1.0,0.313905,0.313905,0.0137295871973,-0.3001754128027,0.3001754128027
polar1m,41,30,O,10.89431958,12.97291911,9.052416,-2.0,1.241704,-0.7582960000000001,-0.00150832533836,0.7567876746616401,0.7567876746616401
polar1m,41,31,O,13.49408182,14.3351333,12.84419065,-2.0,1.195996,-0.8040039999999999,-0.0531107932329,0.7508932067670999,0.7508932067670999
polar1m,41,32,H,9.35919108,13.02518818,11.75769498,1.0,0.297426,0.297426,0.0216963104904,-0.27572968950960003,0.27572968950960003
polar1m,41,33,O,14.79773337,11.53904991,10.2833159,-2.0,1.1982,-0.8018000000000001,-0.0479729250073,0.7538270749927001,0.7538270749927001
polar1m,41,34,H,10.93004459,11.82619648,13.71163805,1.0,0.385575,0.385575,0.0167116858065,-0.3688633141935,0.3688633141935
polar1m,41,35,H,15.38233773,13.58119077,14.55860035,1.0,0.404396,0.404396,0.015559092164,-0.388836907836,0.388836907836
polar1m,41,36,H,8.08013709,10.73408492,12.25137091,1.0,0.380916,0.380916,0.0617110952735,-0.3192049047265,0.3192049047265
polar1m,41,37,H,11.8759835,8.90963406,9.39651432,1.0,0.405732,0.405732,0.0296155773103,-0.37611642268969997,0.37611642268969997
polar1m,41,38,O,14.84319174,10.61419979,12.61420267,-2.0,1.502984,-0.4970159999999999,0.628662705421,1.125678705421,1.125678705421
polar1m,41,39,H,5.35770151,10.15957505,12.91125025,1.0,0.393118,0.393118,0.0189766362309,-0.3741413637691,0.3741413637691
polar1m,41,40,H,11.5098997,13.60074875,11.25727816,1.0,0.36968,0.36968,0.0549238473177,-0.3147561526823,0.3147561526823
polar1m,41,41,H,13.99161808,11.78906335,10.7143697,1.0,0.385048,0.385048,0.00955325365067,-0.37549474634933,0.37549474634933
polar1m,41,42,O,11.2282207,12.2283446,6.98915043,-2.0,1.315409,-0.684591,0.0362776443362,0.7208686443361999,0.7208686443361999
polar1m,41,43,O,14.2159807,12.55317621,14.3150758,-2.0,1.227612,-0.7723880000000001,-0.0636321008205,0.7087558991795001,0.7087558991795001
polar1m,41,44,O,9.08987629,12.99140521,10.70874636,-2.0,1.247278,-0.7527219999999999,-0.0592046305537,0.6935173694462999,0.6935173694462999
polar1m,41,45,H,10.80426788,12.56634736,8.20061127,1.0,0.41238,0.41238,0.017461784184,-0.394918215816,0.394918215816
polar1m,41,46,O,5.65462391,10.39662697,12.02670392,-2.0,1.0718,-0.9281999999999999,-0.188444316387,0.7397556836129999,0.7397556836129999
polar1m,41,47,H,12.32285547,8.18866445,7.97100674,1.0,0.476773,0.476773,0.0300970561802,-0.4466759438198,0.4466759438198
polar1m,41,48,H,14.80219366,10.29052434,13.6460781,1.0,0.44855,0.44855,0.0510767586529,-0.3974732413471,0.3974732413471
polar1m,41,49,O,13.80055174,15.1269529,15.03208322,-2.0,1.349056,-0.650944,0.000442445278168,0.6513864452781679,0.6513864452781679
polar1m,41,50,O,12.69950494,10.79101824,12.89216107,-2.0,1.090308,-0.909692,-0.733249247074,0.17644275292599998,0.17644275292599998
polar1m,41,51,H,7.8354763,12.10907499,12.9688537,1.0,0.459861,0.459861,0.0343709513545,-0.4254900486455,0.4254900486455
polar1m,41,52,H,12.90690712,8.97105714,10.8520257,1.0,0.411011,0.411011,0.0281212590635,-0.3828897409365,0.3828897409365
polar1m,41,53,H,14.58534873,9.5150771,12.24695226,1.0,0.349759,0.349759,0.0782768279314,-0.2714821720686,0.2714821720686
polar1m,41,54,H,6.49088157,11.04579668,12.17839432,1.0,0.370259,0.370259,0.0102023109794,-0.3600566890206,0.3600566890206
polar1m,41,55,O,16.17487768,8.49011264,12.21761446,-2.0,1.315774,-0.684226,-0.019546225667,0.664679774333,0.664679774333
polar1m,41,56,H,11.4883374,7.2607777,9.42885244,1.0,0.366816,0.366816,0.00721146166325,-0.35960453833675,0.35960453833675
polar1m,41,57,H,10.71709217,10.51657414,11.65788637,1.0,0.392936,0.392936,0.0213849507272,-0.3715510492728,0.3715510492728
polar1m,41,58,H,12.78680818,14.84406751,12.42722672,1.0,0.35429,0.35429,0.0118152983487,-0.3424747016513,0.3424747016513
polar1m,41,59,H,13.77424061,14.90008945,13.48306014,1.0,0.381768,0.381768,0.0154341012239,-0.3663338987761,0.3663338987761
polar1m,41,60,H,11.35504576,12.30347431,10.28228394,1.0,0.322362,0.322362,0.0753812044859,-0.2469807955141,0.2469807955141
polar1m,42,0,H,14.68214769,12.80338826,11.01325664,1.0,0.403431,0.403431,0.0188730098307,-0.3845579901693,0.3845579901693
polar1m,42,1,H,14.0861004,14.5585024,10.67853584,1.0,0.36617,0.36617,0.0225122570992,-0.3436577429008,0.3436577429008
polar1m,42,2,H,8.27298091,11.91239483,10.9733583,1.0,0.418483,0.418483,0.0199288800359,-0.3985541199641,0.3985541199641
polar1m,42,3,H,14.2711256,15.58389907,14.39609538,1.0,0.347968,0.347968,0.0774827972054,-0.2704852027946,0.2704852027946
polar1m,42,4,H,13.75504692,10.59810664,12.57125107,1.0,0.380042,0.380042,0.0252102166414,-0.3548317833586,0.3548317833586
polar1m,42,5,H,13.72765461,13.05050119,14.7884319,1.0,0.372035,0.372035,0.0162309259176,-0.3558040740824,0.3558040740824
polar1m,42,6,H,12.86024297,15.49140173,15.1081155,1.0,0.414703,0.414703,0.0258519612253,-0.3888510387747,0.3888510387747
polar1m,42,7,O,10.09270427,10.83597367,12.15027302,-2.0,1.332456,-0.6675439999999999,-0.000913187861443,0.6666308121385569,0.6666308121385569
polar1m,42,8,O,15.83368432,13.03664997,7.82946764,-2.0,1.168242,-0.831758,-0.00642224401236,0.82533575598764,0.82533575598764
polar1m,42,9,H,16.57321413,12.67053373,7.37776122,1.0,0.454539,0.454539,0.0253224093467,-0.42921659065330003,0.42921659065330003
polar1m,42,10,H,9.1364003,10.48000442,12.17738738,1.0,0.405295,0.405295,0.0300419181585,-0.3752530818415,0.3752530818415
polar1m,42,11,H,14.25106273,10.31257192,10.06191043,1.0,0.402683,0.402683,0.0217730812728,-0.38090991872720004,0.38090991872720004
polar1m,42,12,H,11.7724113,12.21908039,13.45852328,1.0,0.348971,0.348971,0.0158309191465,-0.3331400808535,0.3331400808535
polar1m,42,13,O,10.52456076,14.00728881,11.2512434,-2.0,1.342853,-0.6571469999999999,0.103498637676,0.7606456376759999,0.7606456376759999
polar1m,42,14,O,13.59625041,12.49633925,8.73451636,-2.0,1.14344,-0.85656,-0.0977146700025,0.7588453299975,0.7588453299975
polar1m,42,15,H,13.27240227,11.82370301,13.96102833,1.0,0.355856,0.355856,0.0105551816523,-0.3453008183477,0.3453008183477
polar1m,42,16,H,10.68147696,14.88209575,10.74011342,1.0,0.44463,0.44463,0.0350817739964,-0.4095482260036,0.4095482260036
polar1m,42,17,H,12.0,12.0,12.0,1.0,0.413662,0.413662,0.0404593646526,-0.37320263534739995,0.37320263534739995
polar1m,42,18,H,9.92245329,14.44816112,11.82231979,1.0,0.464093,0.464093,0.0315453708172,-0.4325476291828,0.4325476291828
polar1m,42,19,O,10.96795591,12.36663894,13.88637206,-2.0,1.212767,-0.7872330000000001,-0.0773891210556,0.7098438789444,0.7098438789444
polar1m,42,20,O,12.14333069,12.16834759,11.1566834,-2.0,1.416639,-0.583361,0.507025659084,1.090386659084,1.090386659084
polar1m,42,21,H,12.97956511,12.74834092,9.30179461,1.0,0.378146,0.378146,0.00890250504017,-0.36924349495983,0.36924349495983
polar1m,42,22,H,11.90389805,9.65378893,12.57886072,1.0,0.299928,0.299928,0.0209183171391,-0.2790096828609,0.2790096828609
polar1m,42,23,O,13.29291747,13.93102896,12.97125236,-2.0,1.238142,-0.7618579999999999,-0.0834778919816,0.6783801080184,0.6783801080184
polar1m,42,24,H,9.48341446,12.58575343,11.69084361,1.0,0.317797,0.317797,0.0215612575412,-0.2962357424588,0.2962357424588
polar1m,42,25,O,14.59983472,11.14407688,10.40890138,-2.0,1.251278,-0.7487220000000001,-0.0380179472268,0.7107040527732001,0.7107040527732001
polar1m,42,26,H,10.78154419,11.28951131,13.67318078,1.0,0.355372,0.355372,0.0223063826561,-0.3330656173439,0.3330656173439
polar1m,42,27,O,14.74832164,13.68817663,10.63520333,-2.0,1.241745,-0.7582549999999999,-0.0440309755504,0.7142240244495999,0.7142240244495999
polar1m,42,28,H,15.88578361,13.29163309,8.70760489,1.0,0.425223,0.425223,0.02337327227,-0.40184972773,0.40184972773
polar1m,42,29,O,14.67118187,10.23994672,12.73687148,-2.0,1.483205,-0.5167949999999999,0.619131863117,1.1359268631169999,1.1359268631169999
polar1m,42,30,H,11.40019234,12.98068031,11.60479837,1.0,0.392158,0.392158,0.115066617727,-0.277091382273,0.277091382273
polar1m,42,31,H,13.80169887,11.44779859,10.83140629,1.0,0.349488,0.349488,0.0149437636137,-0.33454423638630004,0.33454423638630004
polar1m,42,32,H,14.54574251,13.13083074,8.68279935,1.0,0.355403,0.355403,0.0358733162284,-0.3195296837716,0.3195296837716
polar1m,42,33,O,14.03438389,12.14864919,14.42823452,-2.0,1.177976,-0.8220240000000001,-0.0676988810301,0.7543251189699001,0.7543251189699001
polar1m,42,34,O,8.82792985,12.61587479,10.77916286,-2.0,1.220786,-0.7792140000000001,-0.0546571500599,0.7245568499401001,0.7245568499401001
polar1m,42,35,H,14.5583509,9.79895463,13.70367545,1.0,0.43739,0.43739,0.0486425496638,-0.3887474503362,0.3887474503362
polar1m,42,36,O,13.60227749,14.80535922,15.16230305,-2.0,1.439517,-0.5604830000000001,0.0193545818329,0.5798375818329,0.5798375818329
polar1m,42,37,O,12.50079528,10.45215838,12.95952879,-2.0,1.164373,-0.8356269999999999,-0.668100833893,0.16752616610699989,0.16752616610699989
polar1m,42,38,H,14.33313211,9.24168362,12.39891532,1.0,0.400908,0.400908,0.0508930981159,-0.3500149018841,0.3500149018841
polar1m,42,39,H,10.59451258,10.03232817,11.78195581,1.0,0.380665,0.380665,0.0274594537914,-0.35320554620859995,0.35320554620859995
polar1m,42,40,H,12.51605709,14.35373691,12.51231239,1.0,0.320017,0.320017,0.0124687738717,-0.3075482261283,0.3075482261283
polar1m,42,41,H,13.59941213,14.65800494,13.72340098,1.0,0.333965,0.333965,0.0182570293546,-0.3157079706454,0.3157079706454
polar1m,42,42,H,11.24888601,11.91275237,10.56005401,1.0,0.427563,0.427563,0.0520457848907,-0.37551721510930003,0.37551721510930003
polar1m,43,0,H,14.31675881,12.6399026,10.73869128,1.0,0.395175,0.395175,0.0189661383629,-0.3762088616371,0.3762088616371
polar1m,43,1,H,13.89748294,14.30169884,10.4164656,1.0,0.369834,0.369834,0.0205426570028,-0.3492913429972,0.3492913429972
polar1m,43,2,H,7.92390915,11.71034109,10.80383053,1.0,0.405639,0.405639,0.0208023879677,-0.3848366120323,0.3848366120323
polar1m,43,3,H,13.19534761,10.27969548,12.39824394,1.0,0.368178,0.368178,0.0296564847231,-0.3385215152769,0.3385215152769
polar1m,43,4,H,13.35002915,12.78587299,14.59305893,1.0,0.371517,0.371517,0.02229109779,-0.34922590221,0.34922590221
polar1m,43,5,O,9.9060306,10.64830317,12.02939131,-2.0,1.27446,-0.7255400000000001,0.0012716203928,0.7268116203928001,0.7268116203928001
polar1m,43,6,H,9.09106577,10.3060102,12.09265217,1.0,0.465095,0.465095,0.0287074074149,-0.43638759258509996,0.43638759258509996
polar1m,43,7,H,13.9803896,10.16165291,9.93168258,1.0,0.413851,0.413851,0.0215651765466,-0.3922858234534,0.3922858234534
polar1m,43,8,H,11.61194886,12.18039888,13.43029656,1.0,0.343474,0.343474,0.0194762460887,-0.3239977539113,0.3239977539113
polar1m,43,9,O,10.24995915,13.79950177,11.09845353,-2.0,1.318472,-0.6815279999999999,0.0223247259855,0.7038527259854999,0.7038527259854999
polar1m,43,10,O,13.35287987,12.30060759,8.61773786,-2.0,1.133762,-0.8662380000000001,-0.0476296022534,0.8186083977466001,0.8186083977466001
polar1m,43,11,H,13.09671879,11.55873215,13.88102318,1.0,0.374244,0.374244,0.0110192932189,-0.3632247067811,0.3632247067811
polar1m,43,12,H,10.48755573,14.5759114,10.56574345,1.0,0.448956,0.448956,0.0307874791324,-0.41816852086760004,0.41816852086760004
polar1m,43,13,H,12.0,12.0,12.0,1.0,0.419946,0.419946,0.0833764374256,-0.33656956257439996,0.33656956257439996
polar1m,43,14,H,9.47332028,14.28206612,11.61205481,1.0,0.441077,0.441077,0.0353693477809,-0.4057076522191,0.4057076522191
polar1m,43,15,O,10.72333895,12.14563171,13.70442114,-2.0,1.220652,-0.7793479999999999,-0.0595094002783,0.7198385997217,0.7198385997217
polar1m,43,16,O,11.92708619,11.9573725,10.9925639,-2.0,1.399313,-0.600687,0.566222906113,1.166909906113,1.166909906113
polar1m,43,17,H,12.83772348,12.70496542,9.31477669,1.0,0.349807,0.349807,0.0108811222017,-0.33892587779829997,0.33892587779829997
polar1m,43,18,H,11.72809059,9.67600351,12.51598039,1.0,0.42393,0.42393,0.0231822878122,-0.4007477121878,0.4007477121878
polar1m,43,19,O,13.0463911,13.72307505,12.84090998,-2.0,1.267481,-0.7325189999999999,-0.0157063379884,0.7168126620115999,0.7168126620115999
polar1m,43,20,H,9.37805447,12.33853138,11.13715991,1.0,0.343699,0.343699,0.0110578089952,-0.3326411910048,0.3326411910048
polar1m,43,21,O,14.36399542,10.9371674,10.2846305,-2.0,1.266199,-0.7338009999999999,-0.0361583679914,0.6976426320085999,0.6976426320085999
polar1m,43,22,H,10.55876931,11.18163612,13.42740355,1.0,0.378545,0.378545,0.0168211460114,-0.3617238539886,0.3617238539886
polar1m,43,23,O,14.54640656,13.4955422,10.41517292,-2.0,1.232941,-0.7670589999999999,-0.0416196249425,0.7254393750574999,0.7254393750574999
polar1m,43,24,O,14.46852097,10.03841645,12.60829607,-2.0,1.290125,-0.709875,0.0358135700226,0.7456885700226,0.7456885700226
polar1m,43,25,H,11.25894588,12.64944045,11.59537732,1.0,0.403534,0.403534,0.127979010344,-0.275554989656,0.275554989656
polar1m,43,26,H,13.53549987,11.3139732,10.70308393,1.0,0.321037,0.321037,0.013889208436,-0.307147791564,0.307147791564
polar1m,43,27,H,14.0353408,12.79659095,8.54083246,1.0,0.457152,0.457152,0.0242433957756,-0.43290860422440003,0.43290860422440003
polar1m,43,28,O,13.80899482,11.93432402,14.29276584,-2.0,1.207134,-0.7928660000000001,-0.0471174567938,0.7457485432062001,0.7457485432062001
polar1m,43,29,O,8.53610672,12.43098664,10.60402744,-2.0,1.193322,-0.806678,-0.0530442781746,0.7536337218254,0.7536337218254
polar1m,43,30,H,14.2950243,9.5881584,13.41717685,1.0,0.439034,0.439034,0.0352889299393,-0.4037450700607,0.4037450700607
polar1m,43,31,O,12.25479224,10.2950624,12.77378107,-2.0,1.16362,-0.8363799999999999,-0.0833989456296,0.7529810543703999,0.7529810543703999
polar1m,43,32,H,14.10950772,9.2707116,12.30063993,1.0,0.433693,0.433693,0.0315063484013,-0.4021866515987,0.4021866515987
polar1m,43,33,H,10.35862037,9.82894881,11.68298367,1.0,0.394964,0.394964,0.0293489731848,-0.3656150268152,0.3656150268152
polar1m,43,34,H,12.26851861,14.05246724,12.38614305,1.0,0.37056,0.37056,0.0173119530082,-0.3532480469918,0.3532480469918
polar1m,43,35,H,13.28912222,14.42055819,13.56338342,1.0,0.4204,0.4204,0.0308974795043,-0.3895025204957,0.3895025204957
polar1m,43,36,H,11.16822137,11.72269495,10.55637242,1.0,0.479176,0.479176,0.0435834303498,-0.4355925696502,0.4355925696502
polar1m,44,0,H,13.88440719,12.64756796,10.41530342,1.0,0.374992,0.374992,0.0199711099267,-0.3550208900733,0.3550208900733
polar1m,44,1,H,13.70112505,14.09221379,10.08987436,1.0,0.432889,0.432889,0.0188409462571,-0.41404805374290005,0.41404805374290005
polar1m,44,2,H,12.64489775,10.13539389,12.10735458,1.0,0.418978,0.418978,0.0289860516787,-0.3899919483213,0.3899919483213
polar1m,44,3,H,12.98926284,12.62450161,14.31292018,1.0,0.390055,0.390055,0.0204649008811,-0.3695900991189,0.3695900991189
polar1m,44,4,O,9.670063,10.62149133,11.82486058,-2.0,1.273147,-0.726853,-0.00315519422293,0.72369780577707,0.72369780577707
polar1m,44,5,H,8.75274729,10.23257421,11.96236942,1.0,0.436251,0.436251,0.0314980223775,-0.4047529776225,0.4047529776225
polar1m,44,6,H,13.63562202,10.09762851,9.71457418,1.0,0.385596,0.385596,0.0227782875299,-0.3628177124701,0.3628177124701
polar1m,44,7,H,11.47988567,12.33881763,13.34790142,1.0,0.296607,0.296607,0.0272494703531,-0.2693575296469,0.2693575296469
polar1m,44,8,O,9.91653073,13.76870111,10.8794179,-2.0,1.268541,-0.7314590000000001,0.00563083589077,0.73708983589077,0.73708983589077
polar1m,44,9,O,13.02787228,12.25695375,8.42098084,-2.0,1.243411,-0.756589,-0.0605946555734,0.6959943444265999,0.6959943444265999
polar1m,44,10,H,12.76540982,11.34907879,13.64621296,1.0,0.331886,0.331886,0.0126921124756,-0.31919388752440003,0.31919388752440003
polar1m,44,11,H,10.27490267,14.40533503,10.30631114,1.0,0.45534,0.45534,0.026391338557,-0.42894866144300003,0.42894866144300003
polar1m,44,12,H,12.0,12.0,12.0,1.0,0.408929,0.408929,0.224527612329,-0.18440138767099998,0.18440138767099998
polar1m,44,13,H,9.03401171,14.16701965,11.31800107,1.0,0.436672,0.436672,0.0318064317107,-0.4048655682893,0.4048655682893
polar1m,44,14,O,10.41525259,12.08853172,13.45263171,-2.0,1.216433,-0.7835669999999999,-0.0635645315051,0.7200024684948999,0.7200024684948999
polar1m,44,15,O,11.66147832,11.92184408,10.75951827,-2.0,1.403225,-0.596775,0.461918860674,1.058693860674,1.058693860674
polar1m,44,16,H,12.54886656,12.83051721,9.29455273,1.0,0.27037,0.27037,0.0163618139923,-0.2540081860077,0.2540081860077
polar1m,44,17,H,11.34777044,9.60851751,12.24929463,1.0,0.396223,0.396223,0.0309807285666,-0.3652422714334,0.3652422714334
polar1m,44,18,O,12.7363246,13.67755232,12.62977223,-2.0,1.244461,-0.755539,0.000283151865005,0.755822151865005,0.755822151865005
polar1m,44,19,O,14.06679638,10.89915352,10.09271923,-2.0,1.272676,-0.7273240000000001,-0.0396691635251,0.6876548364749001,0.6876548364749001
polar1m,44,20,H,10.23514226,11.31917599,13.11165709,1.0,0.419116,0.419116,0.0141616500914,-0.40495434990859996,0.40495434990859996
polar1m,44,21,O,14.28851057,13.4714145,10.12313056,-2.0,1.195876,-0.8041240000000001,-0.0415191054344,0.7626048945656001,0.7626048945656001
polar1m,44,22,O,14.21216868,10.00721977,12.4039407,-2.0,1.278134,-0.7218659999999999,-0.0173010528088,0.7045649471911999,0.7045649471911999
polar1m,44,23,H,10.98087349,12.61151992,11.40391814,1.0,0.372711,0.372711,0.0817513912916,-0.2909596087084,0.2909596087084
polar1m,44,24,H,13.27618088,11.29605871,10.4611632,1.0,0.334916,0.334916,0.0116848945618,-0.3232311054382,0.3232311054382
polar1m,44,25,H,13.80135795,12.81533896,8.27132036,1.0,0.413634,0.413634,0.0271168295294,-0.3865171704706,0.3865171704706
polar1m,44,26,O,13.52189434,11.88693421,14.0899235,-2.0,1.234153,-0.7658469999999999,-0.0489725992084,0.7168744007915999,0.7168744007915999
polar1m,44,27,H,14.01650673,9.56310845,13.22385494,1.0,0.412783,0.412783,0.0280535146594,-0.38472948534060003,0.38472948534060003
polar1m,44,28,O,11.95270524,10.3179307,12.52744225,-2.0,1.256971,-0.7430289999999999,-0.0102400332689,0.7327889667310999,0.7327889667310999
polar1m,44,29,H,13.82091222,9.26845801,11.92721896,1.0,0.380677,0.380677,0.0259801857173,-0.3546968142827,0.3546968142827
polar1m,44,30,H,10.02992699,9.8419393,11.50658423,1.0,0.41433,0.41433,0.0263568237424,-0.38797317625759997,0.38797317625759997
polar1m,44,31,H,11.9563506,13.9786795,12.18633985,1.0,0.393053,0.393053,0.0208881907165,-0.3721648092835,0.3721648092835
polar1m,44,32,H,12.87961362,14.26089165,13.27565939,1.0,0.478305,0.478305,0.0304992087185,-0.4478057912815,0.4478057912815
polar1m,44,33,H,10.83834716,11.60780901,10.33755245,1.0,0.458656,0.458656,0.0381420068443,-0.42051399315570004,0.42051399315570004
polar1m,45,0,H,13.48136057,12.76110462,10.14616688,1.0,0.344201,0.344201,0.01188223809,-0.33231876191,0.33231876191
polar1m,45,1,H,13.28958341,14.21504355,9.80939328,1.0,0.354611,0.354611,0.00908176973462,-0.34552923026538,0.34552923026538
polar1m,45,2,H,13.682984,14.91097522,14.80792297,1.0,0.49012,0.49012,0.0308448430151,-0.4592751569849,0.4592751569849
polar1m,45,3,H,12.11167338,17.31276941,9.18025258,1.0,0.401257,0.401257,0.034311722964,-0.366945277036,0.366945277036
polar1m,45,4,H,12.44291424,10.05312841,11.69215582,1.0,0.329815,0.329815,0.0450052581728,-0.28480974182720004,0.28480974182720004
polar1m,45,5,H,12.61473121,12.63472899,14.13336764,1.0,0.381291,0.381291,0.0205878932029,-0.3607031067971,0.3607031067971
polar1m,45,6,H,12.16391213,15.33244688,14.1724008,1.0,0.456001,0.456001,0.0314753949642,-0.4245256050358,0.4245256050358
polar1m,45,7,O,9.39828956,10.68587436,11.66824292,-2.0,1.382784,-0.617216,0.0551945716143,0.6724105716143,0.6724105716143
polar1m,45,8,H,8.38665462,10.29561897,11.87723778,1.0,0.416458,0.416458,0.0443377681077,-0.3721202318923,0.3721202318923
polar1m,45,9,H,13.28903854,10.13042378,9.57411921,1.0,0.36267,0.36267,0.023541836068,-0.339128163932,0.339128163932
polar1m,45,10,H,11.08152471,12.53872441,13.35900201,1.0,0.32038,0.32038,0.0210960097611,-0.2992839902389,0.2992839902389
polar1m,45,11,O,13.11572787,15.2676413,8.80946108,-2.0,1.245518,-0.7544820000000001,-0.407600641251,0.3468813587490001,0.3468813587490001
polar1m,45,12,H,12.52826952,11.23838288,13.51244929,1.0,0.33453,0.33453,0.0148768648505,-0.3196531351495,0.3196531351495
polar1m,45,13,H,12.0,12.0,12.0,1.0,0.420108,0.420108,0.37263956666,-0.047468433340000005,0.047468433340000005
polar1m,45,14,O,10.10196009,12.14852702,13.2658233,-2.0,1.161628,-0.8383719999999999,-0.132147312164,0.7062246878359999,0.7062246878359999
polar1m,45,15,O,11.37118977,11.98928499,10.59123796,-2.0,1.395613,-0.604387,0.181527614594,0.785914614594,0.785914614594
polar1m,45,16,H,10.95267259,9.58728735,12.02007186,1.0,0.342812,0.342812,0.0420439019799,-0.3007680980201,0.3007680980201
polar1m,45,17,H,12.91517467,16.39781969,8.01949446,1.0,0.360549,0.360549,0.100360259414,-0.260188740586,0.260188740586
polar1m,45,18,O,12.397457,13.70922795,12.45413763,-2.0,1.316462,-0.683538,0.00381849706173,0.68735649706173,0.68735649706173
polar1m,45,19,H,11.85628007,18.13531654,8.01854764,1.0,0.426137,0.426137,0.0385832041502,-0.3875537958498,0.3875537958498
polar1m,45,20,O,13.74826922,10.94934567,9.95480708,-2.0,1.275,-0.7250000000000001,-0.0322534069419,0.6927465930581,0.6927465930581
polar1m,45,21,H,9.8508113,11.31294126,12.72592119,1.0,0.378571,0.378571,0.0126472637057,-0.3659237362943,0.3659237362943
polar1m,45,22,O,14.02531618,13.52057403,9.89344942,-2.0,1.181557,-0.818443,-0.0923113822937,0.7261316177063,0.7261316177063
polar1m,45,23,H,12.85913715,14.55662911,8.30742669,1.0,0.413498,0.413498,0.0288710799068,-0.3846269200932,0.3846269200932
polar1m,45,24,O,13.93332871,10.06740281,12.2489821,-2.0,1.391441,-0.6085590000000001,-0.00666720420122,0.60189179579878,0.60189179579878
polar1m,45,25,H,10.68615783,12.65624668,11.13215543,1.0,0.37995,0.37995,0.0386316105723,-0.3413183894277,0.3413183894277
polar1m,45,26,H,12.98104572,11.3508039,10.27475488,1.0,0.365965,0.365965,0.0140485353768,-0.3519164646232,0.3519164646232
polar1m,45,27,O,13.20171712,11.91742699,13.93703822,-2.0,1.23503,-0.7649699999999999,-0.0595301873982,0.7054398126017999,0.7054398126017999
polar1m,45,28,O,12.66656258,17.60233103,8.39470188,-2.0,1.36237,-0.6376299999999999,0.455164313316,1.0927943133159999,1.0927943133159999
polar1m,45,29,H,13.75044035,9.63475764,13.17357901,1.0,0.39391,0.39391,0.0311819072813,-0.3627280927187,0.3627280927187
polar1m,45,30,O,12.79771572,14.89135497,14.68979698,-2.0,1.180624,-0.8193760000000001,-0.00563091039658,0.8137450896034201,0.8137450896034201
polar1m,45,31,O,11.60689721,10.43435485,12.35046286,-2.0,1.400409,-0.599591,0.0193577706814,0.6189487706814,0.6189487706814
polar1m,45,32,H,12.70029486,16.18306927,10.78299738,1.0,0.372197,0.372197,0.027860628441,-0.344336371559,0.344336371559
polar1m,45,33,H,13.56939968,9.29812193,11.5201542,1.0,0.326169,0.326169,0.0362917035818,-0.2898772964182,0.2898772964182
polar1m,45,34,H,11.88220839,15.38331777,9.46197782,1.0,0.345827,0.345827,0.0153579115868,-0.3304690884132,0.3304690884132
polar1m,45,35,H,9.72879935,9.85369112,11.29182709,1.0,0.394557,0.394557,0.0338374003768,-0.3607195996232,0.3607195996232
polar1m,45,36,H,11.58271111,14.06603562,12.01282108,1.0,0.375351,0.375351,0.0237929187715,-0.35155808122849996,0.35155808122849996
polar1m,45,37,O,11.75724136,15.89860318,10.47063484,-2.0,1.195477,-0.8045230000000001,-0.143243089318,0.6612799106820001,0.6612799106820001
polar1m,45,38,H,12.51194055,14.32933661,13.20626941,1.0,0.388283,0.388283,0.0256383940578,-0.3626446059422,0.3626446059422
polar1m,45,39,H,10.46192179,11.55554859,10.125986,1.0,0.400871,0.400871,0.0354934707284,-0.3653775292716,0.3653775292716
polar1m,46,0,H,13.19532795,12.91981494,9.94203823,1.0,0.343713,0.343713,0.0084527656436,-0.3352602343564,0.3352602343564
polar1m,46,1,H,12.99642295,14.42159851,9.59876285,1.0,0.343587,0.343587,0.0163357257843,-0.3272512742157,0.3272512742157
polar1m,46,2,O,14.66794136,13.16478736,14.66386554,-2.0,1.170901,-0.829099,-0.0512047074735,0.7778942925265,0.7778942925265
polar1m,46,3,H,14.53594575,14.09278421,14.85824628,1.0,0.372462,0.372462,0.027105782181,-0.345356217819,0.345356217819
polar1m,46,4,H,13.37661662,14.8101417,15.02150159,1.0,0.386173,0.386173,0.0297398753464,-0.3564331246536,0.3564331246536
polar1m,46,5,H,11.7516961,17.25332381,8.95142845,1.0,0.391889,0.391889,0.0493700541556,-0.3425189458444,0.3425189458444
polar1m,46,6,O,11.39361382,16.79078425,13.39320006,-2.0,1.16567,-0.83433,-0.684744536877,0.14958546312300003,0.14958546312300003
polar1m,46,7,H,12.16250351,10.15723648,11.50856092,1.0,0.277212,0.277212,0.0563364773989,-0.22087552260110002,0.22087552260110002
polar1m,46,8,H,12.28012969,12.73481142,14.03927273,1.0,0.384092,0.384092,0.0289268344641,-0.3551651655359,0.3551651655359
polar1m,46,9,H,11.96823925,15.62523857,13.88564944,1.0,0.349444,0.349444,0.0333151444793,-0.31612885552069997,0.31612885552069997
polar1m,46,10,O,9.13820987,10.79003295,11.55890619,-2.0,1.371913,-0.6280870000000001,0.245665073395,0.873752073395,0.873752073395
polar1m,46,11,H,8.2031855,10.50880475,11.79368133,1.0,0.444155,0.444155,0.0370628349483,-0.40709216505170004,0.40709216505170004
polar1m,46,12,H,13.01700976,10.26655967,9.5253033,1.0,0.362796,0.362796,0.0153671763837,-0.3474288236163,0.3474288236163
polar1m,46,13,H,10.21366352,9.36763556,9.9742322,1.0,0.374397,0.374397,0.0282220952213,-0.3461749047787,0.3461749047787
polar1m,46,14,H,10.54648293,12.70262666,13.39399267,1.0,0.394619,0.394619,0.0208924710751,-0.3737265289249,0.3737265289249
polar1m,46,15,O,12.81940517,15.36281468,8.69367887,-2.0,1.244975,-0.7550250000000001,-0.362113296986,0.3929117030140001,0.3929117030140001
polar1m,46,16,H,12.42986303,11.24754111,13.49676989,1.0,0.360307,0.360307,0.012193761766,-0.348113238234,0.348113238234
polar1m,46,17,H,12.0,12.0,12.0,1.0,0.413103,0.413103,0.41216057539,-0.0009424246099999922,0.0009424246099999922
polar1m,46,18,O,10.35288679,8.55101167,10.62520994,-2.0,1.30141,-0.69859,-0.00129963457584,0.69729036542416,0.69729036542416
polar1m,46,19,O,9.83027789,12.26742605,13.14244614,-2.0,1.03422,-0.9657800000000001,-0.347313731909,0.618466268091,0.618466268091
polar1m,46,20,H,10.16176365,14.85215375,14.09307284,1.0,0.364382,0.364382,0.019561458379,-0.344820541621,0.344820541621
polar1m,46,21,O,11.10087293,12.11150233,10.48192732,-2.0,1.293105,-0.706895,0.0189578235149,0.7258528235149001,0.7258528235149001
polar1m,46,22,H,10.78257007,9.77541471,11.94451848,1.0,0.373324,0.373324,0.0248155631125,-0.3485084368875,0.3485084368875
polar1m,46,23,H,12.45050527,16.47317504,8.00750377,1.0,0.349099,0.349099,0.0983698889613,-0.2507291110387,0.2507291110387
polar1m,46,24,H,10.10776609,16.42711826,13.79347733,1.0,0.386518,0.386518,0.018298137933,-0.36821986206699997,0.36821986206699997
polar1m,46,25,O,12.08551019,13.78985043,12.32646629,-2.0,1.321681,-0.6783189999999999,0.00107009708881,0.6793890970888099,0.6793890970888099
polar1m,46,26,H,11.64564694,18.0898285,7.9919578,1.0,0.4642,0.4642,0.027714047581,-0.436485952419,0.436485952419
polar1m,46,27,O,13.46928972,11.03981327,9.86926895,-2.0,1.281923,-0.7180770000000001,-0.0389851555228,0.6790918444772001,0.6790918444772001
polar1m,46,28,H,9.57300891,11.41843532,12.42078985,1.0,0.372363,0.372363,0.0357180684805,-0.3366449315195,0.3366449315195
polar1m,46,29,H,14.81131558,11.3546354,12.04638917,1.0,0.35574,0.35574,0.0125889256597,-0.3431510743403,0.3431510743403
polar1m,46,30,H,14.70452122,12.88270369,13.7026276,1.0,0.381025,0.381025,0.0186488479376,-0.3623761520624,0.3623761520624
polar1m,46,31,O,13.79756434,13.61517665,9.72917176,-2.0,1.145532,-0.854468,-0.197093591094,0.6573744089060001,0.6573744089060001
polar1m,46,32,H,12.63360738,14.68392523,8.09710951,1.0,0.406242,0.406242,0.0219016373158,-0.3843403626842,0.3843403626842
polar1m,46,33,O,9.593316,15.57050156,13.87693316,-2.0,1.065322,-0.9346779999999999,-0.127234920859,0.8074430791409999,0.8074430791409999
polar1m,46,34,O,13.6827554,10.16365629,12.14328392,-2.0,1.379484,-0.6205160000000001,0.0030595511198,0.6235755511198001,0.6235755511198001
polar1m,46,35,H,10.49858478,12.69511735,10.83150824,1.0,0.445624,0.445624,0.0313435085118,-0.4142804914882,0.4142804914882
polar1m,46,36,O,15.39397698,12.18949767,12.15135068,-2.0,1.217452,-0.782548,-0.0434747487307,0.7390732512693,0.7390732512693
polar1m,46,37,H,12.63719496,11.49111344,10.18184393,1.0,0.353819,0.353819,0.015847120434,-0.337971879566,0.337971879566
polar1m,46,38,O,12.90732352,11.98348407,13.83732431,-2.0,1.285552,-0.714448,-0.0493906885386,0.6650573114614,0.6650573114614
polar1m,46,39,O,12.41051145,17.71505715,8.2845126,-2.0,1.306193,-0.6938070000000001,0.41875448823,1.1125614882300001,1.1125614882300001
polar1m,46,40,H,13.54730913,9.77807915,13.04617912,1.0,0.421737,0.421737,0.0321736559272,-0.38956334407279997,0.38956334407279997
polar1m,46,41,O,12.53799514,15.07393266,14.60896385,-2.0,1.170755,-0.829245,-0.132458537817,0.696786462183,0.696786462183
polar1m,46,42,O,11.29989901,10.5781189,12.21914909,-2.0,1.365899,-0.634101,0.037365667522,0.671466667522,0.671466667522
polar1m,46,43,H,15.8251542,12.37802482,11.25412518,1.0,0.398324,0.398324,0.0223977789283,-0.37592622107170004,0.37592622107170004
polar1m,46,44,H,11.24387935,8.55096584,10.48820575,1.0,0.441481,0.441481,0.0217887945473,-0.41969220545270003,0.41969220545270003
polar1m,46,45,H,12.40551382,16.23286506,10.67137805,1.0,0.397345,0.397345,0.0328939519823,-0.3644510480177,0.3644510480177
polar1m,46,46,H,13.50692348,9.50657554,11.34073704,1.0,0.355705,0.355705,0.0277065858245,-0.3279984141755,0.3279984141755
polar1m,46,47,H,11.57361098,15.59513649,9.44091545,1.0,0.361646,0.361646,0.0114820376039,-0.35016396239610004,0.35016396239610004
polar1m,46,48,H,9.45419791,9.93710653,11.09747523,1.0,0.369534,0.369534,0.0316730700433,-0.3378609299567,0.3378609299567
polar1m,46,49,H,11.28730689,14.20913317,11.91193312,1.0,0.383324,0.383324,0.0239620581269,-0.3593619418731,0.3593619418731
polar1m,46,50,O,11.46738272,16.05295838,10.31937933,-2.0,1.235156,-0.7648440000000001,-0.0649477690458,0.6998962309542001,0.6998962309542001
polar1m,46,51,H,11.94764681,17.5225051,13.86034977,1.0,0.320941,0.320941,0.0200420729816,-0.3008989270184,0.3008989270184
polar1m,46,52,H,12.23198047,14.42080944,13.17411056,1.0,0.368391,0.368391,0.0290342792869,-0.3393567207131,0.3393567207131
polar1m,46,53,H,10.31987951,11.62308781,10.04851861,1.0,0.374149,0.374149,0.0219455845654,-0.3522034154346,0.3522034154346
polar1m,47,0,H,12.99523884,13.03035158,9.80110461,1.0,0.34853,0.34853,0.0124345645308,-0.3360954354692,0.3360954354692
polar1m,47,1,H,12.95024824,14.52672316,9.43262313,1.0,0.366036,0.366036,0.0104514658451,-0.3555845341549,0.3555845341549
polar1m,47,2,H,11.51859289,17.2585602,8.78497067,1.0,0.41454,0.41454,0.0552680529654,-0.3592719470346,0.3592719470346
polar1m,47,3,H,11.76693724,10.41660423,11.56450223,1.0,0.381964,0.381964,0.0360137298703,-0.34595027012970003,0.34595027012970003
polar1m,47,4,H,12.02529701,12.75627745,13.95552143,1.0,0.409805,0.409805,0.0277975276113,-0.3820074723887,0.3820074723887
polar1m,47,5,O,8.89746722,10.88051497,11.46072595,-2.0,1.284047,-0.7159530000000001,0.10007481277,0.81602781277,0.81602781277
polar1m,47,6,H,8.0543977,10.76795305,11.70338308,1.0,0.490279,0.490279,0.0406625568867,-0.4496164431133,0.4496164431133
polar1m,47,7,H,12.77156632,10.3712436,9.47893763,1.0,0.394299,0.394299,0.0242874026299,-0.37001159737010003,0.37001159737010003
polar1m,47,8,H,10.23518233,12.94379233,13.48293572,1.0,0.372281,0.372281,0.0221005268395,-0.3501804731605,0.3501804731605
polar1m,47,9,O,12.55144068,15.4653804,8.5941078,-2.0,1.271928,-0.728072,-0.217278599739,0.5107934002610001,0.5107934002610001
polar1m,47,10,H,12.30300091,11.21443739,13.5002838,1.0,0.400949,0.400949,0.021472223103,-0.379476776897,0.379476776897
polar1m,47,11,H,12.0,12.0,12.0,1.0,0.461473,0.461473,0.466455519199,0.004982519199000002,0.004982519199000002
polar1m,47,12,O,9.57340341,12.37497618,13.04316754,-2.0,1.070227,-0.929773,-0.167450904846,0.762322095154,0.762322095154
polar1m,47,13,O,10.86644322,12.22456901,10.3919779,-2.0,1.245164,-0.7548360000000001,0.00440716743469,0.7592431674346901,0.7592431674346901
polar1m,47,14,H,10.66083359,9.94816902,11.94829047,1.0,0.457164,0.457164,0.0352193266153,-0.4219446733847,0.4219446733847
polar1m,47,15,H,12.13334765,16.51479964,8.10043903,1.0,0.350021,0.350021,0.0791465938091,-0.27087440619090003,0.27087440619090003
polar1m,47,16,O,11.80169423,13.87360754,12.22631011,-2.0,1.303846,-0.6961539999999999,0.0200920328498,0.7162460328497999,0.7162460328497999
polar1m,47,17,H,11.33825942,18.21116486,7.84736826,1.0,0.427838,0.427838,0.0394005849957,-0.3884374150043,0.3884374150043
polar1m,47,18,O,13.22150656,11.12744271,9.81123145,-2.0,1.262653,-0.737347,-0.0340374410152,0.7033095589848,0.7033095589848
polar1m,47,19,H,9.43826,11.68869738,12.25708279,1.0,0.377283,0.377283,0.0221671015024,-0.3551158984976,0.3551158984976
polar1m,47,20,H,14.56116178,11.39918784,12.01716975,1.0,0.340006,0.340006,0.0150934122503,-0.3249125877497,0.3249125877497
polar1m,47,21,O,13.59653636,13.71380654,9.59599557,-2.0,1.114885,-0.8851150000000001,-0.135305166245,0.7498098337550001,0.7498098337550001
polar1m,47,22,H,12.39510322,14.6974265,7.7999617,1.0,0.35037,0.35037,0.0339882746339,-0.3163817253661,0.3163817253661
polar1m,47,23,O,13.46215869,10.25416877,12.05489856,-2.0,1.25911,-0.74089,0.00471553206444,0.74560553206444,0.74560553206444
polar1m,47,24,H,10.24279836,12.90096425,10.65414968,1.0,0.424561,0.424561,0.0321458466351,-0.3924151533649,0.3924151533649
polar1m,47,25,O,15.11728973,12.31231141,12.03711508,-2.0,1.112651,-0.8873489999999999,-0.059743270278,0.827605729722,0.827605729722
polar1m,47,26,H,12.38345122,11.60918876,10.09799385,1.0,0.338836,0.338836,0.0178396366537,-0.32099636334630005,0.32099636334630005
polar1m,47,27,O,12.64397162,12.04756961,13.7667094,-2.0,1.319895,-0.680105,0.0172408521175,0.6973458521175,0.6973458521175
polar1m,47,28,O,12.18370049,17.80957895,8.20656846,-2.0,1.344733,-0.655267,0.202315121889,0.8575821218890001,0.8575821218890001
polar1m,47,29,H,13.38162509,9.86391347,12.87747272,1.0,0.444954,0.444954,0.0354891419411,-0.40946485805890004,0.40946485805890004
polar1m,47,30,O,11.0434945,10.70408991,12.10328534,-2.0,1.247488,-0.7525120000000001,0.0493781641126,0.8018901641126001,0.8018901641126001
polar1m,47,31,H,15.39941554,12.57279164,11.22209951,1.0,0.440985,0.440985,0.0254137404263,-0.4155712595737,0.4155712595737
polar1m,47,32,H,13.57047256,9.75559172,11.33702907,1.0,0.451455,0.451455,0.033401209861,-0.418053790139,0.418053790139
polar1m,47,33,H,9.1840815,10.10288394,10.97621739,1.0,0.423255,0.423255,0.0380324088037,-0.3852225911963,0.3852225911963
polar1m,47,34,H,11.06270354,14.3317915,11.85065689,1.0,0.423182,0.423182,0.0277828611434,-0.3953991388566,0.3953991388566
polar1m,47,35,H,12.01495087,14.38374946,13.03422112,1.0,0.42838,0.42838,0.0347873307765,-0.3935926692235,0.3935926692235
polar1m,47,36,H,10.30046835,11.69316865,10.01752171,1.0,0.444926,0.444926,0.0287406481802,-0.4161853518198,0.4161853518198
polar1m,48,0,H,12.82168615,13.04683528,9.67614609,1.0,0.370181,0.370181,0.015946727246,-0.354234272754,0.354234272754
polar1m,48,1,H,13.00891499,14.53492326,9.26497243,1.0,0.420738,0.420738,0.0233625732362,-0.3973754267638,0.3973754267638
polar1m,48,2,O,14.2388811,13.34065688,14.45924761,-2.0,1.202536,-0.797464,-0.0397495776415,0.7577144223585,0.7577144223585
polar1m,48,3,H,14.08103095,14.30489204,14.50152632,1.0,0.402267,0.402267,0.0296344533563,-0.3726325466437,0.3726325466437
polar1m,48,4,H,14.1403062,14.42301679,12.89217773,1.0,0.319076,0.319076,0.0228269472718,-0.2962490527282,0.2962490527282
polar1m,48,5,H,11.3539599,17.34804986,8.65588226,1.0,0.384028,0.384028,0.027790158987,-0.356237841013,0.356237841013
polar1m,48,6,H,11.55803075,10.65337424,11.54632434,1.0,0.383539,0.383539,0.0250711143017,-0.3584678856983,0.3584678856983
polar1m,48,7,H,11.74111023,12.70875141,13.85173255,1.0,0.422134,0.422134,0.0288795661181,-0.3932544338819,0.3932544338819
polar1m,48,8,H,14.77903373,14.34766878,9.50083616,1.0,0.352833,0.352833,0.0136824809015,-0.3391505190985,0.3391505190985
polar1m,48,9,O,14.09075794,14.89106727,11.96200641,-2.0,1.254008,-0.745992,-0.0590264424682,0.6869655575318,0.6869655575318
polar1m,48,10,H,12.50431041,10.37426255,9.36731029,1.0,0.395959,0.395959,0.0277687087655,-0.3681902912345,0.3681902912345
polar1m,48,11,H,9.95164503,13.10305526,13.48077768,1.0,0.369625,0.369625,0.0261409543455,-0.34348404565449997,0.34348404565449997
polar1m,48,12,O,12.27825685,15.52119744,8.44859271,-2.0,1.331194,-0.668806,0.0159631818533,0.6847691818533,0.6847691818533
polar1m,48,13,H,12.08227158,11.11743842,13.48009621,1.0,0.392499,0.392499,0.0252527035773,-0.3672462964227,0.3672462964227
polar1m,48,14,H,12.0,12.0,12.0,1.0,0.41649,0.41649,0.465229064226,0.048739064225999995,0.048739064225999995
polar1m,48,15,O,9.31125896,12.44279246,12.93021669,-2.0,1.172121,-0.827879,-0.0470536239445,0.7808253760555001,0.7808253760555001
polar1m,48,16,O,10.64976371,12.30578528,10.28505529,-2.0,1.335662,-0.6643380000000001,-0.0119369775057,0.6524010224943001,0.6524010224943001
polar1m,48,17,H,13.96872347,13.89776993,11.63254483,1.0,0.323658,0.323658,0.0143125727773,-0.3093454272227,0.3093454272227
polar1m,48,18,H,10.36112097,9.81596145,11.92551936,1.0,0.412073,0.412073,0.0372888147831,-0.37478418521690005,0.37478418521690005
polar1m,48,19,H,12.00130286,16.37094313,8.1623006,1.0,0.409673,0.409673,0.0394569039345,-0.3702160960655,0.3702160960655
polar1m,48,20,O,11.52138188,13.91354738,12.10297108,-2.0,1.27013,-0.72987,0.00104574114084,0.73091574114084,0.73091574114084
polar1m,48,21,H,11.0849077,18.37361603,7.64271057,1.0,0.376798,0.376798,0.0325070172548,-0.34429098274520004,0.34429098274520004
polar1m,48,22,O,12.97495062,11.17695782,9.73480005,-2.0,1.245698,-0.754302,-0.0308414846659,0.7234605153341,0.7234605153341
polar1m,48,23,H,9.40164792,12.02288275,12.1274986,1.0,0.413116,0.413116,0.0155219137669,-0.3975940862331,0.3975940862331
polar1m,48,24,H,14.3200243,11.54425403,11.92734697,1.0,0.369206,0.369206,0.0138033591211,-0.3554026408789,0.3554026408789
polar1m,48,25,H,14.43101611,13.11258845,13.5303099,1.0,0.374788,0.374788,0.0162773653865,-0.3585106346135,0.3585106346135
polar1m,48,26,O,13.40000875,13.7742263,9.44630375,-2.0,1.213783,-0.7862169999999999,-0.0401092246175,0.7461077753825,0.7461077753825
polar1m,48,27,H,12.17160517,14.83653828,7.63408098,1.0,0.392752,0.392752,0.0370300263166,-0.3557219736834,0.3557219736834
polar1m,48,28,O,13.24172614,10.3185352,11.94533757,-2.0,1.325693,-0.674307,0.00504270195961,0.67934970195961,0.67934970195961
polar1m,48,29,H,9.93304414,13.13920604,10.50484073,1.0,0.385958,0.385958,0.0399559438229,-0.3460020561771,0.3460020561771
polar1m,48,30,O,14.83704599,12.38556829,11.9106461,-2.0,1.255641,-0.744359,-0.0270851701498,0.7172738298501999,0.7172738298501999
polar1m,48,31,H,12.20425594,11.66129712,9.97357339,1.0,0.360476,0.360476,0.0157646909356,-0.3447113090644,0.3447113090644
polar1m,48,32,O,12.38831618,12.06823599,13.67517651,-2.0,1.415469,-0.5845309999999999,0.140126228333,0.724657228333,0.724657228333
polar1m,48,33,O,11.94485515,17.85639725,8.10871046,-2.0,1.281115,-0.718885,-0.0133379176259,0.7055470823741,0.7055470823741
polar1m,48,34,H,13.21624007,9.77688042,12.77467916,1.0,0.419257,0.419257,0.0346839465201,-0.3845730534799,0.3845730534799
polar1m,48,35,O,10.79835478,10.79393226,11.97396244,-2.0,1.2848,-0.7152000000000001,0.00173550099134,0.7169355009913401,0.7169355009913401
polar1m,48,36,H,15.02536008,12.76004037,10.99691904,1.0,0.407323,0.407323,0.0295543912798,-0.3777686087202,0.3777686087202
polar1m,48,37,O,15.39554714,15.17155515,9.37201506,-2.0,1.136214,-0.8637859999999999,-0.0649873092771,0.7987986907228999,0.7987986907228999
polar1m,48,38,H,16.36112812,15.0523827,9.49029519,1.0,0.402659,0.402659,0.0265902988613,-0.3760687011387,0.3760687011387
polar1m,48,39,H,11.82277231,16.17584097,10.47601294,1.0,0.394097,0.394097,0.0263012237847,-0.36779577621529996,0.36779577621529996
polar1m,48,40,H,13.68238114,9.80582846,11.19630843,1.0,0.430992,0.430992,0.036349773407,-0.39464222659299997,0.39464222659299997
polar1m,48,41,H,11.149914,15.74312907,9.23296241,1.0,0.357186,0.357186,0.0206469148397,-0.3365390851603,0.3365390851603
polar1m,48,42,H,10.80078508,14.43663515,11.74472932,1.0,0.412894,0.412894,0.0287534762174,-0.3841405237826,0.3841405237826
polar1m,48,43,O,10.94023245,16.33480465,10.07628471,-2.0,1.191946,-0.808054,-0.0880830734968,0.7199709265032,0.7199709265032
polar1m,48,44,H,11.83900556,14.31300134,12.88830778,1.0,0.413395,0.413395,0.0310423206538,-0.3823526793462,0.3823526793462
polar1m,48,45,H,10.12393732,11.55371466,9.84602788,1.0,0.398317,0.398317,0.0308710876852,-0.36744591231479995,0.36744591231479995
polar1m,49,0,H,9.07061157,18.77419523,10.889305,1.0,0.506236,0.506236,0.0557299107313,-0.4505060892687,0.4505060892687
polar1m,49,1,O,9.33479303,17.85683319,11.13217257,-2.0,1.365154,-0.634846,0.737309575081,1.372155575081,1.372155575081
polar1m,49,2,H,12.68189811,13.07377513,9.46646379,1.0,0.377986,0.377986,0.0153572298586,-0.3626287701414,0.3626287701414
polar1m,49,3,H,12.9645312,14.73020035,8.98752913,1.0,0.396679,0.396679,0.0256465040147,-0.3710324959853,0.3710324959853
polar1m,49,4,O,14.05181269,13.4016065,14.25988253,-2.0,1.178212,-0.821788,-0.035391703248,0.786396296752,0.786396296752
polar1m,49,5,H,13.89264731,14.37573058,14.2602413,1.0,0.393364,0.393364,0.0253588557243,-0.36800514427569997,0.36800514427569997
polar1m,49,6,H,13.8461458,8.0762091,9.71508827,1.0,0.393198,0.393198,0.0395743735135,-0.3536236264865,0.3536236264865
polar1m,49,7,H,13.80488098,14.67631642,12.63833933,1.0,0.370949,0.370949,0.0172956380993,-0.35365336190069996,0.35365336190069996
polar1m,49,8,H,11.16491055,17.4829011,8.54543905,1.0,0.37933,0.37933,0.0160178653896,-0.3633121346104,0.3633121346104
polar1m,49,9,H,11.61839113,10.80163402,11.30008294,1.0,0.303067,0.303067,0.0348121896386,-0.2682548103614,0.2682548103614
polar1m,49,10,H,11.38619656,12.67516109,13.68735879,1.0,0.414359,0.414359,0.0303472131491,-0.3840117868509,0.3840117868509
polar1m,49,11,H,14.61180618,14.34435352,9.25322402,1.0,0.351785,0.351785,0.0115137286484,-0.3402712713516,0.3402712713516
polar1m,49,12,O,12.48418359,8.72233751,9.04939155,-2.0,1.304993,-0.6950069999999999,-0.0169847607613,0.6780222392387,0.6780222392387
polar1m,49,13,O,13.90221365,14.92506275,11.77107154,-2.0,1.212325,-0.7876749999999999,-0.0732600092888,0.7144149907111998,0.7144149907111998
polar1m,49,14,H,12.28090307,10.41295417,9.18811017,1.0,0.37068,0.37068,0.0218508988619,-0.3488291011381,0.3488291011381
polar1m,49,15,H,12.22309502,8.84173811,8.06937698,1.0,0.424583,0.424583,0.0320587195456,-0.39252428045439997,0.39252428045439997
polar1m,49,16,H,9.59290796,13.12133741,13.23790147,1.0,0.382952,0.382952,0.0162257868797,-0.3667262131203,0.3667262131203
polar1m,49,17,H,14.5739758,8.79391063,11.0808177,1.0,0.386253,0.386253,0.0323285609484,-0.35392443905160004,0.35392443905160004
polar1m,49,18,O,12.02482282,15.54609091,8.21067548,-2.0,1.294556,-0.705444,0.100881263614,0.8063252636139999,0.8063252636139999
polar1m,49,19,H,11.84364675,11.14217695,13.41395717,1.0,0.42539,0.42539,0.0294193290174,-0.39597067098259997,0.39597067098259997
polar1m,49,20,H,12.0,12.0,12.0,1.0,0.391869,0.391869,0.366990596056,-0.024878403944000038,0.024878403944000038
polar1m,49,21,H,9.80837135,17.31258918,10.51000498,1.0,0.431476,0.431476,0.0325063690543,-0.39896963094570004,0.39896963094570004
polar1m,49,22,O,9.06886,12.51658346,12.75692168,-2.0,1.198336,-0.8016639999999999,-0.0509758815169,0.7506881184830999,0.7506881184830999
polar1m,49,23,O,10.44822345,12.38706249,10.09568294,-2.0,1.349956,-0.6500440000000001,-0.0178129374981,0.6322310625019001,0.6322310625019001
polar1m,49,24,H,13.73120758,13.8665823,11.38951346,1.0,0.303922,0.303922,0.017017070204,-0.286904929796,0.286904929796
polar1m,49,25,H,10.16282365,9.82676893,11.82980294,1.0,0.386413,0.386413,0.0352324619889,-0.3511805380111,0.3511805380111
polar1m,49,26,H,11.95773685,16.39798776,7.98990155,1.0,0.439143,0.439143,0.0379992201924,-0.4011437798076,0.4011437798076
polar1m,49,27,O,11.26202847,13.94196814,11.89118814,-2.0,1.29728,-0.70272,-0.0211401060224,0.6815798939776,0.6815798939776
polar1m,49,28,H,11.04237107,18.49285841,7.43768043,1.0,0.423857,0.423857,0.0302958935499,-0.3935611064501,0.3935611064501
polar1m,49,29,O,12.75270623,11.21334704,9.57246647,-2.0,1.217403,-0.782597,-0.0417657569051,0.7408312430949,0.7408312430949
polar1m,49,30,H,9.47484936,12.35353158,11.82017352,1.0,0.34884,0.34884,0.0120910406113,-0.3367489593887,0.3367489593887
polar1m,49,31,H,14.03755036,11.70958081,11.71129377,1.0,0.381465,0.381465,0.0108189359307,-0.3706460640693,0.3706460640693
polar1m,49,32,H,14.31209339,13.14754643,13.44975605,1.0,0.412094,0.412094,0.0144530162215,-0.3976409837785,0.3976409837785
polar1m,49,33,O,13.23785425,13.81074934,9.22343033,-2.0,1.220359,-0.779641,-0.0449514165521,0.7346895834479,0.7346895834479
polar1m,49,34,H,11.95766472,15.06315506,7.47839946,1.0,0.490185,0.490185,0.0399807654321,-0.4502042345679,0.4502042345679
polar1m,49,35,O,13.04318274,10.374601,11.75167341,-2.0,1.385876,-0.6141239999999999,0.000256761908531,0.6143807619085309,0.6143807619085309
polar1m,49,36,H,9.78288984,17.88880477,11.97634078,1.0,0.50175,0.50175,0.0506039857864,-0.4511460142136,0.4511460142136
polar1m,49,37,H,9.7232954,13.18978222,10.22197408,1.0,0.37285,0.37285,0.0289143938571,-0.34393560614290003,0.34393560614290003
polar1m,49,38,O,14.58019995,12.45571677,11.6990017,-2.0,1.277158,-0.722842,-0.0284707769752,0.6943712230248,0.6943712230248
polar1m,49,39,H,11.97771578,11.74784682,9.79100041,1.0,0.351498,0.351498,0.0153073631227,-0.3361906368773,0.3361906368773
polar1m,49,40,O,12.15822425,12.06876365,13.49507258,-2.0,1.480813,-0.5191870000000001,0.360569298267,0.8797562982670001,0.8797562982670001
polar1m,49,41,O,11.71231128,17.90541958,7.91934059,-2.0,1.231772,-0.7682279999999999,-0.0140261426568,0.7542018573431999,0.7542018573431999
polar1m,49,42,H,13.06597792,9.67330095,12.54001424,1.0,0.396558,0.396558,0.037046469748,-0.359511530252,0.359511530252
polar1m,49,43,O,10.56387866,10.86292629,11.77372077,-2.0,1.326088,-0.6739120000000001,-0.0787126272917,0.5951993727083,0.5951993727083
polar1m,49,44,H,14.67796906,12.86673082,10.7154866,1.0,0.383062,0.383062,0.0313376635313,-0.3517243364687,0.3517243364687
polar1m,49,45,O,15.15954709,15.21161688,9.17129668,-2.0,1.13446,-0.86554,-0.064354300499,0.8011856995009999,0.8011856995009999
polar1m,49,46,H,16.07140924,14.89667015,9.19127745,1.0,0.411879,0.411879,0.0276753138751,-0.38420368612489997,0.38420368612489997
polar1m,49,47,H,11.58630736,16.14690775,10.36345094,1.0,0.388957,0.388957,0.0340030416846,-0.3549539583154,0.3549539583154
polar1m,49,48,H,13.72930447,9.85307259,11.04077172,1.0,0.352297,0.352297,0.0392680317163,-0.3130289682837,0.3130289682837
polar1m,49,49,H,13.33674821,9.17775175,9.34197704,1.0,0.37311,0.37311,0.0286012254655,-0.3445087745345,0.3445087745345
polar1m,49,50,H,10.92872066,15.69268653,8.99174757,1.0,0.37389,0.37389,0.0583616048098,-0.3155283951902,0.3155283951902
polar1m,49,51,O,13.84271293,8.16284523,10.82581283,-2.0,1.307909,-0.692091,-0.0191413685679,0.6729496314321,0.6729496314321
polar1m,49,52,H,10.54861898,14.54972299,11.55949251,1.0,0.381356,0.381356,0.0182986762375,-0.3630573237625,0.3630573237625
polar1m,49,53,O,10.69294055,16.44742639,9.86957824,-2.0,1.278827,-0.7211730000000001,-0.122150726616,0.599022273384,0.599022273384
polar1m,49,54,H,11.71182032,14.32323174,12.74474311,1.0,0.371166,0.371166,0.0260234996676,-0.3451425003324,0.3451425003324
polar1m,49,55,H,10.00531891,11.52372222,9.65220038,1.0,0.394077,0.394077,0.0337582007051,-0.3603187992949,0.3603187992949
polar1m,50,0,O,12.37042635,11.47791842,10.40060451,-2.0,1.334781,-0.665219,0.0380781292915,0.7032971292915,0.7032971292915
polar1m,50,1,O,11.13593479,13.7392142,8.81035378,-2.0,1.200159,-0.799841,-0.0430604033172,0.7567805966828001,0.7567805966828001
polar1m,50,2,H,9.61356179,10.21951275,12.18553039,1.0,0.40786,0.40786,0.0217334982008,-0.3861265017992,0.3861265017992
polar1m,50,3,O,14.60754005,9.49078536,12.16330983,-2.0,1.18709,-0.81291,-0.0426699258387,0.7702400741613,0.7702400741613
polar1m,50,4,H,11.87259221,10.77631366,9.98124469,1.0,0.418543,0.418543,0.0202609244734,-0.3982820755266,0.3982820755266
polar1m,50,5,H,13.98598247,10.31680114,11.90641752,1.0,0.367266,0.367266,0.0127775035799,-0.3544884964201,0.3544884964201
polar1m,50,6,H,11.81514071,12.56730247,13.59127423,1.0,0.342561,0.342561,0.0143127739429,-0.3282482260571,0.3282482260571
polar1m,50,7,H,10.95653522,14.07659662,13.0177731,1.0,0.381472,0.381472,0.0128782093525,-0.3685937906475,0.3685937906475
polar1m,50,8,H,15.22179956,9.16248944,11.50311113,1.0,0.418453,0.418453,0.015304679051,-0.403148320949,0.403148320949
polar1m,50,9,H,10.74673678,9.9096548,11.34479852,1.0,0.36843,0.36843,0.01458356902,-0.35384643097999996,0.35384643097999996
polar1m,50,10,H,11.60897771,13.31717546,9.57981351,1.0,0.375971,0.375971,0.0127136185765,-0.3632573814235,0.3632573814235
polar1m,50,11,H,10.55010235,12.44763644,14.62966971,1.0,0.384423,0.384423,0.0119846127927,-0.3724383872073,0.3724383872073
polar1m,50,12,O,11.30825465,14.65223344,12.29693442,-2.0,1.10319,-0.8968100000000001,-0.0620918124914,0.8347181875086,0.8347181875086
polar1m,50,13,H,14.06655367,14.54132518,12.31192824,1.0,0.401451,0.401451,0.0252860207111,-0.3761649792889,0.3761649792889
polar1m,50,14,H,13.38407132,12.890036,12.60863569,1.0,0.338974,0.338974,0.0312804877758,-0.3076935122242,0.3076935122242
polar1m,50,15,H,10.37956777,13.06680281,8.63335297,1.0,0.384275,0.384275,0.0179738998413,-0.3663011001587,0.3663011001587
polar1m,50,16,O,10.48036263,12.75131005,13.74446398,-2.0,1.085969,-0.914031,-0.689446985722,0.224584014278,0.224584014278
polar1m,50,17,O,12.79075934,12.10040943,13.19749215,-2.0,1.370952,-0.629048,0.348961502314,0.9780095023140001,0.9780095023140001
polar1m,50,18,H,10.6166083,15.19927139,11.91648041,1.0,0.411889,0.411889,0.0188950486481,-0.3929939513519,0.3929939513519
polar1m,50,19,O,14.06085174,13.78183841,11.55936007,-2.0,1.305591,-0.694409,-8.86619091034e-07,0.694408113380909,0.694408113380909
polar1m,50,20,O,10.45550099,10.69508808,11.87987953,-2.0,1.262416,-0.737584,-0.0185500383377,0.7190339616623,0.7190339616623
polar1m,50,21,H,13.3796511,14.15625252,10.98857976,1.0,0.424281,0.424281,0.0216213967651,-0.4026596032349,0.4026596032349
polar1m,50,22,H,13.23868994,11.02208915,9.93664557,1.0,0.385317,0.385317,0.022490054369,-0.36282694563100004,0.36282694563100004
polar1m,50,23,H,12.0,12.0,12.0,1.0,0.338687,0.338687,0.194684073329,-0.144002926671,0.144002926671
polar1m,51,0,O,12.47124625,11.61350283,10.40417938,-2.0,1.33265,-0.6673500000000001,0.0552009120584,0.7225509120584002,0.7225509120584002
polar1m,51,1,O,11.2721567,13.86052092,8.79042324,-2.0,1.276856,-0.723144,-0.0344311892986,0.6887128107014,0.6887128107014
polar1m,51,2,O,8.77552058,13.3697253,11.50326879,-2.0,1.268439,-0.7315609999999999,-0.0471473298967,0.6844136701032999,0.6844136701032999
polar1m,51,3,H,9.81911066,10.20377551,12.03019391,1.0,0.418599,0.418599,0.0294606946409,-0.3891383053591,0.3891383053591
polar1m,51,4,O,10.39929821,15.93271179,10.58451325,-2.0,1.259523,-0.740477,-0.0150130391121,0.7254639608879001,0.7254639608879001
polar1m,51,5,O,14.71621779,9.55008905,12.09561386,-2.0,1.178944,-0.821056,-0.0416108444333,0.7794451555667,0.7794451555667
polar1m,51,6,H,11.85971807,10.85042366,10.13867471,1.0,0.390877,0.390877,0.021503476426,-0.369373523574,0.369373523574
polar1m,51,7,H,14.26695003,10.45640545,11.86741505,1.0,0.378781,0.378781,0.0124331191182,-0.3663478808818,0.3663478808818
polar1m,51,8,H,11.91672631,12.65809637,13.49940471,1.0,0.338065,0.338065,0.0265461951494,-0.3115188048506,0.3115188048506
polar1m,51,9,H,8.96390168,12.47011534,10.88319487,1.0,0.308588,0.308588,0.0144889578223,-0.2940990421777,0.2940990421777
polar1m,51,10,H,9.65357424,9.689546,10.86300015,1.0,0.307996,0.307996,0.0347761660814,-0.2732198339186,0.2732198339186
polar1m,51,11,H,10.89287129,14.20799945,12.85504989,1.0,0.379902,0.379902,0.0128208324313,-0.3670811675687,0.3670811675687
polar1m,51,12,H,9.8547046,8.24585834,10.98037055,1.0,0.433137,0.433137,0.0173262935132,-0.4158107064868,0.4158107064868
polar1m,51,13,H,15.40281913,9.24003193,11.50408671,1.0,0.425744,0.425744,0.0165237840265,-0.4092202159735,0.4092202159735
polar1m,51,14,H,11.08912231,10.02316393,11.35815424,1.0,0.358421,0.358421,0.0253835171461,-0.3330374828539,0.3330374828539
polar1m,51,15,H,11.66626668,13.48632269,9.64385109,1.0,0.369252,0.369252,0.0140189994127,-0.3552330005873,0.3552330005873
polar1m,51,16,H,10.74913822,12.60614917,14.62277651,1.0,0.40991,0.40991,0.0118899159133,-0.3980200840867,0.3980200840867
polar1m,51,17,O,11.44393131,14.72429461,12.27131984,-2.0,1.065389,-0.9346110000000001,-0.0821613892913,0.8524496107087001,0.8524496107087001
polar1m,51,18,H,14.2927893,14.65098676,12.30028242,1.0,0.378579,0.378579,0.0246685817838,-0.3539104182162,0.3539104182162
polar1m,51,19,H,9.223231,12.76325087,12.2963416,1.0,0.355355,0.355355,0.0176523495466,-0.3377026504534,0.3377026504534
polar1m,51,20,O,9.85550674,8.74117581,10.21244472,-2.0,1.238514,-0.7614860000000001,-0.0573723465204,0.7041136534796001,0.7041136534796001
polar1m,51,21,H,9.3926406,15.71227068,10.70291798,1.0,0.394327,0.394327,0.0255266204476,-0.36880037955239997,0.36880037955239997
polar1m,51,22,H,13.14728909,12.94177968,12.67416252,1.0,0.398452,0.398452,0.0212754048407,-0.37717659515929997,0.37717659515929997
polar1m,51,23,H,10.41045374,13.25683264,8.69151785,1.0,0.374988,0.374988,0.0191695075482,-0.3558184924518,0.3558184924518
polar1m,51,24,O,10.57953164,12.88892527,13.78322075,-2.0,1.096143,-0.9038569999999999,-0.681773006916,0.22208399308399995,0.22208399308399995
polar1m,51,25,O,12.9380276,12.17330819,13.1449912,-2.0,1.339998,-0.660002,0.27043056488,0.93043256488,0.93043256488
polar1m,51,26,H,10.86939725,15.40643819,11.88071023,1.0,0.387351,0.387351,0.0167777612805,-0.3705732387195,0.3705732387195
polar1m,51,27,O,14.15703914,13.87059436,11.52035108,-2.0,1.241694,-0.7583059999999999,-0.0336236171424,0.7246823828575999,0.7246823828575999
polar1m,51,28,O,10.53935297,10.76238405,11.86387144,-2.0,1.311682,-0.688318,-0.00242550671101,0.6858924932889899,0.6858924932889899
polar1m,51,29,H,13.42170186,14.14596953,11.10884714,1.0,0.428144,0.428144,0.0165461190045,-0.41159788099550004,0.41159788099550004
polar1m,51,30,H,10.88216194,15.33703394,10.00297763,1.0,0.395008,0.395008,0.0191247835755,-0.3758832164245,0.3758832164245
polar1m,51,31,H,13.15248609,10.95206641,10.04716114,1.0,0.418693,0.418693,0.0217868480831,-0.3969061519169,0.3969061519169
polar1m,51,32,H,12.0,12.0,12.0,1.0,0.34,0.34,0.250226855278,-0.08977314472200004,0.08977314472200004
polar1m,52,0,H,10.65856998,11.27802543,14.62235187,1.0,0.394115,0.394115,0.0118472203612,-0.3822677796388,0.3822677796388
polar1m,52,1,O,12.47884916,11.76828776,10.3498804,-2.0,1.304601,-0.6953990000000001,0.0313997119665,0.7267987119665001,0.7267987119665001
polar1m,52,2,O,11.30154287,14.00335709,8.72625727,-2.0,1.274943,-0.7250570000000001,-0.0115056112409,0.7135513887591001,0.7135513887591001
polar1m,52,3,H,10.02633243,10.81100962,16.09395248,1.0,0.416205,0.416205,0.0188591126353,-0.3973458873647,0.3973458873647
polar1m,52,4,O,8.84177439,13.45975428,11.44737219,-2.0,1.184066,-0.8159339999999999,-0.0476033575833,0.7683306424166999,0.7683306424166999
polar1m,52,5,H,9.84152126,10.2116422,11.95349229,1.0,0.419438,0.419438,0.0305757131428,-0.3888622868572,0.3888622868572
polar1m,52,6,O,10.41419055,16.05866384,10.5467414,-2.0,1.246188,-0.7538119999999999,0.00113645195961,0.7549484519596099,0.7549484519596099
polar1m,52,7,O,14.73265989,9.65250284,11.99231443,-2.0,1.146306,-0.853694,-0.0378872826695,0.8158067173304999,0.8158067173304999
polar1m,52,8,H,11.1241539,13.95770626,15.24186248,1.0,0.390624,0.390624,0.0210810080171,-0.3695429919829,0.3695429919829
polar1m,52,9,H,11.71842053,11.08969854,10.25044113,1.0,0.380292,0.380292,0.0234173573554,-0.3568746426446,0.3568746426446
polar1m,52,10,H,14.52752253,10.49016698,11.76095528,1.0,0.434871,0.434871,0.0111849885434,-0.4236860114566,0.4236860114566
polar1m,52,11,H,11.91577142,12.71319978,13.36363471,1.0,0.325807,0.325807,0.0380050390959,-0.28780196090410004,0.28780196090410004
polar1m,52,12,O,9.88965444,11.04781024,15.15651375,-2.0,1.182732,-0.8172680000000001,-0.0441434010863,0.7731245989137001,0.7731245989137001
polar1m,52,13,H,8.92109033,12.79010781,10.78804778,1.0,0.39474,0.39474,0.0146080702543,-0.3801319297457,0.3801319297457
polar1m,52,14,H,9.7359858,9.79646404,10.70048048,1.0,0.346027,0.346027,0.0182745940983,-0.32775240590169996,0.32775240590169996
polar1m,52,15,H,10.73820262,14.32661505,12.67436155,1.0,0.357989,0.357989,0.0141999572515,-0.3437890427485,0.3437890427485
polar1m,52,16,H,9.3736826,15.25081159,16.5158323,1.0,0.401921,0.401921,0.0189992599189,-0.38292174008109997,0.38292174008109997
polar1m,52,17,H,9.7668581,8.41515734,11.10711799,1.0,0.352502,0.352502,0.0208398848772,-0.33166211512279997,0.33166211512279997
polar1m,52,18,H,9.44052488,14.40790506,15.35264897,1.0,0.358303,0.358303,0.0182620864362,-0.3400409135638,0.3400409135638
polar1m,52,19,H,15.46306838,9.38589569,11.39544344,1.0,0.416346,0.416346,0.017686072737,-0.398659927263,0.398659927263
polar1m,52,20,H,11.28683559,10.32596299,11.43913188,1.0,0.386416,0.386416,0.0248650982976,-0.3615509017024,0.3615509017024
polar1m,52,21,H,11.59801116,13.70751453,9.5828626,1.0,0.396829,0.396829,0.0174534022808,-0.3793755977192,0.3793755977192
polar1m,52,22,H,10.83848065,12.74208971,14.68306127,1.0,0.333697,0.333697,0.0226124487817,-0.31108455121830003,0.31108455121830003
polar1m,52,23,H,10.99599033,15.11928735,5.97747202,1.0,0.399873,0.399873,0.0176615808159,-0.38221141918409995,0.38221141918409995
polar1m,52,24,O,11.48892079,14.83132707,12.1947841,-2.0,1.121895,-0.8781049999999999,-0.095035456121,0.7830695438789999,0.7830695438789999
polar1m,52,25,H,14.39466253,14.58733673,12.07946197,1.0,0.451918,0.451918,0.0175024494529,-0.4344155505471,0.4344155505471
polar1m,52,26,H,9.3412837,13.02009083,12.27001063,1.0,0.363969,0.363969,0.0144151393324,-0.34955386066759997,0.34955386066759997
polar1m,52,27,O,9.87300996,8.92794652,10.14200525,-2.0,1.272889,-0.7271110000000001,-0.0481047965586,0.6790062034414001,0.6790062034414001
polar1m,52,28,H,9.51068311,15.88832753,10.63558498,1.0,0.440442,0.440442,0.0251915492117,-0.41525045078830003,0.41525045078830003
polar1m,52,29,O,10.99057675,13.54122029,16.13727037,-2.0,1.251012,-0.748988,-0.0489268489182,0.7000611510818,0.7000611510818
polar1m,52,30,O,10.47614347,14.51763695,6.57475643,-2.0,1.106544,-0.893456,-0.0596349537373,0.8338210462627,0.8338210462627
polar1m,52,31,H,12.91120562,13.14405177,12.62155982,1.0,0.396917,0.396917,0.0270195566118,-0.3698974433882,0.3698974433882
polar1m,52,32,H,10.00205894,13.33268078,16.04458102,1.0,0.369553,0.369553,0.0307908654213,-0.3387621345787,0.3387621345787
polar1m,52,33,H,10.46770586,13.56802647,8.69836054,1.0,0.430347,0.430347,0.0242731384933,-0.4060738615067,0.4060738615067
polar1m,52,34,O,10.58797527,13.06196286,13.75523166,-2.0,1.186909,-0.813091,-0.678442358971,0.13464864102899998,0.13464864102899998
polar1m,52,35,O,12.97560964,12.2759467,13.03658216,-2.0,1.365,-0.635,0.310346484184,0.945346484184,0.945346484184
polar1m,52,36,H,10.97488426,14.38904827,7.32286116,1.0,0.410833,0.410833,0.0128002241254,-0.3980327758746,0.3980327758746
polar1m,52,37,H,11.04239656,15.63255389,11.73511283,1.0,0.379569,0.379569,0.01828385517,-0.36128514483,0.36128514483
polar1m,52,38,O,14.17122585,13.9954914,11.45401621,-2.0,1.193852,-0.8061480000000001,-0.0426043011248,0.7635436988752001,0.7635436988752001
polar1m,52,39,O,10.53804681,10.85813907,11.78614603,-2.0,1.305895,-0.694105,-0.000410698354244,0.693694301645756,0.693694301645756
polar1m,52,40,O,8.86983228,15.15818414,15.68964934,-2.0,1.200609,-0.799391,-0.0481216013432,0.7512693986568,0.7512693986568
polar1m,52,41,H,13.20206946,14.21518859,11.08662755,1.0,0.353886,0.353886,0.0171336606145,-0.3367523393855,0.3367523393855
polar1m,52,42,H,10.78294243,15.36932455,9.99525097,1.0,0.389434,0.389434,0.0208401307464,-0.3685938692536,0.3685938692536
polar1m,52,43,H,13.02476113,11.03277718,10.13572723,1.0,0.439163,0.439163,0.0201745256782,-0.41898847432180003,0.41898847432180003
polar1m,52,44,H,12.0,12.0,12.0,1.0,0.324529,0.324529,0.230680078268,-0.09384892173200002,0.09384892173200002
polar1m,53,0,H,10.55382045,11.51729608,14.60797429,1.0,0.412158,0.412158,0.0146976560354,-0.3974603439646,0.3974603439646
polar1m,53,1,O,12.34210579,11.92037181,10.2408183,-2.0,1.263368,-0.736632,-0.0119547918439,0.7246772081560999,0.7246772081560999
polar1m,53,2,H,9.98131082,11.22537361,16.03337152,1.0,0.386772,0.386772,0.0194936580956,-0.3672783419044,0.3672783419044
polar1m,53,3,H,9.72358709,10.24210053,11.91510323,1.0,0.431661,0.431661,0.0224390774965,-0.40922192250350004,0.40922192250350004
polar1m,53,4,O,10.30320327,16.19215352,10.45014237,-2.0,1.28799,-0.71201,0.0145456641912,0.7265556641912,0.7265556641912
polar1m,53,5,O,18.03734488,9.02356829,8.06714207,-2.0,1.205212,-0.794788,-0.0699923187494,0.7247956812506,0.7247956812506
polar1m,53,6,O,14.62680226,9.75446718,11.85337129,-2.0,1.228201,-0.7717989999999999,-0.034109711647,0.7376892883529999,0.7376892883529999
polar1m,53,7,H,16.41012826,10.02936842,9.10635784,1.0,0.445955,0.445955,0.0242334026843,-0.42172159731569997,0.42172159731569997
polar1m,53,8,H,11.0258636,13.99696544,15.11707143,1.0,0.393523,0.393523,0.0153058245778,-0.3782171754222,0.3782171754222
polar1m,53,9,H,11.45597506,11.48693249,10.26186719,1.0,0.394882,0.394882,0.0203654170036,-0.3745165829964,0.3745165829964
polar1m,53,10,H,16.50990877,10.37423508,10.86232993,1.0,0.376387,0.376387,0.0327368415892,-0.34365015841080004,0.34365015841080004
polar1m,53,11,H,14.59711753,10.68891037,11.53424498,1.0,0.380594,0.380594,0.0170847140253,-0.3635092859747,0.3635092859747
polar1m,53,12,H,11.76723934,12.70338177,13.23776895,1.0,0.317174,0.317174,0.0480443015695,-0.2691296984305,0.2691296984305
polar1m,53,13,O,9.81431416,11.21661464,15.03424747,-2.0,1.184782,-0.815218,-0.0455290190876,0.7696889809124,0.7696889809124
polar1m,53,14,H,10.56016725,14.48476985,12.41150585,1.0,0.379246,0.379246,0.0173058621585,-0.36194013784150003,0.36194013784150003
polar1m,53,15,H,16.39310458,10.4599116,16.01082457,1.0,0.464967,0.464967,0.0204605422914,-0.44450645770860003,0.44450645770860003
polar1m,53,16,H,15.32537027,9.53477282,11.21837638,1.0,0.3875,0.3875,0.01528185606,-0.37221814394,0.37221814394
polar1m,53,17,H,11.30196097,10.64311529,11.54752338,1.0,0.385126,0.385126,0.0177608802915,-0.3673651197085,0.3673651197085
polar1m,53,18,H,14.72315835,10.37801997,14.84255211,1.0,0.352356,0.352356,0.00920714437962,-0.34314885562038,0.34314885562038
polar1m,53,19,O,16.6508878,9.72699027,9.96570315,-2.0,1.306328,-0.6936720000000001,-0.00509788095951,0.68857411904049,0.68857411904049
polar1m,53,20,H,16.25769206,9.35734865,14.98692372,1.0,0.443447,0.443447,0.0210767239332,-0.4223702760668,0.4223702760668
polar1m,53,21,H,10.73258965,12.90295741,14.55906626,1.0,0.335355,0.335355,0.0218885093927,-0.31346649060730003,0.31346649060730003
polar1m,53,22,O,11.39387715,14.94488276,12.06648506,-2.0,1.155241,-0.844759,-0.0780765116215,0.7666824883785001,0.7666824883785001
polar1m,53,23,H,14.40861075,14.66412435,11.98116361,1.0,0.434573,0.434573,0.0163088664412,-0.4182641335588,0.4182641335588
polar1m,53,24,O,13.73699911,10.58091024,14.44806203,-2.0,1.118459,-0.8815409999999999,-0.10277133435,0.7787696656499999,0.7787696656499999
polar1m,53,25,H,9.35567495,16.04589545,10.47266618,1.0,0.431122,0.431122,0.0222403369844,-0.4088816630156,0.4088816630156
polar1m,53,26,O,10.89569338,13.68095363,16.05835078,-2.0,1.198538,-0.8014619999999999,-0.0532219335437,0.7482400664562999,0.7482400664562999
polar1m,53,27,H,12.68695027,13.42193241,12.47213775,1.0,0.363024,0.363024,0.0429057143629,-0.3201182856371,0.3201182856371
polar1m,53,28,H,9.9013896,13.39712193,16.10028875,1.0,0.370498,0.370498,0.0219636093825,-0.3485343906175,0.3485343906175
polar1m,53,29,O,10.46703677,13.23728971,13.67240413,-2.0,1.138393,-0.861607,-0.733829855919,0.12777714408100005,0.12777714408100005
polar1m,53,30,H,13.83006621,10.55078386,13.43146178,1.0,0.334684,0.334684,0.00702944770455,-0.32765455229545,0.32765455229545
polar1m,53,31,H,17.76853625,9.38942946,9.0277903,1.0,0.359573,0.359573,0.0124603845179,-0.3471126154821,0.3471126154821
polar1m,53,32,O,12.85599019,12.3841058,12.8684238,-2.0,1.437904,-0.5620959999999999,0.505132734776,1.0672287347759999,1.0672287347759999
polar1m,53,33,H,11.10819318,15.77971375,11.53165201,1.0,0.377039,0.377039,0.0174179747701,-0.3596210252299,0.3596210252299
polar1m,53,34,O,14.03931532,14.113474,11.32768104,-2.0,1.183899,-0.816101,-0.0472048595548,0.7688961404451999,0.7688961404451999
polar1m,53,35,O,10.40333995,10.96047761,11.65150133,-2.0,1.261837,-0.7381629999999999,-0.0170740410686,0.7210889589313999,0.7210889589313999
polar1m,53,36,O,15.81896877,9.92451926,15.58710556,-2.0,1.241476,-0.758524,0.0254584699869,0.7839824699869,0.7839824699869
polar1m,53,37,H,13.00378588,14.25850686,11.07175899,1.0,0.363249,0.363249,0.0173866041005,-0.34586239589949996,0.34586239589949996
polar1m,53,38,H,10.53813066,15.38742972,9.90150189,1.0,0.411096,0.411096,0.0227797385305,-0.38831626146950005,0.38831626146950005
polar1m,53,39,H,18.07618736,8.02023221,8.5048063,1.0,0.347752,0.347752,0.0175542589277,-0.3301977410723,0.3301977410723
polar1m,53,40,H,12.9058478,11.11582156,10.14777266,1.0,0.393671,0.393671,0.0167476460338,-0.37692335396619997,0.37692335396619997
polar1m,53,41,H,12.0,12.0,12.0,1.0,0.314987,0.314987,0.101548522711,-0.213438477289,0.213438477289
polar1m,54,0,H,10.36950316,11.71021818,14.44924242,1.0,0.352299,0.352299,0.0185368284583,-0.33376217154169996,0.33376217154169996
polar1m,54,1,O,12.01210563,12.02358262,10.0534263,-2.0,1.223694,-0.7763059999999999,-0.0285957455635,0.7477102544365,0.7477102544365
polar1m,54,2,H,9.74972337,11.51243455,15.77945763,1.0,0.372859,0.372859,0.0224072597921,-0.3504517402079,0.3504517402079
polar1m,54,3,H,9.52456302,10.30827099,11.81294934,1.0,0.440961,0.440961,0.0213553849608,-0.4196056150392,0.4196056150392
polar1m,54,4,O,14.34133217,9.82214657,11.64839198,-2.0,1.268925,-0.7310749999999999,-0.0230050012469,0.7080699987531,0.7080699987531
polar1m,54,5,H,10.74222586,14.00951414,14.97125714,1.0,0.402122,0.402122,0.017230309546,-0.38489169045399996,0.38489169045399996
polar1m,54,6,H,11.02345618,11.88919573,10.11637626,1.0,0.411942,0.411942,0.0231816917658,-0.3887603082342,0.3887603082342
polar1m,54,7,H,14.42015379,10.84719033,11.24210942,1.0,0.353154,0.353154,0.0200457125902,-0.33310828740980003,0.33310828740980003
polar1m,54,8,H,11.44601818,12.62957171,13.09947467,1.0,0.314112,0.314112,0.0553963780403,-0.2587156219597,0.2587156219597
polar1m,54,9,O,9.52787101,11.34083861,14.84206411,-2.0,1.208078,-0.791922,-0.0748624056578,0.7170595943422,0.7170595943422
polar1m,54,10,H,16.31447164,10.4407867,15.80447267,1.0,0.42321,0.42321,0.0211035385728,-0.40210646142719997,0.40210646142719997
polar1m,54,11,H,14.95897854,9.57709258,10.94668533,1.0,0.421108,0.421108,0.0157283451408,-0.40537965485919997,0.40537965485919997
polar1m,54,12,H,11.07509304,10.81766108,11.61239416,1.0,0.345828,0.345828,0.0200081989169,-0.32581980108310005,0.32581980108310005
polar1m,54,13,H,14.42151838,10.43013213,14.63697258,1.0,0.346167,0.346167,0.0136898383498,-0.3324771616502,0.3324771616502
polar1m,54,14,H,16.01042359,9.37098586,14.65321291,1.0,0.394176,0.394176,0.0239613652229,-0.37021463477710004,0.37021463477710004
polar1m,54,15,H,10.38389584,13.01960948,14.28594528,1.0,0.357849,0.357849,0.0207093805075,-0.3371396194925,0.3371396194925
polar1m,54,16,H,14.22535139,14.77619826,11.91222765,1.0,0.382307,0.382307,0.0223873015493,-0.3599196984507,0.3599196984507
polar1m,54,17,H,10.93006907,12.16331707,16.37603791,1.0,0.3713,0.3713,0.0193976610899,-0.35190233891010003,0.35190233891010003
polar1m,54,18,O,13.4075848,10.65943594,14.22879048,-2.0,1.143344,-0.8566560000000001,-0.107676573098,0.748979426902,0.748979426902
polar1m,54,19,H,12.27660913,11.24793628,16.54104697,1.0,0.364879,0.364879,0.0183919686824,-0.3464870313176,0.3464870313176
polar1m,54,20,O,10.60440166,13.7788291,15.89891902,-2.0,1.208562,-0.7914380000000001,-0.0397346094251,0.7517033905749001,0.7517033905749001
polar1m,54,21,H,12.39646714,13.51313991,12.31078406,1.0,0.386867,0.386867,0.0499138049781,-0.3369531950219,0.3369531950219
polar1m,54,22,H,9.69621231,13.46616808,16.08644768,1.0,0.40067,0.40067,0.0258039627224,-0.37486603727760004,0.37486603727760004
polar1m,54,23,O,10.16015841,13.36731348,13.50600991,-2.0,1.100567,-0.8994329999999999,-0.771147012711,0.12828598728899998,0.12828598728899998
polar1m,54,24,H,13.50509289,10.65218294,13.19187802,1.0,0.32421,0.32421,0.00903059542179,-0.31517940457821,0.31517940457821
polar1m,54,25,O,12.51922176,12.45968295,12.60957801,-2.0,1.414081,-0.5859190000000001,0.592746138573,1.178665138573,1.178665138573
polar1m,54,26,O,13.70900779,14.17832086,11.12079011,-2.0,1.236476,-0.7635240000000001,-0.0303144156933,0.7332095843067001,0.7332095843067001
polar1m,54,27,O,10.07300367,11.02150575,11.43970177,-2.0,1.268158,-0.7318420000000001,-0.0257326513529,0.7061093486471001,0.7061093486471001
polar1m,54,28,O,11.2528686,11.26917556,16.26344223,-2.0,1.225744,-0.774256,-0.0391559526324,0.7351000473676,0.7351000473676
polar1m,54,29,O,15.53232102,10.03090118,15.35288506,-2.0,1.335829,-0.6641710000000001,0.0363729372621,0.7005439372621001,0.7005439372621001
polar1m,54,30,H,12.80450133,14.2570204,11.03145699,1.0,0.427875,0.427875,0.0207546688616,-0.4071203311384,0.4071203311384
polar1m,54,31,H,12.60586549,11.19010293,10.06022191,1.0,0.379205,0.379205,0.0172293055803,-0.3619756944197,0.3619756944197
polar1m,54,32,H,12.0,12.0,12.0,1.0,0.393442,0.393442,0.0348418280482,-0.3586001719518,0.3586001719518
polar1m,55,0,O,11.70773131,12.25713814,10.10130043,-2.0,1.202305,-0.797695,-0.0242643654346,0.7734306345654001,0.7734306345654001
polar1m,55,1,H,9.38236125,10.51786495,11.95227106,1.0,0.459588,0.459588,0.0249928683043,-0.4345951316957,0.4345951316957
polar1m,55,2,O,14.09026978,10.04314368,11.68415919,-2.0,1.2418,-0.7582,-0.0220450460911,0.7361549539089,0.7361549539089
polar1m,55,3,H,10.70182312,12.36432967,10.14938799,1.0,0.429679,0.429679,0.0262578167021,-0.4034211832979,0.4034211832979
polar1m,55,4,H,14.2165662,10.96768404,11.27331701,1.0,0.369497,0.369497,0.0192570127547,-0.35023998724530003,0.35023998724530003
polar1m,55,5,H,11.1803586,12.73445176,13.21880028,1.0,0.460588,0.460588,0.0787095725536,-0.3818784274464,0.3818784274464
polar1m,55,6,H,15.38426662,11.91092024,14.32039587,1.0,0.3902,0.3902,0.0245710518211,-0.3656289481789,0.3656289481789
polar1m,55,7,H,14.60261886,9.68552183,10.9088167,1.0,0.437845,0.437845,0.0261587575078,-0.4116862424922,0.4116862424922
polar1m,55,8,H,14.64980907,12.72985299,13.01136893,1.0,0.360485,0.360485,0.0122636556625,-0.3482213443375,0.3482213443375
polar1m,55,9,H,10.68957839,11.06540007,11.87811201,1.0,0.339541,0.339541,0.0193873345852,-0.3201536654148,0.3201536654148
polar1m,55,10,H,13.93430883,10.66095444,14.60312322,1.0,0.433938,0.433938,0.0243116430938,-0.4096263569062,0.4096263569062
polar1m,55,11,O,15.18888247,12.81538894,13.85146715,-2.0,1.234217,-0.7657830000000001,-0.0374534726143,0.7283295273857001,0.7283295273857001
polar1m,55,12,H,13.92538585,14.86618374,11.91204228,1.0,0.422378,0.422378,0.0279386006296,-0.39443939937039996,0.39443939937039996
polar1m,55,13,O,13.11340016,10.87293806,14.23361437,-2.0,1.1398,-0.8602000000000001,-0.0404326021671,0.8197673978329001,0.8197673978329001
polar1m,55,14,H,12.18857112,13.59826551,12.41955415,1.0,0.463612,0.463612,0.0469735562801,-0.4166384437199,0.4166384437199
polar1m,55,15,H,13.19055721,10.86347745,13.3456831,1.0,0.394246,0.394246,0.0110052339733,-0.3832407660267,0.3832407660267
polar1m,55,16,O,12.19768619,12.68608014,12.59740255,-2.0,1.485419,-0.514581,0.740579307079,1.255160307079,1.255160307079
polar1m,55,17,O,13.4251806,14.37729512,11.16784789,-2.0,1.230644,-0.7693559999999999,-0.0232826471329,0.7460733528671,0.7460733528671
polar1m,55,18,O,9.77484114,11.21882407,11.46574299,-2.0,1.246583,-0.753417,-0.0231081545353,0.7303088454647,0.7303088454647
polar1m,55,19,H,12.50117368,14.43855724,11.21039278,1.0,0.409305,0.409305,0.0200061798096,-0.38929882019039996,0.38929882019039996
polar1m,55,20,H,12.22075886,11.45373528,10.17701284,1.0,0.417544,0.417544,0.0247350744903,-0.39280892550970004,0.39280892550970004
polar1m,55,21,H,12.0,12.0,12.0,1.0,0.430785,0.430785,0.043438654393,-0.387346345607,0.387346345607
polar1m,56,0,O,11.46272137,12.57088489,10.3669365,-2.0,1.220951,-0.7790490000000001,-0.0212939977646,0.7577550022354002,0.7577550022354002
polar1m,56,1,H,10.11546529,10.07012758,13.64790881,1.0,0.385109,0.385109,0.0160719454288,-0.36903705457119995,0.36903705457119995
polar1m,56,2,H,15.67538245,12.50128504,9.75068171,1.0,0.413491,0.413491,0.0262756366283,-0.3872153633717,0.3872153633717
polar1m,56,3,H,9.21245504,10.75260681,12.2943023,1.0,0.380695,0.380695,0.0244936142117,-0.3562013857883,0.3562013857883
polar1m,56,4,H,13.28138423,9.85772513,9.52697597,1.0,0.395161,0.395161,0.0315088964999,-0.36365210350009997,0.36365210350009997
polar1m,56,5,O,13.90895268,10.34611019,11.94191884,-2.0,1.206317,-0.7936829999999999,-0.0415119454265,0.7521710545734999,0.7521710545734999
polar1m,56,6,H,10.54807148,12.79167888,10.3760736,1.0,0.455056,0.455056,0.0239839851856,-0.4310720148144,0.4310720148144
polar1m,56,7,H,14.05041984,11.12993594,11.56382797,1.0,0.39061,0.39061,0.0154849104583,-0.3751250895417,0.3751250895417
polar1m,56,8,H,11.02292245,12.97216706,13.49662945,1.0,0.44036,0.44036,0.0505759082735,-0.38978409172649997,0.38978409172649997
polar1m,56,9,O,12.58492238,9.67058061,10.32419322,-2.0,1.239642,-0.7603580000000001,-0.0306523442268,0.7297056557732001,0.7297056557732001
polar1m,56,10,H,10.95750884,9.29416098,11.43264748,1.0,0.398067,0.398067,0.0221514198929,-0.3759155801071,0.3759155801071
polar1m,56,11,O,15.03264184,12.39517538,10.57367855,-2.0,1.242567,-0.757433,-0.0263965278864,0.7310364721136,0.7310364721136
polar1m,56,12,H,15.06135108,12.22438273,14.55885211,1.0,0.395723,0.395723,0.0229723751545,-0.3727506248455,0.3727506248455
polar1m,56,13,H,14.28691816,9.83906996,11.15455656,1.0,0.391028,0.391028,0.0272961556911,-0.3637318443089,0.3637318443089
polar1m,56,14,H,14.30700678,12.93397422,13.25929676,1.0,0.324715,0.324715,0.0112957321107,-0.31341926788929997,0.31341926788929997
polar1m,56,15,H,10.27497893,11.38797739,12.28267759,1.0,0.360502,0.360502,0.0141994841397,-0.3463025158603,0.3463025158603
polar1m,56,16,H,13.6280779,10.92105174,14.87388076,1.0,0.444601,0.444601,0.0239711403847,-0.42062985961530003,0.42062985961530003
polar1m,56,17,H,14.28368686,13.11021925,10.57190199,1.0,0.370767,0.370767,0.0149949342012,-0.3557720657988,0.3557720657988
polar1m,56,18,O,9.30340964,9.75543542,13.97902022,-2.0,1.256631,-0.743369,-0.0322380848229,0.7111309151770999,0.7111309151770999
polar1m,56,19,O,11.13596549,9.30722311,12.38679075,-2.0,1.237567,-0.7624329999999999,-0.0235115364194,0.7389214635806,0.7389214635806
polar1m,56,20,O,14.9435999,13.10619457,14.0915654,-2.0,1.251849,-0.748151,-0.0401339866221,0.7080170133779,0.7080170133779
polar1m,56,21,H,13.64623725,14.97214645,12.09947605,1.0,0.481891,0.481891,0.0250567067415,-0.4568342932585,0.4568342932585
polar1m,56,22,O,12.86950066,11.16520356,14.45838245,-2.0,1.15416,-0.8458399999999999,-0.0423654578626,0.8034745421373999,0.8034745421373999
polar1m,56,23,H,10.48693463,8.6324603,12.72815839,1.0,0.418135,0.418135,0.0288431383669,-0.3892918616331,0.3892918616331
polar1m,56,24,H,12.07031125,13.86987285,12.66804496,1.0,0.437052,0.437052,0.0356829166412,-0.4013690833588,0.4013690833588
polar1m,56,25,H,12.9516702,11.11780929,13.51701267,1.0,0.368868,0.368868,0.0111147128046,-0.35775328719539995,0.35775328719539995
polar1m,56,26,H,8.73309857,10.58348207,13.68999801,1.0,0.368611,0.368611,0.0250752363354,-0.34353576366460004,0.34353576366460004
polar1m,56,27,O,11.93279502,12.9796802,12.82665961,-2.0,1.47411,-0.52589,0.63589322567,1.1617832256699998,1.1617832256699998
polar1m,56,28,O,13.21696578,14.64482175,11.44560349,-2.0,1.249397,-0.7506029999999999,-0.0178778320551,0.7327251679449,0.7327251679449
polar1m,56,29,O,9.54714692,11.49285469,11.71573669,-2.0,1.222549,-0.7774509999999999,-0.0416582152247,0.7357927847752999,0.7357927847752999
polar1m,56,30,H,12.68083486,8.9633525,10.88479587,1.0,0.435869,0.435869,0.0265567488968,-0.4093122511032,0.4093122511032
polar1m,56,31,H,12.15857303,14.741075,11.57728663,1.0,0.373965,0.373965,0.0272001065314,-0.3467648934686,0.3467648934686
polar1m,56,32,H,11.82851198,11.71391916,10.47526388,1.0,0.406439,0.406439,0.0227021761239,-0.3837368238761,0.3837368238761
polar1m,56,33,H,12.0,12.0,12.0,1.0,0.407545,0.407545,0.154238775373,-0.25330622462700003,0.25330622462700003
polar1m,57,0,O,11.23136845,12.74120268,10.58270635,-2.0,1.267087,-0.7329129999999999,0.00534305721521,0.7382560572152099,0.7382560572152099
polar1m,57,1,H,15.52199755,12.36335276,9.84850071,1.0,0.367251,0.367251,0.0482964217663,-0.3189545782337,0.3189545782337
polar1m,57,2,H,8.94641438,10.86572163,12.46665692,1.0,0.411075,0.411075,0.0262830052525,-0.38479199474750003,0.38479199474750003
polar1m,57,3,H,13.04831635,9.98974428,9.80664582,1.0,0.399457,0.399457,0.0253361724317,-0.3741208275683,0.3741208275683
polar1m,57,4,O,13.73529804,10.48921498,12.1593985,-2.0,1.265678,-0.7343219999999999,-0.046215839684,0.6881061603159999,0.6881061603159999
polar1m,57,5,H,15.14790802,10.56705473,9.45923117,1.0,0.404238,0.404238,0.0210970304906,-0.38314096950939996,0.38314096950939996
polar1m,57,6,H,10.33322646,12.96596204,10.56078362,1.0,0.454729,0.454729,0.0240463521332,-0.4306826478668,0.4306826478668
polar1m,57,7,H,15.90438065,11.42440927,10.76861149,1.0,0.38334,0.38334,0.0396599471569,-0.3436800528431,0.3436800528431
polar1m,57,8,H,13.93019695,11.37897114,11.71300364,1.0,0.346503,0.346503,0.0152682475746,-0.3312347524254,0.3312347524254
polar1m,57,9,H,10.94678734,13.11272444,13.62459596,1.0,0.449359,0.449359,0.0363634750247,-0.4129955249753,0.4129955249753
polar1m,57,10,H,16.07115438,13.57074238,16.66197642,1.0,0.382529,0.382529,0.0234316531569,-0.3590973468431,0.3590973468431
polar1m,57,11,O,12.31947518,9.79216152,10.47257612,-2.0,1.25586,-0.74414,-0.0307154580951,0.7134245419049,0.7134245419049
polar1m,57,12,H,10.85284001,9.46857392,11.70932958,1.0,0.423802,0.423802,0.0179932061583,-0.4058087938417,0.4058087938417
polar1m,57,13,O,13.4993018,17.20177783,13.35940396,-2.0,1.174581,-0.8254189999999999,-0.362697929144,0.4627210708559999,0.4627210708559999
polar1m,57,14,O,12.12447569,15.49309478,14.42113418,-2.0,1.218309,-0.7816909999999999,-0.0985704064369,0.6831205935631,0.6831205935631
polar1m,57,15,O,14.79335674,12.55746326,10.71733531,-2.0,1.218091,-0.781909,-0.120072185993,0.661836814007,0.661836814007
polar1m,57,16,H,14.72403967,12.42343997,14.70099683,1.0,0.417752,0.417752,0.0278825983405,-0.3898694016595,0.3898694016595
polar1m,57,17,H,13.95745803,9.86886229,11.45536065,1.0,0.393855,0.393855,0.0260442141443,-0.36781078585570004,0.36781078585570004
polar1m,57,18,H,14.81624564,13.43774944,15.76490006,1.0,0.350301,0.350301,0.0167975313962,-0.3335034686038,0.3335034686038
polar1m,57,19,O,15.08585404,13.51144363,16.8264328,-2.0,1.175888,-0.824112,-0.0613979697227,0.7627140302773,0.7627140302773
polar1m,57,20,H,14.06799384,13.01414741,13.6040574,1.0,0.387172,0.387172,0.0137114655226,-0.3734605344774,0.3734605344774
polar1m,57,21,H,10.00180935,11.62256967,12.63765545,1.0,0.36816,0.36816,0.0149047486484,-0.35325525135159996,0.35325525135159996
polar1m,57,22,H,17.22160036,12.14001968,8.31207722,1.0,0.458236,0.458236,0.0342967882752,-0.4239392117248,0.4239392117248
polar1m,57,23,O,16.4815625,12.42377704,8.884169,-2.0,1.275443,-0.7245569999999999,0.0679645165801,0.7925215165800998,0.7925215165800998
polar1m,57,24,H,13.4940117,10.9745368,15.19274944,1.0,0.369786,0.369786,0.0308076944202,-0.3389783055798,0.3389783055798
polar1m,57,25,H,11.40081671,14.91229071,13.89922699,1.0,0.289026,0.289026,0.0173684358597,-0.2716575641403,0.2716575641403
polar1m,57,26,H,13.92900344,13.13835077,10.67086071,1.0,0.362102,0.362102,0.0146119967103,-0.3474900032897,0.3474900032897
polar1m,57,27,H,13.36119238,17.97795321,13.9100319,1.0,0.422702,0.422702,0.0307585578412,-0.3919434421588,0.3919434421588
polar1m,57,28,O,15.68523261,10.46376315,10.18342506,-2.0,1.19573,-0.80427,-0.0698296427727,0.7344403572273001,0.7344403572273001
polar1m,57,29,H,13.30783224,17.15043348,12.22137205,1.0,0.379364,0.379364,0.0440476536751,-0.3353163463249,0.3353163463249
polar1m,57,30,O,10.90795295,9.41413878,12.59156468,-2.0,1.173624,-0.826376,-0.027753867209,0.798622132791,0.798622132791
polar1m,57,31,O,14.69803123,13.24056742,14.27272391,-2.0,1.24242,-0.7575799999999999,-0.016888000071,0.7406919999289999,0.7406919999289999
polar1m,57,32,H,12.13103895,16.69917878,10.84575746,1.0,0.43334,0.43334,0.0340893939137,-0.39925060608630003,0.39925060608630003
polar1m,57,33,H,13.5385208,15.04643302,12.51141775,1.0,0.41186,0.41186,0.034481856972,-0.377378143028,0.377378143028
polar1m,57,34,O,12.61733718,11.3139312,14.62827475,-2.0,1.259991,-0.7400089999999999,-0.0483557730913,0.6916532269086999,0.6916532269086999
polar1m,57,35,H,10.28506301,8.81489603,13.07554509,1.0,0.430097,0.430097,0.0281795617193,-0.40191743828070003,0.40191743828070003
polar1m,57,36,H,11.99567232,14.09693637,12.81206286,1.0,0.35845,0.35845,0.0368921421468,-0.3215578578532,0.3215578578532
polar1m,57,37,O,12.94677692,17.13785366,11.15504302,-2.0,1.35307,-0.64693,0.352098673582,0.999028673582,0.999028673582
polar1m,57,38,H,12.73352127,11.18619854,13.58252505,1.0,0.327184,0.327184,0.0111722499132,-0.3160117500868,0.3160117500868
polar1m,57,39,O,11.66399694,13.10111807,13.01661576,-2.0,1.407554,-0.592446,0.27856490016,0.87101090016,0.87101090016
polar1m,57,40,O,12.99718845,14.75028379,11.67101629,-2.0,1.328929,-0.671071,-0.0255937948823,0.6454772051177,0.6454772051177
polar1m,57,41,O,9.32176872,11.61415188,11.92520687,-2.0,1.219359,-0.7806409999999999,-0.0356197841465,0.7450212158534999,0.7450212158534999
polar1m,57,42,H,12.56900341,9.15072384,11.19694311,1.0,0.408466,0.408466,0.0307436846197,-0.3777223153803,0.3777223153803
polar1m,57,43,H,11.99137733,14.92143142,11.8356267,1.0,0.360442,0.360442,0.028111025691,-0.332330974309,0.332330974309
polar1m,57,44,H,12.88750245,18.00833989,10.70723486,1.0,0.452875,0.452875,0.0412739962339,-0.41160100376610004,0.41160100376610004
polar1m,57,45,H,12.6603595,16.23893449,13.8951191,1.0,0.354761,0.354761,0.00793768465519,-0.34682331534481,0.34682331534481
polar1m,57,46,H,16.45616132,13.15707462,8.26268,1.0,0.442421,0.442421,0.0282048936933,-0.4142161063067,0.4142161063067
polar1m,57,47,H,11.3819074,11.72537662,10.67657472,1.0,0.374869,0.374869,0.0299619585276,-0.34490704147240003,0.34490704147240003
polar1m,57,48,H,12.0,12.0,12.0,1.0,0.392883,0.392883,0.379683852196,-0.013199147804,0.013199147804
polar1m,58,0,O,11.03821442,12.81180977,10.7683395,-2.0,1.337277,-0.662723,0.072967171669,0.735690171669,0.735690171669
polar1m,58,1,H,9.83178901,10.01320738,14.03368985,1.0,0.37046,0.37046,0.019028108567,-0.351431891433,0.351431891433
polar1m,58,2,H,15.23970989,12.25604788,10.0133411,1.0,0.367725,0.367725,0.0481552295387,-0.31956977046130003,0.31956977046130003
polar1m,58,3,H,8.63875215,10.93174856,12.50201562,1.0,0.388532,0.388532,0.0316682830453,-0.3568637169547,0.3568637169547
polar1m,58,4,H,12.80352847,10.01532116,10.1221219,1.0,0.438096,0.438096,0.0239661838859,-0.4141298161141,0.4141298161141
polar1m,58,5,O,13.58970018,10.54897518,12.35297706,-2.0,1.303607,-0.696393,-0.0409942641854,0.6553987358146001,0.6553987358146001
polar1m,58,6,H,14.88805055,10.65483029,9.61183051,1.0,0.372266,0.372266,0.0242428071797,-0.3480231928203,0.3480231928203
polar1m,58,7,H,10.03992297,12.99317541,10.73416701,1.0,0.420744,0.420744,0.0276462156326,-0.3930977843674,0.3930977843674
polar1m,58,8,H,15.70579126,11.50477195,10.84957114,1.0,0.383174,0.383174,0.0444238223135,-0.3387501776865,0.3387501776865
polar1m,58,9,H,13.85156742,11.49646171,11.82994777,1.0,0.333338,0.333338,0.0242688506842,-0.30906914931580004,0.30906914931580004
polar1m,58,10,H,10.7800095,13.20953251,13.8037022,1.0,0.453337,0.453337,0.0322549939156,-0.4210820060844,0.4210820060844
polar1m,58,11,O,12.07915807,9.82312287,10.58602714,-2.0,1.242844,-0.7571559999999999,-0.0295922085643,0.7275637914356999,0.7275637914356999
polar1m,58,12,H,10.69679355,9.51249238,11.72927492,1.0,0.379755,0.379755,0.0241508595645,-0.35560414043550004,0.35560414043550004
polar1m,58,13,H,8.9938139,11.02266584,10.34347141,1.0,0.339662,0.339662,0.0214046798646,-0.31825732013540003,0.31825732013540003
polar1m,58,14,H,8.2759589,10.0691378,11.37349415,1.0,0.409325,0.409325,0.0239835400134,-0.38534145998659997,0.38534145998659997
polar1m,58,15,O,14.56929631,12.62792596,10.82898485,-2.0,1.207659,-0.792341,-0.0854447036982,0.7068962963018,0.7068962963018
polar1m,58,16,H,14.44131867,12.39946778,14.86965091,1.0,0.392457,0.392457,0.0259308964014,-0.3665261035986,0.3665261035986
polar1m,58,17,H,13.67315636,9.83675761,11.75695635,1.0,0.403402,0.403402,0.0291836746037,-0.37421832539629996,0.37421832539629996
polar1m,58,18,H,13.79660704,13.01811367,13.86203348,1.0,0.381224,0.381224,0.0103219598532,-0.3709020401468,0.3709020401468
polar1m,58,19,H,9.78905097,11.83759531,12.89724076,1.0,0.346323,0.346323,0.0205514915287,-0.3257715084713,0.3257715084713
polar1m,58,20,H,17.08638967,12.13861054,8.41019799,1.0,0.423986,0.423986,0.0366746112704,-0.38731138872959997,0.38731138872959997
polar1m,58,21,O,16.2920773,12.4483507,9.06423533,-2.0,1.30498,-0.69502,0.0384987145662,0.7335187145662,0.7335187145662
polar1m,58,22,H,13.20597194,11.00600706,15.3653478,1.0,0.374801,0.374801,0.0318234302104,-0.3429775697896,0.3429775697896
polar1m,58,23,H,13.75004961,12.98942911,10.70930907,1.0,0.420947,0.420947,0.0161307547241,-0.4048162452759,0.4048162452759
polar1m,58,24,O,8.88644323,9.9556183,14.41418925,-2.0,1.184119,-0.8158810000000001,-0.0407624430954,0.7751185569046001,0.7751185569046001
polar1m,58,25,O,15.51196032,10.50288561,10.35328041,-2.0,1.239816,-0.760184,-0.0672640651464,0.6929199348535999,0.6929199348535999
polar1m,58,26,O,10.71045294,9.42806945,12.78816683,-2.0,1.207512,-0.7924880000000001,-0.0293845459819,0.7631034540181001,0.7631034540181001
polar1m,58,27,O,14.48066056,13.28772741,14.42029082,-2.0,1.182606,-0.817394,-0.0391709208488,0.7782230791511999,0.7782230791511999
polar1m,58,28,H,13.40358718,14.99893962,12.81540546,1.0,0.397743,0.397743,0.0396702997386,-0.35807270026140003,0.35807270026140003
polar1m,58,29,O,12.40192645,11.3691033,14.76191918,-2.0,1.234375,-0.765625,-0.0414484627545,0.7241765372455,0.7241765372455
polar1m,58,30,O,8.46631203,10.06167067,10.51956793,-2.0,1.140092,-0.8599079999999999,-0.104782521725,0.7551254782749999,0.7551254782749999
polar1m,58,31,H,10.12267368,8.90693344,13.28553029,1.0,0.436989,0.436989,0.0333214253187,-0.4036675746813,0.4036675746813
polar1m,58,32,H,11.90078132,14.01795038,12.96851866,1.0,0.377147,0.377147,0.0251957699656,-0.3519512300344,0.3519512300344
polar1m,58,33,H,12.54193583,11.13877091,13.82727084,1.0,0.363266,0.363266,0.0101443342865,-0.35312166571349995,0.35312166571349995
polar1m,58,34,H,8.11864352,11.63743839,8.78921746,1.0,0.438041,0.438041,0.0362327992916,-0.4018082007084,0.4018082007084
polar1m,58,35,H,8.33134196,10.65549044,14.18023159,1.0,0.418345,0.418345,0.0254220739007,-0.3929229260993,0.3929229260993
polar1m,58,36,H,9.08226343,12.50109044,8.37709847,1.0,0.392634,0.392634,0.0303671769798,-0.36226682302019997,0.36226682302019997
polar1m,58,37,O,11.43291632,13.13175815,13.17257771,-2.0,1.310841,-0.6891590000000001,0.108378663659,0.797537663659,0.797537663659
polar1m,58,38,O,12.80535472,14.76312396,11.88598427,-2.0,1.28637,-0.71363,-0.014297157526,0.699332842474,0.699332842474
polar1m,58,39,O,9.12558171,11.64139784,12.1193874,-2.0,1.277284,-0.7227159999999999,-0.0329617187381,0.6897542812619,0.6897542812619
polar1m,58,40,H,12.47431163,9.24346884,11.40974082,1.0,0.381281,0.381281,0.0377540178597,-0.3435269821403,0.3435269821403
polar1m,58,41,H,11.94259744,15.04492029,12.01028793,1.0,0.436598,0.436598,0.0274168942124,-0.4091811057876,0.4091811057876
polar1m,58,42,O,8.8769567,12.03855803,9.33212066,-2.0,1.30585,-0.69415,0.0180860757828,0.7122360757828,0.7122360757828
polar1m,58,43,H,16.17436222,13.23850223,8.49232108,1.0,0.428517,0.428517,0.0290311370045,-0.3994858629955,0.3994858629955
polar1m,58,44,H,10.89596687,11.75150248,10.79784409,1.0,0.363336,0.363336,0.0308290198445,-0.3325069801555,0.3325069801555
polar1m,58,45,H,12.0,12.0,12.0,1.0,0.401317,0.401317,0.44697701931,0.04566001931000002,0.04566001931000002
polar1m,59,0,O,10.91426782,12.76290667,10.92065788,-2.0,1.342002,-0.6579980000000001,0.112199351192,0.7701973511920001,0.7701973511920001
polar1m,59,1,H,9.6778822,9.92321152,14.25740778,1.0,0.392434,0.392434,0.0177587233484,-0.3746752766516,0.3746752766516
polar1m,59,2,H,14.89086041,12.21768476,10.19579727,1.0,0.42409,0.42409,0.0323643088341,-0.3917256911659,0.3917256911659
polar1m,59,3,H,8.3583211,10.89406337,12.53366629,1.0,0.393972,0.393972,0.0491091646254,-0.3448628353746,0.3448628353746
polar1m,59,4,H,12.80328954,10.01179606,10.28374611,1.0,0.370966,0.370966,0.0254285484552,-0.34553745154480003,0.34553745154480003
polar1m,59,5,O,13.52104324,10.52113387,12.51886257,-2.0,1.320177,-0.6798230000000001,-0.02011936903,0.6597036309700001,0.6597036309700001
polar1m,59,6,H,14.73644156,10.61822626,9.73761645,1.0,0.359761,0.359761,0.0279332473874,-0.3318277526126,0.3318277526126
polar1m,59,7,H,9.91019607,12.90698236,10.90373973,1.0,0.430647,0.430647,0.03282789886,-0.39781910114,0.39781910114
polar1m,59,8,H,15.55090211,11.23017728,10.88283818,1.0,0.440263,0.440263,0.0274044424295,-0.4128585575705,0.4128585575705
polar1m,59,9,H,13.8361927,11.32373975,11.96915676,1.0,0.355359,0.355359,0.0200633890927,-0.3352956109073,0.3352956109073
polar1m,59,10,H,10.5330816,13.26290204,14.07653449,1.0,0.409646,0.409646,0.0426094681025,-0.3670365318975,0.3670365318975
polar1m,59,11,O,11.90661265,9.7392082,10.68203294,-2.0,1.278801,-0.7211989999999999,-0.0261026248336,0.6950963751663999,0.6950963751663999
polar1m,59,12,H,10.545281,9.38046479,11.8669222,1.0,0.366079,0.366079,0.022490222007,-0.34358877799299997,0.34358877799299997
polar1m,59,13,H,11.61987088,14.42572966,9.24617541,1.0,0.373083,0.373083,0.0231259670109,-0.34995703298909997,0.34995703298909997
polar1m,59,14,H,9.01495845,10.99637777,10.47412415,1.0,0.309249,0.309249,0.0346545428038,-0.2745944571962,0.2745944571962
polar1m,59,15,H,8.21339103,10.30322994,11.643444,1.0,0.328451,0.328451,0.037300221622,-0.29115077837799996,0.29115077837799996
polar1m,59,16,O,14.42455872,12.58316161,10.91209432,-2.0,1.266315,-0.7336849999999999,-0.0119702592492,0.7217147407507999,0.7217147407507999
polar1m,59,17,H,14.29019922,12.27071104,15.02219964,1.0,0.367327,0.367327,0.027564579621,-0.339762420379,0.339762420379
polar1m,59,18,H,13.51221785,9.70138151,11.99001112,1.0,0.399404,0.399404,0.033000163734,-0.366403836266,0.366403836266
polar1m,59,19,H,13.49809261,12.93366505,13.9744564,1.0,0.316178,0.316178,0.0113129839301,-0.3048650160699,0.3048650160699
polar1m,59,20,H,9.56760026,11.94150078,12.99847224,1.0,0.389415,0.389415,0.022185113281,-0.36722988671900003,0.36722988671900003
polar1m,59,21,H,12.85867788,10.99019932,15.41594578,1.0,0.4506,0.4506,0.0297710932791,-0.4208289067209,0.4208289067209
polar1m,59,22,H,13.52876307,12.7946686,10.62734412,1.0,0.392697,0.392697,0.019451957196,-0.373245042804,0.373245042804
polar1m,59,23,O,8.77962279,9.89257917,14.59524735,-2.0,1.209105,-0.7908949999999999,-0.0369598791003,0.7539351208996999,0.7539351208996999
polar1m,59,24,O,15.4138219,10.44623122,10.50257818,-2.0,1.232113,-0.767887,-0.0292905047536,0.7385964952464,0.7385964952464
polar1m,59,25,O,10.59780431,9.34245832,12.94865524,-2.0,1.215362,-0.784638,-0.0363150835037,0.7483229164962999,0.7483229164962999
polar1m,59,26,O,14.34103164,13.22552689,14.5397719,-2.0,1.264204,-0.7357959999999999,-0.0420209132135,0.6937750867864999,0.6937750867864999
polar1m,59,27,H,13.22067529,14.79964011,12.87780384,1.0,0.44314,0.44314,0.0361308008432,-0.4070091991568,0.4070091991568
polar1m,59,28,O,12.26941914,11.31859508,14.86802746,-2.0,1.136998,-0.863002,-0.0338626876473,0.8291393123527,0.8291393123527
polar1m,59,29,O,8.33408101,10.00489966,10.65371404,-2.0,1.231278,-0.7687219999999999,-0.185336798429,0.5833852015709999,0.5833852015709999
polar1m,59,30,H,9.95180744,8.79636654,13.39547737,1.0,0.423416,0.423416,0.0331580862403,-0.39025791375970004,0.39025791375970004
polar1m,59,31,H,11.8241147,13.71461464,13.11721024,1.0,0.409138,0.409138,0.0227055847645,-0.3864324152355,0.3864324152355
polar1m,59,32,H,12.43074098,10.94522568,14.0635096,1.0,0.398141,0.398141,0.0126459300518,-0.38549506994820004,0.38549506994820004
polar1m,59,33,H,8.01831729,11.56574946,8.93668896,1.0,0.45449,0.45449,0.0425082817674,-0.4119817182326,0.4119817182326
polar1m,59,34,H,8.1251609,10.67497042,14.37412651,1.0,0.37703,0.37703,0.0287191402167,-0.34831085978329995,0.34831085978329995
polar1m,59,35,H,8.92645395,12.47776972,8.74549096,1.0,0.441181,0.441181,0.0314174853265,-0.4097635146735,0.4097635146735
polar1m,59,36,O,11.29072213,13.05202071,13.29130764,-2.0,1.309443,-0.6905570000000001,0.0377612709999,0.7283182709999001,0.7283182709999001
polar1m,59,37,O,12.70904745,14.6680825,12.09340359,-2.0,1.296188,-0.7038120000000001,0.002815105021,0.7066271050210001,0.7066271050210001
polar1m,59,38,O,9.01440396,11.57082392,12.29511434,-2.0,1.250912,-0.749088,-0.0293240174651,0.7197639825348999,0.7197639825348999
polar1m,59,39,H,12.33639147,9.29151686,11.42998971,1.0,0.394801,0.394801,0.0316288247705,-0.3631721752295,0.3631721752295
polar1m,59,40,H,11.83826823,15.1278263,12.16544492,1.0,0.429828,0.429828,0.0368851199746,-0.3929428800254,0.3929428800254
polar1m,59,41,H,12.72012003,14.60826473,10.61464335,1.0,0.378706,0.378706,0.0147856846452,-0.36392031535479996,0.36392031535479996
polar1m,59,42,O,8.7330242,11.98588796,9.51990644,-2.0,1.265262,-0.7347379999999999,0.0641624033451,0.7989004033450999,0.7989004033450999
polar1m,59,43,H,10.53096753,11.83681913,10.85955217,1.0,0.390446,0.390446,0.0296468883753,-0.3607991116247,0.3607991116247
polar1m,59,44,O,12.10528993,15.0038088,9.9607966,-2.0,1.164007,-0.835993,-0.0643143877387,0.7716786122613,0.7716786122613
polar1m,59,45,H,12.0,12.0,12.0,1.0,0.407897,0.407897,0.442090541124,0.03419354112399997,0.03419354112399997
polar1m,60,0,O,11.51034532,14.19558328,13.28138884,-2.0,1.246119,-0.753881,-0.00606501847506,0.74781598152494,0.74781598152494
polar1m,60,1,H,14.54650185,9.23570282,12.89353898,1.0,0.415443,0.415443,0.0269526354969,-0.3884903645031,0.3884903645031
polar1m,60,2,H,10.68746062,12.65868487,9.88571059,1.0,0.324578,0.324578,0.017680875957,-0.30689712404299996,0.30689712404299996
polar1m,60,3,H,9.4915186,15.42114465,11.26387848,1.0,0.404038,0.404038,0.02006431669,-0.38397368331000004,0.38397368331000004
polar1m,60,4,H,9.18045502,13.32574383,10.27860715,1.0,0.357147,0.357147,0.0399858281016,-0.3171611718984,0.3171611718984
polar1m,60,5,O,13.97765809,13.77852428,11.79707481,-2.0,1.193707,-0.8062929999999999,-0.105054996908,0.7012380030919999,0.7012380030919999
polar1m,60,6,H,14.33428803,11.2248958,14.73567336,1.0,0.403708,0.403708,0.023409422487,-0.380298577513,0.380298577513
polar1m,60,7,H,13.85562538,11.52998412,10.18951105,1.0,0.419292,0.419292,0.0264507457614,-0.3928412542386,0.3928412542386
polar1m,60,8,H,12.0,12.0,12.0,1.0,0.352623,0.352623,0.170440018177,-0.18218298182300002,0.18218298182300002
polar1m,60,9,H,12.46007828,14.12453365,13.06349418,1.0,0.403264,0.403264,0.020140286535,-0.383123713465,0.383123713465
polar1m,60,10,H,9.29104519,12.47233401,12.93574188,1.0,0.409597,0.409597,0.0256762877107,-0.38392071228929997,0.38392071228929997
polar1m,60,11,H,15.86896449,11.40515765,12.25946607,1.0,0.390465,0.390465,0.0229755342007,-0.36748946579930003,0.36748946579930003
polar1m,60,12,H,13.61594269,13.44660434,10.98001197,1.0,0.361599,0.361599,0.01108735241,-0.35051164759000003,0.35051164759000003
polar1m,60,13,H,14.56819581,11.21294752,8.66413352,1.0,0.49962,0.49962,0.0314528867602,-0.4681671132398,0.4681671132398
polar1m,60,14,H,11.66002835,13.46937907,13.78981899,1.0,0.43415,0.43415,0.0244280844927,-0.40972191550729997,0.40972191550729997
polar1m,60,15,O,12.8267132,11.76590777,10.9541414,-2.0,1.331686,-0.6683140000000001,-0.0307778120041,0.6375361879959001,0.6375361879959001
polar1m,60,16,O,14.51893761,9.90774004,12.2261536,-2.0,1.167774,-0.8322259999999999,-0.126778259873,0.7054477401269998,0.7054477401269998
polar1m,60,17,H,12.05656049,11.75423644,10.60985029,1.0,0.447423,0.447423,0.0245191995054,-0.4229038004946,0.4229038004946
polar1m,60,18,H,10.65489514,14.85272448,12.35022766,1.0,0.39381,0.39381,0.0118006579578,-0.3820093420422,0.3820093420422
polar1m,60,19,H,16.51831757,12.700786,12.83996006,1.0,0.453108,0.453108,0.0309846810997,-0.4221233189003,0.4221233189003
polar1m,60,20,H,10.17358507,9.26889671,17.01800534,1.0,0.347762,0.347762,0.0220674555749,-0.32569454442510004,0.32569454442510004
polar1m,60,21,O,14.20204622,11.81713295,9.27421371,-2.0,1.39809,-0.60191,0.526837170124,1.128747170124,1.128747170124
polar1m,60,22,H,12.47764174,9.2519561,12.26773491,1.0,0.435659,0.435659,0.0313590280712,-0.4042999719288,0.4042999719288
polar1m,60,23,O,15.69023308,12.40061347,12.48980393,-2.0,1.277371,-0.722629,0.0295595601201,0.7521885601200999,0.7521885601200999
polar1m,60,24,O,12.844375,9.50806355,16.52870293,-2.0,1.393699,-0.606301,0.00900846719742,0.61530946719742,0.61530946719742
polar1m,60,25,O,10.66616389,8.45773061,16.58725257,-2.0,1.144894,-0.8551059999999999,-0.0829547941685,0.7721512058314999,0.7721512058314999
polar1m,60,26,H,12.87306762,11.08281435,14.93199403,1.0,0.373889,0.373889,0.0275655984879,-0.3463234015121,0.3463234015121
polar1m,60,27,O,12.12356432,9.95554869,12.78979874,-2.0,1.279187,-0.7208129999999999,0.00406728684902,0.72488028684902,0.72488028684902
polar1m,60,28,H,9.51029788,11.18489531,11.88890466,1.0,0.395373,0.395373,0.0203486699611,-0.37502433003889996,0.37502433003889996
polar1m,60,29,H,14.50108089,12.94049096,12.12785542,1.0,0.363273,0.363273,0.0137796252966,-0.34949337470340003,0.34949337470340003
polar1m,60,30,O,9.79661873,12.28913799,10.47983471,-2.0,1.381907,-0.618093,-0.0236309319735,0.5944620680265,0.5944620680265
polar1m,60,31,H,13.48033774,10.37679292,12.41553132,1.0,0.337262,0.337262,0.0236537978053,-0.3136082021947,0.3136082021947
polar1m,60,32,H,13.60341038,9.6550764,17.27680494,1.0,0.398973,0.398973,0.0302919112146,-0.3686810887854,0.3686810887854
polar1m,60,33,O,13.55158792,10.86983832,14.29844565,-2.0,1.250764,-0.749236,-0.0257386267185,0.7234973732815,0.7234973732815
polar1m,60,34,H,11.82111138,10.70327639,12.3422107,1.0,0.365312,0.365312,0.025682285428,-0.33962971457200003,0.33962971457200003
polar1m,60,35,H,12.46199736,10.43969447,16.12073714,1.0,0.343454,0.343454,0.0359587036073,-0.3074952963927,0.3074952963927
polar1m,60,36,H,11.58498084,8.91032601,16.65588702,1.0,0.369606,0.369606,0.0115462690592,-0.3580597309408,0.3580597309408
polar1m,60,37,O,10.07042476,15.52775041,11.99806425,-2.0,1.085808,-0.9141919999999999,-0.0695182085037,0.8446737914962998,0.8446737914962998
polar1m,60,38,H,15.02836299,12.61548149,10.02984507,1.0,0.420016,0.420016,0.166815444827,-0.253200555173,0.253200555173
polar1m,60,39,O,9.69235535,11.55889985,12.8143777,-2.0,1.22855,-0.77145,-0.0360713601112,0.7353786398887999,0.7353786398887999
polar1m,61,0,O,11.20907533,14.19308188,13.40699503,-2.0,1.246131,-0.7538689999999999,-0.0123575180769,0.7415114819230999,0.7415114819230999
polar1m,61,1,H,14.39042048,9.07514815,12.98967269,1.0,0.40057,0.40057,0.0266283992678,-0.37394160073219995,0.37394160073219995
polar1m,61,2,H,10.25859354,12.50090298,10.13038763,1.0,0.417624,0.417624,0.0155725926161,-0.4020514073839,0.4020514073839
polar1m,61,3,H,9.22467131,15.40305772,11.42313335,1.0,0.429617,0.429617,0.0193111971021,-0.41030580289790003,0.41030580289790003
polar1m,61,4,H,9.0713905,13.21037308,10.41806017,1.0,0.399054,0.399054,0.0298152603209,-0.36923873967910004,0.36923873967910004
polar1m,61,5,O,13.69200051,13.68633721,11.94433119,-2.0,1.150017,-0.8499829999999999,-0.137117236853,0.7128657631469999,0.7128657631469999
polar1m,61,6,H,14.07337972,11.21806086,14.94426756,1.0,0.39498,0.39498,0.0239998437464,-0.3709801562536,0.3709801562536
polar1m,61,7,H,13.52902088,11.44565606,10.20941037,1.0,0.434391,0.434391,0.0302236005664,-0.4041673994336,0.4041673994336
polar1m,61,8,H,12.0,12.0,12.0,1.0,0.39555,0.39555,0.0424951314926,-0.35305486850740003,0.35305486850740003
polar1m,61,9,H,12.11639992,14.20007261,13.11973875,1.0,0.40037,0.40037,0.0179676637053,-0.3824023362947,0.3824023362947
polar1m,61,10,H,8.90897986,12.29047151,12.90579692,1.0,0.429454,0.429454,0.0230662953109,-0.4063877046891,0.4063877046891
polar1m,61,11,H,15.58540496,11.35348038,12.46325274,1.0,0.404095,0.404095,0.0245044007897,-0.3795905992103,0.3795905992103
polar1m,61,12,H,13.25955844,13.4424825,11.15627527,1.0,0.3673,0.3673,0.0123046226799,-0.3549953773201,0.3549953773201
polar1m,61,13,H,14.29160305,10.96077252,8.9218922,1.0,0.481487,0.481487,0.0365002974868,-0.4449867025132,0.4449867025132
polar1m,61,14,H,11.29875617,13.34440659,13.85377397,1.0,0.404518,0.404518,0.0241388324648,-0.3803791675352,0.3803791675352
polar1m,61,15,O,12.53736887,11.74717913,11.1301037,-2.0,1.369024,-0.630976,0.0112621635199,0.6422381635198999,0.6422381635198999
polar1m,61,16,O,14.23024647,9.86851649,12.34693665,-2.0,1.197458,-0.8025420000000001,-0.0714364424348,0.7311055575652001,0.7311055575652001
polar1m,61,17,H,11.66984327,11.77293556,10.58312251,1.0,0.382612,0.382612,0.0321506112814,-0.3504613887186,0.3504613887186
polar1m,61,18,H,10.51591453,14.92844159,12.32467362,1.0,0.414144,0.414144,0.0142646171153,-0.3998793828847,0.3998793828847
polar1m,61,19,H,16.24397094,12.91588002,12.87411371,1.0,0.43325,0.43325,0.0338674634695,-0.39938253653050004,0.39938253653050004
polar1m,61,20,O,13.93688954,11.76880787,9.42081702,-2.0,1.427704,-0.5722959999999999,0.653006076813,1.225302076813,1.225302076813
polar1m,61,21,H,12.11586752,9.25320035,12.08029162,1.0,0.378887,0.378887,0.0239286012948,-0.35495839870519996,0.35495839870519996
polar1m,61,22,O,15.43235,12.33256224,12.62898605,-2.0,1.304915,-0.695085,0.0641670674086,0.7592520674086,0.7592520674086
polar1m,61,23,H,12.54880413,11.00216524,14.98280767,1.0,0.432853,0.432853,0.0253554005176,-0.4074975994824,0.4074975994824
polar1m,61,24,O,11.85170008,9.8643614,12.87530543,-2.0,1.305207,-0.694793,-0.0189552903175,0.6758377096825,0.6758377096825
polar1m,61,25,H,9.3163897,11.18212931,12.03152266,1.0,0.378617,0.378617,0.0183078721166,-0.36030912788339997,0.36030912788339997
polar1m,61,26,H,14.35006536,12.89339749,12.19170409,1.0,0.359357,0.359357,0.0127705335617,-0.3465864664383,0.3465864664383
polar1m,61,27,O,9.53156732,12.24630696,10.5601388,-2.0,1.243517,-0.756483,-0.0158733204007,0.7406096795993,0.7406096795993
polar1m,61,28,H,13.35058961,10.33498166,12.57828701,1.0,0.361021,0.361021,0.0141481757164,-0.3468728242836,0.3468728242836
polar1m,61,29,O,13.2848617,10.85422924,14.4336575,-2.0,1.206894,-0.7931060000000001,-0.023654974997,0.7694510250030001,0.7694510250030001
polar1m,61,30,H,11.50040169,10.64585895,12.45682358,1.0,0.360137,0.360137,0.0199216082692,-0.3402153917308,0.3402153917308
polar1m,61,31,O,9.80095515,15.4311438,12.11561092,-2.0,1.060742,-0.9392579999999999,-0.0611029826105,0.8781550173895,0.8781550173895
polar1m,61,32,H,14.83205191,12.59560792,9.96395672,1.0,0.447464,0.447464,0.128989517689,-0.31847448231099995,0.31847448231099995
polar1m,61,33,O,9.46011034,11.54335591,12.96764917,-2.0,1.181039,-0.818961,-0.0381700545549,0.7807909454451001,0.7807909454451001
polar1m,62,0,O,10.84358596,14.141156,13.49641232,-2.0,1.341483,-0.658517,0.00603049248457,0.66454749248457,0.66454749248457
polar1m,62,1,H,14.10758348,8.98490641,13.00153946,1.0,0.421074,0.421074,0.0260423235595,-0.3950316764405,0.3950316764405
polar1m,62,2,H,10.01738202,12.34101079,10.22104032,1.0,0.371384,0.371384,0.0159945897758,-0.3553894102242,0.3553894102242
polar1m,62,3,H,8.83096614,15.29713996,11.39139682,1.0,0.363766,0.363766,0.0179091300815,-0.34585686991849995,0.34585686991849995
polar1m,62,4,H,8.86770913,12.94189583,10.57463726,1.0,0.482557,0.482557,0.0222776010633,-0.4602793989367,0.4602793989367
polar1m,62,5,O,13.34021728,13.54515805,12.05922584,-2.0,1.165985,-0.834015,-0.0754372775555,0.7585777224445,0.7585777224445
polar1m,62,6,H,13.66837169,11.13412821,15.07369873,1.0,0.425655,0.425655,0.0226614959538,-0.4029935040462,0.4029935040462
polar1m,62,7,H,13.09941946,11.26373162,10.25684285,1.0,0.439217,0.439217,0.0365506112576,-0.4026663887424,0.4026663887424
polar1m,62,8,H,12.0,12.0,12.0,1.0,0.45816,0.45816,0.0331886708736,-0.4249713291264,0.4249713291264
polar1m,62,9,H,11.77282264,14.25130272,13.10888595,1.0,0.381412,0.381412,0.0201178342104,-0.3612941657896,0.3612941657896
polar1m,62,10,H,15.20147437,11.30348688,12.63595861,1.0,0.431114,0.431114,0.0207220129669,-0.4103919870331,0.4103919870331
polar1m,62,11,H,12.79932822,13.38774129,11.23647802,1.0,0.353571,0.353571,0.0147422477603,-0.33882875223970005,0.33882875223970005
polar1m,62,12,H,13.97256809,10.74928948,9.20396667,1.0,0.477782,0.477782,0.0457086339593,-0.4320733660407,0.4320733660407
polar1m,62,13,H,10.8239878,13.11550117,13.93244605,1.0,0.351761,0.351761,0.0285493973643,-0.3232116026357,0.3232116026357
polar1m,62,14,O,12.16328648,11.68034003,11.27215963,-2.0,1.322312,-0.6776880000000001,0.0101129934192,0.6878009934192001,0.6878009934192001
polar1m,62,15,O,13.88016549,9.77796694,12.43084145,-2.0,1.153205,-0.846795,-0.0553289614618,0.7914660385382,0.7914660385382
polar1m,62,16,H,11.29624621,11.70910078,10.52788162,1.0,0.365988,0.365988,0.0525698624551,-0.3134181375449,0.3134181375449
polar1m,62,17,H,10.42088413,14.78265261,12.27512106,1.0,0.345942,0.345942,0.0178510956466,-0.32809090435340005,0.32809090435340005
polar1m,62,18,H,15.7845229,12.99593233,12.88697908,1.0,0.435941,0.435941,0.0327876061201,-0.4031533938799,0.4031533938799
polar1m,62,19,O,13.6192818,11.67752744,9.52795924,-2.0,1.42828,-0.57172,0.7286657691,1.3003857691,1.3003857691
polar1m,62,20,H,11.64926556,9.28746405,11.98423234,1.0,0.368912,0.368912,0.0196041036397,-0.3493078963603,0.3493078963603
polar1m,62,21,O,15.11744567,12.21323302,12.73608393,-2.0,1.236132,-0.763868,0.00637999176979,0.77024799176979,0.77024799176979
polar1m,62,22,H,12.09333511,10.89882453,15.00485344,1.0,0.408531,0.408531,0.0248903688043,-0.38364063119569997,0.38364063119569997
polar1m,62,23,O,11.51247896,9.71943823,12.91691436,-2.0,1.292244,-0.707756,-0.0280465334654,0.6797094665346001,0.6797094665346001
polar1m,62,24,H,14.03722671,12.92485694,12.19290864,1.0,0.383456,0.383456,0.00857771933079,-0.37487828066921003,0.37487828066921003
polar1m,62,25,O,9.18103522,12.16404767,10.60689081,-2.0,1.154509,-0.845491,-0.0278165601194,0.8176744398806,0.8176744398806
polar1m,62,26,H,13.20766434,10.17881559,12.74751583,1.0,0.409784,0.409784,0.0132168009877,-0.3965671990123,0.3965671990123
polar1m,62,27,O,12.96092205,10.79531879,14.53542976,-2.0,1.208418,-0.791582,-0.0246961414814,0.7668858585186,0.7668858585186
polar1m,62,28,H,11.065327,10.52666187,12.53623547,1.0,0.362785,0.362785,0.018782088533,-0.344002911467,0.344002911467
polar1m,62,29,O,9.45283759,15.30481942,12.20331367,-2.0,1.176278,-0.8237220000000001,-0.0925206765532,0.7312013234468001,0.7312013234468001
polar1m,62,30,H,14.46518314,12.41846707,9.74734038,1.0,0.482363,0.482363,0.059912700206,-0.422450299794,0.422450299794
polar1m,63,0,O,10.62533208,13.88549025,13.1614892,-2.0,1.219246,-0.780754,-0.038795504719,0.741958495281,0.741958495281
polar1m,63,1,H,13.9149566,8.77448196,12.57881854,1.0,0.445869,0.445869,0.0236050914973,-0.4222639085027,0.4222639085027
polar1m,63,2,H,7.65807528,6.39673097,11.52367883,1.0,0.329797,0.329797,0.0263237431645,-0.3034732568355,0.3034732568355
polar1m,63,3,H,10.02723519,12.02391885,9.83513939,1.0,0.291266,0.291266,0.018840957433,-0.272425042567,0.272425042567
polar1m,63,4,H,8.59084707,12.83894335,10.32051174,1.0,0.416204,0.416204,0.0244668163359,-0.39173718366410004,0.39173718366410004
polar1m,63,5,O,13.11458949,13.22212042,11.74197199,-2.0,1.235383,-0.7646170000000001,-0.0434779375792,0.7211390624208001,0.7211390624208001
polar1m,63,6,H,13.40252349,10.88505654,14.80836512,1.0,0.447173,0.447173,0.0245867818594,-0.4225862181406,0.4225862181406
polar1m,63,7,H,12.80482453,10.95970057,9.97517233,1.0,0.422057,0.422057,0.0552601590753,-0.3667968409247,0.3667968409247
polar1m,63,8,H,12.0,12.0,12.0,1.0,0.392502,0.392502,0.0763568878174,-0.3161451121826,0.3161451121826
polar1m,63,9,H,11.51630327,14.05985009,12.74776894,1.0,0.394668,0.394668,0.0154811106622,-0.37918688933780004,0.37918688933780004
polar1m,63,10,H,14.98978154,10.94777287,12.3666046,1.0,0.425219,0.425219,0.0236461181194,-0.40157288188060003,0.40157288188060003
polar1m,63,11,O,7.88348964,5.96847,12.51568109,-2.0,1.249529,-0.7504710000000001,-0.035057939589,0.7154130604110001,0.7154130604110001
polar1m,63,12,H,12.5468935,13.15440898,10.94386904,1.0,0.382638,0.382638,0.0174963772297,-0.3651416227703,0.3651416227703
polar1m,63,13,O,10.63154481,7.40216385,10.86539937,-2.0,1.257446,-0.7425539999999999,-0.135206848383,0.6073471516169999,0.6073471516169999
polar1m,63,14,H,13.82683493,10.47568506,9.06570354,1.0,0.484915,0.484915,0.0464054644108,-0.4385095355892,0.4385095355892
polar1m,63,15,H,10.49858377,12.89502426,13.50067155,1.0,0.365472,0.365472,0.0217488817871,-0.3437231182129,0.3437231182129
polar1m,63,16,O,11.91682253,11.40897482,10.9499908,-2.0,1.324807,-0.6751929999999999,-0.000996045768261,0.674196954231739,0.674196954231739
polar1m,63,17,H,8.14228567,8.69090036,11.51910409,1.0,0.405574,0.405574,0.025447525084,-0.380126474916,0.380126474916
polar1m,63,18,H,8.16278588,5.75444127,10.27410327,1.0,0.390011,0.390011,0.0267575830221,-0.3632534169779,0.3632534169779
polar1m,63,19,H,10.8122442,8.06451602,10.16702726,1.0,0.357354,0.357354,0.0159855652601,-0.34136843473990003,0.34136843473990003
polar1m,63,20,O,13.69370555,9.48506701,12.07665076,-2.0,1.148364,-0.8516360000000001,-0.0749687254429,0.7766672745571,0.7766672745571
polar1m,63,21,H,9.28997659,6.94523325,10.45867517,1.0,0.37162,0.37162,0.0181847959757,-0.3534352040243,0.3534352040243
polar1m,63,22,H,11.26727863,11.43279968,10.25905826,1.0,0.387808,0.387808,0.0304921213537,-0.3573158786463,0.3573158786463
polar1m,63,23,H,15.3794505,12.76559438,12.52005026,1.0,0.45802,0.45802,0.031290885061,-0.426729114939,0.426729114939
polar1m,63,24,H,8.12371864,5.0574926,12.29101573,1.0,0.415794,0.415794,0.0235519018024,-0.3922420981976,0.3922420981976
polar1m,63,25,O,13.44926631,11.38848834,9.20152802,-2.0,1.33045,-0.6695500000000001,0.672589421272,1.3421394212720001,1.3421394212720001
polar1m,63,26,H,11.35701175,9.17864081,11.61273918,1.0,0.385981,0.385981,0.0218057148159,-0.36417528518410003,0.36417528518410003
polar1m,63,27,O,14.94485588,11.91598918,12.41919849,-2.0,1.18343,-0.81657,-0.00661610066891,0.80995389933109,0.80995389933109
polar1m,63,28,H,10.30990393,8.22352507,11.61189103,1.0,0.354399,0.354399,0.0473240613937,-0.30707493860630003,0.30707493860630003
polar1m,63,29,O,8.49699146,6.63821437,9.97417056,-2.0,1.195287,-0.804713,-0.0591575205326,0.7455554794674,0.7455554794674
polar1m,63,30,H,11.84136889,10.6186824,14.54801756,1.0,0.41604,0.41604,0.0269670449197,-0.38907295508030004,0.38907295508030004
polar1m,63,31,O,11.30712941,9.38550519,12.51809628,-2.0,1.285059,-0.714941,-0.0271723270416,0.6877686729584,0.6877686729584
polar1m,63,32,H,13.90309915,12.70317459,11.76267377,1.0,0.39127,0.39127,0.013149432838,-0.378120567162,0.378120567162
polar1m,63,33,O,8.97097131,11.87150976,10.22794538,-2.0,1.306322,-0.693678,-0.0343768373132,0.6593011626868001,0.6593011626868001
polar1m,63,34,H,12.92796024,9.95616072,12.64678716,1.0,0.355085,0.355085,0.0173251479864,-0.3377598520136,0.3377598520136
polar1m,63,35,O,12.7715994,10.54680216,14.21123346,-2.0,1.228415,-0.771585,-0.0109170377254,0.7606679622746,0.7606679622746
polar1m,63,36,H,8.61924097,7.44909476,11.80841147,1.0,0.359326,0.359326,0.0373420491815,-0.32198395081849995,0.32198395081849995
polar1m,63,37,H,10.7781953,10.16305574,12.26538343,1.0,0.378655,0.378655,0.0224608629942,-0.3561941370058,0.3561941370058
polar1m,63,38,H,14.14349109,11.95042682,9.09607649,1.0,0.516174,0.516174,0.0397890768945,-0.4763849231055,0.4763849231055
polar1m,63,39,O,8.98909336,8.44956089,11.99231154,-2.0,1.295372,-0.704628,0.0220612287521,0.7266892287521001,0.7266892287521001
polar1m,64,0,O,10.40657467,13.64422669,12.96500209,-2.0,1.139134,-0.8608659999999999,-0.0348642170429,0.8260017829570999,0.8260017829570999
polar1m,64,1,H,13.74409658,8.45548739,12.41656542,1.0,0.406529,0.406529,0.0252077169716,-0.38132128302839996,0.38132128302839996
polar1m,64,2,O,12.87047383,12.92804962,11.56195625,-2.0,1.383559,-0.616441,0.402638286352,1.019079286352,1.019079286352
polar1m,64,3,H,13.15704076,10.7062641,14.73527995,1.0,0.439362,0.439362,0.0277328807861,-0.4116291192139,0.4116291192139
polar1m,64,4,H,12.50448992,10.81007491,9.94543618,1.0,0.382153,0.382153,0.0648419111967,-0.3173110888033,0.3173110888033
polar1m,64,5,H,12.0,12.0,12.0,1.0,0.383028,0.383028,0.180264472961,-0.20276352703899997,0.20276352703899997
polar1m,64,6,H,11.22443773,13.8235648,12.60789288,1.0,0.392306,0.392306,0.0141691081226,-0.37813689187739996,0.37813689187739996
polar1m,64,7,O,10.48917736,16.25539782,9.81722966,-2.0,1.243331,-0.756669,-0.0312751084566,0.7253938915434001,0.7253938915434001
polar1m,64,8,H,14.80061894,10.61638489,12.22890822,1.0,0.426654,0.426654,0.0286451671273,-0.3980088328727,0.3980088328727
polar1m,64,9,H,12.35671947,12.94565847,10.79171155,1.0,0.425909,0.425909,0.0304140634835,-0.3954949365165,0.3954949365165
polar1m,64,10,O,10.38646724,7.13411297,10.65302285,-2.0,1.284095,-0.715905,-0.00505322217941,0.7108517778205901,0.7108517778205901
polar1m,64,11,H,13.72197411,10.25806147,9.02401603,1.0,0.469847,0.469847,0.0379671901464,-0.4318798098536,0.4318798098536
polar1m,64,12,H,10.21704553,12.81545344,13.16042316,1.0,0.448939,0.448939,0.0195123329759,-0.4294266670241,0.4294266670241
polar1m,64,13,O,11.66796632,11.15482896,10.7731015,-2.0,1.203668,-0.796332,-0.21591822803,0.58041377197,0.58041377197
polar1m,64,14,H,7.98543084,5.55583072,10.08625809,1.0,0.421967,0.421967,0.0216180440038,-0.40034895599619996,0.40034895599619996
polar1m,64,15,H,10.51272825,7.64291442,9.91352888,1.0,0.429393,0.429393,0.0222696401179,-0.4071233598821,0.4071233598821
polar1m,64,16,O,13.499238,9.22765269,11.85376494,-2.0,1.200696,-0.799304,-0.101414099336,0.697889900664,0.697889900664
polar1m,64,17,H,9.17232346,6.52418834,10.28808559,1.0,0.364375,0.364375,0.0131939724088,-0.3511810275912,0.3511810275912
polar1m,64,18,O,12.53791489,15.36407653,11.78970582,-2.0,1.183253,-0.8167469999999999,-0.0366840846837,0.7800629153162999,0.7800629153162999
polar1m,64,19,H,11.12599273,11.20092621,10.10250169,1.0,0.452261,0.452261,0.0264436658472,-0.42581733415280004,0.42581733415280004
polar1m,64,20,H,15.01750937,12.55456075,12.37959841,1.0,0.460695,0.460695,0.0325624831021,-0.4281325168979,0.4281325168979
polar1m,64,21,O,13.26319171,11.10135664,9.01029487,-2.0,1.286325,-0.7136750000000001,0.288906484842,1.002581484842,1.002581484842
polar1m,64,22,H,11.17312579,9.04767265,11.29903288,1.0,0.392876,0.392876,0.0250321514904,-0.3678438485096,0.3678438485096
polar1m,64,23,O,14.76314699,11.64083004,12.23763422,-2.0,1.189022,-0.810978,0.00403652340174,0.81501452340174,0.81501452340174
polar1m,64,24,H,10.20481855,7.9155745,11.40649922,1.0,0.359255,0.359255,0.0302384831011,-0.3290165168989,0.3290165168989
polar1m,64,25,H,11.22729605,15.83344852,9.27242044,1.0,0.383492,0.383492,0.0184672381729,-0.3650247618271,0.3650247618271
polar1m,64,26,O,8.27159371,6.37619764,9.78505554,-2.0,1.06673,-0.93327,-0.089462429285,0.843807570715,0.843807570715
polar1m,64,27,H,10.93898715,16.23734685,10.69539323,1.0,0.393545,0.393545,0.0217031221837,-0.37184187781629996,0.37184187781629996
polar1m,64,28,H,11.64756583,10.38129758,14.20353049,1.0,0.434505,0.434505,0.0256258249283,-0.40887917507169996,0.40887917507169996
polar1m,64,29,O,11.08981301,9.07848234,12.2560987,-2.0,1.303049,-0.6969510000000001,-0.0134809091687,0.6834700908313001,0.6834700908313001
polar1m,64,30,H,11.88187004,15.2740885,11.10159065,1.0,0.372999,0.372999,0.0205675810575,-0.3524314189425,0.3524314189425
polar1m,64,31,H,13.79309859,12.41519988,11.45095935,1.0,0.385025,0.385025,0.0321530401707,-0.35287195982930003,0.35287195982930003
polar1m,64,32,H,12.73932761,9.67990685,12.62154689,1.0,0.33756,0.33756,0.0254907719791,-0.31206922802090004,0.31206922802090004
polar1m,64,33,O,12.57017278,10.3191724,14.02155404,-2.0,1.262226,-0.7377739999999999,0.0125581547618,0.7503321547617999,0.7503321547617999
polar1m,64,34,H,12.65249142,14.71755404,12.41864874,1.0,0.423017,0.423017,0.0168907903135,-0.4061262096865,0.4061262096865
polar1m,64,35,H,10.48314326,9.83530328,12.22004111,1.0,0.391737,0.391737,0.0240001529455,-0.3677368470545,0.3677368470545
polar1m,64,36,H,13.96367336,11.62708737,8.59634673,1.0,0.477481,0.477481,0.035001039505,-0.442479960495,0.442479960495
polar1m,65,0,O,10.07397733,13.36069742,12.90017998,-2.0,1.194906,-0.805094,-0.0369072891772,0.7681867108228,0.7681867108228
polar1m,65,1,H,13.45493902,8.10389278,12.38338917,1.0,0.392378,0.392378,0.024174598977,-0.368203401023,0.368203401023
polar1m,65,2,H,9.25432577,11.42330594,9.70237112,1.0,0.428018,0.428018,0.0146285220981,-0.4133894779019,0.4133894779019
polar1m,65,3,H,8.01605977,12.25095632,10.10056619,1.0,0.40479,0.40479,0.0259665735066,-0.3788234264934,0.3788234264934
polar1m,65,4,O,12.51363053,12.5750899,11.52248065,-2.0,1.414441,-0.5855589999999999,0.674312710762,1.2598717107619999,1.2598717107619999
polar1m,65,5,H,12.7247378,10.4695147,14.74132489,1.0,0.433476,0.433476,0.025003368035,-0.40847263196499994,0.40847263196499994
polar1m,65,6,H,12.05125169,10.7047877,10.1808588,1.0,0.428325,0.428325,0.0232069157064,-0.4051180842936,0.4051180842936
polar1m,65,7,H,12.0,12.0,12.0,1.0,0.45209,0.45209,0.0431137979031,-0.4089762020969,0.4089762020969
polar1m,65,8,H,10.95281214,13.50985713,12.58987306,1.0,0.367233,0.367233,0.0131988935173,-0.35403410648269995,0.35403410648269995
polar1m,65,9,O,10.19743549,15.92261242,9.7723565,-2.0,1.146931,-0.8530690000000001,-0.0331041403115,0.8199648596885001,0.8199648596885001
polar1m,65,10,H,14.51344276,10.33883388,12.22165546,1.0,0.445675,0.445675,0.0273122582585,-0.4183627417415,0.4183627417415
polar1m,65,11,H,12.03031994,12.68086338,10.65750818,1.0,0.444242,0.444242,0.0480370223522,-0.39620497764780005,0.39620497764780005
polar1m,65,12,H,9.81183858,12.42544147,13.0030456,1.0,0.413716,0.413716,0.0207412466407,-0.3929747533593,0.3929747533593
polar1m,65,13,O,11.32073439,10.83829699,10.73784628,-2.0,1.284195,-0.715805,-0.0136902108788,0.7021147891212001,0.7021147891212001
polar1m,65,14,O,13.18798308,8.92036868,11.77077014,-2.0,1.230086,-0.769914,-0.0439783260226,0.7259356739774,0.7259356739774
polar1m,65,15,O,12.16734686,15.0493418,11.73199168,-2.0,1.1857,-0.8143,-0.0348575115204,0.7794424884796001,0.7794424884796001
polar1m,65,16,H,10.62724246,10.94264827,9.88483429,1.0,0.36803,0.36803,0.0373159721494,-0.3307140278506,0.3307140278506
polar1m,65,17,H,14.6290786,12.28432775,12.47541587,1.0,0.448001,0.448001,0.0349970459938,-0.4130039540062,0.4130039540062
polar1m,65,18,O,14.46440919,11.30567372,12.18166878,-2.0,1.228803,-0.7711969999999999,0.0172221586108,0.7884191586107999,0.7884191586107999
polar1m,65,19,H,10.80640264,15.63600398,9.29387459,1.0,0.470399,0.470399,0.0170631967485,-0.4533358032515,0.4533358032515
polar1m,65,20,H,10.64734325,15.9743276,10.62989195,1.0,0.404314,0.404314,0.0219447910786,-0.38236920892140003,0.38236920892140003
polar1m,65,21,H,11.29438651,10.11701995,14.02254442,1.0,0.430546,0.430546,0.0247564911842,-0.4057895088158,0.4057895088158
polar1m,65,22,H,11.60768469,14.99737285,11.01450504,1.0,0.392115,0.392115,0.0205795187503,-0.3715354812497,0.3715354812497
polar1m,65,23,H,13.47137396,12.04453715,11.27704906,1.0,0.401478,0.401478,0.0625691711903,-0.33890882880969997,0.33890882880969997
polar1m,65,24,O,8.44958895,11.30324096,9.86358976,-2.0,1.172095,-0.8279049999999999,-0.0325626991689,0.7953423008310999,0.7953423008310999
polar1m,65,25,H,12.62404154,9.24810422,12.55406174,1.0,0.368816,0.368816,0.0121315568686,-0.35668444313139996,0.35668444313139996
polar1m,65,26,O,12.26332113,10.03708641,13.96320717,-2.0,1.247547,-0.752453,-0.0101768150926,0.7422761849074,0.7422761849074
polar1m,65,27,H,12.36455223,14.30284279,12.30060159,1.0,0.401654,0.401654,0.0170011259615,-0.3846528740385,0.3846528740385
polar1m,66,0,O,9.89370822,13.30407323,12.63357458,-2.0,1.2704,-0.7296,-0.0412353798747,0.6883646201253,0.6883646201253
polar1m,66,1,H,13.30655625,8.08922581,12.03991553,1.0,0.432142,0.432142,0.0252452753484,-0.40689672465160004,0.40689672465160004
polar1m,66,2,H,9.27263868,11.42315304,9.43317175,1.0,0.326813,0.326813,0.0207359548658,-0.30607704513420003,0.30607704513420003
polar1m,66,3,H,7.90311189,11.93414386,9.77728076,1.0,0.494431,0.494431,0.0206894762814,-0.4737415237186,0.4737415237186
polar1m,66,4,O,12.32666978,12.46465021,11.26173668,-2.0,1.446859,-0.5531410000000001,0.680123329163,1.233264329163,1.233264329163
polar1m,66,5,H,12.38031714,10.45385886,14.48608329,1.0,0.44046,0.44046,0.0231503024697,-0.4173096975303,0.4173096975303
polar1m,66,6,H,11.94252378,10.81703964,10.12286119,1.0,0.406473,0.406473,0.0213376805186,-0.38513531948139995,0.38513531948139995
polar1m,66,7,H,12.0,12.0,12.0,1.0,0.455639,0.455639,0.0471829362214,-0.4084560637786,0.4084560637786
polar1m,66,8,H,10.86438041,13.39858894,12.38201208,1.0,0.339396,0.339396,0.0136520117521,-0.32574398824789996,0.32574398824789996
polar1m,66,9,H,14.40405124,10.30006061,12.03662445,1.0,0.452373,0.452373,0.0253897681832,-0.42698323181680004,0.42698323181680004
polar1m,66,10,H,11.84496146,12.62853856,10.33991025,1.0,0.458903,0.458903,0.0595268942416,-0.3993761057584,0.3993761057584
polar1m,66,11,H,9.59400676,12.24973925,12.6466913,1.0,0.353262,0.353262,0.0219575054944,-0.3313044945056,0.3313044945056
polar1m,66,12,O,11.10180967,10.74905516,10.49210878,-2.0,1.267427,-0.7325729999999999,-0.022772140801,0.7098008591989999,0.7098008591989999
polar1m,66,13,O,12.7889513,14.13090647,13.70945326,-2.0,1.305203,-0.6947970000000001,-0.0170863568783,0.6777106431217002,0.6777106431217002
polar1m,66,14,O,13.03471655,8.83223413,11.49143696,-2.0,1.145135,-0.854865,-0.0374487861991,0.8174162138009,0.8174162138009
polar1m,66,15,O,11.95553126,14.9715258,11.47148786,-2.0,1.198442,-0.801558,-0.0562593266368,0.7452986733632,0.7452986733632
polar1m,66,16,H,10.41836609,10.87209778,9.66583557,1.0,0.363354,0.363354,0.0361987575889,-0.3271552424111,0.3271552424111
polar1m,66,17,H,14.45292581,12.10647749,12.43500681,1.0,0.413975,0.413975,0.0319052226841,-0.38206977731589997,0.38206977731589997
polar1m,66,18,H,13.05622607,15.09241558,14.23476442,1.0,0.417124,0.417124,0.0321552231908,-0.3849687768092,0.3849687768092
polar1m,66,19,O,14.3128892,11.21014292,11.91549706,-2.0,1.255176,-0.7448239999999999,0.00881055742502,0.75363455742502,0.75363455742502
polar1m,66,20,H,11.11102658,10.0929241,13.66550797,1.0,0.416432,0.416432,0.0250934921205,-0.39133850787950003,0.39133850787950003
polar1m,66,21,H,11.4283251,14.87053617,10.66539846,1.0,0.397524,0.397524,0.0199160091579,-0.3776079908421,0.3776079908421
polar1m,66,22,H,13.53569715,13.43152838,13.76039358,1.0,0.361488,0.361488,0.0188045240939,-0.3426834759061,0.3426834759061
polar1m,66,23,H,13.2351822,11.87998974,10.95751128,1.0,0.404788,0.404788,0.066822707653,-0.337965292347,0.337965292347
polar1m,66,24,O,8.25577743,11.22926129,9.55090155,-2.0,1.185355,-0.8146450000000001,-0.0341174528003,0.7805275471997001,0.7805275471997001
polar1m,66,25,H,12.66252706,9.08656152,12.23844903,1.0,0.420578,0.420578,0.0139271467924,-0.4066508532076,0.4066508532076
polar1m,66,26,O,12.11167834,9.98440217,13.70246581,-2.0,1.233118,-0.7668820000000001,-0.0164619162679,0.7504200837321,0.7504200837321
polar1m,66,27,H,12.24300232,14.11158875,11.9862694,1.0,0.337728,0.337728,0.0127565674484,-0.3249714325516,0.3249714325516
polar1m,67,0,O,9.88833149,13.43414322,12.19969986,-2.0,1.233824,-0.766176,-0.0407271012664,0.7254488987336,0.7254488987336
polar1m,67,1,H,13.39016313,8.20074805,11.48522668,1.0,0.43661,0.43661,0.0237112157047,-0.4128987842953,0.4128987842953
polar1m,67,2,H,9.294176,11.63926474,8.99762966,1.0,0.31296,0.31296,0.0165563262999,-0.2964036737001,0.2964036737001
polar1m,67,3,H,7.76707967,12.21900792,9.39476638,1.0,0.39446,0.39446,0.0249882284552,-0.3694717715448,0.3694717715448
polar1m,67,4,O,12.32930171,12.56851234,10.81225101,-2.0,1.472358,-0.5276419999999999,0.574825584888,1.102467584888,1.102467584888
polar1m,67,5,H,12.22014936,10.66922424,14.08395572,1.0,0.39659,0.39659,0.0186791755259,-0.3779108244741,0.3779108244741
polar1m,67,6,H,12.12996044,11.08334946,9.75101279,1.0,0.324076,0.324076,0.0356202349067,-0.28845576509329995,0.28845576509329995
polar1m,67,7,H,12.0,12.0,12.0,1.0,0.406808,0.406808,0.202111288905,-0.204696711095,0.204696711095
polar1m,67,8,H,10.82456916,13.4632291,12.06183072,1.0,0.356897,0.356897,0.0109162889421,-0.3459807110579,0.3459807110579
polar1m,67,9,H,14.50141742,10.39135062,11.73996492,1.0,0.424444,0.424444,0.026625983417,-0.397818016583,0.397818016583
polar1m,67,10,H,11.81131616,12.74135076,9.96871744,1.0,0.451162,0.451162,0.0453192405403,-0.4058427594597,0.4058427594597
polar1m,67,11,H,9.62385218,12.49933968,12.11062042,1.0,0.3903,0.3903,0.0208715163171,-0.3694284836829,0.3694284836829
polar1m,67,12,O,11.03232723,10.86127339,10.07672999,-2.0,1.243197,-0.7568029999999999,-0.0396390631795,0.7171639368204998,0.7171639368204998
polar1m,67,13,H,11.91366915,12.12873253,15.10896835,1.0,0.40399,0.40399,0.0264135934412,-0.37757640655880004,0.37757640655880004
polar1m,67,14,O,12.77748157,14.23379182,13.31537333,-2.0,1.331169,-0.668831,-0.0167624428868,0.6520685571132,0.6520685571132
polar1m,67,15,O,10.66740595,13.36234685,14.83855474,-2.0,1.18685,-0.81315,-0.030411452055,0.7827385479450001,0.7827385479450001
polar1m,67,16,O,13.06226679,8.93886127,11.0330491,-2.0,1.17867,-0.8213299999999999,-0.0473013743758,0.7740286256241999,0.7740286256241999
polar1m,67,17,O,11.91659072,15.09289827,11.04452576,-2.0,1.205886,-0.794114,-0.0506648980081,0.7434491019919,0.7434491019919
polar1m,67,18,H,10.53280657,10.93752073,9.41721258,1.0,0.452934,0.452934,0.0244649797678,-0.4284690202322,0.4284690202322
polar1m,67,19,H,14.48549702,11.97071331,12.22230702,1.0,0.397839,0.397839,0.0230048056692,-0.3748341943308,0.3748341943308
polar1m,67,20,H,13.15950302,15.22103088,13.84487224,1.0,0.407241,0.407241,0.041991289705,-0.36524971029500003,0.36524971029500003
polar1m,67,21,O,14.32631676,11.33427613,11.47735043,-2.0,1.27026,-0.72974,-0.0110749751329,0.7186650248671,0.7186650248671
polar1m,67,22,H,13.16884995,12.72225578,14.65557088,1.0,0.376568,0.376568,0.0221198946238,-0.35444810537620003,0.35444810537620003
polar1m,67,23,O,12.79630818,11.97784998,15.147275,-2.0,1.245251,-0.7547489999999999,-0.0320469290018,0.7227020709981999,0.7227020709981999
polar1m,67,24,H,11.17813127,10.25845523,13.15231287,1.0,0.423631,0.423631,0.0252733714879,-0.3983576285121,0.3983576285121
polar1m,67,25,H,11.43913608,14.89814094,10.19293948,1.0,0.384158,0.384158,0.0215798597783,-0.3625781402217,0.3625781402217
polar1m,67,26,H,13.39671538,13.50758393,13.39039792,1.0,0.363945,0.363945,0.0189053118229,-0.3450396881771,0.3450396881771
polar1m,67,27,H,13.10703504,11.94987796,10.55297127,1.0,0.408345,0.408345,0.0445601604879,-0.3637848395121,0.3637848395121
polar1m,67,28,O,8.25125493,11.33340694,9.06381752,-2.0,1.296003,-0.703997,-0.0348796397448,0.6691173602552,0.6691173602552
polar1m,67,29,H,12.68163739,9.31858702,11.95162132,1.0,0.347295,0.347295,0.0129496119916,-0.3343453880084,0.3343453880084
polar1m,67,30,O,12.1245828,10.1338244,13.27106533,-2.0,1.279414,-0.720586,-0.0139231458306,0.7066628541694,0.7066628541694
polar1m,67,31,H,12.27180079,14.28349785,11.41254543,1.0,0.361351,0.361351,0.00808081775904,-0.35327018224095996,0.35327018224095996
polar1m,67,32,H,11.51553365,13.61473411,15.10891338,1.0,0.414374,0.414374,0.0236032642424,-0.3907707357576,0.3907707357576
polar1m,67,33,H,10.47474329,12.48113654,14.88788113,1.0,0.421138,0.421138,0.024258941412,-0.396879058588,0.396879058588
polar1m,68,0,O,9.87066595,13.53225802,11.85714538,-2.0,1.202351,-0.797649,-0.0415861308575,0.7560628691425001,0.7560628691425001
polar1m,68,1,H,13.50638837,8.1641222,11.03815495,1.0,0.392254,0.392254,0.0308441743255,-0.3614098256745,0.3614098256745
polar1m,68,2,H,9.29738587,10.99101727,12.62612164,1.0,0.383371,0.383371,0.0299225561321,-0.35344844386790003,0.35344844386790003
polar1m,68,3,O,12.32434071,12.64336877,10.45466693,-2.0,1.371956,-0.628044,0.199933379889,0.827977379889,0.827977379889
polar1m,68,4,H,12.10159452,10.85786884,13.76501512,1.0,0.38946,0.38946,0.0263884551823,-0.3630715448177,0.3630715448177
polar1m,68,5,H,12.00662165,11.19954907,9.4524055,1.0,0.346139,0.346139,0.0298508927226,-0.3162881072774,0.3162881072774
polar1m,68,6,H,12.0,12.0,12.0,1.0,0.371969,0.371969,0.451232999563,0.07926399956300001,0.07926399956300001
polar1m,68,7,H,10.7991608,13.50306477,11.86003632,1.0,0.368054,0.368054,0.0148554742336,-0.3531985257664,0.3531985257664
polar1m,68,8,H,14.58535228,10.5327708,11.51843582,1.0,0.415999,0.415999,0.0300855375826,-0.3859134624174,0.3859134624174
polar1m,68,9,H,11.74302481,12.80780525,9.73348587,1.0,0.449085,0.449085,0.0408005863428,-0.40828441365720003,0.40828441365720003
polar1m,68,10,O,9.56050603,11.34121914,13.59302654,-2.0,1.291585,-0.708415,-0.00160147249699,0.70681352750301,0.70681352750301
polar1m,68,11,H,9.63000652,12.71104933,11.65052828,1.0,0.410961,0.410961,0.0204302761704,-0.3905307238296,0.3905307238296
polar1m,68,12,O,10.97625869,10.94164933,9.76849128,-2.0,1.257609,-0.742391,-0.0382072404027,0.7041837595973001,0.7041837595973001
polar1m,68,13,H,11.81194595,12.34908726,14.78839828,1.0,0.364024,0.364024,0.0284539796412,-0.3355700203588,0.3355700203588
polar1m,68,14,O,12.74894106,14.31892568,13.01683212,-2.0,1.23318,-0.7668200000000001,-0.0144129768014,0.7524070231986001,0.7524070231986001
polar1m,68,15,O,10.65259756,13.45708542,14.49820859,-2.0,1.224061,-0.7759389999999999,-0.0382383093238,0.7377006906761999,0.7377006906761999
polar1m,68,16,O,13.07565792,9.02176044,10.66922607,-2.0,1.231093,-0.768907,-0.0615896061063,0.7073173938937,0.7073173938937
polar1m,68,17,O,11.86125134,15.1878777,10.70104872,-2.0,1.166476,-0.8335239999999999,-0.0427311360836,0.7907928639163999,0.7907928639163999
polar1m,68,18,H,8.82034441,10.9983941,14.09726133,1.0,0.454049,0.454049,0.034764546901,-0.419284453099,0.419284453099
polar1m,68,19,H,10.42517237,10.96695929,8.92488737,1.0,0.417238,0.417238,0.033428311348,-0.383809688652,0.383809688652
polar1m,68,20,H,14.51949293,11.74811524,12.04743721,1.0,0.394498,0.394498,0.0254510343075,-0.3690469656925,0.3690469656925
polar1m,68,21,H,13.19121802,15.0442541,13.38674388,1.0,0.463391,0.463391,0.035647533834,-0.427743466166,0.427743466166
polar1m,68,22,O,14.3265821,11.42831468,11.13262123,-2.0,1.264183,-0.7358169999999999,-0.0138291120529,0.7219878879470999,0.7219878879470999
polar1m,68,23,H,13.1719618,12.8595258,14.31694447,1.0,0.34972,0.34972,0.0274862088263,-0.3222337911737,0.3222337911737
polar1m,68,24,O,12.80774934,12.04975712,14.8229822,-2.0,1.294603,-0.705397,-0.0416341945529,0.6637628054471001,0.6637628054471001
polar1m,68,25,H,11.20796277,10.37544024,12.71204499,1.0,0.413804,0.413804,0.0290140584111,-0.3847899415889,0.3847899415889
polar1m,68,26,H,11.47793556,14.89883615,9.90356353,1.0,0.406196,0.406196,0.0259095933288,-0.3802864066712,0.3802864066712
polar1m,68,27,H,13.29602373,13.6123995,13.08726309,1.0,0.390666,0.390666,0.0210133492947,-0.3696526507053,0.3696526507053
polar1m,68,28,H,12.9552937,12.03166954,10.29539447,1.0,0.431983,0.431983,0.0343178324401,-0.3976651675599,0.3976651675599
polar1m,68,29,H,12.69785832,9.52546427,11.63355225,1.0,0.313866,0.313866,0.0148426890373,-0.29902331096269996,0.29902331096269996
polar1m,68,30,O,12.12279776,10.25539833,12.93018509,-2.0,1.379141,-0.620859,0.0438756495714,0.6647346495714,0.6647346495714
polar1m,68,31,H,12.32374101,14.4349033,10.92536321,1.0,0.384416,0.384416,0.0115633383393,-0.37285266166069997,0.37285266166069997
polar1m,68,32,H,11.5640263,13.6810129,14.81044771,1.0,0.394907,0.394907,0.0305721927434,-0.3643348072566,0.3643348072566
polar1m,68,33,H,10.3491776,12.5198202,14.47810498,1.0,0.37771,0.37771,0.0231455601752,-0.3545644398248,0.3545644398248
polar1m,69,0,O,9.83551419,13.59771274,11.56961894,-2.0,1.324601,-0.6753990000000001,-0.0456397160888,0.6297592839112001,0.6297592839112001
polar1m,69,1,H,13.52185766,8.17863148,10.62070367,1.0,0.413574,0.413574,0.0331389978528,-0.3804350021472,0.3804350021472
polar1m,69,2,H,9.3264591,11.22993256,12.37437381,1.0,0.404028,0.404028,0.0300081819296,-0.3740198180704,0.3740198180704
polar1m,69,3,H,10.10322101,13.66817363,7.33308515,1.0,0.44008,0.44008,0.0327644646168,-0.40731553538320003,0.40731553538320003
polar1m,69,4,O,12.29682196,12.68624218,10.15985429,-2.0,1.337539,-0.662461,0.0218949615955,0.6843559615954999,0.6843559615954999
polar1m,69,5,O,15.12498797,11.77353483,13.55144175,-2.0,1.312119,-0.687881,-0.0270143076777,0.6608666923223,0.6608666923223
polar1m,69,6,H,12.03083245,10.95573673,13.43753999,1.0,0.392458,0.392458,0.0294641777873,-0.3629938222127,0.3629938222127
polar1m,69,7,H,11.65282893,11.16600802,9.18149051,1.0,0.453091,0.453091,0.0305117443204,-0.42257925567960003,0.42257925567960003
polar1m,69,8,H,12.0,12.0,12.0,1.0,0.34176,0.34176,0.441471636295,0.09971163629500002,0.09971163629500002
polar1m,69,9,H,10.84046928,13.50970506,11.72724251,1.0,0.338405,0.338405,0.013640999794,-0.324764000206,0.324764000206
polar1m,69,10,H,14.63080777,10.66435437,11.2334748,1.0,0.428668,0.428668,0.0342554710805,-0.3944125289195,0.3944125289195
polar1m,69,11,H,11.61328435,12.81853918,9.49828121,1.0,0.400714,0.400714,0.0298446789384,-0.37086932106160003,0.37086932106160003
polar1m,69,12,O,9.78312292,6.82620056,9.13121397,-2.0,1.145872,-0.854128,-0.251234740019,0.602893259981,0.602893259981
polar1m,69,13,O,9.52726349,11.38069935,13.32701899,-2.0,1.267594,-0.7324059999999999,0.00858624279499,0.7409922427949899,0.7409922427949899
polar1m,69,14,H,9.53554585,12.65720257,11.19771431,1.0,0.32541,0.32541,0.0223462004215,-0.3030637995785,0.3030637995785
polar1m,69,15,O,10.90841616,10.97726026,9.50903559,-2.0,1.316811,-0.683189,0.0364417880774,0.7196307880774,0.7196307880774
polar1m,69,16,H,11.82074091,12.43764223,14.55396808,1.0,0.360856,0.360856,0.0249093137681,-0.3359466862319,0.3359466862319
polar1m,69,17,O,12.68159824,14.35888817,12.76502594,-2.0,1.267425,-0.732575,-0.0186678692698,0.7139071307302,0.7139071307302
polar1m,69,18,H,10.05472195,7.21981921,8.19900581,1.0,0.330842,0.330842,0.0274793766439,-0.30336262335610004,0.30336262335610004
polar1m,69,19,O,10.61750197,13.50575344,14.20897252,-2.0,1.221952,-0.7780480000000001,-0.0516748204827,0.7263731795173001,0.7263731795173001
polar1m,69,20,O,13.0723142,9.06070301,10.37027107,-2.0,1.214571,-0.7854289999999999,-0.036395765841,0.7490332341589999,0.7490332341589999
polar1m,69,21,O,11.78594578,15.24715292,10.40881819,-2.0,1.235858,-0.7641420000000001,-0.049114830792,0.7150271692080001,0.7150271692080001
polar1m,69,22,H,8.88759438,10.98590491,13.81853093,1.0,0.481664,0.481664,0.0358449220657,-0.4458190779343,0.4458190779343
polar1m,69,23,H,10.30599916,10.9216732,8.50445604,1.0,0.405662,0.405662,0.0569835603237,-0.3486784396763,0.3486784396763
polar1m,69,24,H,14.5215936,11.58405622,11.84151354,1.0,0.377977,0.377977,0.0281976275146,-0.34977937248540003,0.34977937248540003
polar1m,69,25,H,13.33761344,14.93783801,13.00232442,1.0,0.46385,0.46385,0.0338809266686,-0.4299690733314,0.4299690733314
polar1m,69,26,H,10.95487259,9.76176682,10.2520469,1.0,0.323459,0.323459,0.0327795222402,-0.2906794777598,0.2906794777598
polar1m,69,27,O,14.31175383,11.4706286,10.85187861,-2.0,1.253329,-0.7466710000000001,-0.0269195213914,0.7197514786086001,0.7197514786086001
polar1m,69,28,O,10.79006979,13.40838737,8.02380218,-2.0,1.213864,-0.786136,-0.0126666277647,0.7734693722353,0.7734693722353
polar1m,69,29,H,10.46650839,7.63869387,9.71210449,1.0,0.336558,0.336558,0.0228088051081,-0.3137491948919,0.3137491948919
polar1m,69,30,H,15.27405307,11.62846583,14.71035067,1.0,0.401517,0.401517,0.0412612482905,-0.3602557517095,0.3602557517095
polar1m,69,31,H,13.13170307,12.84270079,14.10282043,1.0,0.376909,0.376909,0.0252006612718,-0.3517083387282,0.3517083387282
polar1m,69,32,O,12.79490198,12.0831002,14.54634463,-2.0,1.25712,-0.74288,-0.0449799895287,0.6979000104713,0.6979000104713
polar1m,69,33,H,11.16858295,10.43186228,12.29661722,1.0,0.386535,0.386535,0.0331191644073,-0.3534158355927,0.3534158355927
polar1m,69,34,O,10.50767869,8.70459008,10.45008192,-2.0,1.341803,-0.6581969999999999,0.0557562559843,0.7139532559842999,0.7139532559842999
polar1m,69,35,H,11.44862533,14.86860026,9.61604839,1.0,0.359551,0.359551,0.0249174535275,-0.3346335464725,0.3346335464725
polar1m,69,36,H,13.30796444,13.57879941,12.79345038,1.0,0.34681,0.34681,0.0185007229447,-0.3283092770553,0.3283092770553
polar1m,69,37,H,12.94748111,11.96211047,10.06561931,1.0,0.403186,0.403186,0.0264070928097,-0.3767789071903,0.3767789071903
polar1m,69,38,H,12.7911818,9.5615849,11.15332501,1.0,0.34929,0.34929,0.00993037596345,-0.33935962403655,0.33935962403655
polar1m,69,39,H,14.47897388,11.05023226,13.15165428,1.0,0.337236,0.337236,0.0206675231457,-0.3165684768543,0.3165684768543
polar1m,69,40,O,12.10138665,10.33760539,12.64720218,-2.0,1.432555,-0.567445,0.157210677862,0.7246556778619999,0.7246556778619999
polar1m,69,41,H,12.44572858,14.45036224,10.56315382,1.0,0.350252,0.350252,0.0141638293862,-0.33608817061380003,0.33608817061380003
polar1m,69,42,H,10.25109269,8.67444446,11.45966857,1.0,0.352076,0.352076,0.0270310901105,-0.3250449098895,0.3250449098895
polar1m,69,43,H,10.93682085,14.20616561,8.46396984,1.0,0.413536,0.413536,0.0294656828046,-0.3840703171954,0.3840703171954
polar1m,69,44,H,11.50888749,13.74324618,14.58328672,1.0,0.397823,0.397823,0.031168743968,-0.36665425603199997,0.36665425603199997
polar1m,69,45,H,10.20392683,12.53004572,14.08766644,1.0,0.363209,0.363209,0.0222540721297,-0.3409549278703,0.3409549278703
polar1m,70,0,O,11.06845769,12.03935615,12.36774247,-2.0,1.277528,-0.722472,-0.0449051856995,0.6775668143005,0.6775668143005
polar1m,70,1,H,10.65500626,8.07219691,8.02237101,1.0,0.402773,0.402773,0.0106660090387,-0.3921069909613,0.3921069909613
polar1m,70,2,H,9.85147959,9.55651975,14.17339894,1.0,0.480877,0.480877,0.0339797288179,-0.4468972711821,0.4468972711821
polar1m,70,3,H,11.00843695,9.55782305,9.87460553,1.0,0.382708,0.382708,0.0333682447672,-0.3493397552328,0.3493397552328
polar1m,70,4,H,11.49249953,12.64112489,13.07250006,1.0,0.379305,0.379305,0.0199396312237,-0.3593653687763,0.3593653687763
polar1m,70,5,O,11.9941028,14.23647569,11.37222738,-2.0,1.135655,-0.8643449999999999,-0.0591495707631,0.8051954292368999,0.8051954292368999
polar1m,70,6,H,11.58379608,10.38936246,13.53099479,1.0,0.421942,0.421942,0.0873460918665,-0.3345959081335,0.3345959081335
polar1m,70,7,H,9.97333857,10.07049141,9.44395294,1.0,0.369229,0.369229,0.0379175245762,-0.33131147542379996,0.33131147542379996
polar1m,70,8,H,10.08901761,13.2712027,9.60978159,1.0,0.390447,0.390447,0.0191823597997,-0.3712646402003,0.3712646402003
polar1m,70,9,O,13.36506639,9.92351153,12.40006824,-2.0,1.254558,-0.7454419999999999,-0.0338711887598,0.7115708112401999,0.7115708112401999
polar1m,70,10,H,13.46133305,12.33971658,9.99609109,1.0,0.417047,0.417047,0.0226316992193,-0.3944153007807,0.3944153007807
polar1m,70,11,H,12.56183198,11.00630593,10.78732193,1.0,0.357222,0.357222,0.0299241095781,-0.3272978904219,0.3272978904219
polar1m,70,12,O,10.53607183,9.87335864,13.51415471,-2.0,1.44225,-0.55775,0.720424771309,1.278174771309,1.278174771309
polar1m,70,13,H,13.91723915,11.77366985,13.02701707,1.0,0.42527,0.42527,0.0169712789357,-0.4082987210643,0.4082987210643
polar1m,70,14,O,13.29678767,11.86975278,10.82446663,-2.0,1.27746,-0.72254,-0.0322872549295,0.6902527450704999,0.6902527450704999
polar1m,70,15,H,10.46755748,12.17784901,10.66103566,1.0,0.349132,0.349132,0.0121536441147,-0.3369783558853,0.3369783558853
polar1m,70,16,H,11.24616913,7.31356989,11.01688051,1.0,0.454163,0.454163,0.0150291603059,-0.43913383969409997,0.43913383969409997
polar1m,70,17,H,10.22519804,9.53133517,12.57076199,1.0,0.447661,0.447661,0.0426928214729,-0.4049681785271,0.4049681785271
polar1m,70,18,O,11.11583146,7.84064116,8.75500435,-2.0,0.974835,-1.0251649999999999,-0.782307863235,0.24285713676499987,0.24285713676499987
polar1m,70,19,O,13.49439469,12.45608627,13.46847601,-2.0,1.154956,-0.8450439999999999,-0.0316995494068,0.8133444505931999,0.8133444505931999
polar1m,70,20,H,11.06397681,8.40033361,10.13351239,1.0,0.321712,0.321712,0.0249406546354,-0.2967713453646,0.2967713453646
polar1m,70,21,O,9.6762829,12.79474871,10.35976569,-2.0,1.194327,-0.8056730000000001,-0.0625561028719,0.7431168971281001,0.7431168971281001
polar1m,70,22,O,10.82195588,10.4239787,10.21040158,-2.0,1.263345,-0.7366550000000001,-0.0387323573232,0.6979226426768,0.6979226426768
polar1m,70,23,H,12.0,12.0,12.0,1.0,0.356996,0.356996,0.0208475440741,-0.3361484559259,0.3361484559259
polar1m,70,24,H,12.68832276,9.817804,13.04568737,1.0,0.350663,0.350663,0.0180568546057,-0.3326061453943,0.3326061453943
polar1m,70,25,H,13.94380678,13.27339296,13.56299905,1.0,0.441144,0.441144,0.0204998608679,-0.42064413913209997,0.42064413913209997
polar1m,70,26,H,12.80830792,9.18817689,11.93674557,1.0,0.391565,0.391565,0.0216901265085,-0.3698748734915,0.3698748734915
polar1m,70,27,O,11.562648,8.10281094,11.13383991,-2.0,1.111944,-0.888056,-0.155080929399,0.732975070601,0.732975070601
polar1m,70,28,H,11.27101955,13.79043081,11.51967595,1.0,0.420046,0.420046,0.0152164287865,-0.4048295712135,0.4048295712135
polar1m,70,29,H,12.863536,13.64379184,11.23451756,1.0,0.353239,0.353239,0.0171114876866,-0.33612751231340005,0.33612751231340005
polar1m,71,0,O,10.79671108,12.18459416,12.4691528,-2.0,1.281834,-0.7181660000000001,-0.187180191278,0.5309858087220001,0.5309858087220001
polar1m,71,1,H,8.0794206,10.61621784,12.81648525,1.0,0.463802,0.463802,0.0308630913496,-0.43293890865039997,0.43293890865039997
polar1m,71,2,H,9.61293826,9.6353992,14.20562472,1.0,0.455002,0.455002,0.0364130288363,-0.41858897116370003,0.41858897116370003
polar1m,71,3,H,10.78801206,9.79406121,9.85593157,1.0,0.363818,0.363818,0.0232498385012,-0.3405681614988,0.3405681614988
polar1m,71,4,H,11.35261571,12.67879971,13.20266196,1.0,0.363204,0.363204,0.0258652232587,-0.33733877674130003,0.33733877674130003
polar1m,71,5,O,11.74585179,14.36005725,11.44817239,-2.0,1.168505,-0.8314950000000001,-0.0572461299598,0.7742488700402,0.7742488700402
polar1m,71,6,H,11.29609941,10.5616693,13.47184156,1.0,0.388278,0.388278,0.0665566027164,-0.3217213972836,0.3217213972836
polar1m,71,7,H,8.22486188,9.71237196,7.88281452,1.0,0.430585,0.430585,0.0329330079257,-0.3976519920743,0.3976519920743
polar1m,71,8,O,8.18932973,9.97962669,12.08657576,-2.0,1.212079,-0.7879210000000001,0.000464461743832,0.7883854617438321,0.7883854617438321
polar1m,71,9,H,9.60953602,10.13000759,9.53926824,1.0,0.329151,0.329151,0.0798771604896,-0.24927383951040002,0.24927383951040002
polar1m,71,10,H,9.79354687,13.55283743,9.73601254,1.0,0.421221,0.421221,0.0252807959914,-0.3959402040086,0.3959402040086
polar1m,71,11,O,13.08620553,10.11657138,12.46344099,-2.0,1.332875,-0.667125,-0.0437616407871,0.6233633592129,0.6233633592129
polar1m,71,12,H,13.05871933,12.31958469,10.06739108,1.0,0.474211,0.474211,0.028171338141,-0.446039661859,0.446039661859
polar1m,71,13,H,12.50565191,11.26681331,10.80566481,1.0,0.411618,0.411618,0.0182616040111,-0.3933563959889,0.3933563959889
polar1m,71,14,O,10.30463782,10.03143299,13.56877654,-2.0,1.437616,-0.562384,0.499427348375,1.061811348375,1.061811348375
polar1m,71,15,H,13.68630687,11.85769583,13.04570875,1.0,0.393187,0.393187,0.0205897316337,-0.3725972683663,0.3725972683663
polar1m,71,16,O,13.02403828,12.01987462,10.87664729,-2.0,1.223458,-0.7765420000000001,0.0435888171196,0.8201308171196,0.8201308171196
polar1m,71,17,H,8.8013069,9.91869462,11.43145235,1.0,0.4123,0.4123,0.0208403971046,-0.3914596028954,0.3914596028954
polar1m,71,18,H,10.20124892,12.48340583,10.60229684,1.0,0.39509,0.39509,0.0105019025505,-0.3845880974495,0.3845880974495
polar1m,71,19,H,10.94659356,7.38201417,11.07120228,1.0,0.439757,0.439757,0.0259366370738,-0.4138203629262,0.4138203629262
polar1m,71,20,H,9.85801741,9.71867387,12.33657261,1.0,0.367173,0.367173,0.174269556999,-0.192903443001,0.192903443001
polar1m,71,21,O,13.23385627,12.58066726,13.56088624,-2.0,1.22729,-0.77271,-0.0224107429385,0.7502992570615,0.7502992570615
polar1m,71,22,O,8.50260798,10.35826568,8.66940851,-2.0,1.35407,-0.6459299999999999,0.132729679346,0.7786596793459999,0.7786596793459999
polar1m,71,23,H,10.9741848,8.545187,10.34941097,1.0,0.374078,0.374078,0.0255345180631,-0.34854348193690005,0.34854348193690005
polar1m,71,24,H,7.80636234,10.27107114,9.31598534,1.0,0.449087,0.449087,0.0292331315577,-0.4198538684423,0.4198538684423
polar1m,71,25,O,9.4728738,12.96632725,10.40738525,-2.0,1.158957,-0.841043,-0.0501360073686,0.7909069926314,0.7909069926314
polar1m,71,26,O,10.55069885,10.58047922,10.2947989,-2.0,1.238777,-0.761223,-0.196831479669,0.5643915203309999,0.5643915203309999
polar1m,71,27,H,12.0,12.0,12.0,1.0,0.306101,0.306101,0.0900806412101,-0.2160203587899,0.2160203587899
polar1m,71,28,H,12.30022033,9.9662295,13.15465181,1.0,0.319412,0.319412,0.0282846689224,-0.29112733107759997,0.29112733107759997
polar1m,71,29,H,13.727229,13.43933365,13.5047657,1.0,0.422603,0.422603,0.0293072871864,-0.3932957128136,0.3932957128136
polar1m,71,30,H,12.45634305,9.3017831,11.92834256,1.0,0.347191,0.347191,0.0251171961427,-0.3220738038573,0.3220738038573
polar1m,71,31,O,11.35029698,8.26865553,11.24770681,-2.0,1.300186,-0.6998139999999999,-0.00649286061525,0.6933211393847499,0.6933211393847499
polar1m,71,32,H,10.84454195,13.8473088,11.55267008,1.0,0.369983,0.369983,0.0205501057208,-0.3494328942792,0.3494328942792
polar1m,71,33,H,12.61483482,13.85816734,11.45965601,1.0,0.3675,0.3675,0.0201312527061,-0.3473687472939,0.3473687472939
polar1m,72,0,O,10.86089169,12.26901195,12.47920248,-2.0,1.245585,-0.7544150000000001,-0.137063711882,0.6173512881180001,0.6173512881180001
polar1m,72,1,H,8.23267592,10.71676495,12.85571874,1.0,0.446961,0.446961,0.029765881598,-0.417195118402,0.417195118402
polar1m,72,2,H,9.76101812,9.66909212,14.12918202,1.0,0.480806,0.480806,0.0362504571676,-0.4445555428324,0.4445555428324
polar1m,72,3,H,11.00484911,9.91244165,9.6990946,1.0,0.363863,0.363863,0.0209925938398,-0.3428704061602,0.3428704061602
polar1m,72,4,H,11.41512649,12.6135399,13.16725109,1.0,0.389888,0.389888,0.0233073160052,-0.36658068399480004,0.36658068399480004
polar1m,72,5,O,11.80398151,14.42543501,11.42469156,-2.0,1.133908,-0.8660920000000001,-0.0650428980589,0.8010491019411001,0.8010491019411001
polar1m,72,6,H,11.09979291,10.66383468,13.3694604,1.0,0.421597,0.421597,0.0324245020747,-0.3891724979253,0.3891724979253
polar1m,72,7,H,8.31010345,9.66610504,7.96342288,1.0,0.430741,0.430741,0.033785764128,-0.396955235872,0.396955235872
polar1m,72,8,O,8.24875239,10.10380252,12.05765706,-2.0,1.31232,-0.6876800000000001,0.0792533755302,0.7669333755302,0.7669333755302
polar1m,72,9,H,9.60340359,10.28278049,9.60963546,1.0,0.335161,0.335161,0.0548285096884,-0.2803324903116,0.2803324903116
polar1m,72,10,H,9.77337415,13.79639594,9.72133381,1.0,0.418518,0.418518,0.025873016566,-0.392644983434,0.392644983434
polar1m,72,11,O,13.10059004,10.23314444,12.43108157,-2.0,1.331882,-0.668118,-0.0138798207045,0.6542381792955,0.6542381792955
polar1m,72,12,H,12.98241689,12.38053777,9.77076989,1.0,0.387575,0.387575,0.0329513400793,-0.3546236599207,0.3546236599207
polar1m,72,13,H,12.6778513,11.28703658,10.67996378,1.0,0.402686,0.402686,0.0159211941063,-0.3867648058937,0.3867648058937
polar1m,72,14,O,10.38373032,10.12474936,13.5179127,-2.0,1.35541,-0.64459,0.415122449398,1.059712449398,1.059712449398
polar1m,72,15,H,13.74043757,11.94872508,13.01814958,1.0,0.39143,0.39143,0.0194858387113,-0.3719441612887,0.3719441612887
polar1m,72,16,O,13.06763212,12.10811863,10.85238914,-2.0,1.320729,-0.679271,0.0205162763596,0.6997872763595999,0.6997872763595999
polar1m,72,17,H,8.87680707,10.23849803,11.19781246,1.0,0.373771,0.373771,0.028624439612,-0.345146560388,0.345146560388
polar1m,72,18,H,10.37138709,12.56953598,10.48999356,1.0,0.375506,0.375506,0.0114031359553,-0.3641028640447,0.3641028640447
polar1m,72,19,H,9.85426653,9.90207914,12.21290594,1.0,0.371103,0.371103,0.234068751335,-0.13703424866500002,0.13703424866500002
polar1m,72,20,O,13.28751874,12.64230532,13.55959671,-2.0,1.238007,-0.7619929999999999,-0.0239423960447,0.7380506039552999,0.7380506039552999
polar1m,72,21,O,8.59358004,10.41376916,8.67380339,-2.0,1.342464,-0.6575359999999999,0.127030000091,0.7845660000909999,0.7845660000909999
polar1m,72,22,H,7.88394248,10.344829,9.25178412,1.0,0.458795,0.458795,0.026767089963,-0.43202791003700003,0.43202791003700003
polar1m,72,23,O,9.5735834,13.07904913,10.35713258,-2.0,1.195049,-0.804951,-0.0479251407087,0.7570258592913,0.7570258592913
polar1m,72,24,O,10.57657813,10.67183748,10.27735868,-2.0,1.272419,-0.727581,-0.158059462905,0.569521537095,0.569521537095
polar1m,72,25,H,12.0,12.0,12.0,1.0,0.302791,0.302791,0.0690425336361,-0.23374846636389998,0.23374846636389998
polar1m,72,26,H,12.43133579,10.06106502,13.13060482,1.0,0.377948,0.377948,0.0200208760798,-0.3579271239202,0.3579271239202
polar1m,72,27,H,13.76998652,13.48687652,13.33520033,1.0,0.415832,0.415832,0.0284372288734,-0.3873947711266,0.3873947711266
polar1m,72,28,H,12.52647535,9.47302428,11.85996858,1.0,0.35347,0.35347,0.0208982974291,-0.3325717025709,0.3325717025709
polar1m,72,29,H,10.88386279,13.83010569,11.49130657,1.0,0.353414,0.353414,0.0212475806475,-0.3321664193525,0.3321664193525
polar1m,72,30,H,12.57421624,14.01718606,11.63935035,1.0,0.400372,0.400372,0.0178949888796,-0.3824770111204,0.3824770111204
polar1m,73,0,O,11.21880244,12.27799004,12.42627091,-2.0,1.256673,-0.7433270000000001,-0.036063157022,0.707263842978,0.707263842978
polar1m,73,1,H,10.23379432,9.65202468,14.01588334,1.0,0.513548,0.513548,0.0340861007571,-0.4794618992429,0.4794618992429
polar1m,73,2,H,11.4775736,10.0656146,9.55582483,1.0,0.363582,0.363582,0.0234523396939,-0.34012966030610003,0.34012966030610003
polar1m,73,3,H,11.74709602,12.54311747,13.15737172,1.0,0.406256,0.406256,0.0255034416914,-0.3807525583086,0.3807525583086
polar1m,73,4,O,12.11820148,14.42745478,11.3380536,-2.0,1.179038,-0.820962,-0.0543538331985,0.7666081668015,0.7666081668015
polar1m,73,5,H,11.25244047,10.88363505,13.23688614,1.0,0.423079,0.423079,0.0348987877369,-0.38818021226309996,0.38818021226309996
polar1m,73,6,H,8.7622388,9.65911126,8.06159945,1.0,0.45259,0.45259,0.0250193178654,-0.4275706821346,0.4275706821346
polar1m,73,7,H,9.98089472,10.47498391,9.67570113,1.0,0.375961,0.375961,0.0192302316427,-0.3567307683573,0.3567307683573
polar1m,73,8,H,9.99780905,13.92961397,9.64578375,1.0,0.412324,0.412324,0.0254277344793,-0.3868962655207,0.3868962655207
polar1m,73,9,O,13.38306387,10.26847522,12.33547771,-2.0,1.221473,-0.778527,-0.0173265114427,0.7612004885572999,0.7612004885572999
polar1m,73,10,H,13.22117105,12.40064536,9.63750621,1.0,0.35499,0.35499,0.0327419936657,-0.3222480063343,0.3222480063343
polar1m,73,11,H,13.04919695,11.08732251,10.50371348,1.0,0.315092,0.315092,0.0212001465261,-0.2938918534739,0.2938918534739
polar1m,73,12,O,10.72522349,10.1337473,13.40160303,-2.0,1.387915,-0.612085,0.650980830193,1.263065830193,1.263065830193
polar1m,73,13,H,14.03572306,12.00658048,12.97537222,1.0,0.421312,0.421312,0.0172540508211,-0.40405794917890003,0.40405794917890003
polar1m,73,14,O,13.39221751,12.13453229,10.75624643,-2.0,1.387187,-0.612813,-0.0243454128504,0.5884675871496,0.5884675871496
polar1m,73,15,H,10.83241825,12.51949538,10.30794658,1.0,0.336762,0.336762,0.0135237798095,-0.3232382201905,0.3232382201905
polar1m,73,16,H,10.12843968,10.03444965,12.16276852,1.0,0.421392,0.421392,0.177193015814,-0.244198984186,0.244198984186
polar1m,73,17,O,13.62336636,12.63570629,13.50061862,-2.0,1.200129,-0.799871,-0.025838367641,0.774032632359,0.774032632359
polar1m,73,18,O,8.96278683,10.39383822,8.61241876,-2.0,1.295169,-0.704831,0.00940594822168,0.7142369482216799,0.7142369482216799
polar1m,73,19,H,8.13795894,10.35141228,9.23399168,1.0,0.414526,0.414526,0.0260546654463,-0.3884713345537,0.3884713345537
polar1m,73,20,O,9.95042525,13.12369983,10.24737278,-2.0,1.219342,-0.7806580000000001,-0.0531449653208,0.7275130346792,0.7275130346792
polar1m,73,21,O,10.87289452,10.68068854,10.19014327,-2.0,1.281398,-0.718602,-0.0386061966419,0.6799958033581,0.6799958033581
polar1m,73,22,H,12.0,12.0,12.0,1.0,0.374296,0.374296,0.0188757143915,-0.35542028560850003,0.35542028560850003
polar1m,73,23,H,12.9403166,10.07944784,13.10963256,1.0,0.416973,0.416973,0.0171221476048,-0.39985085239519996,0.39985085239519996
polar1m,73,24,H,14.03032023,13.40783454,13.11851489,1.0,0.425362,0.425362,0.0272865071893,-0.39807549281070004,0.39807549281070004
polar1m,73,25,H,12.94803297,9.66770191,11.76895947,1.0,0.414186,0.414186,0.0174811556935,-0.3967048443065,0.3967048443065
polar1m,73,26,H,11.41703735,13.80954948,11.38355924,1.0,0.384556,0.384556,0.0141924526542,-0.3703635473458,0.3703635473458
polar1m,73,27,H,12.90305748,14.01185971,11.82364383,1.0,0.344888,0.344888,0.0187480598688,-0.32613994013119996,0.32613994013119996
polar1m,74,0,O,11.41816859,12.37140629,12.58391174,-2.0,1.335244,-0.6647559999999999,0.198752239347,0.8635082393469999,0.8635082393469999
polar1m,74,1,H,9.03744377,10.86845461,12.80655726,1.0,0.426882,0.426882,0.027178786695,-0.39970321330499997,0.39970321330499997
polar1m,74,2,H,10.51391628,9.69232283,14.19999567,1.0,0.456694,0.456694,0.0330059528351,-0.4236880471649,0.4236880471649
polar1m,74,3,H,11.68689705,10.4002532,9.71671143,1.0,0.43333,0.43333,0.025581266731,-0.407748733269,0.407748733269
polar1m,74,4,H,11.94594202,12.64965218,13.44912473,1.0,0.4129,0.4129,0.0447528287768,-0.3681471712232,0.3681471712232
polar1m,74,5,O,12.29155279,14.52036173,11.45438943,-2.0,1.219123,-0.780877,-0.0555455349386,0.7253314650614,0.7253314650614
polar1m,74,6,H,11.3165075,11.33838816,13.33052075,1.0,0.374477,0.374477,0.0788941979408,-0.2955828020592,0.2955828020592
polar1m,74,7,O,8.80038945,10.29745703,12.07211074,-2.0,1.314724,-0.685276,0.0312002748251,0.7164762748251,0.7164762748251
polar1m,74,8,H,10.25005034,10.77382701,9.91600933,1.0,0.461481,0.461481,0.0248589273542,-0.4366220726458,0.4366220726458
polar1m,74,9,H,10.0751719,14.04835808,9.79332273,1.0,0.443478,0.443478,0.025853458792,-0.41762454120799997,0.41762454120799997
polar1m,74,10,O,13.52461525,10.39024604,12.44054313,-2.0,1.243567,-0.7564329999999999,-0.017513088882,0.7389199111179999,0.7389199111179999
polar1m,74,11,H,13.38317972,12.52087651,9.98632372,1.0,0.437189,0.437189,0.0234002582729,-0.4137887417271,0.4137887417271
polar1m,74,12,H,13.34159944,11.21717586,10.61690924,1.0,0.338633,0.338633,0.0219565704465,-0.3166764295535,0.3166764295535
polar1m,74,13,O,10.91061627,10.21568989,13.47344509,-2.0,1.332999,-0.667001,0.346565812826,1.013566812826,1.013566812826
polar1m,74,14,H,14.20755351,12.0337841,13.0794011,1.0,0.406758,0.406758,0.0185253769159,-0.3882326230841,0.3882326230841
polar1m,74,15,O,13.56110746,12.23009658,10.83888493,-2.0,1.281452,-0.718548,-0.0188948661089,0.6996531338911,0.6996531338911
polar1m,74,16,H,9.10119122,10.87030328,11.33602517,1.0,0.410576,0.410576,0.0266226232052,-0.3839533767948,0.3839533767948
polar1m,74,17,H,10.95707156,12.65810943,10.27119516,1.0,0.364671,0.364671,0.0137910582125,-0.35087994178750004,0.35087994178750004
polar1m,74,18,H,10.25932034,10.21212028,12.4429031,1.0,0.363065,0.363065,0.084365054965,-0.278699945035,0.278699945035
polar1m,74,19,O,13.80906111,12.71616695,13.64825112,-2.0,1.234748,-0.765252,-0.0221494585276,0.7431025414724001,0.7431025414724001
polar1m,74,20,O,10.18749267,13.24569315,10.33909953,-2.0,1.184456,-0.815544,-0.039665620774,0.775878379226,0.775878379226
polar1m,74,21,O,11.02725764,10.76511995,10.29784836,-2.0,1.196899,-0.8031010000000001,-0.00275492668152,0.8003460733184801,0.8003460733184801
polar1m,74,22,H,12.0,12.0,12.0,1.0,0.400019,0.400019,0.0275198295712,-0.3724991704288,0.3724991704288
polar1m,74,23,H,13.27470935,10.13345997,13.43448977,1.0,0.395988,0.395988,0.0250705592334,-0.3709174407666,0.3709174407666
polar1m,74,24,H,14.13647664,13.46579007,13.11935165,1.0,0.409814,0.409814,0.0265323091298,-0.38328169087020003,0.38328169087020003
polar1m,74,25,H,13.14599097,9.84849613,11.79798334,1.0,0.420035,0.420035,0.0199630223215,-0.4000719776785,0.4000719776785
polar1m,74,26,H,11.73312443,13.79567277,11.48837464,1.0,0.382509,0.382509,0.0111312456429,-0.37137775435709997,0.37137775435709997
polar1m,74,27,H,12.99972402,14.13665654,12.15913858,1.0,0.318287,0.318287,0.0210018269718,-0.2972851730282,0.2972851730282
polar1m,75,0,O,11.3643261,12.56704286,12.92945854,-2.0,1.394517,-0.605483,0.581181764603,1.186664764603,1.186664764603
polar1m,75,1,H,9.0502591,11.12170401,13.09496498,1.0,0.394717,0.394717,0.0246002338827,-0.3701167661173,0.3701167661173
polar1m,75,2,H,10.5301192,9.84977353,14.52692264,1.0,0.422122,0.422122,0.0315269529819,-0.3905950470181,0.3905950470181
polar1m,75,3,H,11.64173865,10.7993077,10.00299276,1.0,0.416205,0.416205,0.0215176418424,-0.3946873581576,0.3946873581576
polar1m,75,4,H,11.89940316,12.88914702,13.78863664,1.0,0.411587,0.411587,0.0431187562644,-0.3684682437356,0.3684682437356
polar1m,75,5,O,12.23954711,14.71445807,11.74431245,-2.0,1.210955,-0.789045,-0.0621700026095,0.7268749973905,0.7268749973905
polar1m,75,6,H,11.06091261,11.8050898,13.57523595,1.0,0.386047,0.386047,0.035928696394,-0.350118303606,0.350118303606
polar1m,75,7,H,9.14340034,9.69004614,8.62698351,1.0,0.423963,0.423963,0.0295235291123,-0.3944394708877,0.3944394708877
polar1m,75,8,O,8.77557875,10.5363852,12.33918482,-2.0,1.254736,-0.7452639999999999,-0.018218703568,0.7270452964319999,0.7270452964319999
polar1m,75,9,H,10.04525513,11.13699027,10.13882372,1.0,0.375984,0.375984,0.0240688808262,-0.3519151191738,0.3519151191738
polar1m,75,10,H,9.94329326,14.220968,10.07988948,1.0,0.451504,0.451504,0.0267742797732,-0.4247297202268,0.4247297202268
polar1m,75,11,O,13.43173375,10.61360575,12.7251438,-2.0,1.314832,-0.685168,-0.012481726706,0.672686273294,0.672686273294
polar1m,75,12,H,13.30614954,12.89127545,10.34556948,1.0,0.451299,0.451299,0.026606220752,-0.42469277924800003,0.42469277924800003
polar1m,75,13,H,13.43752351,11.58156891,10.9586365,1.0,0.442424,0.442424,0.02122618258,-0.42119781742,0.42119781742
polar1m,75,14,O,10.85399425,10.39678589,13.70375435,-2.0,1.277537,-0.7224630000000001,0.00806820392609,0.7305312039260901,0.7305312039260901
polar1m,75,15,H,14.09755705,12.12572162,13.36345504,1.0,0.381484,0.381484,0.0180840268731,-0.3633999731269,0.3633999731269
polar1m,75,16,O,13.48812889,12.40684757,11.09193697,-2.0,1.207345,-0.7926550000000001,-0.00319167226553,0.7894633277344701,0.7894633277344701
polar1m,75,17,H,8.76630855,11.28979195,11.77909295,1.0,0.417125,0.417125,0.0216072835028,-0.3955177164972,0.3955177164972
polar1m,75,18,H,10.81659507,12.90325964,10.33158611,1.0,0.400044,0.400044,0.0152215287089,-0.38482247129110003,0.38482247129110003
polar1m,75,19,H,10.21738721,10.39609118,13.03371051,1.0,0.405669,0.405669,0.023394331336,-0.382274668664,0.382274668664
polar1m,75,20,O,13.75678446,12.89414036,13.95941164,-2.0,1.255098,-0.744902,-0.0301155075431,0.7147864924569,0.7147864924569
polar1m,75,21,O,9.13647039,10.63461599,9.08380757,-2.0,1.268388,-0.7316119999999999,0.00774274766445,0.73935474766445,0.73935474766445
polar1m,75,22,H,8.38953469,10.6476375,9.58956155,1.0,0.451167,0.451167,0.0248710811138,-0.4262959188862,0.4262959188862
polar1m,75,23,O,10.18066897,13.46198692,10.6010383,-2.0,1.167485,-0.8325149999999999,-0.0315062180161,0.8010087819838999,0.8010087819838999
polar1m,75,24,O,10.9606935,10.95030882,10.58596781,-2.0,1.185271,-0.814729,-0.0464454516768,0.7682835483232,0.7682835483232
polar1m,75,25,H,12.0,12.0,12.0,1.0,0.361352,0.361352,0.106572955847,-0.254779044153,0.254779044153
polar1m,75,26,H,13.39115631,10.26532005,13.78390705,1.0,0.395209,0.395209,0.0307681187987,-0.36444088120129997,0.36444088120129997
polar1m,75,27,H,14.00187169,13.64483251,13.3377704,1.0,0.392713,0.392713,0.0246576741338,-0.3680553258662,0.3680553258662
polar1m,75,28,H,13.01636403,9.9944043,11.97267279,1.0,0.383143,0.383143,0.0248649511486,-0.3582780488514,0.3582780488514
polar1m,75,29,H,11.66793238,13.8058816,11.74057226,1.0,0.332245,0.332245,0.0144768506289,-0.31776814937110004,0.31776814937110004
polar1m,75,30,H,12.72745762,14.47440956,12.53127144,1.0,0.367832,0.367832,0.0177263375372,-0.3501056624628,0.3501056624628
polar1m,76,0,O,11.3568588,12.70704754,13.13460515,-2.0,1.339586,-0.6604140000000001,0.36894723773,1.02936123773,1.02936123773
polar1m,76,1,H,9.02205707,11.26896848,13.25361938,1.0,0.39526,0.39526,0.0239378735423,-0.3713221264577,0.3713221264577
polar1m,76,2,H,10.59415267,10.01331513,14.57586157,1.0,0.43126,0.43126,0.0260031484067,-0.4052568515933,0.4052568515933
polar1m,76,3,H,11.68530551,11.07193827,10.04316965,1.0,0.34397,0.34397,0.0218782965094,-0.3220917034906,0.3220917034906
polar1m,76,4,H,11.92049755,13.07829147,13.83661903,1.0,0.409234,0.409234,0.0295259654522,-0.3797080345478,0.3797080345478
polar1m,76,5,O,12.22471219,14.84404969,11.88824839,-2.0,1.194998,-0.805002,-0.0580741912127,0.7469278087873,0.7469278087873
polar1m,76,6,H,10.81643854,12.13012873,13.61833397,1.0,0.405997,0.405997,0.0233427062631,-0.3826542937369,0.3826542937369
polar1m,76,7,H,9.24144986,9.81228776,8.88233608,1.0,0.448134,0.448134,0.0312407687306,-0.4168932312694,0.4168932312694
polar1m,76,8,O,8.79457052,10.72533551,12.46744936,-2.0,1.287696,-0.712304,-0.0178920477629,0.6944119522371001,0.6944119522371001
polar1m,76,9,H,9.96114815,11.36820952,10.18747598,1.0,0.357313,0.357313,0.0397461131215,-0.3175668868785,0.3175668868785
polar1m,76,10,H,9.87750842,14.35381161,10.15934423,1.0,0.423678,0.423678,0.0265509001911,-0.3971270998089,0.3971270998089
polar1m,76,11,O,13.38225046,10.77543104,12.86985665,-2.0,1.283199,-0.716801,-0.00555319339037,0.71124780660963,0.71124780660963
polar1m,76,12,H,13.26565467,13.31342702,10.36503345,1.0,0.376953,0.376953,0.0418236553669,-0.33512934463309996,0.33512934463309996
polar1m,76,13,H,13.57661708,11.54386602,11.08712524,1.0,0.39144,0.39144,0.0267404280603,-0.3646995719397,0.3646995719397
polar1m,76,14,O,10.84908919,10.51962515,13.80968346,-2.0,1.206143,-0.793857,-0.0241660177708,0.7696909822292001,0.7696909822292001
polar1m,76,15,H,13.94440784,12.23012975,13.56932084,1.0,0.387732,0.387732,0.0145761370659,-0.3731558629341,0.3731558629341
polar1m,76,16,O,13.45870856,12.54498677,11.21521014,-2.0,1.373946,-0.6260540000000001,0.0468716844916,0.6729256844916001,0.6729256844916001
polar1m,76,17,H,8.46064284,11.65109254,11.97311484,1.0,0.371658,0.371658,0.0268165953457,-0.34484140465429997,0.34484140465429997
polar1m,76,18,H,10.82003257,12.99110523,10.16400016,1.0,0.323216,0.323216,0.0174777768552,-0.3057382231448,0.3057382231448
polar1m,76,19,H,12.02917648,12.98383285,9.18215423,1.0,0.383622,0.383622,0.0209062732756,-0.3627157267244,0.3627157267244
polar1m,76,20,H,10.08387395,10.42108356,13.33247783,1.0,0.413434,0.413434,0.019061345607,-0.394372654393,0.394372654393
polar1m,76,21,O,13.75249334,13.01517109,14.11742263,-2.0,1.216653,-0.783347,-0.0363664031029,0.7469805968971001,0.7469805968971001
polar1m,76,22,H,10.68422459,12.37044374,8.47643109,1.0,0.415203,0.415203,0.0216118562967,-0.3935911437033,0.3935911437033
polar1m,76,23,O,9.14592795,10.7467691,9.24908854,-2.0,1.308466,-0.6915340000000001,0.0622296780348,0.7537636780348,0.7537636780348
polar1m,76,24,H,8.33586153,10.75769849,9.77008349,1.0,0.443039,0.443039,0.0289990808815,-0.4140399191185,0.4140399191185
polar1m,76,25,O,10.20521842,13.62448194,10.72721434,-2.0,1.243458,-0.756542,-0.046056881547,0.710485118453,0.710485118453
polar1m,76,26,O,10.93468845,11.08756781,10.74015491,-2.0,1.267969,-0.7320310000000001,-0.0805293992162,0.6515016007838001,0.6515016007838001
polar1m,76,27,H,12.0,12.0,12.0,1.0,0.359861,0.359861,0.269550710917,-0.09031028908299998,0.09031028908299998
polar1m,76,28,H,13.52798296,10.35213991,13.76237101,1.0,0.432274,0.432274,0.0285584293306,-0.4037155706694,0.4037155706694
polar1m,76,29,H,13.90578927,13.72506378,13.487549,1.0,0.402568,0.402568,0.0217823944986,-0.3807856055014,0.3807856055014
polar1m,76,30,H,12.97535698,10.11516679,12.2042807,1.0,0.396934,0.396934,0.0242529883981,-0.37268101160190004,0.37268101160190004
polar1m,76,31,H,11.69184723,13.95931784,11.81632582,1.0,0.345928,0.345928,0.0114192478359,-0.33450875216410003,0.33450875216410003
polar1m,76,32,O,11.43641667,12.97214391,8.45542337,-2.0,1.228564,-0.771436,-0.0253298804164,0.7461061195836,0.7461061195836
polar1m,76,33,H,12.51143048,14.80839963,12.78667768,1.0,0.390616,0.390616,0.020116776228,-0.370499223772,0.370499223772
polar1m,77,0,O,11.3489913,12.82595634,13.26436292,-2.0,1.322502,-0.6774979999999999,0.188841506839,0.866339506839,0.866339506839
polar1m,77,1,H,8.94049616,11.3570955,13.35116951,1.0,0.415018,0.415018,0.027149612084,-0.387868387916,0.387868387916
polar1m,77,2,H,13.05172991,7.98906848,12.95466736,1.0,0.376688,0.376688,0.0262489058077,-0.3504390941923,0.3504390941923
polar1m,77,3,H,10.65085185,10.10857689,14.6029023,1.0,0.420763,0.420763,0.021970435977,-0.398792564023,0.398792564023
polar1m,77,4,H,11.60480154,11.2784553,10.11751777,1.0,0.346101,0.346101,0.020930910483,-0.325170089517,0.325170089517
polar1m,77,5,H,11.99387981,13.22251588,13.80226896,1.0,0.402573,0.402573,0.0238408129662,-0.3787321870338,0.3787321870338
polar1m,77,6,O,12.20436657,14.9431339,11.96136391,-2.0,1.199634,-0.8003659999999999,-0.049821972847,0.750544027153,0.750544027153
polar1m,77,7,H,10.54208957,12.33251782,13.62258827,1.0,0.381513,0.381513,0.0220406837761,-0.35947231622389997,0.35947231622389997
polar1m,77,8,H,9.33110694,9.98312733,9.11233614,1.0,0.471463,0.471463,0.0265357960016,-0.4449272039984,0.4449272039984
polar1m,77,9,O,8.80633842,10.90272418,12.52476065,-2.0,1.289271,-0.7107289999999999,0.0149540305138,0.7256830305137999,0.7256830305137999
polar1m,77,10,H,10.05859105,11.4493062,10.23927458,1.0,0.361719,0.361719,0.0234489291906,-0.3382700708094,0.3382700708094
polar1m,77,11,H,9.8451928,14.44745061,10.16422448,1.0,0.400939,0.400939,0.0256544519216,-0.3752845480784,0.3752845480784
polar1m,77,12,O,13.33477137,10.90780782,12.94465752,-2.0,1.196685,-0.803315,-0.0224765837193,0.7808384162807,0.7808384162807
polar1m,77,13,H,13.30914774,13.54149968,10.45155142,1.0,0.37388,0.37388,0.0454243272543,-0.3284556727457,0.3284556727457
polar1m,77,14,H,13.70062413,11.55232389,11.11282815,1.0,0.363459,0.363459,0.0360170416534,-0.32744195834659995,0.32744195834659995
polar1m,77,15,O,10.85180954,10.61383198,13.86107001,-2.0,1.233396,-0.7666040000000001,-0.0783628746867,0.6882411253133001,0.6882411253133001
polar1m,77,16,H,13.74990493,12.30989097,13.70200855,1.0,0.395931,0.395931,0.0128930062056,-0.38303799379439996,0.38303799379439996
polar1m,77,17,O,13.68356503,7.38793027,12.36208496,-2.0,1.243478,-0.7565219999999999,-0.0273827314377,0.7291392685622999,0.7291392685622999
polar1m,77,18,O,13.4228434,12.66310471,11.26329259,-2.0,1.410455,-0.589545,0.104649245739,0.694194245739,0.694194245739
polar1m,77,19,H,8.20895724,11.78536312,12.12508953,1.0,0.379598,0.379598,0.0333839245141,-0.3462140754859,0.3462140754859
polar1m,77,20,H,10.68819895,13.16292869,10.04685989,1.0,0.318904,0.318904,0.0178562365472,-0.30104776345280004,0.30104776345280004
polar1m,77,21,H,12.02997199,12.98390124,9.35539453,1.0,0.361314,0.361314,0.0192427635193,-0.34207123648070004,0.34207123648070004
polar1m,77,22,H,12.18941194,7.91425456,12.08668091,1.0,0.370687,0.370687,0.0390600934625,-0.3316269065375,0.3316269065375
polar1m,77,23,H,9.83501284,10.35297935,13.36985867,1.0,0.353987,0.353987,0.0337411165237,-0.3202458834763,0.3202458834763
polar1m,77,24,O,13.74909374,13.1080656,14.20733652,-2.0,1.190465,-0.8095349999999999,-0.0435827225447,0.7659522774552999,0.7659522774552999
polar1m,77,25,H,10.53089847,12.54709452,8.63654187,1.0,0.375828,0.375828,0.0259265378118,-0.3499014621882,0.3499014621882
polar1m,77,26,O,9.15034607,10.83309065,9.34030934,-2.0,1.293836,-0.706164,0.027573466301,0.733737466301,0.733737466301
polar1m,77,27,H,12.25295067,9.02968491,11.01020993,1.0,0.351585,0.351585,0.0261751450598,-0.32540985494019997,0.32540985494019997
polar1m,77,28,H,8.25585711,10.80173563,9.9028352,1.0,0.414456,0.414456,0.0308385640383,-0.3836174359617,0.3836174359617
polar1m,77,29,O,10.23085564,13.75147051,10.78105503,-2.0,1.257756,-0.7422439999999999,-0.0483953505754,0.6938486494245999,0.6938486494245999
polar1m,77,30,O,10.91006702,11.20452892,10.8207584,-2.0,1.285327,-0.7146729999999999,0.00938634574413,0.7240593457441299,0.7240593457441299
polar1m,77,31,H,12.0,12.0,12.0,1.0,0.369234,0.369234,0.321702480316,-0.04753151968399999,0.04753151968399999
polar1m,77,32,H,13.62739917,10.3891314,13.62060587,1.0,0.448916,0.448916,0.026820814237,-0.422095185763,0.422095185763
polar1m,77,33,H,13.83165417,13.79354954,13.56720823,1.0,0.404651,0.404651,0.0199339203537,-0.3847170796463,0.3847170796463
polar1m,77,34,H,12.94560518,10.21389313,12.48464235,1.0,0.392236,0.392236,0.0153005421162,-0.37693545788379995,0.37693545788379995
polar1m,77,35,O,12.00668888,9.02721781,12.08487819,-2.0,1.339359,-0.660641,-0.0335369855165,0.6271040144835001,0.6271040144835001
polar1m,77,36,H,11.73404972,14.20176641,11.81646681,1.0,0.394293,0.394293,0.0089687295258,-0.3853242704742,0.3853242704742
polar1m,77,37,O,11.45598228,13.08629403,8.54408621,-2.0,1.301609,-0.698391,-0.0242101699114,0.6741808300886,0.6741808300886
polar1m,77,38,H,14.05869919,6.69461905,12.96021604,1.0,0.42702,0.42702,0.0252618268132,-0.4017581731868,0.4017581731868
polar1m,77,39,H,12.32833768,15.12504869,13.01537957,1.0,0.363473,0.363473,0.0259971655905,-0.3374758344095,0.3374758344095
polar1m,78,0,O,11.3233973,12.89831938,13.34671749,-2.0,1.324401,-0.6755990000000001,0.106901019812,0.782500019812,0.782500019812
polar1m,78,1,H,13.07663208,7.90110693,13.01533996,1.0,0.392782,0.392782,0.0241334624588,-0.3686485375412,0.3686485375412
polar1m,78,2,H,10.69302762,10.08558056,14.71624202,1.0,0.388224,0.388224,0.0265765115619,-0.3616474884381,0.3616474884381
polar1m,78,3,H,11.49322155,11.39522439,10.224973,1.0,0.415867,0.415867,0.0241317823529,-0.3917352176471,0.3917352176471
polar1m,78,4,H,12.10785387,13.30047633,13.83734592,1.0,0.383512,0.383512,0.028456594795,-0.355055405205,0.355055405205
polar1m,78,5,O,12.18628149,15.0143395,12.01255694,-2.0,1.197977,-0.8020229999999999,-0.0536879114807,0.7483350885193,0.7483350885193
polar1m,78,6,H,10.40427014,12.52471649,13.60380189,1.0,0.4142,0.4142,0.028100989759,-0.386099010241,0.386099010241
polar1m,78,7,H,10.19510733,11.40568993,10.3305452,1.0,0.459641,0.459641,0.0269089080393,-0.4327320919607,0.4327320919607
polar1m,78,8,H,9.84292681,14.48981909,10.19497978,1.0,0.426942,0.426942,0.0304116923362,-0.3965303076638,0.3965303076638
polar1m,78,9,O,13.28526808,11.00227875,12.98062529,-2.0,1.250301,-0.7496989999999999,-0.0316980332136,0.7180009667863999,0.7180009667863999
polar1m,78,10,H,13.41863041,13.52432426,10.62702748,1.0,0.430315,0.430315,0.0333240553737,-0.3969909446263,0.3969909446263
polar1m,78,11,H,13.75393433,11.80970483,11.10881298,1.0,0.4106,0.4106,0.0280256532133,-0.3825743467867,0.3825743467867
polar1m,78,12,O,10.83089876,10.65792774,13.87186005,-2.0,1.324933,-0.6750670000000001,-0.0218065604568,0.6532604395432001,0.6532604395432001
polar1m,78,13,H,13.53536903,12.29741305,13.75548915,1.0,0.370804,0.370804,0.0149158686399,-0.3558881313601,0.3558881313601
polar1m,78,14,O,13.69175366,7.46377902,12.39935801,-2.0,1.22906,-0.77094,-0.0270716398954,0.7438683601046,0.7438683601046
polar1m,78,15,O,13.37578615,12.7296354,11.26824451,-2.0,1.32927,-0.67073,0.117032155395,0.787762155395,0.787762155395
polar1m,78,16,H,10.4526771,13.38521369,10.06327101,1.0,0.379855,0.379855,0.0189904235303,-0.3608645764697,0.3608645764697
polar1m,78,17,H,11.99537199,12.92956111,9.42955298,1.0,0.355861,0.355861,0.0189389027655,-0.3369220972345,0.3369220972345
polar1m,78,18,H,12.19948971,8.25521633,12.14719758,1.0,0.441501,0.441501,0.0316868573427,-0.4098141426573,0.4098141426573
polar1m,78,19,H,9.85957409,10.2642971,13.41898863,1.0,0.337516,0.337516,0.0259301736951,-0.3115858263049,0.3115858263049
polar1m,78,20,O,13.73887956,13.15665117,14.26758491,-2.0,1.226668,-0.7733319999999999,-0.0514961741865,0.7218358258134999,0.7218358258134999
polar1m,78,21,H,10.52205743,12.74052945,8.71314478,1.0,0.377562,0.377562,0.0276678577065,-0.3498941422935,0.3498941422935
polar1m,78,22,H,12.22690323,9.09476547,11.15041073,1.0,0.400476,0.400476,0.0292880646884,-0.3711879353116,0.3711879353116
polar1m,78,23,O,10.2488198,13.82768124,10.79059257,-2.0,1.218986,-0.7810140000000001,-0.0271962657571,0.7538177342429001,0.7538177342429001
polar1m,78,24,O,10.88373288,11.28155266,10.86626056,-2.0,1.228686,-0.771314,0.0711539238691,0.8424679238691001,0.8424679238691001
polar1m,78,25,H,12.0,12.0,12.0,1.0,0.382784,0.382784,0.377823859453,-0.004960140547000003,0.004960140547000003
polar1m,78,26,H,13.76267112,10.31714268,13.60141009,1.0,0.403762,0.403762,0.0322254560888,-0.3715365439112,0.3715365439112
polar1m,78,27,H,13.78216837,13.85732736,13.56660204,1.0,0.384939,0.384939,0.0217234157026,-0.3632155842974,0.3632155842974
polar1m,78,28,H,12.80776562,10.17470767,12.6440549,1.0,0.373765,0.373765,0.0185143537819,-0.3552506462181,0.3552506462181
polar1m,78,29,O,12.00503273,9.09528602,12.16808718,-2.0,1.280447,-0.7195530000000001,0.00776352733374,0.7273165273337401,0.7273165273337401
polar1m,78,30,H,11.6283052,14.23195803,11.77681403,1.0,0.363335,0.363335,0.0104511864483,-0.3528838135517,0.3528838135517
polar1m,78,31,O,11.45831186,13.15024343,8.60242388,-2.0,1.305043,-0.694957,-0.0240360051394,0.6709209948606001,0.6709209948606001
polar1m,78,32,H,14.14619684,6.69468132,12.95197751,1.0,0.41332,0.41332,0.0282757617533,-0.38504423824670003,0.38504423824670003
polar1m,78,33,H,12.12688146,15.34162145,13.02228916,1.0,0.376663,0.376663,0.027640145272,-0.34902285472800004,0.34902285472800004
polar1m,79,0,O,11.30123999,12.9321829,13.39246848,-2.0,1.261198,-0.738802,0.049393683672,0.788195683672,0.788195683672
polar1m,79,1,H,13.19436012,7.73327818,13.10948933,1.0,0.434625,0.434625,0.0251548737288,-0.4094701262712,0.4094701262712
polar1m,79,2,H,11.54335209,8.41905612,10.33132808,1.0,0.366204,0.366204,0.0281368792057,-0.33806712079429996,0.33806712079429996
polar1m,79,3,H,10.76893623,10.09344023,14.72028631,1.0,0.386158,0.386158,0.0266985148191,-0.3594594851809,0.3594594851809
polar1m,79,4,H,11.57247696,11.44294331,10.20772126,1.0,0.350045,0.350045,0.0239368416369,-0.3261081583631,0.3261081583631
polar1m,79,5,H,12.13633939,13.27148207,13.89220167,1.0,0.38148,0.38148,0.0306899137795,-0.3507900862205,0.3507900862205
polar1m,79,6,O,12.17804611,15.053336,12.04365993,-2.0,1.1374,-0.8626,-0.0683118626475,0.7942881373525,0.7942881373525
polar1m,79,7,H,10.44005737,12.72820579,13.58353911,1.0,0.445126,0.445126,0.0236384049058,-0.42148759509420003,0.42148759509420003
polar1m,79,8,H,9.51796084,9.93131657,9.40983432,1.0,0.404318,0.404318,0.028372194618,-0.375945805382,0.375945805382
polar1m,79,9,H,10.07368727,11.32483081,10.30714563,1.0,0.377516,0.377516,0.0185805037618,-0.35893549623820004,0.35893549623820004
polar1m,79,10,H,9.84263121,14.5834997,10.27204333,1.0,0.423413,0.423413,0.029386986047,-0.39402601395299997,0.39402601395299997
polar1m,79,11,O,13.25066357,11.04455977,12.9921784,-2.0,1.271771,-0.728229,-0.0844675004482,0.6437614995518,0.6437614995518
polar1m,79,12,H,13.59042648,13.41278083,10.76286135,1.0,0.481331,0.481331,0.0298666320741,-0.4514643679259,0.4514643679259
polar1m,79,13,H,13.83570868,12.09050825,11.04522716,1.0,0.46094,0.46094,0.0230411365628,-0.4378988634372,0.4378988634372
polar1m,79,14,O,10.79894957,10.6468173,13.86123883,-2.0,1.206249,-0.7937510000000001,-0.0239938274026,0.7697571725974001,0.7697571725974001
polar1m,79,15,H,13.35405829,12.28784451,13.80737834,1.0,0.354732,0.354732,0.0171368271112,-0.3375951728888,0.3375951728888
polar1m,79,16,O,13.71422165,7.49145431,12.41082755,-2.0,1.168532,-0.8314680000000001,-0.0138977915049,0.8175702084951001,0.8175702084951001
polar1m,79,17,O,13.32782218,12.75411585,11.24825387,-2.0,1.210007,-0.789993,0.0967879444361,0.8867809444360999,0.8867809444360999
polar1m,79,18,H,10.3052011,13.39422776,9.93457122,1.0,0.360032,0.360032,0.0228811763227,-0.33715082367730004,0.33715082367730004
polar1m,79,19,H,11.93473997,12.86185939,9.39920443,1.0,0.383336,0.383336,0.0179818980396,-0.3653541019604,0.3653541019604
polar1m,79,20,H,12.25223011,8.21366951,12.20714726,1.0,0.401435,0.401435,0.0343069136143,-0.3671280863857,0.3671280863857
polar1m,79,21,H,10.14607656,10.19938932,13.49750661,1.0,0.438438,0.438438,0.0173149369657,-0.42112306303429997,0.42112306303429997
polar1m,79,22,O,11.44423216,9.147066,9.56503963,-2.0,1.253316,-0.7466839999999999,-0.0219665914774,0.7247174085225999,0.7247174085225999
polar1m,79,23,O,13.73510667,13.16532244,14.29582024,-2.0,1.216763,-0.783237,-0.0657847002149,0.7174522997851,0.7174522997851
polar1m,79,24,H,10.61042149,12.89775193,8.6978919,1.0,0.424454,0.424454,0.0249572787434,-0.3994967212566,0.3994967212566
polar1m,79,25,O,9.11609178,10.90674728,9.42772207,-2.0,1.29276,-0.7072400000000001,0.026638045907,0.7338780459070001,0.7338780459070001
polar1m,79,26,H,12.18472912,9.23672504,11.37292753,1.0,0.414277,0.414277,0.0276146456599,-0.3866623543401,0.3866623543401
polar1m,79,27,H,8.39525063,10.69898053,9.92948038,1.0,0.464276,0.464276,0.0280606076121,-0.4362153923879,0.4362153923879
polar1m,79,28,O,10.26694687,13.8692638,10.78089647,-2.0,1.268287,-0.7317130000000001,-0.0196021646261,0.7121108353739001,0.7121108353739001
polar1m,79,29,O,10.87849368,11.31913534,10.90485122,-2.0,1.260865,-0.7391350000000001,0.0593045055866,0.7984395055866,0.7984395055866
polar1m,79,30,H,12.0,12.0,12.0,1.0,0.400816,0.400816,0.393434613943,-0.007381386057000006,0.007381386057000006
polar1m,79,31,H,13.86854631,10.33742789,13.5244604,1.0,0.374572,0.374572,0.0302667412907,-0.3443052587093,0.3443052587093
polar1m,79,32,H,13.76508661,13.83154684,13.56730185,1.0,0.386024,0.386024,0.0217396840453,-0.36428431595469996,0.36428431595469996
polar1m,79,33,H,12.6379865,10.15581465,12.74465827,1.0,0.361725,0.361725,0.025098875165,-0.33662612483500004,0.33662612483500004
polar1m,79,34,O,12.00292859,9.13816021,12.21093183,-2.0,1.287258,-0.712742,0.0554172769189,0.7681592769189,0.7681592769189
polar1m,79,35,H,11.49960242,14.23496303,11.75927257,1.0,0.33961,0.33961,0.0156112127006,-0.3239987872994,0.3239987872994
polar1m,79,36,O,11.46202342,13.17104332,8.63952843,-2.0,1.216775,-0.7832250000000001,-0.0284007638693,0.7548242361307,0.7548242361307
polar1m,79,37,H,12.32052582,8.95680129,9.58136249,1.0,0.447069,0.447069,0.0245614461601,-0.4225075538399,0.4225075538399
polar1m,79,38,H,14.16559123,6.80572031,12.84354434,1.0,0.462445,0.462445,0.0272709485143,-0.4351740514857,0.4351740514857
polar1m,79,39,H,11.93191475,15.4195522,12.84241211,1.0,0.424421,0.424421,0.0231430139393,-0.4012779860607,0.4012779860607
polar1m,80,0,H,13.17849424,11.40020799,10.92006772,1.0,0.415602,0.415602,0.0277762915939,-0.38782570840610003,0.38782570840610003
polar1m,80,1,O,10.48956519,10.80059329,14.14307913,-2.0,1.248525,-0.7514749999999999,-0.0131425634027,0.7383324365972999,0.7383324365972999
polar1m,80,2,H,12.8293237,10.5228173,13.30412338,1.0,0.47004,0.47004,0.0411130674183,-0.4289269325817,0.4289269325817
polar1m,80,3,H,13.28845567,13.42564665,13.68573438,1.0,0.39836,0.39836,0.0232529938221,-0.3751070061779,0.3751070061779
polar1m,80,4,O,13.34131268,12.69850919,14.23288544,-2.0,1.158245,-0.841755,-0.150971457362,0.690783542638,0.690783542638
polar1m,80,5,H,11.08819163,8.82972119,8.8917249,1.0,0.410816,0.410816,0.0260698124766,-0.3847461875234,0.3847461875234
polar1m,80,6,O,10.58301429,11.08987641,9.84233723,-2.0,1.147461,-0.8525389999999999,-0.0734325051308,0.7791064948691999,0.7791064948691999
polar1m,80,7,H,11.0140979,9.4741591,7.2123049,1.0,0.428981,0.428981,0.0293862707913,-0.3995947292087,0.3995947292087
polar1m,80,8,O,12.35204884,11.27501229,11.50234691,-2.0,1.293963,-0.706037,-0.0339825153351,0.6720544846649,0.6720544846649
polar1m,80,9,H,10.30090628,12.5968871,13.42446544,1.0,0.387093,0.387093,0.0226043239236,-0.3644886760764,0.3644886760764
polar1m,80,10,H,12.32423958,12.30642689,14.75718844,1.0,0.328975,0.328975,0.0416585579515,-0.28731644204850004,0.28731644204850004
polar1m,80,11,H,14.40246509,12.28620617,12.7307757,1.0,0.364354,0.364354,0.00947286933661,-0.35488113066339,0.35488113066339
polar1m,80,12,H,9.63673524,11.08229154,14.52109659,1.0,0.422264,0.422264,0.0287348926067,-0.3935291073933,0.3935291073933
polar1m,80,13,H,11.13215298,12.94974999,16.3124723,1.0,0.440347,0.440347,0.0280853863806,-0.4122616136194,0.4122616136194
polar1m,80,14,H,12.85081311,9.85997112,15.16570612,1.0,0.5428,0.5428,0.0887888371944,-0.45401116280559994,0.45401116280559994
polar1m,80,15,O,10.29805145,13.09679159,11.50606981,-2.0,1.136614,-0.863386,-0.0329833850265,0.8304026149735,0.8304026149735
polar1m,80,16,H,12.0,12.0,12.0,1.0,0.387704,0.387704,0.0181147009134,-0.3695892990866,0.3695892990866
polar1m,80,17,H,15.29250093,13.13757601,13.55394952,1.0,0.412735,0.412735,0.0210094414651,-0.39172555853490004,0.39172555853490004
polar1m,80,18,O,11.44572409,9.45546092,8.159613,-2.0,1.293662,-0.7063379999999999,0.00258465111256,0.7089226511125599,0.7089226511125599
polar1m,80,19,O,12.75308788,9.97790583,14.02071979,-2.0,1.353019,-0.646981,0.717450380325,1.364431380325,1.364431380325
polar1m,80,20,O,11.83835055,12.30336177,16.16918097,-2.0,1.356152,-0.643848,0.0257227122784,0.6695707122783999,0.6695707122783999
polar1m,80,21,H,13.02740599,14.53800301,11.00064954,1.0,0.443914,0.443914,0.0272808279842,-0.41663317201579997,0.41663317201579997
polar1m,80,22,H,10.91407065,11.6112457,15.88240768,1.0,0.300809,0.300809,0.0323154628277,-0.2684935371723,0.2684935371723
polar1m,80,23,H,13.54743237,13.61316407,10.69088471,1.0,0.452493,0.452493,0.0267295278609,-0.4257634721391,0.4257634721391
polar1m,80,24,H,11.62392751,13.58312331,13.07076372,1.0,0.350772,0.350772,0.0274124443531,-0.3233595556469,0.3233595556469
polar1m,80,25,O,13.1061917,13.73720108,11.48164447,-2.0,1.173432,-0.826568,-0.00990266352892,0.81666533647108,0.81666533647108
polar1m,80,26,H,10.43222827,13.96015484,11.71556059,1.0,0.433778,0.433778,0.0244967974722,-0.4092812025278,0.4092812025278
polar1m,80,27,H,10.9547561,10.36636546,9.20248045,1.0,0.361173,0.361173,0.0136880502105,-0.3474849497895,0.3474849497895
polar1m,80,28,H,13.60226245,10.36526513,14.36364067,1.0,0.486301,0.486301,0.0569336041808,-0.42936739581919997,0.42936739581919997
polar1m,80,29,O,15.26440989,12.65014839,12.72880428,-2.0,1.147133,-0.852867,-0.0539312958717,0.7989357041283001,0.7989357041283001
polar1m,80,30,O,11.00970811,13.14745357,13.80617227,-2.0,1.251853,-0.7481469999999999,-0.0417899265885,0.7063570734114999,0.7063570734114999
polar1m,80,31,H,10.89349322,10.18750063,14.69816195,1.0,0.403239,0.403239,0.0164344012737,-0.3868045987263,0.3868045987263
polar1m,80,32,H,10.90713897,10.74320221,10.71296986,1.0,0.358208,0.358208,0.0117340348661,-0.34647396513390005,0.34647396513390005
polar1m,80,33,H,10.44072093,12.73084494,10.73647058,1.0,0.439183,0.439183,0.0212859883904,-0.41789701160959997,0.41789701160959997
polar1m,81,0,O,15.39352374,10.24092552,14.99559896,-2.0,1.275871,-0.724129,-0.0183408483863,0.7057881516137,0.7057881516137
polar1m,81,1,H,13.12869221,11.55814394,10.81932931,1.0,0.433532,0.433532,0.0235180538148,-0.4100139461852,0.4100139461852
polar1m,81,2,O,10.5843506,10.77215733,13.94970955,-2.0,1.277245,-0.722755,-0.00784113258123,0.71491386741877,0.71491386741877
polar1m,81,3,H,13.08442691,10.62220298,13.03220975,1.0,0.424548,0.424548,0.0783554837108,-0.3461925162892,0.3461925162892
polar1m,81,4,H,13.26600838,13.48248793,13.64867898,1.0,0.392154,0.392154,0.0236358456314,-0.3685181543686,0.3685181543686
polar1m,81,5,O,13.42077123,12.66082035,14.06080709,-2.0,1.181969,-0.818031,-0.207906797528,0.6101242024719999,0.6101242024719999
polar1m,81,6,O,10.66142082,11.05592956,9.65896953,-2.0,1.157476,-0.842524,-0.0323656350374,0.8101583649626001,0.8101583649626001
polar1m,81,7,O,12.46081765,11.18595985,11.32320838,-2.0,1.313562,-0.6864380000000001,-0.0418183803558,0.6446196196442001,0.6446196196442001
polar1m,81,8,H,10.33102044,12.46645307,13.32158426,1.0,0.374786,0.374786,0.0270548276603,-0.3477311723397,0.3477311723397
polar1m,81,9,H,12.39142465,12.21843347,14.58283793,1.0,0.336241,0.336241,0.0545269101858,-0.2817140898142,0.2817140898142
polar1m,81,10,H,14.59144413,12.18035203,12.73170545,1.0,0.372475,0.372475,0.00851308554411,-0.36396191445589,0.36396191445589
polar1m,81,11,H,9.72331772,10.94850005,14.38035151,1.0,0.418167,0.418167,0.0291187912226,-0.3890482087774,0.3890482087774
polar1m,81,12,H,11.30765656,12.96717457,16.29677,1.0,0.428989,0.428989,0.0308318063617,-0.3981571936383,0.3981571936383
polar1m,81,13,H,15.60911965,11.06566977,14.52515157,1.0,0.421327,0.421327,0.0247037112713,-0.3966232887287,0.3966232887287
polar1m,81,14,H,14.99891274,9.54350996,14.35196742,1.0,0.384737,0.384737,0.0224144458771,-0.3623225541229,0.3623225541229
polar1m,81,15,H,12.77201109,9.89143683,14.94312482,1.0,0.465364,0.465364,0.0489525869489,-0.4164114130511,0.4164114130511
polar1m,81,16,O,10.39242612,13.00591065,11.32994432,-2.0,1.233774,-0.7662260000000001,-0.0404951870441,0.7257308129559,0.7257308129559
polar1m,81,17,H,12.0,12.0,12.0,1.0,0.346411,0.346411,0.0280060656369,-0.3184049343631,0.3184049343631
polar1m,81,18,H,15.4677789,13.12170341,13.35985976,1.0,0.393319,0.393319,0.0237170606852,-0.36960193931479995,0.36960193931479995
polar1m,81,19,O,12.83462624,9.87926752,13.87088856,-2.0,1.398275,-0.6017250000000001,0.672855198383,1.274580198383,1.274580198383
polar1m,81,20,O,11.94798839,12.27089426,15.92762603,-2.0,1.365871,-0.6341289999999999,0.0793338492513,0.7134628492513,0.7134628492513
polar1m,81,21,H,13.08602949,14.64054424,10.81311093,1.0,0.377591,0.377591,0.0264436434954,-0.3511473565046,0.3511473565046
polar1m,81,22,H,11.13469304,11.55664541,15.63026282,1.0,0.317981,0.317981,0.0246453806758,-0.2933356193242,0.2933356193242
polar1m,81,23,H,13.77179751,13.54871881,10.38927221,1.0,0.383986,0.383986,0.0265821311623,-0.3574038688377,0.3574038688377
polar1m,81,24,H,11.70096842,13.67724685,12.88957137,1.0,0.350074,0.350074,0.0300101935863,-0.3200638064137,0.3200638064137
polar1m,81,25,O,13.21258995,13.68547571,11.31567508,-2.0,1.30769,-0.69231,-0.0106205567718,0.6816894432282,0.6816894432282
polar1m,81,26,H,10.51044449,13.96785805,11.42591341,1.0,0.395027,0.395027,0.0239538196474,-0.3710731803526,0.3710731803526
polar1m,81,27,H,10.93618356,10.3331132,9.22256728,1.0,0.457616,0.457616,0.0217538960278,-0.43586210397220004,0.43586210397220004
polar1m,81,28,H,13.81362222,10.3836646,14.05914545,1.0,0.38636,0.38636,0.0611934810877,-0.3251665189123,0.3251665189123
polar1m,81,29,O,15.36401485,12.58217792,12.52162114,-2.0,1.173283,-0.8267169999999999,-0.0515236705542,0.7751933294457999,0.7751933294457999
polar1m,81,30,O,11.14300685,13.08552183,13.59694019,-2.0,1.287394,-0.7126060000000001,-0.0408856123686,0.6717203876314001,0.6717203876314001
polar1m,81,31,H,10.9107532,10.05810672,14.50320842,1.0,0.398391,0.398391,0.0195736214519,-0.3788173785481,0.3788173785481
polar1m,81,32,H,10.95840247,10.86223712,10.53965145,1.0,0.399052,0.399052,0.0143653303385,-0.3846866696615,0.3846866696615
polar1m,81,33,H,10.59536166,12.62741337,10.31563254,1.0,0.369465,0.369465,0.0277385786176,-0.3417264213824,0.3417264213824
polar1m,82,0,H,12.30230642,13.18353771,8.80682004,1.0,0.365141,0.365141,0.0163069814444,-0.3488340185556,0.3488340185556
polar1m,82,1,H,13.02448929,11.94235979,10.87088404,1.0,0.40135,0.40135,0.0230697840452,-0.3782802159548,0.3782802159548
polar1m,82,2,O,10.56182489,10.91481419,13.95876464,-2.0,1.210776,-0.7892239999999999,-0.0578308403492,0.7313931596507999,0.7313931596507999
polar1m,82,3,H,13.0852527,10.8783975,12.91785385,1.0,0.386889,0.386889,0.252159774303,-0.13472922569699997,0.13472922569699997
polar1m,82,4,O,14.57164774,15.30856541,10.29059147,-2.0,1.327371,-0.6726289999999999,0.0192247107625,0.6918537107624999,0.6918537107624999
polar1m,82,5,O,8.72796904,11.56558884,12.71652099,-2.0,1.222348,-0.777652,-0.0345264971256,0.7431255028744,0.7431255028744
polar1m,82,6,O,11.33348029,13.30725402,8.88073224,-2.0,1.196533,-0.8034669999999999,-0.0555005297065,0.7479664702934999,0.7479664702934999
polar1m,82,7,H,14.98385543,13.40799235,8.61788031,1.0,0.420223,0.420223,0.0293884500861,-0.3908345499139,0.3908345499139
polar1m,82,8,H,13.11197757,13.76017609,13.77558002,1.0,0.379283,0.379283,0.0301685594022,-0.3491144405978,0.3491144405978
polar1m,82,9,O,13.38091323,12.77499412,14.09237407,-2.0,1.266938,-0.7330620000000001,-0.0595746785402,0.6734873214598001,0.6734873214598001
polar1m,82,10,O,10.6174723,11.19358405,9.67822563,-2.0,1.258913,-0.741087,0.00460489839315,0.7456918983931501,0.7456918983931501
polar1m,82,11,H,10.83940054,12.38156875,8.86884826,1.0,0.379383,0.379383,0.0214772857726,-0.35790571422740003,0.35790571422740003
polar1m,82,12,O,12.44653231,11.26858276,11.36094073,-2.0,1.383166,-0.6168340000000001,-0.0061376541853,0.6106963458147001,0.6106963458147001
polar1m,82,13,H,10.85653158,7.88640985,15.3911888,1.0,0.425547,0.425547,0.0272181481123,-0.3983288518877,0.3983288518877
polar1m,82,14,H,10.41528768,12.62660818,13.36707834,1.0,0.388904,0.388904,0.0210104398429,-0.3678935601571,0.3678935601571
polar1m,82,15,H,12.55496348,12.47428887,14.54929283,1.0,0.371597,0.371597,0.0185131728649,-0.3530838271351,0.3530838271351
polar1m,82,16,H,9.6201125,14.67738577,10.3595229,1.0,0.380069,0.380069,0.0172711126506,-0.3627978873494,0.3627978873494
polar1m,82,17,O,9.23310612,15.52032474,10.14104311,-2.0,1.197966,-0.8020339999999999,-0.0377023555338,0.7643316444661999,0.7643316444661999
polar1m,82,18,H,14.43577212,12.15303555,12.94279418,1.0,0.274636,0.274636,0.013902168721,-0.260733831279,0.260733831279
polar1m,82,19,O,16.86196373,14.54642946,10.25683043,-2.0,1.158033,-0.8419669999999999,-0.0817495658994,0.7602174341005999,0.7602174341005999
polar1m,82,20,H,14.47954084,12.16662204,8.73911983,1.0,0.46669,0.46669,0.0230779908597,-0.44361200914029997,0.44361200914029997
polar1m,82,21,H,9.71863986,10.95064803,14.42532234,1.0,0.401709,0.401709,0.0263024717569,-0.3754065282431,0.3754065282431
polar1m,82,22,H,11.42060674,13.12622102,16.40357671,1.0,0.422235,0.422235,0.0306693371385,-0.3915656628615,0.3915656628615
polar1m,82,23,H,12.57190558,10.11412418,14.9105249,1.0,0.433745,0.433745,0.03859372437,-0.39515127562999997,0.39515127562999997
polar1m,82,24,O,10.37027533,13.07807646,11.33701221,-2.0,1.300651,-0.699349,-0.0607455596328,0.6386034403672,0.6386034403672
polar1m,82,25,H,7.83119041,11.99639327,12.78201723,1.0,0.395368,0.395368,0.0238672867417,-0.3715007132583,0.3715007132583
polar1m,82,26,O,14.33199199,12.90872066,9.22448062,-2.0,1.27619,-0.7238100000000001,0.0240886211395,0.7478986211395,0.7478986211395
polar1m,82,27,H,12.0,12.0,12.0,1.0,0.374138,0.374138,0.0246933549643,-0.34944464503570005,0.34944464503570005
polar1m,82,28,O,16.02385922,15.3097722,12.9949404,-2.0,1.224648,-0.775352,-0.0434067435563,0.7319452564437,0.7319452564437
polar1m,82,29,H,9.03367113,11.90432217,11.81425633,1.0,0.372609,0.372609,0.0162009075284,-0.35640809247160005,0.35640809247160005
polar1m,82,30,H,11.82808115,8.53199085,14.24412859,1.0,0.400199,0.400199,0.0200475826859,-0.3801514173141,0.3801514173141
polar1m,82,31,H,15.50749325,13.20756687,13.30350016,1.0,0.373554,0.373554,0.0214693900198,-0.35208460998019997,0.35208460998019997
polar1m,82,32,H,14.97454473,15.84394055,11.00858691,1.0,0.413868,0.413868,0.0451230145991,-0.3687449854009,0.3687449854009
polar1m,82,33,O,12.81772696,9.95687968,13.9171582,-2.0,1.451392,-0.548608,0.459424346685,1.0080323466849999,1.0080323466849999
polar1m,82,34,H,17.68444299,15.14478076,10.18054007,1.0,0.391532,0.391532,0.0219994112849,-0.3695325887151,0.3695325887151
polar1m,82,35,O,11.92578413,12.39826311,15.88438137,-2.0,1.231169,-0.768831,-0.00326713174582,0.76556386825418,0.76556386825418
polar1m,82,36,H,13.00119685,14.7727839,10.95495021,1.0,0.347602,0.347602,0.0243606343865,-0.32324136561350003,0.32324136561350003
polar1m,82,37,H,8.86229608,15.67006754,11.03557739,1.0,0.402928,0.402928,0.0221633501351,-0.3807646498649,0.3807646498649
polar1m,82,38,H,11.39127448,11.77952502,15.63889856,1.0,0.414069,0.414069,0.0173154845834,-0.39675351541660003,0.39675351541660003
polar1m,82,39,H,13.82905927,13.57573104,10.45085849,1.0,0.345169,0.345169,0.023892711848,-0.321276288152,0.321276288152
polar1m,82,40,H,15.9024486,14.92273249,9.99348158,1.0,0.344294,0.344294,0.0141407474875,-0.3301532525125,0.3301532525125
polar1m,82,41,H,16.34551607,14.38691815,13.2250651,1.0,0.410557,0.410557,0.0227003060281,-0.3878566939719,0.3878566939719
polar1m,82,42,H,11.53553845,13.78195286,12.9952121,1.0,0.392615,0.392615,0.0227568224072,-0.3698581775928,0.3698581775928
polar1m,82,43,O,13.20136838,13.81444283,11.33419163,-2.0,1.217768,-0.782232,-0.084442153573,0.697789846427,0.697789846427
polar1m,82,44,H,10.48720994,14.08127951,11.31120923,1.0,0.355781,0.355781,0.0282940678298,-0.32748693217020003,0.32748693217020003
polar1m,82,45,H,10.85174582,10.32925128,9.30265473,1.0,0.431941,0.431941,0.025070251897,-0.406870748103,0.406870748103
polar1m,82,46,H,13.83068646,10.50083565,13.98635054,1.0,0.406323,0.406323,0.056820422411,-0.349502577589,0.349502577589
polar1m,82,47,H,15.69795263,15.56875519,12.11035883,1.0,0.364144,0.364144,0.0233956128359,-0.3407483871641,0.3407483871641
polar1m,82,48,O,15.36565066,12.68952718,12.51237913,-2.0,1.233411,-0.766589,-0.0744603872299,0.6921286127701,0.6921286127701
polar1m,82,49,O,11.15688381,13.19770247,13.5788898,-2.0,1.19036,-0.8096399999999999,-0.0542288050056,0.7554111949943999,0.7554111949943999
polar1m,82,50,H,10.78797728,10.06161734,14.51938334,1.0,0.339079,0.339079,0.0138213410974,-0.3252576589026,0.3252576589026
polar1m,82,51,H,10.91126383,11.14075355,10.59671232,1.0,0.401258,0.401258,0.0212657675147,-0.3799922324853,0.3799922324853
polar1m,82,52,H,14.32041045,15.58546346,9.43437238,1.0,0.451062,0.451062,0.033711604774,-0.41735039522600004,0.41735039522600004
polar1m,82,53,O,10.92420129,8.59546468,14.66199324,-2.0,1.286569,-0.7134309999999999,0.00118201971054,0.7146130197105399,0.7146130197105399
polar1m,82,54,H,10.61505676,12.80724009,10.27815802,1.0,0.340309,0.340309,0.0328088998795,-0.3075001001205,0.3075001001205
polar1m,83,0,H,9.73493608,8.72518311,12.52461481,1.0,0.420589,0.420589,0.0198920294642,-0.4006969705358,0.4006969705358
polar1m,83,1,H,12.22972707,13.31173806,8.78713852,1.0,0.383772,0.383772,0.0190615337342,-0.3647104662658,0.3647104662658
polar1m,83,2,H,12.86400717,12.32754674,11.03716353,1.0,0.393917,0.393917,0.0387539342046,-0.3551630657954,0.3551630657954
polar1m,83,3,O,10.51901268,11.1279042,14.06477015,-2.0,1.277956,-0.7220439999999999,-0.0474357530475,0.6746082469524999,0.6746082469524999
polar1m,83,4,H,12.96733485,11.17902775,12.88460596,1.0,0.37385,0.37385,0.312370985746,-0.06147901425400004,0.06147901425400004
polar1m,83,5,O,14.50320539,15.48812693,10.34852625,-2.0,1.310949,-0.6890510000000001,0.0278849154711,0.7169359154711,0.7169359154711
polar1m,83,6,O,8.66400011,11.74473486,12.83911199,-2.0,1.207906,-0.7920940000000001,-0.0321838483214,0.7599101516786001,0.7599101516786001
polar1m,83,7,O,11.30419059,13.47272151,8.94403394,-2.0,1.168468,-0.8315319999999999,-0.0841136276722,0.7474183723278,0.7474183723278
polar1m,83,8,H,13.01032842,13.9178257,14.04461638,1.0,0.39498,0.39498,0.026277769357,-0.368702230643,0.368702230643
polar1m,83,9,O,13.32878567,12.97565963,14.19872753,-2.0,1.206535,-0.7934650000000001,-0.0504253953695,0.7430396046305001,0.7430396046305001
polar1m,83,10,O,10.54977724,11.40097196,9.7841462,-2.0,1.325191,-0.674809,0.00852103531361,0.68333003531361,0.68333003531361
polar1m,83,11,H,11.00015905,12.45272914,9.01478585,1.0,0.371016,0.371016,0.0179505646229,-0.3530654353771,0.3530654353771
polar1m,83,12,O,12.4136316,11.43753504,11.49309604,-2.0,1.410289,-0.5897110000000001,0.268835753202,0.8585467532020001,0.8585467532020001
polar1m,83,13,H,11.51527985,18.37151189,11.99420997,1.0,0.432181,0.432181,0.0269054397941,-0.4052755602059,0.4052755602059
polar1m,83,14,H,10.74476654,8.26758784,15.60386094,1.0,0.430931,0.430931,0.0274886153638,-0.4034423846362,0.4034423846362
polar1m,83,15,H,10.47478114,12.86368062,13.40802257,1.0,0.40689,0.40689,0.0205260030925,-0.38636399690749995,0.38636399690749995
polar1m,83,16,H,12.64349835,12.81700327,14.66913539,1.0,0.411326,0.411326,0.0172273218632,-0.3940986781368,0.3940986781368
polar1m,83,17,H,9.69070423,14.75638218,10.38413556,1.0,0.297114,0.297114,0.0246153250337,-0.2724986749663,0.2724986749663
polar1m,83,18,O,9.16217028,15.72880346,10.21354927,-2.0,1.246924,-0.7530760000000001,-0.0685790404677,0.6844969595323,0.6844969595323
polar1m,83,19,H,14.44079488,12.35134056,13.13044729,1.0,0.287093,0.287093,0.0151952877641,-0.2718977122359,0.2718977122359
polar1m,83,20,O,16.84764809,14.79719097,10.3530669,-2.0,1.147163,-0.8528370000000001,-0.107886388898,0.7449506111020001,0.7449506111020001
polar1m,83,21,H,10.97698698,16.27775968,12.04349331,1.0,0.334803,0.334803,0.0339355170727,-0.30086748292730003,0.30086748292730003
polar1m,83,22,O,10.1327667,9.50192727,12.20470027,-2.0,1.111442,-0.888558,-0.0663455352187,0.8222124647813,0.8222124647813
polar1m,83,23,H,9.66947407,11.05696873,14.53630453,1.0,0.410055,0.410055,0.0331326052547,-0.3769223947453,0.3769223947453
polar1m,83,24,H,11.51517141,13.28759769,16.4878946,1.0,0.449157,0.449157,0.0269427150488,-0.42221428495119995,0.42221428495119995
polar1m,83,25,H,12.40544243,10.4176672,14.90745852,1.0,0.415512,0.415512,0.0294021200389,-0.38610987996109997,0.38610987996109997
polar1m,83,26,O,10.32832524,13.23224942,11.41249509,-2.0,1.229271,-0.770729,-0.0400719717145,0.7306570282855,0.7306570282855
polar1m,83,27,H,7.80052102,12.29194825,12.89720473,1.0,0.393017,0.393017,0.0261536836624,-0.3668633163376,0.3668633163376
polar1m,83,28,H,12.0,12.0,12.0,1.0,0.426955,0.426955,0.0263376869261,-0.40061731307389997,0.40061731307389997
polar1m,83,29,O,15.9418599,15.53310277,13.08718682,-2.0,1.219869,-0.7801309999999999,-0.0465555861592,0.7335754138407999,0.7335754138407999
polar1m,83,30,H,9.0341146,12.18476596,12.10090179,1.0,0.395135,0.395135,0.0152828246355,-0.3798521753645,0.3798521753645
polar1m,83,31,H,11.84194258,8.5239214,14.49354068,1.0,0.417197,0.417197,0.02446860075,-0.39272839924999997,0.39272839924999997
polar1m,83,32,H,15.52572756,13.35832047,13.35257135,1.0,0.384071,0.384071,0.0212673190981,-0.3628036809019,0.3628036809019
polar1m,83,33,O,11.3124677,17.59709198,11.42702328,-2.0,1.298379,-0.701621,0.00262041389942,0.7042414138994201,0.7042414138994201
polar1m,83,34,H,14.86935966,15.98844828,11.16218592,1.0,0.40188,0.40188,0.0457174032927,-0.3561625967073,0.3561625967073
polar1m,83,35,O,12.79565783,10.12446849,14.04485939,-2.0,1.375263,-0.6247370000000001,0.148708373308,0.7734453733080001,0.7734453733080001
polar1m,83,36,H,17.42811393,15.53969102,10.12203943,1.0,0.393667,0.393667,0.0210026986897,-0.3726643013103,0.3726643013103
polar1m,83,37,O,11.89099823,12.62107398,15.94210528,-2.0,1.234053,-0.7659469999999999,-0.00995973497629,0.7559872650237099,0.7559872650237099
polar1m,83,38,H,12.89820627,14.84965088,11.23442963,1.0,0.42808,0.42808,0.0239635147154,-0.40411648528460004,0.40411648528460004
polar1m,83,39,H,8.96062703,15.62578795,11.20384866,1.0,0.370995,0.370995,0.0176022090018,-0.35339279099820003,0.35339279099820003
polar1m,83,40,H,10.10224653,10.21563944,12.88587684,1.0,0.358004,0.358004,0.00869531556964,-0.34930868443036,0.34930868443036
polar1m,83,41,H,11.37898629,11.83798689,15.65589545,1.0,0.365877,0.365877,0.0180217139423,-0.3478552860577,0.3478552860577
polar1m,83,42,H,13.76242293,13.70357037,10.77858748,1.0,0.417349,0.417349,0.0280991829932,-0.3892498170068,0.3892498170068
polar1m,83,43,H,15.84463472,15.24501263,10.12008071,1.0,0.333367,0.333367,0.0156151950359,-0.31775180496410005,0.31775180496410005
polar1m,83,44,H,16.25509775,14.51915119,13.35726868,1.0,0.388659,0.388659,0.0278226472437,-0.3608363527563,0.3608363527563
polar1m,83,45,O,10.04874573,15.72051069,12.44824333,-2.0,1.306279,-0.693721,-0.0743704289198,0.6193505710802001,0.6193505710802001
polar1m,83,46,H,11.37818786,14.00253531,13.02228069,1.0,0.356698,0.356698,0.0227099321783,-0.33398806782170004,0.33398806782170004
polar1m,83,47,O,13.1673946,14.02689157,11.42867907,-2.0,1.200272,-0.799728,-0.0281728804111,0.7715551195889,0.7715551195889
polar1m,83,48,H,10.44805178,14.1401676,11.31368556,1.0,0.377388,0.377388,0.0267115347087,-0.3506764652913,0.3506764652913
polar1m,83,49,H,10.74489355,10.41923668,9.43505409,1.0,0.41173,0.41173,0.0295412354171,-0.38218876458289996,0.38218876458289996
polar1m,83,50,H,13.66272342,10.57147607,14.0544855,1.0,0.429145,0.429145,0.0325236693025,-0.3966213306975,0.3966213306975
polar1m,83,51,H,15.68136521,15.76971976,12.24889778,1.0,0.387705,0.387705,0.0205152891576,-0.36718971084240004,0.36718971084240004
polar1m,83,52,O,15.33476245,12.86446855,12.59201462,-2.0,1.23035,-0.76965,-0.070290595293,0.699359404707,0.699359404707
polar1m,83,53,H,10.80601211,15.19191776,13.02013056,1.0,0.315258,0.315258,0.0256863683462,-0.28957163165379995,0.28957163165379995
polar1m,83,54,O,11.14512628,13.38772116,13.65939041,-2.0,1.22159,-0.77841,-0.0533104091883,0.7250995908117001,0.7250995908117001
polar1m,83,55,H,10.63478151,10.20457165,14.53897132,1.0,0.351983,0.351983,0.0245998799801,-0.3273831200199,0.3273831200199
polar1m,83,56,H,10.8465133,11.46687489,10.72265389,1.0,0.379259,0.379259,0.0193997845054,-0.35985921549460004,0.35985921549460004
polar1m,83,57,H,10.51775157,17.82340218,12.14178055,1.0,0.408888,0.408888,0.0366721004248,-0.37221589957519996,0.37221589957519996
polar1m,83,58,H,14.27024097,15.82281677,9.53990837,1.0,0.473589,0.473589,0.0328942835331,-0.4406947164669,0.4406947164669
polar1m,83,59,O,10.90904216,8.77810353,14.76579138,-2.0,1.298638,-0.701362,0.0151211842895,0.7164831842895001,0.7164831842895001
polar1m,83,60,H,10.57118771,13.15033841,10.53546977,1.0,0.394134,0.394134,0.0270276591182,-0.3671063408818,0.3671063408818
polar1m,84,0,H,9.9495793,8.7278092,12.50197295,1.0,0.418946,0.418946,0.0204051397741,-0.39854086022589996,0.39854086022589996
polar1m,84,1,H,12.42012727,13.29194049,8.56889553,1.0,0.392341,0.392341,0.0191914588213,-0.3731495411787,0.3731495411787
polar1m,84,2,H,12.87783279,12.37065211,11.03798552,1.0,0.393049,0.393049,0.0358734354377,-0.3571755645623,0.3571755645623
polar1m,84,3,O,10.6892822,11.15166372,13.97566283,-2.0,1.36462,-0.6353800000000001,0.015291146934,0.6506711469340001,0.6506711469340001
polar1m,84,4,H,13.02503589,11.28680802,12.6210621,1.0,0.384561,0.384561,0.12752597034,-0.25703502966,0.25703502966
polar1m,84,5,O,8.80506569,11.7495952,12.75087775,-2.0,1.171597,-0.828403,-0.0334920659661,0.7949109340339,0.7949109340339
polar1m,84,6,O,11.49375648,13.45378947,8.80625326,-2.0,1.176207,-0.823793,-0.0606265217066,0.7631664782934,0.7631664782934
polar1m,84,7,H,13.20279533,13.84034184,14.0724628,1.0,0.393678,0.393678,0.0171774998307,-0.3765005001693,0.3765005001693
polar1m,84,8,O,13.51619551,13.00531422,14.0804041,-2.0,1.041607,-0.958393,-0.434731066227,0.5236619337730001,0.5236619337730001
polar1m,84,9,O,10.69821729,11.40958144,9.68248258,-2.0,1.270981,-0.7290190000000001,-0.00457862019539,0.7244403798046101,0.7244403798046101
polar1m,84,10,H,11.38410153,12.44405997,8.95841559,1.0,0.375657,0.375657,0.0152011401951,-0.3604558598049,0.3604558598049
polar1m,84,11,O,12.61167819,11.42561185,11.41057088,-2.0,1.450472,-0.549528,0.622368574142,1.171896574142,1.171896574142
polar1m,84,12,H,11.8976507,18.30686897,11.89585828,1.0,0.42632,0.42632,0.0304667484015,-0.3958532515985,0.3958532515985
polar1m,84,13,H,10.60956279,12.81351569,13.15243885,1.0,0.341775,0.341775,0.0217017121613,-0.3200732878387,0.3200732878387
polar1m,84,14,H,12.63925816,12.82438721,14.82046148,1.0,0.362262,0.362262,0.0138033777475,-0.34845862225249996,0.34845862225249996
polar1m,84,15,H,11.063903,16.4655725,12.01787758,1.0,0.339019,0.339019,0.0264842361212,-0.3125347638788,0.3125347638788
polar1m,84,16,O,10.31618539,9.50374268,12.08331878,-2.0,1.150977,-0.8490230000000001,-0.0631026178598,0.7859203821402001,0.7859203821402001
polar1m,84,17,H,9.80078837,11.05252795,14.40910967,1.0,0.43106,0.43106,0.0351397171617,-0.3959202828383,0.3959202828383
polar1m,84,18,H,11.70626687,13.30503189,16.34970288,1.0,0.464335,0.464335,0.0299359746277,-0.4343990253723,0.4343990253723
polar1m,84,19,H,12.50797614,10.52105919,14.6687552,1.0,0.400537,0.400537,0.0211154669523,-0.3794215330477,0.3794215330477
polar1m,84,20,O,10.49642464,13.20472992,11.28557335,-2.0,1.221739,-0.7782610000000001,-0.0265728905797,0.7516881094203001,0.7516881094203001
polar1m,84,21,H,8.08147835,12.31947025,12.77593427,1.0,0.440394,0.440394,0.023217888549,-0.41717611145100003,0.41717611145100003
polar1m,84,22,H,12.0,12.0,12.0,1.0,0.39165,0.39165,0.0374883823097,-0.35416161769029997,0.35416161769029997
polar1m,84,23,H,9.29743192,12.31275438,12.12061571,1.0,0.377257,0.377257,0.0144240520895,-0.3628329479105,0.3628329479105
polar1m,84,24,O,11.45314053,17.57836856,11.32464161,-2.0,1.26651,-0.73349,0.0451360046864,0.7786260046864,0.7786260046864
polar1m,84,25,O,12.98585426,10.11428678,13.95887598,-2.0,1.241054,-0.7589459999999999,-0.00963732600212,0.7493086739978799,0.7493086739978799
polar1m,84,26,O,12.07642835,12.65983414,15.79866979,-2.0,1.353905,-0.6460950000000001,0.296855270863,0.9429502708630001,0.9429502708630001
polar1m,84,27,H,12.96317002,14.91935291,11.20517839,1.0,0.436167,0.436167,0.0236927308142,-0.41247426918580005,0.41247426918580005
polar1m,84,28,H,10.45457113,10.31888693,12.70390244,1.0,0.343056,0.343056,0.0105168484151,-0.33253915158490005,0.33253915158490005
polar1m,84,29,H,11.47130108,11.71238176,15.4694382,1.0,0.335251,0.335251,0.049606949091,-0.285644050909,0.285644050909
polar1m,84,30,H,13.9945415,13.67284588,10.81418593,1.0,0.451441,0.451441,0.0242258273065,-0.42721517269349996,0.42721517269349996
polar1m,84,31,O,10.24220776,15.75774999,12.3765513,-2.0,1.220413,-0.779587,-0.114056818187,0.665530181813,0.665530181813
polar1m,84,32,H,11.48843971,14.06329053,12.71494492,1.0,0.308458,0.308458,0.0254220999777,-0.2830359000223,0.2830359000223
polar1m,84,33,O,13.33908718,14.04459182,11.33041612,-2.0,1.217067,-0.7829330000000001,-0.00712799280882,0.7758050071911801,0.7758050071911801
polar1m,84,34,H,10.63811234,14.15268962,11.21893498,1.0,0.400873,0.400873,0.0264160521328,-0.37445694786719996,0.37445694786719996
polar1m,84,35,H,10.81919191,10.49901739,9.41518231,1.0,0.445543,0.445543,0.0264264419675,-0.41911655803250003,0.41911655803250003
polar1m,84,36,H,13.78206282,10.45168293,13.98210476,1.0,0.475012,0.475012,0.0242617260665,-0.4507502739335,0.4507502739335
polar1m,84,37,H,10.94109251,15.26736268,12.91340505,1.0,0.346689,0.346689,0.0188741236925,-0.3278148763075,0.3278148763075
polar1m,84,38,O,11.34974166,13.40381425,13.54530239,-2.0,1.322849,-0.6771510000000001,-0.0575617998838,0.6195892001162,0.6195892001162
polar1m,84,39,H,10.75850428,10.19070337,14.28793765,1.0,0.400967,0.400967,0.0353389233351,-0.36562807666490005,0.36562807666490005
polar1m,84,40,H,10.97079622,11.54909469,10.56041636,1.0,0.387264,0.387264,0.0180603340268,-0.3692036659732,0.3692036659732
polar1m,84,41,H,10.82381242,17.7446801,11.9432487,1.0,0.467065,0.467065,0.0328476130962,-0.4342173869038,0.4342173869038
polar1m,84,42,H,10.7915718,13.23166168,10.38923031,1.0,0.399375,0.399375,0.0269948393106,-0.3723801606894,0.3723801606894
polar1m,85,0,H,10.22110927,8.71040393,12.52109403,1.0,0.413398,0.413398,0.0354815833271,-0.3779164166729,0.3779164166729
polar1m,85,1,H,13.00125522,12.34564055,11.02240679,1.0,0.410943,0.410943,0.0330870971084,-0.3778559028916,0.3778559028916
polar1m,85,2,O,10.92484728,11.16560136,13.87221947,-2.0,1.346782,-0.6532180000000001,0.011678211391,0.6648962113910001,0.6648962113910001
polar1m,85,3,H,13.14413888,11.37722345,12.24322187,1.0,0.425705,0.425705,0.0371335744858,-0.3885714255142,0.3885714255142
polar1m,85,4,O,9.02197241,11.75419951,12.62963198,-2.0,1.215135,-0.7848649999999999,-0.0367995798588,0.7480654201411999,0.7480654201411999
polar1m,85,5,H,13.45582627,13.94727473,14.00066327,1.0,0.327434,0.327434,0.0150340646505,-0.3123999353495,0.3123999353495
polar1m,85,6,O,13.77965898,13.01909089,13.93830332,-2.0,1.001413,-0.9985869999999999,-0.75882679224,0.23976020775999984,0.23976020775999984
polar1m,85,7,O,10.9141753,11.40921325,9.55125824,-2.0,1.163387,-0.836613,-0.0429421700537,0.7936708299463,0.7936708299463
polar1m,85,8,O,12.35159377,7.92110042,11.72247229,-2.0,1.09756,-0.9024399999999999,-0.109966143966,0.7924738560339999,0.7924738560339999
polar1m,85,9,O,12.88032753,11.41868384,11.31309508,-2.0,1.447549,-0.552451,0.625231564045,1.177682564045,1.177682564045
polar1m,85,10,H,10.90876775,12.83773422,12.93590004,1.0,0.321639,0.321639,0.01949679479,-0.30214220521,0.30214220521
polar1m,85,11,H,12.82167123,12.8195492,14.88130024,1.0,0.395459,0.395459,0.0129309818149,-0.3825280181851,0.3825280181851
polar1m,85,12,O,10.56756053,9.51132095,11.93463135,-2.0,1.324523,-0.6754770000000001,0.0119415968657,0.6874185968657001,0.6874185968657001
polar1m,85,13,H,10.00011179,11.11544403,14.22100542,1.0,0.42667,0.42667,0.0313938558102,-0.3952761441898,0.3952761441898
polar1m,85,14,H,11.84980578,13.38489248,16.19172261,1.0,0.453821,0.453821,0.0398024693131,-0.4140185306869,0.4140185306869
polar1m,85,15,H,12.69964962,10.62118024,14.43070439,1.0,0.375949,0.375949,0.0173532366753,-0.3585957633247,0.3585957633247
polar1m,85,16,O,10.73113796,13.18029287,11.13378735,-2.0,1.368955,-0.6310450000000001,0.0177442282438,0.6487892282438,0.6487892282438
polar1m,85,17,H,8.30214145,12.38313678,12.62740469,1.0,0.428019,0.428019,0.0223704613745,-0.4056485386255,0.4056485386255
polar1m,85,18,H,13.1860775,8.09560463,12.12217884,1.0,0.400661,0.400661,0.0168724916875,-0.3837885083125,0.3837885083125
polar1m,85,19,H,12.0,12.0,12.0,1.0,0.361902,0.361902,0.139452546835,-0.222449453165,0.222449453165
polar1m,85,20,H,9.62861415,12.39528882,12.08886847,1.0,0.345403,0.345403,0.0110950134695,-0.33430798653050003,0.33430798653050003
polar1m,85,21,O,13.22968186,10.09516146,13.83742896,-2.0,1.260626,-0.739374,-0.0279687717557,0.7114052282443,0.7114052282443
polar1m,85,22,O,12.32345825,12.6741295,15.63329591,-2.0,1.404178,-0.5958220000000001,0.608600437641,1.204422437641,1.204422437641
polar1m,85,23,H,13.1384803,14.9991683,11.05292834,1.0,0.400917,0.400917,0.0253097265959,-0.37560727340410005,0.37560727340410005
polar1m,85,24,H,10.82492118,10.29921411,12.4443834,1.0,0.357682,0.357682,0.0160301178694,-0.3416518821306,0.3416518821306
polar1m,85,25,H,11.67096439,11.79229431,15.3182483,1.0,0.366816,0.366816,0.0491608455777,-0.31765515442229997,0.31765515442229997
polar1m,85,26,H,14.40996407,13.67817942,10.67470366,1.0,0.416952,0.416952,0.0293018780649,-0.3876501219351,0.3876501219351
polar1m,85,27,H,11.69094699,13.95373735,12.54753676,1.0,0.348089,0.348089,0.0199561752379,-0.3281328247621,0.3281328247621
polar1m,85,28,O,13.56305418,14.05346664,11.22391144,-2.0,1.295982,-0.704018,-0.00766529142857,0.6963527085714301,0.6963527085714301
polar1m,85,29,H,10.87708055,14.22673671,11.22454932,1.0,0.389022,0.389022,0.0342087484896,-0.3548132515104,0.3548132515104
polar1m,85,30,H,10.96435108,10.52060726,9.36712742,1.0,0.466061,0.466061,0.0234421286732,-0.4426188713268,0.4426188713268
polar1m,85,31,H,14.25290265,10.44133412,13.947029,1.0,0.411852,0.411852,0.0297989416867,-0.3820530583133,0.3820530583133
polar1m,85,32,H,11.76160266,8.82315009,11.9283021,1.0,0.334826,0.334826,0.00768634304404,-0.32713965695596003,0.32713965695596003
polar1m,85,33,O,11.61156458,13.42470902,13.39256019,-2.0,1.324414,-0.675586,-0.0512809157372,0.6243050842628001,0.6243050842628001
polar1m,85,34,H,11.03449523,10.15422899,13.99437595,1.0,0.398114,0.398114,0.0378560349345,-0.3602579650655,0.3602579650655
polar1m,85,35,H,11.15915008,11.56996487,10.4269549,1.0,0.370042,0.370042,0.00999617576599,-0.36004582423401,0.36004582423401
polar1m,85,36,H,11.11370857,13.21658409,10.05894627,1.0,0.402124,0.402124,0.0460024029016,-0.35612159709839997,0.35612159709839997
polar1m,86,0,H,10.52838828,8.84728136,12.54671549,1.0,0.415746,0.415746,0.0400414094329,-0.3757045905671,0.3757045905671
polar1m,86,1,H,13.19638229,12.41755809,11.03161418,1.0,0.40071,0.40071,0.0287947133183,-0.3719152866817,0.3719152866817
polar1m,86,2,O,11.15872173,11.21306342,13.81917513,-2.0,1.312786,-0.687214,-0.00275205075741,0.68446194924259,0.68446194924259
polar1m,86,3,H,13.38579351,11.45906924,12.09069211,1.0,0.444593,0.444593,0.0326631553471,-0.4119298446529,0.4119298446529
polar1m,86,4,O,9.24694342,11.8081994,12.54139131,-2.0,1.246435,-0.753565,-0.0318762660027,0.7216887339973,0.7216887339973
polar1m,86,5,H,11.55981392,14.55154386,16.74383212,1.0,0.396258,0.396258,0.0337384566665,-0.3625195433335,0.3625195433335
polar1m,86,6,H,13.76603555,14.05580116,13.90412687,1.0,0.317787,0.317787,0.019708044827,-0.298078955173,0.298078955173
polar1m,86,7,O,14.04625643,13.07197457,13.84302899,-2.0,1.067553,-0.932447,-0.559056043625,0.37339095637499997,0.37339095637499997
polar1m,86,8,O,11.12934723,11.44943222,9.45984669,-2.0,1.230774,-0.769226,-0.0474411174655,0.7217848825345,0.7217848825345
polar1m,86,9,O,12.58467621,7.97047662,11.62728223,-2.0,1.088384,-0.911616,-0.11506035924,0.79655564076,0.79655564076
polar1m,86,10,O,13.1381648,11.45756698,11.2571268,-2.0,1.419393,-0.5806070000000001,0.398727238178,0.9793342381780001,0.9793342381780001
polar1m,86,11,H,11.27403418,12.94577916,12.87998544,1.0,0.366991,0.366991,0.0209423154593,-0.34604868454070004,0.34604868454070004
polar1m,86,12,H,13.24427461,12.92393821,14.73127289,1.0,0.366194,0.366194,0.00975419580936,-0.35643980419064003,0.35643980419064003
polar1m,86,13,O,10.814213,9.55337806,11.83003358,-2.0,1.330726,-0.6692739999999999,0.0216017514467,0.6908757514466999,0.6908757514466999
polar1m,86,14,H,10.22715145,11.2463485,14.04575075,1.0,0.427178,0.427178,0.0300034210086,-0.3971745789914,0.3971745789914
polar1m,86,15,H,11.97129613,13.437692,15.98642272,1.0,0.383611,0.383611,0.0357593819499,-0.3478516180501,0.3478516180501
polar1m,86,16,H,12.93261073,10.75894614,14.24372952,1.0,0.372938,0.372938,0.0167221650481,-0.3562158349519,0.3562158349519
polar1m,86,17,O,10.97115462,13.21368822,11.01087267,-2.0,1.360865,-0.639135,0.0220170170069,0.6611520170069,0.6611520170069
polar1m,86,18,H,10.45370468,14.30148839,17.49594319,1.0,0.403564,0.403564,0.0317943505943,-0.3717696494057,0.3717696494057
polar1m,86,19,O,10.68133187,14.07557514,16.42875536,-2.0,1.321662,-0.6783380000000001,0.00241786986589,0.6807558698658901,0.6807558698658901
polar1m,86,20,H,8.45960785,12.48473904,12.5102604,1.0,0.40134,0.40134,0.0264351926744,-0.3749048073256,0.3749048073256
polar1m,86,21,H,13.46237714,8.07279406,11.92096833,1.0,0.412594,0.412594,0.0184732489288,-0.39412075107120004,0.39412075107120004
polar1m,86,22,H,12.0,12.0,12.0,1.0,0.335121,0.335121,0.331330746412,-0.0037902535880000032,0.0037902535880000032
polar1m,86,23,H,9.87854419,12.40319351,12.11822036,1.0,0.358421,0.358421,0.00984309613705,-0.34857790386295,0.34857790386295
polar1m,86,24,O,13.48634279,10.12069646,13.75256492,-2.0,1.255419,-0.7445809999999999,-0.0324751287699,0.7121058712300999,0.7121058712300999
polar1m,86,25,O,12.55078637,12.71385321,15.53126656,-2.0,1.325307,-0.674693,0.404274493456,1.078967493456,1.078967493456
polar1m,86,26,H,13.42727626,14.95245551,10.90048784,1.0,0.427083,0.427083,0.0233397819102,-0.4037432180898,0.4037432180898
polar1m,86,27,H,11.15022348,10.30313795,12.24491319,1.0,0.370395,0.370395,0.0172834359109,-0.3531115640891,0.3531115640891
polar1m,86,28,H,11.9150531,12.06427443,15.24438999,1.0,0.396064,0.396064,0.0250685252249,-0.37099547477510003,0.37099547477510003
polar1m,86,29,H,14.67102001,13.849614,10.61820117,1.0,0.417429,0.417429,0.0303527154028,-0.3870762845972,0.3870762845972
polar1m,86,30,H,11.98760902,13.86303592,12.49070915,1.0,0.395627,0.395627,0.0214437842369,-0.3741832157631,0.3741832157631
polar1m,86,31,O,13.78180455,14.1015825,11.16233798,-2.0,1.272476,-0.7275240000000001,-0.00691498070955,0.7206090192904501,0.7206090192904501
polar1m,86,32,H,11.06523904,14.19066272,11.30635375,1.0,0.397965,0.397965,0.0341688804328,-0.36379611956720004,0.36379611956720004
polar1m,86,33,H,11.12003972,10.41725212,9.32657208,1.0,0.422471,0.422471,0.027071647346,-0.395399352654,0.395399352654
polar1m,86,34,H,14.51131812,10.43388514,13.96717207,1.0,0.404486,0.404486,0.0303298048675,-0.37415619513250004,0.37415619513250004
polar1m,86,35,H,11.9360425,8.79789763,11.92424319,1.0,0.337575,0.337575,0.00866720825434,-0.32890779174566004,0.32890779174566004
polar1m,86,36,O,11.85911741,13.48864726,13.27411435,-2.0,1.257773,-0.742227,-0.0510217770934,0.6912052229065999,0.6912052229065999
polar1m,86,37,H,11.35329892,10.19722758,13.76991568,1.0,0.385557,0.385557,0.0369274131954,-0.3486295868046,0.3486295868046
polar1m,86,38,H,11.33766623,11.58265558,10.41279468,1.0,0.344353,0.344353,0.00854539498687,-0.33580760501313,0.33580760501313
polar1m,86,39,H,11.37349249,13.23803578,9.93457106,1.0,0.408395,0.408395,0.0483569204807,-0.3600380795193,0.3600380795193
polar1m,87,0,H,10.81876792,9.11399767,12.53812696,1.0,0.422269,0.422269,0.0368123352528,-0.38545666474720003,0.38545666474720003
polar1m,87,1,H,13.41231742,12.5530513,11.049202,1.0,0.403942,0.403942,0.0325096845627,-0.37143231543730004,0.37143231543730004
polar1m,87,2,O,11.37437553,11.29336315,13.79500647,-2.0,1.291713,-0.7082870000000001,0.00387997925282,0.7121669792528201,0.7121669792528201
polar1m,87,3,H,13.74813226,11.52489031,12.3118462,1.0,0.366121,0.366121,0.0453057587147,-0.3208152412853,0.3208152412853
polar1m,87,4,O,9.44432269,11.90942938,12.47635965,-2.0,1.229171,-0.770829,-0.0254311561584,0.7453978438416,0.7453978438416
polar1m,87,5,O,11.32527853,11.51133799,9.3995027,-2.0,1.220863,-0.779137,-0.0487628355622,0.7303741644378,0.7303741644378
polar1m,87,6,O,12.78901191,8.06187597,11.55929342,-2.0,1.125752,-0.8742479999999999,-0.0620492734015,0.8121987265984999,0.8121987265984999
polar1m,87,7,O,13.36329838,11.5408498,11.21374769,-2.0,1.50889,-0.49110999999999994,0.273311018944,0.7644210189439999,0.7644210189439999
polar1m,87,8,H,11.45592417,12.9275342,12.86978219,1.0,0.34452,0.34452,0.0270662792027,-0.3174537207973,0.3174537207973
polar1m,87,9,O,11.03203422,9.62353604,11.75347361,-2.0,1.322928,-0.6770719999999999,-0.0243711397052,0.6527008602947999,0.6527008602947999
polar1m,87,10,H,10.4248879,11.39602756,13.88013768,1.0,0.4357,0.4357,0.0323950573802,-0.4033049426198,0.4033049426198
polar1m,87,11,H,13.20012838,10.89770281,14.06938237,1.0,0.401387,0.401387,0.0187559612095,-0.3826310387905,0.3826310387905
polar1m,87,12,O,11.19389494,13.29844735,10.90630259,-2.0,1.279189,-0.7208110000000001,0.0308722406626,0.7516832406626001,0.7516832406626001
polar1m,87,13,H,8.69540612,12.52855071,12.38993277,1.0,0.438692,0.438692,0.0313122235239,-0.4073797764761,0.4073797764761
polar1m,87,14,H,13.78629953,8.12969176,11.79871617,1.0,0.384843,0.384843,0.022825865075,-0.362017134925,0.362017134925
polar1m,87,15,H,12.0,12.0,12.0,1.0,0.312412,0.312412,0.438216596842,0.12580459684199996,0.12580459684199996
polar1m,87,16,H,10.10298282,12.42913845,12.11847777,1.0,0.370705,0.370705,0.0115699544549,-0.3591350455451,0.3591350455451
polar1m,87,17,O,13.73409562,10.19229143,13.69316859,-2.0,1.205917,-0.7940830000000001,-0.0158190950751,0.7782639049249,0.7782639049249
polar1m,87,18,H,11.44978522,10.43318917,12.12930686,1.0,0.3261,0.3261,0.0161446258426,-0.3099553741574,0.3099553741574
polar1m,87,19,H,12.42226964,13.96180707,12.2824506,1.0,0.358806,0.358806,0.0257425904274,-0.3330634095726,0.3330634095726
polar1m,87,20,H,11.19090947,14.10161533,11.37243918,1.0,0.436931,0.436931,0.0369217135012,-0.4000092864988,0.4000092864988
polar1m,87,21,H,11.24728756,10.47407651,9.31255401,1.0,0.418307,0.418307,0.0308710746467,-0.38743592535329996,0.38743592535329996
polar1m,87,22,H,14.52178457,10.42188747,13.99985083,1.0,0.47693,0.47693,0.0271841287613,-0.4497458712387,0.4497458712387
polar1m,87,23,H,12.2161007,8.7099702,11.86760914,1.0,0.384116,0.384116,0.00768601149321,-0.37642998850679,0.37642998850679
polar1m,87,24,O,12.08153464,13.59784025,13.19677899,-2.0,1.329927,-0.6700729999999999,-0.0516065657139,0.6184664342860999,0.6184664342860999
polar1m,87,25,H,11.63613157,10.36226029,13.64459243,1.0,0.39874,0.39874,0.0333563946187,-0.3653836053813,0.3653836053813
polar1m,87,26,H,11.45528302,11.58038058,10.35120165,1.0,0.345023,0.345023,0.00807136297226,-0.33695163702774,0.33695163702774
polar1m,87,27,H,11.54335926,13.33961556,10.03410135,1.0,0.460105,0.460105,0.0372292026877,-0.42287579731229996,0.42287579731229996
polar1m,88,0,H,11.00428274,9.37794742,12.58831353,1.0,0.412725,0.412725,0.029340904206,-0.383384095794,0.383384095794
polar1m,88,1,H,13.59852816,12.62970527,11.10046292,1.0,0.405959,0.405959,0.031920298934,-0.374038701066,0.374038701066
polar1m,88,2,O,11.53817394,11.39082743,13.80137004,-2.0,1.323624,-0.6763760000000001,0.025399133563,0.7017751335630001,0.7017751335630001
polar1m,88,3,H,13.99055699,11.56786301,12.3673161,1.0,0.353658,0.353658,0.0563870482147,-0.29727095178529994,0.29727095178529994
polar1m,88,4,O,9.58342823,12.02295421,12.44129178,-2.0,1.249058,-0.750942,-0.0266559049487,0.7242860950513,0.7242860950513
polar1m,88,5,H,12.01088649,14.64445263,16.41365294,1.0,0.412941,0.412941,0.0332526788116,-0.3796883211884,0.3796883211884
polar1m,88,6,H,14.48787513,14.22498805,13.53204143,1.0,0.422023,0.422023,0.0361726284027,-0.38585037159729996,0.38585037159729996
polar1m,88,7,O,14.50393804,13.2822183,13.73140806,-2.0,1.242069,-0.7579309999999999,0.0178490355611,0.7757800355610999,0.7757800355610999
polar1m,88,8,O,11.46907575,11.5707555,9.37099892,-2.0,1.163171,-0.836829,-0.0457486100495,0.7910803899505,0.7910803899505
polar1m,88,9,O,13.53494195,11.64806539,11.21610189,-2.0,1.51007,-0.48993,0.175042554736,0.6649725547359999,0.6649725547359999
polar1m,88,10,H,11.59304672,12.92021606,12.92828756,1.0,0.305815,0.305815,0.0329037643969,-0.2729112356031,0.2729112356031
polar1m,88,11,H,14.02864028,13.04756043,14.50556273,1.0,0.397254,0.397254,0.0215366259217,-0.37571737407829997,0.37571737407829997
polar1m,88,12,H,15.40604247,13.01060992,12.72956141,1.0,0.31368,0.31368,0.0162253677845,-0.2974546322155,0.2974546322155
polar1m,88,13,O,11.19347247,9.71425008,11.70711968,-2.0,1.273728,-0.726272,-0.0446722432971,0.6815997567029001,0.6815997567029001
polar1m,88,14,H,10.55738669,11.5118875,13.72358934,1.0,0.421675,0.421675,0.0386119410396,-0.38306305896040005,0.38306305896040005
polar1m,88,15,H,12.19731147,13.51995573,15.55664252,1.0,0.391863,0.391863,0.0231422074139,-0.3687207925861,0.3687207925861
polar1m,88,16,H,13.40777801,11.03387706,13.9452966,1.0,0.37966,0.37966,0.016403824091,-0.363256175909,0.363256175909
polar1m,88,17,O,11.35661026,13.39637338,10.84150647,-2.0,1.259684,-0.740316,0.0194558054209,0.7597718054209,0.7597718054209
polar1m,88,18,H,11.05904259,14.37832649,17.29725568,1.0,0.43287,0.43287,0.0332692340016,-0.3996007659984,0.3996007659984
polar1m,88,19,O,11.10195684,14.22264959,16.30798944,-2.0,1.252529,-0.747471,-0.00683623552322,0.74063476447678,0.74063476447678
polar1m,88,20,H,8.89701164,12.60282657,12.25749934,1.0,0.466413,0.466413,0.032335717231,-0.43407728276900004,0.43407728276900004
polar1m,88,21,H,12.0,12.0,12.0,1.0,0.292436,0.292436,0.479959756136,0.18752375613600003,0.18752375613600003
polar1m,88,22,H,10.3388821,12.53392546,12.03719254,1.0,0.340426,0.340426,0.0141876935959,-0.3262383064041,0.3262383064041
polar1m,88,23,H,17.21307807,13.08191806,12.75688779,1.0,0.373987,0.373987,0.0294439103454,-0.3445430896546,0.3445430896546
polar1m,88,24,O,13.91661243,10.2812043,13.65355616,-2.0,1.272439,-0.7275609999999999,-0.0165275335312,0.7110334664688,0.7110334664688
polar1m,88,25,O,12.90093465,12.8927543,15.4553465,-2.0,1.220507,-0.779493,-0.059282310307,0.720210689693,0.720210689693
polar1m,88,26,H,11.65954429,10.5414735,12.00258674,1.0,0.315239,0.315239,0.0151784513146,-0.3000605486854,0.3000605486854
polar1m,88,27,H,12.07167162,12.36961379,14.97371374,1.0,0.347318,0.347318,0.021279618144,-0.32603838185600004,0.32603838185600004
polar1m,88,28,H,12.81666202,14.0485053,12.22703658,1.0,0.339612,0.339612,0.0398066863418,-0.2998053136582,0.2998053136582
polar1m,88,29,H,11.24156364,14.13185035,11.46094631,1.0,0.418864,0.418864,0.0352699235082,-0.3835940764918,0.3835940764918
polar1m,88,30,H,11.31000521,10.66681071,9.29416332,1.0,0.450409,0.450409,0.0272363498807,-0.4231726501193,0.4231726501193
polar1m,88,31,H,14.72160299,10.48114623,14.17186629,1.0,0.449095,0.449095,0.034559879452,-0.414535120548,0.414535120548
polar1m,88,32,O,16.40581974,13.02534002,12.09458738,-2.0,1.147191,-0.8528089999999999,-0.147763282061,0.705045717939,0.705045717939
polar1m,88,33,O,12.24676804,13.73036791,13.14303745,-2.0,1.378142,-0.621858,-0.0704237222672,0.5514342777328001,0.5514342777328001
polar1m,88,34,H,11.83814543,10.52761084,13.62085737,1.0,0.421868,0.421868,0.0377709046006,-0.3840970953994,0.3840970953994
polar1m,88,35,H,11.50487786,11.58554992,10.30091032,1.0,0.362032,0.362032,0.0072628185153,-0.35476918148470005,0.35476918148470005
polar1m,88,36,H,11.71984592,13.52701533,10.04978989,1.0,0.479967,0.479967,0.0367051512003,-0.4432618487997,0.4432618487997
polar1m,89,0,O,13.42952255,8.40310506,16.39566035,-2.0,1.266633,-0.7333670000000001,0.00549291819334,0.7388599181933401,0.7388599181933401
polar1m,89,1,H,11.05271987,9.59531209,12.683785,1.0,0.389338,0.389338,0.0349330827594,-0.3544049172406,0.3544049172406
polar1m,89,2,H,13.72612788,12.68227705,11.18337164,1.0,0.430766,0.430766,0.0306088924408,-0.4001571075592,0.4001571075592
polar1m,89,3,O,11.62568517,11.49779544,13.84503267,-2.0,1.357171,-0.6428290000000001,0.0157860815525,0.6586150815525001,0.6586150815525001
polar1m,89,4,H,14.06454041,11.59105834,12.19816335,1.0,0.397132,0.397132,0.0276978649199,-0.3694341350801,0.3694341350801
polar1m,89,5,O,9.66285777,12.13474793,12.43871084,-2.0,1.287511,-0.7124889999999999,-0.0267415195704,0.6857474804295999,0.6857474804295999
polar1m,89,6,H,12.24041135,14.80809511,16.22616585,1.0,0.375581,0.375581,0.0452017113566,-0.3303792886434,0.3303792886434
polar1m,89,7,H,13.98148347,9.20787318,16.13982163,1.0,0.390396,0.390396,0.027274062857,-0.363121937143,0.363121937143
polar1m,89,8,H,14.71973713,14.37860477,13.37695112,1.0,0.357632,0.357632,0.0296899098903,-0.3279420901097,0.3279420901097
polar1m,89,9,O,14.65864812,13.3984159,13.70706019,-2.0,1.136688,-0.8633120000000001,-0.234938815236,0.6283731847640001,0.6283731847640001
polar1m,89,10,O,11.54552168,11.63028361,9.37806545,-2.0,1.203123,-0.7968770000000001,-0.0450883097947,0.7517886902053,0.7517886902053
polar1m,89,11,H,13.89937794,8.32679079,17.26656158,1.0,0.43936,0.43936,0.0332836173475,-0.40607638265249996,0.40607638265249996
polar1m,89,12,O,13.06501339,8.2446248,11.50263509,-2.0,1.111355,-0.8886449999999999,-0.0897801741958,0.7988648258041999,0.7988648258041999
polar1m,89,13,O,13.63823542,11.75934861,11.27413322,-2.0,1.424605,-0.5753950000000001,0.140176832676,0.7155718326760001,0.7155718326760001
polar1m,89,14,H,11.71567938,9.72200433,14.85398556,1.0,0.361282,0.361282,0.0259175281972,-0.3353644718028,0.3353644718028
polar1m,89,15,H,11.82620282,13.05592882,13.06097425,1.0,0.33979,0.33979,0.0216872021556,-0.3181027978444,0.3181027978444
polar1m,89,16,H,14.07152364,13.02797343,14.70826431,1.0,0.34385,0.34385,0.0436584353447,-0.3001915646553,0.3001915646553
polar1m,89,17,O,11.28271998,9.81454939,11.70084383,-2.0,1.395237,-0.6047629999999999,-0.00772751867771,0.5970354813222899,0.5970354813222899
polar1m,89,18,H,10.66305577,11.57502556,13.58641436,1.0,0.406811,0.406811,0.0397905819118,-0.36702041808819996,0.36702041808819996
polar1m,89,19,H,12.25400423,13.66673778,15.4469744,1.0,0.386355,0.386355,0.0292538255453,-0.3571011744547,0.3571011744547
polar1m,89,20,H,13.52282108,11.17104641,13.88685567,1.0,0.355845,0.355845,0.0163055434823,-0.3395394565177,0.3395394565177
polar1m,89,21,O,11.43763801,13.49505517,10.83347466,-2.0,1.340466,-0.6595340000000001,0.0128614902496,0.6723954902496001,0.6723954902496001
polar1m,89,22,H,11.14578567,14.35870012,17.19176474,1.0,0.472733,0.472733,0.031628228724,-0.441104771276,0.441104771276
polar1m,89,23,O,11.20555313,14.31054062,16.3098792,-2.0,1.254183,-0.745817,-0.00814683735371,0.7376701626462899,0.7376701626462899
polar1m,89,24,H,8.94945291,12.79607789,12.1079541,1.0,0.435457,0.435457,0.0361845493317,-0.39927245066829997,0.39927245066829997
polar1m,89,25,H,13.92803364,8.37715242,11.72595908,1.0,0.423074,0.423074,0.0234363079071,-0.3996376920929,0.3996376920929
polar1m,89,26,H,12.0,12.0,12.0,1.0,0.304975,0.304975,0.49754217267,0.19256717267,0.19256717267
polar1m,89,27,H,10.42395609,12.60626641,11.95646211,1.0,0.335759,0.335759,0.0152122676373,-0.3205467323627,0.3205467323627
polar1m,89,28,H,12.98431937,8.71523319,15.05237684,1.0,0.407246,0.407246,0.0298354886472,-0.3774105113528,0.3774105113528
polar1m,89,29,O,14.03000837,10.37717192,13.64611693,-2.0,1.354373,-0.645627,-0.0302494466305,0.6153775533695,0.6153775533695
polar1m,89,30,O,12.97187367,12.98209115,15.47096792,-2.0,1.273511,-0.7264889999999999,0.0350730419159,0.7615620419158999,0.7615620419158999
polar1m,89,31,H,11.78167181,10.60939924,11.84201185,1.0,0.330294,0.330294,0.0312827266753,-0.29901127332469996,0.29901127332469996
polar1m,89,32,H,12.20102747,12.41788882,14.89443826,1.0,0.347056,0.347056,0.0272537693381,-0.3198022306619,0.3198022306619
polar1m,89,33,H,13.01970113,14.05029738,12.41275762,1.0,0.381094,0.381094,0.0314676240087,-0.3496263759913,0.3496263759913
polar1m,89,34,H,11.23926127,14.22008192,11.53555551,1.0,0.393264,0.393264,0.0336264297366,-0.3596375702634,0.3596375702634
polar1m,89,35,H,11.25934168,10.72478558,9.22270069,1.0,0.435673,0.435673,0.0310926567763,-0.40458034322369996,0.40458034322369996
polar1m,89,36,H,14.91026579,10.55238488,14.38022645,1.0,0.357753,0.357753,0.0426764078438,-0.3150765921562,0.3150765921562
polar1m,89,37,H,12.46031517,9.03891439,11.94947322,1.0,0.329424,0.329424,0.0106076262891,-0.3188163737109,0.3188163737109
polar1m,89,38,O,12.33630356,13.86650754,13.11413072,-2.0,1.286293,-0.7137070000000001,-0.0642863288522,0.6494206711478001,0.6494206711478001
polar1m,89,39,H,11.97717494,10.59320898,13.6672092,1.0,0.376777,0.376777,0.0368346348405,-0.3399423651595,0.3399423651595
polar1m,89,40,H,11.49378311,11.63185653,10.35917903,1.0,0.334668,0.334668,0.00972870737314,-0.32493929262686,0.32493929262686
polar1m,89,41,O,12.34775385,9.09884253,14.38896934,-2.0,1.24174,-0.7582599999999999,-0.0439320132136,0.7143279867864,0.7143279867864
polar1m,89,42,H,11.94512781,13.7989399,9.88118475,1.0,0.427731,0.427731,0.0477887503803,-0.37994224961969997,0.37994224961969997
polar1m,90,0,H,11.91256109,10.39278538,11.66776591,1.0,0.390091,0.390091,0.144300371408,-0.24579062859200002,0.24579062859200002
polar1m,90,1,H,14.19252,12.34590078,10.40861688,1.0,0.360234,0.360234,0.00932594016194,-0.35090805983806,0.35090805983806
polar1m,90,2,H,9.9545506,11.5086005,11.7174714,1.0,0.382583,0.382583,0.0202709846199,-0.3623120153801,0.3623120153801
polar1m,90,3,O,12.05749611,13.94439457,11.5625274,-2.0,1.30707,-0.69293,-0.0200582668185,0.6728717331815001,0.6728717331815001
polar1m,90,4,H,12.0,12.0,12.0,1.0,0.400209,0.400209,0.0270975679159,-0.37311143208409997,0.37311143208409997
polar1m,90,5,H,12.8085263,8.69978261,12.1151081,1.0,0.461207,0.461207,0.0318574346602,-0.42934956533979995,0.42934956533979995
polar1m,90,6,H,14.48315121,11.68566402,12.9314236,1.0,0.39217,0.39217,0.0222888663411,-0.3698811336589,0.3698811336589
polar1m,90,7,O,14.24535904,12.00689994,11.94077392,-2.0,1.335838,-0.6641619999999999,-0.0180944278836,0.6460675721163999,0.6460675721163999
polar1m,90,8,H,11.32316706,14.04022392,13.87407083,1.0,0.443226,0.443226,0.0318178385496,-0.4114081614504,0.4114081614504
polar1m,90,9,H,13.40196039,13.06787805,9.18080939,1.0,0.373595,0.373595,0.0236928835511,-0.3499021164489,0.3499021164489
polar1m,90,10,O,14.34113992,12.73167415,9.51065837,-2.0,1.221871,-0.7781290000000001,-0.0513020902872,0.7268269097128001,0.7268269097128001
polar1m,90,11,O,9.90687226,11.24764925,10.75623645,-2.0,1.222022,-0.7779780000000001,-0.0222570002079,0.7557209997921001,0.7557209997921001
polar1m,90,12,O,12.07607719,13.39792796,13.76239303,-2.0,1.278522,-0.7214780000000001,-0.000262923538685,0.7212150764613151,0.7212150764613151
polar1m,90,13,O,12.1559972,10.75680355,9.55846394,-2.0,1.351555,-0.6484449999999999,0.0333603695035,0.6818053695034999,0.6818053695034999
polar1m,90,14,H,9.94523586,13.05251068,10.68755029,1.0,0.37867,0.37867,0.0119372326881,-0.3667327673119,0.3667327673119
polar1m,90,15,H,13.7007245,12.93444437,12.1750057,1.0,0.333909,0.333909,0.0284757204354,-0.30543327956460004,0.30543327956460004
polar1m,90,16,H,12.64863536,14.40210042,10.80570432,1.0,0.383198,0.383198,0.0292326398194,-0.3539653601806,0.3539653601806
polar1m,90,17,H,11.05847474,11.50837301,9.20970671,1.0,0.364108,0.364108,0.00797794386744,-0.35613005613256,0.35613005613256
polar1m,90,18,H,12.30328774,9.45276039,10.76174492,1.0,0.391504,0.391504,0.0372056514025,-0.35429834859750003,0.35429834859750003
polar1m,90,19,O,12.02988212,9.12411906,11.67934586,-2.0,1.368698,-0.631302,0.455574959517,1.086876959517,1.086876959517
polar1m,90,20,H,9.22889123,10.61060351,10.84014674,1.0,0.43286,0.43286,0.0219101998955,-0.4109498001045,0.4109498001045
polar1m,90,21,O,9.44593746,13.85614812,10.86640931,-2.0,1.138742,-0.8612580000000001,-0.0515730008483,0.8096849991517001,0.8096849991517001
polar1m,90,22,H,10.04013887,11.81235629,8.02208744,1.0,0.400664,0.400664,0.0216096378863,-0.3790543621137,0.3790543621137
polar1m,90,23,H,12.17633215,9.88811898,9.19910848,1.0,0.435719,0.435719,0.03165910393,-0.40405989607000004,0.40405989607000004
polar1m,90,24,H,11.46466373,11.80251569,13.51294847,1.0,0.411796,0.411796,0.0333675518632,-0.3784284481368,0.3784284481368
polar1m,90,25,H,9.91345897,14.6891732,10.80026835,1.0,0.411855,0.411855,0.0213476009667,-0.3905073990333,0.3905073990333
polar1m,90,26,O,11.54119971,11.41605257,12.53129227,-2.0,1.319394,-0.680606,0.136458456516,0.817064456516,0.817064456516
polar1m,90,27,H,12.52992412,13.44715472,14.62088371,1.0,0.431555,0.431555,0.0248538963497,-0.40670110365030004,0.40670110365030004
polar1m,90,28,H,12.75447781,14.09375677,12.26883017,1.0,0.365529,0.365529,0.0221248194575,-0.3434041805425,0.3434041805425
polar1m,90,29,O,10.81018883,12.16775425,8.49092542,-2.0,1.123107,-0.8768929999999999,-0.0951870083809,0.7817059916190999,0.7817059916190999
polar1m,90,30,H,13.13070902,10.9027323,9.7566377,1.0,0.388501,0.388501,0.0309870131314,-0.3575139868686,0.3575139868686
polar1m,91,0,H,11.62152253,10.22127975,11.92760221,1.0,0.387259,0.387259,0.117890357971,-0.269368642029,0.269368642029
polar1m,91,1,H,13.99420648,12.17830456,10.62558229,1.0,0.328294,0.328294,0.0123257413507,-0.31596825864929995,0.31596825864929995
polar1m,91,2,H,9.7614746,11.31577246,11.84325247,1.0,0.36928,0.36928,0.0209756195545,-0.3483043804455,0.3483043804455
polar1m,91,3,O,11.87845387,13.82593055,11.60612295,-2.0,1.270722,-0.7292780000000001,-0.0207266360521,0.7085513639479001,0.7085513639479001
polar1m,91,4,H,12.0,12.0,12.0,1.0,0.345378,0.345378,0.0533089861274,-0.29206901387260004,0.29206901387260004
polar1m,91,5,H,12.50871591,8.44254809,12.03653436,1.0,0.493068,0.493068,0.0296614356339,-0.4634065643661,0.4634065643661
polar1m,91,6,H,13.88255281,11.60070695,13.06061036,1.0,0.397008,0.397008,0.0265072118491,-0.37050078815090004,0.37050078815090004
polar1m,91,7,O,13.9909804,11.90815242,12.04920845,-2.0,1.336197,-0.6638029999999999,0.00740414857864,0.67120714857864,0.67120714857864
polar1m,91,8,H,11.20124824,13.99387693,13.80113313,1.0,0.442413,0.442413,0.0344481542706,-0.4079648457294,0.4079648457294
polar1m,91,9,H,13.22256988,12.97480737,9.3056128,1.0,0.374791,0.374791,0.0223742034286,-0.35241679657139996,0.35241679657139996
polar1m,91,10,O,14.13011323,12.57685059,9.60075086,-2.0,1.228857,-0.7711429999999999,-0.073349609971,0.6977933900289999,0.6977933900289999
polar1m,91,11,O,9.71545178,11.06767397,10.82976234,-2.0,1.256501,-0.7434989999999999,-0.0225386694074,0.7209603305925999,0.7209603305925999
polar1m,91,12,O,11.8961972,13.2493137,13.82701716,-2.0,1.272537,-0.727463,0.00281281769276,0.73027581769276,0.73027581769276
polar1m,91,13,O,11.929515,10.54267987,9.60344558,-2.0,1.327854,-0.6721459999999999,0.0253856405616,0.6975316405615999,0.6975316405615999
polar1m,91,14,H,9.86460997,12.89273294,10.67014228,1.0,0.347819,0.347819,0.0137211233377,-0.3340978766623,0.3340978766623
polar1m,91,15,H,13.55746195,12.77490125,12.14189779,1.0,0.379582,0.379582,0.0291954278946,-0.3503865721054,0.3503865721054
polar1m,91,16,H,12.49336381,14.18593714,10.96601695,1.0,0.420295,0.420295,0.0276851579547,-0.3926098420453,0.3926098420453
polar1m,91,17,H,10.84759065,11.43027016,9.35236267,1.0,0.350609,0.350609,0.00886315852404,-0.34174584147596,0.34174584147596
polar1m,91,18,H,12.08045023,9.17306766,10.75988292,1.0,0.395913,0.395913,0.0346344709396,-0.36127852906040003,0.36127852906040003
polar1m,91,19,O,11.87686457,8.9877899,11.73641658,-2.0,1.314814,-0.6851860000000001,0.342995852232,1.028181852232,1.028181852232
polar1m,91,20,H,9.09038832,10.2987064,10.81939677,1.0,0.408269,0.408269,0.0228414349258,-0.3854275650742,0.3854275650742
polar1m,91,21,O,9.2246179,13.69397122,10.93607994,-2.0,1.183933,-0.8160670000000001,-0.0544551163912,0.7616118836088,0.7616118836088
polar1m,91,22,H,9.88885164,11.53693058,8.0623292,1.0,0.405255,0.405255,0.0214155092835,-0.3838394907165,0.3838394907165
polar1m,91,23,H,12.08141035,9.65329549,9.179751,1.0,0.416145,0.416145,0.0337087363005,-0.3824362636995,0.3824362636995
polar1m,91,24,H,11.4055943,11.56720112,13.4727253,1.0,0.441219,0.441219,0.0281897969544,-0.4130292030456,0.4130292030456
polar1m,91,25,H,9.64741732,14.57959688,10.89644102,1.0,0.397252,0.397252,0.0207556467503,-0.3764963532497,0.3764963532497
polar1m,91,26,O,11.32831244,11.2682614,12.6243801,-2.0,1.360303,-0.639697,0.251176834106,0.890873834106,0.890873834106
polar1m,91,27,H,12.38181374,13.44061532,14.63378311,1.0,0.440358,0.440358,0.0259082913399,-0.4144497086601,0.4144497086601
polar1m,91,28,H,12.47278864,13.78672748,12.40261684,1.0,0.360158,0.360158,0.0212033241987,-0.33895467580129995,0.33895467580129995
polar1m,91,29,O,10.53425195,12.02867832,8.56255732,-2.0,1.131413,-0.868587,-0.0885068923235,0.7800801076765,0.7800801076765
polar1m,91,30,H,12.73737468,10.70918568,9.93975999,1.0,0.416504,0.416504,0.0241878964007,-0.39231610359929997,0.39231610359929997
polar1m,92,0,H,11.49175213,10.12333527,12.22050618,1.0,0.385986,0.385986,0.0739214196801,-0.3120645803199,0.3120645803199
polar1m,92,1,H,13.99725101,12.19205276,10.46608221,1.0,0.382644,0.382644,0.0118910782039,-0.3707529217961,0.3707529217961
polar1m,92,2,H,9.71869334,11.20501701,11.69535298,1.0,0.402328,0.402328,0.0153645016253,-0.3869634983747,0.3869634983747
polar1m,92,3,O,11.86841103,13.80650961,11.53899547,-2.0,1.23154,-0.7684599999999999,-0.0323593840003,0.7361006159996999,0.7361006159996999
polar1m,92,4,H,12.0,12.0,12.0,1.0,0.350221,0.350221,0.0754282772541,-0.2747927227459,0.2747927227459
polar1m,92,5,H,12.53651553,8.15459334,11.92991946,1.0,0.425574,0.425574,0.0339611321688,-0.39161286783120003,0.39161286783120003
polar1m,92,6,H,13.48953294,11.60014639,12.93411102,1.0,0.394711,0.394711,0.0243141297251,-0.3703968702749,0.3703968702749
polar1m,92,7,O,13.89554163,11.90716232,12.06537977,-2.0,1.28117,-0.7188300000000001,-0.00899644941092,0.70983355058908,0.70983355058908
polar1m,92,8,H,11.30923395,14.06051913,13.62216756,1.0,0.440512,0.440512,0.0386236049235,-0.40188839507650004,0.40188839507650004
polar1m,92,9,H,13.30873084,12.93640768,9.33554603,1.0,0.431524,0.431524,0.0220533460379,-0.40947065396210003,0.40947065396210003
polar1m,92,10,O,14.0743432,12.52212612,9.59138264,-2.0,1.158929,-0.8410709999999999,-0.0441234819591,0.7969475180408999,0.7969475180408999
polar1m,92,11,O,9.68602029,10.98828713,10.80621658,-2.0,1.203359,-0.7966409999999999,-0.0346330665052,0.7620079334947999,0.7620079334947999
polar1m,92,12,O,11.87926662,13.20351414,13.78737571,-2.0,1.296157,-0.703843,0.0151868909597,0.7190298909597,0.7190298909597
polar1m,92,13,O,11.86630966,10.41749265,9.53926604,-2.0,1.285524,-0.7144760000000001,-0.0228693410754,0.6916066589246002,0.6916066589246002
polar1m,92,14,H,9.84026114,13.00590816,10.57184316,1.0,0.389101,0.389101,0.014899391681,-0.37420160831899996,0.37420160831899996
polar1m,92,15,H,13.60937673,12.74374011,11.98726407,1.0,0.412117,0.412117,0.0265149474144,-0.3856020525856,0.3856020525856
polar1m,92,16,H,12.53801823,14.09247048,10.97463784,1.0,0.428102,0.428102,0.0265622586012,-0.4015397413988,0.4015397413988
polar1m,92,17,H,12.00528201,8.95475172,10.72895428,1.0,0.419078,0.419078,0.028663340956,-0.390414659044,0.390414659044
polar1m,92,18,O,11.88291648,8.96898349,11.67739612,-2.0,1.330602,-0.6693979999999999,0.105517737567,0.7749157375669999,0.7749157375669999
polar1m,92,19,H,9.10119404,10.14479827,10.69046215,1.0,0.394502,0.394502,0.0244963690639,-0.3700056309361,0.3700056309361
polar1m,92,20,O,9.16934048,13.62269563,10.89551587,-2.0,1.162447,-0.837553,-0.0436438396573,0.7939091603427,0.7939091603427
polar1m,92,21,H,12.13254665,9.59576274,9.03354167,1.0,0.396169,0.396169,0.0260401722044,-0.37012882779559997,0.37012882779559997
polar1m,92,22,H,11.56696063,11.46929046,13.4843698,1.0,0.415798,0.415798,0.0332999750972,-0.3824980249028,0.3824980249028
polar1m,92,23,H,9.52543114,14.52449095,10.8954702,1.0,0.403639,0.403639,0.0208715349436,-0.3827674650564,0.3827674650564
polar1m,92,24,O,11.28745904,11.22017823,12.58752077,-2.0,1.423787,-0.5762130000000001,0.502581298351,1.0787942983510002,1.0787942983510002
polar1m,92,25,H,12.41388686,13.52071881,14.55306724,1.0,0.440725,0.440725,0.0297111384571,-0.4110138615429,0.4110138615429
polar1m,92,26,H,12.26982418,13.61725698,12.40745706,1.0,0.359255,0.359255,0.0190867893398,-0.3401682106602,0.3401682106602
polar1m,92,27,H,12.70690861,10.69560535,10.03707459,1.0,0.354499,0.354499,0.0176362302154,-0.3368627697846,0.3368627697846
polar1m,93,0,H,11.56182235,10.22091473,12.4785956,1.0,0.423809,0.423809,0.052752930671,-0.371056069329,0.371056069329
polar1m,93,1,H,14.15124179,12.2808712,10.33129733,1.0,0.397536,0.397536,0.0147604569793,-0.3827755430207,0.3827755430207
polar1m,93,2,H,9.81529988,11.26376158,11.61632066,1.0,0.400964,0.400964,0.0146434511989,-0.3863205488011,0.3863205488011
polar1m,93,3,O,12.01702849,13.91693892,11.42053281,-2.0,1.238384,-0.7616160000000001,-0.0588451586664,0.7027708413336,0.7027708413336
polar1m,93,4,H,12.0,12.0,12.0,1.0,0.400799,0.400799,0.0418884642422,-0.3589105357578,0.3589105357578
polar1m,93,5,H,12.64564927,8.11415189,11.76306229,1.0,0.383454,0.383454,0.0303259678185,-0.3531280321815,0.3531280321815
polar1m,93,6,H,13.34905369,11.72087667,12.70100078,1.0,0.379144,0.379144,0.0206106044352,-0.35853339556479996,0.35853339556479996
polar1m,93,7,O,13.96145834,12.0263217,12.03998551,-2.0,1.279484,-0.7205159999999999,-0.034727960825,0.685788039175,0.685788039175
polar1m,93,8,H,11.59640548,14.2409267,13.4440471,1.0,0.440554,0.440554,0.0428608432412,-0.3976931567588,0.3976931567588
polar1m,93,9,H,15.54908933,14.94554956,10.9639787,1.0,0.434122,0.434122,0.0258531402797,-0.4082688597203,0.4082688597203
polar1m,93,10,H,13.40987363,13.09349315,9.24937743,1.0,0.419772,0.419772,0.0250390172005,-0.3947329827995,0.3947329827995
polar1m,93,11,H,15.09668159,13.35207771,11.1860845,1.0,0.399195,0.399195,0.0203883312643,-0.3788066687357,0.3788066687357
polar1m,93,12,O,14.1894443,12.60145942,9.52500202,-2.0,1.180933,-0.819067,-0.0374702736735,0.7815967263265,0.7815967263265
polar1m,93,13,O,9.81375169,11.03609435,10.7247155,-2.0,1.161165,-0.838835,-0.0367875173688,0.8020474826312,0.8020474826312
polar1m,93,14,O,12.02510234,13.29856434,13.7029804,-2.0,1.29021,-0.7097899999999999,0.0242234766483,0.7340134766483,0.7340134766483
polar1m,93,15,O,11.97618437,10.42267429,9.42849706,-2.0,1.26648,-0.73352,-0.0294530317187,0.7040669682813,0.7040669682813
polar1m,93,16,H,9.98412549,13.27635926,10.41005382,1.0,0.414726,0.414726,0.0151450335979,-0.3995809664021,0.3995809664021
polar1m,93,17,H,13.76861884,13.05072433,11.80255574,1.0,0.351165,0.351165,0.0304832421243,-0.3206817578757,0.3206817578757
polar1m,93,18,H,12.83817837,14.18866746,10.86311163,1.0,0.377437,0.377437,0.0250672716647,-0.3523697283353,0.3523697283353
polar1m,93,19,H,12.07288918,8.91055217,10.62408869,1.0,0.420553,0.420553,0.0234629064798,-0.3970900935202,0.3970900935202
polar1m,93,20,O,12.06235471,9.07915756,11.57729747,-2.0,1.303533,-0.696467,0.00122617930174,0.6976931793017399,0.6976931793017399
polar1m,93,21,H,9.30691286,10.26014688,10.53156828,1.0,0.42939,0.42939,0.0225325953215,-0.4068574046785,0.4068574046785
polar1m,93,22,O,9.27156417,13.68255021,10.8063323,-2.0,1.147239,-0.8527610000000001,-0.0410207398236,0.8117402601764001,0.8117402601764001
polar1m,93,23,H,12.35118238,9.76874974,8.85438328,1.0,0.4179,0.4179,0.023665940389,-0.394234059611,0.394234059611
polar1m,93,24,H,11.87730738,11.49730228,13.48805853,1.0,0.401584,0.401584,0.0529709272087,-0.3486130727913,0.3486130727913
polar1m,93,25,H,9.5546537,14.60522242,10.8503249,1.0,0.405579,0.405579,0.0208968557417,-0.38468214425830005,0.38468214425830005
polar1m,93,26,O,15.09713228,14.24135699,11.52492412,-2.0,1.206368,-0.7936319999999999,-0.0318383872509,0.7617936127490998,0.7617936127490998
polar1m,93,27,O,11.41759059,11.30712173,12.49301143,-2.0,1.481704,-0.5182960000000001,0.676189184189,1.194485184189,1.194485184189
polar1m,93,28,H,12.58880069,13.68498007,14.39789984,1.0,0.452663,0.452663,0.0308869183064,-0.4217760816936,0.4217760816936
polar1m,93,29,H,12.22127243,13.61961735,12.34973728,1.0,0.350927,0.350927,0.0184054747224,-0.3325215252776,0.3325215252776
polar1m,93,30,H,12.77901004,10.7953462,9.99395025,1.0,0.343227,0.343227,0.0158638879657,-0.3273631120343,0.3273631120343
polar1m,94,0,H,11.702074,10.42199341,12.72647651,1.0,0.478951,0.478951,0.0579628273845,-0.42098817261550003,0.42098817261550003
polar1m,94,1,H,14.30316884,12.28190087,10.53224056,1.0,0.340637,0.340637,0.0146831981838,-0.32595380181620004,0.32595380181620004
polar1m,94,2,H,9.9102931,11.37692287,11.7149361,1.0,0.364445,0.364445,0.0188054405153,-0.34563955948470004,0.34563955948470004
polar1m,94,3,O,12.21256803,14.06474393,11.3704427,-2.0,1.238489,-0.761511,-0.0519778877497,0.7095331122503,0.7095331122503
polar1m,94,4,O,9.70926077,13.53743112,14.67465952,-2.0,1.224965,-0.7750349999999999,-0.0408412218094,0.7341937781905999,0.7341937781905999
polar1m,94,5,H,12.0,12.0,12.0,1.0,0.45944,0.45944,0.0449640452862,-0.4144759547138,0.4144759547138
polar1m,94,6,H,12.69317671,8.32236487,11.66983916,1.0,0.431862,0.431862,0.0224520955235,-0.40940990447650005,0.40940990447650005
polar1m,94,7,H,13.32160402,11.87935167,12.57150542,1.0,0.363809,0.363809,0.0214755050838,-0.3423334949162,0.3423334949162
polar1m,94,8,H,9.46568729,14.06993698,13.84298485,1.0,0.387999,0.387999,0.0229259319603,-0.36507306803969997,0.36507306803969997
polar1m,94,9,O,14.0697152,12.19087233,12.08858329,-2.0,1.313068,-0.6869320000000001,-0.0259662866592,0.6609657133408001,0.6609657133408001
polar1m,94,10,H,11.87134571,14.41309576,13.43316846,1.0,0.434194,0.434194,0.0459711849689,-0.3882228150311,0.3882228150311
polar1m,94,11,H,13.50242477,13.27766193,9.22113297,1.0,0.374044,0.374044,0.024054389447,-0.349989610553,0.349989610553
polar1m,94,12,O,14.35139412,12.7252831,9.51554331,-2.0,1.231864,-0.7681359999999999,-0.0584381744266,0.7096978255733999,0.7096978255733999
polar1m,94,13,O,9.98704862,11.12551004,10.71457586,-2.0,1.225328,-0.774672,-0.0279146358371,0.7467573641629001,0.7467573641629001
polar1m,94,14,O,12.21319185,13.43990278,13.69821166,-2.0,1.290273,-0.709727,0.0189253166318,0.7286523166318,0.7286523166318
polar1m,94,15,O,12.13900998,10.4705484,9.40225854,-2.0,1.259599,-0.7404010000000001,-0.0186523944139,0.7217486055861001,0.7217486055861001
polar1m,94,16,H,10.26294546,13.50554135,10.27228239,1.0,0.362581,0.362581,0.0166514329612,-0.3459295670388,0.3459295670388
polar1m,94,17,H,13.98656503,13.24678925,11.8001482,1.0,0.373333,0.373333,0.0352914221585,-0.3380415778415,0.3380415778415
polar1m,94,18,H,13.09372992,14.31507374,10.92193845,1.0,0.389169,0.389169,0.0284211337566,-0.3607478662434,0.3607478662434
polar1m,94,19,H,10.95977581,11.88654881,9.29578075,1.0,0.330028,0.330028,0.0112202912569,-0.3188077087431,0.3188077087431
polar1m,94,20,H,12.1698255,8.99071375,10.58177005,1.0,0.410546,0.410546,0.0239178799093,-0.3866281200907,0.3866281200907
polar1m,94,21,O,12.29923891,9.21123278,11.56164263,-2.0,1.20632,-0.7936799999999999,-0.021709471941,0.7719705280589999,0.7719705280589999
polar1m,94,22,H,9.48817656,10.38618544,10.45131616,1.0,0.439965,0.439965,0.0233258977532,-0.4166391022468,0.4166391022468
polar1m,94,23,O,9.40792578,13.7820017,10.79809424,-2.0,1.221813,-0.778187,-0.0431749001145,0.7350120998855,0.7350120998855
polar1m,94,24,H,10.2491608,11.38958733,8.06399464,1.0,0.40293,0.40293,0.0211425609887,-0.3817874390113,0.3817874390113
polar1m,94,25,H,12.65375415,9.99205901,8.72397666,1.0,0.422811,0.422811,0.027649063617,-0.395161936383,0.395161936383
polar1m,94,26,H,12.1189286,11.54865344,13.45665396,1.0,0.435738,0.435738,0.0652100145817,-0.3705279854183,0.3705279854183
polar1m,94,27,H,9.61132804,14.75384477,10.89296577,1.0,0.39115,0.39115,0.0213671848178,-0.3697828151822,0.3697828151822
polar1m,94,28,O,11.59516406,11.4285523,12.49279151,-2.0,1.449992,-0.550008,0.705363631248,1.2553716312479999,1.2553716312479999
polar1m,94,29,H,12.81163033,13.82077002,14.33198855,1.0,0.464546,0.464546,0.0313819460571,-0.43316405394290003,0.43316405394290003
polar1m,94,30,H,12.26064906,13.69430586,12.29637359,1.0,0.346786,0.346786,0.0157712623477,-0.3310147376523,0.3310147376523
polar1m,94,31,O,10.54607272,12.23744163,8.39327865,-2.0,1.19478,-0.80522,-0.0537121295929,0.7515078704071001,0.7515078704071001
polar1m,94,32,H,10.41774397,13.02263232,14.17922603,1.0,0.342246,0.342246,0.00834545493126,-0.33390054506874,0.33390054506874
polar1m,94,33,H,12.78010163,10.87516733,9.91229337,1.0,0.396301,0.396301,0.0151079650968,-0.3811930349032,0.3811930349032
polar1m,95,0,H,11.7220088,10.40320768,13.10502891,1.0,0.479397,0.479397,0.0535237416625,-0.4258732583375,0.4258732583375
polar1m,95,1,H,14.28856524,12.17519839,10.80953892,1.0,0.32433,0.32433,0.017677064985,-0.306652935015,0.306652935015
polar1m,95,2,H,9.82300611,11.26737552,11.91015841,1.0,0.389705,0.389705,0.0174345634878,-0.37227043651220004,0.37227043651220004
polar1m,95,3,O,12.27932864,14.04012889,11.58155415,-2.0,1.216044,-0.7839560000000001,-0.0364196896553,0.7475363103447001,0.7475363103447001
polar1m,95,4,H,12.0,12.0,12.0,1.0,0.444577,0.444577,0.0659605786204,-0.3786164213796,0.3786164213796
polar1m,95,5,H,12.65619734,8.33411519,11.92245974,1.0,0.451093,0.451093,0.0223228037357,-0.4287701962643,0.4287701962643
polar1m,95,6,H,13.23765881,11.87445106,12.73587705,1.0,0.371047,0.371047,0.0231255032122,-0.34792149678780004,0.34792149678780004
polar1m,95,7,O,14.0517085,12.19314782,12.40080511,-2.0,1.268556,-0.731444,-0.0199780464172,0.7114659535828,0.7114659535828
polar1m,95,8,H,11.92687724,14.34999891,13.7746729,1.0,0.438683,0.438683,0.033727068454,-0.40495593154599996,0.40495593154599996
polar1m,95,9,H,13.56130991,13.17602689,9.51197241,1.0,0.394096,0.394096,0.0224441774189,-0.3716518225811,0.3716518225811
polar1m,95,10,O,14.37629331,12.67734509,9.78049743,-2.0,1.214063,-0.7859370000000001,-0.0601029098034,0.7258340901966001,0.7258340901966001
polar1m,95,11,O,10.03546918,11.05400011,10.98449042,-2.0,1.248906,-0.7510939999999999,-0.0243810117245,0.7267129882754999,0.7267129882754999
polar1m,95,12,O,12.26861305,13.41766827,13.96122566,-2.0,1.247117,-0.752883,0.000471949577332,0.753354949577332,0.753354949577332
polar1m,95,13,O,12.16952031,10.34225434,9.63749222,-2.0,1.293891,-0.7061090000000001,-0.0197164341807,0.6863925658193001,0.6863925658193001
polar1m,95,14,H,11.27976532,7.56589263,10.53855075,1.0,0.385607,0.385607,0.0252074431628,-0.3603995568372,0.3603995568372
polar1m,95,15,H,10.28782249,13.58219383,10.48067518,1.0,0.359932,0.359932,0.0178003199399,-0.3421316800601,0.3421316800601
polar1m,95,16,H,14.08103118,13.09361018,12.19272057,1.0,0.4234,0.4234,0.0282502472401,-0.3951497527599,0.3951497527599
polar1m,95,17,H,13.13533876,14.26421678,11.33168389,1.0,0.42531,0.42531,0.025578873232,-0.39973112676800004,0.39973112676800004
polar1m,95,18,H,10.90621768,11.92629692,9.52061188,1.0,0.337429,0.337429,0.0116730369627,-0.3257559630373,0.3257559630373
polar1m,95,19,H,12.14803816,9.0389424,10.85787516,1.0,0.383642,0.383642,0.0254366993904,-0.3582053006096,0.3582053006096
polar1m,95,20,O,12.41042468,9.16709705,11.81111763,-2.0,1.16121,-0.8387899999999999,-0.0446994118392,0.7940905881607999,0.7940905881607999
polar1m,95,21,H,9.44642938,10.26491952,10.6466857,1.0,0.400901,0.400901,0.0271897725761,-0.3737112274239,0.3737112274239
polar1m,95,22,O,9.41954945,13.71001704,11.05457971,-2.0,1.224907,-0.775093,-0.0425983667374,0.7324946332626,0.7324946332626
polar1m,95,23,H,10.30305451,11.27436248,8.4147213,1.0,0.396695,0.396695,0.0221588499844,-0.37453615001560003,0.37453615001560003
polar1m,95,24,H,12.81553707,10.0827677,8.88008066,1.0,0.406481,0.406481,0.0298878941685,-0.37659310583149996,0.37659310583149996
polar1m,95,25,H,10.73843931,8.62619493,11.126826,1.0,0.369903,0.369903,0.0178487636149,-0.3520542363851,0.3520542363851
polar1m,95,26,H,12.13023413,11.48980545,13.62665499,1.0,0.456794,0.456794,0.050390239805,-0.40640376019499996,0.40640376019499996
polar1m,95,27,H,9.52028828,14.69886548,11.207532,1.0,0.392807,0.392807,0.0213364176452,-0.3714705823548,0.3714705823548
polar1m,95,28,O,11.63368973,11.36373444,12.79346637,-2.0,1.446097,-0.553903,0.702974617481,1.256877617481,1.256877617481
polar1m,95,29,H,12.95015915,13.71631146,14.59759282,1.0,0.445545,0.445545,0.0281450003386,-0.4173999996614,0.4173999996614
polar1m,95,30,H,12.22935472,13.63386668,12.43839378,1.0,0.361551,0.361551,0.0149819031358,-0.3465690968642,0.3465690968642
polar1m,95,31,O,10.50165827,12.20825571,8.63580832,-2.0,1.203103,-0.796897,-0.0485422983766,0.7483547016234,0.7483547016234
polar1m,95,32,O,10.73076507,8.32787939,10.18909138,-2.0,1.268283,-0.731717,-0.0240547657013,0.7076622342986999,0.7076622342986999
polar1m,95,33,H,12.76178911,10.85478382,10.1629827,1.0,0.3689,0.3689,0.0149454176426,-0.3539545823574,0.3539545823574
polar1m,96,0,H,11.76895671,10.32615491,13.35160641,1.0,0.447471,0.447471,0.0393879301846,-0.4080830698154,0.4080830698154
polar1m,96,1,H,14.29830353,12.21282651,10.88286112,1.0,0.382036,0.382036,0.0124603882432,-0.3695756117568,0.3695756117568
polar1m,96,2,H,9.72453535,11.18136302,12.0787381,1.0,0.42846,0.42846,0.0169287454337,-0.4115312545663,0.4115312545663
polar1m,96,3,O,12.37269485,14.04839668,11.80181259,-2.0,1.253659,-0.7463409999999999,-0.0338986441493,0.7124423558506999,0.7124423558506999
polar1m,96,4,H,12.5699026,6.15572678,10.82241575,1.0,0.389862,0.389862,0.0138233602047,-0.3760386397953,0.3760386397953
polar1m,96,5,H,12.0,12.0,12.0,1.0,0.42784,0.42784,0.204225540161,-0.223614459839,0.223614459839
polar1m,96,6,H,12.77867753,8.14935182,12.27863825,1.0,0.361804,0.361804,0.0293417740613,-0.3324622259387,0.3324622259387
polar1m,96,7,H,13.24184381,11.91302339,12.94642127,1.0,0.375446,0.375446,0.0185859762132,-0.3568600237868,0.3568600237868
polar1m,96,8,O,14.07744153,12.21963347,12.72767086,-2.0,1.225861,-0.7741389999999999,-0.0420274399221,0.7321115600778999,0.7321115600778999
polar1m,96,9,H,11.9316282,14.29338209,14.17551161,1.0,0.447371,0.447371,0.0299319438636,-0.41743905613640003,0.41743905613640003
polar1m,96,10,H,13.65555178,13.06642989,9.83751838,1.0,0.427103,0.427103,0.0212857797742,-0.4058172202258,0.4058172202258
polar1m,96,11,O,14.43616205,12.65896926,10.07259419,-2.0,1.158629,-0.8413710000000001,-0.0383048094809,0.8030661905191001,0.8030661905191001
polar1m,96,12,O,10.11940585,11.01669138,11.27069951,-2.0,1.229216,-0.7707839999999999,-0.0238887220621,0.7468952779378999,0.7468952779378999
polar1m,96,13,O,12.36195165,13.43690522,14.24231239,-2.0,1.254754,-0.7452460000000001,-0.00332728773355,0.7419187122664501,0.7419187122664501
polar1m,96,14,O,13.29389863,6.1215793,11.46761002,-2.0,1.178975,-0.8210249999999999,-0.0624292828143,0.7585957171856998,0.7585957171856998
polar1m,96,15,H,11.46318673,5.75917522,9.13803376,1.0,0.453095,0.453095,0.027231907472,-0.42586309252800003,0.42586309252800003
polar1m,96,16,O,12.24140362,10.24734366,9.87815276,-2.0,1.335607,-0.664393,-0.0174797475338,0.6469132524662,0.6469132524662
polar1m,96,17,H,10.22483604,13.70525435,10.793561,1.0,0.411386,0.411386,0.0160198658705,-0.39536613412949995,0.39536613412949995
polar1m,96,18,H,14.21709552,13.11868186,12.63649584,1.0,0.42211,0.42211,0.0267988182604,-0.3953111817396,0.3953111817396
polar1m,96,19,H,13.31427783,14.29158589,11.75420396,1.0,0.409105,0.409105,0.0268346294761,-0.3822703705239,0.3822703705239
polar1m,96,20,H,10.85990045,12.04664923,9.71753279,1.0,0.377835,0.377835,0.0101400204003,-0.3676949795997,0.3676949795997
polar1m,96,21,H,12.19028854,9.23349902,11.17075705,1.0,0.394774,0.394774,0.0171197429299,-0.37765425707010003,0.37765425707010003
polar1m,96,22,O,12.55606281,9.16909073,12.07298095,-2.0,1.21313,-0.78687,-0.0452581420541,0.7416118579458999,0.7416118579458999
polar1m,96,23,H,9.47845772,10.26096055,10.920074,1.0,0.398609,0.398609,0.0276006907225,-0.3710083092775,0.3710083092775
polar1m,96,24,O,9.47380805,13.676679,11.32270671,-2.0,1.165929,-0.834071,-0.0382370874286,0.7958339125714,0.7958339125714
polar1m,96,25,H,10.36882856,11.23413234,8.76040695,1.0,0.389496,0.389496,0.0219412017614,-0.3675547982386,0.3675547982386
polar1m,96,26,H,12.92153367,10.2650355,9.14670647,1.0,0.427301,0.427301,0.0294082313776,-0.3978927686224,0.3978927686224
polar1m,96,27,H,12.17955694,11.60605939,13.86858091,1.0,0.447653,0.447653,0.0355043336749,-0.4121486663251,0.4121486663251
polar1m,96,28,H,9.45655569,14.62261523,11.53555338,1.0,0.414594,0.414594,0.0221647135913,-0.3924292864087,0.3924292864087
polar1m,96,29,O,11.70539771,11.33274125,13.11936329,-2.0,1.427592,-0.572408,0.592918455601,1.165326455601,1.165326455601
polar1m,96,30,H,13.12707816,13.56473356,14.89723874,1.0,0.432431,0.432431,0.0299333650619,-0.40249763493810004,0.40249763493810004
polar1m,96,31,H,12.27467946,13.62461993,12.63600053,1.0,0.369626,0.369626,0.0128493756056,-0.3567766243944,0.3567766243944
polar1m,96,32,H,10.38841468,5.82778804,10.36427223,1.0,0.420755,0.420755,0.0265174433589,-0.3942375566411,0.3942375566411
polar1m,96,33,H,12.97699408,6.72752902,12.20479552,1.0,0.334244,0.334244,0.0188935250044,-0.3153504749956,0.3153504749956
polar1m,96,34,O,10.49747745,12.2104808,8.89796151,-2.0,1.181123,-0.8188770000000001,-0.0440552420914,0.7748217579086001,0.7748217579086001
polar1m,96,35,O,11.35152044,5.93428518,10.04742357,-2.0,1.258708,-0.7412920000000001,0.00249959528446,0.74379159528446,0.74379159528446
polar1m,96,36,H,12.84354977,10.90806508,10.46460668,1.0,0.326407,0.326407,0.0185590274632,-0.3078479725368,0.3078479725368
polar1m,97,0,H,11.87599053,10.31886909,13.45659935,1.0,0.419954,0.419954,0.030413005501,-0.389540994499,0.389540994499
polar1m,97,1,H,14.32844677,12.23541328,11.04530926,1.0,0.392456,0.392456,0.0133005306125,-0.3791554693875,0.3791554693875
polar1m,97,2,H,9.64407385,11.18247653,12.31191549,1.0,0.405043,0.405043,0.0232506748289,-0.3817923251711,0.3817923251711
polar1m,97,3,O,12.51366037,14.10150855,11.96658328,-2.0,1.266159,-0.733841,-0.0456308871508,0.6882101128492,0.6882101128492
polar1m,97,4,H,12.71258839,6.18101698,10.9834322,1.0,0.387573,0.387573,0.0170026011765,-0.3705703988235,0.3705703988235
polar1m,97,5,H,12.0,12.0,12.0,1.0,0.398986,0.398986,0.379471689463,-0.019514310537000035,0.019514310537000035
polar1m,97,6,H,12.93485179,8.20110475,12.53065208,1.0,0.378254,0.378254,0.0320543423295,-0.3461996576705,0.3461996576705
polar1m,97,7,H,13.27424189,11.98892774,13.13802866,1.0,0.34814,0.34814,0.0124006569386,-0.3357393430614,0.3357393430614
polar1m,97,8,O,14.16464119,12.27875941,13.00408877,-2.0,1.188532,-0.8114680000000001,-0.105655930936,0.7058120690640001,0.7058120690640001
polar1m,97,9,H,11.93045562,14.31219307,14.54757949,1.0,0.444446,0.444446,0.0339719727635,-0.4104740272365,0.4104740272365
polar1m,97,10,H,16.18811636,14.67913316,12.4812369,1.0,0.427093,0.427093,0.0330387800932,-0.3940542199068,0.3940542199068
polar1m,97,11,H,13.65740289,13.06744937,10.06480747,1.0,0.387112,0.387112,0.0237060338259,-0.36340596617410004,0.36340596617410004
polar1m,97,12,H,15.8731914,13.73248409,11.62374157,1.0,0.436098,0.436098,0.0321246646345,-0.4039733353655,0.4039733353655
polar1m,97,13,O,14.55424007,12.68551655,10.30985901,-2.0,1.193982,-0.8060179999999999,-0.037554372102,0.7684636278979999,0.7684636278979999
polar1m,97,14,O,10.24986171,11.02015692,11.50106899,-2.0,1.248415,-0.751585,-0.015285409987,0.7362995900129999,0.7362995900129999
polar1m,97,15,O,12.50920577,13.50169066,14.47968174,-2.0,1.294631,-0.7053689999999999,0.00668010860682,0.7120491086068199,0.7120491086068199
polar1m,97,16,O,13.38469847,6.15044808,11.70081506,-2.0,1.12932,-0.8706799999999999,-0.0603022128344,0.8103777871655999,0.8103777871655999
polar1m,97,17,H,11.7782597,5.73211749,9.336159,1.0,0.436516,0.436516,0.030907869339,-0.405608130661,0.405608130661
polar1m,97,18,O,12.37537472,10.20932122,10.07086762,-2.0,1.305213,-0.694787,-0.0120517760515,0.6827352239485001,0.6827352239485001
polar1m,97,19,H,10.32340825,13.85487638,10.99184711,1.0,0.40287,0.40287,0.0180308837444,-0.3848391162556,0.3848391162556
polar1m,97,20,H,14.40210056,13.33105347,13.04231311,1.0,0.352547,0.352547,0.0275380499661,-0.3250089500339,0.3250089500339
polar1m,97,21,H,13.52118974,14.38242192,12.11883598,1.0,0.373414,0.373414,0.0241309776902,-0.3492830223098,0.3492830223098
polar1m,97,22,H,10.92429251,12.22849473,10.01826602,1.0,0.341601,0.341601,0.0110627226532,-0.33053827734679997,0.33053827734679997
polar1m,97,23,H,12.30970329,9.4736566,11.42951489,1.0,0.381969,0.381969,0.0172815285623,-0.36468747143770003,0.36468747143770003
polar1m,97,24,O,12.75567355,9.20675693,12.29176971,-2.0,1.226992,-0.7730079999999999,-0.0497989095747,0.7232090904252999,0.7232090904252999
polar1m,97,25,H,9.63663574,10.37674459,11.16641251,1.0,0.435994,0.435994,0.0281106140465,-0.4078833859535,0.4078833859535
polar1m,97,26,O,9.56935526,13.68996299,11.54638454,-2.0,1.174079,-0.8259209999999999,-0.034963555634,0.7909574443659999,0.7909574443659999
polar1m,97,27,H,10.46395742,11.29836441,9.02626057,1.0,0.403345,0.403345,0.022639002651,-0.380705997349,0.380705997349
polar1m,97,28,H,13.01021093,10.49500176,9.39267513,1.0,0.441184,0.441184,0.0317044816911,-0.4094795183089,0.4094795183089
polar1m,97,29,H,12.30906394,11.86061829,14.17137338,1.0,0.405587,0.405587,0.0339455083013,-0.3716414916987,0.3716414916987
polar1m,97,30,H,9.4274621,14.59422465,11.83554864,1.0,0.421425,0.421425,0.0241878740489,-0.3972371259511,0.3972371259511
polar1m,97,31,O,15.29861618,14.21029126,12.29023932,-2.0,1.310436,-0.6895640000000001,0.0237991213799,0.7133631213799001,0.7133631213799001
polar1m,97,32,O,11.82105389,11.34201728,13.39616576,-2.0,1.425694,-0.574306,0.358977556229,0.933283556229,0.933283556229
polar1m,97,33,H,13.28792013,13.41717705,15.11633071,1.0,0.436426,0.436426,0.0345053561032,-0.4019206438968,0.4019206438968
polar1m,97,34,H,12.37732773,13.67010461,12.85378372,1.0,0.354899,0.354899,0.0130193904042,-0.3418796095958,0.3418796095958
polar1m,97,35,H,10.60687872,5.734189,10.34405293,1.0,0.466592,0.466592,0.0262786764652,-0.4403133235348,0.4403133235348
polar1m,97,36,H,13.15401905,6.77846999,12.31714823,1.0,0.381508,0.381508,0.0199756678194,-0.3615323321806,0.3615323321806
polar1m,97,37,O,10.54116584,12.25415344,9.10482143,-2.0,1.208414,-0.7915859999999999,-0.0428057163954,0.7487802836045999,0.7487802836045999
polar1m,97,38,O,11.45851178,5.97976918,10.22175433,-2.0,1.219214,-0.780786,0.000748194754124,0.781534194754124,0.781534194754124
polar1m,97,39,H,12.86487386,10.89734645,10.63824749,1.0,0.347888,0.347888,0.0197902582586,-0.3280977417414,0.3280977417414
polar1m,98,0,H,12.07933004,10.45291232,13.48310541,1.0,0.434264,0.434264,0.034047845751,-0.400216154249,0.400216154249
polar1m,98,1,H,14.37898158,12.20577437,11.37174178,1.0,0.303535,0.303535,0.0165818370879,-0.2869531629121,0.2869531629121
polar1m,98,2,H,9.73546908,11.26311413,12.41212204,1.0,0.422462,0.422462,0.031865041703,-0.39059695829700003,0.39059695829700003
polar1m,98,3,O,12.70731552,14.21139208,12.05409949,-2.0,1.297932,-0.7020679999999999,-0.0174409672618,0.6846270327381999,0.6846270327381999
polar1m,98,4,H,12.0,12.0,12.0,1.0,0.409333,0.409333,0.455033004284,0.045700004284000006,0.045700004284000006
polar1m,98,5,H,13.10238493,8.4806402,12.61630255,1.0,0.494373,0.494373,0.0328925549984,-0.4614804450016,0.4614804450016
polar1m,98,6,H,13.37285717,12.12340913,13.24947637,1.0,0.346641,0.346641,0.0152631029487,-0.3313778970513,0.3313778970513
polar1m,98,7,O,14.30950092,12.40066109,13.19926595,-2.0,1.285802,-0.7141980000000001,-0.0427143722773,0.6714836277227001,0.6714836277227001
polar1m,98,8,H,13.75762973,13.1308178,10.19905046,1.0,0.348667,0.348667,0.0246131457388,-0.3240538542612,0.3240538542612
polar1m,98,9,O,14.71470394,12.77662113,10.45343098,-2.0,1.290946,-0.7090540000000001,-0.0467520058155,0.6623019941845001,0.6623019941845001
polar1m,98,10,O,10.42066282,11.08632779,11.66091253,-2.0,1.288246,-0.711754,0.0343408361077,0.7460948361077,0.7460948361077
polar1m,98,11,O,12.56175303,10.23951503,10.18359289,-2.0,1.267632,-0.7323679999999999,-0.0138438269496,0.7185241730504,0.7185241730504
polar1m,98,12,H,10.52503727,14.05059392,11.08926654,1.0,0.366007,0.366007,0.0230561308563,-0.34295086914370004,0.34295086914370004
polar1m,98,13,H,14.58116588,13.39929978,13.37045241,1.0,0.392186,0.392186,0.0387208126485,-0.3534651873515,0.3534651873515
polar1m,98,14,H,13.60105906,14.50999824,12.35250234,1.0,0.417676,0.417676,0.0350913703442,-0.3825846296558,0.3825846296558
polar1m,98,15,H,11.01447376,12.47245912,10.21313914,1.0,0.308774,0.308774,0.0125871151686,-0.2961868848314,0.2961868848314
polar1m,98,16,H,12.51490778,9.66955676,11.65114235,1.0,0.385826,0.385826,0.0180136822164,-0.3678123177836,0.3678123177836
polar1m,98,17,O,13.00439284,9.297759,12.43415949,-2.0,1.147897,-0.852103,-0.0408991351724,0.8112038648276001,0.8112038648276001
polar1m,98,18,H,9.82127329,10.47420226,11.24859405,1.0,0.455648,0.455648,0.0364265441895,-0.4192214558105,0.4192214558105
polar1m,98,19,O,9.70493987,13.76093779,11.69167407,-2.0,1.22772,-0.7722800000000001,-0.0314421206713,0.7408378793287,0.7408378793287
polar1m,98,20,H,10.58756327,11.40681092,9.18946323,1.0,0.410879,0.410879,0.0258726291358,-0.3850063708642,0.3850063708642
polar1m,98,21,H,13.12667942,10.73925086,9.4962023,1.0,0.433812,0.433812,0.0397314503789,-0.39408054962109995,0.39408054962109995
polar1m,98,22,H,12.39822976,12.0968243,14.32996027,1.0,0.444837,0.444837,0.0511774495244,-0.3936595504756,0.3936595504756
polar1m,98,23,H,9.43870599,14.63336936,12.07852406,1.0,0.422431,0.422431,0.0304158385843,-0.3920151614157,0.3920151614157
polar1m,98,24,O,11.98152729,11.41152008,13.59707291,-2.0,1.413575,-0.586425,0.234776601195,0.821201601195,0.821201601195
polar1m,98,25,H,12.52148373,13.82193572,12.95600503,1.0,0.36631,0.36631,0.0220116488636,-0.3442983511364,0.3442983511364
polar1m,98,26,O,10.63385357,12.35514286,9.23719076,-2.0,1.246483,-0.753517,-0.0396526381373,0.7138643618627,0.7138643618627
polar1m,98,27,H,12.85743749,10.89545472,10.74885757,1.0,0.370106,0.370106,0.0202263966203,-0.3498796033797,0.3498796033797
polar1m,99,0,H,12.4095219,10.62826856,13.48544383,1.0,0.426298,0.426298,0.0293381921947,-0.3969598078053,0.3969598078053
polar1m,99,1,H,14.57485919,12.3638277,11.48113669,1.0,0.304332,0.304332,0.0174688100815,-0.2868631899185,0.2868631899185
polar1m,99,2,H,10.02127005,11.41231339,12.38807607,1.0,0.473217,0.473217,0.0313595458865,-0.44185745411349997,0.44185745411349997
polar1m,99,3,O,12.95304647,14.36459115,12.0766578,-2.0,1.221824,-0.778176,-0.0225678384304,0.7556081615696,0.7556081615696
polar1m,99,4,H,13.11035101,6.33225796,11.21748971,1.0,0.437931,0.437931,0.0259973481297,-0.4119336518703,0.4119336518703
polar1m,99,5,H,12.0,12.0,12.0,1.0,0.400074,0.400074,0.423307269812,0.023233269812000024,0.023233269812000024
polar1m,99,6,H,13.32194951,8.48927052,12.6421929,1.0,0.39726,0.39726,0.0354842096567,-0.3617757903433,0.3617757903433
polar1m,99,7,H,13.59695947,12.32368768,13.29465704,1.0,0.356855,0.356855,0.0136329866946,-0.3432220133054,0.3432220133054
polar1m,99,8,O,14.51353331,12.56776312,13.32400493,-2.0,1.20405,-0.7959499999999999,-0.0338562056422,0.7620937943577999,0.7620937943577999
polar1m,99,9,H,14.0516056,13.21892834,10.28356435,1.0,0.389544,0.389544,0.0209429189563,-0.3686010810437,0.3686010810437
polar1m,99,10,O,14.91252565,12.90632006,10.53737187,-2.0,1.246326,-0.753674,-0.0460723042488,0.7076016957511999,0.7076016957511999
polar1m,99,11,O,10.63955017,11.20358274,11.75971917,-2.0,1.345445,-0.654555,0.224541470408,0.879096470408,0.879096470408
polar1m,99,12,O,13.73196613,6.36530481,11.92550696,-2.0,1.227666,-0.7723340000000001,-0.0293464884162,0.7429875115838,0.7429875115838
polar1m,99,13,O,12.80378109,10.31992054,10.21489724,-2.0,1.313455,-0.686545,-0.0251086354256,0.6614363645743999,0.6614363645743999
polar1m,99,14,H,10.65423306,14.26597806,11.23172574,1.0,0.392674,0.392674,0.0225892625749,-0.3700847374251,0.3700847374251
polar1m,99,15,H,14.74951146,13.36801712,13.59756378,1.0,0.453908,0.453908,0.0312304701656,-0.4226775298344,0.4226775298344
polar1m,99,16,H,13.71637391,14.70091729,12.45980167,1.0,0.446568,0.446568,0.0315407440066,-0.4150272559934,0.4150272559934
polar1m,99,17,H,11.08816416,12.72446228,10.17948007,1.0,0.367947,0.367947,0.0133945979178,-0.3545524020822,0.3545524020822
polar1m,99,18,H,12.78930631,9.77400813,11.82762121,1.0,0.401884,0.401884,0.0155288800597,-0.38635511994030003,0.38635511994030003
polar1m,99,19,O,13.30714667,9.46177458,12.50477599,-2.0,1.237692,-0.762308,-0.0304730683565,0.7318349316435,0.7318349316435
polar1m,99,20,H,10.04435337,10.54702556,11.18507008,1.0,0.450853,0.450853,0.0405311211944,-0.4103218788056,0.4103218788056
polar1m,99,21,O,9.89700058,13.88263539,11.76271541,-2.0,1.198808,-0.8011919999999999,-0.0294740498066,0.7717179501934,0.7717179501934
polar1m,99,22,H,10.76060139,11.52699769,9.27857299,1.0,0.395514,0.395514,0.0232257172465,-0.37228828275349996,0.37228828275349996
polar1m,99,23,H,13.25380667,10.94603799,9.50995746,1.0,0.421113,0.421113,0.035805746913,-0.38530725308700003,0.38530725308700003
polar1m,99,24,H,12.47136725,12.2550217,14.33930546,1.0,0.464429,0.464429,0.0400197654963,-0.4244092345037,0.4244092345037
polar1m,99,25,H,9.53951416,14.66923665,12.23380687,1.0,0.430732,0.430732,0.0284467302263,-0.4022852697737,0.4022852697737
polar1m,99,26,O,12.19182631,11.53796892,13.73063003,-2.0,1.329842,-0.670158,0.0821650996804,0.7523230996804,0.7523230996804
polar1m,99,27,H,12.68515274,14.04443192,12.94034956,1.0,0.379454,0.379454,0.0192907340825,-0.36016326591750003,0.36016326591750003
polar1m,99,28,H,13.57390118,7.16270764,12.51775308,1.0,0.357478,0.357478,0.0255095101893,-0.33196848981070004,0.33196848981070004
polar1m,99,29,O,10.7857768,12.50389622,9.31262979,-2.0,1.211875,-0.788125,-0.0367368869483,0.7513881130517,0.7513881130517
polar1m,99,30,H,12.91407358,11.02764706,10.92220692,1.0,0.314952,0.314952,0.0222843494266,-0.2926676505734,0.2926676505734
polar1m,100,0,H,8.36292484,10.9324605,13.55062371,1.0,0.374257,0.374257,0.0200436599553,-0.3542133400447,0.3542133400447
polar1m,100,1,O,10.01688027,10.14459304,12.61585471,-2.0,1.231679,-0.768321,-0.0948233231902,0.6734976768098,0.6734976768098
polar1m,100,2,H,14.42047771,13.72285143,11.92298105,1.0,0.436358,0.436358,0.0244914442301,-0.4118665557699,0.4118665557699
polar1m,100,3,H,15.2958136,12.11777599,12.57859593,1.0,0.415388,0.415388,0.0165725983679,-0.3988154016321,0.3988154016321
polar1m,100,4,O,12.74818241,9.23046206,14.08094468,-2.0,1.166667,-0.8333330000000001,-0.058211568743,0.7751214312570001,0.7751214312570001
polar1m,100,5,H,13.8508491,11.59046244,12.8640495,1.0,0.349703,0.349703,0.0228487923741,-0.3268542076259,0.3268542076259
polar1m,100,6,H,15.81357936,8.9762185,12.42997432,1.0,0.444782,0.444782,0.00978225842118,-0.43499974157882,0.43499974157882
polar1m,100,7,H,9.96278496,12.15378522,10.8952645,1.0,0.346295,0.346295,0.0441379547119,-0.3021570452881,0.3021570452881
polar1m,100,8,H,12.75604538,12.46200197,10.87318463,1.0,0.388314,0.388314,0.0183676332235,-0.3699463667765,0.3699463667765
polar1m,100,9,O,14.86225501,11.30962586,12.59351413,-2.0,1.262882,-0.7371179999999999,-0.0261847227812,0.7109332772188,0.7109332772188
polar1m,100,10,H,12.20748332,9.26550676,11.37158264,1.0,0.400665,0.400665,0.0249905344099,-0.3756744655901,0.3756744655901
polar1m,100,11,H,13.06325006,9.75103564,14.79070708,1.0,0.417327,0.417327,0.0153482984751,-0.4019787015249,0.4019787015249
polar1m,100,12,O,12.73673522,13.03260093,12.48774422,-2.0,1.323618,-0.676382,-0.120531439781,0.555850560219,0.555850560219
polar1m,100,13,H,13.72949646,9.67856056,9.61579093,1.0,0.377435,0.377435,0.0144740659744,-0.36296093402560003,0.36296093402560003
polar1m,100,14,H,9.04348588,15.59244541,13.78573019,1.0,0.383801,0.383801,0.00433375686407,-0.37946724313593,0.37946724313593
polar1m,100,15,H,9.77204812,13.54327472,13.97628789,1.0,0.349304,0.349304,0.0108059495687,-0.3384980504313,0.3384980504313
polar1m,100,16,O,9.50974013,14.84724808,13.51837096,-2.0,0.950969,-1.049031,-0.819603383541,0.229427616459,0.229427616459
polar1m,100,17,H,14.83552425,15.43043057,12.48168238,1.0,0.40682,0.40682,0.016244135797,-0.390575864203,0.390575864203
polar1m,100,18,O,14.99770468,14.00719089,12.57458661,-2.0,1.22423,-0.7757700000000001,-0.0134642422199,0.7623057577801001,0.7623057577801001
polar1m,100,19,O,13.40670092,12.66782481,10.24869748,-2.0,1.300509,-0.6994910000000001,-0.047573029995,0.6519179700050001,0.6519179700050001
polar1m,100,20,H,8.2950152,10.13885287,12.1399668,1.0,0.358666,0.358666,0.0149516575038,-0.3437143424962,0.3437143424962
polar1m,100,21,O,12.85307848,10.16465184,9.51974171,-2.0,1.210937,-0.7890630000000001,-0.0447618663311,0.7443011336689,0.7443011336689
polar1m,100,22,H,9.09897237,12.198255,13.66720674,1.0,0.366549,0.366549,0.0167537871748,-0.3497952128252,0.3497952128252
polar1m,100,23,O,14.71106565,16.31169677,12.10281786,-2.0,1.012016,-0.987984,-0.0897160917521,0.8982679082478999,0.8982679082478999
polar1m,100,24,H,15.90254024,13.97185902,12.8504692,1.0,0.447635,0.447635,0.0212212912738,-0.4264137087262,0.4264137087262
polar1m,100,25,H,10.34877052,9.34310782,13.18424825,1.0,0.344601,0.344601,0.0164884328842,-0.3281125671158,0.3281125671158
polar1m,100,26,H,13.42094327,10.05832118,11.91258473,1.0,0.373907,0.373907,0.0226207599044,-0.3512862400956,0.3512862400956
polar1m,100,27,O,7.73156224,10.79698631,12.7854685,-2.0,1.184926,-0.8150740000000001,-0.0642901360989,0.7507838639011001,0.7507838639011001
polar1m,100,28,O,12.47928384,10.15743971,11.73397502,-2.0,1.317465,-0.6825349999999999,-0.0120314285159,0.6705035714840999,0.6705035714840999
polar1m,100,29,H,11.31826352,11.13707726,10.04436688,1.0,0.367055,0.367055,0.0181156173348,-0.3489393826652,0.3489393826652
polar1m,100,30,H,12.66374658,13.15249506,13.51735914,1.0,0.396834,0.396834,0.023007851094,-0.373826148906,0.373826148906
polar1m,100,31,H,14.64138318,17.241527,12.06852944,1.0,0.442236,0.442236,0.0132513865829,-0.42898461341710004,0.42898461341710004
polar1m,100,32,H,12.0,12.0,12.0,1.0,0.309037,0.309037,0.129101395607,-0.179935604393,0.179935604393
polar1m,100,33,H,12.14669761,9.80047385,13.39711443,1.0,0.342134,0.342134,0.0172604992986,-0.3248735007014,0.3248735007014
polar1m,100,34,O,9.91327105,12.46426425,13.98883852,-2.0,1.095938,-0.9040619999999999,-0.118648037314,0.785413962686,0.785413962686
polar1m,100,35,H,9.11142556,13.38554829,12.34539384,1.0,0.371192,0.371192,0.0266972184181,-0.3444947815819,0.3444947815819
polar1m,100,36,O,9.18236575,13.43861917,11.27881562,-2.0,1.299718,-0.7002820000000001,-0.0320133045316,0.6682686954684001,0.6682686954684001
polar1m,100,37,H,15.1370059,9.96086344,13.02557885,1.0,0.365457,0.365457,0.00950765609741,-0.35594934390259,0.35594934390259
polar1m,100,38,H,10.65863134,10.45940617,11.92186883,1.0,0.36801,0.36801,0.0120250582695,-0.3559849417305,0.3559849417305
polar1m,100,39,O,10.73201705,11.28306623,10.83710801,-2.0,1.307092,-0.6929080000000001,-0.00469598174095,0.6882120182590501,0.6882120182590501
polar1m,100,40,H,13.31939207,11.03257631,9.71313881,1.0,0.362302,0.362302,0.0134996473789,-0.3488023526211,0.3488023526211
polar1m,100,41,H,12.73526746,12.86541943,9.45309351,1.0,0.371025,0.371025,0.0192615762353,-0.3517634237647,0.3517634237647
polar1m,100,42,H,10.10330804,13.83115507,11.31902304,1.0,0.387105,0.387105,0.0185290444642,-0.36857595553579997,0.36857595553579997
polar1m,100,43,O,15.66129268,9.11466301,13.23342817,-2.0,1.047158,-0.952842,-0.0881854444742,0.8646565555258,0.8646565555258
polar1m,101,0,H,8.65240078,10.8912136,13.5480659,1.0,0.374386,0.374386,0.021510001272,-0.352875998728,0.352875998728
polar1m,101,1,O,10.17651459,10.06891087,12.62450741,-2.0,1.13752,-0.8624799999999999,-0.329184532166,0.5332954678339998,0.5332954678339998
polar1m,101,2,H,14.31790487,13.52718354,11.96920952,1.0,0.40342,0.40342,0.036968909204,-0.366451090796,0.366451090796
polar1m,101,3,H,15.49469455,12.11744229,12.58448247,1.0,0.392737,0.392737,0.0176447406411,-0.3750922593589,0.3750922593589
polar1m,101,4,O,12.96362004,9.12854168,14.12823586,-2.0,1.179333,-0.820667,-0.0499496683478,0.7707173316522,0.7707173316522
polar1m,101,5,H,14.06211388,11.52171279,12.90133303,1.0,0.347287,0.347287,0.0197170898318,-0.32756991016820003,0.32756991016820003
polar1m,101,6,H,15.90821486,8.66383359,12.29247285,1.0,0.340239,0.340239,0.012294543907,-0.327944456093,0.327944456093
polar1m,101,7,H,10.15320203,11.86604419,10.91599529,1.0,0.410797,0.410797,0.0338344164193,-0.3769625835807,0.3769625835807
polar1m,101,8,H,12.88538381,12.39900548,11.0833839,1.0,0.361632,0.361632,0.0251979790628,-0.3364340209372,0.3364340209372
polar1m,101,9,O,15.06392768,11.23255866,12.63617436,-2.0,1.29018,-0.7098199999999999,-0.0304103791714,0.6794096208285999,0.6794096208285999
polar1m,101,10,H,12.41953389,9.25829309,11.39161947,1.0,0.424183,0.424183,0.0257803667337,-0.3984026332663,0.3984026332663
polar1m,101,11,H,13.28847297,9.72393717,14.81781412,1.0,0.40192,0.40192,0.0167801529169,-0.3851398470831,0.3851398470831
polar1m,101,12,O,12.91532786,12.95807483,12.61366071,-2.0,1.353399,-0.646601,-0.204943418503,0.44165758149699996,0.44165758149699996
polar1m,101,13,H,13.69804562,9.58922274,9.81021035,1.0,0.436698,0.436698,0.014496775344,-0.42220122465599996,0.42220122465599996
polar1m,101,14,H,9.1880879,15.53343709,13.89068319,1.0,0.357043,0.357043,0.00739005580544,-0.34965294419456,0.34965294419456
polar1m,101,15,H,9.97804028,13.52638036,14.02773584,1.0,0.338417,0.338417,0.0112382173538,-0.32717878264620004,0.32717878264620004
polar1m,101,16,O,9.68966583,14.76465749,13.58202187,-2.0,0.992688,-1.007312,-0.75352036953,0.25379163047,0.25379163047
polar1m,101,17,H,15.0240134,15.29817841,12.65194503,1.0,0.380751,0.380751,0.0195306688547,-0.3612203311453,0.3612203311453
polar1m,101,18,O,15.12099767,13.92784384,12.62125162,-2.0,1.283801,-0.716199,-0.017570592463,0.6986284075370001,0.6986284075370001
polar1m,101,19,O,13.5756241,12.53907144,10.34928275,-2.0,1.337826,-0.662174,-0.0338432043791,0.6283307956209,0.6283307956209
polar1m,101,20,H,8.49508782,10.13003443,12.23353207,1.0,0.356091,0.356091,0.0145883336663,-0.34150266633369997,0.34150266633369997
polar1m,101,21,O,12.99128502,10.0213574,9.60832915,-2.0,1.145405,-0.854595,-0.0923275053501,0.7622674946499,0.7622674946499
polar1m,101,22,H,9.244576,12.03044253,13.82731895,1.0,0.341295,0.341295,0.0189761538059,-0.3223188461941,0.3223188461941
polar1m,101,23,O,14.89993335,16.2187127,12.1197965,-2.0,1.045659,-0.9543410000000001,-0.133994415402,0.8203465845980001,0.8203465845980001
polar1m,101,24,H,16.13155062,13.91125556,13.00026302,1.0,0.409956,0.409956,0.0259061772376,-0.38404982276239996,0.38404982276239996
polar1m,101,25,H,10.53550648,9.42651468,13.15346614,1.0,0.389735,0.389735,0.0149017311633,-0.3748332688367,0.3748332688367
polar1m,101,26,H,13.59341127,9.98445396,11.87170234,1.0,0.377824,0.377824,0.0230497010052,-0.3547742989948,0.3547742989948
polar1m,101,27,O,7.93425818,10.74701634,12.90002168,-2.0,1.16386,-0.8361400000000001,-0.071906208992,0.7642337910080002,0.7642337910080002
polar1m,101,28,O,12.63841066,10.06117307,11.78128986,-2.0,1.258482,-0.7415179999999999,-0.0219476446509,0.7195703553490999,0.7195703553490999
polar1m,101,29,H,11.42714514,11.15011051,10.17383876,1.0,0.403833,0.403833,0.0246976912022,-0.3791353087978,0.3791353087978
polar1m,101,30,H,12.80154079,12.8936231,13.61248593,1.0,0.423476,0.423476,0.0230201426893,-0.4004558573107,0.4004558573107
polar1m,101,31,H,14.58640249,17.1872939,12.10816584,1.0,0.3918,0.3918,0.0140841770917,-0.37771582290829997,0.37771582290829997
polar1m,101,32,H,12.0,12.0,12.0,1.0,0.31667,0.31667,0.23027561605,-0.08639438395000001,0.08639438395000001
polar1m,101,33,H,12.33386901,9.63761574,13.5451343,1.0,0.363431,0.363431,0.0149015635252,-0.3485294364748,0.3485294364748
polar1m,101,34,O,10.13226209,12.38243056,14.06155637,-2.0,1.102538,-0.897462,-0.185355395079,0.712106604921,0.712106604921
polar1m,101,35,H,9.23454268,13.33805476,12.34030717,1.0,0.407907,0.407907,0.0197610054165,-0.3881459945835,0.3881459945835
polar1m,101,36,O,9.36539194,13.33708468,11.42265894,-2.0,1.263065,-0.7369349999999999,-0.0460649840534,0.6908700159465999,0.6908700159465999
polar1m,101,37,H,15.41437145,9.90795298,12.97052055,1.0,0.367702,0.367702,0.00728506967425,-0.36041693032574995,0.36041693032574995
polar1m,101,38,H,10.88590373,10.49186672,11.84296594,1.0,0.368168,0.368168,0.0276791155338,-0.3404888844662,0.3404888844662
polar1m,101,39,O,10.83826958,11.19516598,10.93330692,-2.0,1.360631,-0.6393690000000001,0.266812562943,0.9061815629430001,0.9061815629430001
polar1m,101,40,H,13.4014892,11.12677486,9.76899657,1.0,0.312239,0.312239,0.0307882390916,-0.2814507609084,0.2814507609084
polar1m,101,41,H,12.94543777,12.67500644,9.59222301,1.0,0.40066,0.40066,0.0215633083135,-0.3790966916865,0.3790966916865
polar1m,101,42,H,10.37492574,13.75046211,11.36834932,1.0,0.338891,0.338891,0.0168892275542,-0.32200177244579997,0.32200177244579997
polar1m,101,43,O,15.79964,9.0135944,13.25347854,-2.0,1.146425,-0.853575,-0.0865454375744,0.7670295624255999,0.7670295624255999
polar1m,102,0,H,8.80625738,10.67409036,13.34791755,1.0,0.390041,0.390041,0.0202858299017,-0.3697551700983,0.3697551700983
polar1m,102,1,O,10.23789043,9.85788935,12.46940922,-2.0,1.119945,-0.880055,-0.301434516907,0.578620483093,0.578620483093
polar1m,102,2,H,14.23752732,13.24239446,11.96273326,1.0,0.39832,0.39832,0.0569853410125,-0.3413346589875,0.3413346589875
polar1m,102,3,H,15.57397536,11.95504191,12.42429087,1.0,0.382171,0.382171,0.018049813807,-0.364121186193,0.364121186193
polar1m,102,4,H,14.32388351,11.30108071,12.7236608,1.0,0.406272,0.406272,0.0170031636953,-0.3892688363047,0.3892688363047
polar1m,102,5,H,15.95741936,8.18730049,12.06364417,1.0,0.274493,0.274493,0.0164256431162,-0.2580673568838,0.2580673568838
polar1m,102,6,H,10.16052622,11.517742,10.7933976,1.0,0.440069,0.440069,0.0333735458553,-0.4066954541447,0.4066954541447
polar1m,102,7,H,8.80506313,16.48111952,16.12309304,1.0,0.307205,0.307205,0.0148298349231,-0.2923751650769,0.2923751650769
polar1m,102,8,H,13.00077406,12.23252969,11.0941962,1.0,0.362054,0.362054,0.0225555785,-0.3394984215,0.3394984215
polar1m,102,9,O,15.1542944,11.02328866,12.51292566,-2.0,1.249511,-0.750489,-0.0353073254228,0.7151816745771999,0.7151816745771999
polar1m,102,10,H,12.50790602,9.00851523,11.20430636,1.0,0.396582,0.396582,0.0222462490201,-0.3743357509799,0.3743357509799
polar1m,102,11,O,12.98237589,12.73475087,12.57628646,-2.0,1.3517,-0.6483000000000001,-0.0337764620781,0.6145235379219001,0.6145235379219001
polar1m,102,12,H,13.84628627,9.16900647,9.89105816,1.0,0.332362,0.332362,0.0168944913894,-0.31546750861059997,0.31546750861059997
polar1m,102,13,H,9.26242014,15.26402858,13.79805065,1.0,0.360529,0.360529,0.00681544840336,-0.35371355159664,0.35371355159664
polar1m,102,14,H,10.07352884,13.27538606,13.89661344,1.0,0.341249,0.341249,0.0076470002532,-0.33360199974680005,0.33360199974680005
polar1m,102,15,O,9.76789251,14.54260453,13.47970098,-2.0,0.984801,-1.015199,-0.781629383564,0.23356961643599994,0.23356961643599994
polar1m,102,16,H,15.0512914,15.068316,12.62815618,1.0,0.36215,0.36215,0.0194848403335,-0.3426651596665,0.3426651596665
polar1m,102,17,O,15.14556135,13.71474965,12.51020575,-2.0,1.277145,-0.722855,-0.0365972965956,0.6862577034044001,0.6862577034044001
polar1m,102,18,O,13.63817675,12.26873583,10.28260163,-2.0,1.276872,-0.723128,-0.0434756949544,0.6796523050456,0.6796523050456
polar1m,102,19,H,8.53480488,10.08099073,12.26555341,1.0,0.411186,0.411186,0.013398449868,-0.397787550132,0.397787550132
polar1m,102,20,H,8.32485924,15.87379158,14.73791566,1.0,0.390431,0.390431,0.0204276032746,-0.37000339672539995,0.37000339672539995
polar1m,102,21,O,13.01968557,9.76499553,9.52121375,-2.0,1.25857,-0.74143,-0.0816019102931,0.6598280897069,0.6598280897069
polar1m,102,22,H,9.36422856,11.79311543,13.82855142,1.0,0.351855,0.351855,0.0187957063317,-0.33305929366829995,0.33305929366829995
polar1m,102,23,O,9.20878656,16.17223182,15.10779112,-2.0,1.317121,-0.682879,-0.0231155827641,0.6597634172359,0.6597634172359
polar1m,102,24,O,14.98970083,15.99032597,11.97047252,-2.0,1.081454,-0.9185460000000001,-0.171752259135,0.746793740865,0.746793740865
polar1m,102,25,H,16.14820786,13.65065544,12.8588136,1.0,0.402546,0.402546,0.0222120638937,-0.3803339361063,0.3803339361063
polar1m,102,26,H,10.66254726,9.2624669,13.05708472,1.0,0.384938,0.384938,0.0128568671644,-0.3720811328356,0.3720811328356
polar1m,102,27,H,13.66605256,9.76202815,11.67653505,1.0,0.363534,0.363534,0.0172140263021,-0.3463199736979,0.3463199736979
polar1m,102,28,O,8.03840042,10.55337533,12.84480151,-2.0,1.088618,-0.9113819999999999,-0.0713507309556,0.8400312690444,0.8400312690444
polar1m,102,29,O,12.70138,9.83462591,11.67601652,-2.0,1.229493,-0.770507,-0.033274307847,0.737232692153,0.737232692153
polar1m,102,30,H,11.41894518,11.05508319,10.1444472,1.0,0.41245,0.41245,0.0231881588697,-0.3892618411303,0.3892618411303
polar1m,102,31,H,12.82597411,12.47380964,13.46225739,1.0,0.455475,0.455475,0.0245266687125,-0.43094833128750004,0.43094833128750004
polar1m,102,32,H,14.42507451,16.85374947,12.03401141,1.0,0.366554,0.366554,0.012489752844,-0.354064247156,0.354064247156
polar1m,102,33,H,12.0,12.0,12.0,1.0,0.340841,0.340841,0.141642302275,-0.199198697725,0.199198697725
polar1m,102,34,O,10.25163114,12.17213594,13.97068348,-2.0,1.10639,-0.89361,-0.157253369689,0.7363566303110001,0.7363566303110001
polar1m,102,35,H,9.26260775,13.18506617,12.28315732,1.0,0.40586,0.40586,0.0192986223847,-0.3865613776153,0.3865613776153
polar1m,102,36,O,9.46346293,13.09881107,11.39125438,-2.0,1.18981,-0.81019,-0.0522337555885,0.7579562444115,0.7579562444115
polar1m,102,37,H,15.61362371,9.67333866,12.82536046,1.0,0.390855,0.390855,0.00736283510923,-0.38349216489077,0.38349216489077
polar1m,102,38,H,10.8896263,10.29543482,11.7416862,1.0,0.387948,0.387948,0.0230676978827,-0.3648803021173,0.3648803021173
polar1m,102,39,O,10.85029976,10.97609741,10.8578178,-2.0,1.314797,-0.685203,0.208315521479,0.893518521479,0.893518521479
polar1m,102,40,H,13.33583024,10.87208838,9.66626134,1.0,0.317373,0.317373,0.0243177264929,-0.29305527350710003,0.29305527350710003
polar1m,102,41,H,13.09517995,12.38507481,9.57680153,1.0,0.43378,0.43378,0.0197426974773,-0.4140373025227,0.4140373025227
polar1m,102,42,H,10.34972022,13.49071016,11.29158534,1.0,0.376787,0.376787,0.0151671953499,-0.36161980465009996,0.36161980465009996
polar1m,102,43,O,15.83733122,8.77717062,13.10743563,-2.0,1.207864,-0.792136,-0.0738181918859,0.7183178081141,0.7183178081141
polar1m,103,0,O,11.25821383,14.15778722,15.00067892,-2.0,1.197161,-0.8028390000000001,-0.0923320353031,0.7105069646969001,0.7105069646969001
polar1m,103,1,H,8.85210016,10.32156175,13.07314005,1.0,0.347941,0.347941,0.0181314833462,-0.3298095166538,0.3298095166538
polar1m,103,2,H,12.10663233,12.0114632,14.77665055,1.0,0.347986,0.347986,0.0193917192519,-0.32859428074810004,0.32859428074810004
polar1m,103,3,O,10.14726989,9.50076031,12.16702708,-2.0,1.221607,-0.7783929999999999,-0.127928957343,0.6504640426569999,0.6504640426569999
polar1m,103,4,H,14.16170043,12.90524722,11.92337118,1.0,0.395905,0.395905,0.0329788215458,-0.3629261784542,0.3629261784542
polar1m,103,5,H,15.47982221,11.56030554,12.10374627,1.0,0.389013,0.389013,0.0134864896536,-0.3755265103464,0.3755265103464
polar1m,103,6,H,14.23533003,10.98140274,12.43156678,1.0,0.382342,0.382342,0.0154330208898,-0.36690897911020004,0.36690897911020004
polar1m,103,7,H,9.80213329,11.21117208,10.53250173,1.0,0.363382,0.363382,0.0328768491745,-0.33050515082549997,0.33050515082549997
polar1m,103,8,H,8.79278967,16.09270664,15.67680457,1.0,0.420786,0.420786,0.0136853959411,-0.4071006040589,0.4071006040589
polar1m,103,9,H,13.05862386,11.93865205,10.84418146,1.0,0.387816,0.387816,0.0153210274875,-0.37249497251249997,0.37249497251249997
polar1m,103,10,O,15.10520323,10.67849549,12.22438879,-2.0,1.168886,-0.8311139999999999,-0.0603813156486,0.7707326843514,0.7707326843514
polar1m,103,11,H,12.4376847,8.625092,10.88332749,1.0,0.38184,0.38184,0.0148792248219,-0.3669607751781,0.3669607751781
polar1m,103,12,H,11.21639857,14.08082511,13.90772908,1.0,0.326124,0.326124,0.0218857675791,-0.30423823242090003,0.30423823242090003
polar1m,103,13,O,12.88106035,12.36019995,12.37199629,-2.0,1.331745,-0.668255,0.00960563123226,0.67786063123226,0.67786063123226
polar1m,103,14,O,13.01083923,12.47023218,14.98006429,-2.0,1.25007,-0.74993,-0.0750819817185,0.6748480182815,0.6748480182815
polar1m,103,15,H,9.17885094,14.83889627,13.54773835,1.0,0.368067,0.368067,0.0111002698541,-0.35696673014589997,0.35696673014589997
polar1m,103,16,H,10.00763705,12.79926571,13.60074057,1.0,0.355844,0.355844,0.0130171850324,-0.3428268149676,0.3428268149676
polar1m,103,17,O,9.69659895,14.17401005,13.21358829,-2.0,1.072837,-0.927163,-0.776788473129,0.15037452687099995,0.15037452687099995
polar1m,103,18,H,14.8586522,14.7897686,12.33149819,1.0,0.371077,0.371077,0.01752416417,-0.35355283582999997,0.35355283582999997
polar1m,103,19,O,15.01890339,13.36166312,12.24589731,-2.0,1.220493,-0.779507,-0.0366485565901,0.7428584434098999,0.7428584434098999
polar1m,103,20,H,9.97223535,10.78649821,15.42284273,1.0,0.40985,0.40985,0.0231621023268,-0.3866878976732,0.3866878976732
polar1m,103,21,O,13.55051382,11.85229133,10.06779316,-2.0,1.205232,-0.7947679999999999,-0.055248722434,0.7395192775659999,0.7395192775659999
polar1m,103,22,H,8.50323203,9.76375778,11.96611023,1.0,0.383057,0.383057,0.0123073011637,-0.3707496988363,0.3707496988363
polar1m,103,23,O,10.3870818,9.95627961,15.30961886,-2.0,1.217521,-0.7824789999999999,-0.0484746396542,0.7340043603458,0.7340043603458
polar1m,103,24,H,8.23680047,15.40993762,14.36833503,1.0,0.385787,0.385787,0.0255001205951,-0.3602868794049,0.3602868794049
polar1m,103,25,H,9.38585731,11.47225021,13.66289688,1.0,0.357514,0.357514,0.0275012925267,-0.3300127074733,0.3300127074733
polar1m,103,26,O,9.11752378,15.76851775,14.8550607,-2.0,1.284459,-0.715541,-0.00906482338905,0.70647617661095,0.70647617661095
polar1m,103,27,H,8.47422202,11.71992583,14.80573512,1.0,0.35313,0.35313,0.0213525462896,-0.3317774537104,0.3317774537104
polar1m,103,28,O,14.92553895,15.62253377,11.66693425,-2.0,1.173123,-0.8268770000000001,-0.0911452695727,0.7357317304273001,0.7357317304273001
polar1m,103,29,H,15.89971937,13.19816374,12.4580348,1.0,0.441203,0.441203,0.0197413731366,-0.4214616268634,0.4214616268634
polar1m,103,30,H,10.6479409,8.88937852,12.84794844,1.0,0.330561,0.330561,0.0190728195012,-0.3114881804988,0.3114881804988
polar1m,103,31,H,8.70155739,10.36994264,15.16676536,1.0,0.353041,0.353041,0.0186188928783,-0.3344221071217,0.3344221071217
polar1m,103,32,H,13.57731478,9.40576062,11.35094405,1.0,0.402193,0.402193,0.0147950742394,-0.3873979257606,0.3873979257606
polar1m,103,33,H,13.02672674,15.39790676,11.30129964,1.0,0.316886,0.316886,0.0230447202921,-0.29384127970789997,0.29384127970789997
polar1m,103,34,O,7.97768629,10.22366917,12.63435278,-2.0,1.155676,-0.8443240000000001,-0.0831127911806,0.7612112088194001,0.7612112088194001
polar1m,103,35,O,12.61522211,9.46799933,11.42147338,-2.0,1.225828,-0.7741720000000001,-0.0234377086163,0.7507342913837001,0.7507342913837001
polar1m,103,36,H,11.31522288,10.84209879,9.87381727,1.0,0.367957,0.367957,0.0166292786598,-0.35132772134019996,0.35132772134019996
polar1m,103,37,O,12.20176265,14.68126087,10.89195633,-2.0,1.286666,-0.7133339999999999,-0.0457543283701,0.6675796716299,0.6675796716299
polar1m,103,38,H,12.70316633,11.89608198,13.2251388,1.0,0.386586,0.386586,0.0293394774199,-0.3572465225801,0.3572465225801
polar1m,103,39,H,14.17331612,16.22020617,11.85017184,1.0,0.364338,0.364338,0.016618501395,-0.347719498605,0.347719498605
polar1m,103,40,H,12.0,12.0,12.0,1.0,0.386163,0.386163,0.0303538106382,-0.35580918936179995,0.35580918936179995
polar1m,103,41,O,7.86591561,10.97497653,15.13776076,-2.0,1.223238,-0.776762,-0.0628118813038,0.7139501186962,0.7139501186962
polar1m,103,42,O,10.22120563,11.82905722,13.72175981,-2.0,1.202053,-0.797947,-0.0769965201616,0.7209504798384,0.7209504798384
polar1m,103,43,H,9.14947058,12.93870168,12.1951532,1.0,0.360639,0.360639,0.0195938199759,-0.3410451800241,0.3410451800241
polar1m,103,44,H,10.6242664,14.98156814,14.93675867,1.0,0.352456,0.352456,0.0135588273406,-0.3388971726594,0.3388971726594
polar1m,103,45,O,9.41073755,12.71481354,11.18911653,-2.0,1.189125,-0.810875,-0.0606991648674,0.7501758351326,0.7501758351326
polar1m,103,46,H,10.70472174,9.5796045,14.41270613,1.0,0.380894,0.380894,0.0206844583154,-0.3602095416846,0.3602095416846
polar1m,103,47,H,10.69669785,9.87099639,11.60506623,1.0,0.420885,0.420885,0.0171798989177,-0.4037051010823,0.4037051010823
polar1m,103,48,O,10.72153777,10.61913337,10.61487677,-2.0,1.295212,-0.704788,0.0395697057247,0.7443577057247,0.7443577057247
polar1m,103,49,H,12.55155634,14.40624104,9.92115157,1.0,0.343311,0.343311,0.0138269476593,-0.3294840523407,0.3294840523407
polar1m,103,50,H,12.59405719,13.22834531,14.37188765,1.0,0.358644,0.358644,0.0224984921515,-0.3361455078485,0.3361455078485
polar1m,103,51,H,12.99976388,12.04212112,9.24963489,1.0,0.372981,0.372981,0.0143489316106,-0.3586320683894,0.3586320683894
polar1m,103,52,H,10.18101261,13.1396899,11.08459775,1.0,0.412866,0.412866,0.0172916930169,-0.39557430698310003,0.39557430698310003
polar1m,104,0,O,11.23294027,13.75153933,14.76409199,-2.0,1.272243,-0.727757,-0.0289798751473,0.6987771248526999,0.6987771248526999
polar1m,104,1,H,8.90764167,9.90303768,12.84236326,1.0,0.330466,0.330466,0.0158823952079,-0.31458360479209996,0.31458360479209996
polar1m,104,2,H,12.13263041,11.64171154,14.33840168,1.0,0.340741,0.340741,0.0172835960984,-0.3234574039016,0.3234574039016
polar1m,104,3,O,10.1200838,9.05831391,11.91864431,-2.0,1.169429,-0.830571,-0.135187283158,0.695383716842,0.695383716842
polar1m,104,4,H,14.22015771,12.51856062,11.94095429,1.0,0.411443,0.411443,0.0179092623293,-0.3935337376707,0.3935337376707
polar1m,104,5,H,15.50511901,11.10757253,11.78215512,1.0,0.395351,0.395351,0.016882032156,-0.378468967844,0.378468967844
polar1m,104,6,H,14.10979382,10.59128136,12.17206415,1.0,0.325713,0.325713,0.0164956450462,-0.3092173549538,0.3092173549538
polar1m,104,7,H,9.67400655,10.77883943,10.33521612,1.0,0.372279,0.372279,0.0397652611136,-0.3325137388864,0.3325137388864
polar1m,104,8,H,13.12586523,11.60184545,10.65774464,1.0,0.379509,0.379509,0.0105754956603,-0.36893350433969996,0.36893350433969996
polar1m,104,9,O,15.13144103,10.27394593,11.94863523,-2.0,1.218516,-0.7814840000000001,-0.0593808740377,0.7221031259623001,0.7221031259623001
polar1m,104,10,H,11.24026145,13.42376425,13.78953339,1.0,0.330592,0.330592,0.0182155780494,-0.3123764219506,0.3123764219506
polar1m,104,11,O,12.84411862,11.91717883,12.19022676,-2.0,1.317214,-0.6827859999999999,0.0101416110992,0.6929276110991999,0.6929276110991999
polar1m,104,12,O,12.95621607,12.03577484,14.77945709,-2.0,1.26022,-0.7397800000000001,-0.0607004351914,0.6790795648086001,0.6790795648086001
polar1m,104,13,H,10.01113658,12.30898679,13.32663317,1.0,0.367348,0.367348,0.0210046507418,-0.3463433492582,0.3463433492582
polar1m,104,14,H,14.73869093,14.51211678,11.95661139,1.0,0.414654,0.414654,0.0136455744505,-0.4010084255495,0.4010084255495
polar1m,104,15,O,14.95731349,12.95472676,12.0013776,-2.0,1.18952,-0.8104800000000001,-0.0447824299335,0.7656975700665001,0.7656975700665001
polar1m,104,16,O,13.53823339,11.37400409,9.85753531,-2.0,1.210776,-0.7892239999999999,-0.0521722398698,0.7370517601301999,0.7370517601301999
polar1m,104,17,H,8.52164318,9.33293689,11.61381676,1.0,0.350541,0.350541,0.0198790952563,-0.3306619047437,0.3306619047437
polar1m,104,18,H,9.39211595,11.04875648,13.47994967,1.0,0.372245,0.372245,0.0283326394856,-0.3439123605144,0.3439123605144
polar1m,104,19,H,8.40988855,11.16644042,14.47989159,1.0,0.381945,0.381945,0.0157241616398,-0.3662208383602,0.3662208383602
polar1m,104,20,O,14.92955065,15.19317926,11.38695573,-2.0,1.174575,-0.8254250000000001,-0.0581996515393,0.7672253484607001,0.7672253484607001
polar1m,104,21,H,15.83271557,12.60516872,12.0632486,1.0,0.433984,0.433984,0.0264351125807,-0.40754888741929995,0.40754888741929995
polar1m,104,22,H,10.61034104,8.51904824,12.54171085,1.0,0.394565,0.394565,0.0193205624819,-0.3752444375181,0.3752444375181
polar1m,104,23,H,8.56220381,9.97439564,15.03309077,1.0,0.426008,0.426008,0.0178567375988,-0.4081512624012,0.4081512624012
polar1m,104,24,H,12.84654928,14.94947646,11.041526,1.0,0.370422,0.370422,0.0209469087422,-0.34947509125779996,0.34947509125779996
polar1m,104,25,O,7.98790694,9.8349791,12.44004235,-2.0,1.205639,-0.7943610000000001,-0.0855765640736,0.7087844359264001,0.7087844359264001
polar1m,104,26,H,11.23980662,10.59090785,9.65858072,1.0,0.377004,0.377004,0.0215041600168,-0.3554998399832,0.3554998399832
polar1m,104,27,O,12.19760171,14.24493054,10.66556389,-2.0,1.179572,-0.8204279999999999,-0.0345834493637,0.7858445506362999,0.7858445506362999
polar1m,104,28,H,12.71293105,11.2911019,13.00797413,1.0,0.380579,0.380579,0.0377205312252,-0.3428584687748,0.3428584687748
polar1m,104,29,H,14.052775,15.5311918,11.69866432,1.0,0.346953,0.346953,0.0165907312185,-0.3303622687815,0.3303622687815
polar1m,104,30,H,12.0,12.0,12.0,1.0,0.419228,0.419228,0.0218472592533,-0.3973807407467,0.3973807407467
polar1m,104,31,O,7.86029995,10.53806867,14.88745478,-2.0,1.19628,-0.80372,-0.0397045388818,0.7640154611182,0.7640154611182
polar1m,104,32,O,10.2741291,11.43001513,13.49076409,-2.0,1.282441,-0.7175590000000001,-0.0158914998174,0.7016675001826,0.7016675001826
polar1m,104,33,H,9.18214578,12.65512534,11.96012375,1.0,0.35597,0.35597,0.0216548927128,-0.3343151072872,0.3343151072872
polar1m,104,34,H,10.67821768,14.47376676,14.61249272,1.0,0.436711,0.436711,0.0165890324861,-0.4201219675139,0.4201219675139
polar1m,104,35,O,9.41428267,12.26351792,11.01004729,-2.0,1.345654,-0.6543460000000001,-0.0109216123819,0.6434243876181001,0.6434243876181001
polar1m,104,36,H,10.78663562,9.47994607,11.34601726,1.0,0.41404,0.41404,0.0195743665099,-0.3944656334901,0.3944656334901
polar1m,104,37,O,10.6602352,10.22179503,10.36985712,-2.0,1.312688,-0.6873119999999999,0.0516670942307,0.7389790942307,0.7389790942307
polar1m,104,38,H,12.53942635,14.12863604,9.83885659,1.0,0.445567,0.445567,0.0172812659293,-0.4282857340707,0.4282857340707
polar1m,104,39,H,12.58538618,12.74937314,14.19125118,1.0,0.365398,0.365398,0.017949346453,-0.347448653547,0.347448653547
polar1m,104,40,H,13.02087828,11.66001909,9.00080841,1.0,0.361809,0.361809,0.017595525831,-0.344213474169,0.344213474169
polar1m,104,41,H,10.2685065,12.85969708,10.88657926,1.0,0.364169,0.364169,0.019809897989,-0.344359102011,0.344359102011
polar1m,105,0,O,11.51091462,13.34054041,14.63683296,-2.0,1.154308,-0.8456920000000001,-0.079002737999,0.7666892620010001,0.7666892620010001
polar1m,105,1,H,9.16496865,9.45540844,12.70447789,1.0,0.368379,0.368379,0.0171710401773,-0.35120795982270003,0.35120795982270003
polar1m,105,2,H,12.48420696,11.18404872,14.16405627,1.0,0.360609,0.360609,0.0173241980374,-0.34328480196260003,0.34328480196260003
polar1m,105,3,O,10.38597585,8.60411775,11.80027909,-2.0,1.125635,-0.8743650000000001,-0.273079663515,0.601285336485,0.601285336485
polar1m,105,4,H,14.37268228,11.98263976,12.06008716,1.0,0.361997,0.361997,0.015905380249,-0.346091619751,0.346091619751
polar1m,105,5,H,15.88093066,10.71147367,11.54272966,1.0,0.370872,0.370872,0.0184672400355,-0.3524047599645,0.3524047599645
polar1m,105,6,H,14.46361196,10.11775952,11.9630117,1.0,0.360974,0.360974,0.0154246240854,-0.3455493759146,0.3455493759146
polar1m,105,7,H,10.05263402,10.26778946,10.28903106,1.0,0.420794,0.420794,0.0301175042987,-0.39067649570130003,0.39067649570130003
polar1m,105,8,H,9.01727224,15.39124181,15.37101517,1.0,0.359731,0.359731,0.0185907613486,-0.34114023865140003,0.34114023865140003
polar1m,105,9,H,13.41172648,11.28760644,10.62873745,1.0,0.349435,0.349435,0.0132012739778,-0.3362337260222,0.3362337260222
polar1m,105,10,O,15.43740155,9.86816962,11.78527007,-2.0,1.219274,-0.780726,-0.0619087293744,0.7188172706256001,0.7188172706256001
polar1m,105,11,H,11.51527853,12.82578177,13.888881,1.0,0.368516,0.368516,0.0179226920009,-0.3505933079991,0.3505933079991
polar1m,105,12,O,13.10951372,11.46664203,12.13454805,-2.0,1.413246,-0.586754,0.0164227485657,0.6031767485657,0.6031767485657
polar1m,105,13,O,13.18820402,11.59889868,14.68161649,-2.0,1.168217,-0.8317829999999999,-0.0698726922274,0.7619103077725999,0.7619103077725999
polar1m,105,14,H,9.39464874,13.89405178,13.20362676,1.0,0.361015,0.361015,0.0142288766801,-0.3467861233199,0.3467861233199
polar1m,105,15,H,10.28661262,11.97675292,13.15265554,1.0,0.341773,0.341773,0.00999101996422,-0.33178198003577997,0.33178198003577997
polar1m,105,16,O,10.00069411,13.29909739,12.80164347,-2.0,1.100531,-0.8994690000000001,-0.749329447746,0.1501395522540001,0.1501395522540001
polar1m,105,17,H,14.98568376,14.03726066,11.78752608,1.0,0.403651,0.403651,0.0139836221933,-0.38966737780669997,0.38966737780669997
polar1m,105,18,O,15.20587717,12.56068709,11.87085424,-2.0,1.277869,-0.7221310000000001,-0.0815154388547,0.6406155611453,0.6406155611453
polar1m,105,19,O,13.82266349,10.89541399,9.74210833,-2.0,1.161829,-0.838171,-0.0732685178518,0.7649024821482,0.7649024821482
polar1m,105,20,H,8.70299181,8.9861626,11.52552267,1.0,0.367579,0.367579,0.0151536017656,-0.3524253982344,0.3524253982344
polar1m,105,21,O,7.21816999,12.42763469,15.15030379,-2.0,1.149236,-0.8507640000000001,-0.0550838410854,0.7956801589146001,0.7956801589146001
polar1m,105,22,H,8.62100501,14.58038305,14.0534685,1.0,0.427432,0.427432,0.0216610021889,-0.4057709978111,0.4057709978111
polar1m,105,23,H,9.72883616,10.60605148,13.38318247,1.0,0.335884,0.335884,0.0250150337815,-0.3108689662185,0.3108689662185
polar1m,105,24,O,9.36424647,14.81963071,14.49739336,-2.0,1.276562,-0.723438,-0.0143830254674,0.7090549745326,0.7090549745326
polar1m,105,25,H,8.62929003,10.70175713,14.23906806,1.0,0.368573,0.368573,0.0250044502318,-0.3435685497682,0.3435685497682
polar1m,105,26,O,15.22154607,14.77326985,11.2177355,-2.0,1.144806,-0.855194,-0.0850745588541,0.7701194411459,0.7701194411459
polar1m,105,27,H,16.10981596,12.0061877,11.79749138,1.0,0.351476,0.351476,0.023646498099,-0.327829501901,0.327829501901
polar1m,105,28,H,10.85467133,8.08949894,12.36412466,1.0,0.40573,0.40573,0.0114570520818,-0.3942729479182,0.3942729479182
polar1m,105,29,H,8.76442691,9.44054032,15.0853147,1.0,0.411361,0.411361,0.0165629833937,-0.3947980166063,0.3947980166063
polar1m,105,30,H,12.89355634,14.459715,10.86678364,1.0,0.450994,0.450994,0.0181531272829,-0.43284087271710003,0.43284087271710003
polar1m,105,31,O,8.30034649,9.44053335,12.34457443,-2.0,1.155333,-0.8446670000000001,-0.0754067823291,0.7692602176709,0.7692602176709
polar1m,105,32,H,11.40420887,10.3581098,9.61647011,1.0,0.39905,0.39905,0.0204296186566,-0.37862038134340004,0.37862038134340004
polar1m,105,33,O,12.48626862,13.80887041,10.56365169,-2.0,1.155657,-0.8443430000000001,-0.02553062886,0.81881237114,0.81881237114
polar1m,105,34,H,13.05480968,10.76245813,12.80787283,1.0,0.398116,0.398116,0.0315889492631,-0.3665270507369,0.3665270507369
polar1m,105,35,H,14.2949824,14.96713935,11.60972168,1.0,0.339384,0.339384,0.0179488100111,-0.3214351899889,0.3214351899889
polar1m,105,36,H,12.0,12.0,12.0,1.0,0.368041,0.368041,0.0805348828435,-0.2875061171565,0.2875061171565
polar1m,105,37,O,8.14400484,10.10191062,14.7471178,-2.0,1.240602,-0.759398,-0.0388972237706,0.7205007762294,0.7205007762294
polar1m,105,38,H,7.95019114,11.96098273,14.60391601,1.0,0.400091,0.400091,0.0254657305777,-0.37462526942229996,0.37462526942229996
polar1m,105,39,O,10.62748621,11.02581867,13.37171147,-2.0,1.210623,-0.789377,-0.102259285748,0.687117714252,0.687117714252
polar1m,105,40,H,9.55062375,12.38262818,11.71149774,1.0,0.376382,0.376382,0.00968801230192,-0.36669398769808,0.36669398769808
polar1m,105,41,H,10.95311088,14.05902959,14.39909195,1.0,0.391816,0.391816,0.0142590031028,-0.3775569968972,0.3775569968972
polar1m,105,42,O,9.71665326,11.81959294,10.94395981,-2.0,1.204178,-0.795822,-0.0786353945732,0.7171866054268,0.7171866054268
polar1m,105,43,H,11.20863023,9.12969575,11.16722168,1.0,0.3839,0.3839,0.0423757433891,-0.3415242566109,0.3415242566109
polar1m,105,44,O,10.88849852,9.84330599,10.21645583,-2.0,1.277395,-0.7226049999999999,0.166488081217,0.8890930812169999,0.8890930812169999
polar1m,105,45,H,12.88181201,13.827456,9.68635896,1.0,0.416468,0.416468,0.0167707242072,-0.3996972757928,0.3996972757928
polar1m,105,46,H,13.02262371,12.35591939,14.21268094,1.0,0.403703,0.403703,0.0177178829908,-0.38598511700919996,0.38598511700919996
polar1m,105,47,H,13.41613935,11.27210011,8.99235834,1.0,0.3969,0.3969,0.0122890342027,-0.3846109657973,0.3846109657973
polar1m,105,48,H,6.54874588,13.12386111,15.12868857,1.0,0.421689,0.421689,0.0133190602064,-0.4083699397936,0.4083699397936
polar1m,105,49,H,10.52982887,12.50787961,10.80174294,1.0,0.322384,0.322384,0.0189677067101,-0.3034162932899,0.3034162932899
polar1m,106,0,O,11.65620765,13.0257578,14.50545472,-2.0,1.261209,-0.738791,-0.0760666951537,0.6627243048463,0.6627243048463
polar1m,106,1,H,12.66189994,10.73917963,14.05713314,1.0,0.378193,0.378193,0.0154670253396,-0.3627259746604,0.3627259746604
polar1m,106,2,H,14.42786314,11.59362631,12.1519356,1.0,0.34213,0.34213,0.0379803329706,-0.3041496670294,0.3041496670294
polar1m,106,3,H,16.09144739,10.3363038,11.28351731,1.0,0.387578,0.387578,0.0249512661248,-0.3626267338752,0.3626267338752
polar1m,106,4,H,14.75781706,9.71389429,11.6980937,1.0,0.428231,0.428231,0.015059158206,-0.41317184179399996,0.41317184179399996
polar1m,106,5,H,11.39422934,14.37438721,12.94591963,1.0,0.373559,0.373559,0.0175941176713,-0.3559648823287,0.3559648823287
polar1m,106,6,O,13.0548889,15.9676537,9.95552138,-2.0,1.248139,-0.7518609999999999,-0.0284858494997,0.7233751505002999,0.7233751505002999
polar1m,106,7,H,13.58583456,11.00600475,10.46307904,1.0,0.353418,0.353418,0.0112400129437,-0.3421779870563,0.3421779870563
polar1m,106,8,O,15.60084214,9.55567117,11.60475335,-2.0,1.159534,-0.8404659999999999,-0.053012046963,0.7874539530369999,0.7874539530369999
polar1m,106,9,H,11.61324564,12.26913409,13.88089054,1.0,0.364338,0.364338,0.0193331874907,-0.3450048125093,0.3450048125093
polar1m,106,10,O,13.22436934,11.11099066,12.06160804,-2.0,1.401049,-0.598951,-0.0604763180017,0.5384746819983,0.5384746819983
polar1m,106,11,O,13.28318226,11.24650763,14.56962809,-2.0,1.181551,-0.818449,-0.069991633296,0.748457366704,0.748457366704
polar1m,106,12,H,9.52970905,13.47127759,13.0417898,1.0,0.397101,0.397101,0.0184667110443,-0.3786342889557,0.3786342889557
polar1m,106,13,H,10.42699412,11.74835749,12.97590515,1.0,0.333774,0.333774,0.0170928910375,-0.3166811089625,0.3166811089625
polar1m,106,14,O,10.16327667,12.95141909,12.62534117,-2.0,1.186371,-0.8136289999999999,-0.567381024361,0.24624797563899992,0.24624797563899992
polar1m,106,15,H,15.22781222,13.49591842,11.63668616,1.0,0.362269,0.362269,0.0139025449753,-0.3483664550247,0.3483664550247
polar1m,106,16,O,15.32539912,12.25011687,11.72652649,-2.0,1.290421,-0.709579,-0.116231605411,0.593347394589,0.593347394589
polar1m,106,17,O,13.96827655,10.50896543,9.61805081,-2.0,1.149061,-0.8509389999999999,-0.0714630633593,0.7794759366406999,0.7794759366406999
polar1m,106,18,H,10.03603689,10.26486347,13.25559092,1.0,0.382034,0.382034,0.0177995860577,-0.3642344139423,0.3642344139423
polar1m,106,19,H,8.75142144,10.37120002,13.96390755,1.0,0.396969,0.396969,0.0214154142886,-0.3755535857114,0.3755535857114
polar1m,106,20,O,15.36276028,14.45062047,11.03712882,-2.0,1.083979,-0.916021,-0.264239042997,0.6517819570029999,0.6517819570029999
polar1m,106,21,H,12.8808905,16.66790229,10.62821144,1.0,0.383122,0.383122,0.0236045476049,-0.3595174523951,0.3595174523951
polar1m,106,22,H,16.11154044,11.67539144,11.54582864,1.0,0.363128,0.363128,0.0270675104111,-0.3360604895889,0.3360604895889
polar1m,106,23,H,8.83045065,9.04423196,15.13453075,1.0,0.396788,0.396788,0.0187802203,-0.3780077797,0.3780077797
polar1m,106,24,H,12.99573032,14.36948773,10.86294533,1.0,0.334197,0.334197,0.0249212384224,-0.3092757615776,0.3092757615776
polar1m,106,25,O,12.62253783,13.44435595,10.43957389,-2.0,1.318792,-0.681208,-0.0432300195098,0.6379779804902,0.6379779804902
polar1m,106,26,H,13.21661138,10.33703026,12.56200946,1.0,0.411828,0.411828,0.0231925696135,-0.3886354303865,0.3886354303865
polar1m,106,27,H,14.49295521,14.63734026,11.42588426,1.0,0.3225,0.3225,0.0131749287248,-0.30932507127520004,0.30932507127520004
polar1m,106,28,H,12.0,12.0,12.0,1.0,0.369068,0.369068,0.287629067898,-0.08143893210199998,0.08143893210199998
polar1m,106,29,O,8.2840918,9.75257176,14.5931414,-2.0,1.200629,-0.799371,-0.0441375039518,0.7552334960482,0.7552334960482
polar1m,106,30,O,10.83941349,10.71655519,13.23524486,-2.0,1.15911,-0.8408899999999999,-0.224080473185,0.6168095268149999,0.6168095268149999
polar1m,106,31,H,9.72584796,12.23705419,11.50460561,1.0,0.371376,0.371376,0.00914501398802,-0.36223098601198,0.36223098601198
polar1m,106,32,H,11.02982559,13.79286782,14.17256777,1.0,0.329182,0.329182,0.0215661488473,-0.30761585115269996,0.30761585115269996
polar1m,106,33,O,9.88834006,11.4771622,10.85529554,-2.0,1.088513,-0.9114869999999999,-0.124837867916,0.7866491320839999,0.7866491320839999
polar1m,106,34,H,13.34156978,16.47996601,11.86112078,1.0,0.331578,0.331578,0.0214271191508,-0.3101508808492,0.3101508808492
polar1m,106,35,O,14.12201923,16.49581245,12.51179586,-2.0,1.256688,-0.743312,-0.0401446670294,0.7031673329706,0.7031673329706
polar1m,106,36,H,12.40588377,15.4934473,10.41561776,1.0,0.404195,0.404195,0.0222370456904,-0.3819579543096,0.3819579543096
polar1m,106,37,H,13.08363033,13.57173309,9.43860068,1.0,0.370787,0.370787,0.0240833293647,-0.3467036706353,0.3467036706353
polar1m,106,38,H,13.39092154,12.21969235,14.20765774,1.0,0.371837,0.371837,0.0208116583526,-0.35102534164739996,0.35102534164739996
polar1m,106,39,H,13.73414348,16.80983437,13.35017723,1.0,0.393492,0.393492,0.0156032759696,-0.3778887240304,0.3778887240304
polar1m,106,40,H,13.64819733,11.04207095,8.9004962,1.0,0.39599,0.39599,0.0140368379653,-0.38195316203470003,0.38195316203470003
polar1m,106,41,H,10.53178769,12.12239868,10.65865636,1.0,0.383968,0.383968,0.0143988281488,-0.3695691718512,0.3695691718512
polar1m,106,42,O,11.45862155,15.35065303,12.89451652,-2.0,1.153313,-0.846687,-0.0458802133799,0.8008067866201,0.8008067866201
polar1m,106,43,H,11.39568333,15.60669318,13.75178092,1.0,0.429012,0.429012,0.0176765210927,-0.4113354789073,0.4113354789073
polar1m,107,0,O,11.68782653,12.81854604,14.38763269,-2.0,1.225811,-0.774189,-0.0855360627174,0.6886529372826,0.6886529372826
polar1m,107,1,H,12.69063642,10.41591751,13.95429346,1.0,0.386734,0.386734,0.0174728296697,-0.36926117033030004,0.36926117033030004
polar1m,107,2,H,14.38256353,11.39301017,12.17935952,1.0,0.347869,0.347869,0.0631069540977,-0.2847620459023,0.2847620459023
polar1m,107,3,H,11.60024628,14.17943873,12.94925221,1.0,0.37492,0.37492,0.0164196118712,-0.3585003881288,0.3585003881288
polar1m,107,4,O,13.06410757,15.78041139,9.83773542,-2.0,1.231821,-0.768179,-0.0287135466933,0.7394654533067,0.7394654533067
polar1m,107,5,H,13.67878635,10.74287586,10.24339761,1.0,0.39298,0.39298,0.0100468359888,-0.3829331640112,0.3829331640112
polar1m,107,6,H,11.57311121,11.86845001,13.91630775,1.0,0.357529,0.357529,0.0219017192721,-0.3356272807279,0.3356272807279
polar1m,107,7,O,13.22676293,10.86612761,11.99387744,-2.0,1.402559,-0.5974410000000001,-0.0627670586109,0.5346739413891001,0.5346739413891001
polar1m,107,8,O,13.27442151,11.00103914,14.47335822,-2.0,1.171074,-0.828926,-0.068224966526,0.7607010334740001,0.7607010334740001
polar1m,107,9,H,9.51794183,13.17824391,12.9364069,1.0,0.381537,0.381537,0.0218552947044,-0.3596817052956,0.3596817052956
polar1m,107,10,H,10.47132855,11.56047358,12.83312074,1.0,0.343805,0.343805,0.0253956913948,-0.3184093086052,0.3184093086052
polar1m,107,11,O,10.21670055,12.6999361,12.4534235,-2.0,1.263436,-0.736564,-0.30942478776,0.42713921224,0.42713921224
polar1m,107,12,H,15.46325339,13.07403016,11.41183778,1.0,0.365922,0.365922,0.0122038722038,-0.35371812779620004,0.35371812779620004
polar1m,107,13,O,15.32834308,12.03008145,11.60114056,-2.0,1.218592,-0.7814080000000001,0.104575201869,0.8859832018690001,0.8859832018690001
polar1m,107,14,O,13.99988274,10.22687904,9.51133972,-2.0,1.167205,-0.832795,-0.0601157546043,0.7726792453957,0.7726792453957
polar1m,107,15,H,10.18909717,9.96733984,13.1391518,1.0,0.402634,0.402634,0.0152747053653,-0.3873592946347,0.3873592946347
polar1m,107,16,O,15.38680292,14.22280512,10.87696304,-2.0,0.987224,-1.0127760000000001,-0.686200201511,0.3265757984890001,0.3265757984890001
polar1m,107,17,H,12.77093108,16.28899567,10.54826985,1.0,0.409119,0.409119,0.0234696846455,-0.38564931535450003,0.38564931535450003
polar1m,107,18,H,15.99808461,11.55562188,11.309808,1.0,0.44326,0.44326,0.0213743429631,-0.4218856570369,0.4218856570369
polar1m,107,19,H,12.94703871,14.20463532,10.82194321,1.0,0.310993,0.310993,0.0374425947666,-0.2735504052334,0.2735504052334
polar1m,107,20,O,12.65377172,13.18901597,10.32042133,-2.0,1.328812,-0.6711879999999999,-0.0481650903821,0.6230229096178999,0.6230229096178999
polar1m,107,21,H,13.21104736,9.93848023,12.37479598,1.0,0.391443,0.391443,0.0202425681055,-0.37120043189449997,0.37120043189449997
polar1m,107,22,H,14.59562315,14.49996478,11.23658804,1.0,0.335942,0.335942,0.0117770247161,-0.32416497528390004,0.32416497528390004
polar1m,107,23,H,12.0,12.0,12.0,1.0,0.378044,0.378044,0.381836771965,0.003792771964999997,0.003792771964999997
polar1m,107,24,O,10.94129655,10.51870266,13.10866598,-2.0,1.152486,-0.8475140000000001,-0.314264535904,0.5332494640960002,0.5332494640960002
polar1m,107,25,H,9.71780124,12.1730059,11.39832887,1.0,0.348068,0.348068,0.0127232521772,-0.3353447478228,0.3353447478228
polar1m,107,26,H,11.04303482,13.48301154,14.04454017,1.0,0.344184,0.344184,0.019888792187,-0.324295207813,0.324295207813
polar1m,107,27,O,9.9406064,11.23697587,10.77677901,-2.0,1.080163,-0.919837,-0.253895550966,0.665941449034,0.665941449034
polar1m,107,28,H,13.58453343,16.16901365,11.61481674,1.0,0.387691,0.387691,0.0211507566273,-0.3665402433727,0.3665402433727
polar1m,107,29,O,14.11120791,16.24974877,12.32489522,-2.0,1.204834,-0.795166,-0.0381114222109,0.7570545777891,0.7570545777891
polar1m,107,30,H,12.42186589,15.21987504,10.27142493,1.0,0.393751,0.393751,0.0263251289725,-0.3674258710275,0.3674258710275
polar1m,107,31,H,13.07957803,13.36441324,9.38278144,1.0,0.387042,0.387042,0.0234428718686,-0.3635991281314,0.3635991281314
polar1m,107,32,H,13.61760262,12.0174633,14.25608373,1.0,0.379278,0.379278,0.0257781557739,-0.3534998442261,0.3534998442261
polar1m,107,33,H,13.71319757,16.71160088,13.09335761,1.0,0.390855,0.390855,0.0174452662468,-0.3734097337532,0.3734097337532
polar1m,107,34,H,13.75693969,10.92313164,8.76579506,1.0,0.354566,0.354566,0.0176696926355,-0.3368963073645,0.3368963073645
polar1m,107,35,H,10.55120493,11.85544208,10.40589584,1.0,0.369535,0.369535,0.0130147077143,-0.3565202922857,0.3565202922857
polar1m,107,36,O,11.48940114,15.14180892,12.78125647,-2.0,1.17544,-0.82456,-0.0447294563055,0.7798305436945,0.7798305436945
polar1m,107,37,H,11.63610258,15.5376794,13.61688651,1.0,0.412843,0.412843,0.0183141380548,-0.39452886194520004,0.39452886194520004
polar1m,108,0,O,11.61814699,12.7106486,14.27687789,-2.0,1.181682,-0.8183180000000001,-0.0684315413237,0.7498864586763001,0.7498864586763001
polar1m,108,1,H,12.6313698,10.29609469,13.8276201,1.0,0.394212,0.394212,0.0192645266652,-0.3749474733348,0.3749474733348
polar1m,108,2,H,14.12397616,11.2835194,12.12334398,1.0,0.36308,0.36308,0.0454798564315,-0.3176001435685,0.3176001435685
polar1m,108,3,H,11.69596848,14.15256951,12.91143759,1.0,0.362829,0.362829,0.0133841708302,-0.3494448291698,0.3494448291698
polar1m,108,4,O,12.96978486,15.69386969,9.7288834,-2.0,1.306166,-0.6938340000000001,-0.0289326161146,0.6649013838854001,0.6649013838854001
polar1m,108,5,H,13.63611229,10.58997618,10.12766522,1.0,0.395196,0.395196,0.0118254572153,-0.3833705427847,0.3833705427847
polar1m,108,6,H,11.43560457,11.75733938,14.05431193,1.0,0.374608,0.374608,0.0188587233424,-0.3557492766576,0.3557492766576
polar1m,108,7,O,11.68531187,15.82727193,14.97339997,-2.0,1.315285,-0.684715,0.0386136546731,0.7233286546730999,0.7233286546730999
polar1m,108,8,O,13.12997533,10.73122011,11.9340215,-2.0,1.411081,-0.588919,0.143083229661,0.732002229661,0.732002229661
polar1m,108,9,O,13.17228635,10.86859075,14.39348458,-2.0,1.114558,-0.8854420000000001,-0.0666977316141,0.8187442683859001,0.8187442683859001
polar1m,108,10,H,9.4678964,12.97023364,12.8396335,1.0,0.376871,0.376871,0.0243486464024,-0.35252235359760004,0.35252235359760004
polar1m,108,11,H,10.42968502,11.41238013,12.70896588,1.0,0.348501,0.348501,0.026204302907,-0.322296697093,0.322296697093
polar1m,108,12,O,10.16190092,12.5551596,12.28736987,-2.0,1.294582,-0.7054180000000001,-0.15831887722,0.5470991227800002,0.5470991227800002
polar1m,108,13,H,15.56110681,12.84854796,11.16025991,1.0,0.376755,0.376755,0.0144362971187,-0.3623187028813,0.3623187028813
polar1m,108,14,O,15.21608331,11.91748341,11.494394,-2.0,1.230441,-0.7695590000000001,-0.0761399045587,0.6934190954413001,0.6934190954413001
polar1m,108,15,H,15.67155704,16.07981511,9.67127798,1.0,0.385512,0.385512,0.0191737525165,-0.3663382474835,0.3663382474835
polar1m,108,16,O,13.9267314,10.0594111,9.40059473,-2.0,1.149734,-0.850266,-0.0545611530542,0.7957048469458,0.7957048469458
polar1m,108,17,H,10.21198252,9.76167437,13.03231539,1.0,0.373611,0.373611,0.0168358758092,-0.35677512419080004,0.35677512419080004
polar1m,108,18,H,12.54563143,17.3203154,11.31580139,1.0,0.396356,0.396356,0.0213075932115,-0.3750484067885,0.3750484067885
polar1m,108,19,O,16.59078089,16.2657734,10.865888,-2.0,1.194144,-0.8058559999999999,-0.0969732701778,0.7088827298221999,0.7088827298221999
polar1m,108,20,O,15.3142279,14.09440277,10.72820294,-2.0,1.177793,-0.8222069999999999,-0.698865175247,0.12334182475299993,0.12334182475299993
polar1m,108,21,H,12.54483137,16.19307547,10.48245934,1.0,0.353134,0.353134,0.0283666551113,-0.3247673448887,0.3247673448887
polar1m,108,22,H,15.97673428,11.43298853,11.01120658,1.0,0.372056,0.372056,0.0226431563497,-0.3494128436503,0.3494128436503
polar1m,108,23,H,12.74615167,13.85798514,10.69262521,1.0,0.378533,0.378533,0.023210041225,-0.35532295877500003,0.35532295877500003
polar1m,108,24,H,14.85436335,15.05748023,8.73757471,1.0,0.372475,0.372475,0.0193250458688,-0.3531499541312,0.3531499541312
polar1m,108,25,O,12.58646626,13.05431934,10.21209595,-2.0,1.228505,-0.771495,-0.0281043797731,0.7433906202269001,0.7433906202269001
polar1m,108,26,H,13.06235453,9.73399149,12.17542094,1.0,0.40259,0.40259,0.0247578658164,-0.3778321341836,0.3778321341836
polar1m,108,27,O,15.53151696,15.74160157,8.84085678,-2.0,1.088,-0.9119999999999999,-0.0868137329817,0.8251862670182999,0.8251862670182999
polar1m,108,28,H,14.51037611,14.51173126,11.11037249,1.0,0.301805,0.301805,0.0156957432628,-0.2861092567372,0.2861092567372
polar1m,108,29,H,12.0,12.0,12.0,1.0,0.407488,0.407488,0.407062917948,-0.00042508205200003646,0.00042508205200003646
polar1m,108,30,O,10.93917507,10.43475484,12.98901442,-2.0,1.189145,-0.8108550000000001,-0.245204731822,0.5656502681780001,0.5656502681780001
polar1m,108,31,H,9.6258728,12.11988695,11.34619071,1.0,0.351819,0.351819,0.0142620056868,-0.33755699431319997,0.33755699431319997
polar1m,108,32,H,10.92694525,13.21000125,13.98386098,1.0,0.386536,0.386536,0.0181665793061,-0.3683694206939,0.3683694206939
polar1m,108,33,H,11.17274396,16.41495554,15.6348377,1.0,0.409491,0.409491,0.0223214086145,-0.3871695913855,0.3871695913855
polar1m,108,34,O,9.87945135,11.10888745,10.70568,-2.0,1.110831,-0.8891690000000001,-0.485126405954,0.4040425940460001,0.4040425940460001
polar1m,108,35,H,15.62283744,16.57436789,11.08466783,1.0,0.319601,0.319601,0.0194393023849,-0.30016169761510003,0.30016169761510003
polar1m,108,36,H,13.63511934,15.92872249,11.28489466,1.0,0.360332,0.360332,0.0271889418364,-0.3331430581636,0.3331430581636
polar1m,108,37,H,12.43518187,16.39296649,15.17084653,1.0,0.423844,0.423844,0.0234162807465,-0.4004277192535,0.4004277192535
polar1m,108,38,O,14.0071316,16.10884681,12.15853141,-2.0,1.253068,-0.7469319999999999,-0.0318591967225,0.7150728032774999,0.7150728032774999
polar1m,108,39,H,12.24174573,14.96374557,10.04468559,1.0,0.355581,0.355581,0.0286835730076,-0.3268974269924,0.3268974269924
polar1m,108,40,H,11.80069241,17.99162816,10.24184214,1.0,0.408917,0.408917,0.0210807006806,-0.3878362993194,0.3878362993194
polar1m,108,41,H,12.93526149,13.22761978,9.42515439,1.0,0.448794,0.448794,0.0244693644345,-0.42432463556550004,0.42432463556550004
polar1m,108,42,H,13.63216012,11.68123314,14.30830382,1.0,0.428596,0.428596,0.0213362164795,-0.40725978352049996,0.40725978352049996
polar1m,108,43,H,13.58537272,16.67015886,12.8140666,1.0,0.399855,0.399855,0.0194301046431,-0.3804248953569,0.3804248953569
polar1m,108,44,H,13.80516718,10.77882536,8.72104535,1.0,0.381822,0.381822,0.0192629173398,-0.3625590826602,0.3625590826602
polar1m,108,45,O,11.71514034,17.65122309,11.17336576,-2.0,1.215724,-0.784276,-0.0385779812932,0.7456980187068,0.7456980187068
polar1m,108,46,H,16.21353212,15.25898832,10.96539179,1.0,0.346853,0.346853,0.0233875326812,-0.3234654673188,0.3234654673188
polar1m,108,47,H,10.55015772,11.68730724,10.09821499,1.0,0.297456,0.297456,0.0147908180952,-0.2826651819048,0.2826651819048
polar1m,108,48,O,11.42029437,15.03184135,12.66420604,-2.0,1.150473,-0.8495269999999999,-0.110203795135,0.7393232048649999,0.7393232048649999
polar1m,108,49,H,11.76335316,15.60968644,13.58744398,1.0,0.333682,0.333682,0.0236972570419,-0.30998474295809997,0.30998474295809997
polar1m,109,0,O,11.4982909,12.67745588,14.17405709,-2.0,1.252848,-0.747152,-0.0403410121799,0.7068109878201,0.7068109878201
polar1m,109,1,H,12.54461871,10.35639742,13.65614007,1.0,0.377776,0.377776,0.0194300822914,-0.3583459177086,0.3583459177086
polar1m,109,2,H,13.7030786,11.16704897,12.00542995,1.0,0.464526,0.464526,0.0291674993932,-0.4353585006068,0.4353585006068
polar1m,109,3,H,13.40065514,13.60183284,13.88443069,1.0,0.368116,0.368116,0.0128613747656,-0.3552546252344,0.3552546252344
polar1m,109,4,H,11.72925463,14.19980392,12.86014918,1.0,0.357735,0.357735,0.0128232315183,-0.3449117684817,0.3449117684817
polar1m,109,5,H,13.49428741,10.52968574,10.10987859,1.0,0.352034,0.352034,0.0115631148219,-0.34047088517810004,0.34047088517810004
polar1m,109,6,H,11.25352876,11.79199433,14.19551471,1.0,0.405222,0.405222,0.0213983356953,-0.38382366430470005,0.38382366430470005
polar1m,109,7,O,12.97600766,10.6802506,11.87546865,-2.0,1.366369,-0.633631,0.255306214094,0.8889372140940001,0.8889372140940001
polar1m,109,8,O,13.01052646,10.80792868,14.32997609,-2.0,1.15387,-0.84613,-0.05938379094,0.78674620906,0.78674620906
polar1m,109,9,H,9.42364286,12.84968002,12.74827923,1.0,0.381018,0.381018,0.032433077693,-0.348584922307,0.348584922307
polar1m,109,10,H,10.36325757,11.28183312,12.59061764,1.0,0.36488,0.36488,0.021858766675,-0.343021233325,0.343021233325
polar1m,109,11,O,10.04146831,12.49614877,12.12494451,-2.0,1.278751,-0.721249,-0.148731872439,0.572517127561,0.572517127561
polar1m,109,12,H,12.90821333,14.20118509,15.17833964,1.0,0.380286,0.380286,0.0238946117461,-0.3563913882539,0.3563913882539
polar1m,109,13,H,10.76693877,9.37728428,14.22942478,1.0,0.373148,0.373148,0.0267304070294,-0.3464175929706,0.3464175929706
polar1m,109,14,O,13.78186866,14.12321991,14.60445898,-2.0,1.227709,-0.7722910000000001,-0.0434700101614,0.7288209898386001,0.7288209898386001
polar1m,109,15,O,13.79359152,9.97889189,9.28487894,-2.0,1.155518,-0.844482,-0.0455578863621,0.7989241136379,0.7989241136379
polar1m,109,16,O,10.93222945,8.37156414,14.12245589,-2.0,1.292406,-0.7075940000000001,0.00492420047522,0.7125182004752201,0.7125182004752201
polar1m,109,17,H,10.24878602,9.72354853,12.90310629,1.0,0.397404,0.397404,0.0344976782799,-0.36290632172009996,0.36290632172009996
polar1m,109,18,O,13.2249804,8.21600669,14.67704947,-2.0,1.092643,-0.907357,-0.0910391807556,0.8163178192444,0.8163178192444
polar1m,109,19,H,12.23767067,8.39685782,14.53968769,1.0,0.369524,0.369524,0.0155628994107,-0.3539611005893,0.3539611005893
polar1m,109,20,H,12.51353035,13.64767132,10.68395395,1.0,0.44788,0.44788,0.0178259424865,-0.4300540575135,0.4300540575135
polar1m,109,21,O,12.44997065,12.99178721,10.11587767,-2.0,1.174784,-0.825216,-0.0197570621967,0.8054589378032999,0.8054589378032999
polar1m,109,22,H,12.84796085,9.74770411,11.96030651,1.0,0.48398,0.48398,0.0410349816084,-0.4429450183916,0.4429450183916
polar1m,109,23,H,12.0,12.0,12.0,1.0,0.398283,0.398283,0.412147432566,0.013864432566000007,0.013864432566000007
polar1m,109,24,O,10.86914387,10.43189381,12.87164101,-2.0,1.209813,-0.790187,-0.108571104705,0.681615895295,0.681615895295
polar1m,109,25,H,13.33000145,8.47482408,15.54138688,1.0,0.418605,0.418605,0.0205431114882,-0.3980618885118,0.3980618885118
polar1m,109,26,H,9.55219776,12.0597628,11.3222652,1.0,0.383339,0.383339,0.0105340480804,-0.3728049519196,0.3728049519196
polar1m,109,27,H,10.60428855,13.10226345,13.91283631,1.0,0.35893,0.35893,0.0289284549654,-0.33000154503460005,0.33000154503460005
polar1m,109,28,O,9.757862,11.0731417,10.62474944,-2.0,1.083194,-0.916806,-0.596209824085,0.320596175915,0.320596175915
polar1m,109,29,H,9.96955536,8.16294615,14.0339536,1.0,0.408196,0.408196,0.0322938784957,-0.3759021215043,0.3759021215043
polar1m,109,30,H,12.8464856,13.19707223,9.23452191,1.0,0.429456,0.429456,0.0251434836537,-0.4043125163463,0.4043125163463
polar1m,109,31,H,13.60628398,11.4844346,14.28184314,1.0,0.417597,0.417597,0.0203033518046,-0.3972936481954,0.3972936481954
polar1m,109,32,H,13.8146068,10.6520548,8.67602203,1.0,0.429968,0.429968,0.0195982269943,-0.4103697730057,0.4103697730057
polar1m,109,33,H,10.36439568,11.4794056,9.90737795,1.0,0.328087,0.328087,0.0165609680116,-0.3115260319884,0.3115260319884
polar1m,109,34,O,11.29865531,15.01103267,12.55607987,-2.0,1.253649,-0.746351,-0.0394585095346,0.7068924904654,0.7068924904654
polar1m,109,35,H,11.72737251,15.62831208,13.3532586,1.0,0.362454,0.362454,0.0251549109817,-0.33729908901829997,0.33729908901829997
polar1m,110,0,O,13.09176223,9.13051814,12.09199503,-2.0,1.216913,-0.7830870000000001,-0.0293937548995,0.7536932451005001,0.7536932451005001
polar1m,110,1,H,12.35343892,12.69833785,9.30261388,1.0,0.417777,0.417777,0.0235341526568,-0.39424284734320003,0.39424284734320003
polar1m,110,2,H,8.64684465,13.05508309,13.57848681,1.0,0.423531,0.423531,0.020576165989,-0.40295483401099996,0.40295483401099996
polar1m,110,3,H,12.63658762,13.45927564,12.39986547,1.0,0.423806,0.423806,0.0373994708061,-0.3864065291939,0.3864065291939
polar1m,110,4,H,12.0,12.0,12.0,1.0,0.422187,0.422187,0.0330593064427,-0.3891276935573,0.3891276935573
polar1m,110,5,H,13.5075125,14.5099078,11.71949964,1.0,0.498829,0.498829,0.0466028675437,-0.4522261324563,0.4522261324563
polar1m,110,6,H,11.64119808,10.11444771,9.06757979,1.0,0.444474,0.444474,0.0226677879691,-0.42180621203089996,0.42180621203089996
polar1m,110,7,O,12.67127551,13.55413244,9.64731591,-2.0,1.183687,-0.8163130000000001,-0.0362723842263,0.7800406157737001,0.7800406157737001
polar1m,110,8,H,13.30698865,9.59135487,12.84938763,1.0,0.434105,0.434105,0.0185000412166,-0.41560495878340004,0.41560495878340004
polar1m,110,9,H,14.8057264,11.95754749,10.70460186,1.0,0.385264,0.385264,0.0144822150469,-0.3707817849531,0.3707817849531
polar1m,110,10,H,13.29414566,12.91098387,10.03288383,1.0,0.372505,0.372505,0.0147124417126,-0.3577925582874,0.3577925582874
polar1m,110,11,H,10.92456348,13.22714846,11.25411004,1.0,0.480147,0.480147,0.0318602770567,-0.44828672294329996,0.44828672294329996
polar1m,110,12,H,12.41009244,9.77831938,11.95137003,1.0,0.361308,0.361308,0.0172112416476,-0.3440967583524,0.3440967583524
polar1m,110,13,O,12.43269217,10.37310015,9.4650751,-2.0,1.253546,-0.746454,-0.0324737131596,0.7139802868403999,0.7139802868403999
polar1m,110,14,O,14.50032031,11.15422311,11.12403398,-2.0,1.264795,-0.7352050000000001,-0.031445465982,0.7037595340180001,0.7037595340180001
polar1m,110,15,H,10.12461916,12.08296334,13.30766853,1.0,0.349805,0.349805,0.0138651654124,-0.33593983458759996,0.33593983458759996
polar1m,110,16,O,13.56461614,13.72285829,12.26369446,-2.0,1.415032,-0.5849679999999999,0.765723049641,1.350691049641,1.350691049641
polar1m,110,17,O,9.05690066,12.1994388,13.3484325,-2.0,1.18613,-0.8138700000000001,-0.0416969880462,0.7721730119538001,0.7721730119538001
polar1m,110,18,H,13.74405074,14.13493015,13.17958255,1.0,0.488267,0.488267,0.0491996966302,-0.4390673033698,0.4390673033698
polar1m,110,19,H,15.51488899,10.58857176,10.79405595,1.0,0.376525,0.376525,0.0354910567403,-0.3410339432597,0.3410339432597
polar1m,110,20,O,11.36834898,12.73496745,11.9020919,-2.0,1.267227,-0.7327729999999999,0.00567062199116,0.7384436219911599,0.7384436219911599
polar1m,110,21,H,12.12195746,10.23393124,10.4790504,1.0,0.334139,0.334139,0.0207267440856,-0.31341225591440003,0.31341225591440003
polar1m,111,0,O,13.04428244,9.30983563,12.20430202,-2.0,1.266049,-0.733951,-0.030038356781,0.703912643219,0.703912643219
polar1m,111,1,H,12.34921352,12.96223108,9.34910755,1.0,0.450525,0.450525,0.0203433223069,-0.4301816776931,0.4301816776931
polar1m,111,2,H,8.51472629,13.14091589,13.71048042,1.0,0.458361,0.458361,0.0208796486259,-0.43748135137410005,0.43748135137410005
polar1m,111,3,H,12.5923906,13.39241406,12.31831613,1.0,0.372962,0.372962,0.034717746079,-0.338244253921,0.338244253921
polar1m,111,4,H,12.0,12.0,12.0,1.0,0.392878,0.392878,0.0655022859573,-0.3273757140427,0.3273757140427
polar1m,111,5,H,13.37890507,14.74840187,11.84826034,1.0,0.458522,0.458522,0.0360612459481,-0.4224607540519,0.4224607540519
polar1m,111,6,H,11.58968861,10.40518006,9.00534796,1.0,0.422089,0.422089,0.0230755005032,-0.3990134994968,0.3990134994968
polar1m,111,7,O,12.64705234,13.69484054,9.71765065,-2.0,1.136497,-0.8635029999999999,-0.0387153811753,0.8247876188246999,0.8247876188246999
polar1m,111,8,H,13.37253025,9.80040195,12.92112903,1.0,0.425819,0.425819,0.0164407771081,-0.4093782228919,0.4093782228919
polar1m,111,9,H,14.83128085,12.21822919,10.72172118,1.0,0.355333,0.355333,0.0182844419032,-0.3370485580968,0.3370485580968
polar1m,111,10,H,13.17688091,13.12111448,10.24386332,1.0,0.379316,0.379316,0.0120801255107,-0.3672358744893,0.3672358744893
polar1m,111,11,H,10.83702885,13.61748223,11.47726923,1.0,0.477234,0.477234,0.0299488455057,-0.4472851544943,0.4472851544943
polar1m,111,12,H,13.61387965,13.70612614,15.52442517,1.0,0.436262,0.436262,0.0307501330972,-0.4055118669028,0.4055118669028
polar1m,111,13,H,12.284049,9.99816472,12.12544876,1.0,0.326184,0.326184,0.0167445279658,-0.30943947203419997,0.30943947203419997
polar1m,111,14,H,14.69455476,14.70455747,15.05179985,1.0,0.406675,0.406675,0.0336200632155,-0.3730549367845,0.3730549367845
polar1m,111,15,O,12.37243777,10.6153876,9.54879229,-2.0,1.235278,-0.7647219999999999,-0.0298030674458,0.7349189325541999,0.7349189325541999
polar1m,111,16,O,14.44603635,11.38255123,11.2706977,-2.0,1.324893,-0.6751069999999999,-0.0367063432932,0.6384006567067999,0.6384006567067999
polar1m,111,17,H,9.86392407,12.17941763,13.41808433,1.0,0.416604,0.416604,0.0128318779171,-0.4037721220829,0.4037721220829
polar1m,111,18,O,13.52616126,13.94099039,12.34789274,-2.0,1.358487,-0.641513,0.596487164497,1.238000164497,1.238000164497
polar1m,111,19,O,8.95438191,12.37941143,13.46491278,-2.0,1.097643,-0.9023570000000001,-0.0391494818032,0.8632075181968001,0.8632075181968001
polar1m,111,20,H,13.64858197,14.31027532,13.46655523,1.0,0.374432,0.374432,0.0616835579276,-0.3127484420724,0.3127484420724
polar1m,111,21,O,14.39608209,14.80985226,17.41077332,-2.0,1.275421,-0.7245790000000001,-0.0322169214487,0.6923620785513,0.6923620785513
polar1m,111,22,H,15.51155333,10.73383002,10.98939363,1.0,0.351019,0.351019,0.0413571745157,-0.30966182548430005,0.30966182548430005
polar1m,111,23,O,13.71355776,14.48142428,14.89054947,-2.0,1.35824,-0.6417600000000001,0.0491069182754,0.6908669182754001,0.6908669182754001
polar1m,111,24,O,11.28807568,12.96532605,12.00767771,-2.0,1.326012,-0.673988,0.0257775038481,0.6997655038481,0.6997655038481
polar1m,111,25,H,14.71276676,15.13083446,16.47357268,1.0,0.350934,0.350934,0.0213554315269,-0.3295785684731,0.3295785684731
polar1m,111,26,H,14.86981291,13.91595572,17.66959489,1.0,0.394427,0.394427,0.0228651277721,-0.37156187222790005,0.37156187222790005
polar1m,111,27,H,12.02641677,10.33902226,10.42967318,1.0,0.371903,0.371903,0.0167160779238,-0.3551869220762,0.3551869220762
polar1m,112,0,H,10.26680998,9.79075962,11.22843276,1.0,0.361346,0.361346,0.0274946074933,-0.3338513925067,0.3338513925067
polar1m,112,1,O,13.1834758,9.30373406,12.38097334,-2.0,1.305586,-0.6944140000000001,-0.0314467959106,0.6629672040894001,0.6629672040894001
polar1m,112,2,H,12.35769943,12.80180245,9.27557489,1.0,0.368345,0.368345,0.0262586548924,-0.3420863451076,0.3420863451076
polar1m,112,3,H,11.46605963,15.67473516,11.51641225,1.0,0.385415,0.385415,0.0313902497292,-0.3540247502708,0.3540247502708
polar1m,112,4,H,8.60404746,13.16800742,13.96152845,1.0,0.436269,0.436269,0.0217145849019,-0.41455441509810004,0.41455441509810004
polar1m,112,5,H,12.72145717,13.21147823,12.2911067,1.0,0.348728,0.348728,0.0742286741734,-0.27449932582659997,0.27449932582659997
polar1m,112,6,H,12.0,12.0,12.0,1.0,0.351178,0.351178,0.0480458848178,-0.3031321151822,0.3031321151822
polar1m,112,7,H,13.43951945,14.83445316,11.99037173,1.0,0.394565,0.394565,0.0300168432295,-0.3645481567705,0.3645481567705
polar1m,112,8,H,11.71565928,10.51782995,8.97669813,1.0,0.348727,0.348727,0.0187083147466,-0.3300186852534,0.3300186852534
polar1m,112,9,O,12.82400936,13.6540184,9.86357352,-2.0,1.241679,-0.758321,-0.0480026379228,0.7103183620772,0.7103183620772
polar1m,112,10,H,13.75040949,9.85562376,13.17666127,1.0,0.357594,0.357594,0.0211744718254,-0.3364195281746,0.3364195281746
polar1m,112,11,H,14.96861223,12.17831155,10.93144313,1.0,0.390967,0.390967,0.0188790261745,-0.3720879738255,0.3720879738255
polar1m,112,12,H,13.34396185,13.16342638,10.59676835,1.0,0.343929,0.343929,0.0148038007319,-0.32912519926809997,0.32912519926809997
polar1m,112,13,H,10.93603878,13.82045272,11.68395226,1.0,0.386911,0.386911,0.039009295404,-0.347901704596,0.347901704596
polar1m,112,14,H,13.6826337,13.69870657,15.6497356,1.0,0.457054,0.457054,0.0316231399775,-0.4254308600225,0.4254308600225
polar1m,112,15,H,12.39980326,9.90870884,12.35053793,1.0,0.347153,0.347153,0.0148813985288,-0.3322716014712,0.3322716014712
polar1m,112,16,H,10.02960601,14.97771679,11.10056886,1.0,0.43882,0.43882,0.0313457325101,-0.4074742674899,0.4074742674899
polar1m,112,17,H,14.77745111,14.63508731,15.13635709,1.0,0.480376,0.480376,0.0303631313145,-0.4500128686855,0.4500128686855
polar1m,112,18,O,12.50810607,10.67233044,9.70253563,-2.0,1.171904,-0.8280959999999999,-0.056505061686,0.7715909383139999,0.7715909383139999
polar1m,112,19,O,14.60959279,11.42250355,11.46829409,-2.0,1.230141,-0.7698590000000001,-0.0274852588773,0.7423737411227,0.7423737411227
polar1m,112,20,H,9.91264845,12.16937559,13.61381598,1.0,0.432601,0.432601,0.0131716039032,-0.4194293960968,0.4194293960968
polar1m,112,21,H,11.12541138,8.76894247,10.32796876,1.0,0.424262,0.424262,0.0293309055269,-0.3949310944731,0.3949310944731
polar1m,112,22,H,9.74857781,10.94830489,8.15675862,1.0,0.387898,0.387898,0.0202747005969,-0.3676232994031,0.3676232994031
polar1m,112,23,O,13.68276514,13.97146022,12.50965029,-2.0,1.36806,-0.63194,0.274337768555,0.9062777685549999,0.9062777685549999
polar1m,112,24,O,9.04049057,12.35736475,13.64313206,-2.0,1.104314,-0.895686,-0.0388494171202,0.8568365828798,0.8568365828798
polar1m,112,25,O,10.56695277,15.13788197,11.92164084,-2.0,1.373187,-0.6268130000000001,0.0437209829688,0.6705339829688001,0.6705339829688001
polar1m,112,26,H,13.71005045,14.22541287,13.74852731,1.0,0.355735,0.355735,0.0924183577299,-0.26331664227010004,0.26331664227010004
polar1m,112,27,H,9.93034201,9.58702554,9.11084757,1.0,0.369573,0.369573,0.0232997685671,-0.3462732314329,0.3462732314329
polar1m,112,28,H,15.45804913,10.81676385,11.32947004,1.0,0.402334,0.402334,0.0247691012919,-0.3775648987081,0.3775648987081
polar1m,112,29,O,13.88138586,14.51055169,15.12495967,-2.0,1.303058,-0.696942,0.116205736995,0.813147736995,0.813147736995
polar1m,112,30,O,11.42205095,12.98376053,12.19213469,-2.0,1.343871,-0.656129,0.11154691875,0.76767591875,0.76767591875
polar1m,112,31,O,10.20068553,9.02978348,10.4165479,-2.0,1.366394,-0.6336059999999999,0.0168011635542,0.6504071635541999,0.6504071635541999
polar1m,112,32,O,10.32753003,10.12776684,8.26090338,-2.0,1.245629,-0.7543709999999999,-0.0572049766779,0.6971660233220999,0.6971660233220999
polar1m,112,33,H,12.17553708,10.25157953,10.40480397,1.0,0.376396,0.376396,0.0136792901903,-0.3627167098097,0.3627167098097
polar1m,113,0,O,11.18815099,9.93935227,15.43827675,-2.0,1.254648,-0.745352,-0.00279075652361,0.74256124347639,0.74256124347639
polar1m,113,1,H,10.51933501,9.600556,11.26685934,1.0,0.36666,0.36666,0.0128770023584,-0.3537829976416,0.3537829976416
polar1m,113,2,O,13.50773669,9.13938706,12.59489514,-2.0,1.219051,-0.7809489999999999,-0.0326229408383,0.7483260591616999,0.7483260591616999
polar1m,113,3,H,12.62567539,12.62454256,9.35735534,1.0,0.36802,0.36802,0.0322716496885,-0.3357483503115,0.3357483503115
polar1m,113,4,H,11.60005033,15.68149509,11.81802471,1.0,0.425125,0.425125,0.032613940537,-0.39251105946299997,0.39251105946299997
polar1m,113,5,H,8.95731665,13.03111417,14.23384557,1.0,0.408377,0.408377,0.0199786275625,-0.3883983724375,0.3883983724375
polar1m,113,6,H,12.98918929,13.01851427,12.33654986,1.0,0.353255,0.353255,0.0906599611044,-0.2625950388956,0.2625950388956
polar1m,113,7,H,12.0,12.0,12.0,1.0,0.421135,0.421135,0.0335459187627,-0.38758908123729996,0.38758908123729996
polar1m,113,8,H,9.44550807,10.13598596,12.97881429,1.0,0.400273,0.400273,0.0236080549657,-0.3766649450343,0.3766649450343
polar1m,113,9,H,10.33678415,9.35198774,15.58603996,1.0,0.414841,0.414841,0.0315231047571,-0.3833178952429,0.3833178952429
polar1m,113,10,H,13.704424,14.66312052,12.20911765,1.0,0.426323,0.426323,0.0302875991911,-0.3960354008089,0.3960354008089
polar1m,113,11,O,9.37651563,11.23265151,9.80603282,-2.0,1.284583,-0.715417,-0.0357780493796,0.6796389506203999,0.6796389506203999
polar1m,113,12,H,12.10463985,10.48546315,9.09231106,1.0,0.353735,0.353735,0.0292910858989,-0.3244439141011,0.3244439141011
polar1m,113,13,O,13.17617173,13.42816944,10.03340633,-2.0,1.242916,-0.7570840000000001,-0.0478104539216,0.7092735460784001,0.7092735460784001
polar1m,113,14,H,14.19822611,9.62009349,13.26364942,1.0,0.383182,0.383182,0.0216426439583,-0.3615393560417,0.3615393560417
polar1m,113,15,H,13.63128395,13.08864139,10.85691013,1.0,0.364112,0.364112,0.0172727517784,-0.3468392482216,0.3468392482216
polar1m,113,16,H,11.30293952,13.75866279,11.95650522,1.0,0.379617,0.379617,0.0526639297605,-0.3269530702395,0.3269530702395
polar1m,113,17,H,12.70912666,9.59634398,12.61394016,1.0,0.398073,0.398073,0.0129227433354,-0.3851502566646,0.3851502566646
polar1m,113,18,H,10.19658337,14.66365978,11.26275606,1.0,0.42498,0.42498,0.0475149899721,-0.3774650100279,0.3774650100279
polar1m,113,19,O,12.81963519,10.56819536,9.86224598,-2.0,1.302844,-0.6971560000000001,-0.0300394445658,0.6671165554342001,0.6671165554342001
polar1m,113,20,H,10.34850445,12.04114599,13.85635105,1.0,0.352817,0.352817,0.0137865878642,-0.3390304121358,0.3390304121358
polar1m,113,21,H,10.7232972,9.9171069,14.03995947,1.0,0.393745,0.393745,0.0153439082205,-0.3784010917795,0.3784010917795
polar1m,113,22,O,10.36574675,9.82740921,13.17073792,-2.0,1.174536,-0.825464,-0.0487931221724,0.7766708778276,0.7766708778276
polar1m,113,23,H,12.74714429,9.9854312,7.98497055,1.0,0.358623,0.358623,0.0181576050818,-0.34046539491820005,0.34046539491820005
polar1m,113,24,H,11.59250051,8.56277505,10.30473414,1.0,0.322688,0.322688,0.0322223939002,-0.2904656060998,0.2904656060998
polar1m,113,25,H,11.01121501,10.30256363,16.28656511,1.0,0.447228,0.447228,0.0219374112785,-0.4252905887215,0.4252905887215
polar1m,113,26,O,14.01233598,13.83723426,12.70254916,-2.0,1.421026,-0.5789740000000001,0.189455896616,0.7684298966160001,0.7684298966160001
polar1m,113,27,O,9.28852578,12.16422115,13.84212559,-2.0,1.212369,-0.787631,-0.0390105098486,0.7486204901514,0.7486204901514
polar1m,113,28,O,10.88088279,14.96036459,12.11456734,-2.0,1.390486,-0.6095139999999999,0.151434570551,0.7609485705509998,0.7609485705509998
polar1m,113,29,H,13.92929605,13.9353475,13.90140959,1.0,0.421449,0.421449,0.0516281016171,-0.3698208983829,0.3698208983829
polar1m,113,30,O,11.75013037,12.81687073,12.40054031,-2.0,1.321533,-0.6784669999999999,0.256666898727,0.9351338987269999,0.9351338987269999
polar1m,113,31,H,8.89048944,10.79176377,10.63099392,1.0,0.376645,0.376645,0.0230610817671,-0.35358391823290003,0.35358391823290003
polar1m,113,32,H,10.00820183,11.84434206,10.32625466,1.0,0.342912,0.342912,0.0120117198676,-0.33090028013239997,0.33090028013239997
polar1m,113,33,O,10.51249618,8.88945949,10.6297188,-2.0,1.285588,-0.714412,-0.0409727841616,0.6734392158384,0.6734392158384
polar1m,113,34,H,12.74989222,8.50498383,8.10240513,1.0,0.402411,0.402411,0.0216025616974,-0.3808084383026,0.3808084383026
polar1m,113,35,H,12.46408236,9.89689694,10.56433496,1.0,0.355565,0.355565,0.0211464650929,-0.3344185349071,0.3344185349071
polar1m,113,36,O,13.05547703,9.17615677,7.47691628,-2.0,1.228626,-0.771374,-0.0393111892045,0.7320628107955001,0.7320628107955001
polar1m,114,0,O,11.61614521,9.8684431,15.69542869,-2.0,1.317147,-0.6828529999999999,0.0165622904897,0.6994152904897,0.6994152904897
polar1m,114,1,H,10.87513262,9.49790381,11.45205652,1.0,0.393572,0.393572,0.0111431833357,-0.38242881666429995,0.38242881666429995
polar1m,114,2,O,13.92283081,9.03256197,12.88965347,-2.0,1.133739,-0.866261,-0.0362956747413,0.8299653252586999,0.8299653252586999
polar1m,114,3,H,13.08909398,12.65407988,9.71047695,1.0,0.42866,0.42866,0.0220659840852,-0.4065940159148,0.4065940159148
polar1m,114,4,H,11.71639403,15.64592146,12.21340805,1.0,0.47412,0.47412,0.0306145958602,-0.4435054041398,0.4435054041398
polar1m,114,5,H,9.46851141,12.88861257,14.53324886,1.0,0.416509,0.416509,0.0186201762408,-0.39788882375920004,0.39788882375920004
polar1m,114,6,H,13.229739,12.97677716,12.5637379,1.0,0.37004,0.37004,0.0483087077737,-0.3217312922263,0.3217312922263
polar1m,114,7,H,12.0,12.0,12.0,1.0,0.415841,0.415841,0.0362186469138,-0.3796223530862,0.3796223530862
polar1m,114,8,H,9.77930573,10.0466589,13.27737041,1.0,0.376656,0.376656,0.0236627608538,-0.3529932391462,0.3529932391462
polar1m,114,9,H,10.75094802,9.24722133,15.63295133,1.0,0.411927,0.411927,0.0328595228493,-0.3790674771507,0.3790674771507
polar1m,114,10,H,14.07807584,14.52544528,12.55211842,1.0,0.444502,0.444502,0.0277367606759,-0.41676523932410003,0.41676523932410003
polar1m,114,11,O,9.77809526,11.13997347,10.04399962,-2.0,1.341371,-0.6586289999999999,-0.0357890576124,0.6228399423875999,0.6228399423875999
polar1m,114,12,H,12.60122517,10.51392683,9.41667964,1.0,0.405009,0.405009,0.0244193039834,-0.38058969601660003,0.38058969601660003
polar1m,114,13,O,13.5968283,13.24909084,10.27289451,-2.0,1.143755,-0.8562449999999999,-0.0379947125912,0.8182502874087999,0.8182502874087999
polar1m,114,14,H,14.5916698,9.38724284,13.29378659,1.0,0.474037,0.474037,0.0183231532574,-0.45571384674259996,0.45571384674259996
polar1m,114,15,H,13.9541626,13.05669802,11.08362182,1.0,0.410075,0.410075,0.0165371485054,-0.3935378514946,0.3935378514946
polar1m,114,16,H,11.81775604,13.66696434,12.35474597,1.0,0.384676,0.384676,0.0449432134628,-0.3397327865372,0.3397327865372
polar1m,114,17,H,12.99979436,9.3985278,12.98438716,1.0,0.384724,0.384724,0.0136787816882,-0.3710452183118,0.3710452183118
polar1m,114,18,H,10.57614929,14.50598239,11.64058208,1.0,0.443782,0.443782,0.0404360517859,-0.4033459482141,0.4033459482141
polar1m,114,19,O,13.20153262,10.51816417,10.09521076,-2.0,1.255792,-0.744208,-0.031074218452,0.713133781548,0.713133781548
polar1m,114,20,H,10.67303977,12.03162392,14.19053877,1.0,0.353973,0.353973,0.0131032504141,-0.3408697495859,0.3408697495859
polar1m,114,21,H,11.32391535,9.77158816,14.3391482,1.0,0.367732,0.367732,0.0226363763213,-0.3450956236787,0.3450956236787
polar1m,114,22,O,10.8011331,9.77657978,13.39014726,-2.0,1.201191,-0.7988090000000001,-0.0789376795292,0.7198713204708,0.7198713204708
polar1m,114,23,H,13.109741,9.69962685,8.3219009,1.0,0.384201,0.384201,0.015375899151,-0.368825100849,0.368825100849
polar1m,114,24,H,11.9323436,8.46304463,10.44261603,1.0,0.332395,0.332395,0.0327420644462,-0.2996529355538,0.2996529355538
polar1m,114,25,H,11.43716457,10.36187432,16.63008585,1.0,0.413799,0.413799,0.0264962799847,-0.3873027200153,0.3873027200153
polar1m,114,26,O,14.41286007,13.75947755,12.97428472,-2.0,1.302651,-0.697349,0.0311288014054,0.7284778014054,0.7284778014054
polar1m,114,27,O,9.621895,12.03041878,14.11446021,-2.0,1.213331,-0.7866690000000001,-0.0357266813517,0.7509423186483001,0.7509423186483001
polar1m,114,28,O,11.26814521,14.83972765,12.36440584,-2.0,1.306007,-0.6939930000000001,0.100574754179,0.794567754179,0.794567754179
polar1m,114,29,H,14.23692353,13.72333616,13.94980341,1.0,0.451423,0.451423,0.0299060679972,-0.4215169320028,0.4215169320028
polar1m,114,30,O,12.1674763,12.70673196,12.68216403,-2.0,1.380869,-0.6191310000000001,0.557683229446,1.1768142294460002,1.1768142294460002
polar1m,114,31,H,9.12101906,10.71588038,10.8389733,1.0,0.368701,0.368701,0.0241021048278,-0.3445988951722,0.3445988951722
polar1m,114,32,H,10.54679385,11.71248715,10.55315457,1.0,0.30196,0.30196,0.0135346055031,-0.2884253944969,0.2884253944969
polar1m,114,33,O,10.91318157,8.79348719,10.90800912,-2.0,1.250397,-0.749603,-0.0429609157145,0.7066420842855,0.7066420842855
polar1m,114,34,H,13.26144618,8.44424444,8.36177737,1.0,0.418415,0.418415,0.0201729089022,-0.39824209109779996,0.39824209109779996
polar1m,114,35,H,12.89718267,9.69311272,10.70510753,1.0,0.35395,0.35395,0.0241318382323,-0.32981816176769996,0.32981816176769996
polar1m,114,36,O,13.46424271,9.08092771,7.72301719,-2.0,1.173069,-0.8269310000000001,-0.0389396138489,0.7879913861511001,0.7879913861511001
polar1m,115,0,O,12.00736263,9.79498111,15.93155606,-2.0,1.244462,-0.755538,0.00270508974791,0.75824308974791,0.75824308974791
polar1m,115,1,H,10.65141424,14.13975111,10.29353895,1.0,0.342354,0.342354,0.0168847199529,-0.32546928004709996,0.32546928004709996
polar1m,115,2,H,11.2528508,9.5517302,11.77078447,1.0,0.327962,0.327962,0.014505147934,-0.313456852066,0.313456852066
polar1m,115,3,H,13.44783064,12.57877391,10.05151353,1.0,0.411126,0.411126,0.0137660391629,-0.3973599608371,0.3973599608371
polar1m,115,4,H,11.84129247,15.68090619,12.52311691,1.0,0.436826,0.436826,0.0358053296804,-0.4010206703196,0.4010206703196
polar1m,115,5,H,11.72235088,13.67883684,9.25888755,1.0,0.417351,0.417351,0.0195966959,-0.3977543041,0.3977543041
polar1m,115,6,O,10.92478362,13.36787727,9.68496851,-2.0,1.240629,-0.759371,-0.0349096730351,0.7244613269649001,0.7244613269649001
polar1m,115,7,H,9.9347037,12.767889,14.78722568,1.0,0.417185,0.417185,0.0200619660318,-0.3971230339682,0.3971230339682
polar1m,115,8,H,13.40884589,12.89530969,12.83269946,1.0,0.477443,0.477443,0.0370838083327,-0.4403591916673,0.4403591916673
polar1m,115,9,H,12.0,12.0,12.0,1.0,0.420259,0.420259,0.0939611047506,-0.3262978952494,0.3262978952494
polar1m,115,10,H,10.29532859,9.93166904,13.62428226,1.0,0.411424,0.411424,0.0196482986212,-0.3917757013788,0.3917757013788
polar1m,115,11,H,11.25628711,9.24713585,15.69660247,1.0,0.436,0.436,0.0298152975738,-0.4061847024262,0.4061847024262
polar1m,115,12,H,7.50689319,11.40588744,12.52117463,1.0,0.372654,0.372654,0.0324851348996,-0.3401688651004,0.3401688651004
polar1m,115,13,O,10.15394158,11.05553096,10.27051172,-2.0,1.316949,-0.6830510000000001,0.0499969869852,0.7330479869852,0.7330479869852
polar1m,115,14,H,12.18932326,11.54343562,8.57106153,1.0,0.366522,0.366522,0.021217931062,-0.34530406893800003,0.34530406893800003
polar1m,115,15,H,12.92177517,10.5398046,9.61961949,1.0,0.36452,0.36452,0.0159094445407,-0.34861055545930003,0.34861055545930003
polar1m,115,16,H,11.36222454,17.54002768,13.22363551,1.0,0.433867,0.433867,0.0223902836442,-0.4114767163558,0.4114767163558
polar1m,115,17,H,8.3449731,11.4349533,10.85456136,1.0,0.402848,0.402848,0.0283112153411,-0.3745367846589,0.3745367846589
polar1m,115,18,O,13.98931433,13.08589268,10.47905778,-2.0,1.154726,-0.8452740000000001,-0.0415117032826,0.8037622967174001,0.8037622967174001
polar1m,115,19,H,14.29019269,12.93628866,11.3764017,1.0,0.395153,0.395153,0.0186091139913,-0.3765438860087,0.3765438860087
polar1m,115,20,H,13.23599984,12.16638273,8.24464194,1.0,0.45275,0.45275,0.0242686569691,-0.42848134303089996,0.42848134303089996
polar1m,115,21,H,12.29582096,13.5412864,12.76060265,1.0,0.413264,0.413264,0.0327493324876,-0.38051466751240004,0.38051466751240004
polar1m,115,22,H,10.99874241,14.43536825,12.04763926,1.0,0.457812,0.457812,0.0288359243423,-0.4289760756577,0.4289760756577
polar1m,115,23,O,8.49832242,11.55190667,11.85544403,-2.0,1.295585,-0.704415,-0.02444049716,0.67997450284,0.67997450284
polar1m,115,24,O,13.56198112,10.46625392,10.3131907,-2.0,1.162427,-0.8375729999999999,-0.0451368801296,0.7924361198703999,0.7924361198703999
polar1m,115,25,H,10.82723986,11.99323114,14.47955814,1.0,0.419656,0.419656,0.0121037997305,-0.40755220026949995,0.40755220026949995
polar1m,115,26,H,11.78391055,9.71625515,14.49501536,1.0,0.379469,0.379469,0.0243696570396,-0.3550993429604,0.3550993429604
polar1m,115,27,O,11.20841718,9.72923453,13.57295169,-2.0,1.184048,-0.815952,-0.0620021857321,0.7539498142679,0.7539498142679
polar1m,115,28,O,11.30968672,16.96161262,13.97401873,-2.0,1.179582,-0.8204180000000001,-0.0362629368901,0.7841550631099001,0.7841550631099001
polar1m,115,29,H,12.04693899,8.44077155,10.67892676,1.0,0.422905,0.422905,0.0229622144252,-0.39994278557479995,0.39994278557479995
polar1m,115,30,H,11.85136871,10.33408917,16.75912316,1.0,0.437332,0.437332,0.0245793554932,-0.4127526445068,0.4127526445068
polar1m,115,31,H,11.01538175,10.70414426,8.54664387,1.0,0.374288,0.374288,0.0260514505208,-0.3482365494792,0.3482365494792
polar1m,115,32,O,9.94107615,11.90527277,14.35590367,-2.0,1.161493,-0.8385069999999999,-0.033574629575,0.8049323704249999,0.8049323704249999
polar1m,115,33,O,12.41292422,12.44123225,8.28819867,-2.0,1.21895,-0.78105,-0.0260282233357,0.7550217766643,0.7550217766643
polar1m,115,34,O,11.62099604,14.71644633,12.57759525,-2.0,1.281427,-0.7185729999999999,0.0372871607542,0.7558601607541999,0.7558601607541999
polar1m,115,35,H,10.78478209,10.09535049,9.69154951,1.0,0.382574,0.382574,0.0204781219363,-0.3620958780637,0.3620958780637
polar1m,115,36,O,12.56228283,12.59919455,12.92755735,-2.0,1.414261,-0.585739,0.662688791752,1.248427791752,1.248427791752
polar1m,115,37,H,9.46071957,10.75857497,10.88719199,1.0,0.403665,0.403665,0.0320798456669,-0.3715851543331,0.3715851543331
polar1m,115,38,H,10.88253632,11.49131473,10.63695898,1.0,0.370305,0.370305,0.0207360126078,-0.3495689873922,0.3495689873922
polar1m,115,39,O,11.29687164,8.68105945,11.13895246,-2.0,1.196704,-0.803296,-0.0480957888067,0.7552002111933,0.7552002111933
polar1m,115,40,O,11.40525408,9.8790057,8.89155089,-2.0,1.193755,-0.8062450000000001,-0.146000474691,0.6602445253090001,0.6602445253090001
polar1m,115,41,H,13.38387581,9.6467055,10.70694564,1.0,0.420105,0.420105,0.0200880467892,-0.4000169532108,0.4000169532108
polar1m,115,42,H,11.22371968,15.96945067,13.82510675,1.0,0.387382,0.387382,0.015931032598,-0.371450967402,0.371450967402
polar1m,116,0,O,12.30904964,9.65158387,16.05199145,-2.0,1.163538,-0.836462,-0.0177440717816,0.8187179282184001,0.8187179282184001
polar1m,116,1,H,10.97099425,13.97469013,10.35295829,1.0,0.335004,0.335004,0.0146467387676,-0.32035726123240005,0.32035726123240005
polar1m,116,2,H,11.60390825,9.37914514,11.90447835,1.0,0.328788,0.328788,0.0135850012302,-0.3152029987698,0.3152029987698
polar1m,116,3,H,6.1423625,10.93092702,10.51737974,1.0,0.407344,0.407344,0.0227758698165,-0.3845681301835,0.3845681301835
polar1m,116,4,H,13.49679846,12.19418145,10.17180354,1.0,0.31589,0.31589,0.0193354971707,-0.2965545028293,0.2965545028293
polar1m,116,5,H,11.88900219,15.62007695,12.67327483,1.0,0.395927,0.395927,0.0373027399182,-0.3586242600818,0.3586242600818
polar1m,116,6,H,12.04958271,13.68837701,9.57148642,1.0,0.392365,0.392365,0.0314044989645,-0.36096050103550004,0.36096050103550004
polar1m,116,7,O,11.15812042,13.20592803,9.7739721,-2.0,1.24707,-0.7529300000000001,-0.104777693748,0.648152306252,0.648152306252
polar1m,116,8,H,10.19905872,12.63397994,14.93121751,1.0,0.396933,0.396933,0.0204961448908,-0.3764368551092,0.3764368551092
polar1m,116,9,H,13.78109366,12.70342464,12.97004585,1.0,0.450895,0.450895,0.0334663949907,-0.4174286050093,0.4174286050093
polar1m,116,10,H,12.0,12.0,12.0,1.0,0.395194,0.395194,0.2099378407,-0.1852561593,0.1852561593
polar1m,116,11,H,10.66413615,9.78397304,13.91697598,1.0,0.415234,0.415234,0.0217677094042,-0.3934662905958,0.3934662905958
polar1m,116,12,H,11.59624585,9.16285778,15.73873657,1.0,0.436259,0.436259,0.0274867042899,-0.4087722957101,0.4087722957101
polar1m,116,13,H,7.96932825,11.20552357,12.39126541,1.0,0.430672,0.430672,0.028769845143,-0.401902154857,0.401902154857
polar1m,116,14,O,10.4306666,10.90244919,10.37954892,-2.0,1.310602,-0.689398,0.175909921527,0.865307921527,0.865307921527
polar1m,116,15,H,12.50078616,11.40256809,8.77495145,1.0,0.346335,0.346335,0.0214194171131,-0.3249155828869,0.3249155828869
polar1m,116,16,H,13.07661909,10.46347225,9.68088388,1.0,0.317916,0.317916,0.0200496539474,-0.2978663460526,0.2978663460526
polar1m,116,17,H,11.55839202,17.61909587,13.5039257,1.0,0.439871,0.439871,0.0279237106442,-0.4119472893558,0.4119472893558
polar1m,116,18,H,8.57518109,11.0922663,10.94753002,1.0,0.378268,0.378268,0.0424828715622,-0.3357851284378,0.3357851284378
polar1m,116,19,O,14.2984337,12.87543031,10.58298623,-2.0,1.285872,-0.7141280000000001,-0.0585225112736,0.6556054887264001,0.6556054887264001
polar1m,116,20,H,14.5183194,12.69253304,11.5652517,1.0,0.34371,0.34371,0.0169470198452,-0.3267629801548,0.3267629801548
polar1m,116,21,H,13.69339467,11.85168229,8.45254242,1.0,0.375826,0.375826,0.0303110480309,-0.3455149519691,0.3455149519691
polar1m,116,22,H,12.5758221,13.3860486,13.06448676,1.0,0.405059,0.405059,0.0246526524425,-0.3804063475575,0.3804063475575
polar1m,116,23,O,6.27356835,10.2087761,11.18267508,-2.0,1.236211,-0.763789,-0.0348914191127,0.7288975808873001,0.7288975808873001
polar1m,116,24,H,11.10020233,14.24307278,12.15671641,1.0,0.405861,0.405861,0.0266056880355,-0.3792553119645,0.3792553119645
polar1m,116,25,O,8.79603587,11.35238731,11.95441689,-2.0,1.263221,-0.7367790000000001,-0.0185384824872,0.7182405175128,0.7182405175128
polar1m,116,26,O,13.83330745,10.35562619,10.41880655,-2.0,1.197994,-0.802006,-0.0492847338319,0.7527212661681,0.7527212661681
polar1m,116,27,H,11.12084891,11.7863935,14.63752786,1.0,0.388172,0.388172,0.0126347690821,-0.37553723091790003,0.37553723091790003
polar1m,116,28,H,12.04432822,9.67291155,14.41203938,1.0,0.407616,0.407616,0.0178087726235,-0.3898072273765,0.3898072273765
polar1m,116,29,O,11.53496845,9.61166258,13.63728713,-2.0,1.193712,-0.8062879999999999,-0.0328878387809,0.7734001612190999,0.7734001612190999
polar1m,116,30,O,11.52034348,16.7809611,14.10099445,-2.0,1.172362,-0.8276380000000001,-0.030039075762,0.797598924238,0.797598924238
polar1m,116,31,H,12.26543423,8.3417934,10.71765385,1.0,0.421547,0.421547,0.023394105956,-0.398152894044,0.398152894044
polar1m,116,32,H,12.73047319,14.71969236,10.29797953,1.0,0.381375,0.381375,0.0209179148078,-0.36045708519220004,0.36045708519220004
polar1m,116,33,H,12.12449372,10.19006703,16.71453285,1.0,0.471277,0.471277,0.0212394632399,-0.4500375367601,0.4500375367601
polar1m,116,34,H,7.10776559,10.56532154,11.5644809,1.0,0.348766,0.348766,0.019755307585,-0.32901069241500003,0.32901069241500003
polar1m,116,35,H,11.29464155,10.58104316,8.47190571,1.0,0.351253,0.351253,0.0315964482725,-0.31965655172749996,0.31965655172749996
polar1m,116,36,O,10.16148535,11.7199284,14.48121464,-2.0,1.218851,-0.7811490000000001,-0.0315090343356,0.7496399656644,0.7496399656644
polar1m,116,37,O,12.70738811,12.2701502,8.41328378,-2.0,1.302887,-0.6971130000000001,-0.0316580533981,0.6654549466019001,0.6654549466019001
polar1m,116,38,O,11.89281529,14.53524178,12.68481912,-2.0,1.333593,-0.666407,0.0165069773793,0.6829139773792999,0.6829139773792999
polar1m,116,39,H,11.02910817,10.09401118,9.79732771,1.0,0.382149,0.382149,0.0199453756213,-0.3622036243787,0.3622036243787
polar1m,116,40,O,12.84719988,12.4140302,13.05354449,-2.0,1.43965,-0.5603499999999999,0.530785322189,1.091135322189,1.091135322189
polar1m,116,41,H,9.73535146,10.72190776,10.88573515,1.0,0.433404,0.433404,0.0350096449256,-0.3983943550744,0.3983943550744
polar1m,116,42,H,12.16717518,16.00449438,9.80442349,1.0,0.402183,0.402183,0.0280916765332,-0.3740913234668,0.3740913234668
polar1m,116,43,H,11.18860565,11.30586202,10.6648976,1.0,0.382952,0.382952,0.0255317091942,-0.3574202908058,0.3574202908058
polar1m,116,44,O,11.57035612,8.50832848,11.26757676,-2.0,1.178455,-0.821545,-0.0508131682873,0.7707318317127,0.7707318317127
polar1m,116,45,O,11.6803793,9.74872596,8.97738047,-2.0,1.226167,-0.773833,-0.271694868803,0.502138131197,0.502138131197
polar1m,116,46,H,13.77726088,9.44059332,10.64323287,1.0,0.418868,0.418868,0.0236555896699,-0.3952124103301,0.3952124103301
polar1m,116,47,H,11.46396027,15.85317662,13.97086482,1.0,0.424333,0.424333,0.016749497503,-0.40758350249700004,0.40758350249700004
polar1m,116,48,O,12.28826891,15.03621192,9.46998517,-2.0,1.30257,-0.69743,0.0214613899589,0.7188913899589,0.7188913899589
polar1m,117,0,H,11.15292219,13.75693562,10.36394083,1.0,0.388463,0.388463,0.0192917026579,-0.3691712973421,0.3691712973421
polar1m,117,1,H,11.9718024,9.03527654,11.93292647,1.0,0.406519,0.406519,0.0123291164637,-0.3941898835363,0.3941898835363
polar1m,117,2,H,6.27654508,10.66277279,10.61995396,1.0,0.441758,0.441758,0.0247042067349,-0.4170537932651,0.4170537932651
polar1m,117,3,H,13.68778019,11.93398985,10.40262919,1.0,0.327064,0.327064,0.0291481465101,-0.2979158534899,0.2979158534899
polar1m,117,4,H,11.93549221,15.37790427,12.77813863,1.0,0.393823,0.393823,0.0328633822501,-0.3609596177499,0.3609596177499
polar1m,117,5,H,12.20970258,13.53069913,9.81095618,1.0,0.40428,0.40428,0.0258204191923,-0.3784595808077,0.3784595808077
polar1m,117,6,O,11.36854435,13.03365585,9.85111171,-2.0,1.237543,-0.7624569999999999,-0.0615551769733,0.7009018230266999,0.7009018230266999
polar1m,117,7,H,10.34077259,12.44868565,15.01521457,1.0,0.390823,0.390823,0.0215499065816,-0.3692730934184,0.3692730934184
polar1m,117,8,H,14.21897148,12.44177198,13.06536213,1.0,0.366815,0.366815,0.0367806106806,-0.3300343893194,0.3300343893194
polar1m,117,9,H,12.0,12.0,12.0,1.0,0.321815,0.321815,0.369801998138,0.047986998138,0.047986998138
polar1m,117,10,H,8.28126124,11.05043012,12.37307869,1.0,0.457999,0.457999,0.0344316363335,-0.4235673636665,0.4235673636665
polar1m,117,11,H,15.06283502,14.3605993,13.26122161,1.0,0.4335,0.4335,0.0292815342546,-0.4042184657454,0.4042184657454
polar1m,117,12,O,10.67913365,10.73769892,10.45335207,-2.0,1.410481,-0.5895189999999999,0.0832791626453,0.6727981626452999,0.6727981626452999
polar1m,117,13,H,11.74425627,17.53980039,13.79619583,1.0,0.46257,0.46257,0.0318373031914,-0.4307326968086,0.4307326968086
polar1m,117,14,H,8.74529627,10.80602765,11.18125039,1.0,0.420813,0.420813,0.0474294908345,-0.3733835091655,0.3733835091655
polar1m,117,15,O,14.56501932,12.64937108,10.67173448,-2.0,1.287929,-0.7120709999999999,-0.0406289100647,0.6714420899352999,0.6714420899352999
polar1m,117,16,H,14.67405791,12.42418879,11.60050069,1.0,0.380504,0.380504,0.016039121896,-0.364464878104,0.364464878104
polar1m,117,17,H,12.76203637,13.18551116,13.35070411,1.0,0.3782,0.3782,0.0226315222681,-0.3555684777319,0.3555684777319
polar1m,117,18,O,6.52076666,10.03306965,11.25054239,-2.0,1.230063,-0.7699370000000001,-0.0311414301395,0.7387955698605001,0.7387955698605001
polar1m,117,19,H,11.1788653,14.0438936,12.25287726,1.0,0.369547,0.369547,0.0342337191105,-0.3353132808895,0.3353132808895
polar1m,117,20,O,9.06799256,11.14139146,12.01913406,-2.0,1.213502,-0.7864979999999999,0.00656923651695,0.7930672365169499,0.7930672365169499
polar1m,117,21,H,11.44367628,11.47047632,14.74027374,1.0,0.349427,0.349427,0.0175572559237,-0.3318697440763,0.3318697440763
polar1m,117,22,O,11.70013911,16.59852607,14.20251703,-2.0,1.131859,-0.868141,-0.0306318700314,0.8375091299686,0.8375091299686
polar1m,117,23,H,12.65912196,8.21708472,10.64278397,1.0,0.370045,0.370045,0.0339307300746,-0.3361142699254,0.3361142699254
polar1m,117,24,H,13.01828306,14.53319771,10.29176065,1.0,0.408425,0.408425,0.0242557860911,-0.38416921390889996,0.38416921390889996
polar1m,117,25,H,7.31532719,10.49804059,11.64987924,1.0,0.335643,0.335643,0.0254056677222,-0.31023733227780004,0.31023733227780004
polar1m,117,26,H,11.58934727,10.28428176,8.40107698,1.0,0.375785,0.375785,0.027125634253,-0.34865936574699996,0.34865936574699996
polar1m,117,27,O,15.30387155,13.38007234,13.38844096,-2.0,1.384836,-0.615164,0.0281896069646,0.6433536069646001,0.6433536069646001
polar1m,117,28,O,10.35647524,11.53502547,14.58801699,-2.0,1.259173,-0.7408269999999999,-0.0342260226607,0.7066009773392999,0.7066009773392999
polar1m,117,29,O,12.1307472,14.35741756,12.76691924,-2.0,1.348018,-0.6519820000000001,-8.83117318153e-05,0.6518936882681847,0.6518936882681847
polar1m,117,30,H,14.80777209,13.11016589,14.37646772,1.0,0.389673,0.389673,0.0385292954743,-0.3511437045257,0.3511437045257
polar1m,117,31,H,11.27490152,9.95159576,9.80815634,1.0,0.378494,0.378494,0.00575223565102,-0.37274176434898,0.37274176434898
polar1m,117,32,O,13.09748077,12.21560626,13.16001671,-2.0,1.410634,-0.5893660000000001,0.253246665001,0.8426126650010001,0.8426126650010001
polar1m,117,33,H,9.88998471,10.59251195,11.05925823,1.0,0.406215,0.406215,0.0357104353607,-0.3705045646393,0.3705045646393
polar1m,117,34,H,12.43445864,15.65776478,9.85174282,1.0,0.488366,0.488366,0.028334736824,-0.460031263176,0.460031263176
polar1m,117,35,H,11.56427951,11.24901212,10.78257427,1.0,0.30986,0.30986,0.0406486392021,-0.26921136079790003,0.26921136079790003
polar1m,117,36,O,11.79739854,8.33165109,11.38860333,-2.0,1.21427,-0.78573,-0.0359056591988,0.7498243408012001,0.7498243408012001
polar1m,117,37,O,11.91985712,9.61719382,9.03575566,-2.0,1.090961,-0.9090389999999999,-0.233992755413,0.6750462445869999,0.6750462445869999
polar1m,117,38,H,11.67362892,15.70879976,14.0861378,1.0,0.440425,0.440425,0.0180848538876,-0.4223401461124,0.4223401461124
polar1m,117,39,O,12.48432216,14.87713482,9.58574902,-2.0,1.183881,-0.816119,0.0133763998747,0.8294953998747,0.8294953998747
polar1m,118,0,H,11.10462875,13.61315514,10.40949339,1.0,0.407921,0.407921,0.0410476885736,-0.3668733114264,0.3668733114264
polar1m,118,1,O,9.25840175,14.58869553,7.83742633,-2.0,1.129873,-0.8701270000000001,-0.121019482613,0.7491075173870001,0.7491075173870001
polar1m,118,2,H,6.2672373,10.46653757,10.60180473,1.0,0.394279,0.394279,0.0285391844809,-0.3657398155191,0.3657398155191
polar1m,118,3,H,14.0509112,11.85116022,10.66648579,1.0,0.421855,0.421855,0.0214632861316,-0.4003917138684,0.4003917138684
polar1m,118,4,H,2.05915454,14.33454389,11.7375306,1.0,0.412839,0.412839,0.0278372038156,-0.3850017961844,0.3850017961844
polar1m,118,5,H,7.38476714,12.53320865,9.67029766,1.0,0.360371,0.360371,0.0293394215405,-0.3310315784595,0.3310315784595
polar1m,118,6,H,11.99108265,15.04290532,12.81643777,1.0,0.434204,0.434204,0.0314139872789,-0.4027900127211,0.4027900127211
polar1m,118,7,H,12.3296779,13.24021608,9.90927579,1.0,0.451447,0.451447,0.0337982214987,-0.4176487785013,0.4176487785013
polar1m,118,8,O,11.53163853,12.8496424,9.89100697,-2.0,1.351008,-0.648992,0.0364714935422,0.6854634935422,0.6854634935422
polar1m,118,9,H,10.40588994,12.21344931,15.02747574,1.0,0.424944,0.424944,0.0235163532197,-0.40142764678029996,0.40142764678029996
polar1m,118,10,H,14.41347221,12.12929839,13.12198697,1.0,0.39913,0.39913,0.0396948680282,-0.3594351319718,0.3594351319718
polar1m,118,11,H,12.0,12.0,12.0,1.0,0.272106,0.272106,0.348245501518,0.07613950151799997,0.07613950151799997
polar1m,118,12,H,8.29039961,10.92338832,12.58223639,1.0,0.38828,0.38828,0.053962893784,-0.334317106216,0.334317106216
polar1m,118,13,O,10.88186761,10.57415818,10.48958818,-2.0,1.425274,-0.5747260000000001,-0.0406814068556,0.5340445931444001,0.5340445931444001
polar1m,118,14,H,11.91221765,17.31935526,14.03975217,1.0,0.483059,0.483059,0.0290549714118,-0.4540040285882,0.4540040285882
polar1m,118,15,H,8.84987133,10.52424962,11.31045957,1.0,0.421489,0.421489,0.0423206984997,-0.3791683015003,0.3791683015003
polar1m,118,16,H,8.31280115,14.49867289,7.45702103,1.0,0.381704,0.381704,0.032597001642,-0.34910699835799996,0.34910699835799996
polar1m,118,17,O,14.761956,12.41303765,10.71938727,-2.0,1.174872,-0.8251280000000001,-0.0355627126992,0.7895652873008001,0.7895652873008001
polar1m,118,18,H,14.79718088,12.13177176,11.58733118,1.0,0.398136,0.398136,0.0190800689161,-0.3790559310839,0.3790559310839
polar1m,118,19,H,8.80798534,11.83912742,9.09239602,1.0,0.374726,0.374726,0.0319279059768,-0.3427980940232,0.3427980940232
polar1m,118,20,O,5.84952527,13.48392748,8.02341739,-2.0,1.220897,-0.7791030000000001,-0.115846276283,0.6632567237170001,0.6632567237170001
polar1m,118,21,H,12.92989836,12.84951559,13.57134383,1.0,0.413478,0.413478,0.0230040550232,-0.3904739449768,0.3904739449768
polar1m,118,22,H,8.15685091,14.4512115,9.72362024,1.0,0.313504,0.313504,0.0225698575377,-0.2909341424623,0.2909341424623
polar1m,118,23,O,6.72041912,9.85102196,11.28685431,-2.0,1.195245,-0.8047550000000001,-0.0442595332861,0.7604954667139001,0.7604954667139001
polar1m,118,24,H,4.17466128,15.12297924,10.9870343,1.0,0.344315,0.344315,0.0272162072361,-0.31709879276389996,0.31709879276389996
polar1m,118,25,H,11.40819071,13.87608561,12.42508182,1.0,0.387013,0.387013,0.0306414291263,-0.35637157087369997,0.35637157087369997
polar1m,118,26,H,10.57781651,12.82715329,8.89320229,1.0,0.391212,0.391212,0.0490466579795,-0.3421653420205,0.3421653420205
polar1m,118,27,O,9.29878749,10.9297196,12.03663305,-2.0,1.285595,-0.714405,0.0162612497807,0.7306662497806999,0.7306662497806999
polar1m,118,28,H,8.34008043,11.3024073,6.36618485,1.0,0.383648,0.383648,0.0304767563939,-0.35317124360609997,0.35317124360609997
polar1m,118,29,H,11.51916356,11.12841026,14.76568543,1.0,0.383988,0.383988,0.0200879294425,-0.3639000705575,0.3639000705575
polar1m,118,30,O,7.09938531,14.48497981,9.98547461,-2.0,1.248295,-0.7517050000000001,-0.659596085548,0.09210891445200009,0.09210891445200009
polar1m,118,31,H,5.6343469,14.96717995,10.87918583,1.0,0.386601,0.386601,0.0212127715349,-0.3653882284651,0.3653882284651
polar1m,118,32,H,8.59899997,11.53769049,7.77740438,1.0,0.38559,0.38559,0.0246053747833,-0.3609846252167,0.3609846252167
polar1m,118,33,O,2.56650452,15.17329412,11.94035754,-2.0,1.198713,-0.8012870000000001,-0.0319791585207,0.7693078414793001,0.7693078414793001
polar1m,118,34,O,11.82819634,16.42638873,14.26225859,-2.0,1.102161,-0.897839,-0.0399160906672,0.8579229093328,0.8579229093328
polar1m,118,35,H,7.34506224,10.36818477,11.66067967,1.0,0.37171,0.37171,0.025345031172,-0.346364968828,0.346364968828
polar1m,118,36,H,11.83729619,9.9255465,8.27648696,1.0,0.411831,0.411831,0.0308442860842,-0.3809867139158,0.3809867139158
polar1m,118,37,O,10.51634665,11.35332738,14.65642816,-2.0,1.202025,-0.7979750000000001,-0.0311244949698,0.7668505050302001,0.7668505050302001
polar1m,118,38,H,2.94272636,15.71967318,11.23921345,1.0,0.422574,0.422574,0.0311989746988,-0.3913750253012,0.3913750253012
polar1m,118,39,O,12.29876979,14.18284517,12.7971896,-2.0,1.261063,-0.738937,-0.0133411884308,0.7255958115691999,0.7255958115691999
polar1m,118,40,O,7.90338799,11.17607086,7.25781522,-2.0,1.182331,-0.817669,-0.0409837290645,0.7766852709355,0.7766852709355
polar1m,118,41,H,9.38335557,13.70451329,8.32895668,1.0,0.357934,0.357934,0.00614395365119,-0.35179004634880995,0.35179004634880995
polar1m,118,42,H,11.46497738,9.72165175,9.74941332,1.0,0.395482,0.395482,0.00835448503494,-0.38712751496506,0.38712751496506
polar1m,118,43,H,5.98858157,13.6087477,10.43882395,1.0,0.354433,0.354433,0.0201046839356,-0.3343283160644,0.3343283160644
polar1m,118,44,H,6.30512104,13.67159058,9.05415498,1.0,0.312872,0.312872,0.0184118822217,-0.2944601177783,0.2944601177783
polar1m,118,45,H,5.6671298,12.49973548,8.02599137,1.0,0.336036,0.336036,0.0314249768853,-0.3046110231147,0.3046110231147
polar1m,118,46,O,13.30155741,12.01570289,13.22439865,-2.0,1.388562,-0.6114379999999999,0.115547403693,0.7269854036929999,0.7269854036929999
polar1m,118,47,H,6.47149652,11.63468281,8.77505365,1.0,0.35411,0.35411,0.0543401241302,-0.2997698758698,0.2997698758698
polar1m,118,48,H,10.16609588,10.43621271,11.19563597,1.0,0.401404,0.401404,0.0286449939013,-0.3727590060987,0.3727590060987
polar1m,118,49,O,5.67918068,13.1926894,11.31529512,-2.0,1.165767,-0.834233,-0.0923235565424,0.7419094434576,0.7419094434576
polar1m,118,50,H,11.71329309,11.14551688,10.87667124,1.0,0.296247,0.296247,0.0434430465102,-0.2528039534898,0.2528039534898
polar1m,118,51,O,12.10759341,9.48167931,9.04842296,-2.0,1.073208,-0.9267920000000001,-0.140396639705,0.786395360295,0.786395360295
polar1m,118,52,O,7.41291665,11.57151231,9.37904299,-2.0,1.346578,-0.653422,-0.0222629010677,0.6311590989322999,0.6311590989322999
polar1m,118,53,O,5.03851422,15.67392597,10.99105277,-2.0,1.158532,-0.8414680000000001,-0.0676816254854,0.7737863745146001,0.7737863745146001
polar1m,118,54,O,9.52699848,12.55197936,8.95684383,-2.0,1.223969,-0.7760309999999999,-0.100891500711,0.6751394992889999,0.6751394992889999
polar1m,118,55,H,11.84090681,15.44114117,14.13786743,1.0,0.421861,0.421861,0.0223889164627,-0.39947208353729996,0.39947208353729996
polar1m,118,56,H,5.92513169,13.71604965,12.04815684,1.0,0.413697,0.413697,0.0262405946851,-0.3874564053149,0.3874564053149
polar1m,119,0,H,11.00623979,13.39955508,10.3683381,1.0,0.414295,0.414295,0.0548075437546,-0.3594874562454,0.3594874562454
polar1m,119,1,O,9.40083614,14.45044159,7.8385266,-2.0,1.181635,-0.818365,-0.202472150326,0.615892849674,0.615892849674
polar1m,119,2,H,14.18344301,11.65984051,10.79627614,1.0,0.408447,0.408447,0.0217114053667,-0.3867355946333,0.3867355946333
polar1m,119,3,H,12.03139125,14.89669875,12.78670375,1.0,0.42448,0.42448,0.0388514101505,-0.38562858984950005,0.38562858984950005
polar1m,119,4,H,12.58133856,12.98541139,9.90424262,1.0,0.443944,0.443944,0.0517161525786,-0.3922278474214,0.3922278474214
polar1m,119,5,O,11.63943442,12.66988269,9.90335402,-2.0,1.414285,-0.585715,0.0883860439062,0.6741010439062,0.6741010439062
polar1m,119,6,H,9.85495301,14.26212576,4.63602843,1.0,0.421274,0.421274,0.0382810607553,-0.38299293924469996,0.38299293924469996
polar1m,119,7,H,14.35217511,11.81456993,13.16416299,1.0,0.473434,0.473434,0.039666838944,-0.433767161056,0.433767161056
polar1m,119,8,H,12.0,12.0,12.0,1.0,0.359837,0.359837,0.449138998985,0.08930199898499996,0.08930199898499996
polar1m,119,9,H,8.46872866,10.86609126,12.76149116,1.0,0.372177,0.372177,0.0612701810896,-0.31090681891039995,0.31090681891039995
polar1m,119,10,O,11.04740923,10.42239777,10.49498324,-2.0,1.31868,-0.6813199999999999,-0.0263074189425,0.6550125810574999,0.6550125810574999
polar1m,119,11,H,12.11640887,17.18220388,14.15786844,1.0,0.479323,0.479323,0.0386487208307,-0.4406742791693,0.4406742791693
polar1m,119,12,H,8.92677343,10.22915249,11.31037808,1.0,0.413074,0.413074,0.0489800572395,-0.3640939427605,0.3640939427605
polar1m,119,13,H,8.47715825,14.24058409,7.51898474,1.0,0.381079,0.381079,0.0445557385683,-0.33652326143169997,0.33652326143169997
polar1m,119,14,O,14.91964016,12.19530808,10.72900254,-2.0,1.234237,-0.765763,-0.0295681282878,0.7361948717122,0.7361948717122
polar1m,119,15,H,14.99396148,11.84000902,11.6845732,1.0,0.36513,0.36513,0.0300805866718,-0.3350494133282,0.3350494133282
polar1m,119,16,H,9.03124907,11.69625771,9.24812672,1.0,0.424646,0.424646,0.0440829843283,-0.38056301567170003,0.38056301567170003
polar1m,119,17,H,13.09470672,12.49517261,13.75050876,1.0,0.457587,0.457587,0.0331646800041,-0.4244223199959,0.4244223199959
polar1m,119,18,H,11.64456493,13.64411068,12.57400719,1.0,0.415148,0.415148,0.0275983810425,-0.3875496189575,0.3875496189575
polar1m,119,19,H,10.62412571,12.77534288,9.15741255,1.0,0.415551,0.415551,0.0551163777709,-0.3604346222291,0.3604346222291
polar1m,119,20,O,9.46563159,10.7277877,12.03108118,-2.0,1.319403,-0.6805969999999999,-0.000163927674294,0.6804330723257059,0.6804330723257059
polar1m,119,21,H,8.45760208,10.97888182,6.30390966,1.0,0.405806,0.405806,0.0391993001103,-0.3666066998897,0.3666066998897
polar1m,119,22,H,8.6463135,11.49413916,7.81512473,1.0,0.380797,0.380797,0.0206960663199,-0.3601009336801,0.3601009336801
polar1m,119,23,H,9.21104529,14.30667217,6.23770795,1.0,0.380441,0.380441,0.0209769196808,-0.35946408031919996,0.35946408031919996
polar1m,119,24,O,11.91106206,16.24830621,14.28671472,-2.0,1.118496,-0.8815040000000001,-0.0324939265847,0.8490100734153001,0.8490100734153001
polar1m,119,25,O,9.19340884,14.02630209,5.29351457,-2.0,1.09877,-0.90123,-0.0512951314449,0.8499348685551,0.8499348685551
polar1m,119,26,H,12.01567967,9.59684917,8.06878711,1.0,0.403503,0.403503,0.0436463840306,-0.3598566159694,0.3598566159694
polar1m,119,27,O,12.41775714,14.01078199,12.78610779,-2.0,1.217944,-0.7820560000000001,-0.0178240388632,0.7642319611368,0.7642319611368
polar1m,119,28,O,8.05251767,11.00741128,7.27255694,-2.0,1.173218,-0.8267819999999999,-0.038839250803,0.7879427491969999,0.7879427491969999
polar1m,119,29,H,9.59509196,13.48127692,8.38127484,1.0,0.352404,0.352404,0.0178894996643,-0.3345145003357,0.3345145003357
polar1m,119,30,H,11.55085025,9.49376943,9.68989715,1.0,0.399663,0.399663,0.0115108042955,-0.3881521957045,0.3881521957045
polar1m,119,31,O,13.47047741,11.81769818,13.24844784,-2.0,1.304858,-0.6951419999999999,0.0822504982352,0.7773924982352,0.7773924982352
polar1m,119,32,H,10.56034749,10.2696294,11.25549602,1.0,0.414301,0.414301,0.0267845019698,-0.3875164980302,0.3875164980302
polar1m,119,33,H,11.65377091,10.96971535,10.91460535,1.0,0.363476,0.363476,0.0408546626568,-0.32262133734320003,0.32262133734320003
polar1m,119,34,O,12.25931547,9.34466323,9.01999287,-2.0,1.176911,-0.823089,-0.100752882659,0.722336117341,0.722336117341
polar1m,119,35,O,9.66285519,12.39839333,8.98947739,-2.0,1.248419,-0.751581,0.00617079436779,0.75775179436779,0.75775179436779
polar1m,119,36,H,12.00446805,15.29931611,14.16440047,1.0,0.423325,0.423325,0.0236802697182,-0.39964473028180003,0.39964473028180003
polar1m,120,0,H,14.06234227,12.98841558,9.82387302,1.0,0.415146,0.415146,0.0626642853022,-0.3524817146978,0.3524817146978
polar1m,120,1,H,10.2999977,14.1648548,12.77566692,1.0,0.408849,0.408849,0.0589033439755,-0.3499456560245,0.3499456560245
polar1m,120,2,O,10.11455812,11.28146014,12.89848303,-2.0,1.354207,-0.6457930000000001,0.015529230237,0.6613222302370001,0.6613222302370001
polar1m,120,3,H,12.82276709,13.17878755,9.54170127,1.0,0.396417,0.396417,0.0368657931685,-0.3595512068315,0.3595512068315
polar1m,120,4,O,13.54263175,13.79639742,9.62177083,-2.0,1.270943,-0.7290570000000001,0.000304087996483,0.729361087996483,0.729361087996483
polar1m,120,5,H,12.63564287,12.99370009,14.88497743,1.0,0.404544,0.404544,0.0653225705028,-0.3392214294972,0.3392214294972
polar1m,120,6,H,12.00033869,12.38209287,11.16520304,1.0,0.17151,0.17151,0.17414355278,0.0026335527799999925,0.0026335527799999925
polar1m,120,7,H,11.24671662,10.40627576,12.66643816,1.0,0.370019,0.370019,0.0271865949035,-0.3428324050965,0.3428324050965
polar1m,120,8,O,11.80377764,9.5661993,12.58213266,-2.0,1.366605,-0.6333949999999999,-0.00507643818855,0.62831856181145,0.62831856181145
polar1m,120,9,H,10.26910432,12.49891657,10.6596205,1.0,0.472235,0.472235,0.102793842554,-0.36944115744600003,0.36944115744600003
polar1m,120,10,O,13.06467095,10.59083201,9.61314961,-2.0,1.183637,-0.816363,-0.00541113317013,0.81095186682987,0.81095186682987
polar1m,120,11,H,12.0,12.0,12.0,1.0,0.158007,0.158007,0.225817114115,0.06781011411499999,0.06781011411499999
polar1m,120,12,O,11.03406596,12.67095885,10.21712504,-2.0,1.557523,-0.442477,-0.248635321856,0.193841678144,0.193841678144
polar1m,120,13,H,10.61481885,11.97834673,12.54973422,1.0,0.35302,0.35302,0.0399253517389,-0.3130946482611,0.3130946482611
polar1m,120,14,H,13.09869957,12.57670677,13.51521616,1.0,0.413658,0.413658,0.0653506889939,-0.3483073110061,0.3483073110061
polar1m,120,15,H,10.2466999,11.61275858,13.82571397,1.0,0.430557,0.430557,0.0700782462955,-0.3604787537045,0.3604787537045
polar1m,120,16,H,10.57619643,13.39480572,13.68312864,1.0,0.321467,0.321467,0.0538823306561,-0.2675846693439,0.2675846693439
polar1m,120,17,O,12.48949941,15.11798218,14.29459219,-2.0,1.184395,-0.8156049999999999,-0.137455120683,0.6781498793169999,0.6781498793169999
polar1m,120,18,O,12.46778228,12.24099069,14.19158666,-2.0,1.282612,-0.7173879999999999,0.000392228364944,0.7177802283649439,0.7177802283649439
polar1m,120,19,H,11.46396973,14.97598483,13.9042867,1.0,0.374628,0.374628,0.0275662764907,-0.34706172350930004,0.34706172350930004
polar1m,120,20,H,12.150487,10.72402821,9.99386075,1.0,0.387077,0.387077,0.045194901526,-0.341882098474,0.341882098474
polar1m,120,21,H,13.43835214,10.48434952,8.74478658,1.0,0.473299,0.473299,0.0845623314381,-0.38873666856190003,0.38873666856190003
polar1m,120,22,H,12.27463663,9.57461565,11.6918133,1.0,0.404891,0.404891,0.0656412392855,-0.33924976071449997,0.33924976071449997
polar1m,120,23,O,10.30019851,14.49404351,13.69796348,-2.0,1.41826,-0.5817399999999999,0.0765514597297,0.6582914597296999,0.6582914597296999
polar1m,120,24,H,12.60578432,15.15937971,15.22173469,1.0,0.426493,0.426493,0.0979026779532,-0.3285903220468,0.3285903220468
polar1m,121,0,H,14.20797036,13.1175404,9.93744146,1.0,0.30323,0.30323,0.0380623973906,-0.2651676026094,0.2651676026094
polar1m,121,1,H,16.00955448,12.39383566,9.54135597,1.0,0.44751,0.44751,0.0496580675244,-0.3978519324756,0.3978519324756
polar1m,121,2,H,10.43535845,14.26101508,12.83898204,1.0,0.385495,0.385495,0.051027096808,-0.334467903192,0.334467903192
polar1m,121,3,O,10.05363174,11.34143378,13.05150568,-2.0,1.345878,-0.6541220000000001,0.0106487572193,0.6647707572193001,0.6647707572193001
polar1m,121,4,H,12.73761742,13.2199487,9.52149006,1.0,0.396902,0.396902,0.0390319302678,-0.3578700697322,0.3578700697322
polar1m,121,5,O,13.43520118,13.83468176,9.7389077,-2.0,1.274104,-0.7258960000000001,-0.0250794813037,0.7008165186963001,0.7008165186963001
polar1m,121,6,H,12.39364822,13.05851285,15.16666796,1.0,0.409666,0.409666,0.0765820816159,-0.3330839183841,0.3330839183841
polar1m,121,7,H,11.93132773,12.39287382,11.32814446,1.0,0.140376,0.140376,0.124083355069,-0.016292644930999994,0.016292644930999994
polar1m,121,8,H,11.06379402,10.29878441,12.81734384,1.0,0.397672,0.397672,0.0280204303563,-0.36965156964370005,0.36965156964370005
polar1m,121,9,H,14.71470153,10.36465961,10.98448938,1.0,0.395631,0.395631,0.056470349431,-0.339160650569,0.339160650569
polar1m,121,10,O,11.73617068,9.62315301,12.71037146,-2.0,1.316217,-0.683783,0.0189191550016,0.7027021550016,0.7027021550016
polar1m,121,11,H,10.01459586,12.51743772,10.80887945,1.0,0.433284,0.433284,0.102213844657,-0.331070155343,0.331070155343
polar1m,121,12,O,12.93573637,10.62801266,9.75404243,-2.0,1.223868,-0.776132,-0.00728090107441,0.76885109892559,0.76885109892559
polar1m,121,13,O,16.27139481,13.05985342,10.01228322,-2.0,1.248071,-0.7519290000000001,-0.0198392271996,0.7320897728004001,0.7320897728004001
polar1m,121,14,H,15.31742915,13.43332577,10.31842149,1.0,0.355569,0.355569,0.0405823588371,-0.31498664116290004,0.31498664116290004
polar1m,121,15,H,12.0,12.0,12.0,1.0,0.108666,0.108666,0.202758997679,0.09409299767899999,0.09409299767899999
polar1m,121,16,O,10.9277495,12.74793291,10.35920528,-2.0,1.622849,-0.377151,-0.302990674973,0.07416032502700004,0.07416032502700004
polar1m,121,17,H,10.43484984,12.15970427,12.66777901,1.0,0.344958,0.344958,0.0399759933352,-0.30498200666479997,0.30498200666479997
polar1m,121,18,H,13.00824845,12.47867258,13.45689786,1.0,0.388794,0.388794,0.062221609056,-0.326572390944,0.326572390944
polar1m,121,19,H,14.68086062,11.75574866,11.00205479,1.0,0.325384,0.325384,0.0366860479116,-0.2886979520884,0.2886979520884
polar1m,121,20,O,14.84680195,11.03563736,11.75423068,-2.0,1.33844,-0.6615599999999999,0.00569006800652,0.66725006800652,0.66725006800652
polar1m,121,21,H,10.09219283,11.76403266,13.92950698,1.0,0.426319,0.426319,0.0666851550341,-0.3596338449659,0.3596338449659
polar1m,121,22,H,10.42118306,13.55529085,13.95664364,1.0,0.360379,0.360379,0.047016941011,-0.313362058989,0.313362058989
polar1m,121,23,O,12.38198019,15.19015117,14.47171412,-2.0,1.209738,-0.790262,-0.0712200552225,0.7190419447775,0.7190419447775
polar1m,121,24,O,12.38295642,12.315699,14.34766209,-2.0,1.370313,-0.6296870000000001,-0.00166285037994,0.6280241496200601,0.6280241496200601
polar1m,121,25,H,11.44611249,15.04906228,13.9608521,1.0,0.372518,0.372518,0.0275081172585,-0.3450098827415,0.3450098827415
polar1m,121,26,H,12.06645939,10.85901201,10.30059558,1.0,0.374298,0.374298,0.0424594283104,-0.3318385716896,0.3318385716896
polar1m,121,27,H,13.22194218,10.52923682,8.79436584,1.0,0.45188,0.45188,0.0841944515705,-0.3676855484295,0.3676855484295
polar1m,121,28,H,12.21458312,9.5973842,11.88111027,1.0,0.420456,0.420456,0.0563636943698,-0.3640923056302,0.3640923056302
polar1m,121,29,O,10.19840792,14.52495422,13.7932241,-2.0,1.386109,-0.613891,0.033699862659,0.647590862659,0.647590862659
polar1m,121,30,H,12.35257065,15.50131638,15.38851148,1.0,0.425426,0.425426,0.0875129848719,-0.3379130151281,0.3379130151281
polar1m,122,0,H,14.08411801,13.38035931,9.98009805,1.0,0.356745,0.356745,0.0444193780422,-0.3123256219578,0.3123256219578
polar1m,122,1,H,15.76051464,12.30998201,9.36715346,1.0,0.339316,0.339316,0.0617215931416,-0.2775944068584,0.2775944068584
polar1m,122,2,O,9.902401,11.42099206,13.18499233,-2.0,1.303542,-0.696458,0.00630450248718,0.70276250248718,0.70276250248718
polar1m,122,3,H,12.47903597,13.26750781,9.47360598,1.0,0.375773,0.375773,0.0453048273921,-0.3304681726079,0.3304681726079
polar1m,122,4,O,13.2533085,13.87584274,9.8337889,-2.0,1.280441,-0.7195590000000001,-0.00877249985933,0.71078650014067,0.71078650014067
polar1m,122,5,H,12.12258838,13.03130966,15.20246972,1.0,0.465517,0.465517,0.0805542469025,-0.3849627530975,0.3849627530975
polar1m,122,6,H,11.79301615,12.3935764,11.52461275,1.0,0.089372,0.089372,0.0884639024734,-0.0009080975265999963,0.0009080975265999963
polar1m,122,7,H,10.79220945,10.20516267,12.90844011,1.0,0.418193,0.418193,0.0472309291363,-0.3709620708637,0.3709620708637
polar1m,122,8,H,14.53430732,10.58978793,11.04261726,1.0,0.413029,0.413029,0.0641479417682,-0.3488810582318,0.3488810582318
polar1m,122,9,O,11.5863477,9.6928352,12.81892071,-2.0,1.334061,-0.6659390000000001,0.0635663419962,0.7295053419962001,0.7295053419962001
polar1m,122,10,H,9.82831724,12.56001746,10.8901039,1.0,0.445895,0.445895,0.132625877857,-0.31326912214299996,0.31326912214299996
polar1m,122,11,O,12.71948705,10.67834954,9.87742008,-2.0,1.196326,-0.803674,-0.00380621105433,0.79986778894567,0.79986778894567
polar1m,122,12,O,16.06359259,13.13138411,10.14820732,-2.0,1.318591,-0.6814089999999999,-0.016237847507,0.665171152493,0.665171152493
polar1m,122,13,H,15.27616266,13.43497888,10.52147833,1.0,0.40535,0.40535,0.0435970500112,-0.3617529499888,0.3617529499888
polar1m,122,14,H,12.0,12.0,12.0,1.0,0.083488,0.083488,0.123622596264,0.040134596264,0.040134596264
polar1m,122,15,O,10.72483577,12.83062525,10.47823686,-2.0,1.670855,-0.329145,-0.315625846386,0.013519153614000023,0.013519153614000023
polar1m,122,16,H,9.20143011,13.81271093,15.6156714,1.0,0.434779,0.434779,0.0590175427496,-0.3757614572504,0.3757614572504
polar1m,122,17,H,10.15950119,12.30873923,12.70135524,1.0,0.349574,0.349574,0.055878162384,-0.293695837616,0.293695837616
polar1m,122,18,H,12.72282051,12.40784366,13.6189588,1.0,0.419741,0.419741,0.0576099529862,-0.36213104701379994,0.36213104701379994
polar1m,122,19,H,14.25877343,11.9001831,11.15006432,1.0,0.30837,0.30837,0.0413874462247,-0.2669825537753,0.2669825537753
polar1m,122,20,O,14.66310464,11.12365178,11.85885385,-2.0,1.371776,-0.6282239999999999,0.0224848687649,0.6507088687648999,0.6507088687648999
polar1m,122,21,H,9.87411991,11.85834433,14.03743501,1.0,0.406611,0.406611,0.0550640672445,-0.3515469327555,0.3515469327555
polar1m,122,22,O,12.21453117,12.40699279,14.47800332,-2.0,1.281016,-0.7189840000000001,0.0177228823304,0.7367068823304,0.7367068823304
polar1m,122,23,H,12.00046083,10.99192537,10.39768342,1.0,0.400808,0.400808,0.0433513075113,-0.3574566924887,0.3574566924887
polar1m,122,24,H,12.80159187,10.60579065,8.90328919,1.0,0.452399,0.452399,0.0828327462077,-0.3695662537923,0.3695662537923
polar1m,122,25,H,12.05522611,9.63291113,12.03712256,1.0,0.446082,0.446082,0.0655564814806,-0.3805255185194,0.3805255185194
polar1m,122,26,H,8.74885063,12.40219733,14.83683271,1.0,0.454924,0.454924,0.0495476014912,-0.4053763985088,0.4053763985088
polar1m,122,27,O,9.25996662,12.81268071,15.39730909,-2.0,1.177427,-0.822573,-0.00756999850273,0.81500300149727,0.81500300149727
polar1m,123,0,H,10.27288746,14.80175225,12.92547375,1.0,0.411803,0.411803,0.0557297617197,-0.35607323828029996,0.35607323828029996
polar1m,123,1,O,9.67974884,11.61574864,13.16376892,-2.0,1.271009,-0.728991,0.00439301133156,0.73338401133156,0.73338401133156
polar1m,123,2,H,11.86274684,13.21381256,15.05139347,1.0,0.484202,0.484202,0.0691779255867,-0.4150240744133,0.4150240744133
polar1m,123,3,H,11.56899231,12.57540832,11.48175163,1.0,0.119343,0.119343,0.115383401513,-0.0039595984870000045,0.0039595984870000045
polar1m,123,4,H,10.44766599,10.23899391,12.7960113,1.0,0.421211,0.421211,0.0522721409798,-0.3689388590202,0.3689388590202
polar1m,123,5,H,14.30584427,10.86416763,11.01657115,1.0,0.451101,0.451101,0.0601993948221,-0.39090160517789996,0.39090160517789996
polar1m,123,6,O,11.37019463,9.86615448,12.7863198,-2.0,1.426975,-0.5730249999999999,0.0979661568999,0.6709911568998999,0.6709911568998999
polar1m,123,7,H,9.6986027,12.71732238,10.79026207,1.0,0.484692,0.484692,0.132352039218,-0.35233996078200003,0.35233996078200003
polar1m,123,8,O,12.443042,10.82851533,9.84888622,-2.0,1.197192,-0.802808,-0.00103642046452,0.80177157953548,0.80177157953548
polar1m,123,9,H,12.0,12.0,12.0,1.0,0.111243,0.111243,0.14151866734,0.030275667339999993,0.030275667339999993
polar1m,123,10,O,10.44627706,13.00989985,10.44927786,-2.0,1.593218,-0.406782,-0.294717788696,0.11206421130399996,0.11206421130399996
polar1m,123,11,H,8.87143073,14.04323484,15.47297251,1.0,0.433771,0.433771,0.0670645162463,-0.3667064837537,0.3667064837537
polar1m,123,12,H,9.77560713,12.41681207,12.6074712,1.0,0.368389,0.368389,0.0504797622561,-0.3179092377439,0.3179092377439
polar1m,123,13,H,12.38127788,12.50309072,13.71718737,1.0,0.461959,0.461959,0.0547827780247,-0.4071762219753,0.4071762219753
polar1m,123,14,H,13.85412212,12.01970799,11.3648763,1.0,0.39198,0.39198,0.052249610424,-0.339730389576,0.339730389576
polar1m,123,15,O,14.40124328,11.32681531,11.80273261,-2.0,1.292226,-0.7077739999999999,0.0289099961519,0.7366839961519,0.7366839961519
polar1m,123,16,H,9.63924576,12.02197447,14.02822447,1.0,0.405638,0.405638,0.0470968410373,-0.3585411589627,0.3585411589627
polar1m,123,17,H,9.9168545,14.01783094,14.53214023,1.0,0.352896,0.352896,0.0404931232333,-0.3124028767667,0.3124028767667
polar1m,123,18,O,11.97171247,12.58949838,14.45333467,-2.0,1.169064,-0.8309359999999999,0.00680004060268,0.8377360406026799,0.8377360406026799
polar1m,123,19,H,11.77539747,11.2878392,10.28907163,1.0,0.391756,0.391756,0.0360729545355,-0.35568304546449997,0.35568304546449997
polar1m,123,20,H,12.23505197,10.79793496,8.91733577,1.0,0.457148,0.457148,0.0900155082345,-0.3671324917655,0.3671324917655
polar1m,123,21,H,11.85195025,9.77305421,11.93203289,1.0,0.431154,0.431154,0.0683788955212,-0.3627751044788,0.3627751044788
polar1m,123,22,O,9.75644632,14.69814138,13.7362807,-2.0,1.168373,-0.8316269999999999,-0.0458204522729,0.7858065477270999,0.7858065477270999
polar1m,123,23,H,8.41624587,12.48058648,14.73082687,1.0,0.409014,0.409014,0.0607053488493,-0.3483086511507,0.3483086511507
polar1m,123,24,O,9.03064445,13.02520104,15.36598034,-2.0,1.294642,-0.7053579999999999,0.00953276455402,0.7148907645540199,0.7148907645540199
polar1m,124,0,O,14.02901023,10.68365972,14.54814815,-2.0,1.383198,-0.6168020000000001,0.0824423581362,0.6992443581362001,0.6992443581362001
polar1m,124,1,O,9.51711059,11.71640061,13.18954117,-2.0,1.242873,-0.7571270000000001,0.00816766917706,0.7652946691770601,0.7652946691770601
polar1m,124,2,H,11.72644333,13.54382715,15.06531936,1.0,0.438927,0.438927,0.101263873279,-0.337663126721,0.337663126721
polar1m,124,3,H,11.46961941,12.56030498,11.58155729,1.0,0.098242,0.098242,0.0829629600048,-0.0152790399952,0.0152790399952
polar1m,124,4,H,10.25232516,10.1550428,12.68518752,1.0,0.421211,0.421211,0.0531502738595,-0.3680607261405,0.3680607261405
polar1m,124,5,H,14.16469194,10.90857703,10.96950819,1.0,0.43732,0.43732,0.0620288923383,-0.3752911076617,0.3752911076617
polar1m,124,6,H,14.13783424,10.87073152,13.55395049,1.0,0.385021,0.385021,0.0650934129953,-0.31992758700470003,0.31992758700470003
polar1m,124,7,O,11.22117062,9.94574887,12.80211315,-2.0,1.357302,-0.642698,0.0633885264397,0.7060865264397,0.7060865264397
polar1m,124,8,H,9.43955464,12.6950456,10.84447867,1.0,0.433675,0.433675,0.141437128186,-0.29223787181399996,0.29223787181399996
polar1m,124,9,O,12.23707175,10.87803924,9.86588398,-2.0,1.249972,-0.7500279999999999,-0.0124676004052,0.7375603995947999,0.7375603995947999
polar1m,124,10,H,12.0,12.0,12.0,1.0,0.056219,0.056219,0.0343711823225,-0.0218478176775,0.0218478176775
polar1m,124,11,O,10.24831558,13.09156844,10.46513886,-2.0,1.606704,-0.3932960000000001,-0.340731263161,0.05256473683900009,0.05256473683900009
polar1m,124,12,H,9.45003488,12.39954266,12.56515967,1.0,0.407617,0.407617,0.0527730211616,-0.3548439788384,0.3548439788384
polar1m,124,13,H,12.30308963,12.54791268,13.61536344,1.0,0.389183,0.389183,0.0567820370197,-0.3324009629803,0.3324009629803
polar1m,124,14,H,13.52817801,12.07322815,11.70507559,1.0,0.402917,0.402917,0.0523165687919,-0.3506004312081,0.3506004312081
polar1m,124,15,O,14.20046855,11.44051031,11.80170333,-2.0,1.284695,-0.7153050000000001,0.00970258563757,0.7250075856375701,0.7250075856375701
polar1m,124,16,H,9.53788954,12.08824422,14.07811428,1.0,0.443236,0.443236,0.0689303278923,-0.37430567210770005,0.37430567210770005
polar1m,124,17,H,13.17984534,10.1709955,14.64233307,1.0,0.387281,0.387281,0.051929704845,-0.335351295155,0.335351295155
polar1m,124,18,O,13.59733106,9.43250561,16.52050561,-2.0,1.185723,-0.8142769999999999,-0.0036638006568,0.8106131993431999,0.8106131993431999
polar1m,124,19,H,12.94819286,9.49132456,15.84791847,1.0,0.393329,0.393329,0.0369924418628,-0.3563365581372,0.3563365581372
polar1m,124,20,O,11.77873949,12.65535838,14.4859896,-2.0,1.35631,-0.6436900000000001,0.0700000375509,0.7136900375509001,0.7136900375509001
polar1m,124,21,H,11.50777594,11.56572084,10.2542611,1.0,0.336114,0.336114,0.029632113874,-0.306481886126,0.306481886126
polar1m,124,22,H,11.72593268,10.88206669,8.97365476,1.0,0.419197,0.419197,0.090161293745,-0.329035706255,0.329035706255
polar1m,124,23,H,13.2233873,8.92360336,17.12075468,1.0,0.468289,0.468289,0.0833502784371,-0.3849387215629,0.3849387215629
polar1m,124,24,H,11.65158974,9.82261246,11.91324616,1.0,0.415448,0.415448,0.0599857866764,-0.3554622133236,0.3554622133236
polar1m,125,0,O,13.9421791,10.69244641,14.59302819,-2.0,1.367997,-0.6320030000000001,0.0700993910432,0.7021023910432,0.7021023910432
polar1m,125,1,O,9.46439263,11.71357128,13.26521078,-2.0,1.305695,-0.694305,0.0156420730054,0.7099470730053999,0.7099470730053999
polar1m,125,2,H,11.77720579,13.665076,14.99175907,1.0,0.404465,0.404465,0.0924298986793,-0.3120351013207,0.3120351013207
polar1m,125,3,H,11.54010675,12.3646475,11.79865102,1.0,0.07669,0.07669,0.0489738620818,-0.027716137918199997,0.027716137918199997
polar1m,125,4,H,10.26204149,9.9636072,12.61703633,1.0,0.428966,0.428966,0.0552280247211,-0.3737379752789,0.3737379752789
polar1m,125,5,H,14.14084297,10.87294597,10.98330911,1.0,0.397591,0.397591,0.0552493855357,-0.3423416144643,0.3423416144643
polar1m,125,6,H,13.93593661,10.78500014,13.60526331,1.0,0.384047,0.384047,0.0643203482032,-0.31972665179680004,0.31972665179680004
polar1m,125,7,O,11.18717016,9.93122836,12.86090147,-2.0,1.275644,-0.724356,0.0288270190358,0.7531830190358,0.7531830190358
polar1m,125,8,H,9.32839316,12.6080178,10.93869592,1.0,0.399312,0.399312,0.144424721599,-0.254887278401,0.254887278401
polar1m,125,9,O,12.13134289,10.8374447,9.92526187,-2.0,1.273659,-0.7263409999999999,-0.0187625288963,0.7075784711036999,0.7075784711036999
polar1m,125,10,H,14.78933882,10.68501289,8.77447017,1.0,0.426001,0.426001,0.0623065233231,-0.3636944766769,0.3636944766769
polar1m,125,11,H,12.0,12.0,12.0,1.0,-0.023082,-0.023082,0.0291421785951,0.05222417859509999,0.05222417859509999
polar1m,125,12,O,10.16839469,13.06825553,10.53290711,-2.0,1.624292,-0.37570799999999993,-0.342845529318,0.032862470681999933,0.032862470681999933
polar1m,125,13,O,14.89539414,11.0243576,9.71336627,-2.0,1.324611,-0.675389,0.0101785287261,0.6855675287261,0.6855675287261
polar1m,125,14,H,9.24665856,12.36917069,12.55003131,1.0,0.391451,0.391451,0.0539382994175,-0.3375127005825,0.3375127005825
polar1m,125,15,H,12.31329899,12.55810941,13.67102122,1.0,0.36789,0.36789,0.0507720708847,-0.3171179291153,0.3171179291153
polar1m,125,16,H,13.29067187,12.08889167,12.06070707,1.0,0.358553,0.358553,0.056747585535,-0.30180541446500003,0.30180541446500003
polar1m,125,17,O,14.11660099,11.45389805,11.85545768,-2.0,1.362063,-0.637937,0.0063998028636,0.6443368028636,0.6443368028636
polar1m,125,18,H,9.60720228,12.0872697,14.14376313,1.0,0.445374,0.445374,0.0644943416119,-0.3808796583881,0.3808796583881
polar1m,125,19,H,13.22658906,10.04920977,14.84637632,1.0,0.394329,0.394329,0.053486071527,-0.34084292847299996,0.34084292847299996
polar1m,125,20,O,13.50213166,9.45272752,16.6254233,-2.0,1.195084,-0.804916,-0.0118625499308,0.7930534500691999,0.7930534500691999
polar1m,125,21,H,12.83852032,9.46518266,16.01777713,1.0,0.414144,0.414144,0.0404092520475,-0.3737347479525,0.3737347479525
polar1m,125,22,O,11.69867958,12.62583117,14.56907549,-2.0,1.421608,-0.578392,0.0485906898975,0.6269826898975001,0.6269826898975001
polar1m,125,23,H,11.45480952,11.68236009,10.23621564,1.0,0.333934,0.333934,0.0366848856211,-0.2972491143789,0.2972491143789
polar1m,125,24,H,11.43099421,10.83200448,9.14633482,1.0,0.395493,0.395493,0.0925883352757,-0.3029046647243,0.3029046647243
polar1m,125,25,H,13.30544374,8.85075919,17.37432906,1.0,0.432551,0.432551,0.0740849524736,-0.3584660475264,0.3584660475264
polar1m,125,26,H,11.51966895,9.77487431,12.00491123,1.0,0.427796,0.427796,0.0525927692652,-0.3752032307348,0.3752032307348
polar1m,125,27,H,15.94467846,10.8574526,10.01834144,1.0,0.393842,0.393842,0.0658596530557,-0.3279823469443,0.3279823469443
polar1m,126,0,O,13.79413138,10.83534776,14.5740598,-2.0,1.25098,-0.74902,0.0352601706982,0.7842801706982,0.7842801706982
polar1m,126,1,O,9.34162551,11.837154,13.27456602,-2.0,1.314562,-0.685438,0.0564026422799,0.7418406422799,0.7418406422799
polar1m,126,2,H,11.77146223,13.68246007,14.74002634,1.0,0.441485,0.441485,0.083142824471,-0.35834217552900005,0.35834217552900005
polar1m,126,3,H,11.35392403,12.43912634,11.88558241,1.0,0.084066,0.084066,0.0580409988761,-0.0260250011239,0.0260250011239
polar1m,126,4,H,10.18445469,9.9235046,12.5270205,1.0,0.440679,0.440679,0.0662445500493,-0.37443444995069997,0.37443444995069997
polar1m,126,5,H,14.00661453,11.07259717,10.99568766,1.0,0.45351,0.45351,0.0792999863625,-0.3742100136375,0.3742100136375
polar1m,126,6,H,13.66273686,10.82678313,13.63455198,1.0,0.391718,0.391718,0.0396558046341,-0.3520621953659,0.3520621953659
polar1m,126,7,O,11.08721683,10.04850576,12.85872795,-2.0,1.347775,-0.652225,0.0619299411774,0.7141549411774001,0.7141549411774001
polar1m,126,8,H,9.31111352,12.75161259,10.89867356,1.0,0.46194,0.46194,0.165699571371,-0.296240428629,0.296240428629
polar1m,126,9,O,11.94228765,10.93702461,9.91700638,-2.0,1.219349,-0.780651,0.00142347812653,0.78207447812653,0.78207447812653
polar1m,126,10,H,12.0,12.0,12.0,1.0,0.0458,0.0458,0.0398904234171,-0.005909576582899999,0.005909576582899999
polar1m,126,11,O,10.01958862,13.16264422,10.54649928,-2.0,1.617534,-0.382466,-0.249264076352,0.13320192364799996,0.13320192364799996
polar1m,126,12,H,9.01608239,12.4675493,12.58219505,1.0,0.400148,0.400148,0.067296475172,-0.332851524828,0.332851524828
polar1m,126,13,H,12.14175124,12.72237367,13.87313597,1.0,0.410835,0.410835,0.0478708744049,-0.3629641255951,0.3629641255951
polar1m,126,14,H,13.17263057,12.11958176,12.26393985,1.0,0.373175,0.373175,0.0582229197025,-0.3149520802975,0.3149520802975
polar1m,126,15,O,13.96290911,11.59889076,11.85431671,-2.0,1.342102,-0.6578980000000001,0.0252207070589,0.6831187070589001,0.6831187070589001
polar1m,126,16,H,9.63310046,12.26592053,14.09400939,1.0,0.442262,0.442262,0.0686340853572,-0.3736279146428,0.3736279146428
polar1m,126,17,H,13.25444468,10.11637274,14.87537461,1.0,0.442562,0.442562,0.0700663477182,-0.37249565228180004,0.37249565228180004
polar1m,126,18,O,11.5609125,12.73797632,14.5860083,-2.0,1.299766,-0.700234,0.030579905957,0.730813905957,0.730813905957
polar1m,126,19,H,11.46066879,11.83344349,10.15402771,1.0,0.363107,0.363107,0.0392298102379,-0.3238771897621,0.3238771897621
polar1m,126,20,H,11.20164286,10.85286389,9.31536939,1.0,0.434384,0.434384,0.0934323519468,-0.3409516480532,0.3409516480532
polar1m,126,21,H,11.39670792,9.82835565,11.96880999,1.0,0.422261,0.422261,0.0617200434208,-0.3605409565792,0.3605409565792
polar1m,127,0,O,13.82588637,10.97157529,14.56766131,-2.0,1.210633,-0.7893669999999999,-0.0348712205887,0.7544957794113,0.7544957794113
polar1m,127,1,O,9.38775478,11.94472283,13.29247748,-2.0,1.248187,-0.7518130000000001,0.0410678237677,0.7928808237677001,0.7928808237677001
polar1m,127,2,H,11.90732342,13.70376108,14.555632,1.0,0.455976,0.455976,0.0811803266406,-0.3747956733594,0.3747956733594
polar1m,127,3,H,11.3460427,12.50722661,11.97019891,1.0,0.076437,0.076437,0.0600009411573,-0.016436058842700003,0.016436058842700003
polar1m,127,4,H,10.24859224,9.91165574,12.52707754,1.0,0.433464,0.433464,0.0716190710664,-0.3618449289336,0.3618449289336
polar1m,127,5,H,13.96988076,11.31249344,11.02512448,1.0,0.465322,0.465322,0.0636443123221,-0.4016776876779,0.4016776876779
polar1m,127,6,H,13.56763287,10.87725231,13.63114852,1.0,0.34648,0.34648,0.0341375470161,-0.3123424529839,0.3123424529839
polar1m,127,7,O,11.15817838,10.15157359,12.86319774,-2.0,1.446394,-0.553606,0.103952199221,0.657558199221,0.657558199221
polar1m,127,8,H,9.31713338,12.81218496,10.94401022,1.0,0.451951,0.451951,0.156859129667,-0.295091870333,0.295091870333
polar1m,127,9,O,11.92041589,11.03169426,9.92056748,-2.0,1.188575,-0.8114250000000001,0.00166447460651,0.81308947460651,0.81308947460651
polar1m,127,10,O,12.82370707,8.91599362,14.26190502,-2.0,1.253628,-0.746372,-0.00662091374397,0.73975108625603,0.73975108625603
polar1m,127,11,H,12.0,12.0,12.0,1.0,0.066755,0.066755,0.0340490788221,-0.03270592117789999,0.03270592117789999
polar1m,127,12,O,10.05911643,13.24480023,10.56929242,-2.0,1.657909,-0.3420909999999999,-0.221177920699,0.12091307930099993,0.12091307930099993
polar1m,127,13,H,8.9938783,12.5568399,12.72338896,1.0,0.419799,0.419799,0.063942246139,-0.35585675386099996,0.35585675386099996
polar1m,127,14,H,12.24329754,12.78111698,13.96337698,1.0,0.404425,0.404425,0.0462328121066,-0.35819218789339996,0.35819218789339996
polar1m,127,15,H,13.36906397,12.07543197,12.3941446,1.0,0.424412,0.424412,0.0536646470428,-0.3707473529572,0.3707473529572
polar1m,127,16,O,13.98357403,11.73199673,11.87481755,-2.0,1.232238,-0.7677620000000001,0.00829717516899,0.77605917516899,0.77605917516899
polar1m,127,17,H,9.82409831,12.46282138,13.99935404,1.0,0.422259,0.422259,0.0553028136492,-0.3669561863508,0.3669561863508
polar1m,127,18,H,13.41687292,10.1666867,14.90683068,1.0,0.409534,0.409534,0.0451771914959,-0.3643568085041,0.3643568085041
polar1m,127,19,O,11.59223082,12.84123645,14.6205901,-2.0,1.22826,-0.7717400000000001,0.00559090822935,0.7773309082293501,0.7773309082293501
polar1m,127,20,H,12.0725301,8.36683342,14.64134502,1.0,0.466548,0.466548,0.0843113139272,-0.38223668607280004,0.38223668607280004
polar1m,127,21,H,11.71492437,11.93026923,10.11032779,1.0,0.409396,0.409396,0.0413813665509,-0.36801463344909996,0.36801463344909996
polar1m,127,22,H,11.14334565,10.78189373,9.43876292,1.0,0.436899,0.436899,0.0755021870136,-0.3613968129864,0.3613968129864
polar1m,127,23,H,11.53003543,9.8611648,11.95066958,1.0,0.406545,0.406545,0.062151581049,-0.344393418951,0.344393418951
polar1m,127,24,H,13.7805428,9.18669216,13.98424394,1.0,0.437975,0.437975,0.0729408115149,-0.3650341884851,0.3650341884851
polar1m,128,0,O,14.04655577,11.03708418,14.57787812,-2.0,1.248125,-0.7518750000000001,-0.0389346927404,0.7129403072596001,0.7129403072596001
polar1m,128,1,O,9.61965937,11.97225011,13.33356617,-2.0,1.289205,-0.7107950000000001,0.045056052506,0.755851052506,0.755851052506
polar1m,128,2,H,12.19252544,13.84789602,14.51482577,1.0,0.395707,0.395707,0.076792858541,-0.318914141459,0.318914141459
polar1m,128,3,H,11.5805053,12.4648391,12.06018172,1.0,0.054295,0.054295,0.0538169071078,-0.0004780928922000008,0.0004780928922000008
polar1m,128,4,H,10.5263221,9.88861661,12.626733,1.0,0.442334,0.442334,0.0677922517061,-0.3745417482939,0.3745417482939
polar1m,128,5,H,14.04349216,11.45415359,11.00003107,1.0,0.437722,0.437722,0.0606710985303,-0.3770509014697,0.3770509014697
polar1m,128,6,H,13.68220106,10.8742849,13.66587881,1.0,0.341439,0.341439,0.0336830802262,-0.3077559197738,0.3077559197738
polar1m,128,7,O,11.41162155,10.17477606,12.87488064,-2.0,1.393983,-0.606017,0.0671779215336,0.6731949215336,0.6731949215336
polar1m,128,8,H,9.45559175,12.79072464,11.03275046,1.0,0.428687,0.428687,0.160837590694,-0.267849409306,0.267849409306
polar1m,128,9,O,12.08769512,11.04839713,9.94278468,-2.0,1.220035,-0.779965,0.0129384621978,0.7929034621978001,0.7929034621978001
polar1m,128,10,O,13.07326584,8.94478044,14.2989535,-2.0,1.250093,-0.7499070000000001,-0.00733836740255,0.7425686325974501,0.7425686325974501
polar1m,128,11,H,12.0,12.0,12.0,1.0,0.031767,0.031767,0.0521377027035,0.020370702703500006,0.020370702703500006
polar1m,128,12,O,10.29319402,13.25338104,10.6115325,-2.0,1.763111,-0.2368889999999999,-0.173147618771,0.06374138122899992,0.06374138122899992
polar1m,128,13,H,9.12721428,12.66211226,12.85377614,1.0,0.403626,0.403626,0.0702754110098,-0.3333505889902,0.3333505889902
polar1m,128,14,H,12.62219091,12.61096088,13.94292364,1.0,0.31961,0.31961,0.0419115126133,-0.2776984873867,0.2776984873867
polar1m,128,15,H,13.59714068,12.04910901,12.6245503,1.0,0.383645,0.383645,0.0481826812029,-0.33546231879710003,0.33546231879710003
polar1m,128,16,O,14.20646354,11.78645214,11.91668801,-2.0,1.261627,-0.738373,-0.00719364732504,0.7311793526749599,0.7311793526749599
polar1m,128,17,H,10.18041655,12.56709124,13.87991484,1.0,0.410275,0.410275,0.0506237521768,-0.3596512478232,0.3596512478232
polar1m,128,18,H,13.7097311,10.17289409,14.98171201,1.0,0.398856,0.398856,0.0469789654016,-0.3518770345984,0.3518770345984
polar1m,128,19,O,11.8058493,12.86769212,14.67581148,-2.0,1.382459,-0.6175409999999999,-3.68729233742e-05,0.6175041270766257,0.6175041270766257
polar1m,128,20,H,12.22764852,8.3741493,14.6697817,1.0,0.451948,0.451948,0.0794610530138,-0.3724869469862,0.3724869469862
polar1m,128,21,H,12.12673832,12.02662675,10.10520697,1.0,0.403482,0.403482,0.0508414059877,-0.3526405940123,0.3526405940123
polar1m,128,22,H,11.24489325,10.62809509,9.54912515,1.0,0.417799,0.417799,0.0815702080727,-0.3362287919273,0.3362287919273
polar1m,128,23,H,11.86520306,9.85862134,12.06870812,1.0,0.421549,0.421549,0.0584791079164,-0.3630698920836,0.3630698920836
polar1m,128,24,H,13.9979305,9.09125477,14.11329657,1.0,0.448623,0.448623,0.0674233287573,-0.3811996712427,0.3811996712427
polar1m,129,0,O,14.19186744,11.20912739,14.60979506,-2.0,1.237891,-0.7621089999999999,-0.00966189056635,0.7524471094336499,0.7524471094336499
polar1m,129,1,O,9.77346159,12.10965898,13.39850768,-2.0,1.281725,-0.718275,0.0518833100796,0.7701583100796,0.7701583100796
polar1m,129,2,H,12.30647436,13.99826648,14.58966851,1.0,0.400938,0.400938,0.0698141604662,-0.33112383953380004,0.33112383953380004
polar1m,129,3,H,11.5886039,12.67838529,12.15652011,1.0,0.086912,0.086912,0.117007270455,0.030095270455000003,0.030095270455000003
polar1m,129,4,H,10.70611155,10.02070058,12.77177966,1.0,0.461356,0.461356,0.0602258145809,-0.4011301854191,0.4011301854191
polar1m,129,5,H,13.99859235,11.69541935,11.01588565,1.0,0.393571,0.393571,0.0568312779069,-0.3367397220931,0.3367397220931
polar1m,129,6,H,13.76307864,10.98005388,13.78494564,1.0,0.367603,0.367603,0.0301258191466,-0.3374771808534,0.3374771808534
polar1m,129,7,O,11.58936301,10.3035857,12.90752449,-2.0,1.292166,-0.7078340000000001,0.044212654233,0.7520466542330001,0.7520466542330001
polar1m,129,8,H,9.69786006,12.98767348,11.06619494,1.0,0.467411,0.467411,0.153833419085,-0.313577580915,0.313577580915
polar1m,129,9,O,12.18149916,11.16924881,9.98816255,-2.0,1.279801,-0.720199,0.0280237942934,0.7482227942934,0.7482227942934
polar1m,129,10,H,12.0,12.0,12.0,1.0,0.144161,0.144161,0.0960861444473,-0.04807485555270001,0.04807485555270001
polar1m,129,11,O,10.44561246,13.36504741,10.68608218,-2.0,1.699474,-0.30052600000000007,-0.141399741173,0.15912625882700007,0.15912625882700007
polar1m,129,12,H,9.19557917,12.86864844,13.02070678,1.0,0.380295,0.380295,0.0778561010957,-0.3024388989043,0.3024388989043
polar1m,129,13,H,12.74576071,12.53365855,14.11817737,1.0,0.316258,0.316258,0.0387651026249,-0.27749289737509997,0.27749289737509997
polar1m,129,14,H,13.72211014,12.15364297,12.7988798,1.0,0.343313,0.343313,0.0436927378178,-0.2996202621822,0.2996202621822
polar1m,129,15,O,14.3587657,11.94805179,11.98574691,-2.0,1.338413,-0.6615869999999999,-0.0127034038305,0.6488835961695,0.6488835961695
polar1m,129,16,H,10.45413586,12.72378054,13.77303065,1.0,0.384246,0.384246,0.0468713566661,-0.3373746433339,0.3373746433339
polar1m,129,17,H,13.89501872,10.39394889,15.06691841,1.0,0.434036,0.434036,0.0572172924876,-0.3768187075124,0.3768187075124
polar1m,129,18,O,11.96180071,13.01077347,14.73904363,-2.0,1.385502,-0.614498,-0.00212880969048,0.61236919030952,0.61236919030952
polar1m,129,19,H,12.37212932,12.1805005,10.08756062,1.0,0.410544,0.410544,0.0567073076963,-0.3538366923037,0.3538366923037
polar1m,129,20,H,11.36395539,10.71313903,9.73541944,1.0,0.457352,0.457352,0.0809937864542,-0.3763582135458,0.3763582135458
polar1m,129,21,H,12.14294559,9.97605797,12.23418698,1.0,0.437032,0.437032,0.0557465031743,-0.38128549682569995,0.38128549682569995
polar1m,130,0,H,12.0,12.0,12.0,1.0,0.426558,0.426558,0.0511667467654,-0.3753912532346,0.3753912532346
polar1m,130,1,O,11.69216462,11.01392729,12.19471064,-2.0,1.441865,-0.558135,0.623990416527,1.182125416527,1.182125416527
polar1m,130,2,H,12.63781539,11.48067152,13.44335317,1.0,0.307314,0.307314,0.012644007802,-0.294669992198,0.294669992198
polar1m,130,3,H,13.9107461,14.24671068,12.75883531,1.0,0.408187,0.408187,0.0150475986302,-0.3931394013698,0.3931394013698
polar1m,130,4,H,15.3708204,11.03927268,12.69293113,1.0,0.371512,0.371512,0.0178311914206,-0.3536808085794,0.3536808085794
polar1m,130,5,O,12.50565121,11.78274056,14.51379909,-2.0,1.226209,-0.7737909999999999,-0.0808373987675,0.6929536012324999,0.6929536012324999
polar1m,130,6,H,8.59512084,13.63379513,9.41617767,1.0,0.352203,0.352203,0.0218012854457,-0.3304017145543,0.3304017145543
polar1m,130,7,H,11.63020478,14.63956893,13.3729428,1.0,0.379313,0.379313,0.00708653777838,-0.37222646222162004,0.37222646222162004
polar1m,130,8,H,13.65142755,10.4630823,12.09873561,1.0,0.267585,0.267585,0.0250590406358,-0.24252595936420002,0.24252595936420002
polar1m,130,9,H,13.59668225,11.17102484,10.39185621,1.0,0.459905,0.459905,0.021386820823,-0.43851817917700003,0.43851817917700003
polar1m,130,10,O,10.74646407,14.97639996,13.25540304,-2.0,1.140847,-0.8591530000000001,-0.0673386454582,0.7918143545418,0.7918143545418
polar1m,130,11,H,13.12562306,15.00357416,14.08386262,1.0,0.313043,0.313043,0.0907218828797,-0.2223211171203,0.2223211171203
polar1m,130,12,O,8.79290922,12.76059956,9.81966881,-2.0,1.029344,-0.970656,-0.529421806335,0.44123419366499994,0.44123419366499994
polar1m,130,13,H,10.82548274,10.88034205,11.86999389,1.0,0.49328,0.49328,0.0505295433104,-0.4427504566896,0.4427504566896
polar1m,130,14,H,9.86317547,13.20468259,10.22130942,1.0,0.34472,0.34472,0.000364415347576,-0.34435558465242405,0.34435558465242405
polar1m,130,15,H,11.94307278,9.71298123,12.02755445,1.0,0.436093,0.436093,0.161095395684,-0.274997604316,0.274997604316
polar1m,130,16,H,11.96128598,12.59785701,14.36384923,1.0,0.370418,0.370418,0.0162038728595,-0.35421412714050005,0.35421412714050005
polar1m,130,17,O,12.99028525,14.06027061,13.06671717,-2.0,1.398172,-0.601828,-0.0243377014995,0.5774902985005,0.5774902985005
polar1m,130,18,H,10.09365452,14.31953863,12.83192127,1.0,0.386018,0.386018,0.0229978151619,-0.36302018483809995,0.36302018483809995
polar1m,130,19,H,14.07067884,12.48736371,10.34703342,1.0,0.386414,0.386414,0.0318970009685,-0.35451699903149997,0.35451699903149997
polar1m,130,20,H,10.88599595,14.1494046,10.80575104,1.0,0.401115,0.401115,0.0158913731575,-0.3852236268425,0.3852236268425
polar1m,130,21,O,14.57151272,10.36065133,12.92194061,-2.0,1.309155,-0.6908449999999999,-0.0744187682867,0.6164262317132999,0.6164262317132999
polar1m,130,22,O,10.97655153,13.27351482,10.61307125,-2.0,1.088069,-0.911931,-0.412537455559,0.49939354444100004,0.49939354444100004
polar1m,130,23,O,13.46174447,11.77851241,10.97467505,-2.0,1.262659,-0.737341,0.0031768605113,0.7405178605113,0.7405178605113
polar1m,131,0,H,12.0,12.0,12.0,1.0,0.449234,0.449234,0.0418695397675,-0.4073644602325,0.4073644602325
polar1m,131,1,O,9.34677691,12.036848,13.33966224,-2.0,1.138357,-0.8616429999999999,-0.10041102767,0.76123197233,0.76123197233
polar1m,131,2,O,11.87200831,11.07038803,12.18075737,-2.0,1.445975,-0.554025,0.704069495201,1.258094495201,1.258094495201
polar1m,131,3,H,12.72357703,11.51255719,13.65554735,1.0,0.39378,0.39378,0.012072507292,-0.38170749270800003,0.38170749270800003
polar1m,131,4,O,14.06530223,10.56307906,8.96398208,-2.0,1.276568,-0.7234320000000001,0.0249834731221,0.7484154731221001,0.7484154731221001
polar1m,131,5,H,14.03620163,14.32316661,12.71847254,1.0,0.398713,0.398713,0.0165187716484,-0.3821942283516,0.3821942283516
polar1m,131,6,H,9.44365231,11.9724374,14.39218415,1.0,0.373621,0.373621,0.019953250885,-0.353667749115,0.353667749115
polar1m,131,7,O,10.2180589,11.64491224,15.44448234,-2.0,1.241648,-0.7583519999999999,-0.0118628069758,0.7464891930241999,0.7464891930241999
polar1m,131,8,H,15.23343671,11.25154154,12.55780011,1.0,0.369226,0.369226,0.0148668028414,-0.3543591971586,0.3543591971586
polar1m,131,9,O,12.6916285,11.8138911,14.50620858,-2.0,1.259882,-0.740118,-0.0397174730897,0.7004005269103001,0.7004005269103001
polar1m,131,10,H,8.51615406,13.58923829,9.4665856,1.0,0.353373,0.353373,0.0148737207055,-0.33849927929449997,0.33849927929449997
polar1m,131,11,H,11.82981086,14.76201199,13.34536317,1.0,0.377103,0.377103,0.00599487498403,-0.37110812501597,0.37110812501597
polar1m,131,12,H,13.89359352,10.55334421,12.28709538,1.0,0.309219,0.309219,0.00978042930365,-0.29943857069635005,0.29943857069635005
polar1m,131,13,H,10.10986961,10.98056261,14.80296311,1.0,0.411199,0.411199,0.0217329151928,-0.38946608480719996,0.38946608480719996
polar1m,131,14,H,13.7555775,11.23677523,10.15823592,1.0,0.360465,0.360465,0.0123365670443,-0.34812843295569995,0.34812843295569995
polar1m,131,15,O,10.92810845,15.03987454,13.31948176,-2.0,1.105264,-0.894736,-0.0750615000725,0.8196744999275,0.8196744999275
polar1m,131,16,H,13.11595764,14.93395733,14.17619289,1.0,0.322074,0.322074,0.0932762175798,-0.22879778242020005,0.22879778242020005
polar1m,131,17,H,8.58817731,12.69123861,13.09507652,1.0,0.386867,0.386867,0.0249667167664,-0.3619002832336,0.3619002832336
polar1m,131,18,O,8.94718813,12.81649447,9.82370611,-2.0,0.951562,-1.048438,-0.795745134354,0.252692865646,0.252692865646
polar1m,131,19,H,10.84537603,10.77119192,11.83960492,1.0,0.460133,0.460133,0.0603942573071,-0.3997387426929,0.3997387426929
polar1m,131,20,H,14.97287822,10.23333891,9.31050357,1.0,0.439855,0.439855,0.0268421061337,-0.4130128938663,0.4130128938663
polar1m,131,21,H,10.14819412,13.34806227,10.2127403,1.0,0.363866,0.363866,0.00365490466356,-0.36021109533644,0.36021109533644
polar1m,131,22,H,11.98310892,9.85807899,12.04598689,1.0,0.481443,0.481443,0.0854837149382,-0.3959592850618,0.3959592850618
polar1m,131,23,H,12.33109537,12.74630247,14.28820144,1.0,0.369258,0.369258,0.0203260481358,-0.34893195186419995,0.34893195186419995
polar1m,131,24,O,13.10003134,14.07856234,13.09560587,-2.0,1.430127,-0.5698730000000001,-0.0175461471081,0.5523268528919001,0.5523268528919001
polar1m,131,25,H,10.35206511,14.3913299,12.97356813,1.0,0.406384,0.406384,0.0188251361251,-0.3875588638749,0.3875588638749
polar1m,131,26,H,14.17434176,12.64819645,10.52692094,1.0,0.377992,0.377992,0.0187471397221,-0.3592448602779,0.3592448602779
polar1m,131,27,H,10.83100416,14.20858325,10.93299642,1.0,0.365521,0.365521,0.0144074447453,-0.3511135552547,0.3511135552547
polar1m,131,28,H,11.27685279,11.83659042,15.19244223,1.0,0.355952,0.355952,0.0242431499064,-0.3317088500936,0.3317088500936
polar1m,131,29,O,14.74163743,10.42537211,12.96094861,-2.0,1.254471,-0.7455290000000001,-0.0572135820985,0.6883154179015001,0.6883154179015001
polar1m,131,30,H,13.44455464,10.63389349,8.08108561,1.0,0.452532,0.452532,0.0362539663911,-0.4162780336089,0.4162780336089
polar1m,131,31,O,11.11746953,13.33397009,10.59326937,-2.0,1.112475,-0.8875249999999999,-0.163094371557,0.7244306284429999,0.7244306284429999
polar1m,131,32,O,13.63022264,11.90719683,10.95547346,-2.0,1.205861,-0.7941389999999999,-0.0658210888505,0.7283179111495,0.7283179111495
polar1m,132,0,H,12.0,12.0,12.0,1.0,0.455821,0.455821,0.0538797751069,-0.40194122489309997,0.40194122489309997
polar1m,132,1,O,9.47866474,12.00196299,13.39350957,-2.0,1.120352,-0.879648,-0.0890189632773,0.7906290367227,0.7906290367227
polar1m,132,2,O,15.87657779,8.50076279,13.97447475,-2.0,1.135308,-0.864692,-0.0910195112228,0.7736724887772,0.7736724887772
polar1m,132,3,H,16.80698027,8.83134305,13.80491501,1.0,0.36584,0.36584,0.014227874577,-0.351612125423,0.351612125423
polar1m,132,4,O,12.0207142,11.02419411,12.25663555,-2.0,1.413063,-0.586937,0.732574105263,1.319511105263,1.319511105263
polar1m,132,5,H,6.89694646,12.81549799,13.69524965,1.0,0.421239,0.421239,0.0210858862847,-0.4001531137153,0.4001531137153
polar1m,132,6,H,12.81976458,11.36901053,13.77515356,1.0,0.379907,0.379907,0.0133935287595,-0.3665134712405,0.3665134712405
polar1m,132,7,O,14.14853467,10.55308717,9.09766075,-2.0,1.326999,-0.673001,0.338830292225,1.011831292225,1.011831292225
polar1m,132,8,H,7.56209974,13.90975377,13.47160748,1.0,0.435972,0.435972,0.0217182971537,-0.41425370284630003,0.41425370284630003
polar1m,132,9,H,14.03031909,14.30655417,12.81500298,1.0,0.435036,0.435036,0.0248304810375,-0.41020551896249996,0.41020551896249996
polar1m,132,10,H,9.50087041,12.24053593,14.39204808,1.0,0.355795,0.355795,0.0160038843751,-0.3397911156249,0.3397911156249
polar1m,132,11,O,10.35046194,11.61892704,15.54679651,-2.0,1.204238,-0.7957620000000001,-0.0405528843403,0.7552091156597001,0.7552091156597001
polar1m,132,12,H,15.02744324,11.27217959,12.58233691,1.0,0.396744,0.396744,0.0243936106563,-0.37235038934369996,0.37235038934369996
polar1m,132,13,O,12.86036903,11.77688336,14.60222346,-2.0,1.24157,-0.7584299999999999,-0.0447227098048,0.7137072901952,0.7137072901952
polar1m,132,14,H,10.51670373,12.28799869,9.16407593,1.0,0.35218,0.35218,0.0162835083902,-0.3358964916098,0.3358964916098
polar1m,132,15,H,8.40159762,13.44798628,9.57780448,1.0,0.336331,0.336331,0.0113355442882,-0.3249954557118,0.3249954557118
polar1m,132,16,H,12.05158789,14.76216258,13.33897088,1.0,0.367288,0.367288,0.0123451352119,-0.3549428647881,0.3549428647881
polar1m,132,17,H,14.22729975,10.55708506,12.63543132,1.0,0.440785,0.440785,0.0199726447463,-0.4208123552537,0.4208123552537
polar1m,132,18,H,10.00934001,10.94735452,14.95565094,1.0,0.400655,0.400655,0.0173389986157,-0.3833160013843,0.3833160013843
polar1m,132,19,H,10.74465619,11.6792611,7.84579935,1.0,0.396412,0.396412,0.0154158044606,-0.3809961955394,0.3809961955394
polar1m,132,20,H,13.85611008,11.25533861,10.02997473,1.0,0.366155,0.366155,0.0450953692198,-0.3210596307802,0.3210596307802
polar1m,132,21,O,7.39415895,13.1764513,12.9457859,-2.0,1.2748,-0.7252000000000001,0.00893452763557,0.7341345276355701,0.7341345276355701
polar1m,132,22,O,11.08231019,15.02818986,13.47409951,-2.0,1.116086,-0.8839140000000001,-0.084283567965,0.7996304320350001,0.7996304320350001
polar1m,132,23,H,13.17442938,14.56614279,14.08595265,1.0,0.421104,0.421104,0.0338463224471,-0.38725767755289997,0.38725767755289997
polar1m,132,24,H,8.79136506,12.69755555,12.95970568,1.0,0.360214,0.360214,0.0212280750275,-0.33898592497249996,0.33898592497249996
polar1m,132,25,O,9.08198166,12.79471971,9.91851352,-2.0,1.02821,-0.9717899999999999,-0.808759629726,0.1630303702739999,0.1630303702739999
polar1m,132,26,H,10.97812195,10.70668663,11.94572233,1.0,0.469316,0.469316,0.0666598305106,-0.40265616948940003,0.40265616948940003
polar1m,132,27,H,15.22139467,10.24743681,9.27342127,1.0,0.421661,0.421661,0.0405370406806,-0.3811239593194,0.3811239593194
polar1m,132,28,H,10.4089431,13.26651171,10.27167191,1.0,0.38362,0.38362,0.00611030310392,-0.37750969689608,0.37750969689608
polar1m,132,29,H,12.03228189,9.9951984,12.16126092,1.0,0.508873,0.508873,0.0469837300479,-0.4618892699521,0.4618892699521
polar1m,132,30,H,12.77273912,12.74600874,14.31759824,1.0,0.358658,0.358658,0.0176472775638,-0.34101072243619995,0.34101072243619995
polar1m,132,31,O,13.20311024,14.02480784,13.22790616,-2.0,1.3394,-0.6606000000000001,0.0181988626719,0.6787988626719,0.6787988626719
polar1m,132,32,H,10.58737448,14.29648389,13.15365012,1.0,0.387351,0.387351,0.0159894861281,-0.3713615138719,0.3713615138719
polar1m,132,33,H,14.22654339,12.70525063,10.85024061,1.0,0.417002,0.417002,0.0142484530807,-0.4027535469193,0.4027535469193
polar1m,132,34,H,10.89409967,14.17726828,11.19617343,1.0,0.338365,0.338365,0.0183126460761,-0.3200523539239,0.3200523539239
polar1m,132,35,H,11.37390544,11.83145758,15.40780664,1.0,0.36906,0.36906,0.0165169797838,-0.3525430202162,0.3525430202162
polar1m,132,36,H,15.49033093,9.13639761,13.20144265,1.0,0.358183,0.358183,0.0103448703885,-0.34783812961149996,0.34783812961149996
polar1m,132,37,O,14.89220399,10.42124076,13.08083853,-2.0,1.211359,-0.7886409999999999,-0.01722355932,0.77141744068,0.77141744068
polar1m,132,38,H,13.65316679,10.44285555,8.3570115,1.0,0.48731,0.48731,0.0294857919216,-0.4578242080784,0.4578242080784
polar1m,132,39,O,11.2434102,13.32065276,10.6668984,-2.0,1.186214,-0.8137859999999999,-0.0910703092813,0.7227156907186999,0.7227156907186999
polar1m,132,40,O,13.7914836,11.95911767,11.02365056,-2.0,1.098883,-0.901117,-0.414077222347,0.48703977765299994,0.48703977765299994
polar1m,132,41,O,11.03334694,11.41897458,8.71956904,-2.0,1.116643,-0.883357,-0.0830404981971,0.8003165018028999,0.8003165018028999
polar1m,133,0,H,12.0,12.0,12.0,1.0,0.428084,0.428084,0.0922610759735,-0.33582292402650005,0.33582292402650005
polar1m,133,1,O,9.57225236,11.94206308,13.53769543,-2.0,1.214329,-0.785671,-0.0263509228826,0.7593200771174,0.7593200771174
polar1m,133,2,O,15.97266987,8.47896827,14.16695896,-2.0,1.059433,-0.9405669999999999,-0.0963050052524,0.8442619947475999,0.8442619947475999
polar1m,133,3,H,16.85869948,8.60021681,13.98534974,1.0,0.410719,0.410719,0.0150548331439,-0.3956641668561,0.3956641668561
polar1m,133,4,O,12.11450566,10.93766255,12.42579385,-2.0,1.36315,-0.6368499999999999,0.671780586243,1.3086305862429999,1.3086305862429999
polar1m,133,5,H,12.88082105,11.12559284,13.84430445,1.0,0.306247,0.306247,0.0178288072348,-0.2884181927652,0.2884181927652
polar1m,133,6,O,14.21125,10.50562379,9.33676908,-2.0,1.359593,-0.640407,0.340062588453,0.9804695884529999,0.9804695884529999
polar1m,133,7,H,14.01653341,14.28076701,12.98895191,1.0,0.440415,0.440415,0.0272317100316,-0.4131832899684,0.4131832899684
polar1m,133,8,H,9.68455588,10.90739688,10.05668588,1.0,0.408777,0.408777,0.0199035815895,-0.3888734184105,0.3888734184105
polar1m,133,9,H,9.50804681,12.48071379,14.35802459,1.0,0.417595,0.417595,0.0197762362659,-0.39781876373409997,0.39781876373409997
polar1m,133,10,H,14.91426958,11.26310516,12.74168059,1.0,0.365858,0.365858,0.0211882703006,-0.3446697296994,0.3446697296994
polar1m,133,11,O,12.99149252,11.7172394,14.7997605,-2.0,1.196118,-0.803882,-0.0776481330395,0.7262338669605,0.7262338669605
polar1m,133,12,H,10.43908933,11.89390279,9.53205727,1.0,0.340796,0.340796,0.018252234906,-0.322543765094,0.322543765094
polar1m,133,13,H,8.32398846,13.20673247,9.78945434,1.0,0.361635,0.361635,0.0140627771616,-0.3475722228384,0.3475722228384
polar1m,133,14,H,12.11032263,14.76277512,13.36570812,1.0,0.372626,0.372626,0.0128672942519,-0.35975870574810004,0.35975870574810004
polar1m,133,15,H,14.0481213,10.48554645,12.81879393,1.0,0.328971,0.328971,0.0267074666917,-0.3022635333083,0.3022635333083
polar1m,133,16,H,10.82299259,11.70438834,8.02105979,1.0,0.363879,0.363879,0.0182027369738,-0.3456762630262,0.3456762630262
polar1m,133,17,H,9.39133247,10.18552081,11.4748351,1.0,0.359159,0.359159,0.01918585971,-0.33997314029000003,0.33997314029000003
polar1m,133,18,H,13.89960246,11.36690635,10.11467649,1.0,0.375365,0.375365,0.0550994426012,-0.3202655573988,0.3202655573988
polar1m,133,19,O,11.193985,14.98393515,13.7155256,-2.0,1.175055,-0.824945,-0.0755404233932,0.7494045766068,0.7494045766068
polar1m,133,20,H,13.27187115,14.19748318,14.21676475,1.0,0.483615,0.483615,0.0327842757106,-0.4508307242894,0.4508307242894
polar1m,133,21,H,8.98519424,12.57440144,12.9938172,1.0,0.396758,0.396758,0.0237429048866,-0.3730150951134,0.3730150951134
polar1m,133,22,O,9.16931333,12.74581362,10.1022356,-2.0,1.071283,-0.928717,-0.768637120724,0.16007987927599998,0.16007987927599998
polar1m,133,23,H,11.1527585,10.74010472,12.17497152,1.0,0.43749,0.43749,0.0509228743613,-0.3865671256387,0.3865671256387
polar1m,133,24,H,15.30118541,10.26794226,9.25718134,1.0,0.413332,0.413332,0.0381771177053,-0.37515488229469995,0.37515488229469995
polar1m,133,25,H,10.48291149,13.08493802,10.35163706,1.0,0.371292,0.371292,0.00859016925097,-0.36270183074903,0.36270183074903
polar1m,133,26,H,12.14098367,10.01558161,12.3422789,1.0,0.509825,0.509825,0.043791346252,-0.466033653748,0.466033653748
polar1m,133,27,O,9.93680241,10.2088594,10.58905576,-2.0,1.209192,-0.790808,-0.0528439804912,0.7379640195088,0.7379640195088
polar1m,133,28,H,13.21112271,12.62990856,14.46259083,1.0,0.352916,0.352916,0.0131871923804,-0.3397288076196,0.3397288076196
polar1m,133,29,O,13.2695307,13.93254628,13.44445034,-2.0,1.262054,-0.737946,0.0146185457706,0.7525645457706,0.7525645457706
polar1m,133,30,H,10.75208054,14.10689498,13.38262866,1.0,0.332534,0.332534,0.0177155733109,-0.3148184266891,0.3148184266891
polar1m,133,31,H,14.3536607,12.9061527,11.19914025,1.0,0.33865,0.33865,0.0165488794446,-0.3221011205554,0.3221011205554
polar1m,133,32,H,11.07694189,13.97207035,11.49529972,1.0,0.369697,0.369697,0.0180741995573,-0.3516228004427,0.3516228004427
polar1m,133,33,H,15.69587466,9.24681085,13.59031852,1.0,0.385809,0.385809,0.0106305480003,-0.3751784519997,0.3751784519997
polar1m,133,34,O,15.02233884,10.39395575,13.30137762,-2.0,1.336462,-0.663538,-0.0275467559695,0.6359912440305,0.6359912440305
polar1m,133,35,H,13.74654929,10.20807396,8.56798166,1.0,0.465282,0.465282,0.0303824953735,-0.43489950462649996,0.43489950462649996
polar1m,133,36,O,11.33955174,13.28930269,10.84593455,-2.0,1.22308,-0.77692,-0.0989849120378,0.6779350879622,0.6779350879622
polar1m,133,37,O,13.91161101,11.96308267,11.18240216,-2.0,1.183851,-0.816149,-0.40860286355,0.40754613645000004,0.40754613645000004
polar1m,133,38,O,11.09615312,11.3064633,8.93420186,-2.0,1.209072,-0.7909280000000001,-0.0761715695262,0.7147564304738001,0.7147564304738001
polar1m,134,0,H,12.0,12.0,12.0,1.0,0.37609,0.37609,0.180167198181,-0.195922801819,0.195922801819
polar1m,134,1,O,9.61353102,11.91647021,13.74683763,-2.0,1.200297,-0.799703,-0.0273829326034,0.7723200673966001,0.7723200673966001
polar1m,134,2,O,16.01292601,8.48314313,14.42825815,-2.0,1.100115,-0.899885,-0.0760713517666,0.8238136482334001,0.8238136482334001
polar1m,134,3,H,16.98834946,8.38439028,14.24161532,1.0,0.375363,0.375363,0.016727514565,-0.358635485435,0.358635485435
polar1m,134,4,O,12.14167288,10.88775406,12.66216277,-2.0,1.385072,-0.6149279999999999,0.547965347767,1.162893347767,1.162893347767
polar1m,134,5,H,12.89754954,11.07060425,14.21192983,1.0,0.332861,0.332861,0.0135801285505,-0.3192808714495,0.3192808714495
polar1m,134,6,O,14.23303024,10.47801335,9.64363413,-2.0,1.338379,-0.661621,0.025283716619,0.686904716619,0.686904716619
polar1m,134,7,H,14.03473193,14.32600095,13.20071983,1.0,0.382273,0.382273,0.0210252776742,-0.3612477223258,0.3612477223258
polar1m,134,8,H,9.66188383,10.91357625,10.27314626,1.0,0.386408,0.386408,0.0336386449635,-0.3527693550365,0.3527693550365
polar1m,134,9,H,9.47365694,12.6827898,14.37852651,1.0,0.407508,0.407508,0.0212447829545,-0.3862632170455,0.3862632170455
polar1m,134,10,H,14.90051478,11.25908555,13.00732225,1.0,0.356745,0.356745,0.014766190201,-0.34197880979899997,0.34197880979899997
polar1m,134,11,O,13.06704356,11.67892951,15.05382564,-2.0,1.185345,-0.8146549999999999,-0.0702750906348,0.7443799093651999,0.7443799093651999
polar1m,134,12,H,10.42076346,11.45678785,9.83158604,1.0,0.371586,0.371586,0.0321371592581,-0.3394488407419,0.3394488407419
polar1m,134,13,H,8.3026048,12.94691221,10.0815433,1.0,0.39808,0.39808,0.0147870369256,-0.3832929630744,0.3832929630744
polar1m,134,14,H,12.04141119,14.84024,13.46151516,1.0,0.376937,0.376937,0.0144671648741,-0.36246983512590003,0.36246983512590003
polar1m,134,15,H,13.87869418,10.32779024,13.10508436,1.0,0.267489,0.267489,0.0687693655491,-0.19871963445089996,0.19871963445089996
polar1m,134,16,H,10.91158277,11.71392166,8.36258016,1.0,0.388203,0.388203,0.0194016788155,-0.36880132118450004,0.36880132118450004
polar1m,134,17,H,9.35418448,10.23073204,11.44697093,1.0,0.4274,0.4274,0.0174623224884,-0.4099376775116,0.4099376775116
polar1m,134,18,H,13.91107228,11.61161385,10.39736711,1.0,0.380448,0.380448,0.025544911623,-0.354903088377,0.354903088377
polar1m,134,19,O,11.23864461,14.95493835,14.01057402,-2.0,1.186743,-0.8132569999999999,-0.0618175826967,0.7514394173032999,0.7514394173032999
polar1m,134,20,H,13.36028999,14.11505039,14.92374212,1.0,0.368768,0.368768,0.0589569211006,-0.30981107889939996,0.30981107889939996
polar1m,134,21,H,9.10423932,12.4195301,13.12760678,1.0,0.418159,0.418159,0.0213373824954,-0.3968216175046,0.3968216175046
polar1m,134,22,O,9.19121198,12.72685148,10.35117373,-2.0,1.045684,-0.9543159999999999,-0.687517046928,0.26679895307199997,0.26679895307199997
polar1m,134,23,H,11.21804296,10.87207648,12.49921576,1.0,0.435917,0.435917,0.0372259765863,-0.3986910234137,0.3986910234137
polar1m,134,24,H,15.18277613,10.36024917,9.3556506,1.0,0.419596,0.419596,0.0224128030241,-0.39718319697590004,0.39718319697590004
polar1m,134,25,H,10.45454859,12.97583444,10.53029829,1.0,0.367505,0.367505,0.0226172730327,-0.3448877269673,0.3448877269673
polar1m,134,26,H,12.29322432,9.85329484,12.54665551,1.0,0.452834,0.452834,0.0422288700938,-0.4106051299062,0.4106051299062
polar1m,134,27,O,10.00287585,10.19349531,10.84124606,-2.0,1.154272,-0.845728,-0.0559326410294,0.7897953589706,0.7897953589706
polar1m,134,28,H,13.58277189,12.45477608,14.68243751,1.0,0.349391,0.349391,0.0114445127547,-0.3379464872453,0.3379464872453
polar1m,134,29,O,13.27860802,13.84988887,13.69587333,-2.0,1.406386,-0.5936140000000001,-0.00978723168373,0.5838267683162701,0.5838267683162701
polar1m,134,30,H,10.89555635,14.05348227,13.71539033,1.0,0.344495,0.344495,0.0169278532267,-0.3275671467733,0.3275671467733
polar1m,134,31,H,14.38268874,12.99922488,11.56502815,1.0,0.329062,0.329062,0.0181286577135,-0.31093334228650005,0.31093334228650005
polar1m,134,32,H,11.24963618,13.78417876,11.8476824,1.0,0.394033,0.394033,0.0164852086455,-0.3775477913545,0.3775477913545
polar1m,134,33,H,15.87620739,9.33403848,14.11708817,1.0,0.41233,0.41233,0.00948810204864,-0.40284189795136,0.40284189795136
polar1m,134,34,O,15.07864682,10.41076406,13.57772174,-2.0,1.392101,-0.607899,-0.0718699842691,0.5360290157309,0.5360290157309
polar1m,134,35,H,13.73080678,10.02890869,8.78101064,1.0,0.39729,0.39729,0.0290068462491,-0.3682831537509,0.3682831537509
polar1m,134,36,O,11.38583085,13.28555547,11.0974578,-2.0,1.257759,-0.7422409999999999,-0.165705770254,0.5765352297459999,0.5765352297459999
polar1m,134,37,O,13.97932187,11.99907462,11.40737646,-2.0,1.246893,-0.753107,-0.0779255703092,0.6751814296908,0.6751814296908
polar1m,134,38,O,11.09823187,11.23019406,9.21434643,-2.0,1.184179,-0.8158209999999999,-0.0689437240362,0.7468772759637999,0.7468772759637999
polar1m,135,0,H,12.0,12.0,12.0,1.0,0.351664,0.351664,0.224975645542,-0.12668835445799997,0.12668835445799997
polar1m,135,1,O,13.46202247,12.89077904,8.955327,-2.0,1.206566,-0.793434,-0.0482729785144,0.7451610214855999,0.7451610214855999
polar1m,135,2,O,12.0923104,10.90592762,12.90741174,-2.0,1.427488,-0.5725119999999999,0.407003432512,0.9795154325119999,0.9795154325119999
polar1m,135,3,H,12.8377164,11.17770213,14.70004159,1.0,0.43544,0.43544,0.0106431432068,-0.4247968567932,0.4247968567932
polar1m,135,4,H,14.13619443,13.29360737,9.48622957,1.0,0.407131,0.407131,0.0162672288716,-0.39086377112840004,0.39086377112840004
polar1m,135,5,H,13.93936015,14.41740675,13.4882283,1.0,0.36916,0.36916,0.0160545930266,-0.3531054069734,0.3531054069734
polar1m,135,6,H,9.46203546,10.95952446,10.56695643,1.0,0.375532,0.375532,0.0415726453066,-0.3339593546934,0.3339593546934
polar1m,135,7,O,13.06769248,11.70195134,15.31904021,-2.0,1.11393,-0.8860699999999999,-0.0562755614519,0.8297944385480999,0.8297944385480999
polar1m,135,8,H,10.38760299,11.1997414,10.09982331,1.0,0.404433,0.404433,0.0290095731616,-0.37542342683839997,0.37542342683839997
polar1m,135,9,H,8.21373817,12.78418474,10.36877443,1.0,0.397633,0.397633,0.0133141353726,-0.3843188646274,0.3843188646274
polar1m,135,10,H,10.9344502,11.77125762,8.76037914,1.0,0.415663,0.415663,0.0217287018895,-0.3939342981105,0.3939342981105
polar1m,135,11,H,9.08269732,10.32922355,11.60131035,1.0,0.371838,0.371838,0.0197744108737,-0.3520635891263,0.3520635891263
polar1m,135,12,H,13.87942794,11.98990771,10.7921594,1.0,0.435621,0.435621,0.0189702492207,-0.41665075077929997,0.41665075077929997
polar1m,135,13,H,13.38844393,14.09607309,15.33056116,1.0,0.30999,0.30999,0.0692213177681,-0.24076868223189998,0.24076868223189998
polar1m,135,14,O,9.13481554,12.76841523,10.61470621,-2.0,1.03114,-0.96886,-0.67872273922,0.29013726078,0.29013726078
polar1m,135,15,H,11.08050747,11.0429421,12.87688869,1.0,0.410865,0.410865,0.0302500333637,-0.38061496663629996,0.38061496663629996
polar1m,135,16,H,10.39188733,13.0270254,10.83241428,1.0,0.372411,0.372411,0.0298970788717,-0.3425139211283,0.3425139211283
polar1m,135,17,H,12.35371228,9.79531275,12.74673438,1.0,0.417271,0.417271,0.0377460941672,-0.3795249058328,0.3795249058328
polar1m,135,18,O,9.99569984,10.23825187,11.10553377,-2.0,1.22415,-0.7758499999999999,-0.0517622604966,0.7240877395033999,0.7240877395033999
polar1m,135,19,H,13.82531562,12.28642147,14.91399437,1.0,0.360268,0.360268,0.0128645189106,-0.3474034810894,0.3474034810894
polar1m,135,20,O,13.21831758,13.83409697,13.97181748,-2.0,1.38792,-0.61208,-0.0437691286206,0.5683108713794,0.5683108713794
polar1m,135,21,H,14.25730367,12.95039532,11.87410157,1.0,0.418291,0.418291,0.0155068077147,-0.40278419228530005,0.40278419228530005
polar1m,135,22,H,12.43545602,12.76450067,9.37198344,1.0,0.357525,0.357525,0.0212156306952,-0.3363093693048,0.3363093693048
polar1m,135,23,H,11.31670513,13.75048355,12.28758456,1.0,0.391005,0.391005,0.0164365861565,-0.3745684138435,0.3745684138435
polar1m,135,24,O,11.35808434,13.33417039,11.35678941,-2.0,1.30473,-0.69527,-0.0684959366918,0.6267740633082001,0.6267740633082001
polar1m,135,25,O,13.97534033,12.11074698,11.64935721,-2.0,1.154028,-0.845972,-0.0280648395419,0.8179071604581,0.8179071604581
polar1m,135,26,O,11.03426736,11.22038284,9.50037923,-2.0,1.148308,-0.8516919999999999,-0.0770883858204,0.7746036141795999,0.7746036141795999
polar1m,136,0,H,12.0,12.0,12.0,1.0,0.355335,0.355335,0.287270784378,-0.06806421562199999,0.06806421562199999
polar1m,136,1,H,15.01439991,14.65544394,10.18980899,1.0,0.463196,0.463196,0.0182527452707,-0.4449432547293,0.4449432547293
polar1m,136,2,O,13.32489806,12.9652958,9.1868777,-2.0,1.239516,-0.7604839999999999,-0.0630507618189,0.6974332381810999,0.6974332381810999
polar1m,136,3,O,11.97250221,10.9331459,13.14503982,-2.0,1.363256,-0.636744,0.247470229864,0.884214229864,0.884214229864
polar1m,136,4,H,14.05048579,13.21768302,9.79093715,1.0,0.348027,0.348027,0.0186221115291,-0.3294048884709,0.3294048884709
polar1m,136,5,H,9.19765719,10.9967052,10.92005805,1.0,0.366466,0.366466,0.0504546537995,-0.31601134620050003,0.31601134620050003
polar1m,136,6,H,15.21727609,13.64697381,9.01882651,1.0,0.397513,0.397513,0.0270914975554,-0.3704215024446,0.3704215024446
polar1m,136,7,H,10.25118989,11.06798131,10.42953495,1.0,0.400151,0.400151,0.0223483815789,-0.37780261842109997,0.37780261842109997
polar1m,136,8,O,15.61787841,14.17651772,9.8638991,-2.0,1.176324,-0.8236760000000001,-0.0346451401711,0.7890308598289001,0.7890308598289001
polar1m,136,9,H,8.05493041,12.70043793,10.63663268,1.0,0.366705,0.366705,0.0139116533101,-0.3527933466899,0.3527933466899
polar1m,136,10,H,10.83309995,11.87793434,9.08129369,1.0,0.400556,0.400556,0.0210399758071,-0.37951602419290004,0.37951602419290004
polar1m,136,11,H,8.79515383,10.39158016,11.87106365,1.0,0.332296,0.332296,0.0470249727368,-0.28527102726319997,0.28527102726319997
polar1m,136,12,H,13.76171515,12.34831893,10.93957843,1.0,0.383133,0.383133,0.0204979591072,-0.3626350408928,0.3626350408928
polar1m,136,13,O,9.00838163,12.81642036,10.87760054,-2.0,1.023848,-0.9761519999999999,-0.787892520428,0.18825947957199995,0.18825947957199995
polar1m,136,14,H,10.93965369,11.14872085,13.29965671,1.0,0.403848,0.403848,0.0276228040457,-0.3762251959543,0.3762251959543
polar1m,136,15,H,10.34380902,13.16326013,11.24563595,1.0,0.394195,0.394195,0.0205650404096,-0.3736299595904,0.3736299595904
polar1m,136,16,H,12.24186412,9.94970339,12.95798197,1.0,0.440733,0.440733,0.0262433867902,-0.4144896132098,0.4144896132098
polar1m,136,17,O,9.90155832,10.29532221,11.37362693,-2.0,1.290238,-0.709762,-0.0313488915563,0.6784131084437,0.6784131084437
polar1m,136,18,H,14.10053273,13.07232626,12.21502821,1.0,0.430511,0.430511,0.0176642686129,-0.4128467313871,0.4128467313871
polar1m,136,19,H,12.2845616,12.67198182,9.75444552,1.0,0.330952,0.330952,0.0327902510762,-0.29816174892380004,0.29816174892380004
polar1m,136,20,H,11.30378214,13.70089736,12.60566155,1.0,0.39599,0.39599,0.019894015044,-0.376095984956,0.376095984956
polar1m,136,21,O,11.26333376,13.38856955,11.61902039,-2.0,1.324063,-0.675937,0.147621825337,0.823558825337,0.823558825337
polar1m,136,22,O,13.90445494,12.22881294,11.90693073,-2.0,1.222832,-0.7771680000000001,-0.0162184759974,0.7609495240026001,0.7609495240026001
polar1m,136,23,O,10.92733405,11.22253174,9.77322719,-2.0,1.150313,-0.8496870000000001,-0.133230730891,0.7164562691090001,0.7164562691090001
polar1m,137,0,H,12.0,12.0,12.0,1.0,0.366514,0.366514,0.372149467468,0.005635467467999977,0.005635467467999977
polar1m,137,1,H,12.82002215,15.67850388,10.46040822,1.0,0.350528,0.350528,0.0164584107697,-0.3340695892303,0.3340695892303
polar1m,137,2,H,14.71366167,14.87651058,10.55932904,1.0,0.353572,0.353572,0.0233933106065,-0.3301786893935,0.3301786893935
polar1m,137,3,O,13.14583298,13.01785036,9.40877755,-2.0,1.28541,-0.7145900000000001,-0.0449244529009,0.6696655470991001,0.6696655470991001
polar1m,137,4,H,12.43462084,15.52316126,7.4122566,1.0,0.455604,0.455604,0.0331675596535,-0.4224364403465,0.4224364403465
polar1m,137,5,O,11.81745606,10.94625987,13.3656876,-2.0,1.259536,-0.740464,0.12587967515,0.86634367515,0.86634367515
polar1m,137,6,H,12.99937751,15.46772209,8.93618554,1.0,0.345221,0.345221,0.04470724985,-0.30051375015,0.30051375015
polar1m,137,7,H,13.8691086,13.13769942,10.0731696,1.0,0.344448,0.344448,0.0309529155493,-0.31349508445069996,0.31349508445069996
polar1m,137,8,O,13.89686766,10.54923374,10.52699169,-2.0,1.232229,-0.767771,-0.0312436148524,0.7365273851476,0.7365273851476
polar1m,137,9,H,8.99972949,11.03881454,11.27984003,1.0,0.391992,0.391992,0.0445387735963,-0.3474532264037,0.3474532264037
polar1m,137,10,H,14.95726049,13.79180924,9.4085112,1.0,0.385779,0.385779,0.0214396119118,-0.3643393880882,0.3643393880882
polar1m,137,11,O,11.8228388,15.28167695,8.0820082,-2.0,1.268275,-0.731725,0.033197812736,0.7649228127359999,0.7649228127359999
polar1m,137,12,H,10.15924466,11.01274624,10.69700049,1.0,0.395557,0.395557,0.00587618350983,-0.38968081649017,0.38968081649017
polar1m,137,13,O,15.47402977,14.19227668,10.08024635,-2.0,1.170375,-0.8296250000000001,-0.112031921744,0.717593078256,0.717593078256
polar1m,137,14,H,10.63582703,11.92896584,9.37313682,1.0,0.390517,0.390517,0.0212962049991,-0.3692207950009,0.3692207950009
polar1m,137,15,H,8.63089955,10.40254546,12.22576361,1.0,0.369872,0.369872,0.0763330608606,-0.2935389391394,0.2935389391394
polar1m,137,16,H,13.62011399,12.61961643,11.1048899,1.0,0.334148,0.334148,0.0370690487325,-0.2970789512675,0.2970789512675
polar1m,137,17,H,10.91914484,11.14907821,13.70392885,1.0,0.425727,0.425727,0.0215208157897,-0.4042061842103,0.4042061842103
polar1m,137,18,H,14.70857733,10.91098478,9.98138739,1.0,0.390522,0.390522,0.0279324930161,-0.36258950698389997,0.36258950698389997
polar1m,137,19,H,10.26899,13.29666563,11.68535904,1.0,0.453352,0.453352,0.0230491161346,-0.4303028838654,0.4303028838654
polar1m,137,20,H,12.02135355,10.15488058,13.14722661,1.0,0.501021,0.501021,0.0270805675536,-0.47394043244640005,0.47394043244640005
polar1m,137,21,O,9.74707507,10.33180051,11.63746689,-2.0,1.389743,-0.610257,0.0365307852626,0.6467877852626001,0.6467877852626001
polar1m,137,22,H,11.42544038,14.42606788,7.85900468,1.0,0.435919,0.435919,0.0238549932837,-0.4120640067163,0.4120640067163
polar1m,137,23,H,13.94681946,13.322716,12.59334283,1.0,0.365336,0.365336,0.0264927968383,-0.33884320316169997,0.33884320316169997
polar1m,137,24,O,13.68099656,15.60173113,9.90235628,-2.0,1.292395,-0.707605,-0.0487932562828,0.6588117437172001,0.6588117437172001
polar1m,137,25,H,12.36835839,12.61863738,10.05145902,1.0,0.321171,0.321171,0.0120821520686,-0.3090888479314,0.3090888479314
polar1m,137,26,H,11.24547071,13.59571062,12.76873319,1.0,0.463675,0.463675,0.0278038624674,-0.4358711375326,0.4358711375326
polar1m,137,27,H,13.32345203,10.07536813,9.83625581,1.0,0.394583,0.394583,0.0207972340286,-0.3737857659714,0.3737857659714
polar1m,137,28,O,11.1469153,13.42151075,11.87264345,-2.0,1.275184,-0.7248159999999999,0.18953384459,0.9143498445899999,0.9143498445899999
polar1m,137,29,O,13.80319375,12.32402113,12.14666906,-2.0,1.422114,-0.5778859999999999,0.0480726659298,0.6259586659297999,0.6259586659297999
polar1m,137,30,O,10.81012421,11.21133944,10.01935087,-2.0,1.169683,-0.830317,-0.134217351675,0.6960996483249999,0.6960996483249999
polar1m,138,0,H,12.0,12.0,12.0,1.0,0.380033,0.380033,0.425055623055,0.04502262305499999,0.04502262305499999
polar1m,138,1,H,12.5894295,15.57275093,10.72413549,1.0,0.343209,0.343209,0.0294341575354,-0.31377484246459997,0.31377484246459997
polar1m,138,2,H,14.45959789,15.01625076,10.78042201,1.0,0.332932,0.332932,0.049475312233,-0.283456687767,0.283456687767
polar1m,138,3,O,12.96169055,13.05491713,9.58995002,-2.0,1.193708,-0.806292,-0.0445959940553,0.7616960059447,0.7616960059447
polar1m,138,4,O,11.66142928,10.97246575,13.54073888,-2.0,1.263332,-0.7366680000000001,0.0539670139551,0.7906350139551,0.7906350139551
polar1m,138,5,H,13.00273876,15.49109432,9.21648505,1.0,0.410208,0.410208,0.0445087589324,-0.3656992410676,0.3656992410676
polar1m,138,6,H,13.66499372,13.07617177,10.22323377,1.0,0.36081,0.36081,0.0262394472957,-0.33457055270430003,0.33457055270430003
polar1m,138,7,O,13.75612097,10.55413798,10.75071231,-2.0,1.210593,-0.789407,-0.0295413136482,0.7598656863518,0.7598656863518
polar1m,138,8,H,8.94233746,11.10347287,11.59076867,1.0,0.40208,0.40208,0.0306027643383,-0.3714772356617,0.3714772356617
polar1m,138,9,H,14.69039906,13.95536412,9.6513908,1.0,0.380612,0.380612,0.0191305987537,-0.3614814012463,0.3614814012463
polar1m,138,10,H,10.12592873,11.02268612,10.87732492,1.0,0.406291,0.406291,0.00885525345802,-0.39743574654198,0.39743574654198
polar1m,138,11,O,15.33369097,14.19414484,10.25830686,-2.0,1.146081,-0.8539190000000001,-0.453292131424,0.4006268685760001,0.4006268685760001
polar1m,138,12,H,10.40295457,11.89689199,9.65353156,1.0,0.419169,0.419169,0.0216263122857,-0.3975426877143,0.3975426877143
polar1m,138,13,H,8.61970348,10.38163335,12.59235699,1.0,0.371954,0.371954,0.0459385663271,-0.3260154336729,0.3260154336729
polar1m,138,14,H,13.52878209,12.77227179,11.50323769,1.0,0.378668,0.378668,0.0276123806834,-0.3510556193166,0.3510556193166
polar1m,138,15,H,10.9001867,11.08780044,14.05046067,1.0,0.442141,0.442141,0.0207188352942,-0.4214221647058,0.4214221647058
polar1m,138,16,H,14.4199353,10.98326564,10.27600789,1.0,0.436795,0.436795,0.0254426561296,-0.4113523438704,0.4113523438704
polar1m,138,17,H,10.02466473,13.37301904,12.018761,1.0,0.41808,0.41808,0.0272676236928,-0.3908123763072,0.3908123763072
polar1m,138,18,H,11.82802102,10.02699861,13.19430553,1.0,0.44062,0.44062,0.0311727244407,-0.4094472755593,0.4094472755593
polar1m,138,19,O,9.56155678,10.35218155,11.86593249,-2.0,1.339226,-0.660774,0.0168680250645,0.6776420250645,0.6776420250645
polar1m,138,20,H,13.7614353,13.36512633,12.84136099,1.0,0.393092,0.393092,0.0279956720769,-0.3650963279231,0.3650963279231
polar1m,138,21,O,13.58672488,15.65656287,10.15731661,-2.0,1.434787,-0.565213,0.343755453825,0.908968453825,0.908968453825
polar1m,138,22,H,12.5373439,12.58007289,10.20145443,1.0,0.393318,0.393318,0.0118020810187,-0.3815159189813,0.3815159189813
polar1m,138,23,H,11.21495519,13.50036607,13.00095247,1.0,0.443306,0.443306,0.0255031771958,-0.4178028228042,0.4178028228042
polar1m,138,24,H,13.09470155,10.07613524,10.03717753,1.0,0.383397,0.383397,0.0254748426378,-0.3579221573622,0.3579221573622
polar1m,138,25,O,11.04649366,13.43844033,12.0717629,-2.0,1.316007,-0.6839930000000001,0.149203658104,0.833196658104,0.833196658104
polar1m,138,26,O,13.70195063,12.42503673,12.32980527,-2.0,1.397751,-0.602249,0.117412135005,0.7196611350050001,0.7196611350050001
polar1m,138,27,O,10.7109849,11.19494976,10.20286841,-2.0,1.1618,-0.8382000000000001,-0.0776336342096,0.7605663657904,0.7605663657904
polar1m,139,0,H,12.0,12.0,12.0,1.0,0.38448,0.38448,0.448318243027,0.06383824302700003,0.06383824302700003
polar1m,139,1,H,12.59258514,15.45299984,10.83046804,1.0,0.404478,0.404478,0.0328536108136,-0.3716243891864,0.3716243891864
polar1m,139,2,H,14.29054922,15.04742417,10.79071283,1.0,0.355667,0.355667,0.0327019616961,-0.3229650383039,0.3229650383039
polar1m,139,3,O,12.80832642,13.05751189,9.67563381,-2.0,1.233047,-0.766953,-0.0470930784941,0.7198599215059,0.7198599215059
polar1m,139,4,O,11.54162784,10.9576431,13.61675482,-2.0,1.298322,-0.701678,0.0127655789256,0.7144435789256001,0.7144435789256001
polar1m,139,5,H,13.11769751,15.45808673,9.49800904,1.0,0.469599,0.469599,0.0418163016438,-0.4277826983562,0.4277826983562
polar1m,139,6,H,13.59708317,13.03926261,10.23369284,1.0,0.355909,0.355909,0.0239835530519,-0.3319254469481,0.3319254469481
polar1m,139,7,O,13.62672531,10.51035688,10.87785033,-2.0,1.179953,-0.820047,-0.0241443216801,0.7959026783198999,0.7959026783198999
polar1m,139,8,H,8.98368071,11.20158173,11.77529458,1.0,0.398769,0.398769,0.0271747857332,-0.3715942142668,0.3715942142668
polar1m,139,9,H,14.43973533,14.07656194,9.66519655,1.0,0.3054,0.3054,0.0215023979545,-0.2838976020455,0.2838976020455
polar1m,139,10,H,10.09884633,11.01174067,11.04271338,1.0,0.39202,0.39202,0.0123079009354,-0.37971209906459996,0.37971209906459996
polar1m,139,11,O,15.22047983,14.15784986,10.35953695,-2.0,1.15729,-0.8427100000000001,-0.664898633957,0.17781136604300007,0.17781136604300007
polar1m,139,12,H,10.17993347,11.85360084,9.82230734,1.0,0.408254,0.408254,0.0220179446042,-0.3862360553958,0.3862360553958
polar1m,139,13,H,8.7880662,10.29694673,12.83604921,1.0,0.417999,0.417999,0.0298090036958,-0.38818999630420004,0.38818999630420004
polar1m,139,14,H,13.45139364,12.94807067,11.6808598,1.0,0.38974,0.38974,0.0256747379899,-0.3640652620101,0.3640652620101
polar1m,139,15,H,10.79532338,10.96856015,14.325992,1.0,0.401445,0.401445,0.0231106355786,-0.3783343644214,0.3783343644214
polar1m,139,16,H,14.24184728,11.03625991,10.40639254,1.0,0.432562,0.432562,0.0264398772269,-0.4061221227731,0.4061221227731
polar1m,139,17,H,9.8654235,13.37355294,12.21272892,1.0,0.393023,0.393023,0.0306356288493,-0.3623873711507,0.3623873711507
polar1m,139,18,H,11.61741391,9.95603901,13.19590399,1.0,0.41034,0.41034,0.0317114368081,-0.37862856319189997,0.37862856319189997
polar1m,139,19,O,9.37583528,10.32823847,12.01863401,-2.0,1.283327,-0.7166729999999999,0.0076639726758,0.7243369726757999,0.7243369726757999
polar1m,139,20,H,13.58731117,13.21715999,12.96743903,1.0,0.458139,0.458139,0.0254298541695,-0.4327091458305,0.4327091458305
polar1m,139,21,O,13.49043015,15.67322042,10.32405729,-2.0,1.378831,-0.6211690000000001,0.576768994331,1.1979379943310002,1.1979379943310002
polar1m,139,22,H,12.5019437,12.34120142,10.33852004,1.0,0.3366,0.3366,0.016823079437,-0.319776920563,0.319776920563
polar1m,139,23,H,11.23844151,13.37797153,13.2058527,1.0,0.401222,0.401222,0.0274571366608,-0.3737648633392,0.3737648633392
polar1m,139,24,H,13.03608618,10.158165,10.25990327,1.0,0.4387,0.4387,0.0223521962762,-0.4163478037238,0.4163478037238
polar1m,139,25,O,10.9715526,13.41119301,12.17611942,-2.0,1.379641,-0.6203590000000001,0.12956520915,0.7499242091500001,0.7499242091500001
polar1m,139,26,O,13.62643163,12.49249763,12.43584158,-2.0,1.329497,-0.6705030000000001,0.140903145075,0.8114061450750001,0.8114061450750001
polar1m,139,27,O,10.65554692,11.14276544,10.28247213,-2.0,1.205749,-0.794251,-0.0536510944366,0.7405999055634,0.7405999055634
polar1m,140,0,H,12.99668529,7.77847522,9.1832732,1.0,0.387618,0.387618,0.0168777145445,-0.37074028545550003,0.37074028545550003
polar1m,140,1,H,12.51370525,14.80119402,12.2355016,1.0,0.429649,0.429649,0.0194335952401,-0.4102154047599,0.4102154047599
polar1m,140,2,O,14.8656014,12.8434,10.36370365,-2.0,1.314348,-0.6856519999999999,-0.0287066549063,0.6569453450937,0.6569453450937
polar1m,140,3,H,12.20934644,10.04107563,14.00637586,1.0,0.402874,0.402874,0.0134189873934,-0.3894550126066,0.3894550126066
polar1m,140,4,H,11.4164415,8.68422877,9.73931083,1.0,0.441566,0.441566,0.0353745594621,-0.4061914405379,0.4061914405379
polar1m,140,5,H,15.01187591,10.82957108,14.56589326,1.0,0.380262,0.380262,0.0243783667684,-0.3558836332316,0.3558836332316
polar1m,140,6,H,15.25121548,14.08314542,11.07756629,1.0,0.36919,0.36919,0.00751761719584,-0.36167238280416003,0.36167238280416003
polar1m,140,7,H,9.36109165,9.75070512,13.25679752,1.0,0.449211,0.449211,0.0262400470674,-0.4229709529326,0.4229709529326
polar1m,140,8,O,12.61977183,12.56029429,9.19712531,-2.0,1.197768,-0.8022320000000001,-0.0434014424682,0.7588305575318001,0.7588305575318001
polar1m,140,9,O,10.14969662,10.9311895,8.99673678,-2.0,1.195213,-0.8047869999999999,-0.0442427769303,0.7605442230696999,0.7605442230696999
polar1m,140,10,O,9.95686817,13.20911838,12.72804445,-2.0,0.999143,-1.0008569999999999,-0.863020777702,0.13783622229799986,0.13783622229799986
polar1m,140,11,H,14.88705231,14.94992117,12.31882109,1.0,0.351165,0.351165,0.0176079459488,-0.3335570540512,0.3335570540512
polar1m,140,12,H,14.47212916,12.72242378,9.46665182,1.0,0.39458,0.39458,0.0199156813323,-0.3746643186677,0.3746643186677
polar1m,140,13,O,13.89439721,10.84263157,14.5647291,-2.0,1.250818,-0.749182,-0.0202277824283,0.7289542175717,0.7289542175717
polar1m,140,14,H,11.3043268,14.91202631,10.4278509,1.0,0.463556,0.463556,0.0265048407018,-0.43705115929820004,0.43705115929820004
polar1m,140,15,H,10.35719973,13.77108545,10.86231304,1.0,0.422928,0.422928,0.0217641033232,-0.4011638966768,0.4011638966768
polar1m,140,16,H,9.1808135,13.59323841,13.23005926,1.0,0.364259,0.364259,0.0155031010509,-0.3487558989491,0.3487558989491
polar1m,140,17,H,14.02929299,12.45500164,10.87711813,1.0,0.330493,0.330493,0.0145013481379,-0.3159916518621,0.3159916518621
polar1m,140,18,H,10.83078499,11.61320934,8.72179767,1.0,0.376963,0.376963,0.015978416428,-0.360984583572,0.360984583572
polar1m,140,19,H,12.75041496,12.97953158,8.35341258,1.0,0.423655,0.423655,0.023250747472,-0.400404252528,0.400404252528
polar1m,140,20,H,12.30638914,11.66833729,14.74559042,1.0,0.395201,0.395201,0.0146179720759,-0.38058302792410004,0.38058302792410004
polar1m,140,21,H,13.62647167,9.95096204,14.45924532,1.0,0.407181,0.407181,0.0169566981494,-0.39022430185060003,0.39022430185060003
polar1m,140,22,O,13.16594211,15.32730466,11.96204045,-2.0,1.262276,-0.737724,-0.030729174614,0.706994825386,0.706994825386
polar1m,140,23,H,14.47425838,7.3487088,9.96947959,1.0,0.388617,0.388617,0.0184661131352,-0.37015088686479997,0.37015088686479997
polar1m,140,24,O,15.65596418,14.78428217,11.63440771,-2.0,1.092623,-0.9073770000000001,-0.0835362225771,0.8238407774229001,0.8238407774229001
polar1m,140,25,H,12.94568798,15.02763797,10.92255403,1.0,0.337079,0.337079,0.0237079374492,-0.3133710625508,0.3133710625508
polar1m,140,26,H,13.69609458,10.60582765,11.84466241,1.0,0.434443,0.434443,0.0253196470439,-0.40912335295610003,0.40912335295610003
polar1m,140,27,O,12.29511863,9.14617654,9.88756095,-2.0,1.343712,-0.656288,0.0222126916051,0.6785006916051,0.6785006916051
polar1m,140,28,H,11.19779983,12.57864038,14.1817055,1.0,0.399722,0.399722,0.0149754434824,-0.38474655651760004,0.38474655651760004
polar1m,140,29,O,11.82532304,9.27291993,14.0050461,-2.0,1.242532,-0.757468,-0.0527274981141,0.7047405018859,0.7047405018859
polar1m,140,30,O,9.75400205,9.88687539,12.43887041,-2.0,1.09269,-0.9073100000000001,-0.0473765544593,0.8599334455407001,0.8599334455407001
polar1m,140,31,H,12.0,12.0,12.0,1.0,0.435721,0.435721,0.283746510744,-0.15197448925600004,0.15197448925600004
polar1m,140,32,O,11.08206413,14.11059332,10.38300893,-2.0,1.163491,-0.836509,-0.017433963716,0.8190750362839999,0.8190750362839999
polar1m,140,33,O,12.74323915,10.77004285,11.60343743,-2.0,1.400153,-0.599847,0.475547611713,1.075394611713,1.075394611713
polar1m,140,34,H,11.88485055,9.05816403,12.93279485,1.0,0.321008,0.321008,0.0135429501534,-0.3074650498466,0.3074650498466
polar1m,140,35,H,11.83293211,12.85164966,9.75173312,1.0,0.369379,0.369379,0.020277030766,-0.349101969234,0.349101969234
polar1m,140,36,O,11.42086329,11.73784724,14.48700161,-2.0,1.148757,-0.851243,-0.0453997328877,0.8058432671122999,0.8058432671122999
polar1m,140,37,H,9.55740363,10.69909207,12.83435853,1.0,0.431734,0.431734,0.0254024025053,-0.4063315974947,0.4063315974947
polar1m,140,38,H,12.52802013,10.24090583,10.74475113,1.0,0.396086,0.396086,0.027034342289,-0.369051657711,0.369051657711
polar1m,140,39,O,13.81175161,7.22675928,9.18778311,-2.0,1.188353,-0.811647,-0.0458929464221,0.7657540535779,0.7657540535779
polar1m,140,40,H,12.54190265,8.42832448,10.4452302,1.0,0.420206,0.420206,0.028917837888,-0.391288162112,0.391288162112
polar1m,140,41,H,10.46259654,10.70648556,9.87792231,1.0,0.383775,0.383775,0.0137033425272,-0.37007165747279996,0.37007165747279996
polar1m,141,0,H,12.44980558,14.91526049,12.46039894,1.0,0.3777,0.3777,0.0183279365301,-0.35937206346989997,0.35937206346989997
polar1m,141,1,O,14.87405309,12.93338677,10.41129056,-2.0,1.183872,-0.816128,-0.0584148280323,0.7577131719676999,0.7577131719676999
polar1m,141,2,O,13.62651993,14.82636158,8.58464013,-2.0,1.177536,-0.8224640000000001,-0.023830845952,0.7986331540480001,0.7986331540480001
polar1m,141,3,H,12.13047853,10.30013264,13.88186111,1.0,0.338937,0.338937,0.0105868168175,-0.3283501831825,0.3283501831825
polar1m,141,4,H,11.50281299,8.69023053,9.8842314,1.0,0.46443,0.46443,0.0250957608223,-0.4393342391777,0.4393342391777
polar1m,141,5,H,9.26170027,9.71036515,13.27869897,1.0,0.386319,0.386319,0.0193949770182,-0.36692402298180005,0.36692402298180005
polar1m,141,6,H,12.90705891,14.54925066,8.10762794,1.0,0.424973,0.424973,0.0223988927901,-0.4025741072099,0.4025741072099
polar1m,141,7,O,12.63520914,12.70906307,9.26692652,-2.0,1.15079,-0.84921,-0.067879781127,0.781330218873,0.781330218873
polar1m,141,8,O,9.97834051,13.27230885,12.74507138,-2.0,1.029684,-0.970316,-0.845257401466,0.12505859853399992,0.12505859853399992
polar1m,141,9,H,6.68408193,14.77306206,12.8261574,1.0,0.414011,0.414011,0.018680293113,-0.395330706887,0.395330706887
polar1m,141,10,H,14.51827462,12.83969897,9.55265207,1.0,0.400163,0.400163,0.0129889473319,-0.3871740526681,0.3871740526681
polar1m,141,11,H,11.48963431,15.07562671,10.44010285,1.0,0.386507,0.386507,0.0265804696828,-0.3599265303172,0.3599265303172
polar1m,141,12,H,10.41839283,13.88888416,10.98998847,1.0,0.404967,0.404967,0.0184076577425,-0.3865593422575,0.3865593422575
polar1m,141,13,H,9.21624236,13.67394871,13.17405082,1.0,0.350356,0.350356,0.00736185908318,-0.34299414091682,0.34299414091682
polar1m,141,14,H,14.06603265,12.71375908,10.98055315,1.0,0.340351,0.340351,0.0116716735065,-0.3286793264935,0.3286793264935
polar1m,141,15,H,12.70706014,13.12640052,8.48040274,1.0,0.402799,0.402799,0.019668482244,-0.38313051775600004,0.38313051775600004
polar1m,141,16,H,12.27888663,11.75119389,14.97828887,1.0,0.404865,0.404865,0.018360292539,-0.38650470746099996,0.38650470746099996
polar1m,141,17,O,13.2290696,15.38934333,12.01681695,-2.0,1.236696,-0.763304,-0.0483774207532,0.7149265792468,0.7149265792468
polar1m,141,18,H,13.05873676,15.07576105,10.9953889,1.0,0.345718,0.345718,0.0178907476366,-0.32782725236340005,0.32782725236340005
polar1m,141,19,H,13.65177166,10.99026733,12.00819278,1.0,0.447914,0.447914,0.0263574179262,-0.4215565820738,0.4215565820738
polar1m,141,20,O,12.3257049,9.16866074,9.95282168,-2.0,1.282698,-0.7173020000000001,0.0162957459688,0.7335977459688001,0.7335977459688001
polar1m,141,21,H,11.11642636,12.68859576,14.2497296,1.0,0.377999,0.377999,0.0166641958058,-0.3613348041942,0.3613348041942
polar1m,141,22,O,11.81073864,9.3372508,14.09945394,-2.0,1.260702,-0.739298,-0.0673106908798,0.6719873091202,0.6719873091202
polar1m,141,23,O,9.80292253,9.95746334,12.45328273,-2.0,1.233953,-0.7660469999999999,-0.0678566545248,0.6981903454751999,0.6981903454751999
polar1m,141,24,H,14.49214157,14.87586423,8.23360715,1.0,0.443353,0.443353,0.0211751013994,-0.4221778986006,0.4221778986006
polar1m,141,25,H,12.0,12.0,12.0,1.0,0.450525,0.450525,0.231483578682,-0.219041421318,0.219041421318
polar1m,141,26,O,7.23652716,13.99662766,12.96870862,-2.0,1.233833,-0.766167,-0.0332187265158,0.7329482734842,0.7329482734842
polar1m,141,27,O,11.15912938,14.10583381,10.44089837,-2.0,1.239709,-0.760291,-0.0202257186174,0.7400652813826001,0.7400652813826001
polar1m,141,28,O,12.7750616,10.84924452,11.63460404,-2.0,1.419608,-0.580392,0.562551736832,1.1429437368320001,1.1429437368320001
polar1m,141,29,H,11.87782837,9.18235296,12.96760366,1.0,0.289311,0.289311,0.0124977938831,-0.27681320611689997,0.27681320611689997
polar1m,141,30,H,11.85288237,12.82191508,9.91512609,1.0,0.374126,0.374126,0.0190055854619,-0.3551204145381,0.3551204145381
polar1m,141,31,O,11.44425399,11.77901122,14.5066853,-2.0,1.219555,-0.780445,-0.0331141352654,0.7473308647346001,0.7473308647346001
polar1m,141,32,H,9.45682939,11.11479577,12.86923284,1.0,0.306165,0.306165,0.0321004651487,-0.2740645348513,0.2740645348513
polar1m,141,33,H,12.77457917,10.24311089,10.77429633,1.0,0.413192,0.413192,0.0337762087584,-0.3794157912416,0.3794157912416
polar1m,141,34,H,12.76807605,8.53996699,10.55011787,1.0,0.427567,0.427567,0.0228927433491,-0.40467425665089996,0.40467425665089996
polar1m,141,35,H,8.01050681,14.41230798,13.55683122,1.0,0.359117,0.359117,0.0232707802206,-0.3358462197794,0.3358462197794
polar1m,142,0,O,14.87502459,13.06775188,10.47008272,-2.0,1.138166,-0.861834,-0.0576846003532,0.8041493996468,0.8041493996468
polar1m,142,1,H,8.31937785,11.2842829,11.64788318,1.0,0.389319,0.389319,0.0219969637692,-0.3673220362308,0.3673220362308
polar1m,142,2,O,13.61433235,14.91159474,8.66589314,-2.0,1.239399,-0.7606010000000001,-0.0247924700379,0.7358085299621001,0.7358085299621001
polar1m,142,3,H,11.96216847,10.51626144,13.81642308,1.0,0.307766,0.307766,0.0167316570878,-0.2910343429122,0.2910343429122
polar1m,142,4,H,8.68598772,12.49691348,12.5211847,1.0,0.355444,0.355444,0.0193241871893,-0.33611981281069997,0.33611981281069997
polar1m,142,5,H,9.22789785,9.66836176,13.24466723,1.0,0.367987,0.367987,0.0201023668051,-0.3478846331949,0.3478846331949
polar1m,142,6,H,12.95833611,14.60860694,8.03009093,1.0,0.392778,0.392778,0.0247267559171,-0.3680512440829,0.3680512440829
polar1m,142,7,O,12.64320407,12.88909552,9.35808225,-2.0,1.213837,-0.786163,-0.0652892142534,0.7208737857466,0.7208737857466
polar1m,142,8,O,10.10260864,11.05673992,9.04782535,-2.0,1.201567,-0.798433,-0.0449730455875,0.7534599544124999,0.7534599544124999
polar1m,142,9,O,9.99518278,13.38611174,12.7670749,-2.0,1.079684,-0.9203159999999999,-0.786585628986,0.13373037101399987,0.13373037101399987
polar1m,142,10,H,6.88964275,14.99844683,12.94557087,1.0,0.408413,0.408413,0.0184488706291,-0.3899641293709,0.3899641293709
polar1m,142,11,H,14.50225317,13.00922028,9.57474968,1.0,0.393111,0.393111,0.0135034397244,-0.3796075602756,0.3796075602756
polar1m,142,12,H,11.59028104,15.260691,10.47448969,1.0,0.349893,0.349893,0.0268303714693,-0.3230626285307,0.3230626285307
polar1m,142,13,H,10.42492267,14.07862195,11.16923678,1.0,0.365124,0.365124,0.0170697271824,-0.3480542728176,0.3480542728176
polar1m,142,14,H,9.26528146,13.78384154,13.11800609,1.0,0.363029,0.363029,0.0170600935817,-0.34596890641829997,0.34596890641829997
polar1m,142,15,H,14.15581556,13.05604781,11.0149234,1.0,0.397356,0.397356,0.0127780511975,-0.3845779488025,0.3845779488025
polar1m,142,16,H,10.91796593,11.44154867,8.73688393,1.0,0.397094,0.397094,0.0130320638418,-0.3840619361582,0.3840619361582
polar1m,142,17,H,12.59655754,13.38599708,8.46247128,1.0,0.357257,0.357257,0.0275709927082,-0.3296860072918,0.3296860072918
polar1m,142,18,H,12.23454166,11.93385127,15.1981065,1.0,0.390865,0.390865,0.020214419812,-0.370650580188,0.370650580188
polar1m,142,19,H,13.58519938,11.39547795,12.16977546,1.0,0.456321,0.456321,0.0350820682943,-0.4212389317057,0.4212389317057
polar1m,142,20,H,11.08540694,12.79231415,14.29652215,1.0,0.380197,0.380197,0.0173295736313,-0.3628674263687,0.3628674263687
polar1m,142,21,O,11.79323896,9.45472391,14.1791548,-2.0,1.160924,-0.8390759999999999,-0.0839263573289,0.7551496426711,0.7551496426711
polar1m,142,22,O,9.83668319,10.09507621,12.48622386,-2.0,1.228489,-0.7715110000000001,-0.202417910099,0.569093089901,0.569093089901
polar1m,142,23,H,14.54634624,14.88274188,8.32979204,1.0,0.412475,0.412475,0.0207278840244,-0.39174711597559997,0.39174711597559997
polar1m,142,24,H,12.0,12.0,12.0,1.0,0.46864,0.46864,0.147384911776,-0.321255088224,0.321255088224
polar1m,142,25,O,7.26289354,14.10810993,13.01114965,-2.0,1.251302,-0.7486980000000001,-0.0317086055875,0.7169893944125001,0.7169893944125001
polar1m,142,26,O,11.23484106,14.15318742,10.50364867,-2.0,1.288971,-0.7110289999999999,-0.0306134819984,0.6804155180015999,0.6804155180015999
polar1m,142,27,O,12.80034118,10.98341125,11.67281193,-2.0,1.469264,-0.5307360000000001,0.667200505733,1.1979365057330003,1.1979365057330003
polar1m,142,28,O,7.97361148,11.81196737,12.38249267,-2.0,1.223767,-0.776233,-0.00974433124065,0.76648866875935,0.76648866875935
polar1m,142,29,H,11.84190469,9.33851748,13.25143538,1.0,0.383917,0.383917,0.0097775273025,-0.37413947269750003,0.37413947269750003
polar1m,142,30,H,11.94330753,12.92105173,9.9671955,1.0,0.384137,0.384137,0.0169697701931,-0.36716722980690003,0.36716722980690003
polar1m,142,31,O,11.45907997,11.87669447,14.52592789,-2.0,1.280763,-0.7192369999999999,-0.0162991657853,0.7029378342146999,0.7029378342146999
polar1m,142,32,H,9.4499992,11.35908888,12.77119823,1.0,0.301543,0.301543,0.0929079130292,-0.20863508697080002,0.20863508697080002
polar1m,142,33,H,12.99044641,10.31980179,10.86179689,1.0,0.495896,0.495896,0.0373408868909,-0.4585551131091,0.4585551131091
polar1m,142,34,H,8.13550418,14.32402174,13.51824019,1.0,0.354633,0.354633,0.02332046628,-0.33131253371999997,0.33131253371999997
polar1m,142,35,H,10.18940429,10.79222164,10.10166648,1.0,0.350669,0.350669,0.0166033580899,-0.3340656419101,0.3340656419101
polar1m,143,0,O,14.86165249,13.28460675,10.56175748,-2.0,1.17609,-0.8239099999999999,-0.0563154555857,0.7675945444143,0.7675945444143
polar1m,143,1,H,8.34852074,11.44771943,11.80339365,1.0,0.365118,0.365118,0.0225395187736,-0.3425784812264,0.3425784812264
polar1m,143,2,H,11.69375073,10.62648948,13.94541598,1.0,0.354398,0.354398,0.012106500566,-0.342291499434,0.342291499434
polar1m,143,3,H,8.74743316,12.63810556,12.70403373,1.0,0.33321,0.33321,0.0140743032098,-0.3191356967902,0.3191356967902
polar1m,143,4,H,8.63308503,10.08482935,11.56241409,1.0,0.349598,0.349598,0.0196637362242,-0.32993426377580004,0.32993426377580004
polar1m,143,5,H,9.29094317,9.76734431,13.14986314,1.0,0.417288,0.417288,0.0258206129074,-0.3914673870926,0.3914673870926
polar1m,143,6,O,12.63709971,13.14315245,9.4784828,-2.0,1.183991,-0.816009,-0.0671382620931,0.7488707379069,0.7488707379069
polar1m,143,7,O,10.0528703,11.23200423,9.11838582,-2.0,1.214303,-0.7856970000000001,-0.0508490763605,0.7348479236395001,0.7348479236395001
polar1m,143,8,H,13.40691501,15.59623252,14.50113445,1.0,0.436995,0.436995,0.0171342305839,-0.4198607694161,0.4198607694161
polar1m,143,9,O,9.99650855,13.57993469,12.82724789,-2.0,1.090568,-0.909432,-0.812771916389,0.09666008361099998,0.09666008361099998
polar1m,143,10,H,7.08115868,15.33340793,13.10109007,1.0,0.370014,0.370014,0.0189828872681,-0.3510311127319,0.3510311127319
polar1m,143,11,H,14.42387342,13.2652506,9.65651263,1.0,0.397291,0.397291,0.0144908465445,-0.3828001534555,0.3828001534555
polar1m,143,12,H,11.5404726,15.29043434,10.55645441,1.0,0.393178,0.393178,0.0216766800731,-0.37150131992690005,0.37150131992690005
polar1m,143,13,H,10.52610108,14.3660325,11.29183188,1.0,0.37754,0.37754,0.0185476988554,-0.3589923011446,0.3589923011446
polar1m,143,14,H,12.93654619,13.88848844,13.95207469,1.0,0.326999,0.326999,0.0190853662789,-0.3079136337211,0.3079136337211
polar1m,143,15,H,7.99430345,9.31699101,10.18141885,1.0,0.433872,0.433872,0.0165712945163,-0.41730070548369996,0.41730070548369996
polar1m,143,16,O,8.36409357,10.06884195,10.56234629,-2.0,1.185589,-0.814411,-0.0511533804238,0.7632576195762,0.7632576195762
polar1m,143,17,H,9.20181659,14.04408516,13.14265451,1.0,0.33936,0.33936,0.0192136764526,-0.32014632354739997,0.32014632354739997
polar1m,143,18,H,14.08358145,13.48969956,11.14238101,1.0,0.354903,0.354903,0.0134830623865,-0.34141993761350004,0.34141993761350004
polar1m,143,19,H,10.93769392,11.4445791,8.81397162,1.0,0.380722,0.380722,0.0116227418184,-0.3690992581816,0.3690992581816
polar1m,143,20,H,12.39603468,13.60780467,8.60605794,1.0,0.393386,0.393386,0.0220223274082,-0.37136367259180003,0.37136367259180003
polar1m,143,21,H,12.02221441,12.22835614,15.3661413,1.0,0.421055,0.421055,0.0216066502035,-0.3994483497965,0.3994483497965
polar1m,143,22,H,13.44860628,11.78898758,12.31579032,1.0,0.460936,0.460936,0.0402287580073,-0.42070724199270004,0.42070724199270004
polar1m,143,23,H,11.08572708,12.8913848,14.37669419,1.0,0.408571,0.408571,0.0178913027048,-0.3906796972952,0.3906796972952
polar1m,143,24,O,11.75383379,9.67383029,14.29878613,-2.0,1.108632,-0.8913679999999999,-0.0715743750334,0.8197936249665999,0.8197936249665999
polar1m,143,25,O,9.8338591,10.33285083,12.5723458,-2.0,1.263632,-0.7363679999999999,-0.0470970571041,0.6892709428959,0.6892709428959
polar1m,143,26,H,12.0,12.0,12.0,1.0,0.472732,0.472732,0.0612395331264,-0.41149246687359997,0.41149246687359997
polar1m,143,27,O,7.2698811,14.30621956,13.09746623,-2.0,1.231671,-0.768329,-0.0346721298993,0.7336568701007,0.7336568701007
polar1m,143,28,O,11.28109847,14.30514645,10.61726496,-2.0,1.247386,-0.7526139999999999,-0.0117708817124,0.7408431182875999,0.7408431182875999
polar1m,143,29,O,12.80219374,11.21402986,11.75826455,-2.0,1.466295,-0.5337050000000001,0.76233625412,1.29604125412,1.29604125412
polar1m,143,30,O,7.94739776,12.00575095,12.4652833,-2.0,1.190997,-0.8090029999999999,-0.0790856927633,0.7299173072366999,0.7299173072366999
polar1m,143,31,H,11.79015115,9.45642318,13.43051775,1.0,0.405054,0.405054,0.0104524306953,-0.39460156930470003,0.39460156930470003
polar1m,143,32,H,11.92619376,13.16867083,10.07065785,1.0,0.393199,0.393199,0.0197434648871,-0.37345553511290003,0.37345553511290003
polar1m,143,33,O,11.45497996,12.0704124,14.5837447,-2.0,1.232961,-0.767039,-0.0196790397167,0.7473599602833,0.7473599602833
polar1m,143,34,H,9.51877287,11.41039313,12.66847167,1.0,0.354252,0.354252,0.0393547303975,-0.31489726960250003,0.31489726960250003
polar1m,143,35,H,13.14165001,10.52451838,11.01276148,1.0,0.516056,0.516056,0.0448443181813,-0.4712116818187,0.4712116818187
polar1m,143,36,H,8.05779362,14.34679428,13.48966799,1.0,0.406886,0.406886,0.0222582370043,-0.3846277629957,0.3846277629957
polar1m,143,37,O,12.97481611,14.75685331,14.67478977,-2.0,1.214121,-0.785879,-0.0410530343652,0.7448259656348,0.7448259656348
polar1m,143,38,H,10.05487476,10.98802734,10.1876903,1.0,0.331151,0.331151,0.0161692649126,-0.31498173508739996,0.31498173508739996
polar1m,144,0,O,10.88533248,8.6484258,11.95491019,-2.0,1.106051,-0.8939490000000001,-0.76184284687,0.13210615313000007,0.13210615313000007
polar1m,144,1,H,10.71152891,9.44603527,12.60725088,1.0,0.312051,0.312051,0.015887118876,-0.29616388112400005,0.29616388112400005
polar1m,144,2,O,14.82337782,13.62724301,10.73000106,-2.0,1.171507,-0.8284929999999999,-0.0634939670563,0.7649990329437,0.7649990329437
polar1m,144,3,H,11.37662735,10.84325969,14.27705352,1.0,0.390674,0.390674,0.0128460749984,-0.3778279250016,0.3778279250016
polar1m,144,4,H,11.53612187,9.18340319,10.64661683,1.0,0.380383,0.380383,0.0145309455693,-0.3658520544307,0.3658520544307
polar1m,144,5,H,12.72804358,6.92374421,11.74962547,1.0,0.43486,0.43486,0.011076297611,-0.42378370238900004,0.42378370238900004
polar1m,144,6,H,9.34127431,10.02491265,13.17459896,1.0,0.445507,0.445507,0.0256141107529,-0.4198928892471,0.4198928892471
polar1m,144,7,O,12.61704446,13.51237129,9.66525379,-2.0,1.144867,-0.8551329999999999,-0.125141471624,0.7299915283759999,0.7299915283759999
polar1m,144,8,O,9.98030277,11.53309715,9.28068439,-2.0,1.138962,-0.861038,-0.0461086556315,0.8149293443685,0.8149293443685
polar1m,144,9,O,9.97550237,13.89941654,12.96961245,-2.0,0.987874,-1.0121259999999999,-0.875557720661,0.13656827933899984,0.13656827933899984
polar1m,144,10,H,7.26153771,15.69497304,13.32099556,1.0,0.356855,0.356855,0.0123694576323,-0.34448554236769996,0.34448554236769996
polar1m,144,11,H,14.31503844,13.64598833,9.89807625,1.0,0.39917,0.39917,0.0101603642106,-0.3890096357894,0.3890096357894
polar1m,144,12,H,11.45448845,15.41755967,10.69509167,1.0,0.467163,0.467163,0.0153324361891,-0.4518305638109,0.4518305638109
polar1m,144,13,H,10.64419008,14.72906259,11.44615684,1.0,0.41143,0.41143,0.017671726644,-0.393758273356,0.393758273356
polar1m,144,14,H,9.18898047,14.42841568,13.2063966,1.0,0.315185,0.315185,0.00102181732655,-0.31416318267345,0.31416318267345
polar1m,144,15,H,14.01255307,14.02763091,11.28979911,1.0,0.338724,0.338724,0.0140590667725,-0.3246649332275,0.3246649332275
polar1m,144,16,O,13.06793941,7.61480554,12.11784739,-2.0,1.031882,-0.968118,-0.141161933541,0.826956066459,0.826956066459
polar1m,144,17,H,10.95593465,11.59260239,8.98551909,1.0,0.3851,0.3851,0.0150842089206,-0.37001579107939997,0.37001579107939997
polar1m,144,18,H,12.16664553,13.8333942,8.9274728,1.0,0.405082,0.405082,0.0141267813742,-0.3909552186258,0.3909552186258
polar1m,144,19,H,11.73736908,12.63641544,15.5861939,1.0,0.410379,0.410379,0.0130911972374,-0.3972878027626,0.3972878027626
polar1m,144,20,H,12.16101794,8.13133477,12.10548395,1.0,0.34364,0.34364,0.000793859362602,-0.342846140637398,0.342846140637398
polar1m,144,21,H,13.29339388,12.18064924,12.4878797,1.0,0.471731,0.471731,0.0319255553186,-0.43980544468140004,0.43980544468140004
polar1m,144,22,O,12.35451548,9.6770177,10.34104238,-2.0,1.122748,-0.8772519999999999,-0.0724297240376,0.8048222759624,0.8048222759624
polar1m,144,23,H,11.00142551,13.20682241,14.47610204,1.0,0.388061,0.388061,0.0121309272945,-0.3759300727055,0.3759300727055
polar1m,144,24,O,11.69074003,10.02637846,14.50526744,-2.0,1.134068,-0.8659319999999999,-0.0822058171034,0.7837261828965999,0.7837261828965999
polar1m,144,25,O,9.80709327,10.70697071,12.74008614,-2.0,1.129842,-0.870158,-0.0115944743156,0.8585635256844,0.8585635256844
polar1m,144,26,H,12.0,12.0,12.0,1.0,0.494086,0.494086,0.0376445949078,-0.45644140509220005,0.45644140509220005
polar1m,144,27,O,7.23805495,14.64069979,13.25784466,-2.0,1.234731,-0.765269,-0.0439683273435,0.7213006726565,0.7213006726565
polar1m,144,28,O,11.29466951,14.59725525,10.82327385,-2.0,1.172357,-0.8276429999999999,0.0454567819834,0.8730997819833999,0.8730997819833999
polar1m,144,29,O,12.78062316,11.58658568,11.93366043,-2.0,1.40206,-0.5979399999999999,0.754927039146,1.352867039146,1.352867039146
polar1m,144,30,H,11.76097683,9.56014246,13.47526985,1.0,0.317556,0.317556,0.0240462720394,-0.2935097279606,0.2935097279606
polar1m,144,31,H,11.81523658,13.55334324,10.28152406,1.0,0.389887,0.389887,0.0271668583155,-0.3627201416845,0.3627201416845
polar1m,144,32,O,11.43450863,12.39304885,14.72008484,-2.0,1.191712,-0.8082879999999999,-0.0291912406683,0.7790967593316999,0.7790967593316999
polar1m,144,33,H,9.62456722,11.4503627,12.69001184,1.0,0.478279,0.478279,0.020152086392,-0.458126913608,0.458126913608
polar1m,144,34,H,13.22149617,10.90799841,11.23407144,1.0,0.457647,0.457647,0.0510619133711,-0.4065850866289,0.4065850866289
polar1m,144,35,H,12.97725286,9.41011272,10.9030307,1.0,0.399793,0.399793,0.0180307067931,-0.3817622932069,0.3817622932069
polar1m,144,36,H,8.09425383,14.53255551,13.67859303,1.0,0.393178,0.393178,0.0183526128531,-0.3748253871469,0.3748253871469
polar1m,144,37,H,9.92018685,11.37233803,10.14239312,1.0,0.444917,0.444917,0.0181354191154,-0.4267815808846,0.4267815808846
polar1m,145,0,O,11.07245218,8.99368601,12.17288196,-2.0,1.028226,-0.9717739999999999,-0.802872419357,0.16890158064299987,0.16890158064299987
polar1m,145,1,H,13.12056327,11.76520444,9.29659655,1.0,0.324669,0.324669,0.013610444963,-0.311058555037,0.311058555037
polar1m,145,2,H,14.33078746,11.85807469,8.19687763,1.0,0.382711,0.382711,0.0156942494214,-0.3670167505786,0.3670167505786
polar1m,145,3,H,10.9947856,9.87944576,12.58476083,1.0,0.310773,0.310773,0.0016193240881,-0.3091536759119,0.3091536759119
polar1m,145,4,H,8.42217565,12.10184351,12.13548404,1.0,0.4159,0.4159,0.0224519520998,-0.3934480479002,0.3934480479002
polar1m,145,5,H,11.26262786,11.17365858,14.66411461,1.0,0.345853,0.345853,0.0105373635888,-0.33531563641120005,0.33531563641120005
polar1m,145,6,H,11.82748205,9.47295042,11.09483945,1.0,0.368995,0.368995,0.00587476789951,-0.36312023210049,0.36312023210049
polar1m,145,7,H,8.87741984,13.0922978,13.11750823,1.0,0.396631,0.396631,0.0159226097167,-0.3807083902833,0.3807083902833
polar1m,145,8,H,9.55690632,10.25231674,13.35317658,1.0,0.446595,0.446595,0.0303283035755,-0.41626669642450004,0.41626669642450004
polar1m,145,9,O,12.84153853,13.83631473,9.90921856,-2.0,1.131387,-0.8686130000000001,-0.135806307197,0.7328066928030001,0.7328066928030001
polar1m,145,10,O,10.16134228,11.8127384,9.47905307,-2.0,1.189391,-0.8106089999999999,-0.0423518195748,0.7682571804251999,0.7682571804251999
polar1m,145,11,H,11.72314085,15.86330079,10.79281836,1.0,0.422051,0.422051,0.0290077738464,-0.3930432261536,0.3930432261536
polar1m,145,12,H,10.85355469,14.98863733,11.77976965,1.0,0.395695,0.395695,0.0206302404404,-0.3750647595596,0.3750647595596
polar1m,145,13,H,11.11916903,11.72521423,9.25389857,1.0,0.401216,0.401216,0.0174918957055,-0.3837241042945,0.3837241042945
polar1m,145,14,H,12.19205504,14.01761069,9.18762746,1.0,0.386945,0.386945,0.0200235918164,-0.3669214081836,0.3669214081836
polar1m,145,15,O,13.40026601,11.46171461,8.32679714,-2.0,1.233973,-0.766027,-0.0421546623111,0.7238723376889,0.7238723376889
polar1m,145,16,H,13.4656555,12.51071804,12.74790511,1.0,0.497965,0.497965,0.0315362475812,-0.4664287524188,0.4664287524188
polar1m,145,17,O,12.57893394,9.94278506,10.58595869,-2.0,1.174998,-0.825002,-0.104197375476,0.7208046245240001,0.7208046245240001
polar1m,145,18,O,11.87428098,10.33349696,14.75435643,-2.0,1.179,-0.821,-0.0647837072611,0.7562162927389,0.7562162927389
polar1m,145,19,O,10.04280871,11.01972652,12.96174022,-2.0,1.30907,-0.69093,-0.0206533148885,0.6702766851115001,0.6702766851115001
polar1m,145,20,H,12.0,12.0,12.0,1.0,0.450961,0.450961,0.0410168841481,-0.4099441158519,0.4099441158519
polar1m,145,21,O,11.54372719,14.85619977,11.09444214,-2.0,1.324475,-0.6755249999999999,0.0643235817552,0.7398485817552,0.7398485817552
polar1m,145,22,O,13.01622931,11.93045458,12.16719277,-2.0,1.437733,-0.5622670000000001,0.75929069519,1.32155769519,1.32155769519
polar1m,145,23,O,8.10479594,12.63368629,12.85686816,-2.0,1.213376,-0.786624,-0.0316248834133,0.7549991165867,0.7549991165867
polar1m,145,24,H,11.99608251,9.70703423,13.8144986,1.0,0.338208,0.338208,0.0209228098392,-0.31728519016080003,0.31728519016080003
polar1m,145,25,H,12.04849817,13.86220044,10.50482635,1.0,0.381434,0.381434,0.0132919996977,-0.3681420003023,0.3681420003023
polar1m,145,26,H,9.80749343,12.07556487,12.80759284,1.0,0.323822,0.323822,0.0336167290807,-0.2902052709193,0.2902052709193
polar1m,145,27,H,13.49554864,11.31813101,11.49859944,1.0,0.443792,0.443792,0.0438586249948,-0.39993337500520004,0.39993337500520004
polar1m,145,28,H,13.28532822,9.73212218,11.21798154,1.0,0.359789,0.359789,0.0193766914308,-0.3404123085692,0.3404123085692
polar1m,145,29,H,10.02928156,11.70171833,10.41131501,1.0,0.384367,0.384367,0.0140176713467,-0.3703493286533,0.3703493286533
polar1m,146,0,O,11.22802128,9.33031126,12.37143501,-2.0,0.958031,-1.041969,-0.691586792469,0.3503822075309999,0.3503822075309999
polar1m,146,1,H,11.24388516,10.25622976,12.47603693,1.0,0.340019,0.340019,0.00263119488955,-0.33738780511045,0.33738780511045
polar1m,146,2,H,8.47157712,12.41739416,12.23870567,1.0,0.41461,0.41461,0.0260706245899,-0.3885393754101,0.3885393754101
polar1m,146,3,H,12.05995089,9.75760719,11.51028789,1.0,0.362531,0.362531,-0.00182731449604,-0.36435831449604,0.36435831449604
polar1m,146,4,H,9.0851189,13.39824104,13.32632992,1.0,0.38301,0.38301,0.0279387161136,-0.3550712838864,0.3550712838864
polar1m,146,5,H,9.7323248,10.54103619,13.54470894,1.0,0.434306,0.434306,0.0239690504968,-0.41033694950320004,0.41033694950320004
polar1m,146,6,O,13.03130455,14.13353854,10.12220295,-2.0,1.133983,-0.866017,-0.103841796517,0.762175203483,0.762175203483
polar1m,146,7,O,10.3169884,12.08882424,9.64673897,-2.0,1.238258,-0.7617419999999999,-0.0440640822053,0.7176779177946999,0.7176779177946999
polar1m,146,8,H,11.93491986,16.18525394,10.906574,1.0,0.390109,0.390109,0.0358632728457,-0.35424572715429997,0.35424572715429997
polar1m,146,9,H,11.00829311,15.1687915,12.09876284,1.0,0.351149,0.351149,0.0191830080003,-0.3319659919997,0.3319659919997
polar1m,146,10,H,11.2169196,11.86876784,9.52426458,1.0,0.428536,0.428536,0.018681557849,-0.409854442151,0.409854442151
polar1m,146,11,H,12.31124018,14.1659637,9.37459655,1.0,0.361913,0.361913,0.0218149498105,-0.3400980501895,0.3400980501895
polar1m,146,12,H,13.64587329,12.86685511,13.05219201,1.0,0.470898,0.470898,0.0282656550407,-0.4426323449593,0.4426323449593
polar1m,146,13,O,12.77026853,10.20780854,10.80753008,-2.0,1.235067,-0.7649330000000001,-0.214454501867,0.5504784981330001,0.5504784981330001
polar1m,146,14,O,10.25260368,11.32972096,13.15938053,-2.0,1.333925,-0.666075,-0.122032396495,0.544042603505,0.544042603505
polar1m,146,15,H,12.0,12.0,12.0,1.0,0.410263,0.410263,0.120669797063,-0.28959320293699997,0.28959320293699997
polar1m,146,16,O,11.7529609,15.12991101,11.35273416,-2.0,1.367888,-0.632112,0.0182798355818,0.6503918355818,0.6503918355818
polar1m,146,17,O,13.2176808,12.26157983,12.37322581,-2.0,1.424932,-0.5750679999999999,0.662330389023,1.2373983890229998,1.2373983890229998
polar1m,146,18,O,8.27099184,12.92598397,13.05759197,-2.0,1.257559,-0.7424409999999999,-0.0256517007947,0.7167892992052999,0.7167892992052999
polar1m,146,19,H,12.33444064,14.10481508,10.74411338,1.0,0.392557,0.392557,0.00831281393766,-0.38424418606234,0.38424418606234
polar1m,146,20,H,9.96948835,12.61055857,12.97891966,1.0,0.252289,0.252289,0.121541179717,-0.13074782028299997,0.13074782028299997
polar1m,146,21,H,13.73725524,11.75817176,11.73027154,1.0,0.448074,0.448074,0.0345447659492,-0.4135292340508,0.4135292340508
polar1m,146,22,H,13.59741063,10.01831321,11.51190875,1.0,0.303705,0.303705,0.0185494720936,-0.2851555279064,0.2851555279064
polar1m,146,23,H,10.11926888,11.99947084,10.75277985,1.0,0.306389,0.306389,0.0148122124374,-0.2915767875626,0.2915767875626
polar1m,147,0,O,11.26529145,9.64269586,12.52003512,-2.0,1.013138,-0.9868619999999999,-0.656544685364,0.3303173146359999,0.3303173146359999
polar1m,147,1,H,13.39120484,12.45420747,9.47006657,1.0,0.368143,0.368143,0.0147275179625,-0.3534154820375,0.3534154820375
polar1m,147,2,H,14.53441492,12.36416328,8.49141661,1.0,0.434802,0.434802,0.0165636148304,-0.41823838516960005,0.41823838516960005
polar1m,147,3,H,11.30580679,10.66536729,12.37656192,1.0,0.288513,0.288513,0.0128368958831,-0.2756761041169,0.2756761041169
polar1m,147,4,H,10.60117338,10.59388886,9.99236707,1.0,0.356775,0.356775,0.015280071646,-0.341494928354,0.341494928354
polar1m,147,5,O,15.22836185,14.538996,11.30817295,-2.0,1.131268,-0.8687320000000001,-0.0855927467346,0.7831392532654,0.7831392532654
polar1m,147,6,H,8.36521478,12.74766283,12.33840228,1.0,0.385557,0.385557,0.0211275406182,-0.3644294593818,0.3644294593818
polar1m,147,7,H,12.17727424,10.01942507,11.76152893,1.0,0.360006,0.360006,0.00249527394772,-0.35751072605228,0.35751072605228
polar1m,147,8,H,9.16982794,13.7217343,13.45936897,1.0,0.357927,0.357927,0.0246223025024,-0.3333046974976,0.3333046974976
polar1m,147,9,O,10.46701821,9.63435827,9.89169151,-2.0,1.146906,-0.853094,-0.0571594052017,0.7959345947983,0.7959345947983
polar1m,147,10,H,9.84038206,10.90976228,13.68656972,1.0,0.426493,0.426493,0.0230605863035,-0.4034324136965,0.4034324136965
polar1m,147,11,O,13.09719328,14.39421536,10.26593227,-2.0,1.229912,-0.7700880000000001,-0.0702175498009,0.6998704501991001,0.6998704501991001
polar1m,147,12,O,10.34802654,12.35135405,9.77956345,-2.0,1.281638,-0.718362,-0.0409409068525,0.6774210931475,0.6774210931475
polar1m,147,13,O,10.47954368,14.72857027,13.47376208,-2.0,1.122223,-0.877777,-0.771250367165,0.10652663283500008,0.10652663283500008
polar1m,147,14,H,14.55063254,14.38630259,10.54667272,1.0,0.370727,0.370727,0.0129818841815,-0.3577451158185,0.3577451158185
polar1m,147,15,H,11.93644546,16.24070739,11.0999101,1.0,0.399982,0.399982,0.0206357352436,-0.3793462647564,0.3793462647564
polar1m,147,16,H,11.13273233,15.28379869,12.27803625,1.0,0.371565,0.371565,0.012196496129,-0.359368503871,0.359368503871
polar1m,147,17,H,9.74037268,9.33468568,10.37756241,1.0,0.41544,0.41544,0.0193581264466,-0.39608187355339997,0.39608187355339997
polar1m,147,18,H,9.80683014,15.47485179,13.22097385,1.0,0.324937,0.324937,0.0153705328703,-0.3095664671297,0.3095664671297
polar1m,147,19,H,14.67624469,15.28133662,11.7409923,1.0,0.362862,0.362862,0.0166648905724,-0.3461971094276,0.3461971094276
polar1m,147,20,H,11.27490518,11.99942248,9.74711459,1.0,0.384016,0.384016,0.0201191902161,-0.36389680978390004,0.36389680978390004
polar1m,147,21,H,12.48863249,14.2764715,9.54659263,1.0,0.398362,0.398362,0.0237314049155,-0.3746305950845,0.3746305950845
polar1m,147,22,O,13.68328834,12.09306016,8.62145397,-2.0,1.146982,-0.853018,-0.0430368855596,0.8099811144404001,0.8099811144404001
polar1m,147,23,H,13.66912818,13.14929376,13.269471,1.0,0.44965,0.44965,0.0268245469779,-0.4228254530221,0.4228254530221
polar1m,147,24,O,12.84784568,10.45873121,10.99172683,-2.0,1.251613,-0.7483869999999999,-0.233260527253,0.515126472747,0.515126472747
polar1m,147,25,O,10.34049166,11.63711895,13.30556346,-2.0,1.255204,-0.744796,-0.117068372667,0.627727627333,0.627727627333
polar1m,147,26,H,12.0,12.0,12.0,1.0,0.365132,0.365132,0.351394206285,-0.013737793715000002,0.013737793715000002
polar1m,147,27,O,11.83063664,15.41412155,11.56963642,-2.0,1.196447,-0.803553,-0.0365224927664,0.7670305072336,0.7670305072336
polar1m,147,28,O,13.29002862,12.57776826,12.5302062,-2.0,1.385515,-0.614485,0.346479386091,0.960964386091,0.960964386091
polar1m,147,29,O,8.31686045,13.20032718,13.20377169,-2.0,1.164109,-0.8358909999999999,-0.0720356851816,0.7638553148184,0.7638553148184
polar1m,147,30,H,12.49881305,14.30125217,11.05170999,1.0,0.389024,0.389024,0.0270960181952,-0.36192798180479996,0.36192798180479996
polar1m,147,31,H,10.06599636,12.88745623,13.1692074,1.0,0.329677,0.329677,0.101454764605,-0.228222235395,0.228222235395
polar1m,147,32,H,13.91326282,12.18896053,11.87493968,1.0,0.416113,0.416113,0.0252770073712,-0.39083599262880003,0.39083599262880003
polar1m,147,33,H,13.63914473,10.31980548,11.5826263,1.0,0.358419,0.358419,0.0140499845147,-0.34436901548529997,0.34436901548529997
polar1m,147,34,H,10.14479713,12.28147963,10.78981386,1.0,0.360924,0.360924,0.0192816033959,-0.3416423966041,0.3416423966041
polar1m,148,0,O,11.24351552,9.94072677,12.64406992,-2.0,1.146871,-0.853129,-0.689146876335,0.16398212366499998,0.16398212366499998
polar1m,148,1,H,13.40895917,12.83861732,9.65916655,1.0,0.308912,0.308912,0.0115513913333,-0.2973606086667,0.2973606086667
polar1m,148,2,H,14.60784881,12.60459968,8.66284937,1.0,0.421592,0.421592,0.0196314305067,-0.4019605694933,0.4019605694933
polar1m,148,3,H,11.21402885,10.92810012,12.35307991,1.0,0.27053,0.27053,0.0270519889891,-0.2434780110109,0.2434780110109
polar1m,148,4,H,10.57401049,10.86652242,10.16402776,1.0,0.333058,0.333058,0.0144412852824,-0.3186167147176,0.3186167147176
polar1m,148,5,H,12.25880679,10.24358965,11.84414008,1.0,0.381559,0.381559,0.017751827836,-0.363807172164,0.363807172164
polar1m,148,6,H,13.020364,7.98319242,12.74832234,1.0,0.441916,0.441916,0.0249304324389,-0.4169855675611,0.4169855675611
polar1m,148,7,O,10.47243254,9.86196576,10.03776644,-2.0,1.171412,-0.8285880000000001,-0.0529218353331,0.7756661646669001,0.7756661646669001
polar1m,148,8,H,9.87493406,11.27508889,13.84272987,1.0,0.460126,0.460126,0.0287950634956,-0.43133093650439996,0.43133093650439996
polar1m,148,9,O,13.10154144,14.61876493,10.3813326,-2.0,1.208512,-0.791488,-0.0324795097113,0.7590084902887,0.7590084902887
polar1m,148,10,O,10.32301556,12.59681059,9.89319448,-2.0,1.229259,-0.7707409999999999,-0.0354019999504,0.7353390000495998,0.7353390000495998
polar1m,148,11,H,9.82940783,9.49231699,10.5869339,1.0,0.423936,0.423936,0.0233947187662,-0.40054128123379995,0.40054128123379995
polar1m,148,12,O,13.51317453,8.7171588,12.85586943,-2.0,1.105014,-0.8949860000000001,-0.0717549100518,0.8232310899482,0.8232310899482
polar1m,148,13,H,11.25106883,12.16675529,9.94201247,1.0,0.372265,0.372265,0.0221289843321,-0.35013601566790004,0.35013601566790004
polar1m,148,14,H,12.62286935,14.36494495,9.63132848,1.0,0.434377,0.434377,0.0219060964882,-0.4124709035118,0.4124709035118
polar1m,148,15,O,13.69002555,12.3780263,8.70386312,-2.0,1.21869,-0.78131,-0.042713008821,0.7385969911789999,0.7385969911789999
polar1m,148,16,H,12.7323231,9.37308374,13.07807591,1.0,0.350188,0.350188,0.0109097287059,-0.3392782712941,0.3392782712941
polar1m,148,17,H,13.59185771,13.34677364,13.41118953,1.0,0.464305,0.464305,0.0243303216994,-0.4399746783006,0.4399746783006
polar1m,148,18,O,12.85972233,10.69597577,11.15592886,-2.0,1.325983,-0.6740170000000001,0.026846408844,0.7008634088440001,0.7008634088440001
polar1m,148,19,O,10.36795667,11.94792295,13.42270167,-2.0,1.206383,-0.793617,-0.0124574676156,0.7811595323844001,0.7811595323844001
polar1m,148,20,H,12.0,12.0,12.0,1.0,0.331261,0.331261,0.442939370871,0.11167837087099997,0.11167837087099997
polar1m,148,21,O,13.29837788,12.87838193,12.66328753,-2.0,1.30489,-0.6951099999999999,0.117009714246,0.8121197142459999,0.8121197142459999
polar1m,148,22,H,12.64425315,14.48955191,11.30711846,1.0,0.374682,0.374682,0.0152931660414,-0.3593888339586,0.3593888339586
polar1m,148,23,H,10.15256153,12.87859382,13.39312929,1.0,0.416743,0.416743,0.0190416350961,-0.39770136490389996,0.39770136490389996
polar1m,148,24,H,14.03941608,12.62651776,12.00458526,1.0,0.415314,0.415314,0.0280563421547,-0.38725765784530003,0.38725765784530003
polar1m,148,25,H,13.62498668,10.61805535,11.57644043,1.0,0.438685,0.438685,0.0232215225697,-0.4154634774303,0.4154634774303
polar1m,148,26,H,10.11730303,12.55526724,10.71483075,1.0,0.443536,0.443536,0.0176441706717,-0.4258918293283,0.4258918293283
polar1m,149,0,O,11.13069092,10.22858448,12.760842,-2.0,1.047315,-0.952685,-0.770229637623,0.182455362377,0.182455362377
polar1m,149,1,H,13.41356132,13.11998107,9.66268452,1.0,0.34636,0.34636,0.0107578523457,-0.3356021476543,0.3356021476543
polar1m,149,2,H,14.65188959,12.84582974,8.85151621,1.0,0.364216,0.364216,0.0188330169767,-0.3453829830233,0.3453829830233
polar1m,149,3,H,10.97212479,11.04636801,12.41980455,1.0,0.329003,0.329003,0.0180385857821,-0.3109644142179,0.3109644142179
polar1m,149,4,H,10.39056351,10.97735488,10.3402552,1.0,0.359965,0.359965,0.0113124661148,-0.34865253388519996,0.34865253388519996
polar1m,149,5,H,12.23201763,10.40325189,11.87070766,1.0,0.396633,0.396633,0.0210628584027,-0.3755701415973,0.3755701415973
polar1m,149,6,H,9.68714802,8.42784386,12.48655926,1.0,0.443673,0.443673,0.0261709168553,-0.4175020831447,0.4175020831447
polar1m,149,7,H,12.8019091,8.04933678,12.96993194,1.0,0.360209,0.360209,0.0239669252187,-0.3362420747813,0.3362420747813
polar1m,149,8,O,10.39500427,10.0816014,10.16383739,-2.0,1.104398,-0.895602,-0.0997999683022,0.7958020316978001,0.7958020316978001
polar1m,149,9,H,9.76755731,11.60299796,14.0494586,1.0,0.430744,0.430744,0.0268045570701,-0.40393944292990003,0.40393944292990003
polar1m,149,10,O,13.01629946,14.81702398,10.49548736,-2.0,1.184705,-0.8152950000000001,-0.0376019403338,0.7776930596662001,0.7776930596662001
polar1m,149,11,O,10.2222159,12.82998482,9.98122094,-2.0,1.268262,-0.731738,-0.0367519631982,0.6949860368018,0.6949860368018
polar1m,149,12,H,9.78620562,9.66801296,10.9025044,1.0,0.361307,0.361307,0.0166401937604,-0.3446668062396,0.3446668062396
polar1m,149,13,O,13.41337103,8.9549193,12.98604275,-2.0,1.179315,-0.8206850000000001,-0.0575918070972,0.7630931929028001,0.7630931929028001
polar1m,149,14,H,11.07381525,12.41004129,10.10734956,1.0,0.386959,0.386959,0.0157809667289,-0.3711780332711,0.3711780332711
polar1m,149,15,H,12.60210244,14.44679736,9.64011957,1.0,0.410541,0.410541,0.0239751823246,-0.3865658176754,0.3865658176754
polar1m,149,16,O,13.5912253,12.65606047,8.78785063,-2.0,1.253022,-0.7469779999999999,-0.0403428263962,0.7066351736037999,0.7066351736037999
polar1m,149,17,H,12.73250935,9.54163005,13.21545936,1.0,0.393125,0.393125,0.011362940073,-0.381762059927,0.381762059927
polar1m,149,18,H,13.44065835,13.5618372,13.62267928,1.0,0.445151,0.445151,0.0220642313361,-0.42308676866390005,0.42308676866390005
polar1m,149,19,O,12.76367814,10.93093812,11.30436163,-2.0,1.43244,-0.5675600000000001,0.364594578743,0.9321545787430001,0.9321545787430001
polar1m,149,20,O,10.31319445,12.24121787,13.52646772,-2.0,1.178766,-0.821234,-0.0195195674896,0.8017144325104,0.8017144325104
polar1m,149,21,H,12.0,12.0,12.0,1.0,0.345311,0.345311,0.311370253563,-0.03394074643699996,0.03394074643699996
polar1m,149,22,H,8.96166663,8.33443305,11.07044184,1.0,0.457983,0.457983,0.0271247625351,-0.4308582374649,0.4308582374649
polar1m,149,23,O,13.21352962,13.16284525,12.77910448,-2.0,1.270894,-0.729106,0.00809389352798,0.73719989352798,0.73719989352798
polar1m,149,24,H,12.72430844,14.67891775,11.4079064,1.0,0.405292,0.405292,0.015271935612,-0.39002006438799997,0.39002006438799997
polar1m,149,25,O,9.15499388,8.78064425,11.81354581,-2.0,1.208484,-0.7915160000000001,0.00763169676065,0.7991476967606501,0.7991476967606501
polar1m,149,26,H,10.06703991,13.04728877,13.67374436,1.0,0.452498,0.452498,0.0165629573166,-0.4359350426834,0.4359350426834
polar1m,149,27,H,13.99851195,13.07508982,12.19376611,1.0,0.410664,0.410664,0.0206576548517,-0.39000634514829996,0.39000634514829996
polar1m,149,28,H,13.73669827,10.89742045,11.66974127,1.0,0.401595,0.401595,0.0239289589226,-0.3776660410774,0.3776660410774
polar1m,149,29,H,9.88181297,12.82475049,10.95554794,1.0,0.37117,0.37117,0.0198303181678,-0.3513396818322,0.3513396818322
polar1m,150,0,H,11.12179256,8.66724338,10.51562371,1.0,0.401944,0.401944,0.020269529894,-0.38167447010600003,0.38167447010600003
polar1m,150,1,H,15.15843677,9.63954681,12.02723331,1.0,0.407599,0.407599,0.0106191076338,-0.3969798923662,0.3969798923662
polar1m,150,2,H,12.49297959,9.45660568,11.74158852,1.0,0.386168,0.386168,0.0252409987152,-0.3609270012848,0.3609270012848
polar1m,150,3,O,8.65305983,11.50148406,11.83777751,-2.0,1.271159,-0.7288410000000001,-0.0056244879961,0.7232165120039,0.7232165120039
polar1m,150,4,O,12.42530445,9.98222973,12.57330366,-2.0,1.287974,-0.712026,-0.0203205421567,0.6917054578433001,0.6917054578433001
polar1m,150,5,H,11.12156819,12.07515692,9.40831042,1.0,0.38334,0.38334,0.0197223890573,-0.3636176109427,0.3636176109427
polar1m,150,6,O,15.01122425,11.96924733,15.54571481,-2.0,1.187466,-0.8125340000000001,-0.051949378103,0.760584621897,0.760584621897
polar1m,150,7,H,11.77172919,9.910492,13.37087829,1.0,0.397297,0.397297,0.0266067907214,-0.3706902092786,0.3706902092786
polar1m,150,8,H,10.62282332,9.7661276,11.55859128,1.0,0.373104,0.373104,0.0153177008033,-0.3577862991967,0.3577862991967
polar1m,150,9,H,11.82940789,11.42324823,10.51902104,1.0,0.319769,0.319769,0.0150008648634,-0.3047681351366,0.3047681351366
polar1m,150,10,O,14.70566933,9.28114186,11.31320264,-2.0,1.142766,-0.857234,-0.0807868689299,0.7764471310701,0.7764471310701
polar1m,150,11,O,10.45012244,8.90385193,11.22285269,-2.0,1.213242,-0.7867580000000001,-0.0411718338728,0.7455861661272001,0.7455861661272001
polar1m,150,12,O,14.83801918,9.62192802,15.14058841,-2.0,1.310435,-0.689565,0.0118176415563,0.7013826415563,0.7013826415563
polar1m,150,13,H,12.26777422,12.90267575,13.98021589,1.0,0.395381,0.395381,0.0220128465444,-0.3733681534556,0.3733681534556
polar1m,150,14,H,14.77328187,8.60562909,15.0708032,1.0,0.408571,0.408571,0.0237007401884,-0.3848702598116,0.3848702598116
polar1m,150,15,O,12.54758852,11.94997077,14.08912594,-2.0,1.230929,-0.7690710000000001,-0.0381007865071,0.7309702134929,0.7309702134929
polar1m,150,16,H,13.89201328,13.56002161,11.2891475,1.0,0.373892,0.373892,0.0101484842598,-0.36374351574020003,0.36374351574020003
polar1m,150,17,O,14.13734104,14.52010698,11.34659652,-2.0,1.194017,-0.8059829999999999,-0.0502537414432,0.7557292585567998,0.7557292585567998
polar1m,150,18,H,9.99787972,13.4613221,13.48707384,1.0,0.41847,0.41847,0.021079255268,-0.39739074473200003,0.39739074473200003
polar1m,150,19,H,12.90475622,10.97885426,11.31926953,1.0,0.387447,0.387447,0.0243304930627,-0.36311650693729997,0.36311650693729997
polar1m,150,20,O,11.09333349,14.06411727,11.443101,-2.0,1.20915,-0.79085,-0.0578305833042,0.7330194166958001,0.7330194166958001
polar1m,150,21,H,14.35230794,11.20870994,15.57307085,1.0,0.35884,0.35884,0.0180857740343,-0.3407542259657,0.3407542259657
polar1m,150,22,H,14.69097232,11.62789349,12.57545238,1.0,0.336309,0.336309,0.0232666321099,-0.31304236789010004,0.31304236789010004
polar1m,150,23,H,9.39653119,12.22936851,12.84443407,1.0,0.406788,0.406788,0.0133145898581,-0.39347341014189996,0.39347341014189996
polar1m,150,24,H,11.17945975,13.29157508,11.93468776,1.0,0.359724,0.359724,0.0152228679508,-0.34450113204919997,0.34450113204919997
polar1m,150,25,H,14.65780926,9.87034497,16.0674231,1.0,0.425563,0.425563,0.0266875624657,-0.39887543753430005,0.39887543753430005
polar1m,150,26,H,8.00523493,11.02711006,12.19046098,1.0,0.456596,0.456596,0.0200864914805,-0.4365095085195,0.4365095085195
polar1m,150,27,H,14.92465308,12.20598449,14.63776496,1.0,0.406704,0.406704,0.0176551900804,-0.3890488099196,0.3890488099196
polar1m,150,28,H,11.7315012,11.61282329,13.82218611,1.0,0.379477,0.379477,0.0151046440005,-0.3643723559995,0.3643723559995
polar1m,150,29,O,15.28633898,10.73113988,12.9209677,-2.0,1.288438,-0.711562,-0.051018692553,0.6605433074470001,0.6605433074470001
polar1m,150,30,H,15.17416502,10.4490385,13.94631715,1.0,0.361362,0.361362,0.0207904800773,-0.3405715199227,0.3405715199227
polar1m,150,31,O,13.08708546,11.90758944,11.18427486,-2.0,1.38656,-0.61344,-0.110408514738,0.503031485262,0.503031485262
polar1m,150,32,H,9.14857766,10.63778545,11.56310765,1.0,0.377994,0.377994,0.0229505524039,-0.3550434475961,0.3550434475961
polar1m,150,33,O,9.89986805,12.52504302,13.52981207,-2.0,1.131674,-0.8683259999999999,-0.056590732187,0.811735267813,0.811735267813
polar1m,150,34,H,15.01521427,14.79359338,10.83487436,1.0,0.386772,0.386772,0.0188576150686,-0.3679143849314,0.3679143849314
polar1m,150,35,O,10.77137489,11.54819522,10.22151562,-2.0,1.225588,-0.7744120000000001,-0.083242200315,0.6911697996850001,0.6911697996850001
polar1m,150,36,H,11.85404982,13.6258244,10.96502055,1.0,0.375351,0.375351,0.0157462004572,-0.3596047995428,0.3596047995428
polar1m,150,37,H,12.0,12.0,12.0,1.0,0.28334,0.28334,0.157676786184,-0.12566321381599999,0.12566321381599999
polar1m,150,38,H,14.6411615,8.27275925,11.49399307,1.0,0.352799,0.352799,0.0159860607237,-0.33681293927629996,0.33681293927629996
polar1m,151,0,H,11.16840373,8.66401783,10.45408723,1.0,0.447887,0.447887,0.0253092236817,-0.42257777631829996,0.42257777631829996
polar1m,151,1,H,12.44195029,9.31835469,11.47945072,1.0,0.362998,0.362998,0.033695589751,-0.329302410249,0.329302410249
polar1m,151,2,O,8.78365545,11.47688001,11.67526494,-2.0,1.385791,-0.614209,0.0981787517667,0.7123877517667,0.7123877517667
polar1m,151,3,O,12.54762495,9.87253211,12.42794355,-2.0,1.237386,-0.7626139999999999,-0.0292172208428,0.7333967791571999,0.7333967791571999
polar1m,151,4,H,11.16493809,12.14325573,9.39111723,1.0,0.399805,0.399805,0.0248811915517,-0.37492380844830003,0.37492380844830003
polar1m,151,5,H,11.85462668,15.2352008,11.27047387,1.0,0.384089,0.384089,0.0604346245527,-0.3236543754473,0.3236543754473
polar1m,151,6,H,12.06966263,9.80011498,13.13715124,1.0,0.460035,0.460035,0.0264209229499,-0.4336140770501,0.4336140770501
polar1m,151,7,H,10.5746011,9.64354981,11.44416943,1.0,0.397134,0.397134,0.0187712348998,-0.3783627651002,0.3783627651002
polar1m,151,8,H,11.83995651,11.39595713,10.29330832,1.0,0.378632,0.378632,0.0103623457253,-0.36826965427470004,0.36826965427470004
polar1m,151,9,O,10.57825379,8.83667931,11.11224654,-2.0,1.176708,-0.8232919999999999,-0.026277653873,0.797014346127,0.797014346127
polar1m,151,10,H,8.39967103,11.08997562,14.07299374,1.0,0.323307,0.323307,0.0298926066607,-0.29341439333930003,0.29341439333930003
polar1m,151,11,H,12.36661947,12.77222575,13.67893265,1.0,0.369203,0.369203,0.0176022611558,-0.3516007388442,0.3516007388442
polar1m,151,12,O,7.78839746,10.04774487,13.91791893,-2.0,1.361899,-0.638101,-0.0350458472967,0.6030551527033,0.6030551527033
polar1m,151,13,O,12.68896401,11.8914212,13.9973478,-2.0,1.291008,-0.7089920000000001,-0.0397552847862,0.6692367152138,0.6692367152138
polar1m,151,14,H,13.91889715,13.42182178,11.15194758,1.0,0.380122,0.380122,0.0180068947375,-0.3621151052625,0.3621151052625
polar1m,151,15,O,14.25641701,14.47623135,11.20321935,-2.0,1.248993,-0.751007,-0.0212890952826,0.7297179047174,0.7297179047174
polar1m,151,16,H,10.06106273,13.46737147,13.36459063,1.0,0.395015,0.395015,0.0207491777837,-0.3742658222163,0.3742658222163
polar1m,151,17,H,13.01235485,10.907173,11.04017796,1.0,0.399798,0.399798,0.0196626149118,-0.3801353850882,0.3801353850882
polar1m,151,18,O,11.22167124,13.99714831,11.30265004,-2.0,1.330117,-0.669883,0.0237703844905,0.6936533844905,0.6936533844905
polar1m,151,19,O,12.04839917,18.4515633,10.49010331,-2.0,1.335161,-0.664839,0.0132014229894,0.6780404229893999,0.6780404229893999
polar1m,151,20,H,9.32193369,12.07277863,12.64677162,1.0,0.360869,0.360869,0.0193950310349,-0.3414739689651,0.3414739689651
polar1m,151,21,H,11.27892647,13.20016093,11.86721615,1.0,0.360694,0.360694,0.0251155868173,-0.3355784131827,0.3355784131827
polar1m,151,22,H,8.19757288,10.83936778,12.20362327,1.0,0.381662,0.381662,0.0357137396932,-0.3459482603068,0.3459482603068
polar1m,151,23,O,12.33879597,15.99040728,10.52552921,-2.0,1.292674,-0.7073259999999999,0.552140116692,1.2594661166919998,1.2594661166919998
polar1m,151,24,H,11.76908874,11.54206495,13.77634328,1.0,0.355616,0.355616,0.0195231065154,-0.3360928934846,0.3360928934846
polar1m,151,25,H,12.85236671,17.94281676,10.64689383,1.0,0.424741,0.424741,0.029562689364,-0.39517831063599995,0.39517831063599995
polar1m,151,26,H,8.31427652,9.71909537,13.0682746,1.0,0.345056,0.345056,0.0245911739767,-0.32046482602329995,0.32046482602329995
polar1m,151,27,O,13.25197802,11.83016149,11.0872841,-2.0,1.362345,-0.6376550000000001,-0.272906452417,0.36474854758300007,0.36474854758300007
polar1m,151,28,H,9.37682167,10.64143401,11.32026373,1.0,0.365735,0.365735,0.0356706082821,-0.3300643917179,0.3300643917179
polar1m,151,29,O,10.0401319,12.48451106,13.37890324,-2.0,1.202115,-0.797885,-0.166959002614,0.630925997386,0.630925997386
polar1m,151,30,H,13.2137524,15.46203218,10.63268522,1.0,0.387788,0.387788,0.0316484831274,-0.35613951687260004,0.35613951687260004
polar1m,151,31,H,15.00678311,14.7890462,10.71624804,1.0,0.452459,0.452459,0.0269440710545,-0.4255149289455,0.4255149289455
polar1m,151,32,O,10.94024956,11.45093518,10.12435451,-2.0,1.206492,-0.7935080000000001,-0.0503346994519,0.7431733005481,0.7431733005481
polar1m,151,33,H,12.02470875,13.62497967,10.90760315,1.0,0.396293,0.396293,0.0218416713178,-0.3744513286822,0.3744513286822
polar1m,151,34,H,12.0,12.0,12.0,1.0,0.23722,0.23722,0.29172757268,0.054507572680000005,0.054507572680000005
polar1m,151,35,H,11.9850616,17.01206892,10.70756353,1.0,0.40065,0.40065,0.0494083091617,-0.35124169083830004,0.35124169083830004
polar1m,151,36,H,11.89798141,19.16804934,11.403611,1.0,0.402503,0.402503,0.0375638082623,-0.3649391917377,0.3649391917377
polar1m,152,0,H,11.18862171,8.68258283,10.29341743,1.0,0.41469,0.41469,0.0271181054413,-0.3875718945587,0.3875718945587
polar1m,152,1,H,15.27107733,9.82872239,11.77478752,1.0,0.38122,0.38122,0.0185915157199,-0.3626284842801,0.3626284842801
polar1m,152,2,H,12.25584261,9.26556693,11.51819975,1.0,0.36761,0.36761,0.0240192562342,-0.3435907437658,0.3435907437658
polar1m,152,3,O,8.78691815,11.4459765,11.57736053,-2.0,1.372327,-0.6276729999999999,0.329864561558,0.957537561558,0.957537561558
polar1m,152,4,O,12.55549428,9.77026733,12.3296033,-2.0,1.271123,-0.728877,-0.0359729677439,0.6929040322561,0.6929040322561
polar1m,152,5,H,10.98102164,12.16341846,9.55155646,1.0,0.421781,0.421781,0.0219532698393,-0.3998277301607,0.3998277301607
polar1m,152,6,H,11.89835699,15.12202115,11.01458774,1.0,0.386473,0.386473,0.0332184135914,-0.3532545864086,0.3532545864086
polar1m,152,7,H,12.02256784,9.64204872,13.17567828,1.0,0.381114,0.381114,0.0266994461417,-0.3544145538583,0.3544145538583
polar1m,152,8,H,10.46994255,9.78988778,11.48555979,1.0,0.311793,0.311793,0.0208346061409,-0.2909583938591,0.2909583938591
polar1m,152,9,H,11.88863891,11.34043963,10.19903908,1.0,0.389368,0.389368,0.0117097757757,-0.3776582242243,0.3776582242243
polar1m,152,10,O,14.78865985,9.18076217,11.08803845,-2.0,1.081904,-0.918096,-0.132369175553,0.785726824447,0.785726824447
polar1m,152,11,O,10.56709214,8.76197991,11.07400769,-2.0,1.297424,-0.7025760000000001,-0.0326497256756,0.6699262743244001,0.6699262743244001
polar1m,152,12,H,8.33783744,10.88664005,13.87909382,1.0,0.383366,0.383366,0.0237698294222,-0.35959617057779997,0.35959617057779997
polar1m,152,13,H,12.41786354,12.65244117,13.48352084,1.0,0.366714,0.366714,0.015609357506,-0.351104642494,0.351104642494
polar1m,152,14,O,7.82628296,10.00759538,13.81098951,-2.0,1.282801,-0.7171989999999999,-0.0184221789241,0.6987768210758999,0.6987768210758999
polar1m,152,15,O,12.69672104,11.84752443,13.9659563,-2.0,1.28483,-0.7151700000000001,-0.0399831607938,0.6751868392062,0.6751868392062
polar1m,152,16,H,13.93059236,13.48361373,11.06208066,1.0,0.408448,0.408448,0.0168292410672,-0.39161875893279996,0.39161875893279996
polar1m,152,17,O,14.23727297,14.43661617,11.12960359,-2.0,1.281041,-0.7189589999999999,0.0787317976356,0.7976907976355999,0.7976907976355999
polar1m,152,18,H,9.95458179,13.46246746,13.29692459,1.0,0.387038,0.387038,0.0210380554199,-0.3659999445801,0.3659999445801
polar1m,152,19,H,13.07039522,10.83068904,10.8689515,1.0,0.393831,0.393831,0.023813907057,-0.370017092943,0.370017092943
polar1m,152,20,O,11.22336676,13.93906876,11.22772223,-2.0,1.337287,-0.6627130000000001,-0.0263574123383,0.6363555876617001,0.6363555876617001
polar1m,152,21,H,14.77577997,11.29249711,12.46755504,1.0,0.404549,0.404549,0.0138230584562,-0.39072594154379997,0.39072594154379997
polar1m,152,22,O,12.055278,18.40158431,10.38912231,-2.0,1.340715,-0.6592849999999999,0.00367628782988,0.66296128782988,0.66296128782988
polar1m,152,23,H,9.21609855,11.99098366,12.54734757,1.0,0.35484,0.35484,0.0266194269061,-0.3282205730939,0.3282205730939
polar1m,152,24,H,11.17128461,13.11927879,11.94762833,1.0,0.320564,0.320564,0.0281250588596,-0.29243894114040003,0.29243894114040003
polar1m,152,25,H,8.20833584,10.75174256,12.23702951,1.0,0.36226,0.36226,0.0508517473936,-0.31140825260640004,0.31140825260640004
polar1m,152,26,O,12.32237295,15.92701503,10.44465483,-2.0,1.28747,-0.7125300000000001,0.496742188931,1.209272188931,1.209272188931
polar1m,152,27,H,11.75083648,11.46751489,13.83926225,1.0,0.363555,0.363555,0.0203415453434,-0.3432134546566,0.3432134546566
polar1m,152,28,O,15.39491918,10.64050836,12.78866573,-2.0,1.267991,-0.7320089999999999,0.0407896563411,0.7727986563410999,0.7727986563410999
polar1m,152,29,H,12.93178844,17.97177687,10.62990572,1.0,0.404411,0.404411,0.0263695046306,-0.3780414953694,0.3780414953694
polar1m,152,30,H,15.26887297,10.61066388,13.72569393,1.0,0.44689,0.44689,0.0296933576465,-0.4171966423535,0.4171966423535
polar1m,152,31,H,8.38151033,9.68521478,13.12717547,1.0,0.404896,0.404896,0.0246172882617,-0.38027871173829997,0.38027871173829997
polar1m,152,32,O,13.28325783,11.7723029,11.06101696,-2.0,1.364353,-0.6356470000000001,-0.310347408056,0.3252995919440001,0.3252995919440001
polar1m,152,33,H,9.39117442,10.84452452,11.16960043,1.0,0.409232,0.409232,0.02715844661,-0.38207355339,0.38207355339
polar1m,152,34,O,10.05528232,12.45600738,13.30045005,-2.0,1.216509,-0.7834909999999999,-0.402904987335,0.3805860126649999,0.3805860126649999
polar1m,152,35,H,13.34933198,15.31382831,10.5251364,1.0,0.366094,0.366094,0.073922380805,-0.292171619195,0.292171619195
polar1m,152,36,H,14.92859469,14.74348354,10.59514366,1.0,0.474258,0.474258,0.0336664617062,-0.4405915382938,0.4405915382938
polar1m,152,37,O,10.97318547,11.37125664,10.08467669,-2.0,1.190825,-0.809175,-0.0481967329979,0.7609782670021,0.7609782670021
polar1m,152,38,H,12.07937878,13.66281745,10.83417243,1.0,0.376207,0.376207,0.0222971700132,-0.3539098299868,0.3539098299868
polar1m,152,39,H,12.0,12.0,12.0,1.0,0.234923,0.234923,0.345400035381,0.11047703538100001,0.11047703538100001
polar1m,152,40,H,14.87127278,8.22360146,11.0877765,1.0,0.406935,0.406935,0.0229807887226,-0.3839542112774,0.3839542112774
polar1m,152,41,H,12.03197243,16.91611557,10.62601309,1.0,0.397346,0.397346,0.0349072553217,-0.36243874467829995,0.36243874467829995
polar1m,152,42,H,11.86472331,18.97739915,11.31429894,1.0,0.402998,0.402998,0.0314209237695,-0.3715770762305,0.3715770762305
polar1m,153,0,H,11.05587994,8.76906343,10.22003846,1.0,0.373363,0.373363,0.0300578996539,-0.3433051003461,0.3433051003461
polar1m,153,1,H,15.0360871,9.79070028,11.71935779,1.0,0.392078,0.392078,0.0121224187315,-0.3799555812685,0.3799555812685
polar1m,153,2,H,11.90976732,9.23938527,11.75091282,1.0,0.38969,0.38969,0.0181009732187,-0.37158902678129996,0.37158902678129996
polar1m,153,3,O,8.63991431,11.43730317,11.58582699,-2.0,1.296943,-0.703057,0.0983907207847,0.8014477207847001,0.8014477207847001
polar1m,153,4,O,12.43023016,9.69856749,12.3332331,-2.0,1.253356,-0.7466440000000001,-0.0376985147595,0.7089454852405,0.7089454852405
polar1m,153,5,H,10.59622483,12.24505299,9.83366552,1.0,0.388346,0.388346,0.0205399822444,-0.3678060177556,0.3678060177556
polar1m,153,6,H,11.73852369,15.15829215,10.84177001,1.0,0.420268,0.420268,0.0240428820252,-0.3962251179748,0.3962251179748
polar1m,153,7,H,11.83065921,9.5239432,13.2263939,1.0,0.341587,0.341587,0.0285880696028,-0.31299893039719995,0.31299893039719995
polar1m,153,8,H,10.30091511,9.72552533,11.50135527,1.0,0.332789,0.332789,0.0197406373918,-0.3130483626082,0.3130483626082
polar1m,153,9,H,11.94830673,11.29364228,10.24488973,1.0,0.353519,0.353519,0.0198693573475,-0.3336496426525,0.3336496426525
polar1m,153,10,O,14.62668466,9.17731529,11.09619148,-2.0,1.132846,-0.867154,-0.0750737413764,0.7920802586236,0.7920802586236
polar1m,153,11,O,10.41868647,8.72952796,11.13863637,-2.0,1.333705,-0.6662950000000001,-0.0293592587113,0.6369357412887001,0.6369357412887001
polar1m,153,12,H,12.39197318,12.58382127,13.41662984,1.0,0.360767,0.360767,0.0155204758048,-0.3452465241952,0.3452465241952
polar1m,153,13,O,12.56319105,11.83531793,14.02394586,-2.0,1.259818,-0.7401819999999999,-0.0350639745593,0.7051180254406999,0.7051180254406999
polar1m,153,14,H,13.85025577,13.58123208,11.03454797,1.0,0.445616,0.445616,0.0213347747922,-0.4242812252078,0.4242812252078
polar1m,153,15,O,14.07401371,14.43300577,11.15408541,-2.0,1.341952,-0.658048,0.373869866133,1.031917866133,1.031917866133
polar1m,153,16,H,9.68870365,13.41938197,13.33107247,1.0,0.396699,0.396699,0.0229001007974,-0.3737988992026,0.3737988992026
polar1m,153,17,H,13.07182494,10.82467135,10.84721046,1.0,0.406745,0.406745,0.0308292470872,-0.3759157529128,0.3759157529128
polar1m,153,18,O,11.0916429,13.90332531,11.25173492,-2.0,1.296381,-0.703619,-0.0393160283566,0.6643029716434,0.6643029716434
polar1m,153,19,H,14.43941766,11.37399973,12.42851995,1.0,0.314302,0.314302,0.0175844579935,-0.2967175420065,0.2967175420065
polar1m,153,20,H,9.14928465,12.04634744,12.60559981,1.0,0.363204,0.363204,0.0254400670528,-0.33776393294720003,0.33776393294720003
polar1m,153,21,H,10.90089922,13.19796811,12.04620855,1.0,0.334072,0.334072,0.023376269266,-0.310695730734,0.310695730734
polar1m,153,22,H,8.13558227,10.83854288,12.18215545,1.0,0.449269,0.449269,0.0385530628264,-0.4107159371736,0.4107159371736
polar1m,153,23,O,12.17731866,15.88877409,10.45777999,-2.0,1.276259,-0.723741,0.279044479132,1.002785479132,1.002785479132
polar1m,153,24,H,11.70638256,11.441986,14.0397123,1.0,0.409072,0.409072,0.0222444571555,-0.3868275428445,0.3868275428445
polar1m,153,25,O,15.26525106,10.63422347,12.85227758,-2.0,1.34046,-0.65954,-0.0296442508698,0.6298957491302,0.6298957491302
polar1m,153,26,H,15.099776,10.65318374,13.92219444,1.0,0.385747,0.385747,0.0280489139259,-0.35769808607410003,0.35769808607410003
polar1m,153,27,O,13.17477465,11.7518527,11.13324594,-2.0,1.363476,-0.6365240000000001,-0.205047219992,0.43147678000800005,0.43147678000800005
polar1m,153,28,H,9.32446588,11.07447536,11.05986001,1.0,0.412169,0.412169,0.0224919393659,-0.3896770606341,0.3896770606341
polar1m,153,29,O,9.93460814,12.46126007,13.31723567,-2.0,1.222437,-0.777563,-0.1569660604,0.6205969396,0.6205969396
polar1m,153,30,H,13.29075906,15.25203056,10.57535323,1.0,0.383944,0.383944,0.105631627142,-0.27831237285800003,0.27831237285800003
polar1m,153,31,H,14.84444622,14.6875362,10.47964506,1.0,0.458091,0.458091,0.0451152138412,-0.41297578615880004,0.41297578615880004
polar1m,153,32,O,10.86142823,11.32352073,10.13659359,-2.0,1.248141,-0.751859,-0.0614898949862,0.6903691050138001,0.6903691050138001
polar1m,153,33,H,11.95758731,13.68577521,10.84194693,1.0,0.363989,0.363989,0.0209412388504,-0.3430477611496,0.3430477611496
polar1m,153,34,H,12.0,12.0,12.0,1.0,0.286743,0.286743,0.242023408413,-0.044719591587000035,0.044719591587000035
polar1m,153,35,H,14.84346939,8.14783449,11.04312865,1.0,0.386168,0.386168,0.0263908170164,-0.3597771829836,0.3597771829836
polar1m,153,36,H,11.91916176,16.7847559,10.63223234,1.0,0.485989,0.485989,0.0368655771017,-0.4491234228983,0.4491234228983
polar1m,154,0,H,10.67994124,8.91375072,10.39115708,1.0,0.394655,0.394655,0.0295501798391,-0.36510482016089996,0.36510482016089996
polar1m,154,1,H,11.35958982,9.17516512,11.97720023,1.0,0.352982,0.352982,0.0173170119524,-0.33566498804760003,0.33566498804760003
polar1m,154,2,O,12.15598804,9.68909241,12.46370466,-2.0,1.152508,-0.8474919999999999,-0.0652267858386,0.7822652141613999,0.7822652141613999
polar1m,154,3,H,10.10454688,12.31709163,10.25495974,1.0,0.357548,0.357548,0.020220965147,-0.337327034853,0.337327034853
polar1m,154,4,H,11.27474124,15.24306899,10.85671677,1.0,0.412684,0.412684,0.0218905434012,-0.3907934565988,0.3907934565988
polar1m,154,5,H,11.59931292,9.54872843,13.20573252,1.0,0.403846,0.403846,0.0212319418788,-0.3826140581212,0.3826140581212
polar1m,154,6,H,10.00449297,9.57320636,11.52252869,1.0,0.440707,0.440707,0.0199219416827,-0.4207850583173,0.4207850583173
polar1m,154,7,H,11.64474073,11.35656791,10.36838169,1.0,0.356022,0.356022,0.0160818397999,-0.3399401602001,0.3399401602001
polar1m,154,8,O,10.13091795,8.76582507,11.301224,-2.0,1.269824,-0.7301759999999999,9.95397567749e-05,0.7302755397567748,0.7302755397567748
polar1m,154,9,H,12.24031159,12.57215231,13.49523802,1.0,0.367213,0.367213,0.0124693401158,-0.35474365988420004,0.35474365988420004
polar1m,154,10,O,12.28870638,11.88733052,14.17937728,-2.0,1.232725,-0.7672749999999999,-0.0326264165342,0.7346485834658,0.7346485834658
polar1m,154,11,H,13.56945387,13.51206057,11.06654401,1.0,0.403717,0.403717,0.0332084596157,-0.3705085403843,0.3705085403843
polar1m,154,12,O,13.77305921,14.51245993,11.27339717,-2.0,1.405628,-0.5943719999999999,0.632095277309,1.2264672773089997,1.2264672773089997
polar1m,154,13,H,9.27438181,13.4178,13.4959007,1.0,0.427537,0.427537,0.023833874613,-0.403703125387,0.403703125387
polar1m,154,14,H,12.99054697,10.88041685,10.99389105,1.0,0.444192,0.444192,0.0331862494349,-0.41100575056509997,0.41100575056509997
polar1m,154,15,O,10.81281229,13.92094252,11.38114517,-2.0,1.261802,-0.7381979999999999,-0.012600466609,0.7255975333909999,0.7255975333909999
polar1m,154,16,H,14.16987995,11.30689801,12.61326355,1.0,0.322406,0.322406,0.00898250937462,-0.31342349062538005,0.31342349062538005
polar1m,154,17,H,9.07353314,12.22541906,12.81989459,1.0,0.44915,0.44915,0.0234903097153,-0.42565969028469997,0.42565969028469997
polar1m,154,18,H,10.49840524,13.44108528,12.14977277,1.0,0.387595,0.387595,0.0218484774232,-0.3657465225768,0.3657465225768
polar1m,154,19,O,11.901685,15.90743137,10.56322329,-2.0,1.252649,-0.7473510000000001,0.065940476954,0.8132914769540001,0.8132914769540001
polar1m,154,20,H,11.47118453,11.45645344,14.35554778,1.0,0.424098,0.424098,0.0217152945697,-0.40238270543029997,0.40238270543029997
polar1m,154,21,O,14.97610396,10.70732581,13.02547753,-2.0,1.195375,-0.8046249999999999,-0.0511132329702,0.7535117670297999,0.7535117670297999
polar1m,154,22,H,14.82078712,10.72120721,13.99026556,1.0,0.412091,0.412091,0.0204746183008,-0.3916163816992,0.3916163816992
polar1m,154,23,O,12.91616776,11.79881992,11.31083862,-2.0,1.355587,-0.6444129999999999,-0.0240536928177,0.6203593071822999,0.6203593071822999
polar1m,154,24,O,9.66719516,12.52891354,13.43473059,-2.0,1.24132,-0.75868,-0.0111434832215,0.7475365167785,0.7475365167785
polar1m,154,25,H,13.04592628,15.26259612,10.81333946,1.0,0.390464,0.390464,0.0604720488191,-0.32999195118089997,0.32999195118089997
polar1m,154,26,H,14.57612778,14.62033649,10.53316631,1.0,0.448532,0.448532,0.047246530652,-0.40128546934799997,0.40128546934799997
polar1m,154,27,O,10.60964536,11.33928949,10.28998891,-2.0,1.229491,-0.7705090000000001,-0.0510805174708,0.7194284825292001,0.7194284825292001
polar1m,154,28,H,11.63342029,13.68600049,10.98358751,1.0,0.395662,0.395662,0.0221857987344,-0.3734762012656,0.3734762012656
polar1m,154,29,H,12.0,12.0,12.0,1.0,0.342376,0.342376,0.0441754758358,-0.2982005241642,0.2982005241642
polar1m,154,30,H,11.6076007,16.7933027,10.76375302,1.0,0.469615,0.469615,0.0302058812231,-0.43940911877690003,0.43940911877690003
polar1m,155,0,H,10.18616701,9.09307828,10.69802516,1.0,0.436496,0.436496,0.0240134913474,-0.4124825086526,0.4124825086526
polar1m,155,1,H,10.90230966,9.2278878,12.21930417,1.0,0.348454,0.348454,0.0225368738174,-0.3259171261826,0.3259171261826
polar1m,155,2,O,7.98134255,11.65885625,11.84839417,-2.0,1.202247,-0.7977529999999999,-0.0502660758793,0.7474869241207,0.7474869241207
polar1m,155,3,O,11.79997135,9.76807744,12.6459279,-2.0,1.107423,-0.892577,-0.11682549119,0.77575150881,0.77575150881
polar1m,155,4,H,9.70380088,12.32097409,10.7104353,1.0,0.379537,0.379537,0.0292346831411,-0.3503023168589,0.3503023168589
polar1m,155,5,H,10.67438438,15.42438776,10.96859327,1.0,0.385631,0.385631,0.0270297154784,-0.3586012845216,0.3586012845216
polar1m,155,6,H,11.27235636,9.7311091,13.37904911,1.0,0.412579,0.412579,0.0193050149828,-0.39327398501719996,0.39327398501719996
polar1m,155,7,H,14.54490185,12.07088452,10.55514399,1.0,0.391697,0.391697,0.0105994381011,-0.38109756189890004,0.38109756189890004
polar1m,155,8,H,9.51090954,9.85696314,11.64701965,1.0,0.371434,0.371434,0.0242677107453,-0.3471662892547,0.3471662892547
polar1m,155,9,H,11.13275025,11.55570165,10.52742743,1.0,0.409496,0.409496,0.0169757846743,-0.39252021532570003,0.39252021532570003
polar1m,155,10,O,9.77800978,8.8766089,11.50509371,-2.0,1.32015,-0.6798500000000001,0.0414851531386,0.7213351531386001,0.7213351531386001
polar1m,155,11,O,12.17588713,13.56574194,8.69281279,-2.0,1.268657,-0.7313430000000001,-0.0314612910151,0.6998817089849001,0.6998817089849001
polar1m,155,12,H,11.98466652,12.64904094,13.6671232,1.0,0.38999,0.38999,0.0126575566828,-0.3773324433172,0.3773324433172
polar1m,155,13,O,11.94700563,12.03267151,14.38569904,-2.0,1.22107,-0.7789299999999999,-0.0312296077609,0.7477003922390999,0.7477003922390999
polar1m,155,14,H,13.18834727,13.58355749,11.18198414,1.0,0.373104,0.373104,0.0462735295296,-0.3268304704704,0.3268304704704
polar1m,155,15,O,13.40697485,14.68294138,11.4341684,-2.0,1.404964,-0.5950359999999999,0.68332451582,1.2783605158199998,1.2783605158199998
polar1m,155,16,H,12.83532594,11.01255118,11.25128743,1.0,0.446386,0.446386,0.0375806950033,-0.4088053049967,0.4088053049967
polar1m,155,17,O,10.45302484,14.03282519,11.55921483,-2.0,1.276745,-0.723255,0.00165375322104,0.72490875322104,0.72490875322104
polar1m,155,18,O,15.36452141,11.96045335,10.89070363,-2.0,1.230167,-0.769833,-0.031791485846,0.738041514154,0.738041514154
polar1m,155,19,H,13.93918331,11.23756704,12.92802739,1.0,0.42485,0.42485,0.0094598159194,-0.4153901840806,0.4153901840806
polar1m,155,20,H,10.03529035,13.74791185,12.35555645,1.0,0.459257,0.459257,0.0287930220366,-0.4304639779634,0.4304639779634
polar1m,155,21,H,7.44538453,10.85394853,12.32296426,1.0,0.414712,0.414712,0.0255866851658,-0.38912531483420004,0.38912531483420004
polar1m,155,22,O,11.55782528,16.01582268,10.7153912,-2.0,1.288951,-0.711049,0.00727806985378,0.71832706985378,0.71832706985378
polar1m,155,23,H,11.10382581,11.57431095,14.70274099,1.0,0.415363,0.415363,0.023450313136,-0.391912686864,0.391912686864
polar1m,155,24,O,14.60580943,10.88335642,13.24744323,-2.0,1.080752,-0.9192480000000001,-0.0425684936345,0.8766795063655001,0.8766795063655001
polar1m,155,25,H,11.22377639,13.25826361,8.33203219,1.0,0.397884,0.397884,0.0231340005994,-0.3747499994006,0.3747499994006
polar1m,155,26,H,14.46876298,10.84543844,14.11942829,1.0,0.454333,0.454333,0.0217280201614,-0.43260497983859997,0.43260497983859997
polar1m,155,27,H,15.8501394,12.21693129,9.99657227,1.0,0.388756,0.388756,0.0231580529362,-0.3655979470638,0.3655979470638
polar1m,155,28,O,12.58308073,11.94619935,11.54218487,-2.0,1.23799,-0.7620100000000001,-0.0122692361474,0.7497407638526,0.7497407638526
polar1m,155,29,H,8.76614232,11.54764564,11.19790593,1.0,0.363669,0.363669,0.016054045409,-0.347614954591,0.347614954591
polar1m,155,30,H,12.67779502,15.36962627,11.14544218,1.0,0.401978,0.401978,0.034807421267,-0.367170578733,0.367170578733
polar1m,155,31,H,14.15514815,14.64671643,10.74690465,1.0,0.458316,0.458316,0.0394139029086,-0.4189020970914,0.4189020970914
polar1m,155,32,H,12.25467243,12.59483809,9.08131774,1.0,0.344593,0.344593,0.016833089292,-0.327759910708,0.327759910708
polar1m,155,33,O,10.27742076,11.45589423,10.49673003,-2.0,1.217923,-0.7820769999999999,-0.0266451835632,0.7554318164367999,0.7554318164367999
polar1m,155,34,H,11.257608,13.68956793,11.19377632,1.0,0.392571,0.392571,0.0205713286996,-0.3719996713004,0.3719996713004
polar1m,155,35,H,12.0,12.0,12.0,1.0,0.458561,0.458561,0.0279560126364,-0.4306049873636,0.4306049873636
polar1m,155,36,H,11.21237404,16.96762368,10.94624881,1.0,0.423319,0.423319,0.0278951562941,-0.3954238437059,0.3954238437059
polar1m,156,0,H,10.37894653,9.26520151,10.37908142,1.0,0.422176,0.422176,0.0224502310157,-0.3997257689843,0.3997257689843
polar1m,156,1,H,11.26544218,9.36801981,11.94458859,1.0,0.375655,0.375655,0.0122449398041,-0.3634100601959,0.3634100601959
polar1m,156,2,O,8.21897682,11.84952509,11.5164988,-2.0,1.337735,-0.6622650000000001,0.0736468583345,0.7359118583345001,0.7359118583345001
polar1m,156,3,O,12.0365338,9.87382202,12.33950461,-2.0,1.208879,-0.791121,-0.059969522059,0.731151477941,0.731151477941
polar1m,156,4,H,10.07741842,12.28345888,10.61164991,1.0,0.392133,0.392133,0.0198446176946,-0.3722883823054,0.3722883823054
polar1m,156,5,H,10.84500238,15.71550108,10.57275834,1.0,0.401941,0.401941,0.0277126282454,-0.3742283717546,0.3742283717546
polar1m,156,6,H,11.50149266,9.9967508,13.27250803,1.0,0.341987,0.341987,0.0233734380454,-0.3186135619546,0.3186135619546
polar1m,156,7,H,9.57812354,10.14060444,11.28831974,1.0,0.28924,0.28924,0.0356243699789,-0.2536156300211,0.2536156300211
polar1m,156,8,H,11.48577303,11.83744714,10.21638234,1.0,0.384383,0.384383,0.0167643800378,-0.36761861996219997,0.36761861996219997
polar1m,156,9,O,10.02057418,9.02148191,11.2329379,-2.0,1.359284,-0.6407160000000001,-0.0229575037956,0.6177584962044,0.6177584962044
polar1m,156,10,H,12.26365185,12.78395572,13.35622484,1.0,0.392254,0.392254,0.014295052737,-0.377958947263,0.377958947263
polar1m,156,11,O,12.20694544,12.20186549,14.11504504,-2.0,1.215795,-0.784205,-0.0316675454378,0.7525374545622,0.7525374545622
polar1m,156,12,H,13.37539766,13.82548708,10.89649849,1.0,0.393501,0.393501,0.0408435314894,-0.3526574685106,0.3526574685106
polar1m,156,13,O,13.64795625,14.86766438,11.10832936,-2.0,1.350766,-0.6492340000000001,0.659936070442,1.3091700704420002,1.3091700704420002
polar1m,156,14,H,8.98868249,13.63614173,13.58996229,1.0,0.395867,0.395867,0.0222259033471,-0.3736410966529,0.3736410966529
polar1m,156,15,H,13.22874013,11.21354853,11.06914805,1.0,0.440848,0.440848,0.031331948936,-0.409516051064,0.409516051064
polar1m,156,16,O,10.68666731,14.17890782,11.24851947,-2.0,1.254133,-0.7458670000000001,-0.036585688591,0.7092813114090001,0.7092813114090001
polar1m,156,17,H,13.94576937,11.41202859,12.60769045,1.0,0.334762,0.334762,0.00985806249082,-0.32490393750918,0.32490393750918
polar1m,156,18,H,9.00933034,12.43224887,12.4404158,1.0,0.333495,0.333495,0.0243889242411,-0.3091060757589,0.3091060757589
polar1m,156,19,H,10.20151094,14.01484031,12.16956037,1.0,0.370838,0.370838,0.0213562734425,-0.3494817265575,0.3494817265575
polar1m,156,20,H,7.69894507,10.87332798,11.9037523,1.0,0.427717,0.427717,0.0463781617582,-0.38133883824180004,0.38133883824180004
polar1m,156,21,O,11.80123004,16.15543034,10.38706307,-2.0,1.301059,-0.698941,0.0497536882758,0.7486946882758,0.7486946882758
polar1m,156,22,H,11.39813143,11.82071709,14.48715427,1.0,0.428504,0.428504,0.0235152933747,-0.4049887066253,0.4049887066253
polar1m,156,23,O,14.85938755,11.08173505,12.98359147,-2.0,1.216283,-0.783717,-0.0507593341172,0.7329576658828,0.7329576658828
polar1m,156,24,H,14.68507383,10.95395246,14.0195769,1.0,0.386486,0.386486,0.023190818727,-0.363295181273,0.363295181273
polar1m,156,25,O,12.89312609,12.12418044,11.25873976,-2.0,1.341719,-0.6582809999999999,-0.022457420826,0.6358235791739999,0.6358235791739999
polar1m,156,26,H,8.84145318,11.73060919,10.96276204,1.0,0.440354,0.440354,0.0275567919016,-0.41279720809840004,0.41279720809840004
polar1m,156,27,O,9.61141581,12.90563448,13.32745748,-2.0,1.224035,-0.775965,-0.146894603968,0.629070396032,0.629070396032
polar1m,156,28,H,12.83196767,15.54437976,10.96004174,1.0,0.405512,0.405512,0.0496676117182,-0.3558443882818,0.3558443882818
polar1m,156,29,H,14.32621498,14.78952258,10.50642135,1.0,0.495461,0.495461,0.037486102432,-0.457974897568,0.457974897568
polar1m,156,30,O,10.51755765,11.60444028,10.22324171,-2.0,1.199002,-0.8009980000000001,-0.0324912816286,0.7685067183714,0.7685067183714
polar1m,156,31,H,11.48445,13.68108552,10.95395383,1.0,0.361829,0.361829,0.0176578462124,-0.3441711537876,0.3441711537876
polar1m,156,32,H,12.0,12.0,12.0,1.0,0.346521,0.346521,0.0428906530142,-0.30363034698580005,0.30363034698580005
polar1m,156,33,H,11.50040067,17.10587958,10.59797483,1.0,0.429845,0.429845,0.029788672924,-0.400056327076,0.400056327076
polar1m,157,0,H,11.61357479,9.54645853,11.66725001,1.0,0.468471,0.468471,0.0224448889494,-0.4460261110506,0.4460261110506
polar1m,157,1,O,8.36302246,12.07870296,11.26121237,-2.0,1.356563,-0.643437,0.154970988631,0.798407988631,0.798407988631
polar1m,157,2,O,12.19457526,10.03097226,12.10528776,-2.0,1.24432,-0.7556799999999999,-0.00465608388186,0.7510239161181399,0.7510239161181399
polar1m,157,3,H,10.3659022,12.46901314,10.61046639,1.0,0.355308,0.355308,0.0183104090393,-0.33699759096070003,0.33699759096070003
polar1m,157,4,H,11.11419758,16.06143812,10.21652207,1.0,0.46612,0.46612,0.0306691322476,-0.4354508677524,0.4354508677524
polar1m,157,5,H,11.79137247,10.3111669,13.05486532,1.0,0.37723,0.37723,0.0270724631846,-0.3501575368154,0.3501575368154
polar1m,157,6,H,11.74914084,12.12911321,9.96855089,1.0,0.351539,0.351539,0.0159756690264,-0.33556333097359997,0.33556333097359997
polar1m,157,7,H,12.40862346,12.99305838,13.11883798,1.0,0.395309,0.395309,0.0178052000701,-0.3775037999299,0.3775037999299
polar1m,157,8,O,12.40265659,12.41326816,13.90081787,-2.0,1.2437,-0.7563,-0.0131271928549,0.7431728071450999,0.7431728071450999
polar1m,157,9,H,13.46760344,14.22977532,10.75260086,1.0,0.428753,0.428753,0.0214738361537,-0.4072791638463,0.4072791638463
polar1m,157,10,O,13.81418334,15.08226124,10.84318782,-2.0,1.33247,-0.66753,0.405916422606,1.073446422606,1.073446422606
polar1m,157,11,H,9.14933076,13.73366691,13.45835516,1.0,0.416913,0.416913,0.0229997783899,-0.3939132216101,0.3939132216101
polar1m,157,12,H,13.49406466,11.46507337,10.93947639,1.0,0.432657,0.432657,0.0264988169074,-0.4061581830926,0.4061581830926
polar1m,157,13,O,10.84281826,14.36965762,10.99478777,-2.0,1.226447,-0.7735529999999999,-0.0532905608416,0.7202624391583999,0.7202624391583999
polar1m,157,14,H,13.94782737,11.64151137,12.40723156,1.0,0.28701,0.28701,0.010949049145,-0.276060950855,0.276060950855
polar1m,157,15,H,9.19756954,12.59262373,12.16872822,1.0,0.330239,0.330239,0.0487394779921,-0.2814995220079,0.2814995220079
polar1m,157,16,H,10.40832772,14.27958334,11.96713519,1.0,0.362067,0.362067,0.0197595581412,-0.3423074418588,0.3423074418588
polar1m,157,17,H,7.9915569,11.10114046,11.44741165,1.0,0.422014,0.422014,0.0349887870252,-0.38702521297479997,0.38702521297479997
polar1m,157,18,O,11.96119648,16.34350912,10.11458136,-2.0,1.29045,-0.7095499999999999,0.2942481637,1.0037981637,1.0037981637
polar1m,157,19,H,11.59462118,12.18046485,14.28022209,1.0,0.443197,0.443197,0.024680621922,-0.418516378078,0.418516378078
polar1m,157,20,O,15.03675877,11.32620285,12.77950449,-2.0,1.270718,-0.729282,-0.0770604014397,0.6522215985602999,0.6522215985602999
polar1m,157,21,H,14.83504129,11.10123435,13.84024656,1.0,0.357983,0.357983,0.0247133988887,-0.3332696011113,0.3332696011113
polar1m,157,22,O,13.13140772,12.35067666,11.03158615,-2.0,1.316712,-0.6832879999999999,-0.221797645092,0.4614903549079999,0.4614903549079999
polar1m,157,23,H,9.03509938,11.841772,10.51932083,1.0,0.409407,0.409407,0.0284670777619,-0.3809399222381,0.3809399222381
polar1m,157,24,O,9.81094357,13.15808421,13.08749518,-2.0,1.18718,-0.8128200000000001,-0.230191797018,0.5826282029820001,0.5826282029820001
polar1m,157,25,H,12.86188935,15.79818437,10.74761239,1.0,0.402229,0.402229,0.0805297493935,-0.3216992506065,0.3216992506065
polar1m,157,26,H,14.57725725,15.08600412,10.19652449,1.0,0.469765,0.469765,0.0403073765337,-0.4294576234663,0.4294576234663
polar1m,157,27,O,10.69031092,11.78891542,10.00077307,-2.0,1.232541,-0.7674589999999999,-0.061913818121,0.705545181879,0.705545181879
polar1m,157,28,H,11.5694765,13.7399583,10.83279427,1.0,0.352399,0.352399,0.0123547427356,-0.3400442572644,0.3400442572644
polar1m,157,29,H,12.0,12.0,12.0,1.0,0.301735,0.301735,0.240463092923,-0.061271907076999976,0.061271907076999976
polar1m,157,30,H,11.81201611,17.26257672,10.27073806,1.0,0.468553,0.468553,0.0376988314092,-0.4308541685908,0.4308541685908
polar1m,158,0,H,14.4706227,10.45630737,11.33150118,1.0,0.355487,0.355487,0.011652700603,-0.343834299397,0.343834299397
polar1m,158,1,H,11.67757505,9.62905512,11.39718789,1.0,0.443821,0.443821,0.0263161417097,-0.41750485829030004,0.41750485829030004
polar1m,158,2,O,12.24171031,10.23459112,11.99623694,-2.0,1.246787,-0.7532129999999999,0.0734752863646,0.8266882863645999,0.8266882863645999
polar1m,158,3,H,10.54280832,12.72135217,10.69437573,1.0,0.291346,0.291346,0.0160963088274,-0.2752496911726,0.2752496911726
polar1m,158,4,H,12.01997912,10.59156466,12.76148607,1.0,0.433779,0.433779,0.0164155103266,-0.41736348967340003,0.41736348967340003
polar1m,158,5,H,11.71313408,12.33174048,9.83946566,1.0,0.376992,0.376992,0.0117862522602,-0.36520574773979997,0.36520574773979997
polar1m,158,6,O,14.29121732,9.93701676,10.51162181,-2.0,1.210078,-0.789922,-0.0516436845064,0.7382783154936,0.7382783154936
polar1m,158,7,H,12.39312651,13.24295324,13.01931922,1.0,0.404742,0.404742,0.0160707402974,-0.38867125970259997,0.38867125970259997
polar1m,158,8,O,15.70761575,9.14899363,12.79283285,-2.0,1.130294,-0.8697060000000001,-0.0853271335363,0.7843788664637001,0.7843788664637001
polar1m,158,9,O,12.48646203,12.65206347,13.78635823,-2.0,1.262827,-0.7371730000000001,-0.00474259257317,0.7324304074268301,0.7324304074268301
polar1m,158,10,H,9.17427498,13.84785071,13.42750718,1.0,0.436365,0.436365,0.017873717472,-0.418491282528,0.418491282528
polar1m,158,11,H,13.58759851,11.71833066,10.87061145,1.0,0.377784,0.377784,0.0111525245011,-0.3666314754989,0.3666314754989
polar1m,158,12,O,10.8714236,14.58667298,10.85032506,-2.0,1.195147,-0.804853,-0.0531927645206,0.7516602354794001,0.7516602354794001
polar1m,158,13,H,14.11164057,11.84194898,12.44300117,1.0,0.367813,0.367813,0.0114568211138,-0.3563561788862,0.3563561788862
polar1m,158,14,H,9.31256508,12.86428633,12.17635163,1.0,0.380975,0.380975,0.0248599927872,-0.3561150072128,0.3561150072128
polar1m,158,15,H,10.59128912,14.53246413,11.76257212,1.0,0.380801,0.380801,0.0116571225226,-0.3691438774774,0.3691438774774
polar1m,158,16,H,15.51330991,10.23271196,13.04775076,1.0,0.347706,0.347706,0.0215865820646,-0.3261194179354,0.3261194179354
polar1m,158,17,H,11.55718713,12.59888063,14.18863516,1.0,0.400393,0.400393,0.0172729622573,-0.3831200377427,0.3831200377427
polar1m,158,18,O,15.07307729,11.6000509,12.68476213,-2.0,1.269075,-0.730925,-0.013048954308,0.717876045692,0.717876045692
polar1m,158,19,H,14.9762427,8.66346115,12.68112872,1.0,0.431157,0.431157,0.014410763979,-0.416746236021,0.416746236021
polar1m,158,20,H,14.8715095,11.31282917,13.5392553,1.0,0.42871,0.42871,0.0228329543024,-0.40587704569759997,0.40587704569759997
polar1m,158,21,O,13.24182945,12.60919609,10.91309259,-2.0,1.297064,-0.702936,-0.374117732048,0.32881826795200003,0.32881826795200003
polar1m,158,22,O,9.88725675,13.43056959,12.94238295,-2.0,1.290639,-0.7093609999999999,-0.0141794756055,0.6951815243944999,0.6951815243944999
polar1m,158,23,O,10.75401501,12.00312831,9.88380455,-2.0,1.238743,-0.7612570000000001,-0.0760185867548,0.6852384132452001,0.6852384132452001
polar1m,158,24,H,11.4995542,13.85349984,10.8607301,1.0,0.369408,0.369408,0.00938864052296,-0.36001935947704,0.36001935947704
polar1m,158,25,H,12.0,12.0,12.0,1.0,0.226679,0.226679,0.319103121758,0.092424121758,0.092424121758
polar1m,158,26,H,15.24940308,9.73014646,10.47476157,1.0,0.405388,0.405388,0.0188628211617,-0.3865251788383,0.3865251788383
polar1m,159,0,H,14.20513666,10.70143143,11.3094483,1.0,0.336713,0.336713,0.0136621929705,-0.3230508070295,0.3230508070295
polar1m,159,1,H,11.63744461,9.84260651,11.34039361,1.0,0.459477,0.459477,0.0322992131114,-0.42717778688860003,0.42717778688860003
polar1m,159,2,O,12.18865187,10.48531018,11.9590803,-2.0,1.32463,-0.67537,0.282101452351,0.957471452351,0.957471452351
polar1m,159,3,H,10.61806973,12.84431865,10.68876251,1.0,0.330485,0.330485,0.0149046108127,-0.31558038918729997,0.31558038918729997
polar1m,159,4,H,12.02088447,10.95775008,12.78327453,1.0,0.417972,0.417972,0.0298369377851,-0.3881350622149,0.3881350622149
polar1m,159,5,H,11.55633801,12.4965662,9.77780729,1.0,0.427834,0.427834,0.0150999762118,-0.4127340237882,0.4127340237882
polar1m,159,6,O,14.21650433,10.20119626,10.41115943,-2.0,1.201151,-0.7988489999999999,-0.0531144738197,0.7457345261802999,0.7457345261802999
polar1m,159,7,H,12.27672266,13.54973142,13.02085893,1.0,0.402742,0.402742,0.0197067074478,-0.3830352925522,0.3830352925522
polar1m,159,8,O,15.63886913,9.47352342,12.69837902,-2.0,1.209652,-0.790348,-0.053168065846,0.7371799341540001,0.7371799341540001
polar1m,159,9,O,12.45332992,12.93284537,13.75870589,-2.0,1.272723,-0.727277,-0.020192027092,0.707084972908,0.707084972908
polar1m,159,10,H,9.08504211,13.99869499,13.47683361,1.0,0.419547,0.419547,0.0211536418647,-0.3983933581353,0.3983933581353
polar1m,159,11,H,13.51700434,12.00003161,10.84227986,1.0,0.358698,0.358698,0.00878960639238,-0.34990839360762,0.34990839360762
polar1m,159,12,O,10.7886794,14.8448079,10.79193763,-2.0,1.19671,-0.8032900000000001,-0.0527865625918,0.7505034374082,0.7505034374082
polar1m,159,13,H,14.18973466,12.13441932,12.56397405,1.0,0.42394,0.42394,0.0137840770185,-0.4101559229815,0.4101559229815
polar1m,159,14,H,9.3561474,13.23443161,12.37251119,1.0,0.461241,0.461241,0.0187848769128,-0.4424561230872,0.4424561230872
polar1m,159,15,H,10.6440354,14.84564843,11.71938823,1.0,0.389052,0.389052,0.0133961252868,-0.3756558747132,0.3756558747132
polar1m,159,16,H,15.49388305,10.41312672,13.09191716,1.0,0.371735,0.371735,0.0179426334798,-0.35379236652019996,0.35379236652019996
polar1m,159,17,H,11.48350028,13.08707542,14.15582754,1.0,0.377838,0.377838,0.0175524055958,-0.3602855944042,0.3602855944042
polar1m,159,18,O,14.99649296,11.91878894,12.67006492,-2.0,1.197917,-0.8020830000000001,-0.0256564244628,0.7764265755372001,0.7764265755372001
polar1m,159,19,H,14.80952958,8.85316352,12.69099898,1.0,0.374718,0.374718,0.0164739545435,-0.3582440454565,0.3582440454565
polar1m,159,20,H,14.75725038,11.52832026,13.47785899,1.0,0.412051,0.412051,0.0224803294986,-0.3895706705014,0.3895706705014
polar1m,159,21,O,13.23508555,12.91487321,10.88708341,-2.0,1.23822,-0.7617799999999999,-0.638713598251,0.12306640174899985,0.12306640174899985
polar1m,159,22,O,9.85134178,13.73940231,12.88103577,-2.0,1.22113,-0.77887,-0.00829941779375,0.77057058220625,0.77057058220625
polar1m,159,23,O,10.70726019,12.27095355,9.86904919,-2.0,1.17076,-0.82924,-0.0620834976435,0.7671565023565,0.7671565023565
polar1m,159,24,H,11.3529469,14.03557224,10.95353959,1.0,0.346092,0.346092,0.0139482431114,-0.3321437568886,0.3321437568886
polar1m,159,25,H,12.0,12.0,12.0,1.0,0.226104,0.226104,0.322145700455,0.09604170045500002,0.09604170045500002
polar1m,159,26,H,15.13284466,10.22680059,10.27917559,1.0,0.430867,0.430867,0.0199513696134,-0.4109156303866,0.4109156303866
polar1m,160,0,O,12.79438501,8.75237069,14.39020721,-2.0,1.32916,-0.6708400000000001,0.167688518763,0.838528518763,0.838528518763
polar1m,160,1,O,11.61372155,12.0971978,10.84928877,-2.0,1.531332,-0.4686680000000001,0.665735602379,1.134403602379,1.134403602379
polar1m,160,2,H,10.47724316,11.93628532,14.39054805,1.0,0.37731,0.37731,0.0211964510381,-0.35611354896189995,0.35611354896189995
polar1m,160,3,H,13.13051722,13.80031898,11.0119119,1.0,0.313359,0.313359,0.0190741308033,-0.2942848691967,0.2942848691967
polar1m,160,4,O,11.68094735,13.52546709,13.24371423,-2.0,1.329541,-0.6704589999999999,-0.00237238407135,0.6680866159286499,0.6680866159286499
polar1m,160,5,H,10.07385133,14.2315753,11.78607151,1.0,0.3419,0.3419,0.0246487054974,-0.3172512945026,0.3172512945026
polar1m,160,6,H,13.7342284,11.82061736,14.27659015,1.0,0.405771,0.405771,0.0291595570743,-0.3766114429257,0.3766114429257
polar1m,160,7,H,12.94980005,9.62789557,14.64503664,1.0,0.388452,0.388452,0.0232731252909,-0.36517887470910004,0.36517887470910004
polar1m,160,8,O,13.08157115,9.77544962,11.7566903,-2.0,1.231996,-0.7680039999999999,-0.0311778485775,0.7368261514224999,0.7368261514224999
polar1m,160,9,H,13.88702159,9.87053276,11.21135504,1.0,0.417979,0.417979,0.0265266485512,-0.3914523514488,0.3914523514488
polar1m,160,10,O,14.78450796,7.92411116,15.73431123,-2.0,1.304498,-0.6955020000000001,-0.2595076859,0.43599431410000006,0.43599431410000006
polar1m,160,11,O,6.83819912,14.18574108,13.41791699,-2.0,1.117936,-0.882064,-0.0625582188368,0.8195057811631999,0.8195057811631999
polar1m,160,12,H,13.80538954,12.34477348,11.15763067,1.0,0.41825,0.41825,0.0138364993036,-0.40441350069640003,0.40441350069640003
polar1m,160,13,H,8.70383575,13.3292078,11.8312987,1.0,0.424652,0.424652,0.0237050913274,-0.40094690867259997,0.40094690867259997
polar1m,160,14,H,13.29869951,9.78258428,15.84700991,1.0,0.249854,0.249854,0.0306071415544,-0.2192468584456,0.2192468584456
polar1m,160,15,H,11.63828072,13.18643774,14.20014865,1.0,0.386215,0.386215,0.0318881236017,-0.35432687639829996,0.35432687639829996
polar1m,160,16,H,11.22311072,14.34758267,13.62221753,1.0,0.422418,0.422418,0.0337169244885,-0.3887010755115,0.3887010755115
polar1m,160,17,O,10.70149117,9.66079065,12.33492195,-2.0,1.304292,-0.695708,-0.0419737249613,0.6537342750387,0.6537342750387
polar1m,160,18,H,9.42634699,12.42304601,13.38468658,1.0,0.355201,0.355201,0.0177886113524,-0.3374123886476,0.3374123886476
polar1m,160,19,H,11.36951613,10.49997355,12.52902612,1.0,0.316997,0.316997,0.0198277793825,-0.29716922061749995,0.29716922061749995
polar1m,160,20,H,10.72441413,9.54951792,11.41430906,1.0,0.387283,0.387283,0.0189945641905,-0.3682884358095,0.3682884358095
polar1m,160,21,H,12.84325717,14.5954397,12.99964417,1.0,0.369127,0.369127,0.00951972603798,-0.35960727396201997,0.35960727396201997
polar1m,160,22,O,14.03434491,10.07078764,16.6898505,-2.0,1.188313,-0.811687,-0.142085373402,0.669601626598,0.669601626598
polar1m,160,23,H,13.65446076,8.16218054,15.2058109,1.0,0.34016,0.34016,0.0665933787823,-0.27356662121770003,0.27356662121770003
polar1m,160,24,H,13.23092034,11.90219234,9.18107936,1.0,0.377045,0.377045,0.0247171483934,-0.3523278516066,0.3523278516066
polar1m,160,25,H,14.64829783,9.25325217,16.23213431,1.0,0.348867,0.348867,0.0165441222489,-0.3323228777511,0.3323228777511
polar1m,160,26,O,14.04164907,13.14354683,10.95665024,-2.0,1.240092,-0.759908,-0.0447142571211,0.7151937428789,0.7151937428789
polar1m,160,27,H,15.36127912,8.07834889,14.82732202,1.0,0.334125,0.334125,0.0223208665848,-0.3118041334152,0.3118041334152
polar1m,160,28,H,12.68160529,10.21890383,9.44477599,1.0,0.377009,0.377009,0.0215509869158,-0.3554580130842,0.3554580130842
polar1m,160,29,O,13.34871627,10.93539305,9.61402487,-2.0,1.271076,-0.7289239999999999,-0.0282891392708,0.7006348607291999,0.7006348607291999
polar1m,160,30,H,12.46358944,9.34293637,11.1978449,1.0,0.385983,0.385983,0.0210791714489,-0.36490382855110004,0.36490382855110004
polar1m,160,31,H,13.29200404,16.14121842,12.960499,1.0,0.41391,0.41391,0.0249988138676,-0.3889111861324,0.3889111861324
polar1m,160,32,H,12.50704237,11.60886095,15.41569174,1.0,0.366274,0.366274,0.0351444780827,-0.3311295219173,0.3311295219173
polar1m,160,33,O,9.93907441,11.5755226,13.6975086,-2.0,1.250113,-0.749887,-0.0365728512406,0.7133141487593999,0.7133141487593999
polar1m,160,34,H,10.98430918,11.32288191,10.68875872,1.0,0.428581,0.428581,0.0374483950436,-0.3911326049564,0.3911326049564
polar1m,160,35,H,11.75532785,8.46860078,13.9382707,1.0,0.385996,0.385996,0.0406119637191,-0.3453840362809,0.3453840362809
polar1m,160,36,H,11.22074396,13.06947821,10.14669583,1.0,0.441503,0.441503,0.0869322195649,-0.3545707804351,0.3545707804351
polar1m,160,37,O,9.07373018,14.08684651,12.28635478,-2.0,1.354626,-0.6453739999999999,-0.00422558933496,0.6411484106650399,0.6411484106650399
polar1m,160,38,H,6.4384955,14.03967255,14.36089522,1.0,0.421515,0.421515,0.0257698241621,-0.3957451758379,0.3957451758379
polar1m,160,39,H,7.74083543,14.1882622,12.96211856,1.0,0.380753,0.380753,0.0123824216425,-0.36837057835750003,0.36837057835750003
polar1m,160,40,O,13.00257403,11.11455098,14.53411951,-2.0,1.376786,-0.6232139999999999,0.00755163282156,0.63076563282156,0.63076563282156
polar1m,160,41,O,13.34671253,15.25152205,12.5105747,-2.0,1.167891,-0.832109,-0.0464169643819,0.7856920356181,0.7856920356181
polar1m,160,42,H,12.0,12.0,12.0,1.0,0.425863,0.425863,0.0790614336729,-0.3468015663271,0.3468015663271
polar1m,161,0,O,12.67679637,8.7135789,14.38452417,-2.0,1.238866,-0.761134,-0.0506924167275,0.7104415832725,0.7104415832725
polar1m,161,1,O,11.49757164,12.01894368,10.86324277,-2.0,1.50055,-0.49944999999999995,0.656337141991,1.155787141991,1.155787141991
polar1m,161,2,H,10.34239782,11.79965857,14.49049335,1.0,0.360401,0.360401,0.0226950217038,-0.3377059782962,0.3377059782962
polar1m,161,3,H,13.18832293,13.64823962,11.0429651,1.0,0.396052,0.396052,0.0154578723013,-0.3805941276987,0.3805941276987
polar1m,161,4,O,11.54355306,13.43544655,13.32315456,-2.0,1.341979,-0.658021,-0.00738915801048,0.65063184198952,0.65063184198952
polar1m,161,5,H,9.95728797,14.14533238,11.80107052,1.0,0.286457,0.286457,0.0235479995608,-0.2629090004392,0.2629090004392
polar1m,161,6,H,13.45707366,11.77118514,14.39640928,1.0,0.437586,0.437586,0.0259149838239,-0.41167101617609997,0.41167101617609997
polar1m,161,7,H,12.68041154,9.64866721,14.70034449,1.0,0.364798,0.364798,0.016526196152,-0.348271803848,0.348271803848
polar1m,161,8,O,12.9133496,9.67851457,11.82278738,-2.0,1.283283,-0.716717,-0.036172658205,0.680544341795,0.680544341795
polar1m,161,9,H,13.97081069,9.63731956,11.39104368,1.0,0.378014,0.378014,0.0339143387973,-0.3440996612027,0.3440996612027
polar1m,161,10,O,14.62528959,7.84910076,15.8071331,-2.0,1.289608,-0.7103919999999999,0.0318459048867,0.7422379048866999,0.7422379048866999
polar1m,161,11,H,13.53019813,12.16066075,11.22611946,1.0,0.355424,0.355424,0.0151272155344,-0.3402967844656,0.3402967844656
polar1m,161,12,H,8.58925158,13.15005724,11.92868457,1.0,0.401549,0.401549,0.0200932621956,-0.3814557378044,0.3814557378044
polar1m,161,13,H,12.90209472,9.72123592,16.07488053,1.0,0.224101,0.224101,0.0379460342228,-0.1861549657772,0.1861549657772
polar1m,161,14,H,11.60624588,12.97503151,14.35753818,1.0,0.343952,0.343952,0.0393172800541,-0.30463471994589997,0.30463471994589997
polar1m,161,15,H,10.95685193,14.06500335,13.73624845,1.0,0.440126,0.440126,0.0283612329513,-0.4117647670487,0.4117647670487
polar1m,161,16,O,10.59640736,9.56323917,12.37499258,-2.0,1.262875,-0.737125,-0.0405043587089,0.6966206412911,0.6966206412911
polar1m,161,17,H,9.46515464,12.25016437,13.40253249,1.0,0.398278,0.398278,0.0141996406019,-0.38407835939810003,0.38407835939810003
polar1m,161,18,H,11.14246191,10.3191254,12.63328128,1.0,0.359577,0.359577,0.0138214565814,-0.3457555434186,0.3457555434186
polar1m,161,19,H,10.59998685,9.52817331,11.43245941,1.0,0.377492,0.377492,0.0184917412698,-0.3590002587302,0.3590002587302
polar1m,161,20,H,12.80155776,14.42339021,12.86541764,1.0,0.374155,0.374155,0.00962906330824,-0.36452593669176003,0.36452593669176003
polar1m,161,21,O,13.88960678,10.00546742,16.75993382,-2.0,1.23274,-0.76726,-0.157742157578,0.609517842422,0.609517842422
polar1m,161,22,H,13.79546532,8.02456877,15.28755436,1.0,0.386367,0.386367,0.0241813361645,-0.3621856638355,0.3621856638355
polar1m,161,23,H,12.96814996,11.73411722,9.40383276,1.0,0.398108,0.398108,0.0196069590747,-0.3785010409253,0.3785010409253
polar1m,161,24,H,14.48398333,9.15645864,16.23341592,1.0,0.34167,0.34167,0.0255087390542,-0.3161612609458,0.3161612609458
polar1m,161,25,O,13.89382907,13.06299039,11.0454094,-2.0,1.230491,-0.769509,-0.0430617667735,0.7264472332265,0.7264472332265
polar1m,161,26,H,15.18180447,8.1366711,15.04464223,1.0,0.400054,0.400054,0.0260317400098,-0.3740222599902,0.3740222599902
polar1m,161,27,H,12.5411775,10.12939648,9.57116869,1.0,0.373634,0.373634,0.0227002874017,-0.35093371259830003,0.35093371259830003
polar1m,161,28,O,13.22376669,10.84534311,9.66422181,-2.0,1.242253,-0.757747,-0.0296886153519,0.7280583846480999,0.7280583846480999
polar1m,161,29,H,12.33527225,9.40600863,11.16585386,1.0,0.38324,0.38324,0.0200072787702,-0.36323272122980005,0.36323272122980005
polar1m,161,30,H,13.14196808,16.10865383,12.88797178,1.0,0.444375,0.444375,0.0244747959077,-0.4199002040923,0.4199002040923
polar1m,161,31,H,12.41700471,11.55692456,15.46391211,1.0,0.363738,0.363738,0.0352803058922,-0.3284576941078,0.3284576941078
polar1m,161,32,O,9.80034005,11.47311439,13.72030532,-2.0,1.226786,-0.7732140000000001,-0.0347098037601,0.7385041962399,0.7385041962399
polar1m,161,33,H,10.85135677,11.41539684,10.66163432,1.0,0.464549,0.464549,0.0353252924979,-0.4292237075021,0.4292237075021
polar1m,161,34,H,11.8374503,8.4545079,13.9041484,1.0,0.401403,0.401403,0.0215142965317,-0.3798887034683,0.3798887034683
polar1m,161,35,H,11.02366729,13.039827,10.2728386,1.0,0.434011,0.434011,0.0916396155953,-0.3423713844047,0.3423713844047
polar1m,161,36,O,8.89468648,13.99939022,12.34805963,-2.0,1.357615,-0.642385,-0.031345628202,0.6110393717979999,0.6110393717979999
polar1m,161,37,O,12.86371353,11.06315281,14.57428832,-2.0,1.349237,-0.650763,0.0161538273096,0.6669168273096,0.6669168273096
polar1m,161,38,O,13.19917267,15.2292618,12.52978915,-2.0,1.120907,-0.8790929999999999,-0.0494767017663,0.8296162982336999,0.8296162982336999
polar1m,161,39,H,12.0,12.0,12.0,1.0,0.4337,0.4337,0.0951324030757,-0.33856759692429994,0.33856759692429994
polar1m,162,0,O,11.52267346,11.95566385,11.09225896,-2.0,1.515915,-0.4840850000000001,0.730985283852,1.215070283852,1.215070283852
polar1m,162,1,H,10.29266919,11.62762806,14.72834804,1.0,0.403425,0.403425,0.0250581838191,-0.37836681618089996,0.37836681618089996
polar1m,162,2,H,13.259279,13.61217575,11.27676677,1.0,0.405966,0.405966,0.0174924023449,-0.3884735976551,0.3884735976551
polar1m,162,3,O,11.54866303,13.33367444,13.62775839,-2.0,1.31398,-0.6860200000000001,-0.00520467758179,0.6808153224182101,0.6808153224182101
polar1m,162,4,O,12.90621104,9.58112268,12.09910188,-2.0,1.290671,-0.7093290000000001,-0.0346338227391,0.6746951772609001,0.6746951772609001
polar1m,162,5,H,13.88549766,9.40796733,11.86981372,1.0,0.415081,0.415081,0.0283604003489,-0.38672059965109995,0.38672059965109995
polar1m,162,6,H,13.42121074,11.95753006,11.48574268,1.0,0.312106,0.312106,0.0228699594736,-0.2892360405264,0.2892360405264
polar1m,162,7,H,11.73373156,12.81711936,14.48431948,1.0,0.409149,0.409149,0.0318562574685,-0.37729274253149997,0.37729274253149997
polar1m,162,8,H,10.75460082,13.84572426,14.02937845,1.0,0.413134,0.413134,0.0290170516819,-0.3841169483181,0.3841169483181
polar1m,162,9,O,10.62683312,9.46225861,12.62712288,-2.0,1.237231,-0.762769,-0.0393382832408,0.7234307167592,0.7234307167592
polar1m,162,10,H,9.60719267,12.20885393,13.51839926,1.0,0.381484,0.381484,0.0178668908775,-0.3636171091225,0.3636171091225
polar1m,162,11,H,11.04841556,10.14324054,12.9650997,1.0,0.410814,0.410814,0.0158878229558,-0.3949261770442,0.3949261770442
polar1m,162,12,H,10.61871596,9.49154674,11.62145835,1.0,0.338448,0.338448,0.0202139094472,-0.31823409055280005,0.31823409055280005
polar1m,162,13,H,12.8492517,14.27398506,12.99278976,1.0,0.36538,0.36538,0.0135975182056,-0.35178248179439997,0.35178248179439997
polar1m,162,14,H,12.84209766,11.56240044,9.81145846,1.0,0.404885,0.404885,0.0188992246985,-0.3859857753015,0.3859857753015
polar1m,162,15,O,13.89182179,12.97259496,11.34312136,-2.0,1.264884,-0.7351160000000001,-0.0434356927872,0.6916803072128002,0.6916803072128002
polar1m,162,16,H,12.55740377,10.08007858,9.87732068,1.0,0.37719,0.37719,0.0237431190908,-0.3534468809092,0.3534468809092
polar1m,162,17,O,13.23924471,10.74724109,9.91704366,-2.0,1.227156,-0.7728440000000001,-0.0267759338021,0.7460680661979001,0.7460680661979001
polar1m,162,18,H,12.3038645,9.38418187,11.2448773,1.0,0.323991,0.323991,0.0251164697111,-0.2988745302889,0.2988745302889
polar1m,162,19,H,13.05499264,16.06639998,13.07413292,1.0,0.451008,0.451008,0.0233893245459,-0.42761867545410004,0.42761867545410004
polar1m,162,20,O,9.80437766,11.36149038,13.95939875,-2.0,1.246286,-0.753714,-0.0269541665912,0.7267598334088,0.7267598334088
polar1m,162,21,H,10.72960442,11.35320452,10.8526984,1.0,0.462217,0.462217,0.0504636876285,-0.4117533123715,0.4117533123715
polar1m,162,22,H,11.0104277,12.96694857,10.7552488,1.0,0.465903,0.465903,0.0769072398543,-0.38899576014570003,0.38899576014570003
polar1m,162,23,O,13.19525032,15.20116428,12.74506116,-2.0,1.122903,-0.877097,-0.0493934564292,0.8277035435708,0.8277035435708
polar1m,162,24,H,12.0,12.0,12.0,1.0,0.440792,0.440792,0.0540112629533,-0.3867807370467,0.3867807370467
polar1m,163,0,O,11.59820914,11.92099329,11.27508655,-2.0,1.415364,-0.5846359999999999,0.679030239582,1.263666239582,1.263666239582
polar1m,163,1,H,10.31822479,11.49144623,14.93533279,1.0,0.414383,0.414383,0.0184767656028,-0.3959062343972,0.3959062343972
polar1m,163,2,H,13.23231076,13.73472146,11.45831529,1.0,0.341846,0.341846,0.0290907286108,-0.3127552713892,0.3127552713892
polar1m,163,3,O,11.6152747,13.24998571,13.90032717,-2.0,1.269557,-0.730443,-0.00883463025093,0.7216083697490699,0.7216083697490699
polar1m,163,4,H,11.53700362,14.55850825,10.68810006,1.0,0.383133,0.383133,0.00878374278545,-0.37434925721455,0.37434925721455
polar1m,163,5,O,12.96124775,9.50211934,12.32829402,-2.0,1.189848,-0.810152,-0.0364327467978,0.7737192532022,0.7737192532022
polar1m,163,6,H,13.75461603,9.1825305,12.30726061,1.0,0.464965,0.464965,0.0179043281823,-0.44706067181770004,0.44706067181770004
polar1m,163,7,H,13.53852404,12.00134186,11.65707506,1.0,0.366962,0.366962,0.0135804116726,-0.3533815883274,0.3533815883274
polar1m,163,8,H,11.94987976,12.68512707,14.48342821,1.0,0.444621,0.444621,0.0198613833636,-0.4247596166364,0.4247596166364
polar1m,163,9,H,10.67139818,13.6436194,14.2453519,1.0,0.391585,0.391585,0.0304451994598,-0.3611398005402,0.3611398005402
polar1m,163,10,O,10.70899132,9.36750946,12.83034036,-2.0,1.240051,-0.759949,-0.0537783131003,0.7061706868997,0.7061706868997
polar1m,163,11,H,9.80256026,12.17850105,13.59610953,1.0,0.358629,0.358629,0.0251346193254,-0.33349438067459997,0.33349438067459997
polar1m,163,12,H,11.137571,10.19175385,13.33778822,1.0,0.353813,0.353813,0.0190415233374,-0.3347714766626,0.3347714766626
polar1m,163,13,O,10.66337931,14.52836332,10.85260274,-2.0,0.976049,-1.0239509999999998,-0.856571316719,0.16737968328099984,0.16737968328099984
polar1m,163,14,H,10.70675717,9.46850725,11.88645414,1.0,0.357402,0.357402,0.0154821872711,-0.3419198127289,0.3419198127289
polar1m,163,15,H,12.9312192,14.27753016,13.12026443,1.0,0.3745,0.3745,0.0134618803859,-0.3610381196141,0.3610381196141
polar1m,163,16,H,12.76880354,11.52200628,10.13324008,1.0,0.373966,0.373966,0.0221163406968,-0.3518496593032,0.3518496593032
polar1m,163,17,O,13.95719415,12.87779113,11.60589401,-2.0,1.255856,-0.7441439999999999,-0.0504577234387,0.6936862765612999,0.6936862765612999
polar1m,163,18,H,12.6253632,10.00923258,10.10639524,1.0,0.362143,0.362143,0.0190078765154,-0.3431351234846,0.3431351234846
polar1m,163,19,O,13.32376139,10.66158494,10.12625438,-2.0,1.240578,-0.759422,-0.0423118844628,0.7171101155372,0.7171101155372
polar1m,163,20,H,12.48990849,9.36388837,11.45221484,1.0,0.347505,0.347505,0.021575242281,-0.325929757719,0.325929757719
polar1m,163,21,H,12.94558016,16.06300583,13.30288417,1.0,0.410527,0.410527,0.0207347925752,-0.3897922074248,0.3897922074248
polar1m,163,22,O,9.87035178,11.26853827,14.15792767,-2.0,1.271357,-0.7286429999999999,-0.0272373780608,0.7014056219392,0.7014056219392
polar1m,163,23,H,10.68189582,11.2642766,11.07110768,1.0,0.436001,0.436001,0.0666684731841,-0.3693325268159,0.3693325268159
polar1m,163,24,H,11.11067564,12.90081732,11.26669,1.0,0.324017,0.324017,0.0374747589231,-0.2865422410769,0.2865422410769
polar1m,163,25,O,13.25955764,15.17999649,12.91034318,-2.0,1.176165,-0.8238350000000001,-0.0439788363874,0.7798561636126001,0.7798561636126001
polar1m,163,26,H,12.0,12.0,12.0,1.0,0.459177,0.459177,0.0417324006557,-0.4174445993443,0.4174445993443
polar1m,164,0,O,11.48131591,11.92274698,11.01524494,-2.0,1.497419,-0.5025809999999999,0.676028966904,1.178609966904,1.178609966904
polar1m,164,1,H,10.21896476,11.44812507,14.7794241,1.0,0.393101,0.393101,0.0204445254058,-0.3726564745942,0.3726564745942
polar1m,164,2,H,13.20634274,13.68392561,11.24883447,1.0,0.361953,0.361953,0.0265802927315,-0.33537270726850005,0.33537270726850005
polar1m,164,3,O,11.50843348,13.21020765,13.74287119,-2.0,1.299496,-0.700504,-0.00694427639246,0.69355972360754,0.69355972360754
polar1m,164,4,H,11.6538828,14.48639036,10.41132298,1.0,0.254245,0.254245,0.008007183671,-0.246237816329,0.246237816329
polar1m,164,5,O,12.81371901,15.53413058,9.35205199,-2.0,1.283599,-0.7164010000000001,-0.0350419953465,0.6813590046535001,0.6813590046535001
polar1m,164,6,H,13.25168389,14.74998992,8.87020766,1.0,0.370204,0.370204,0.0180442836136,-0.3521597163864,0.3521597163864
polar1m,164,7,H,11.85757426,15.01915119,9.06458559,1.0,0.348204,0.348204,0.0227015931159,-0.32550240688410004,0.32550240688410004
polar1m,164,8,O,12.83612135,9.46290977,12.13882108,-2.0,1.213048,-0.7869520000000001,-0.0355116724968,0.7514403275032001,0.7514403275032001
polar1m,164,9,H,13.71541578,8.88181125,12.27401374,1.0,0.382553,0.382553,0.0219215378165,-0.36063146218349995,0.36063146218349995
polar1m,164,10,H,13.51256663,12.04097116,11.38531092,1.0,0.411104,0.411104,0.0130486115813,-0.39805538841870003,0.39805538841870003
polar1m,164,11,H,12.06614033,12.43727548,14.21632365,1.0,0.391586,0.391586,0.0257890336215,-0.3657969663785,0.3657969663785
polar1m,164,12,H,10.59941032,13.42560518,14.02900818,1.0,0.425911,0.425911,0.0265603847802,-0.3993506152198,0.3993506152198
polar1m,164,13,O,10.62782325,9.31208816,12.6238584,-2.0,1.221576,-0.778424,-0.058388620615,0.7200353793850001,0.7200353793850001
polar1m,164,14,H,9.84606088,12.00774132,13.37908719,1.0,0.385656,0.385656,0.0214756205678,-0.3641803794322,0.3641803794322
polar1m,164,15,H,10.97506769,10.14294713,13.18019558,1.0,0.344677,0.344677,0.0169992223382,-0.3276777776618,0.3276777776618
polar1m,164,16,O,10.56782808,14.50955035,10.62456898,-2.0,1.068598,-0.9314020000000001,-0.862835228443,0.06856677155700008,0.06856677155700008
polar1m,164,17,H,10.6500038,9.48611988,11.72461379,1.0,0.37179,0.37179,0.0145755335689,-0.3572144664311,0.3572144664311
polar1m,164,18,H,12.79594145,14.37702704,12.89098701,1.0,0.382129,0.382129,0.0108797699213,-0.3712492300787,0.3712492300787
polar1m,164,19,H,12.65652667,11.42107585,9.99914129,1.0,0.372964,0.372964,0.0185268260539,-0.3544371739461,0.3544371739461
polar1m,164,20,O,13.85261367,12.8313071,11.44962158,-2.0,1.20613,-0.7938700000000001,-0.0465927310288,0.7472772689712001,0.7472772689712001
polar1m,164,21,H,12.53756969,9.91859574,9.87081545,1.0,0.356191,0.356191,0.018960043788,-0.337230956212,0.337230956212
polar1m,164,22,O,13.24171717,10.61592046,9.91124717,-2.0,1.24378,-0.7562199999999999,-0.0449358671904,0.7112841328095999,0.7112841328095999
polar1m,164,23,H,12.58701681,9.32930269,11.31880204,1.0,0.401879,0.401879,0.0167979076505,-0.3850810923495,0.3850810923495
polar1m,164,24,H,12.63263815,15.96851365,13.14151666,1.0,0.382072,0.382072,0.0216535087675,-0.3604184912325,0.3604184912325
polar1m,164,25,O,9.76879408,11.21608183,13.92578318,-2.0,1.27482,-0.7251799999999999,-0.0232448130846,0.7019351869153999,0.7019351869153999
polar1m,164,26,H,10.55246907,11.23611076,10.92903936,1.0,0.410059,0.410059,0.0604472346604,-0.34961176533960003,0.34961176533960003
polar1m,164,27,H,11.06202529,12.85073591,11.30833199,1.0,0.342308,0.342308,0.0333593785763,-0.3089486214237,0.3089486214237
polar1m,164,28,O,13.16433117,15.19249843,12.64924049,-2.0,1.206496,-0.793504,-0.0400776341558,0.7534263658442,0.7534263658442
polar1m,164,29,H,12.0,12.0,12.0,1.0,0.396453,0.396453,0.0607713833451,-0.3356816166549,0.3356816166549
polar1m,165,0,O,11.4054946,11.99814542,10.80881418,-2.0,1.494437,-0.505563,0.613605082035,1.1191680820349998,1.1191680820349998
polar1m,165,1,H,10.13144385,11.49952618,14.60235162,1.0,0.400914,0.400914,0.025926174596,-0.374987825404,0.374987825404
polar1m,165,2,H,13.33835727,13.53976668,11.09973398,1.0,0.455026,0.455026,0.0196024365723,-0.4354235634277,0.4354235634277
polar1m,165,3,O,11.46576349,13.23630359,13.62054529,-2.0,1.237775,-0.7622249999999999,-0.0776288732886,0.6845961267113999,0.6845961267113999
polar1m,165,4,H,13.50059289,11.62111144,14.62114957,1.0,0.456394,0.456394,0.0283860303462,-0.4280079696538,0.4280079696538
polar1m,165,5,O,12.7818874,9.49229215,12.00878755,-2.0,1.296561,-0.7034389999999999,-0.039674423635,0.663764576365,0.663764576365
polar1m,165,6,H,13.60083024,8.74683281,12.22505914,1.0,0.370653,0.370653,0.0312285739928,-0.3394244260072,0.3394244260072
polar1m,165,7,H,13.43639461,11.88867155,11.10974772,1.0,0.354006,0.354006,0.021640598774,-0.332365401226,0.332365401226
polar1m,165,8,H,12.12633618,12.31717673,13.99023817,1.0,0.34032,0.34032,0.0455228835344,-0.29479711646560003,0.29479711646560003
polar1m,165,9,H,10.60637363,13.27295459,13.90792142,1.0,0.43379,0.43379,0.0244012791663,-0.40938872083370004,0.40938872083370004
polar1m,165,10,O,10.59877748,9.33232871,12.4727172,-2.0,1.222542,-0.777458,-0.0517293252051,0.7257286747949,0.7257286747949
polar1m,165,11,H,9.94369966,11.91454055,13.20421145,1.0,0.386083,0.386083,0.0140895880759,-0.3719934119241,0.3719934119241
polar1m,165,12,H,10.77337695,10.03986689,12.96051616,1.0,0.39923,0.39923,0.0121340788901,-0.3870959211099,0.3870959211099
polar1m,165,13,H,10.66645773,9.58779821,11.51520235,1.0,0.329774,0.329774,0.0171270109713,-0.31264698902870003,0.31264698902870003
polar1m,165,14,H,12.64701256,14.46697041,12.76585819,1.0,0.35042,0.35042,0.00832502171397,-0.34209497828603,0.34209497828603
polar1m,165,15,H,12.68349416,11.34863159,9.86881763,1.0,0.403038,0.403038,0.0150332562625,-0.3880047437375,0.3880047437375
polar1m,165,16,O,13.80516492,12.88260731,11.33658321,-2.0,1.222129,-0.777871,-0.0394000560045,0.7384709439955,0.7384709439955
polar1m,165,17,H,12.55760984,9.90340206,9.63797293,1.0,0.384789,0.384789,0.0264003835618,-0.35838861643819997,0.35838861643819997
polar1m,165,18,O,13.20866824,10.64224278,9.73333053,-2.0,1.24047,-0.75953,-0.0267342627048,0.7327957372952001,0.7327957372952001
polar1m,165,19,H,12.67564039,9.28527722,11.01009241,1.0,0.343047,0.343047,0.0203156992793,-0.3227313007207,0.3227313007207
polar1m,165,20,H,12.43625394,15.82160189,12.98781895,1.0,0.390125,0.390125,0.0231187567115,-0.3670062432885,0.3670062432885
polar1m,165,21,H,12.78806261,11.16616222,15.79934742,1.0,0.410621,0.410621,0.0379957817495,-0.3726252182505,0.3726252182505
polar1m,165,22,O,9.72221119,11.23381146,13.73928585,-2.0,1.254077,-0.7459229999999999,-0.0266800075769,0.7192429924230999,0.7192429924230999
polar1m,165,23,H,10.57778339,11.34569809,10.85143562,1.0,0.439791,0.439791,0.0459300875664,-0.3938609124336,0.3938609124336
polar1m,165,24,H,11.05036798,12.85057615,11.27840148,1.0,0.446673,0.446673,0.0453266128898,-0.4013463871102,0.4013463871102
polar1m,165,25,O,12.71175957,11.13570435,14.65871278,-2.0,1.337882,-0.662118,0.030873991549,0.6929919915489999,0.6929919915489999
polar1m,165,26,O,13.12171412,15.28612112,12.42713015,-2.0,1.215006,-0.784994,-0.0420077443123,0.7429862556876999,0.7429862556876999
polar1m,165,27,H,12.0,12.0,12.0,1.0,0.384429,0.384429,0.196871340275,-0.18755765972500002,0.18755765972500002
polar1m,166,0,O,11.36564189,12.10399971,10.67664744,-2.0,1.427642,-0.5723579999999999,0.427373379469,0.9997313794689999,0.9997313794689999
polar1m,166,1,H,10.04279697,11.58398702,14.44959171,1.0,0.420924,0.420924,0.0288865640759,-0.3920374359241,0.3920374359241
polar1m,166,2,H,13.28971978,13.68210175,10.88015889,1.0,0.40229,0.40229,0.023146443069,-0.379143556931,0.379143556931
polar1m,166,3,O,11.48958245,13.27989661,13.55061673,-2.0,1.307221,-0.692779,-0.0514036789536,0.6413753210464,0.6413753210464
polar1m,166,4,H,13.58164816,11.612937,14.56228388,1.0,0.417881,0.417881,0.032391898334,-0.38548910166600003,0.38548910166600003
polar1m,166,5,O,12.78959018,9.53945247,11.93415651,-2.0,1.236115,-0.7638849999999999,-0.038434997201,0.725450002799,0.725450002799
polar1m,166,6,H,15.6423569,10.06736347,15.20837341,1.0,0.41938,0.41938,0.0260494817048,-0.3933305182952,0.3933305182952
polar1m,166,7,H,13.34863312,8.82137972,12.15756497,1.0,0.438771,0.438771,0.0292645543814,-0.4095064456186,0.4095064456186
polar1m,166,8,O,15.39588343,10.1127054,14.25642644,-2.0,1.210876,-0.7891239999999999,-0.0335039570928,0.7556200429072,0.7556200429072
polar1m,166,9,H,13.50696164,11.95862393,10.92634669,1.0,0.357627,0.357627,0.0223495736718,-0.33527742632819996,0.33527742632819996
polar1m,166,10,H,12.06654199,12.36674567,13.81772991,1.0,0.352749,0.352749,0.0335863642395,-0.31916263576049997,0.31916263576049997
polar1m,166,11,H,10.54319217,13.1858635,13.92401518,1.0,0.399221,0.399221,0.0302640236914,-0.36895697630859997,0.36895697630859997
polar1m,166,12,O,10.60513486,9.36932323,12.36913061,-2.0,1.218172,-0.781828,-0.0622564554214,0.7195715445786,0.7195715445786
polar1m,166,13,H,10.101349,11.9884264,12.97629819,1.0,0.322698,0.322698,0.0170534513891,-0.30564454861089996,0.30564454861089996
polar1m,166,14,H,10.61951744,10.16072522,12.93210146,1.0,0.361179,0.361179,0.00989608466625,-0.35128291533374995,0.35128291533374995
polar1m,166,15,H,10.73434817,9.67802134,11.4529366,1.0,0.335839,0.335839,0.0169321671128,-0.3189068328872,0.3189068328872
polar1m,166,16,H,12.59088684,14.55997573,12.66845519,1.0,0.334879,0.334879,0.0108350999653,-0.32404390003469996,0.32404390003469996
polar1m,166,17,H,12.65957299,11.46237761,9.787287,1.0,0.372361,0.372361,0.0156944990158,-0.3566665009842,0.3566665009842
polar1m,166,18,O,13.81191695,12.93451977,11.29070614,-2.0,1.309106,-0.6908939999999999,-0.0330384075642,0.6578555924357999,0.6578555924357999
polar1m,166,19,H,14.62051886,10.67961838,14.12216273,1.0,0.369282,0.369282,0.0170219074935,-0.3522600925065,0.3522600925065
polar1m,166,20,H,12.64477647,9.94176749,9.43231215,1.0,0.406859,0.406859,0.027951978147,-0.378907021853,0.378907021853
polar1m,166,21,O,13.22602488,10.68716329,9.6094342,-2.0,1.247148,-0.7528520000000001,-0.0267126038671,0.7261393961329001,0.7261393961329001
polar1m,166,22,H,12.80163338,9.27035754,10.9009399,1.0,0.339042,0.339042,0.024072535336,-0.314969464664,0.314969464664
polar1m,166,23,H,12.39316571,15.72830514,12.83888571,1.0,0.417974,0.417974,0.0253473371267,-0.3926266628733,0.3926266628733
polar1m,166,24,H,12.86988472,11.07341461,15.51641942,1.0,0.453679,0.453679,0.0344038791955,-0.4192751208045,0.4192751208045
polar1m,166,25,O,9.71954927,11.27332929,13.62294887,-2.0,1.323867,-0.6761330000000001,-0.0172417089343,0.6588912910657001,0.6588912910657001
polar1m,166,26,H,10.69666077,11.51995658,10.82156772,1.0,0.46912,0.46912,0.0397604703903,-0.4293595296097,0.4293595296097
polar1m,166,27,H,11.06931365,12.87239285,11.20478631,1.0,0.448843,0.448843,0.0411690995097,-0.4076739004903,0.4076739004903
polar1m,166,28,O,12.68583078,11.27791537,14.56888868,-2.0,1.303468,-0.6965319999999999,0.0194217041135,0.7159537041134999,0.7159537041134999
polar1m,166,29,O,13.11264019,15.4062358,12.26950221,-2.0,1.207065,-0.792935,-0.0423658154905,0.7505691845094999,0.7505691845094999
polar1m,166,30,H,12.0,12.0,12.0,1.0,0.368719,0.368719,0.352085143328,-0.016633856672000014,0.016633856672000014
polar1m,167,0,O,12.66693235,8.89855881,14.0294125,-2.0,1.190243,-0.8097570000000001,-0.0656765773892,0.7440804226108001,0.7440804226108001
polar1m,167,1,O,11.30542899,12.23496474,10.54498638,-2.0,1.446238,-0.5537620000000001,0.262303292751,0.8160652927510001,0.8160652927510001
polar1m,167,2,H,9.9314883,11.70686338,14.36969067,1.0,0.419849,0.419849,0.0381334349513,-0.3817155650487,0.3817155650487
polar1m,167,3,H,13.20354665,13.81638283,10.65133311,1.0,0.363256,0.363256,0.0352788567543,-0.32797714324570004,0.32797714324570004
polar1m,167,4,O,11.49215067,13.33303252,13.47250677,-2.0,1.28861,-0.71139,-0.0214131996036,0.6899768003964,0.6899768003964
polar1m,167,5,H,13.65875184,11.69258684,14.47142433,1.0,0.379276,0.379276,0.0384880453348,-0.3407879546652,0.3407879546652
polar1m,167,6,H,12.10016767,9.60015812,14.09759061,1.0,0.381912,0.381912,0.0153514705598,-0.36656052944019996,0.36656052944019996
polar1m,167,7,O,12.77723327,9.60794728,11.83649357,-2.0,1.193988,-0.806012,-0.0428440049291,0.7631679950708999,0.7631679950708999
polar1m,167,8,H,15.47592853,10.29592177,15.09647875,1.0,0.426987,0.426987,0.0282690022141,-0.3987179977859,0.3987179977859
polar1m,167,9,H,13.15315523,8.84178774,12.1104938,1.0,0.435378,0.435378,0.0451481938362,-0.3902298061638,0.3902298061638
polar1m,167,10,O,15.33555662,10.22902601,14.16945057,-2.0,1.231088,-0.768912,-0.0302125588059,0.7386994411941,0.7386994411941
polar1m,167,11,H,13.64820101,12.24430898,10.80146078,1.0,0.436663,0.436663,0.0212755873799,-0.41538741262010004,0.41538741262010004
polar1m,167,12,H,11.88864764,12.56482395,13.66040234,1.0,0.401588,0.401588,0.0245221704245,-0.3770658295755,0.3770658295755
polar1m,167,13,H,10.56950085,13.19786954,13.91105233,1.0,0.399438,0.399438,0.0341747812927,-0.3652632187073,0.3652632187073
polar1m,167,14,O,10.57892173,9.42307035,12.25714454,-2.0,1.192845,-0.8071550000000001,-0.120442226529,0.6867127734710001,0.6867127734710001
polar1m,167,15,H,10.41354136,9.74584402,9.46361641,1.0,0.403721,0.403721,0.0258364807814,-0.3778845192186,0.3778845192186
polar1m,167,16,H,10.16229025,11.99536321,12.82199175,1.0,0.329503,0.329503,0.0217391513288,-0.3077638486712,0.3077638486712
polar1m,167,17,H,10.42030478,10.31517611,12.9254398,1.0,0.326148,0.326148,0.0158046782017,-0.3103433217983,0.3103433217983
polar1m,167,18,H,10.7956424,9.75133079,11.43414213,1.0,0.34483,0.34483,0.0163064450026,-0.32852355499740005,0.32852355499740005
polar1m,167,19,H,12.63760094,14.6695009,12.47374224,1.0,0.350065,0.350065,0.0102889053524,-0.3397760946476,0.3397760946476
polar1m,167,20,H,12.60844637,11.56342775,9.66325657,1.0,0.328218,0.328218,0.0136610344052,-0.3145569655948,0.3145569655948
polar1m,167,21,O,13.79043412,12.9954446,11.23738728,-2.0,1.32274,-0.67726,-0.0178378596902,0.6594221403098,0.6594221403098
polar1m,167,22,H,14.65002637,10.91038897,14.03276094,1.0,0.353277,0.353277,0.0215571410954,-0.3317198589046,0.3317198589046
polar1m,167,23,H,11.19129832,8.53346118,8.98067657,1.0,0.454736,0.454736,0.035925373435,-0.41881062656499995,0.41881062656499995
polar1m,167,24,O,11.28960538,9.45962149,9.1216773,-2.0,1.274141,-0.725859,0.00761828571558,0.73347728571558,0.73347728571558
polar1m,167,25,H,12.67352965,10.01203728,9.20034209,1.0,0.392634,0.392634,0.0186408087611,-0.37399319123889996,0.37399319123889996
polar1m,167,26,O,13.223005,10.75445536,9.47771465,-2.0,1.183441,-0.816559,-0.0618653818965,0.7546936181035,0.7546936181035
polar1m,167,27,H,12.87640964,9.33838272,10.9811917,1.0,0.407636,0.407636,0.0264770798385,-0.3811589201615,0.3811589201615
polar1m,167,28,H,12.34861079,15.82459372,12.70185219,1.0,0.417708,0.417708,0.0260137114674,-0.3916942885326,0.3916942885326
polar1m,167,29,H,12.87001603,10.94733934,15.26993963,1.0,0.445625,0.445625,0.0353787392378,-0.4102462607622,0.4102462607622
polar1m,167,30,O,9.69469316,11.33778694,13.49298231,-2.0,1.376229,-0.6237710000000001,0.0365027189255,0.6602737189255001,0.6602737189255001
polar1m,167,31,H,10.63520723,11.56059572,10.77464883,1.0,0.424073,0.424073,0.037165440619,-0.38690755938099997,0.38690755938099997
polar1m,167,32,H,12.56997815,8.48854756,13.02927577,1.0,0.358792,0.358792,0.0375474318862,-0.3212445681138,0.3212445681138
polar1m,167,33,H,11.04850886,12.98474076,11.0770371,1.0,0.441417,0.441417,0.0350729078054,-0.4063440921946,0.4063440921946
polar1m,167,34,O,12.63266358,11.43619536,14.47516207,-2.0,1.300019,-0.699981,-0.0071894004941,0.6927915995059,0.6927915995059
polar1m,167,35,O,13.06898567,15.5317699,12.11115529,-2.0,1.210074,-0.7899259999999999,-0.035876840353,0.7540491596469999,0.7540491596469999
polar1m,167,36,H,12.0,12.0,12.0,1.0,0.36761,0.36761,0.438876867294,0.071266867294,0.071266867294
polar1m,168,0,O,9.21590973,10.49492231,10.14543651,-2.0,1.31961,-0.68039,0.032347753644,0.712737753644,0.712737753644
polar1m,168,1,O,12.62383726,9.00112307,13.91591641,-2.0,1.235015,-0.764985,-0.0622048601508,0.7027801398492001,0.7027801398492001
polar1m,168,2,O,11.21480827,12.37439896,10.44398944,-2.0,1.45361,-0.5463899999999999,0.179252415895,0.7256424158949999,0.7256424158949999
polar1m,168,3,H,9.30291472,10.05468543,10.94572971,1.0,0.413181,0.413181,0.0269528143108,-0.38622818568920003,0.38622818568920003
polar1m,168,4,H,9.78133501,11.81610966,14.32426064,1.0,0.417571,0.417571,0.0399993397295,-0.37757166027050004,0.37757166027050004
polar1m,168,5,H,13.23435089,13.75351583,10.57457179,1.0,0.394865,0.394865,0.0299110077322,-0.3649539922678,0.3649539922678
polar1m,168,6,O,11.45188613,13.41181119,13.41232169,-2.0,1.230601,-0.7693989999999999,-0.0427986606956,0.7266003393043999,0.7266003393043999
polar1m,168,7,H,8.40038978,10.0571147,9.50545225,1.0,0.432431,0.432431,0.0486033670604,-0.3838276329396,0.3838276329396
polar1m,168,8,H,13.52352965,11.83175696,14.3962678,1.0,0.402807,0.402807,0.035188999027,-0.367618000973,0.367618000973
polar1m,168,9,H,11.99605019,9.7465774,13.99575871,1.0,0.354731,0.354731,0.0150357708335,-0.3396952291665,0.3396952291665
polar1m,168,10,O,12.73580795,9.70243105,11.76276497,-2.0,1.27914,-0.7208600000000001,-0.0569564625621,0.6639035374379001,0.6639035374379001
polar1m,168,11,H,15.29558171,10.52450478,15.06833027,1.0,0.403191,0.403191,0.0288869906217,-0.3743040093783,0.3743040093783
polar1m,168,12,H,13.08319499,8.74259708,12.12762586,1.0,0.375574,0.375574,0.0612307190895,-0.3143432809105,0.3143432809105
polar1m,168,13,O,15.24313719,10.3592977,14.10413182,-2.0,1.230295,-0.7697050000000001,-0.0278060734272,0.7418989265728001,0.7418989265728001
polar1m,168,14,H,13.74884243,12.35478101,10.58058775,1.0,0.419631,0.419631,0.0231813341379,-0.39644966586209995,0.39644966586209995
polar1m,168,15,H,11.83093981,12.56371244,13.61288194,1.0,0.374589,0.374589,0.0222661532462,-0.3523228467538,0.3523228467538
polar1m,168,16,H,10.67683893,13.33615579,13.86491301,1.0,0.432182,0.432182,0.0285045690835,-0.4036774309165,0.4036774309165
polar1m,168,17,O,10.51095212,9.49831874,12.18413164,-2.0,1.232135,-0.767865,-0.0982234627008,0.6696415372992001,0.6696415372992001
polar1m,168,18,H,10.33677001,9.81404008,9.61342791,1.0,0.337138,0.337138,0.0231335014105,-0.31400449858949997,0.31400449858949997
polar1m,168,19,H,10.10616582,11.9455171,12.79408552,1.0,0.388004,0.388004,0.0186493396759,-0.3693546603241,0.3693546603241
polar1m,168,20,H,10.2003022,10.28893039,12.83762353,1.0,0.348947,0.348947,0.0164631679654,-0.3324838320346,0.3324838320346
polar1m,168,21,H,10.88835567,9.84743588,11.35718758,1.0,0.334975,0.334975,0.0200828388333,-0.31489216116670005,0.31489216116670005
polar1m,168,22,H,12.75460555,14.76516936,12.22812039,1.0,0.377608,0.377608,0.00819224491715,-0.36941575508285,0.36941575508285
polar1m,168,23,H,12.59025211,11.54204161,9.53329398,1.0,0.364517,0.364517,0.0130811333656,-0.35143586663439996,0.35143586663439996
polar1m,168,24,O,13.72986937,13.09645788,11.20805851,-2.0,1.310867,-0.689133,0.00499397516251,0.69412697516251,0.69412697516251
polar1m,168,25,H,14.69694877,11.09344704,13.94074808,1.0,0.380995,0.380995,0.0203631985933,-0.3606318014067,0.3606318014067
polar1m,168,26,H,11.25403687,8.67180138,8.81548761,1.0,0.418833,0.418833,0.0338203832507,-0.3850126167493,0.3850126167493
polar1m,168,27,O,11.2785694,9.60181418,9.03049802,-2.0,1.233183,-0.7668170000000001,-0.0582438781857,0.7085731218143001,0.7085731218143001
polar1m,168,28,H,12.63271915,10.11666072,9.00043182,1.0,0.391155,0.391155,0.0183887816966,-0.37276621830339995,0.37276621830339995
polar1m,168,29,O,13.19114354,10.84569706,9.36984291,-2.0,1.145238,-0.854762,-0.0705807358027,0.7841812641973,0.7841812641973
polar1m,168,30,H,12.91296427,9.43091152,10.87596156,1.0,0.397031,0.397031,0.02597361058,-0.37105738942,0.37105738942
polar1m,168,31,H,12.27809165,16.09842284,12.6279083,1.0,0.382374,0.382374,0.0271563287824,-0.3552176712176,0.3552176712176
polar1m,168,32,H,12.77431371,10.80736758,15.12432547,1.0,0.412238,0.412238,0.0413400307298,-0.3708979692702,0.3708979692702
polar1m,168,33,O,9.64345761,11.42417342,13.38254258,-2.0,1.318812,-0.6811879999999999,0.0173534676433,0.6985414676432999,0.6985414676432999
polar1m,168,34,H,10.51547675,11.59882291,10.70431446,1.0,0.366092,0.366092,0.0314192213118,-0.3346727786882,0.3346727786882
polar1m,168,35,H,12.46893052,8.50481573,12.96910701,1.0,0.354095,0.354095,0.048507027328,-0.305587972672,0.305587972672
polar1m,168,36,H,10.9751914,13.18935648,10.96422157,1.0,0.425424,0.425424,0.0334179066122,-0.3920060933878,0.3920060933878
polar1m,168,37,O,12.55818472,11.60302937,14.40577363,-2.0,1.329485,-0.670515,0.00324904918671,0.67376404918671,0.67376404918671
polar1m,168,38,O,12.98745116,15.65945198,11.98148771,-2.0,1.215617,-0.784383,-0.0359014645219,0.7484815354781,0.7484815354781
polar1m,168,39,H,12.0,12.0,12.0,1.0,0.366214,0.366214,0.475769132376,0.10955513237600001,0.10955513237600001
polar1m,169,0,O,9.15061807,10.60790062,10.11242959,-2.0,1.307192,-0.6928080000000001,0.00219416618347,0.6950021661834701,0.6950021661834701
polar1m,169,1,O,12.57331153,9.09733139,13.86846709,-2.0,1.202994,-0.7970060000000001,-0.0355942174792,0.7614117825208001,0.7614117825208001
polar1m,169,2,O,11.11273384,12.50686994,10.41794381,-2.0,1.392791,-0.6072090000000001,0.119802460074,0.7270114600740001,0.7270114600740001
polar1m,169,3,H,9.39030112,10.20792597,11.05594436,1.0,0.364121,0.364121,0.0262746959925,-0.3378463040075,0.3378463040075
polar1m,169,4,H,9.60711044,11.86029652,14.25112806,1.0,0.433056,0.433056,0.0367211475968,-0.3963348524032,0.3963348524032
polar1m,169,5,H,13.30701114,13.65509644,10.60442961,1.0,0.453841,0.453841,0.0297208242118,-0.4241201757882,0.4241201757882
polar1m,169,6,O,11.41196603,13.50058547,13.40403768,-2.0,1.240575,-0.759425,-0.20730510354,0.55211989646,0.55211989646
polar1m,169,7,H,8.31150001,10.20168816,9.66127709,1.0,0.439345,0.439345,0.0407560989261,-0.3985889010739,0.3985889010739
polar1m,169,8,H,13.32775068,12.04468832,14.40100641,1.0,0.489798,0.489798,0.040997043252,-0.448800956748,0.448800956748
polar1m,169,9,H,11.90164102,9.86241763,13.91477153,1.0,0.351719,0.351719,0.0196337513626,-0.3320852486374,0.3320852486374
polar1m,169,10,O,12.69999126,9.79150667,11.75456675,-2.0,1.350597,-0.649403,-0.0318579748273,0.6175450251726999,0.6175450251726999
polar1m,169,11,H,12.99635509,8.84664373,12.07165782,1.0,0.397165,0.397165,0.0441146567464,-0.35305034325359996,0.35305034325359996
polar1m,169,12,H,13.842907,12.40894838,10.44275618,1.0,0.363087,0.363087,0.031148172915,-0.331938827085,0.331938827085
polar1m,169,13,H,15.16940221,11.34674348,10.20706982,1.0,0.392356,0.392356,0.0328467413783,-0.35950925862169997,0.35950925862169997
polar1m,169,14,H,11.84809653,12.4822334,13.65844351,1.0,0.344024,0.344024,0.0299052298069,-0.31411877019309997,0.31411877019309997
polar1m,169,15,H,10.62348322,13.56029899,13.94314629,1.0,0.407582,0.407582,0.0325141996145,-0.3750678003855,0.3750678003855
polar1m,169,16,O,10.42802455,9.58265556,12.17942072,-2.0,1.213706,-0.786294,-0.0560889393091,0.7302050606909001,0.7302050606909001
polar1m,169,17,H,10.36922998,9.85770743,9.70505822,1.0,0.335367,0.335367,0.0282137170434,-0.30715328295660005,0.30715328295660005
polar1m,169,18,H,10.10251133,12.02335493,12.76125176,1.0,0.373997,0.373997,0.0158811546862,-0.35811584531380003,0.35811584531380003
polar1m,169,19,H,10.00962272,10.15553097,12.74815388,1.0,0.402466,0.402466,0.0212821215391,-0.3811838784609,0.3811838784609
polar1m,169,20,H,10.99769079,9.91442669,11.40703252,1.0,0.349289,0.349289,0.0235071927309,-0.3257818072691,0.3257818072691
polar1m,169,21,H,12.86689322,14.80624262,12.04281021,1.0,0.372506,0.372506,0.0114151388407,-0.3610908611593,0.3610908611593
polar1m,169,22,H,12.49876434,11.56860505,9.50097008,1.0,0.376436,0.376436,0.0167661830783,-0.35966981692169997,0.35966981692169997
polar1m,169,23,O,13.65831577,13.20803453,11.23791214,-2.0,1.302106,-0.697894,-0.00294174253941,0.69495225746059,0.69495225746059
polar1m,169,24,H,11.25462304,8.82862731,8.70346459,1.0,0.419162,0.419162,0.0359159782529,-0.3832460217471,0.3832460217471
polar1m,169,25,O,11.24944997,9.74723691,9.00641216,-2.0,1.252276,-0.747724,-0.0322944298387,0.7154295701613,0.7154295701613
polar1m,169,26,O,15.06404126,11.10213472,11.16989202,-2.0,1.215666,-0.7843340000000001,-0.0436682403088,0.7406657596912001,0.7406657596912001
polar1m,169,27,H,12.56889254,10.25891856,8.9071674,1.0,0.392868,0.392868,0.0207489170134,-0.3721190829866,0.3721190829866
polar1m,169,28,O,13.16123742,10.93964064,9.32267251,-2.0,1.159404,-0.8405959999999999,-0.0634853169322,0.7771106830677998,0.7771106830677998
polar1m,169,29,H,12.92676281,9.54724454,10.72575013,1.0,0.352651,0.352651,0.0323353856802,-0.3203156143198,0.3203156143198
polar1m,169,30,H,12.27476505,16.36727076,12.59540763,1.0,0.383546,0.383546,0.0318026393652,-0.3517433606348,0.3517433606348
polar1m,169,31,H,12.60910462,10.80350711,14.98133569,1.0,0.425622,0.425622,0.0530547946692,-0.3725672053308,0.3725672053308
polar1m,169,32,O,9.58182854,11.51232373,13.34928355,-2.0,1.255948,-0.7440519999999999,-0.019522331655,0.724529668345,0.724529668345
polar1m,169,33,H,10.48790926,11.79194915,10.6322724,1.0,0.387875,0.387875,0.027887172997,-0.359987827003,0.359987827003
polar1m,169,34,H,12.24635229,8.58490834,13.23361372,1.0,0.428574,0.428574,0.0299196410924,-0.39865435890760004,0.39865435890760004
polar1m,169,35,H,10.88364153,13.36050843,10.88956778,1.0,0.437514,0.437514,0.0373447164893,-0.4001692835107,0.4001692835107
polar1m,169,36,O,12.48100521,11.75421871,14.41000535,-2.0,1.315451,-0.6845490000000001,0.163040876389,0.8475898763890001,0.8475898763890001
polar1m,169,37,O,12.89270521,15.79079409,11.92381805,-2.0,1.206146,-0.7938540000000001,-0.0403612740338,0.7534927259662001,0.7534927259662001
polar1m,169,38,H,14.31301735,10.41238117,11.32290658,1.0,0.351167,0.351167,0.0162137001753,-0.3349532998247,0.3349532998247
polar1m,169,39,H,12.0,12.0,12.0,1.0,0.360012,0.360012,0.481160998344,0.121148998344,0.121148998344
polar1m,170,0,O,12.81189978,12.20830275,11.49087257,-2.0,1.314681,-0.685319,-0.00797837972641,0.67734062027359,0.67734062027359
polar1m,170,1,O,11.18711132,13.17406167,14.08229002,-2.0,1.215305,-0.7846949999999999,-0.0211677923799,0.7635272076201,0.7635272076201
polar1m,170,2,H,12.09020701,13.33503987,14.07287668,1.0,0.402723,0.402723,0.0156949646771,-0.3870280353229,0.3870280353229
polar1m,170,3,H,15.32964747,13.47175917,10.61299469,1.0,0.518696,0.518696,0.0524419806898,-0.46625401931020005,0.46625401931020005
polar1m,170,4,O,14.24055557,10.42777109,12.69565548,-2.0,1.235947,-0.7640530000000001,-0.00123880803585,0.7628141919641501,0.7628141919641501
polar1m,170,5,O,9.2930362,13.39282157,12.09091174,-2.0,1.146919,-0.853081,-0.0286769270897,0.8244040729102999,0.8244040729102999
polar1m,170,6,O,13.66293046,11.8631762,9.1940456,-2.0,1.122199,-0.877801,-0.0470691211522,0.8307318788478001,0.8307318788478001
polar1m,170,7,H,9.71019159,13.66641824,12.94054128,1.0,0.380556,0.380556,0.0173425078392,-0.3632134921608,0.3632134921608
polar1m,170,8,O,12.00746049,14.5281127,9.77958713,-2.0,1.173163,-0.826837,-0.0784442424774,0.7483927575226,0.7483927575226
polar1m,170,9,H,12.94075579,11.68059495,9.77690715,1.0,0.401339,0.401339,0.012789260596,-0.388549739404,0.388549739404
polar1m,170,10,H,10.0719929,10.65484164,11.91726286,1.0,0.404896,0.404896,0.027206286788,-0.37768971321199996,0.37768971321199996
polar1m,170,11,H,14.12957052,12.99712183,11.67549739,1.0,0.443724,0.443724,0.039196819067,-0.404527180933,0.404527180933
polar1m,170,12,H,10.22474279,12.18515678,9.7581316,1.0,0.402991,0.402991,0.0257110819221,-0.3772799180779,0.3772799180779
polar1m,170,13,O,10.39600652,12.85182092,10.42100192,-2.0,1.339374,-0.6606259999999999,-0.0130357444286,0.6475902555713999,0.6475902555713999
polar1m,170,14,H,8.4650986,13.70390574,12.16640366,1.0,0.446184,0.446184,0.0217412263155,-0.4244427736845,0.4244427736845
polar1m,170,15,O,11.01089686,10.50934529,12.31867291,-2.0,1.237188,-0.762812,-0.0309789404273,0.7318330595727001,0.7318330595727001
polar1m,170,16,H,14.76459186,9.82413865,12.14455123,1.0,0.454417,0.454417,0.0272692907602,-0.4271477092398,0.4271477092398
polar1m,170,17,O,14.78524586,13.55629613,11.44412001,-2.0,1.435047,-0.564953,0.747575163841,1.312528163841,1.312528163841
polar1m,170,18,H,12.31087727,10.65056604,15.92147195,1.0,0.338482,0.338482,0.0128953903913,-0.3255866096087,0.3255866096087
polar1m,170,19,H,12.85614662,11.26893432,14.38536127,1.0,0.349498,0.349498,0.0289217866957,-0.3205762133043,0.3205762133043
polar1m,170,20,H,13.43009683,12.12575455,8.27610772,1.0,0.432197,0.432197,0.0228747650981,-0.4093222349019,0.4093222349019
polar1m,170,21,H,13.55794723,11.67827187,11.84848454,1.0,0.35648,0.35648,0.0228500664234,-0.33362993357660004,0.33362993357660004
polar1m,170,22,H,10.5909327,12.1886962,11.13719795,1.0,0.351981,0.351981,0.0233308374882,-0.3286501625118,0.3286501625118
polar1m,170,23,O,12.80206531,14.54203885,12.56394066,-2.0,1.206812,-0.793188,-0.0539820753038,0.7392059246962,0.7392059246962
polar1m,170,24,H,15.26032247,13.63537387,12.29291118,1.0,0.483977,0.483977,0.0507378429174,-0.43323915708259997,0.43323915708259997
polar1m,170,25,H,13.01700465,10.06494938,17.19652112,1.0,0.388637,0.388637,0.018680088222,-0.369956911778,0.369956911778
polar1m,170,26,H,11.29278319,11.02081289,13.10761986,1.0,0.373993,0.373993,0.0195440649986,-0.3544489350014,0.3544489350014
polar1m,170,27,H,12.53654515,13.77417711,11.95944888,1.0,0.360329,0.360329,0.0161118395627,-0.3442171604373,0.3442171604373
polar1m,170,28,O,12.16310908,10.43038859,14.57827361,-2.0,1.451508,-0.548492,0.0405550822616,0.5890470822616,0.5890470822616
polar1m,170,29,O,12.74518817,10.9583247,16.92022423,-2.0,1.107963,-0.892037,-0.125244244933,0.766792755067,0.766792755067
polar1m,170,30,H,12.63396271,9.41006552,14.3711784,1.0,0.396566,0.396566,0.0377829670906,-0.35878303290939995,0.35878303290939995
polar1m,170,31,H,11.41356986,15.50029068,9.78898321,1.0,0.340622,0.340622,0.0251760240644,-0.3154459759356,0.3154459759356
polar1m,170,32,H,12.0,12.0,12.0,1.0,0.376553,0.376553,0.0286156311631,-0.3479373688369,0.3479373688369
polar1m,170,33,H,11.31131782,13.8128839,9.85477384,1.0,0.371705,0.371705,0.00965004041791,-0.36205495958209,0.36205495958209
polar1m,170,34,H,14.77643168,11.07276778,12.96413908,1.0,0.433173,0.433173,0.0192589908838,-0.41391400911619997,0.41391400911619997
polar1m,170,35,H,13.72951754,14.62534411,12.39448702,1.0,0.372925,0.372925,0.015959892422,-0.356965107578,0.356965107578
polar1m,170,36,H,10.76378543,13.05785075,14.98069274,1.0,0.431247,0.431247,0.0279023572803,-0.4033446427197,0.4033446427197
polar1m,171,0,O,12.86125575,12.4193186,11.57747903,-2.0,1.399638,-0.6003620000000001,0.0309103578329,0.6312723578329,0.6312723578329
polar1m,171,1,O,11.26956601,13.4197142,14.18516951,-2.0,1.248369,-0.7516309999999999,-0.0284126773477,0.7232183226522999,0.7232183226522999
polar1m,171,2,H,12.33550487,13.60146699,14.00103687,1.0,0.335832,0.335832,0.0182268694043,-0.3176051305957,0.3176051305957
polar1m,171,3,H,15.51602429,13.89372916,10.9041809,1.0,0.517085,0.517085,0.0437732189894,-0.4733117810106,0.4733117810106
polar1m,171,4,O,14.33805722,10.63521738,12.79637769,-2.0,1.250402,-0.749598,0.00932683795691,0.75892483795691,0.75892483795691
polar1m,171,5,O,9.37044155,13.64722523,12.20290255,-2.0,1.157496,-0.8425039999999999,-0.032960370183,0.8095436298169999,0.8095436298169999
polar1m,171,6,O,13.72259104,12.10220944,9.30890873,-2.0,1.184329,-0.815671,-0.0734669268131,0.7422040731869001,0.7422040731869001
polar1m,171,7,H,10.04498216,13.9345607,12.78539858,1.0,0.391801,0.391801,0.0157087519765,-0.3760922480235,0.3760922480235
polar1m,171,8,O,12.06659001,14.72936228,9.88311681,-2.0,1.086908,-0.913092,-0.0768185183406,0.8362734816594,0.8362734816594
polar1m,171,9,H,12.79696256,11.90224233,10.0124065,1.0,0.31499,0.31499,0.0194585211575,-0.2955314788425,0.2955314788425
polar1m,171,10,H,10.14764113,10.8283901,12.15293146,1.0,0.42176,0.42176,0.0296703707427,-0.3920896292573,0.3920896292573
polar1m,171,11,H,14.00609602,13.11530594,11.82419551,1.0,0.402736,0.402736,0.0950491055846,-0.3076868944154,0.3076868944154
polar1m,171,12,H,10.36625782,12.57085451,9.7709868,1.0,0.396,0.396,0.0281684137881,-0.36783158621190004,0.36783158621190004
polar1m,171,13,O,10.43622688,13.10323174,10.59099579,-2.0,1.356764,-0.6432359999999999,-0.0165720805526,0.6266639194474,0.6266639194474
polar1m,171,14,H,8.52664242,14.09155489,12.31236977,1.0,0.422085,0.422085,0.0255302377045,-0.39655476229549996,0.39655476229549996
polar1m,171,15,O,11.12264629,10.74571903,12.45045098,-2.0,1.282924,-0.717076,-0.0106471255422,0.7064288744578,0.7064288744578
polar1m,171,16,H,14.73689179,10.00259106,12.36888682,1.0,0.500161,0.500161,0.0251365564764,-0.47502444352359996,0.47502444352359996
polar1m,171,17,O,14.85923292,13.82296518,11.56247644,-2.0,1.412168,-0.5878319999999999,0.602547287941,1.190379287941,1.190379287941
polar1m,171,18,H,12.14061699,10.78530415,15.89057813,1.0,0.338604,0.338604,0.0318842232227,-0.3067197767773,0.3067197767773
polar1m,171,19,H,13.04764857,11.36232388,14.58384259,1.0,0.371207,0.371207,0.0324085764587,-0.3387984235413,0.3387984235413
polar1m,171,20,H,13.25076945,12.0711354,8.46237528,1.0,0.421501,0.421501,0.0222825296223,-0.39921847037770003,0.39921847037770003
polar1m,171,21,H,13.73575924,12.07643822,12.247063,1.0,0.327571,0.327571,0.0652810260653,-0.2622899739347,0.2622899739347
polar1m,171,22,H,10.67517823,12.4716181,11.29464455,1.0,0.345791,0.345791,0.0228492803872,-0.3229417196128,0.3229417196128
polar1m,171,23,O,12.88363043,14.77849049,12.65543204,-2.0,1.220463,-0.7795369999999999,-0.0413680113852,0.7381689886148,0.7381689886148
polar1m,171,24,H,15.39340834,14.0007145,12.36010103,1.0,0.461975,0.461975,0.0443165674806,-0.41765843251940005,0.41765843251940005
polar1m,171,25,H,13.22146234,10.36277944,17.2239109,1.0,0.357095,0.357095,0.0137432441115,-0.3433517558885,0.3433517558885
polar1m,171,26,H,11.19281991,11.34910958,13.21480487,1.0,0.385246,0.385246,0.0223152153194,-0.36293078468059997,0.36293078468059997
polar1m,171,27,H,12.64834264,14.03618104,12.13580088,1.0,0.372291,0.372291,0.0156896300614,-0.3566013699386,0.3566013699386
polar1m,171,28,O,12.24349201,10.66139121,14.73210677,-2.0,1.467536,-0.532464,0.561892747879,1.094356747879,1.094356747879
polar1m,171,29,O,12.7926691,11.23597889,17.0122271,-2.0,1.07099,-0.9290099999999999,-0.6734842062,0.25552579379999985,0.25552579379999985
polar1m,171,30,H,12.8739418,9.75993811,14.43287125,1.0,0.395183,0.395183,0.0455167815089,-0.3496662184911,0.3496662184911
polar1m,171,31,H,11.53776605,15.4233054,10.08226629,1.0,0.436375,0.436375,0.0211711898446,-0.41520381015540003,0.41520381015540003
polar1m,171,32,H,12.0,12.0,12.0,1.0,0.367739,0.367739,0.0312004238367,-0.33653857616329996,0.33653857616329996
polar1m,171,33,H,11.60537287,13.95878269,10.29916305,1.0,0.352525,0.352525,0.0069563947618,-0.3455686052382,0.3455686052382
polar1m,171,34,H,14.99183555,11.36621569,13.10142903,1.0,0.392022,0.392022,0.0258874390274,-0.3661345609726,0.3661345609726
polar1m,171,35,H,13.80199283,14.94488309,12.46424815,1.0,0.392748,0.392748,0.0194017663598,-0.3733462336402,0.3733462336402
polar1m,171,36,H,10.93438447,13.27330353,15.08961667,1.0,0.441689,0.441689,0.0274263247848,-0.4142626752152,0.4142626752152
polar1m,172,0,O,12.7901031,12.64438264,11.70027705,-2.0,1.381673,-0.6183270000000001,0.273099809885,0.891426809885,0.891426809885
polar1m,172,1,O,11.23740726,13.68246279,14.30741894,-2.0,1.223666,-0.7763340000000001,-0.028800688684,0.7475333113160001,0.7475333113160001
polar1m,172,2,H,12.24585654,13.87187918,14.04849545,1.0,0.352665,0.352665,0.0131626464427,-0.3395023535573,0.3395023535573
polar1m,172,3,H,15.66183875,14.27913989,11.08146536,1.0,0.457266,0.457266,0.0373371504247,-0.4199288495753,0.4199288495753
polar1m,172,4,O,14.30147489,10.88070973,12.93292134,-2.0,1.357747,-0.642253,0.000195018947124,0.642448018947124,0.642448018947124
polar1m,172,5,O,9.32002341,13.92188966,12.34242746,-2.0,1.258467,-0.741533,-0.0426051616669,0.6989278383331,0.6989278383331
polar1m,172,6,H,11.35043776,8.33355257,11.34469729,1.0,0.35346,0.35346,0.00837866216898,-0.34508133783102,0.34508133783102
polar1m,172,7,O,13.68750341,8.4437129,14.11240256,-2.0,1.085497,-0.9145030000000001,-0.104838892817,0.8096641071830001,0.8096641071830001
polar1m,172,8,O,13.63987213,12.3549022,9.45188035,-2.0,1.19877,-0.8012300000000001,-0.0709122344851,0.7303177655149001,0.7303177655149001
polar1m,172,9,H,10.23526575,14.24267664,12.71670892,1.0,0.349335,0.349335,0.016617257148,-0.332717742852,0.332717742852
polar1m,172,10,O,12.00843492,14.93459924,10.00978782,-2.0,1.175082,-0.824918,-0.0771893709898,0.7477286290102001,0.7477286290102001
polar1m,172,11,H,12.7653383,12.18438675,10.1080194,1.0,0.342714,0.342714,0.0181259587407,-0.3245880412593,0.3245880412593
polar1m,172,12,H,10.18630694,11.0141566,12.46661336,1.0,0.445727,0.445727,0.0290090665221,-0.4167179334779,0.4167179334779
polar1m,172,13,H,13.79237521,13.31562425,11.88334425,1.0,0.403483,0.403483,0.144641339779,-0.25884166022099997,0.25884166022099997
polar1m,172,14,H,10.41079939,12.97867768,9.8742799,1.0,0.390903,0.390903,0.0267533063889,-0.3641496936111,0.3641496936111
polar1m,172,15,O,11.89380388,8.14729031,12.53269753,-2.0,1.144251,-0.8557490000000001,-0.667573988438,0.18817501156200012,0.18817501156200012
polar1m,172,16,O,10.35494669,13.36278822,10.77223034,-2.0,1.28575,-0.71425,-0.0367183610797,0.6775316389203001,0.6775316389203001
polar1m,172,17,H,10.87877786,9.89318946,10.01141943,1.0,0.384043,0.384043,0.0185967124999,-0.3654462875001,0.3654462875001
polar1m,172,18,H,8.44302773,14.51447811,12.53707572,1.0,0.3583,0.3583,0.0221373997629,-0.3361626002371,0.3361626002371
polar1m,172,19,H,10.32456797,8.90068952,10.78136889,1.0,0.297988,0.297988,0.0234264843166,-0.2745615156834,0.2745615156834
polar1m,172,20,O,10.63011446,10.79793196,9.81514335,-2.0,1.155359,-0.844641,-0.0396304130554,0.8050105869445999,0.8050105869445999
polar1m,172,21,O,11.10256819,11.00118082,12.6020026,-2.0,1.330789,-0.669211,0.0158547386527,0.6850657386527,0.6850657386527
polar1m,172,22,H,14.74834011,10.00039418,12.43408111,1.0,0.407691,0.407691,0.0302175693214,-0.3774734306786,0.3774734306786
polar1m,172,23,O,14.8065627,14.10517096,11.7179317,-2.0,1.406812,-0.593188,0.209807991982,0.802995991982,0.802995991982
polar1m,172,24,H,12.97424375,12.02781968,8.70020457,1.0,0.377567,0.377567,0.0210109949112,-0.3565560050888,0.3565560050888
polar1m,172,25,H,13.57658512,12.36218072,12.57823495,1.0,0.354923,0.354923,0.103493288159,-0.251429711841,0.251429711841
polar1m,172,26,H,10.57749311,12.77637549,11.43863557,1.0,0.368095,0.368095,0.024027492851,-0.34406750714900003,0.34406750714900003
polar1m,172,27,O,12.83834152,15.03479792,12.77786451,-2.0,1.220076,-0.7799240000000001,-0.0461053103209,0.7338186896791,0.7338186896791
polar1m,172,28,H,15.40859716,14.34694023,12.47577702,1.0,0.429148,0.429148,0.0272475332022,-0.40190046679779995,0.40190046679779995
polar1m,172,29,H,9.94415159,10.77429014,9.11093119,1.0,0.399567,0.399567,0.0215186420828,-0.3780483579172,0.3780483579172
polar1m,172,30,H,10.91693333,11.64967679,13.37763058,1.0,0.384401,0.384401,0.022712379694,-0.361688620306,0.361688620306
polar1m,172,31,H,12.58845099,14.28887465,12.26900553,1.0,0.365423,0.365423,0.0180260799825,-0.3473969200175,0.3473969200175
polar1m,172,32,O,11.01223368,8.24993613,10.28720614,-2.0,1.187063,-0.812937,-0.183213531971,0.629723468029,0.629723468029
polar1m,172,33,H,14.50920116,8.61611888,13.71791724,1.0,0.359698,0.359698,0.0128747150302,-0.3468232849698,0.3468232849698
polar1m,172,34,H,13.07621855,8.26983503,13.30809742,1.0,0.36678,0.36678,0.013377904892,-0.35340209510799997,0.35340209510799997
polar1m,172,35,H,11.42426132,15.5338104,10.46656961,1.0,0.396118,0.396118,0.0176078956574,-0.3785101043426,0.3785101043426
polar1m,172,36,H,12.0,12.0,12.0,1.0,0.392118,0.392118,0.0466722920537,-0.34544570794630003,0.34544570794630003
polar1m,172,37,H,11.18704122,8.4033579,13.14734162,1.0,0.343921,0.343921,0.0168444737792,-0.32707652622079997,0.32707652622079997
polar1m,172,38,H,11.79366137,14.17312962,10.71768609,1.0,0.317489,0.317489,0.0117130838335,-0.3057759161665,0.3057759161665
polar1m,172,39,H,15.0577783,11.54156555,13.25109441,1.0,0.352268,0.352268,0.0156817026436,-0.3365862973564,0.3365862973564
polar1m,172,40,H,13.73716217,15.3243754,12.5583439,1.0,0.399789,0.399789,0.0171355456114,-0.3826534543886,0.3826534543886
polar1m,172,41,H,11.02774804,13.51268779,15.2148993,1.0,0.438118,0.438118,0.0202828142792,-0.41783518572080003,0.41783518572080003
polar1m,173,0,O,12.66644757,12.87474598,11.8296013,-2.0,1.362838,-0.637162,0.4691632092,1.1063252092,1.1063252092
polar1m,173,1,H,15.64865732,14.5843514,11.25680972,1.0,0.417752,0.417752,0.0423514395952,-0.3754005604048,0.3754005604048
polar1m,173,2,O,14.21237519,11.1332385,13.05876252,-2.0,1.252231,-0.7477689999999999,-0.00820960104465,0.73955939895535,0.73955939895535
polar1m,173,3,O,13.47642764,12.60790438,9.57917337,-2.0,1.138453,-0.8615470000000001,-0.0486698560417,0.8128771439583,0.8128771439583
polar1m,173,4,O,11.89236884,15.13414732,10.13699501,-2.0,1.298297,-0.701703,-0.0576955340803,0.6440074659196999,0.6440074659196999
polar1m,173,5,H,12.85961304,12.51666099,10.12948877,1.0,0.429026,0.429026,0.0136132575572,-0.4154127424428,0.4154127424428
polar1m,173,6,H,10.04496702,11.16291615,12.6884068,1.0,0.452526,0.452526,0.0329594798386,-0.4195665201614,0.4195665201614
polar1m,173,7,H,13.5776698,13.56157412,11.82864986,1.0,0.412347,0.412347,0.0963162705302,-0.31603072946980004,0.31603072946980004
polar1m,173,8,H,10.44055087,13.37383528,10.04371519,1.0,0.418673,0.418673,0.025796752423,-0.392876247577,0.392876247577
polar1m,173,9,O,10.21690005,13.62839473,10.92370023,-2.0,1.20751,-0.7924899999999999,-0.0341084375978,0.7583815624021999,0.7583815624021999
polar1m,173,10,H,10.79236138,10.15175127,10.05943705,1.0,0.448341,0.448341,0.021111164242,-0.427229835758,0.427229835758
polar1m,173,11,O,10.52682658,11.0087698,9.93859608,-2.0,1.164165,-0.8358350000000001,-0.0201218575239,0.8157131424761002,0.8157131424761002
polar1m,173,12,O,11.02396679,11.27062966,12.7508068,-2.0,1.342002,-0.6579980000000001,0.037002004683,0.695000004683,0.695000004683
polar1m,173,13,H,14.61899191,10.19934506,12.56147641,1.0,0.404704,0.404704,0.0321759134531,-0.3725280865469,0.3725280865469
polar1m,173,14,O,14.70622867,14.39616328,11.86621496,-2.0,1.387222,-0.612778,0.0552854165435,0.6680634165435,0.6680634165435
polar1m,173,15,O,14.84127331,15.39760163,14.41249691,-2.0,1.219403,-0.780597,-0.0249906256795,0.7556063743204999,0.7556063743204999
polar1m,173,16,H,12.79445091,12.05638374,9.00082531,1.0,0.381865,0.381865,0.0263298489153,-0.3555351510847,0.3555351510847
polar1m,173,17,H,13.20445746,12.53889638,12.78473699,1.0,0.392787,0.392787,0.0641539171338,-0.32863308286619997,0.32863308286619997
polar1m,173,18,H,10.39857364,12.97578037,11.61545499,1.0,0.355774,0.355774,0.0162663124502,-0.3395076875498,0.3395076875498
polar1m,173,19,O,12.73232971,15.30360476,12.89769767,-2.0,1.20101,-0.7989900000000001,-0.0556641444564,0.7433258555436001,0.7433258555436001
polar1m,173,20,H,15.3043556,14.61124083,12.58960377,1.0,0.405193,0.405193,0.0298031587154,-0.3753898412846,0.3753898412846
polar1m,173,21,H,15.40573888,15.48881873,15.15195463,1.0,0.449036,0.449036,0.0250601135194,-0.4239758864806,0.4239758864806
polar1m,173,22,H,9.74814375,10.97747097,9.32834446,1.0,0.430407,0.430407,0.0278912708163,-0.4025157291837,0.4025157291837
polar1m,173,23,H,10.64316208,11.90327568,13.50930021,1.0,0.422687,0.422687,0.0354667678475,-0.3872202321525,0.3872202321525
polar1m,173,24,H,12.44927398,14.52785318,12.33708563,1.0,0.339431,0.339431,0.0171419866383,-0.32228901336169996,0.32228901336169996
polar1m,173,25,H,11.20369443,15.77778604,10.83449168,1.0,0.33595,0.33595,0.0342126861215,-0.3017373138785,0.3017373138785
polar1m,173,26,H,12.0,12.0,12.0,1.0,0.411903,0.411903,0.0661051645875,-0.34579783541250003,0.34579783541250003
polar1m,173,27,H,11.9571874,14.50238143,10.94341921,1.0,0.3142,0.3142,0.0149888694286,-0.2992111305714,0.2992111305714
polar1m,173,28,H,14.97998421,11.55839018,13.34027713,1.0,0.443285,0.443285,0.0218093618751,-0.42147563812489997,0.42147563812489997
polar1m,173,29,H,13.57281092,15.69760495,12.62629942,1.0,0.390512,0.390512,0.0220277793705,-0.36848422062950004,0.36848422062950004
polar1m,173,30,H,15.38803102,15.58165119,13.64072074,1.0,0.370472,0.370472,0.022427957505,-0.34804404249500004,0.34804404249500004
polar1m,174,0,O,12.56498096,13.09310039,11.98067041,-2.0,1.415376,-0.584624,0.518437922001,1.103061922001,1.103061922001
polar1m,174,1,H,14.30583111,9.44694577,9.86590119,1.0,0.402733,0.402733,0.0209322143346,-0.3818007856654,0.3818007856654
polar1m,174,2,H,6.83429055,10.66812488,10.29484916,1.0,0.368972,0.368972,0.0116515532136,-0.3573204467864,0.3573204467864
polar1m,174,3,O,14.13509227,11.36198276,13.18165105,-2.0,1.160584,-0.8394159999999999,-0.0187850221992,0.8206309778008,0.8206309778008
polar1m,174,4,H,8.39782962,8.366899,11.87819184,1.0,0.454343,0.454343,0.0348266810179,-0.4195163189821,0.4195163189821
polar1m,174,5,O,13.33320711,12.845624,9.68420607,-2.0,1.172296,-0.827704,-0.0694862753153,0.7582177246847,0.7582177246847
polar1m,174,6,O,11.7825446,15.32910873,10.28917822,-2.0,1.28633,-0.71367,-0.0450449101627,0.6686250898373001,0.6686250898373001
polar1m,174,7,H,12.73466784,12.85265984,10.50370843,1.0,0.340009,0.340009,0.0132108479738,-0.3267981520262,0.3267981520262
polar1m,174,8,H,9.91983509,11.23562064,12.80615667,1.0,0.42338,0.42338,0.0333982743323,-0.38998172566769995,0.38998172566769995
polar1m,174,9,H,13.42245553,13.75166702,11.73745719,1.0,0.457458,0.457458,0.0608075931668,-0.39665040683319996,0.39665040683319996
polar1m,174,10,H,10.54580725,13.70476685,10.21859664,1.0,0.403157,0.403157,0.0250552333891,-0.3781017666109,0.3781017666109
polar1m,174,11,O,10.09822803,13.8793607,11.068792,-2.0,1.199419,-0.800581,-0.0492313578725,0.7513496421275,0.7513496421275
polar1m,174,12,H,10.79416347,10.14113382,10.15784051,1.0,0.312419,0.312419,0.00646881759167,-0.30595018240833,0.30595018240833
polar1m,174,13,H,8.46996373,9.88666704,11.0338904,1.0,0.357658,0.357658,0.0268199294806,-0.33083807051939995,0.33083807051939995
polar1m,174,14,O,5.91995578,11.0623444,10.25623427,-2.0,1.063768,-0.936232,-0.0770432502031,0.8591887497969,0.8591887497969
polar1m,174,15,H,10.02654781,8.91351359,10.85093702,1.0,0.356968,0.356968,0.013440284878,-0.34352771512200003,0.34352771512200003
polar1m,174,16,O,10.43300949,11.22564337,10.06030893,-2.0,1.101195,-0.8988050000000001,-0.193096444011,0.7057085559890001,0.7057085559890001
polar1m,174,17,O,10.95177966,11.53625369,12.91296844,-2.0,1.379715,-0.620285,0.0733510479331,0.6936360479331,0.6936360479331
polar1m,174,18,H,14.38638602,10.60100436,12.77640362,1.0,0.466856,0.466856,0.0236942842603,-0.4431617157397,0.4431617157397
polar1m,174,19,H,12.79744867,12.15305455,9.30616713,1.0,0.411693,0.411693,0.023098833859,-0.38859416614099995,0.38859416614099995
polar1m,174,20,H,12.79145237,12.68074848,12.87795683,1.0,0.425708,0.425708,0.0433005578816,-0.3824074421184,0.3824074421184
polar1m,174,21,H,10.20915285,13.1338022,11.73998684,1.0,0.334053,0.334053,0.0122337304056,-0.3218192695944,0.3218192695944
polar1m,174,22,O,12.6372179,15.56292775,13.02406501,-2.0,1.19363,-0.80637,-0.0429931916296,0.7633768083704,0.7633768083704
polar1m,174,23,H,9.62327949,11.20169376,9.58787697,1.0,0.372542,0.372542,0.022984020412,-0.349557979588,0.349557979588
polar1m,174,24,H,8.72907293,9.33983841,12.97220154,1.0,0.446043,0.446043,0.0205194596201,-0.42552354037990003,0.42552354037990003
polar1m,174,25,O,7.97610481,9.72202211,10.10613,-2.0,1.275134,-0.724866,-0.0770082324743,0.6478577675257,0.6478577675257
polar1m,174,26,O,8.89357185,9.14803743,12.12438931,-2.0,1.28807,-0.71193,0.0400381758809,0.7519681758808999,0.7519681758808999
polar1m,174,27,H,10.52032038,12.12435333,13.60589123,1.0,0.425975,0.425975,0.02141350694,-0.40456149306,0.40456149306
polar1m,174,28,H,12.36265255,14.84112163,12.46568373,1.0,0.368334,0.368334,0.013459276408,-0.354874723592,0.354874723592
polar1m,174,29,O,10.87292015,8.84296935,10.51472147,-2.0,0.953161,-1.0468389999999999,-0.74071097374,0.3061280262599999,0.3061280262599999
polar1m,174,30,H,5.48976266,10.30846857,10.50316149,1.0,0.416706,0.416706,0.0169326812029,-0.39977331879710004,0.39977331879710004
polar1m,174,31,H,11.14444482,15.91739584,11.00597634,1.0,0.353769,0.353769,0.0258184298873,-0.3279505701127,0.3279505701127
polar1m,174,32,H,12.6615884,10.14941792,9.79696887,1.0,0.384692,0.384692,0.021678134799,-0.363013865201,0.363013865201
polar1m,174,33,H,12.0,12.0,12.0,1.0,0.454389,0.454389,0.147831365466,-0.306557634534,0.306557634534
polar1m,174,34,H,8.63672961,10.1365549,9.42224788,1.0,0.365327,0.365327,0.0333182364702,-0.3320087635298,0.3320087635298
polar1m,174,35,H,12.13742359,14.86567511,10.99900115,1.0,0.345197,0.345197,0.0147563591599,-0.3304406408401,0.3304406408401
polar1m,174,36,O,13.68511331,10.19440836,9.60968641,-2.0,1.198741,-0.8012589999999999,-0.0433104671538,0.7579485328461999,0.7579485328461999
polar1m,174,37,H,15.01617307,11.59069559,13.47058615,1.0,0.43621,0.43621,0.0178514737636,-0.41835852623639996,0.41835852623639996
polar1m,174,38,H,13.40347858,16.016265,12.66809732,1.0,0.427992,0.427992,0.0193811971694,-0.4086108028306,0.4086108028306
polar1m,175,0,O,12.53569579,13.3128314,12.15552147,-2.0,1.366789,-0.633211,0.384737193584,1.017948193584,1.017948193584
polar1m,175,1,H,14.11139943,9.81518075,9.91090322,1.0,0.487684,0.487684,0.0210167989135,-0.4666672010865,0.4666672010865
polar1m,175,2,O,14.12216837,11.60113014,13.32565523,-2.0,1.219212,-0.780788,-0.0278737917542,0.7529142082458,0.7529142082458
polar1m,175,3,H,11.34579488,9.15207375,12.12306394,1.0,0.389287,0.389287,0.0177351497114,-0.3715518502886,0.3715518502886
polar1m,175,4,O,13.52116209,9.18476768,14.54331357,-2.0,1.116536,-0.883464,-0.0755949318409,0.8078690681591,0.8078690681591
polar1m,175,5,O,13.2560538,13.08535187,9.80526942,-2.0,1.165939,-0.8340609999999999,-0.176823034883,0.657237965117,0.657237965117
polar1m,175,6,H,12.69205074,13.18918829,10.83961894,1.0,0.313148,0.313148,0.0369586646557,-0.27618933534429996,0.27618933534429996
polar1m,175,7,H,10.03955278,11.2946759,12.874582,1.0,0.426104,0.426104,0.0339187309146,-0.39218526908539997,0.39218526908539997
polar1m,175,8,H,13.3376184,13.82217546,11.74264884,1.0,0.485313,0.485313,0.0475980639458,-0.4377149360542,0.4377149360542
polar1m,175,9,H,10.72505864,13.99547314,10.45955123,1.0,0.388611,0.388611,0.0209038052708,-0.3677071947292,0.3677071947292
polar1m,175,10,O,11.5431141,8.96186816,13.02597618,-2.0,1.191791,-0.808209,-0.0305821597576,0.7776268402423999,0.7776268402423999
polar1m,175,11,O,10.05615615,14.12114407,11.21854966,-2.0,1.171832,-0.828168,-0.051622569561,0.776545430439,0.776545430439
polar1m,175,12,H,10.83071475,10.07885577,10.31337774,1.0,0.358522,0.358522,0.00840358436108,-0.35011841563892,0.35011841563892
polar1m,175,13,H,9.93126049,8.82432237,10.90564693,1.0,0.363207,0.363207,0.0259067378938,-0.3373002621062,0.3373002621062
polar1m,175,14,O,10.41477407,11.44270727,10.19772987,-2.0,1.00394,-0.99606,-0.797389626503,0.1986703734969999,0.1986703734969999
polar1m,175,15,O,10.93309726,11.80175049,13.09198958,-2.0,1.336378,-0.6636219999999999,0.134062469006,0.7976844690059999,0.7976844690059999
polar1m,175,16,H,14.21906252,10.79794011,12.86899221,1.0,0.415216,0.415216,0.0201299414039,-0.39508605859609996,0.39508605859609996
polar1m,175,17,H,12.90827451,12.23155843,9.56198945,1.0,0.398987,0.398987,0.0201162379235,-0.3788707620765,0.3788707620765
polar1m,175,18,H,12.50643155,12.86889458,12.99120516,1.0,0.440519,0.440519,0.0377583168447,-0.4027606831553,0.4027606831553
polar1m,175,19,H,10.06935115,13.33948248,11.76850118,1.0,0.368165,0.368165,0.0114177241921,-0.3567472758079,0.3567472758079
polar1m,175,20,H,9.53231019,11.46398791,9.8447703,1.0,0.380226,0.380226,0.0151192508638,-0.3651067491362,0.3651067491362
polar1m,175,21,H,10.56534607,12.38826303,13.73401987,1.0,0.452938,0.452938,0.0234815254807,-0.4294564745193,0.4294564745193
polar1m,175,22,O,10.89215398,9.14657976,10.64734442,-2.0,1.224976,-0.7750239999999999,-0.0743683874607,0.7006556125393,0.7006556125393
polar1m,175,23,H,14.24028613,8.95936847,14.04016148,1.0,0.409608,0.409608,0.0181377753615,-0.3914702246385,0.3914702246385
polar1m,175,24,H,12.70235376,9.35574797,13.87703301,1.0,0.345923,0.345923,0.0137883201241,-0.33213467987589995,0.33213467987589995
polar1m,175,25,H,12.79650949,10.39164899,9.92068694,1.0,0.435353,0.435353,0.020066883415,-0.415286116585,0.415286116585
polar1m,175,26,H,12.0,12.0,12.0,1.0,0.453298,0.453298,0.310264319181,-0.14303368081899998,0.14303368081899998
polar1m,175,27,H,11.19843831,9.38053842,13.81893863,1.0,0.4041,0.4041,0.0230125114322,-0.3810874885678,0.3810874885678
polar1m,175,28,O,13.64762379,10.46337232,9.73474771,-2.0,1.096375,-0.9036249999999999,-0.0328748300672,0.8707501699327999,0.8707501699327999
polar1m,175,29,H,15.13557546,11.68438207,13.65618308,1.0,0.390022,0.390022,0.0225953347981,-0.3674266652019,0.3674266652019
polar1m,176,0,H,16.22472992,10.11185116,11.78220913,1.0,0.376075,0.376075,0.016711473465,-0.359363526535,0.359363526535
polar1m,176,1,O,12.59414682,13.54008233,12.32361159,-2.0,1.332206,-0.667794,0.11836566776,0.78615966776,0.78615966776
polar1m,176,2,H,14.23046863,9.83477865,10.05992571,1.0,0.34995,0.34995,0.0221103727818,-0.3278396272182,0.3278396272182
polar1m,176,3,O,14.20679245,11.85208231,13.47302544,-2.0,1.16478,-0.8352200000000001,-0.077909655869,0.7573103441310001,0.7573103441310001
polar1m,176,4,H,14.83415519,9.24924522,11.60963747,1.0,0.344764,0.344764,0.0261845514178,-0.3185794485822,0.3185794485822
polar1m,176,5,H,11.34416782,9.5194046,12.20994925,1.0,0.326856,0.326856,0.0134216882288,-0.31343431177119996,0.31343431177119996
polar1m,176,6,O,13.25993101,13.33249329,9.93821385,-2.0,1.176543,-0.8234570000000001,-0.0814600810409,0.7419969189591001,0.7419969189591001
polar1m,176,7,H,12.83283982,13.44240826,10.81248712,1.0,0.353451,0.353451,0.0125342719257,-0.3409167280743,0.3409167280743
polar1m,176,8,O,16.18500049,10.83323636,12.44306916,-2.0,1.172017,-0.8279829999999999,-0.0742026418447,0.7537803581552999,0.7537803581552999
polar1m,176,9,H,10.39479222,11.39845947,12.92823166,1.0,0.429591,0.429591,0.030197840184,-0.399393159816,0.399393159816
polar1m,176,10,H,13.39089424,13.81871076,11.92094377,1.0,0.455067,0.455067,0.0334425345063,-0.42162446549370003,0.42162446549370003
polar1m,176,11,H,10.90473582,14.25799215,10.78640998,1.0,0.398291,0.398291,0.0205078423023,-0.3777831576977,0.3777831576977
polar1m,176,12,O,11.57367556,9.22469612,13.22233227,-2.0,1.155921,-0.844079,-0.086860395968,0.757218604032,0.757218604032
polar1m,176,13,O,10.11414329,14.3601219,11.34655972,-2.0,1.153017,-0.846983,-0.0510094873607,0.7959735126393,0.7959735126393
polar1m,176,14,H,10.87074379,10.2013833,10.42011409,1.0,0.403658,0.403658,0.0133214369416,-0.39033656305840003,0.39033656305840003
polar1m,176,15,H,16.92277022,11.52612691,12.38544816,1.0,0.383847,0.383847,0.0221945606172,-0.3616524393828,0.3616524393828
polar1m,176,16,H,16.58249877,8.82578872,10.40093728,1.0,0.44373,0.44373,0.0513103716075,-0.3924196283925,0.3924196283925
polar1m,176,17,H,10.05991437,8.79285799,10.91031566,1.0,0.371454,0.371454,0.0366420224309,-0.3348119775691,0.3348119775691
polar1m,176,18,O,10.49017594,11.66309583,10.33123013,-2.0,1.067299,-0.932701,-0.770150959492,0.16255004050800004,0.16255004050800004
polar1m,176,19,O,10.99579903,12.06227017,13.26105479,-2.0,1.317193,-0.6828069999999999,0.155588373542,0.838395373542,0.838395373542
polar1m,176,20,H,14.15308778,10.85748496,12.86991083,1.0,0.320564,0.320564,0.0198337547481,-0.3007302452519,0.3007302452519
polar1m,176,21,H,13.11873481,12.31384698,9.78684332,1.0,0.366926,0.366926,0.018845140934,-0.34808085906599995,0.34808085906599995
polar1m,176,22,H,12.41089593,13.07149891,13.20250293,1.0,0.413572,0.413572,0.0290426574647,-0.3845293425353,0.3845293425353
polar1m,176,23,H,12.8899774,9.51115521,11.73413461,1.0,0.338837,0.338837,0.0242499299347,-0.3145870700653,0.3145870700653
polar1m,176,24,H,10.00854455,13.51971215,11.76714951,1.0,0.380353,0.380353,0.0140066407621,-0.3663463592379,0.3663463592379
polar1m,176,25,H,9.52758809,11.77289322,10.09865796,1.0,0.361007,0.361007,0.0169632285833,-0.3440437714167,0.3440437714167
polar1m,176,26,O,13.85778934,9.26183317,12.12704904,-2.0,1.231158,-0.768842,-0.182909235358,0.5859327646420001,0.5859327646420001
polar1m,176,27,H,16.08032862,8.5599323,12.35971423,1.0,0.462931,0.462931,0.0539056286216,-0.4090253713784,0.4090253713784
polar1m,176,28,H,10.69811689,12.73244612,13.92740241,1.0,0.446192,0.446192,0.0308789703995,-0.4153130296005,0.4153130296005
polar1m,176,29,O,11.00149417,9.43796794,10.78312888,-2.0,1.270719,-0.7292810000000001,-0.0246712639928,0.7046097360072001,0.7046097360072001
polar1m,176,30,H,12.77643689,10.56334481,10.08880355,1.0,0.380107,0.380107,0.0216650664806,-0.35844193351939996,0.35844193351939996
polar1m,176,31,H,12.0,12.0,12.0,1.0,0.396959,0.396959,0.39246994257,-0.004489057429999999,0.004489057429999999
polar1m,176,32,H,11.16120157,9.73689609,13.92283404,1.0,0.385884,0.385884,0.0165802650154,-0.3693037349846,0.3693037349846
polar1m,176,33,O,13.70001496,10.76533928,9.8465424,-2.0,1.297363,-0.702637,-0.035239174962,0.6673978250379999,0.6673978250379999
polar1m,176,34,H,15.13449475,11.79082455,13.80188906,1.0,0.383474,0.383474,0.0191095601767,-0.36436443982329997,0.36436443982329997
polar1m,176,35,O,15.99199059,8.83147117,11.34608422,-2.0,1.388243,-0.6117570000000001,0.154329121113,0.7660861211130001,0.7660861211130001
polar1m,177,0,H,16.58460115,10.35055282,12.00229802,1.0,0.413093,0.413093,0.0205492377281,-0.39254376227189997,0.39254376227189997
polar1m,177,1,O,12.70410841,13.69679791,12.47164422,-2.0,1.340452,-0.659548,0.034038439393,0.693586439393,0.693586439393
polar1m,177,2,H,14.09885421,8.63200695,9.91257437,1.0,0.39049,0.39049,0.0193005967885,-0.3711894032115,0.3711894032115
polar1m,177,3,O,14.26962819,8.67705752,8.98599243,-2.0,1.247508,-0.7524919999999999,-0.0299752429128,0.7225167570872,0.7225167570872
polar1m,177,4,H,14.31267344,9.98948027,10.15275506,1.0,0.328189,0.328189,0.0322839915752,-0.2959050084248,0.2959050084248
polar1m,177,5,O,14.35150566,12.01956543,13.58673858,-2.0,1.150857,-0.849143,-0.0620881505311,0.7870548494689,0.7870548494689
polar1m,177,6,O,10.43032953,5.24701572,5.81909826,-2.0,1.263726,-0.7362740000000001,0.0107315629721,0.7470055629721001,0.7470055629721001
polar1m,177,7,H,14.9113971,9.48368922,11.70023462,1.0,0.349831,0.349831,0.0229308009148,-0.3269001990852,0.3269001990852
polar1m,177,8,H,11.36743135,9.7910212,12.39053167,1.0,0.302764,0.302764,0.00758430361748,-0.29517969638251995,0.29517969638251995
polar1m,177,9,H,11.56128116,4.81777512,8.57632877,1.0,0.47409,0.47409,0.0404917038977,-0.4335982961023,0.4335982961023
polar1m,177,10,O,13.32784821,13.50370577,10.0402158,-2.0,1.110077,-0.889923,-0.0762682706118,0.8136547293882,0.8136547293882
polar1m,177,11,H,12.92886063,13.58409081,10.76411371,1.0,0.407311,0.407311,0.0130980163813,-0.3942129836187,0.3942129836187
polar1m,177,12,O,16.28302505,10.98506974,12.5478726,-2.0,1.155917,-0.8440829999999999,-0.0420138388872,0.8020691611127999,0.8020691611127999
polar1m,177,13,H,10.76791524,11.44616554,12.9718,1.0,0.405972,0.405972,0.0331967510283,-0.3727752489717,0.3727752489717
polar1m,177,14,H,13.64546508,13.71853118,12.20723103,1.0,0.427528,0.427528,0.0331673175097,-0.39436068249030004,0.39436068249030004
polar1m,177,15,H,11.10569087,14.42035141,11.10012217,1.0,0.412659,0.412659,0.0196085125208,-0.3930504874792,0.3930504874792
polar1m,177,16,O,11.66572378,9.4183183,13.39146998,-2.0,1.222179,-0.7778210000000001,-0.0881831049919,0.6896378950081001,0.6896378950081001
polar1m,177,17,H,10.31911602,8.12994616,9.72993679,1.0,0.390868,0.390868,0.0372989103198,-0.3535690896802,0.3535690896802
polar1m,177,18,O,10.23908521,14.52532032,11.43864248,-2.0,1.186564,-0.813436,-0.0432746969163,0.7701613030837,0.7701613030837
polar1m,177,19,H,10.84271605,10.6724917,10.35292822,1.0,0.342215,0.342215,0.00236479192972,-0.33985020807028,0.33985020807028
polar1m,177,20,H,11.08199372,5.49195332,7.17263515,1.0,0.381977,0.381977,0.0434698835015,-0.3385071164985,0.3385071164985
polar1m,177,21,O,11.12687835,7.53530111,9.37664788,-2.0,1.368221,-0.6317790000000001,0.0689984709024,0.7007774709024001,0.7007774709024001
polar1m,177,22,H,16.97524209,11.70498893,12.4720609,1.0,0.399711,0.399711,0.0284659639001,-0.3712450360999,0.3712450360999
polar1m,177,23,H,16.63998519,8.74703484,10.60967196,1.0,0.463505,0.463505,0.0439054481685,-0.4195995518315,0.4195995518315
polar1m,177,24,H,10.42688538,8.86236992,10.86065826,1.0,0.31587,0.31587,0.0282139386982,-0.2876560613018,0.2876560613018
polar1m,177,25,O,10.62412097,11.81677297,10.43942605,-2.0,1.203189,-0.7968109999999999,-0.263211607933,0.5335993920669999,0.5335993920669999
polar1m,177,26,H,13.35528096,8.36154414,8.7807726,1.0,0.377842,0.377842,0.0170565135777,-0.3607854864223,0.3607854864223
polar1m,177,27,O,11.12286096,12.25180805,13.40571908,-2.0,1.320288,-0.6797120000000001,0.149257287383,0.8289692873830001,0.8289692873830001
polar1m,177,28,H,14.16297283,11.08243833,12.98641592,1.0,0.324056,0.324056,0.0176993682981,-0.30635663170190003,0.30635663170190003
polar1m,177,29,H,13.44092774,12.47329706,9.99813909,1.0,0.360788,0.360788,0.0151626616716,-0.3456253383284,0.3456253383284
polar1m,177,30,H,12.49333142,13.24355982,13.33965973,1.0,0.39885,0.39885,0.0251534581184,-0.37369654188159995,0.37369654188159995
polar1m,177,31,H,11.07983696,4.58654319,6.00332604,1.0,0.45619,0.45619,0.032857015729,-0.42333298427099997,0.42333298427099997
polar1m,177,32,H,12.95466198,9.73519401,11.90786323,1.0,0.316991,0.316991,0.0209161415696,-0.29607485843040005,0.29607485843040005
polar1m,177,33,H,9.99369178,13.59487454,11.75583061,1.0,0.351443,0.351443,0.0150426141918,-0.33640038580820003,0.33640038580820003
polar1m,177,34,H,9.68005152,12.03889461,10.36356787,1.0,0.401497,0.401497,0.0239628851414,-0.3775341148586,0.3775341148586
polar1m,177,35,O,13.98530361,9.4226009,12.24132436,-2.0,1.247777,-0.7522230000000001,-0.135992467403,0.6162305325970001,0.6162305325970001
polar1m,177,36,H,16.04074756,8.91139587,12.32393774,1.0,0.482979,0.482979,0.0456494837999,-0.43732951620009997,0.43732951620009997
polar1m,177,37,H,11.35655183,8.26442076,8.81876472,1.0,0.438134,0.438134,0.0319111607969,-0.40622283920310004,0.40622283920310004
polar1m,177,38,H,10.84463878,12.97176553,14.07785604,1.0,0.467992,0.467992,0.0419667698443,-0.42602523015570004,0.42602523015570004
polar1m,177,39,H,9.52440377,5.40618241,6.27455331,1.0,0.445133,0.445133,0.033043526113,-0.412089473887,0.412089473887
polar1m,177,40,O,11.1713555,9.62209992,10.91061618,-2.0,1.270158,-0.7298420000000001,-0.485430061817,0.2444119381830001,0.2444119381830001
polar1m,177,41,O,10.86505723,5.36761587,8.24281572,-2.0,1.33815,-0.66185,0.593658030033,1.255508030033,1.255508030033
polar1m,177,42,H,12.7924529,10.64614384,10.21825249,1.0,0.301066,0.301066,0.0199219919741,-0.2811440080259,0.2811440080259
polar1m,177,43,H,12.0,12.0,12.0,1.0,0.37519,0.37519,0.440898835659,0.06570883565899999,0.06570883565899999
polar1m,177,44,H,11.12749405,10.01623904,13.97442649,1.0,0.37502,0.37502,0.0215533133596,-0.35346668664040004,0.35346668664040004
polar1m,177,45,O,13.82024871,10.99041417,9.93793538,-2.0,1.37906,-0.62094,-0.0564409941435,0.5644990058565,0.5644990058565
polar1m,177,46,H,15.139916,11.81746014,13.93817137,1.0,0.431396,0.431396,0.0234716236591,-0.4079243763409,0.4079243763409
polar1m,177,47,H,10.48603826,6.41559806,8.74640163,1.0,0.395489,0.395489,0.095857322216,-0.29963167778399996,0.29963167778399996
polar1m,177,48,O,16.11771656,9.05340017,11.45593243,-2.0,1.289748,-0.7102520000000001,0.0781397968531,0.7883917968531001,0.7883917968531001
polar1m,178,0,O,12.84495057,13.7701005,12.59510491,-2.0,1.315711,-0.6842889999999999,0.0112820267677,0.6955710267676999,0.6955710267676999
polar1m,178,1,H,14.33127854,10.34489181,10.16559054,1.0,0.437853,0.437853,0.0259632728994,-0.4118897271006,0.4118897271006
polar1m,178,2,O,14.51036703,12.09356974,13.66008561,-2.0,1.191461,-0.8085389999999999,-0.022480301559,0.7860586984409998,0.7860586984409998
polar1m,178,3,H,14.84528062,9.65184866,11.77180911,1.0,0.424855,0.424855,0.0277842096984,-0.3970707903016,0.3970707903016
polar1m,178,4,H,11.43417343,9.86589187,12.64416665,1.0,0.330335,0.330335,0.0094054825604,-0.32092951743959997,0.32092951743959997
polar1m,178,5,H,11.72046639,4.83167287,8.73692008,1.0,0.499408,0.499408,0.056919682771,-0.442488317229,0.442488317229
polar1m,178,6,O,13.44069926,13.58138656,10.09144384,-2.0,1.170271,-0.8297289999999999,-0.103689536452,0.726039463548,0.726039463548
polar1m,178,7,H,12.80055855,13.67413419,11.05914058,1.0,0.289376,0.289376,0.0164587236941,-0.2729172763059,0.2729172763059
polar1m,178,8,H,11.07614247,11.46932035,13.05715204,1.0,0.386291,0.386291,0.0456343516707,-0.3406566483293,0.3406566483293
polar1m,178,9,H,13.90469633,13.50277109,12.55510675,1.0,0.395974,0.395974,0.0406077355146,-0.3553662644854,0.3553662644854
polar1m,178,10,H,11.36644004,14.47664121,11.35759759,1.0,0.391846,0.391846,0.0218891873956,-0.36995681260440005,0.36995681260440005
polar1m,178,11,O,11.78234515,9.53538293,13.53010346,-2.0,1.220326,-0.779674,-0.0631033554673,0.7165706445327,0.7165706445327
polar1m,178,12,H,10.43812491,8.15882057,9.84295038,1.0,0.395695,0.395695,0.0356819927692,-0.36001300723080004,0.36001300723080004
polar1m,178,13,O,10.39095588,14.59426793,11.50131459,-2.0,1.221847,-0.7781530000000001,-0.0413627848029,0.7367902151971001,0.7367902151971001
polar1m,178,14,H,10.80045141,11.07528676,10.3135489,1.0,0.427084,0.427084,0.0149950869381,-0.41208891306190004,0.41208891306190004
polar1m,178,15,H,11.16164689,5.57058907,7.394287,1.0,0.471864,0.471864,0.0545708760619,-0.41729312393810003,0.41729312393810003
polar1m,178,16,O,11.301381,7.63735414,9.48268193,-2.0,1.343884,-0.6561159999999999,-0.00185053050518,0.6542654694948199,0.6542654694948199
polar1m,178,17,H,10.9160129,9.00006055,10.82537128,1.0,0.377074,0.377074,0.0161784440279,-0.36089555597210005,0.36089555597210005
polar1m,178,18,O,10.78806268,11.89038438,10.52150174,-2.0,1.258743,-0.741257,0.0183413177729,0.7595983177729001,0.7595983177729001
polar1m,178,19,O,11.28354041,12.35532335,13.52426461,-2.0,1.305614,-0.694386,0.10900850594,0.80339450594,0.80339450594
polar1m,178,20,H,14.24817042,11.41452055,13.18838202,1.0,0.418148,0.418148,0.0159991756082,-0.4021488243918,0.4021488243918
polar1m,178,21,H,13.82108427,12.6759266,10.17553872,1.0,0.371211,0.371211,0.0153575912118,-0.3558534087882,0.3558534087882
polar1m,178,22,H,12.68329348,13.33871912,13.38081147,1.0,0.416394,0.416394,0.0248504094779,-0.39154359052209997,0.39154359052209997
polar1m,178,23,H,13.3062632,9.7907691,12.09628675,1.0,0.395097,0.395097,0.0152806043625,-0.37981639563749997,0.37981639563749997
polar1m,178,24,H,10.02966581,13.69290005,11.70954588,1.0,0.357013,0.357013,0.0179303772748,-0.3390826227252,0.3390826227252
polar1m,178,25,H,9.90533822,12.21860631,10.61901491,1.0,0.428778,0.428778,0.0296660643071,-0.3991119356929,0.3991119356929
polar1m,178,26,O,14.13118458,9.50272839,12.32475088,-2.0,1.179551,-0.820449,-0.0401127561927,0.7803362438072999,0.7803362438072999
polar1m,178,27,H,11.44998466,8.40631818,8.92158759,1.0,0.437776,0.437776,0.0302195418626,-0.4075564581374,0.4075564581374
polar1m,178,28,H,10.95786346,13.03162895,14.14694945,1.0,0.482049,0.482049,0.0421337038279,-0.4399152961721,0.4399152961721
polar1m,178,29,O,11.37000152,9.71302742,11.01465102,-2.0,1.050787,-0.9492130000000001,-0.766652524471,0.18256047552900012,0.18256047552900012
polar1m,178,30,O,10.99676434,5.47519951,8.41452563,-2.0,1.405328,-0.5946720000000001,0.764000296593,1.358672296593,1.358672296593
polar1m,178,31,H,13.04750485,10.7165846,10.23628074,1.0,0.362252,0.362252,0.0169233456254,-0.34532865437460003,0.34532865437460003
polar1m,178,32,H,12.0,12.0,12.0,1.0,0.396073,0.396073,0.484472423792,0.088399423792,0.088399423792
polar1m,178,33,H,11.14457363,10.12976574,13.98400374,1.0,0.377846,0.377846,0.024423321709,-0.353422678291,0.353422678291
polar1m,178,34,O,13.96140543,11.11212497,10.01294402,-2.0,1.233869,-0.7661309999999999,-0.02552665025,0.7406043497499999,0.7406043497499999
polar1m,178,35,H,15.3417624,11.7198819,14.16311238,1.0,0.414171,0.414171,0.0325474441051,-0.3816235558949,0.3816235558949
polar1m,178,36,H,10.87385432,6.47504136,8.63845477,1.0,0.418145,0.418145,0.0462532788515,-0.3718917211485,0.3718917211485
polar1m,179,0,O,13.03234266,13.80451689,12.74507636,-2.0,1.25334,-0.7466600000000001,-0.0397136956453,0.7069463043547001,0.7069463043547001
polar1m,179,1,H,14.61278194,10.40938673,10.2416505,1.0,0.396663,0.396663,0.0254275724292,-0.37123542757079997,0.37123542757079997
polar1m,179,2,O,14.70508958,12.13645129,13.77876741,-2.0,1.269772,-0.7302280000000001,-0.016054213047,0.714173786953,0.714173786953
polar1m,179,3,H,14.87187836,9.84526512,11.76939818,1.0,0.384267,0.384267,0.0207023471594,-0.3635646528406,0.3635646528406
polar1m,179,4,H,11.55730289,9.79025257,12.85614104,1.0,0.366353,0.366353,0.0148902274668,-0.35146277253319996,0.35146277253319996
polar1m,179,5,O,13.5741563,13.61574662,10.18827258,-2.0,1.175886,-0.824114,-0.129520684481,0.694593315519,0.694593315519
polar1m,179,6,H,12.84627699,13.66833954,11.17445041,1.0,0.275167,0.275167,0.0216459855437,-0.2535210144563,0.2535210144563
polar1m,179,7,H,11.32810797,11.56919812,13.28063296,1.0,0.399376,0.399376,0.0338534787297,-0.3655225212703,0.3655225212703
polar1m,179,8,H,14.00155955,13.27156895,12.94018552,1.0,0.367627,0.367627,0.0340893901885,-0.3335376098115,0.3335376098115
polar1m,179,9,H,11.55089611,14.4897009,11.64899146,1.0,0.395376,0.395376,0.0165133103728,-0.3788626896272,0.3788626896272
polar1m,179,10,O,11.92173863,9.61544429,13.70225318,-2.0,1.169421,-0.830579,-0.0613322779536,0.7692467220464,0.7692467220464
polar1m,179,11,H,10.50319959,8.00958059,9.99324065,1.0,0.349507,0.349507,0.0254217423499,-0.3240852576501,0.3240852576501
polar1m,179,12,O,10.57283873,14.61020968,11.5921682,-2.0,1.171363,-0.8286370000000001,-0.0527732223272,0.7758637776728001,0.7758637776728001
polar1m,179,13,H,10.7830787,11.03516132,10.24016398,1.0,0.411974,0.411974,0.0257331728935,-0.3862408271065,0.3862408271065
polar1m,179,14,O,11.49849504,7.70056899,9.617452,-2.0,1.177528,-0.8224720000000001,-0.121647164226,0.7008248357740001,0.7008248357740001
polar1m,179,15,H,8.45392705,8.72541,10.59938025,1.0,0.349235,0.349235,0.0118156857789,-0.3374193142211,0.3374193142211
polar1m,179,16,H,11.29772463,8.91062764,10.81457957,1.0,0.363377,0.363377,0.0217582769692,-0.3416187230308,0.3416187230308
polar1m,179,17,O,10.98216057,11.9512519,10.64437388,-2.0,1.404498,-0.595502,0.169812113047,0.765314113047,0.765314113047
polar1m,179,18,O,11.47408962,12.4065471,13.67012721,-2.0,1.258024,-0.741976,0.0229962468147,0.7649722468147,0.7649722468147
polar1m,179,19,H,14.28117152,11.46799408,13.23741375,1.0,0.393397,0.393397,0.0194696038961,-0.3739273961039,0.3739273961039
polar1m,179,20,H,14.2121786,12.87978156,10.37592685,1.0,0.369891,0.369891,0.0144985355437,-0.3553924644563,0.3553924644563
polar1m,179,21,H,12.84093826,13.30711628,13.56452021,1.0,0.387301,0.387301,0.0190838500857,-0.3682171499143,0.3682171499143
polar1m,179,22,H,13.48283978,9.8624684,12.22713919,1.0,0.387382,0.387382,0.0172813497484,-0.3701006502516,0.3701006502516
polar1m,179,23,H,10.11873497,13.82687822,11.72319729,1.0,0.400781,0.400781,0.017439711839,-0.383341288161,0.383341288161
polar1m,179,24,O,9.09667219,8.09057981,10.32351457,-2.0,0.911301,-1.088699,-0.789804756641,0.29889424335900006,0.29889424335900006
polar1m,179,25,H,10.13057639,12.34800491,10.90990811,1.0,0.392948,0.392948,0.0234223976731,-0.3695256023269,0.3695256023269
polar1m,179,26,O,14.3051109,9.53083173,12.45219412,-2.0,1.196356,-0.803644,-0.0466526001692,0.7569913998308,0.7569913998308
polar1m,179,27,H,11.59847838,8.54071556,9.04570399,1.0,0.332805,0.332805,0.0185127072036,-0.31429229279640003,0.31429229279640003
polar1m,179,28,H,11.01184767,13.00919513,14.25656223,1.0,0.456824,0.456824,0.0254567880183,-0.4313672119817,0.4313672119817
polar1m,179,29,O,11.60862172,9.7727637,11.15804775,-2.0,1.080743,-0.919257,-0.795130193233,0.12412680676699994,0.12412680676699994
polar1m,179,30,H,13.32797768,10.80772599,10.24491871,1.0,0.418317,0.418317,0.0201441757381,-0.3981728242619,0.3981728242619
polar1m,179,31,H,12.0,12.0,12.0,1.0,0.362201,0.362201,0.42260608077,0.06040508077000001,0.06040508077000001
polar1m,179,32,H,11.2096071,10.11864755,14.09147078,1.0,0.373066,0.373066,0.0166049674153,-0.3564610325847,0.3564610325847
polar1m,179,33,O,14.1123083,11.2019178,10.12251674,-2.0,1.202442,-0.797558,-0.0331023931503,0.7644556068496999,0.7644556068496999
polar1m,179,34,H,15.47686606,11.64292098,14.39669008,1.0,0.395493,0.395493,0.0265514925122,-0.36894150748779997,0.36894150748779997
