{
  "run_id": "r02_cold_w",
  "trajectory": "/home/kevinsh/mlip/codesVP/6_26_NPT_MACE/expand/MDresults/r02_cold_w/r02_cold_w.xyz",
  "discarded_frames": 0,
  "used_frames": 4,
  "settings": {
    "generated_script": "/home/kevinsh/mlip/codesVP/6_26_NPT_MACE/expand/npt_r02_cold_w.py",
    "target_density_g_cm3": 0.000449,
    "target_pressure_GPa": 0.0001,
    "target_temperature_K": 76.0
  },
  "estimates": {
    "pressure_GPa": {
      "mean": 0.016933418786105107,
      "std": 0.011541751980033798,
      "naive_se": 0.005770875990016899,
      "block_se": NaN,
      "block_size": 1,
      "n_blocks": 4,
      "tau_int_frames": 0.5,
      "tau_se": 0.005770875990016899
    },
    "density_g_cm3": {
      "mean": 0.008863373774812581,
      "std": 1.9565773675999058e-07,
      "naive_se": 9.782886837999529e-08,
      "block_se": NaN,
      "block_size": 1,
      "n_blocks": 4,
      "tau_int_frames": 0.8817141716258313,
      "tau_se": 1.2991100375247177e-07
    },
    "temperature_K": {
      "mean": 68.21154456983703,
      "std": 31.241098405467017,
      "naive_se": 15.620549202733509,
      "block_se": NaN,
      "block_size": 1,
      "n_blocks": 4,
      "tau_int_frames": 0.5,
      "tau_se": 15.620549202733509
    }
  }
}