frame,atom_index,symbol,x_A,y_A,z_A,formal_charge_e,predicted_charge_e,force_x_eV_A,force_y_eV_A,force_z_eV_A
0,0,H,9.04638977,12.69041951,12.97776359,1,-0.0330896899104,0.953395605087,1.1621440649,-3.71569824219
0,1,O,12.00387415,11.99911896,10.68902028,-2,0.556360423565,6.71281147003,2.80311822891,2.23136591911
0,2,H,10.22830312,10.6984727,9.70881406,1,0.0136141590774,-0.459860503674,-1.70352828503,-0.891113102436
0,3,H,14.00025823,13.35300633,11.50542538,1,0.0111501514912,0.59157127142,-1.19272983074,-0.115104958415
0,4,O,10.97866385,11.25748,13.29951981,-2,-0.00553478300571,2.23385381699,-2.15251421928,1.34257256985
0,5,H,15.82112532,15.97842313,10.34284957,1,0.0100040044636,-2.81356930733,1.11035478115,-0.643072783947
0,6,O,9.96369866,11.25927459,10.41597623,-2,0.00103549659252,-2.06610035896,-1.46534061432,0.857959330082
0,7,H,11.3519755,11.6732565,10.03630506,1,0.0153105333447,-0.658771812916,0.529418468475,0.806383490562
0,8,O,9.3618432,13.00705177,11.99288639,-2,-0.16190944612,0.41290730238,1.36318016052,4.84017419815
0,9,O,14.83745983,16.08654433,9.99885862,-2,-0.028159968555,3.94809794426,1.82014262676,1.33114755154
0,10,H,14.80853881,15.24095,9.63886689,1,0.0107478536665,-0.545388281345,-1.81745791435,-2.59102869034
0,11,H,14.67245584,12.87886678,13.65407252,1,-0.0296776071191,-0.242890372872,0.0524140745401,0.0302358083427
0,12,H,10.95254067,12.17837727,13.47765241,1,-0.0615367367864,-0.609077572823,1.90814876556,0.300281763077
0,13,O,13.32446879,9.04398124,12.27421419,-2,-0.0384991057217,-0.0554069243371,-0.124730020761,1.67322921753
0,14,H,10.90453624,15.67634478,12.60716,1,-0.0248886272311,-0.391573548317,2.99055242538,-0.662160456181
0,15,H,13.56362747,9.87090693,12.79555474,1,-0.00216318294406,-0.455111593008,-1.81012821198,-0.699223101139
0,16,O,14.19978606,15.18390615,12.28964695,-2,-0.0470413900912,-2.98530220985,3.01274561882,-0.14176005125
0,17,H,13.78443062,16.15102937,12.43821627,1,-0.00612937659025,1.56591725349,-3.395622015,-0.6148250103
0,18,O,14.24708423,13.48946884,10.55915739,-2,-0.0422447547317,-0.262598246336,-0.530258119106,0.342498242855
0,19,H,10.88627862,14.5775183,13.5538635,1,-0.0792255625129,0.0648812949657,-0.673241913319,2.1370100975
0,20,O,9.72445356,13.79012895,9.61162596,-2,-0.122046798468,1.91727995872,-7.83472156525,-0.835397958755
0,21,H,12.90524926,12.49931331,10.37194059,1,0.0135672055185,-2.9514503479,-1.41445231438,0.636557638645
0,22,H,9.65064036,13.10553721,10.52916952,1,0.0114842876792,-0.00425510294735,1.51221644878,-3.91159725189
0,23,O,10.9954168,14.76282272,12.64360511,-2,0.121271364391,0.896823525429,-1.85238957405,-1.21514630318
0,24,H,13.6731646,14.81825083,11.47399678,1,0.0142657775432,0.0451836436987,2.23781299591,3.31919407845
0,25,H,10.0047654,10.76535674,11.28169113,1,0.0117437690496,0.0684299916029,0.560445666313,-1.23346936703
0,26,H,11.58915171,10.965758,14.09064478,1,-0.0925192162395,-1.41916930676,0.156486958265,-1.72918784618
0,27,H,13.28209377,12.16114818,13.81965431,1,-0.0561400949955,0.249369800091,0.294341355562,0.103250645101
0,28,O,13.89275673,12.55739369,13.17444373,-2,-0.0169269517064,0.0668931528926,-0.462458223104,-0.101521469653
0,29,H,12,12,12,1,0.0118477940559,-0.681918621063,-0.695683658123,-2.80087518692
0,30,H,9.50146159,14.43832449,10.12925478,1,0.00218069506809,-2.18721032143,6.78237342834,3.70876407623
0,31,H,14.50632789,14.42576911,10.65081963,1,0.0149018317461,0.752191960812,-1.06538569927,-0.611335933208
0,32,H,10.14150509,13.8847987,12.15432366,1,0.0307533368468,-2.24629068375,-2.06617093086,-0.0989812090993
0,33,H,13.11346635,8.28563039,12.90916784,1,-0.00250523351133,0.556276857853,1.96093523502,-1.04904949665
1,0,H,8.97480461,12.80929996,12.87306965,1,0.0239512305707,0.678691267967,1.09955668449,-2.6251282692
1,1,O,11.90217079,12.06931715,10.55410876,-2,0.437122374773,4.69620132446,2.36126613617,4.04191255569
1,2,H,10.16171883,10.75349816,9.52383193,1,0.0225422233343,-1.24887859821,0.325637668371,2.8387606144
1,3,H,13.96727324,13.44596543,11.45704084,1,0.0233117900789,1.23753762245,-0.933254361153,-0.954580426216
1,4,O,11.63156511,9.68651926,9.62723557,-2,-0.0313332527876,-0.337409764528,-2.92412638664,-3.89494681358
1,5,O,14.10762601,9.21764874,9.35969156,-2,-0.0466257445514,0.0526032708585,2.88268136978,3.25243616104
1,6,O,10.87723433,11.37470378,13.2649456,-2,0.0183540433645,2.46874117851,-0.543424725533,-1.24112701416
1,7,H,15.73542402,16.10180106,10.18615888,1,0.0237211585045,-1.48492729664,1.06197369099,0.129727959633
1,8,O,9.86491405,11.3141633,10.34519469,-2,-0.0401726365089,-2.3767888546,0.114531859756,-6.2260799408
1,9,H,11.2773047,11.84240799,9.78350125,1,0.0295088924468,0.132970914245,0.376483082771,1.94044816494
1,10,H,11.60808398,9.44937698,13.16112257,1,0.0181832574308,-0.917832374573,-1.53396332264,3.20589208603
1,11,O,9.32684714,13.05902747,11.93511842,-2,-0.0279234498739,-3.5430688858,-3.7015247345,2.61690545082
1,12,O,14.76164752,16.15377454,9.94402852,-2,-0.0233498364687,2.68745493889,-0.277740716934,-0.501326501369
1,13,O,11.4649758,9.2146311,14.17450228,-2,-0.0738755315542,-0.557191431522,3.68486618996,-3.02413249016
1,14,H,14.79270241,15.2967571,9.51497499,1,0.0211249180138,-0.393994063139,0.382820010185,-1.81988465786
1,15,H,11.59169993,7.06201116,13.63484854,1,0.0132842212915,-2.01347637177,-0.908922791481,-1.54277288914
1,16,H,14.59294819,12.87223922,13.77269182,1,0.02590470016,-2.33457922935,-0.79667365551,-1.72625517845
1,17,H,10.69552378,12.2905243,13.35617157,1,0.0184785611928,-0.449842900038,1.29508066177,0.776405632496
1,18,H,12.18584946,9.55472978,10.41376318,1,0.0230492427945,-0.788246929646,-0.835853278637,-0.340080440044
1,19,O,13.21295014,9.09534033,12.16698153,-2,-0.0266103819013,-0.198832079768,-0.100149102509,-1.65657973289
1,20,H,14.93163633,9.8014365,9.30715948,1,0.0150827113539,-1.64451277256,-1.26939666271,0.188005849719
1,21,H,13.33345359,9.88939445,12.64924508,1,0.0150781497359,0.691703021526,1.15185880661,0.874664962292
1,22,O,14.10858481,15.26357454,12.17476066,-2,-0.0586583130062,0.583703696728,-3.75868296623,-1.12916195393
1,23,H,13.64449427,15.99052871,12.4367023,1,0.0181895829737,-1.98649501801,3.11142969131,0.846723258495
1,24,O,14.16172655,13.6240473,10.48129845,-2,-0.0447651967406,-1.01670348644,-2.49218201637,0.798101961613
1,25,H,12.68137763,12.70109291,10.50764164,1,0.0193639434874,-1.18013262749,-0.845383822918,-1.5057502985
1,26,H,13.66716017,14.80844322,11.35168525,1,0.0234379023314,-0.689736545086,3.10867786407,3.98055934906
1,27,H,10.07887928,10.85218739,11.10332921,1,0.0201841555536,0.654020309448,-1.87654912472,2.21453881264
1,28,H,11.37486651,10.89350269,14.01281451,1,0.0274375788867,-0.981407046318,-0.00188554823399,-0.134759172797
1,29,H,13.05848806,12.24298307,13.57337051,1,0.0198990926147,1.66648650169,0.643182933331,-0.0246387310326
1,30,O,13.86084482,12.5921623,13.09415004,-2,-0.0149340108037,0.440412938595,-0.173557132483,1.80735206604
1,31,O,12.3231702,6.83507582,14.16173585,-2,-0.849086523056,1.53480815887,1.19054436684,0.650331258774
1,32,H,12,12,12,1,0.247675999999,-2.24714303017,-1.17529737949,-2.87087845802
1,33,H,13.57074473,9.61560452,10.25382214,1,0.0192762091756,3.57559943199,-1.84404230118,-3.77413105965
1,34,H,11.8173039,8.29891329,14.30091622,1,0.012446962297,1.31259059906,-1.93172693253,0.884568691254
1,35,H,11.83651308,8.95779863,8.82406758,1,0.0298657640815,-0.201998874545,2.83950901031,3.95098781586
1,36,H,14.38750247,14.54766011,10.52496611,1,0.0311370939016,1.44900405407,0.133689910173,-0.900458872318
1,37,H,9.87635078,13.76604825,11.99907315,1,0.0131500475109,2.27582097054,3.62452244759,0.507060527802
1,38,H,12.90831024,8.46548742,12.83895778,1,0.0265730638057,0.454861402512,-1.46401453018,0.387227326632
2,0,H,8.96436669,12.94400932,12.75648162,1,0.0227257311344,-3.20161342621,-0.873076021671,5.82304334641
2,1,O,11.83746161,12.15315833,10.51791379,-2,0.352429002523,2.22009849548,-0.732879638672,3.73385381699
2,2,H,10.05383791,10.84523126,9.60234736,1,0.0204265639186,-0.210961684585,-1.14680612087,-0.333347916603
2,3,H,14.01741449,13.51968023,11.44155345,1,0.0195371620357,0.938732266426,-0.715810239315,-0.328504502773
2,4,O,11.52337375,9.77044,9.55872192,-2,-0.033261552453,-1.46921765804,2.91376185417,4.27942562103
2,5,O,14.01156364,9.25836812,9.36461645,-2,-0.0408440604806,0.569369196892,3.9404976368,3.73569178581
2,6,O,10.80660368,11.49372957,13.31831367,-2,0.0212360098958,-0.135173559189,5.44929695129,-5.18364620209
2,7,H,15.61627879,16.27891127,10.14159963,1,0.0250579118729,3.15831017494,0.795878350735,1.04229545593
2,8,O,9.78409274,11.37568541,10.34457889,-2,-0.0507432632148,-1.81625711918,-0.745179116726,0.536993205547
2,9,H,11.28753613,12.07347938,9.69751136,1,0.0299680866301,-0.271049201488,0.0150514272973,1.35023927689
2,10,H,11.49029358,9.56016679,13.23515509,1,0.0175424963236,-0.500694870949,-1.46442067623,0.942926347256
2,11,O,9.30050799,13.10452572,11.97063193,-2,-0.0224250108004,1.59865581989,-0.125414595008,-5.415828228
2,12,O,14.71778475,16.23188424,9.97894398,-2,-0.0170758441091,-2.18079829216,-2.47971916199,-3.37255978584
2,13,O,11.42381794,9.2932028,14.17776646,-2,-0.092460334301,-0.867372095585,3.19186687469,-0.573582828045
2,14,H,14.76169969,15.40673678,9.36599571,1,0.0261174067855,-0.203605249524,2.68777489662,0.254022479057
2,15,H,11.46939604,7.02791872,13.51852911,1,0.015692602843,1.28881287575,-1.17768657207,0.991947352886
2,16,O,15.96176593,13.95500436,12.89440952,-2,-0.0967265591025,-0.170182809234,6.45708656311,0.72626376152
2,17,H,14.39871659,12.87593726,13.92359635,1,0.0282474942505,-1.04003727436,-0.259036123753,-1.51512861252
2,18,H,10.47620639,12.46423249,13.38061526,1,0.0221199505031,0.931960463524,-2.93908977509,0.62255012989
2,19,H,12.11261163,9.70102716,10.3659008,1,0.0230590328574,-1.58084321022,-0.467962414026,-1.49336493015
2,20,O,13.12286221,9.15313195,12.14350507,-2,-0.0313313826919,-0.237737327814,0.566457152367,-0.639356434345
2,21,H,14.72813804,9.98057736,9.39454321,1,0.0167753901333,-0.975212931633,-1.83532726765,-0.787173867226
2,22,H,15.85478777,13.07906163,12.77008554,1,0.0201004929841,-0.715759575367,-4.08404636383,-1.11499130726
2,23,H,15.13320922,14.61404156,12.64754716,1,0.0153449364007,2.59486746788,-2.69822406769,0.851531565189
2,24,H,13.14598214,9.96973279,12.63119481,1,0.0152681171894,0.757312178612,0.88157248497,0.245643228292
2,25,O,14.04102224,15.33985682,12.14504809,-2,0.0127554386854,2.1634914875,5.78134012222,8.3252696991
2,26,H,13.43151805,15.98154056,12.5361567,1,0.0272328257561,0.566673755646,0.0872740596533,0.242514550686
2,27,O,14.09799325,13.75944067,10.49853811,-2,-0.0544676370919,-0.975556313992,-1.97345232964,-0.762848734856
2,28,H,12.39792862,12.8799863,10.63417058,1,0.0206396244466,1.82353830338,2.32915449142,-1.49454927444
2,29,H,13.60550219,14.96662826,11.51834302,1,0.0256525911391,-4.90170049667,-2.93086671829,-5.38151931763
2,30,H,10.1783339,10.87809722,11.1072205,1,0.0198411531746,-0.952905535698,0.646145939827,-1.0481235981
2,31,H,11.10445322,10.9279191,13.98225949,1,0.0258119963109,0.862737298012,-1.97623133659,3.77297234535
2,32,H,12.92503252,12.40369845,13.42823168,1,0.0195681080222,1.78250801563,0.282293856144,0.142273947597
2,33,O,13.85293198,12.62933778,13.10596558,-2,-0.0170366168022,-1.76403284073,-0.567968666553,1.63832080364
2,34,O,12.22608749,6.95010735,14.18293729,-2,-0.818648934364,-1.85799717903,1.62478148937,-1.62510049343
2,35,H,12,12,12,1,0.307858705521,-2.62144589424,-1.07280004025,-1.94028329849
2,36,H,13.55343108,9.6793057,10.26251886,1,0.0190963596106,2.18545007706,-2.4275894165,-3.17208695412
2,37,H,11.68164133,8.31660084,14.33360932,1,0.0132181718946,1.16629362106,-1.84056663513,0.267820477486
2,38,H,11.79175971,9.20703195,8.92847873,1,0.0244196504354,2.01673913002,-3.30615234375,-3.17139387131
2,39,H,14.32397755,14.69481816,10.46067996,1,0.0250352174044,0.703065872192,-0.32230296731,-0.25478258729
2,40,H,9.80215305,13.87920245,11.9880103,1,0.0152890048921,0.854273498058,2.22290110588,0.0385367646813
2,41,H,12.76350331,8.61179006,12.87070235,1,0.026953920722,0.467330217361,-1.71050834656,0.0440494790673
3,0,H,8.87127667,13.01879536,12.90607139,1,0.0289401076734,0.330727994442,-0.521681785583,-1.34442770481
3,1,O,11.80458031,12.24340955,10.52251282,-2,0.312212496996,4.64243078232,2.68936157227,4.79835605621
3,2,H,9.967947,10.89346725,9.71535008,1,0.023226827383,0.745767652988,-2.79621815681,-3.95393562317
3,3,H,14.12985056,13.59285436,11.43969158,1,0.0261158123612,0.895734429359,-0.401035666466,1.34874093533
3,4,O,11.43376193,9.87024532,9.5352812,-2,-0.0224314853549,-0.5719602108,-0.31148698926,-1.76650094986
3,5,O,10.76080281,11.62987832,13.39267545,-2,0.00178711861372,1.6660605669,1.59773910046,-2.49312710762
3,6,H,6.8876523,14.50428252,14.49463575,1,0.0204701125622,0.482255965471,-0.347738295794,0.0572957769036
3,7,O,9.72477455,11.44277791,10.37772071,-2,-0.0334939062595,-1.74874866009,0.451285660267,4.58581924438
3,8,H,11.36070013,12.34675825,9.69091574,1,0.0313338078558,-1.37616097927,-0.47537779808,-0.839920282364
3,9,H,11.37327658,9.62370771,13.36726361,1,0.0172275491059,-0.469797998667,0.343017250299,-5.53019475937
3,10,O,9.29586278,13.15218392,12.02236563,-2,-0.107849061489,0.78631901741,3.9151866436,2.44208240509
3,11,O,11.40831243,9.38544438,14.21209105,-2,-0.171874076128,-0.767359852791,0.874262750149,6.24491691589
3,12,H,8.01102367,14.12044712,13.23466235,1,0.0177194699645,-4.52305364609,2.2740316391,1.64239168167
3,13,H,16.93299654,13.38506936,9.09749796,1,0.0310178995132,-0.0549394451082,-0.307759851217,1.37854170799
3,14,H,11.43853194,6.96964711,13.50305277,1,0.0186829455197,1.73497259617,-0.458678692579,1.61139905453
3,15,O,15.95046983,14.06357636,12.90044711,-2,-0.127717018127,-2.74590063095,1.52231001854,-1.72063875198
3,16,H,14.13336173,12.90380024,14.0490535,1,0.0282427910715,0.989182651043,0.196148857474,0.106068901718
3,17,H,10.3482994,12.50417358,13.47604737,1,0.0154118016362,0.178556159139,-0.984425604343,0.253494858742
3,18,H,11.99058508,9.84884242,10.28274557,1,0.0204029865563,1.28828167915,-0.250128954649,1.92790865898
3,19,O,13.0555327,9.21949519,12.15079416,-2,-0.0487382151186,-0.881803750992,2.232609272,1.64350545406
3,20,H,10.74018463,15.83874917,12.58935126,1,0.027078807354,-0.857898116112,6.09773445129,-1.57693266869
3,21,H,15.71345501,13.13054843,12.7609647,1,0.020591955632,0.888480186462,0.322710245848,-0.137827470899
3,22,H,15.07521434,14.6104422,12.41609447,1,0.0167709589005,4.37015867233,-2.2442984581,2.97218179703
3,23,H,13.0219566,10.10772182,12.65377979,1,0.0161038041115,0.777261674404,-1.73353636265,-1.24721097946
3,24,O,14.0057308,15.43272171,12.16931306,-2,0.0409149676561,-6.72303390503,4.65430307388,1.35769271851
3,25,H,15.95429849,12.60938869,10.50215823,1,0.0120299905539,0.0318869501352,-3.2871992588,0.943095982075
3,26,H,13.25243501,16.03382443,12.65234262,1,0.0276280976832,3.58637189865,-1.62482130527,-0.789377331734
3,27,O,14.05867465,13.89521357,10.54905621,-2,-0.0285757407546,-1.11803638935,0.642195820808,-3.85942029953
3,28,H,10.71602863,14.95060557,13.61015161,1,0.0338925346732,0.479859858751,-1.16381549835,-1.77597928047
3,29,O,9.49294295,13.92802242,9.6635465,-2,-0.109736181796,1.61553215981,-1.96462333202,1.09317517281
3,30,H,12.18875513,13.15202727,10.69982806,1,0.0226971209049,-0.0486472696066,-1.14856755733,-1.02896094322
3,31,H,9.79772433,13.17239583,10.49157384,1,0.0241221860051,-2.05558824539,3.01067686081,-3.2079334259
3,32,O,16.58536979,13.54007056,10.01728348,-2,0.107951231301,3.00465583801,2.83059358597,-3.31498861313
3,33,O,10.87229187,14.9650445,12.59746387,-2,0.0833708196878,1.26433312893,-3.57757687569,3.68989992142
3,34,H,13.32098238,15.05296694,11.54445635,1,0.023491628468,1.00327301025,0.323277264833,1.04842591286
3,35,H,10.22860456,10.95994971,11.10663187,1,0.0234486162663,-1.64844238758,1.18769705296,-0.897666275501
3,36,O,7.05920379,14.59434955,13.55212399,-2,-0.0437084138393,3.5964653492,-1.38467741013,-1.72214722633
3,37,H,10.87172233,10.9921326,14.12195476,1,0.0263554677367,0.267199635506,-0.897444844246,1.29441308975
3,38,O,15.74684826,11.63341162,10.84132114,-2,-0.188240364194,-0.285475432873,0.0678490027785,0.306978017092
3,39,H,12.90135757,12.61791199,13.33563082,1,0.0161491334438,0.363408565521,-0.314819455147,-0.109647832811
3,40,O,13.86735394,12.67058084,13.15438175,-2,-0.00985312461853,-2.54547762871,-0.397785037756,0.18612717092
3,41,O,12.14915509,7.0766303,14.23072943,-2,-0.735567212105,-2.50509309769,1.06625509262,-1.86225998402
3,42,H,12,12,12,1,0.324701488018,-2.21009707451,-0.687607347965,-1.56229138374
3,43,H,9.43236027,14.8953067,9.75779855,1,0.0149842444807,0.240650430322,-0.932337462902,0.750726819038
3,44,H,15.85896139,14.10373554,9.80929743,1,0.0230430923402,-0.697260677814,0.868177890778,-0.00158199481666
3,45,H,11.60110058,8.3060142,14.42001199,1,0.015494838357,1.149985075,-1.28159713745,-0.334434747696
3,46,H,11.90915585,9.32139551,8.919727,1,0.0245128236711,0.0616763457656,-0.433550834656,-0.522900700569
3,47,H,14.8356913,11.74056842,11.06575955,1,0.0126357339323,-0.997195780277,-0.903700590134,0.306163400412
3,48,H,14.28886614,14.85526954,10.43191809,1,0.0313510298729,0.0842172652483,-1.75861299038,0.315277338028
3,49,H,9.88503292,14.17363269,12.06111652,1,0.0402704253793,-2.5868947506,-3.85110163689,0.16916936636
3,50,H,12.68409779,8.70181726,12.92729161,1,0.0254020951688,0.893127143383,-0.725240886211,-0.873559474945
4,0,H,8.80100547,13.06351072,13.0474962,1,0.0357555635273,1.82672846317,-0.258234709501,-4.12082147598
4,1,O,11.79362275,12.34858769,10.54371461,-2,0.316966742277,3.0583114624,4.6603307724,2.77188420296
4,2,H,9.9317391,10.84567298,9.6932724,1,0.0229239538312,-0.590661108494,1.752997756,1.06072604656
4,3,H,14.26805032,13.6789104,11.47970674,1,0.0186113677919,0.126282989979,0.719210922718,-0.17424210906
4,4,O,11.3483438,9.97789625,9.51861183,-2,-0.068374723196,2.75936079025,-2.71965551376,-4.05734491348
4,5,O,10.72989484,11.7689983,13.46934053,-2,-0.0125778838992,3.86993694305,-3.92555475235,1.14499616623
4,6,H,6.83493538,14.55599033,14.53083693,1,0.0201805718243,0.990307807922,-0.497041732073,-0.740851581097
4,7,H,15.65910398,16.72966777,10.27634452,1,0.0275798290968,-2.81728076935,-0.912762463093,-0.490804553032
4,8,O,9.67191749,11.51506538,10.42908314,-2,-0.0506670847535,-2.32880997658,-0.844006061554,-5.16178703308
4,9,H,11.42269176,12.60458367,9.6585892,1,0.0303386766464,-0.779445111752,-1.696439147,0.38686221838
4,10,H,11.25903085,9.70639755,13.29562957,1,0.0194126442075,0.227219894528,-1.31041014194,2.20119023323
4,11,O,9.30607628,13.22109553,12.08095759,-2,-0.147890135646,-1.04319024086,3.87584495544,5.23731565475
4,12,O,14.68643736,16.39734939,10.09752912,-2,0.00237561762333,3.11403346062,0.914948821068,-2.02933192253
4,13,O,11.40418925,9.48298464,14.26884508,-2,-0.476986795664,-1.50629115105,2.52201128006,-1.12873995304
4,14,H,8.0096645,14.1879594,13.18239253,1,0.0203903131187,-4.34428405762,2.13882350922,2.09987831116
4,15,O,8.70862985,10.61675447,12.42240552,-2,-0.0429032854736,-3.8552749157,-3.17790985107,-2.77658987045
4,16,H,14.7088626,16.08285257,9.1298046,1,0.0269680209458,-0.0284801926464,1.19126725197,1.77169942856
4,17,H,16.84833018,13.58552558,9.10335277,1,0.0272521730512,0.377358168364,-1.02032065392,1.47128081322
4,18,H,11.49238913,6.92790589,13.59008108,1,0.0204905830324,-0.496217787266,-0.665763199329,-0.619960844517
4,19,H,13.89463467,12.96909628,14.1787055,1,0.023680344224,1.36563825607,-0.612631082535,-0.981522321701
4,20,H,10.244132,12.51251184,13.59283417,1,0.0167889930308,-2.11918258667,3.23253297806,0.102027669549
4,21,H,11.90210506,10.00885142,10.28376771,1,0.019377078861,0.645435988903,-0.178497865796,1.23720443249
4,22,O,12.99503514,9.29799039,12.17130268,-2,-0.0516532547772,-0.452252089977,1.25256276131,0.181774765253
4,23,H,10.68953666,16.04149317,12.48980739,1,0.0304972268641,0.531536996365,-2.17785000801,0.183653593063
4,24,O,12.84587636,8.33830632,8.15220609,-2,0.0171983093023,-1.1127461195,0.0750209465623,-1.76210033894
4,25,H,12.94429712,10.17513867,12.61630912,1,0.0165211372077,0.663261651993,-0.68031924963,-0.313701927662
4,26,H,15.89070227,12.65759286,10.56747578,1,0.011527441442,0.128077998757,-3.22998857498,0.70281791687
4,27,H,9.53666832,10.52208227,12.78458394,1,0.0184302255511,2.67760229111,-0.523622393608,1.50229418278
4,28,O,14.02898964,14.03027215,10.60101107,-2,-0.0536529868841,-0.789999961853,0.539046466351,-0.318812340498
4,29,H,10.73152804,14.98029955,13.60881221,1,0.0298239029944,0.0355375669897,-0.116143204272,0.648412764072
4,30,O,9.45555444,13.9957144,9.73970491,-2,-0.125280022621,1.3892635107,-10.2785406113,0.992922544479
4,31,H,11.99248419,13.36947035,10.72774069,1,0.0256700702012,0.451811850071,-2.51083397865,0.0263695567846
4,32,H,9.8094767,13.22310933,10.55989026,1,0.0337874516845,-2.22904109955,2.78429722786,-3.04480409622
4,33,O,16.57046953,13.62268444,10.06356973,-2,0.0623407363892,0.498202681541,5.58083820343,-4.32663011551
4,34,O,10.87081182,15.0480172,12.66402627,-2,0.126301184297,0.257611870766,3.50946998596,-0.533855676651
4,35,H,8.68422265,9.86814237,11.68740498,1,0.0269788634032,-0.23583675921,2.50559997559,2.43292546272
4,36,H,10.19339603,11.13409808,11.06576072,1,0.0211206711829,1.24217998981,-0.898166596889,2.63807749748
4,37,O,7.08189501,14.67502775,13.59251818,-2,-0.0493964552879,2.96238398552,-1.09062683582,-1.57917869091
4,38,H,13.60265963,7.99230631,7.68347489,1,0.0247916746885,0.843669950962,-0.100909776986,0.282313019037
4,39,H,10.64753179,11.12626587,14.30901659,1,0.0314984768629,1.23445045948,0.293626725674,-1.69408130646
4,40,O,15.75325066,11.67495773,10.88594098,-2,-0.146991044283,-2.70613145828,0.967840790749,0.462740957737
4,41,H,12.91190219,12.84277987,13.23817953,1,0.0133373178542,0.0589128434658,-0.258444339037,-0.786958992481
4,42,O,13.88566063,12.71473806,13.21276609,-2,-0.0200126618147,-1.70628225803,0.891935765743,1.91026628017
4,43,O,12.07626382,7.21103819,14.27957167,-2,-0.422197431326,-0.113362133503,0.882413625717,0.770737528801
4,44,H,12,12,12,1,0.330053836107,-1.74385535717,-0.0144374966621,-1.81541919708
4,45,H,9.47330569,14.85308523,9.70018598,1,0.0130663663149,0.575082540512,7.49119615555,0.659673333168
4,46,H,15.89304588,14.3606515,9.84600459,1,0.0229864306748,1.18391501904,-1.73688137531,1.50214147568
4,47,H,11.56865793,8.28651771,14.49756396,1,0.0100676417351,1.05106019974,-0.92567807436,-0.847252845764
4,48,H,12.08449725,9.3937028,8.84848765,1,0.0302950330079,-2.73511624336,2.25003147125,3.1217045784
4,49,H,14.77643445,11.79820364,11.05142412,1,0.0146611072123,1.4124301672,-1.26153218746,-0.0873452350497
4,50,H,14.26621158,15.00215619,10.44646958,1,0.0134347453713,-0.444229602814,-1.56170034409,1.57094705105
4,51,H,9.88465447,14.2797428,12.18066379,1,0.0459035634995,-2.15811610222,-3.73026394844,-0.0986459776759
4,52,H,12.67129768,8.77095482,12.93970677,1,0.0242340043187,0.455976337194,-0.625744342804,-0.240123897791
4,53,H,12.26594054,8.57557325,7.38832966,1,0.024963894859,0.322576373816,-0.490927040577,0.65599834919
5,0,H,8.84260575,13.11148362,12.99803879,1,0.0199188813567,-0.139946267009,0.905493080616,-1.50202572346
5,1,O,11.79607927,12.47244861,10.56653557,-2,0.277964144945,1.86328482628,3.08214879036,0.80365717411
5,2,H,9.87481573,10.89974902,9.7520009,1,0.0224398784339,-0.821999311447,1.65231359005,1.20207631588
5,3,O,11.27666897,10.07687851,9.48798926,-2,-0.0212417021394,6.20286083221,-2.56866693497,-1.41505980492
5,4,O,10.71281466,11.89092128,13.54967067,-2,-0.0232419148088,0.139263153076,1.20026671886,1.42185819149
5,5,O,9.61797406,11.58290514,10.46485612,-2,-0.065562300384,-0.418445527554,-1.75534546375,-3.45240950584
5,6,H,9.20694772,12.72014814,14.81023816,1,0.0295471698046,6.47720098495,-3.37627077103,3.51920723915
5,7,O,17.2158008,16.0508487,10.93568004,-2,-0.0538985393941,2.40627026558,-5.07758617401,0.564275801182
5,8,H,11.49219922,12.76674785,9.64474289,1,0.0339771285653,-0.3316218853,-2.63386034966,0.839785039425
5,9,H,11.16970082,9.75168719,13.32972174,1,0.0168901085854,0.481501281261,-0.908089518547,2.86787009239
5,10,O,9.32015587,13.30631493,12.14875516,-2,-0.0534791499376,0.772701382637,2.58532691002,-0.0124756861478
5,11,O,11.40512812,9.58525691,14.32036568,-2,-0.718871593475,-1.68451416492,2.73302555084,-2.11876487732
5,12,O,8.6620059,10.71041747,12.45524648,-2,-0.0466106571257,0.021887069568,-2.35601830482,-0.341177284718
5,13,H,16.78542603,13.75897333,9.14798176,1,0.0314673893154,0.944891273975,-1.17165088654,0.135738641024
5,14,H,11.50077209,6.90381573,13.65508926,1,0.0237763561308,-0.354643046856,-0.0903237089515,-0.0769456923008
5,15,H,13.74011768,13.03895821,14.24289997,1,0.0268312357366,1.30408525467,-1.03990340233,-1.35439622402
5,16,H,10.09658771,12.64725332,13.69454413,1,0.0268101580441,1.61308848858,-0.448128253222,-1.80147588253
5,17,H,11.822464,10.18260576,10.33585616,1,0.0209702923894,-1.1416285038,-0.579385638237,-1.19349575043
5,18,H,7.94920626,12.30793067,14.53682024,1,0.0380217581987,0.824939906597,3.5585975647,-0.26117259264
5,19,O,12.93863367,9.38037896,12.19172691,-2,-0.0507604852319,0.252141088247,-1.15907049179,-2.80260276794
5,20,H,16.67134812,15.18037455,10.91495657,1,0.0185092203319,1.13855147362,3.05431580544,0.929897725582
5,21,H,12.90048413,10.22687807,12.55727181,1,0.0167731419206,0.387784481049,2.06761622429,1.50861012936
5,22,H,15.87825158,12.61208236,10.63042712,1,0.0102252662182,0.685956180096,-0.0882982760668,-0.0776343867183
5,23,H,9.59070079,10.66981401,12.67599815,1,0.0198560766876,0.206339299679,0.598336338997,1.63681876659
5,24,H,18.08547203,15.36902282,11.03501419,1,0.0279326736927,-2.68049240112,3.43401145935,-0.321496814489
5,25,H,11.81510865,13.43868276,10.76939697,1,0.0287850312889,0.371767222881,-0.329905331135,1.2905381918
5,26,O,16.56220653,13.71797808,10.09653673,-2,0.0198390260339,-1.46426749229,4.57218980789,-3.22136473656
5,27,H,8.88050848,10.15664349,11.66143774,1,0.0262437239289,-2.05494689941,0.613345086575,0.354207962751
5,28,H,10.21748289,11.29546907,11.14789392,1,0.0186403654516,-0.280423700809,0.518449127674,0.197314530611
5,29,H,10.4635247,11.37169351,14.35922169,1,0.0336162224412,1.91876018047,-1.42295479774,-0.644051730633
5,30,O,15.75391535,11.72042958,10.93638415,-2,-0.0782152116299,-2.68506264687,-1.47486793995,0.73876529932
5,31,H,12.93644788,13.057244,13.08556688,1,0.0134221874177,2.01498651505,-0.584161281586,-0.174812346697
5,32,O,13.90114612,12.75999345,13.27798342,-2,-0.0281038358808,-3.63490009308,1.71289551258,1.5573374033
5,33,O,12.01013978,7.34806166,14.32972554,-2,-0.138321638107,0.88660800457,-1.47311139107,0.208116024733
5,34,H,12,12,12,1,0.352379351854,-1.1485710144,0.14010065794,-1.26482307911
5,35,H,15.96847913,14.55896866,9.91833163,1,0.0339545868337,0.769377529621,-2.23917722702,0.887030422688
5,36,H,11.58799093,8.25599358,14.53021844,1,0.00683427229524,0.0239485874772,-0.0281979069114,-0.507029592991
5,37,H,12.13255409,9.60843868,8.91746796,1,0.0307713374496,-3.92238354683,1.7587069273,2.07459521294
5,38,H,14.77465266,11.80508931,11.04082863,1,0.0144107155502,1.00056743622,-1.02689886093,0.311467587948
5,39,H,9.80267937,14.17100733,12.31533251,1,0.0174083970487,-1.31386971474,-1.21115040779,-0.135431230068
5,40,O,8.55381219,13.22022338,14.55900577,-2,-0.00532807409763,-8.47173500061,-0.429631024599,-1.2602032423
5,41,H,12.69795818,8.81814581,12.92958839,1,0.0254189893603,-0.159323722124,-0.714525341988,0.889683902264
6,0,H,8.87799779,13.14824299,12.91037084,1,0.0216066725552,-4.37366294861,-1.57762217522,4.67779350281
6,1,O,11.80599248,12.60569502,10.57941336,-2,0.239781141281,2.10359930992,-0.176076680422,2.02701687813
6,2,H,9.8094702,11.04120432,9.87146867,1,0.023795157671,1.13457405567,-2.8974583149,-3.47167181969
6,3,O,11.22457451,10.16807748,9.44682905,-2,-0.0243960469961,0.556740343571,0.239766761661,1.27096915245
6,4,O,10.69856787,12.00897671,13.62397583,-2,-0.0293785333633,1.90176427364,3.49846291542,-3.06108188629
6,5,O,9.56633754,11.64244884,10.48483938,-2,-0.0571123175323,-0.0409908220172,2.37636804581,3.63851428032
6,6,H,9.28807677,12.67047065,14.88924504,1,0.0341593101621,-2.98615336418,3.05055069923,0.528908193111
6,7,O,17.20480794,16.13278128,11.01176715,-2,-0.0405351519585,1.9605537653,-1.04823827744,0.365319281816
6,8,H,11.59212337,12.79845955,9.66401508,1,0.0314825326204,-0.400698333979,-1.49348258972,-1.01165032387
6,9,H,11.11861654,9.76949087,13.51987683,1,0.0142963901162,-1.7167018652,0.216171994805,-4.67808914185
6,10,O,9.33375914,13.39279182,12.20657995,-2,-0.0538516640663,-0.37251123786,-3.46853804588,-8.8446855545
6,11,O,11.40800265,9.69193643,14.35570187,-2,-0.736598432064,0.681494772434,1.97836875916,5.0204668045
6,12,O,8.62051706,10.79329547,12.47882744,-2,-0.056548204273,3.82348251343,-1.12416863441,2.02042245865
6,13,H,16.75825246,13.88683011,9.16880447,1,0.0287015270442,0.971027493477,-1.35425269604,-0.361939221621
6,14,H,11.44861013,6.92936028,13.70267605,1,0.0243932120502,0.676616609097,1.31143403053,1.43443131447
6,15,O,7.5764002,10.97577292,14.90851678,-2,0.104047931731,-3.63953924179,-1.72284948826,0.26173338294
6,16,H,13.67849785,13.10314575,14.21104861,1,0.0256811957806,0.186662718654,-0.164248853922,1.55270898342
6,17,H,10.05670683,12.76206197,13.71620332,1,0.0289945006371,1.35051131248,0.0396448671818,-1.49685192108
6,18,H,11.66344187,10.35589061,10.30159264,1,0.0206767953932,-0.935990035534,-0.385252743959,0.280056774616
6,19,H,8.02134192,12.16801287,14.35572409,1,0.053275629878,-0.347822159529,2.88892936707,1.23705470562
6,20,O,12.88756863,9.45785223,12.19689328,-2,-0.0523410588503,0.040164642036,0.875433325768,-1.37497067451
6,21,H,6.59627961,10.88328591,15.3104796,1,0.0320923626423,3.35769152641,0.639074206352,-1.25567126274
6,22,H,16.39206644,15.61292289,10.94704424,1,0.0219371430576,0.88406920433,0.714213609695,1.01647281647
6,23,H,12.87585895,10.37273284,12.54984988,1,0.0174665078521,0.355826228857,-1.18680810928,0.720518529415
6,24,H,15.93306038,12.61758108,10.63969659,1,0.011336684227,0.365142345428,0.566923737526,-0.229837819934
6,25,H,9.68299416,10.87202275,12.67324916,1,0.024796102196,-3.86923670769,0.167661339045,1.43557286263
6,26,H,17.96718297,15.44158493,11.12759937,1,0.027420161292,-2.46280550957,1.80980658531,-0.303482323885
6,27,H,11.68537636,13.486982,10.8790335,1,0.028695486486,-0.346032619476,1.8108959198,1.28491771221
6,28,O,16.55753796,13.82439729,10.11227802,-2,0.00330443680286,0.142528668046,1.79997432232,-2.23364543915
6,29,H,7.55903097,10.33674351,14.1453147,1,0.0316965728998,0.446498900652,0.607371628284,0.543347597122
6,30,H,8.96064168,10.49221368,11.63992117,1,0.0239469259977,-2.10676217079,-0.475209325552,-1.57226097584
6,31,H,10.2445728,11.48548693,11.23671319,1,0.0221841596067,-2.10572052002,1.11753726006,-2.38970255852
6,32,H,10.3539198,11.60280472,14.34063549,1,0.0357182621956,0.0997687727213,-4.55467176437,4.13046121597
6,33,O,15.74802419,11.76145364,10.98723701,-2,-0.0671278387308,0.0759155377746,-2.00907802582,0.60503923893
6,34,H,13.05771487,13.23595378,12.89970033,1,0.0135911740363,2.66462874413,-1.05083274841,1.00224590302
6,35,O,13.90788471,12.80777284,13.34228091,-2,-0.0270967036486,-3.11275291443,1.31345844269,-2.64145565033
6,36,O,11.95412923,7.47504249,14.37372015,-2,-0.101122073829,2.20678091049,-7.77262449265,-2.12844991684
6,37,H,12,12,12,1,0.358977615833,-0.565607368946,0.014475941658,-0.800945162773
6,38,H,16.06898687,14.64704775,10.00832024,1,0.0277184657753,-0.667815089226,-0.0180621556938,0.736349225044
6,39,H,11.60034343,8.29665601,14.5229024,1,0.0101497024298,-2.29370951653,4.49105644226,0.547180175781
6,40,H,12.04444988,9.92517744,9.08284716,1,0.02515476197,1.50132036209,-1.15841650963,-2.090061903
6,41,H,14.80931723,11.76111949,11.03576868,1,0.0150988325477,-1.15923988819,-0.485440999269,0.342750787735
6,42,H,9.76123954,14.07946291,12.46836952,1,0.019086252898,3.92343616486,7.42951822281,2.38500022888
6,43,O,8.47543025,13.2852003,14.56597864,-2,-0.181020215154,2.17020606995,-5.41643476486,0.61375951767
6,44,H,12.73326648,8.83586373,12.94164907,1,0.0258646383882,-0.0773077011108,0.582671761513,0.267477095127
7,0,O,11.81831918,12.74405495,10.57256721,-2,0.21505895257,1.21455848217,1.35643708706,5.19841718674
7,1,H,9.81194021,11.07674442,9.8230769,1,0.0302849709988,-0.0109356306493,0.404965907335,-0.158848971128
7,2,O,11.17069222,10.26457428,9.38727294,-2,-0.017828270793,0.350369781256,-0.120151624084,-0.415473937988
7,3,H,11.05926514,13.30640908,8.39870124,1,0.0192379429936,-2.85529184341,0.318137437105,-2.59322142601
7,4,O,10.68456783,12.13677693,13.66459657,-2,-0.0166961625218,1.6056728363,-0.75870013237,-0.553658783436
7,5,O,9.51466249,11.70962184,10.49446969,-2,-0.0407682433724,-0.755475401878,0.809817194939,-1.61118650436
7,6,H,11.71027951,12.76183041,9.62836139,1,0.0347718596458,-0.220024704933,-0.388519018888,-0.400314748287
7,7,H,11.00474685,9.81788051,13.51413363,1,0.0235551670194,-0.270752340555,0.0370203666389,-0.200297608972
7,8,O,11.41321905,9.80866005,14.3795022,-2,-0.591078042984,-0.550630807877,2.65962123871,0.333509653807
7,9,H,10.49823815,14.21614346,7.2173414,1,0.0236427411437,-0.694740116596,-1.96757256985,1.12224674225
7,10,O,8.59430311,10.87662394,12.48660632,-2,-0.079191967845,3.47134232521,-0.256145089865,0.267922580242
7,11,H,16.75099385,13.97239439,9.12606984,1,0.0303120613098,0.408820092678,-1.01066207886,1.0105484724
7,12,H,11.38759974,7.0531049,13.78792397,1,0.0279993936419,-0.328491508961,-0.103976354003,-0.0556298457086
7,13,O,10.23954406,13.37530814,7.74197955,-2,-0.0310620293021,3.35521888733,1.87403976917,0.92905163765
7,14,H,13.64070222,13.21864339,14.21017144,1,0.0282250177115,-0.407684057951,0.199675470591,1.32260930538
7,15,H,10.13844263,12.87569656,13.63586852,1,0.0256015099585,-1.56221103668,2.61278772354,-0.500757455826
7,16,H,11.44323664,10.53903854,10.2474232,1,0.0207345858216,-0.494842767715,-0.310575127602,1.86974334717
7,17,H,9.48697569,11.30153044,15.75692514,1,0.0320754088461,1.12799012661,-0.520323812962,2.21374630928
7,18,O,12.83731083,9.54043207,12.17493788,-2,-0.0501049011946,-0.0363424345851,1.58386611938,-0.491736710072
7,19,O,10.34702821,11.17891165,16.30099635,-2,-0.1064453125,-0.53627294302,0.680498957634,-4.90219640732
7,20,H,12.86050559,10.47774295,12.5458827,1,0.0202846266329,0.399454832077,-2.24831080437,0.408640831709
7,21,H,10.95816968,10.941936,15.32692406,1,0.0272709131241,-0.524697840214,-1.53767991066,3.65011191368
7,22,H,16.01937404,12.69987376,10.58690206,1,0.0121462456882,-1.19941568375,-2.28686404228,1.20611810684
7,23,H,9.57972079,11.1073522,12.7370537,1,0.0171663947403,-3.23940634727,-0.822570383549,0.502010822296
7,24,H,11.58308824,13.61804728,11.0243699,1,0.0344357043505,0.162323519588,-1.31457877159,-1.69782590866
7,25,O,16.55739129,13.93802701,10.09864101,-2,0.0115875676274,1.72292757034,-0.00158508913592,-2.80126261711
7,26,H,8.9061373,10.81659337,11.52914542,1,0.0184884481132,-2.36182165146,-0.247523784637,1.25517201424
7,27,H,10.1764572,11.74585111,11.17709425,1,0.0201909169555,0.114285215735,0.130119845271,-0.228284031153
7,28,H,10.26508578,11.67136962,14.4267225,1,0.0352824181318,0.749412715435,-0.177718758583,-0.460629463196
7,29,O,15.73908251,11.80266051,11.02213488,-2,-0.0739508494735,0.355385988951,0.844023346901,-0.639438450336
7,30,H,13.30727966,13.36068342,12.73306612,1,0.013921700418,1.472666502,-0.628643453121,1.29767382145
7,31,O,13.90293467,12.86262021,13.37756334,-2,-0.0234158486128,-1.38395321369,0.421529531479,-2.86761260033
7,32,O,11.90580079,7.58337446,14.39040159,-2,-0.189741820097,0.907128155231,-1.281052351,-0.210450947285
7,33,H,12,12,12,1,0.396951973438,-0.208706766367,0.322196513414,-1.0714558363
7,34,H,16.11243839,14.74659222,10.08698066,1,0.0243550054729,-1.46490597725,2.32365322113,1.17141723633
7,35,H,11.52354415,8.55141457,14.49670236,1,0.00533865392208,0.1378031075,-0.689263701439,0.207830637693
7,36,H,12.07165174,10.21855058,9.12674698,1,0.0277595482767,1.40428602695,-0.884882092476,-1.91459643841
7,37,H,14.78160098,11.70371163,11.02447312,1,0.0145584531128,0.272177666426,0.116753421724,-0.0584626235068
7,38,H,12.77224186,8.89221014,12.93406613,1,0.0290452316403,-0.125261828303,0.862112700939,-0.133461490273
8,0,O,11.83158041,12.89026154,10.54586918,-2,0.188689231873,0.872565984726,-0.200881451368,3.11933517456
8,1,H,9.84103002,11.11952909,9.71182739,1,0.0386214666069,-1.29188287258,2.56230115891,2.09770393372
8,2,O,11.11595021,10.36783076,9.2974136,-2,-0.0114702433348,5.79866552353,1.11411905289,0.563193917274
8,3,O,10.67428014,12.26021819,13.67188895,-2,-0.0134820342064,0.634520471096,0.280002743006,-0.954136967659
8,4,O,9.45985438,11.78041594,10.47121996,-2,-0.0181340277195,-0.383225440979,-1.09788823128,-4.56188201904
8,5,H,11.84389385,12.74434262,9.54914653,1,0.0361417643726,-0.538654863834,0.942060709,1.83965468407
8,6,H,10.88386517,9.89546637,13.44838659,1,0.0324823111296,1.54244887829,0.472082316875,3.04533004761
8,7,O,11.41756461,9.9394001,14.37391334,-2,-0.0970133244991,-2.52006483078,2.54858446121,-3.396525383
8,8,O,8.58107999,10.96449859,12.46595396,-2,-0.112085290253,-2.42036867142,-1.32085061073,-2.00437498093
8,9,H,11.29610482,7.19070516,13.8422095,1,0.03323584795,-1.33674275875,-1.34644186497,-1.1384999752
8,10,H,13.58458407,13.39062935,14.2254292,1,0.0313345752656,0.422347992659,-0.991757035255,-2.04420351982
8,11,H,10.22829258,13.09411313,13.48812409,1,0.029574546963,-0.39534047246,-0.128517016768,0.618335485458
8,12,H,11.20202066,10.72820855,10.23775384,1,0.0223172493279,0.194265216589,-1.68339955807,-1.43054020405
8,13,H,9.45137168,11.47329558,15.87678572,1,0.0372483953834,0.564652740955,-0.354890197515,1.03566932678
8,14,O,12.78932342,9.63039197,12.12121632,-2,-0.0444879457355,-0.079652145505,-0.139370843768,-1.88284063339
8,15,O,10.34228336,11.2859415,16.26170105,-2,-0.307569503784,0.19789648056,0.0257328897715,-3.8999607563
8,16,H,12.85036371,10.48677786,12.51336754,1,0.0227074921131,0.536205768585,0.721366941929,1.26351511478
8,17,H,10.92791311,10.84150801,15.22719172,1,0.0471187904477,-0.651232600212,-1.28391838074,3.24148869514
8,18,H,16.05662241,12.72731565,10.53558287,1,0.0256681330502,-1.83899998665,-2.95412516594,1.53976881504
8,19,H,9.34181492,11.3310003,12.82757841,1,0.0173241123557,1.75316393375,0.802346348763,1.05561113358
8,20,H,11.52960486,13.71495045,11.05400466,1,0.0380042344332,0.447162926197,-1.15139615536,-2.50752592087
8,21,H,8.7329054,11.14346951,11.43395995,1,0.0158259496093,-0.948476612568,-0.689183354378,2.9712293148
8,22,H,10.13487588,12.04725643,11.06825741,1,0.0190127938986,0.717105209827,0.0958570465446,0.258153676987
8,23,H,10.24341243,11.72660412,14.4330733,1,0.0352484956384,0.551073729992,1.50234305859,-0.799457728863
8,24,O,15.72953515,11.85456468,11.02925067,-2,-0.0334015414119,0.480844944715,2.11314511299,-1.29689693451
8,25,H,13.62469057,13.45680438,12.5990231,1,0.0181554034352,0.472027927637,0.0979515090585,0.977556765079
8,26,O,13.89306932,12.92365303,13.37492898,-2,-0.020921073854,-1.21082389355,0.775385856628,0.671207249165
8,27,O,11.86328941,7.69169993,14.37652753,-2,-0.545265972614,1.29107058048,0.997447013855,0.676012992859
8,28,H,12,12,12,1,0.417529433966,-0.517924308777,0.776445031166,-0.806687116623
8,29,H,11.45393126,8.83525689,14.43603677,1,0.0164343044162,0.941431105137,-1.88972389698,0.92118537426
8,30,H,12.1984709,10.47127209,9.03265798,1,0.0339407287538,-4.48547935486,-0.899024367332,0.628250658512
8,31,H,14.75747537,11.67453149,10.98380411,1,0.0164266973734,1.43999409676,0.760411500931,-0.312824308872
8,32,H,12.81117349,9.02267043,12.87720681,1,0.0307890549302,-0.238624736667,-0.456261962652,0.513172864914
9,0,H,8.74997455,13.17411827,12.69360411,1,0.0399958752096,-1.51336014271,-0.698245763779,0.894144773483
9,1,O,11.86101153,13.02222293,10.50205584,-2,0.126669347286,2.44819879532,-4.86511850357,0.976768314838
9,2,H,9.83458401,11.27457135,9.67095667,1,0.0315925218165,-1.74223208427,1.84695720673,0.850875198841
9,3,O,11.09390635,10.4658485,9.18539792,-2,-0.0237768813968,4.61112880707,1.40099442005,0.803510606289
9,4,O,10.68251663,12.36470086,13.65373638,-2,-0.0280261859298,2.97862768173,2.78845405579,-3.41486120224
9,5,O,9.42027602,11.83348835,10.4121453,-2,-0.0342686325312,2.42201733589,0.465461343527,-1.35360658169
9,6,H,11.99847586,12.79875759,9.54097688,1,0.0316609293222,-0.80374777317,1.35778784752,1.45716369152
9,7,H,10.86951864,10.00889995,13.52824031,1,0.0314203351736,0.105847746134,0.758741855621,0.326558560133
9,8,O,9.36974213,13.66080522,12.1916867,-2,-0.0991730168462,2.66358017921,4.42628002167,1.05681860447
9,9,O,11.4298003,10.06927332,14.33132423,-2,0.249866038561,-1.4044662714,2.34727597237,-0.556459546089
9,10,O,8.5807492,11.04037952,12.41654807,-2,-0.0921320170164,-1.07464981079,0.450335353613,0.58374106884
9,11,H,10.28718265,5.89324665,15.1421195,1,0.0305802561343,0.567480862141,0.10878419131,0.338893830776
9,12,H,11.18625826,7.27355227,13.83529184,1,0.0257563591003,1.23774123192,0.710879683495,0.431817740202
9,13,H,9.93013444,6.53614604,13.87414075,1,0.0274008437991,1.67204129696,1.92063271999,-4.00870990753
9,14,H,10.79225136,16.32809766,10.62708098,1,0.0250133387744,-0.575120151043,0.812943398952,1.45376765728
9,15,H,13.54943164,13.53740736,14.10816091,1,0.025503417477,0.521085977554,-0.888471245766,-1.56413388252
9,16,H,10.34474478,13.26875422,13.34248751,1,0.0206592381001,0.30346506834,-3.01720499992,1.3489677906
9,17,H,11.00121533,10.84090778,10.13494152,1,0.022295281291,1.25481843948,-1.88516843319,-1.69863247871
9,18,H,9.4423978,11.59603666,16.05242706,1,0.024600263685,-0.936487555504,-0.19264139235,0.0702860280871
9,19,O,12.75934906,9.70568225,12.03913646,-2,-0.0413910895586,-0.0302581526339,0.600800514221,-1.22624266148
9,20,O,10.35655895,11.38473761,16.18357221,-2,-0.549000620842,1.4107350111,-0.681041955948,-1.58068597317
9,21,H,10.39192941,16.50262567,12.53073907,1,0.046648401767,2.45869731903,-4.15451574326,0.737218677998
9,22,H,12.86789255,10.53742986,12.48725905,1,0.0228346232325,0.52101367712,0.830245316029,0.541710019112
9,23,H,10.87496358,10.64255643,15.24640067,1,0.0526503846049,-0.570899546146,0.401677340269,1.22340035439
9,24,H,9.2124363,11.56720014,12.94847817,1,0.018296930939,-0.497646600008,-0.966683268547,-1.10074222088
9,25,H,10.75814849,15.69959988,13.79025949,1,0.0383427068591,1.01736116409,-0.737599790096,-1.17076361179
9,26,H,9.25315992,17.29508422,7.95819497,1,0.0264264941216,-0.727744996548,-0.951044976711,-0.79507535696
9,27,O,9.36104762,14.26709504,9.90938144,-2,-0.087196752429,2.78463339806,6.08153772354,-1.27324604988
9,28,H,11.54639264,13.77159448,10.93202999,1,0.0234902612865,-0.745186090469,2.86494803429,-0.420641243458
9,29,H,9.5681515,13.8990848,10.76401908,1,0.00915044918656,-1.10131788254,-0.679107427597,0.411232739687
9,30,O,10.95909935,15.5271548,12.81039155,-2,0.0752469226718,-3.26563310623,5.36734724045,1.55478930473
9,31,H,8.54799857,11.42565922,11.45167936,1,0.020350407809,0.48513674736,-1.1179163456,2.36891460419
9,32,O,9.56504521,6.16669384,14.58948794,-2,-0.0378358140588,-3.10421991348,-2.48743844032,3.76283788681
9,33,H,10.15807447,12.33992659,10.94111909,1,0.0180516913533,-2.24811530113,-1.96805620193,-1.84283053875
9,34,H,10.28139182,11.85739029,14.32070925,1,0.0295682325959,-0.746028482914,-0.52420514822,2.89187669754
9,35,H,13.94844853,13.54384272,12.50097296,1,0.0170381888747,-0.0942178145051,-0.998894929886,2.40021777153
9,36,H,11.28927747,16.16272542,9.32466437,1,0.0308501422405,2.19337701797,-1.10794591904,2.14678144455
9,37,O,13.89679026,12.97754532,13.35049002,-2,-0.0230674445629,-0.693870604038,1.65961205959,-1.21861612797
9,38,O,11.8415298,7.79412061,14.34015227,-2,-0.676440775394,-0.35668939352,-0.751905083656,-0.921432197094
9,39,H,12,12,12,1,0.438769519329,-0.670895159245,1.03599905968,-0.591606497765
9,40,O,11.63711022,16.05853059,10.30154144,-2,-0.0253590270877,-0.543622910976,0.423318088055,-3.65200734138
9,41,H,9.89434958,15.23255592,10.13939874,1,0.0208080038428,-3.06037902832,-4.42346096039,-1.66530525684
9,42,H,11.45713705,9.02849291,14.38575175,1,0.0221762135625,1.19554424286,-2.82253170013,1.14042961597
9,43,H,12.13724015,10.65826771,8.94799795,1,0.0263378750533,-3.96725130081,-1.11644232273,0.854360997677
9,44,H,10.54881446,17.32031732,8.83051124,1,0.0212695039809,-1.80623686314,1.68700742722,-1.14999914169
9,45,H,10.0163902,14.51398392,12.66771739,1,0.0500445216894,-2.53025245667,-1.82162237167,-1.69323182106
9,46,O,9.77096216,17.86446119,8.49646313,-2,-0.0322714820504,2.25778865814,-0.167099639773,1.67859911919
9,47,H,12.85872909,9.14689241,12.81193516,1,0.0285742357373,-0.299840956926,-1.32378423214,0.593144774437
10,0,H,14.81221844,13.76290567,13.51855305,1,-0.00905584171414,-0.0705289766192,1.01263558865,0.164913445711
10,1,O,12.52191997,12.84902002,12.05831545,-2,0.68982565403,-1.59501421452,-0.772641539574,2.93749523163
10,2,H,13.15487198,10.38885054,10.43237753,1,-0.0102911703289,-1.25871169567,3.04526352882,-1.18814563751
10,3,H,12,12,12,1,-0.0350863747299,0.934773147106,-1.12920284271,-2.35215592384
10,4,H,13.15777592,10.10218723,13.43794259,1,-0.0207362547517,0.254655838013,-3.41958069801,-1.12648820877
10,5,H,12.6624249,13.54064333,11.40239425,1,-0.141275182366,0.16939766705,0.333736717701,-2.30535984039
10,6,H,13.73666696,10.89102692,14.73440827,1,-0.0215827524662,-1.14621770382,-0.677016735077,-1.7796959877
10,7,H,12.78390745,12.13024452,9.5674276,1,-0.0508029013872,1.484795928,-4.00094032288,2.32555174828
10,8,H,12.86273448,8.80803477,10.42431333,1,-0.000112073495984,-0.253872275352,-0.544145345688,0.201235800982
10,9,H,11.70420811,13.16840115,12.50276231,1,-0.0365214347839,-0.304808676243,1.59252238274,1.50813412666
10,10,O,13.21318112,10.89847925,13.86904597,-2,-0.00623238831758,1.62260878086,3.62603807449,3.39883685112
10,11,H,10.13483026,13.93825998,14.10232673,1,-0.0370682179928,0.206028237939,-2.45884227753,-1.01985275745
10,12,H,11.55641635,10.66760549,13.70706071,1,-0.00273156911135,-0.606110215187,-0.311966598034,-0.999407052994
10,13,O,10.85982586,10.14506316,13.21800261,-2,-0.0444817915559,-0.902020156384,0.466393023729,3.64137887955
10,14,O,10.32156999,13.02566792,13.65967029,-2,-0.0192726328969,-0.961004018784,1.65149462223,1.1345911026
10,15,O,10.26479991,10.61670011,10.68487522,-2,-0.0379187613726,-4.9913854599,0.0555475056171,2.35547876358
10,16,O,14.00686945,13.5258488,14.00132867,-2,-0.0484120808542,1.93097364902,-3.79453396797,-0.694977521896
10,17,H,9.35172091,10.31019903,11.2745635,1,-0.00920852646232,4.1275434494,0.551307737827,-2.34858131409
10,18,H,14.16605866,12.48554433,13.77386511,1,-0.00190584361553,-1.4551936388,3.44450378418,0.838801801205
10,19,O,13.29317213,11.39988031,10.23704999,-2,-0.0592323243618,-0.189214736223,1.8570997715,-1.75017917156
10,20,O,12.66946233,9.16069783,11.31063794,-2,-0.0104560106993,4.23069572449,-0.323774397373,1.4064296484
10,21,H,9.95252686,11.55257921,10.6959751,1,-0.0208953246474,0.80916672945,-0.358721315861,-0.556562840939
10,22,H,10.30400854,10.04117626,14.06448143,1,-0.0237721018493,0.529311239719,-0.300379574299,-1.91975295544
10,23,H,9.56098262,12.4081326,13.82653093,1,-0.0298877060413,0.891496181488,0.98696154356,-0.228969275951
10,24,H,13.66532037,9.21577489,11.73858507,1,-0.012886364013,-3.45740675926,-0.531745433807,-1.64268159866
11,0,H,14.70992147,13.7903991,13.44742272,1,-0.00308871082962,0.504645705223,1.1228852272,-0.420163422823
11,1,O,12.45542973,12.98082718,12.06949349,-2,0.696321249008,-1.86162292957,-2.91217851639,2.39661860466
11,2,H,13.10962942,10.55375054,10.46169814,1,-0.00779120251536,-1.51670002937,0.983341693878,-1.41964650154
11,3,H,12,12,12,1,-0.0518453866243,1.89159309864,0.873473227024,-1.90264427662
11,4,H,13.17769823,10.00268585,13.54262123,1,-0.00223680213094,-0.108543738723,1.48086643219,0.692891716957
11,5,H,12.47912757,13.65655757,11.39969504,1,-0.0289799645543,0.305317848921,0.60010778904,-2.20128965378
11,6,H,12.27522769,8.37635295,12.42549858,1,0.00788065418601,1.49475419521,0.500622272491,3.41669201851
11,7,H,13.68447899,11.04551123,14.65742121,1,-0.0192976482213,-0.792230427265,-0.209682375193,-0.494158446789
11,8,H,12.75240662,12.14619931,9.48929607,1,-0.0186188742518,0.949216902256,-3.38098335266,1.90215551853
11,9,H,12.81426524,8.63196063,10.4574158,1,-0.0490986704826,-0.977333009243,2.29807400703,2.83817648888
11,10,H,11.62462939,13.15207807,12.53708505,1,-0.00420080125332,-0.85177809,1.81761324406,1.83687627316
11,11,O,13.11393016,11.0042833,13.85129996,-2,-0.00929174572229,1.3157800436,-1.94329667091,0.407554239035
11,12,H,9.83148195,13.87348454,13.97240123,1,-0.0244505032897,-2.23781704903,4.99717330933,1.93193459511
11,13,H,17.44254543,13.98085438,10.77839991,1,0.0062066949904,-4.03055858612,2.37723898888,0.509493768215
11,14,H,17.01563125,15.37926177,11.41519795,1,0.00197988376021,-1.90591335297,-1.9880644083,-1.45408558846
11,15,H,11.47684033,10.87770924,13.71706871,1,-0.00301459059119,-1.73471546173,-2.07837796211,-1.91470599174
11,16,O,10.74095563,10.24878852,13.2031186,-2,-0.0464361310005,0.735472202301,2.3519153595,3.93776464462
11,17,O,10.20770085,13.1341986,13.67742363,-2,-0.0153512656689,2.13571667671,-4.81850528717,-1.92925465107
11,18,O,10.13440868,10.66926119,10.69143926,-2,-0.039065759629,0.960720300674,1.88821017742,-1.53628671169
11,19,O,13.94221647,13.63176016,13.99307174,-2,-0.0642177760601,1.18654847145,-5.2256026268,-0.291969448328
11,20,O,14.51980955,13.81728851,10.37220373,-2,-0.0711122006178,-3.9153137207,0.565148830414,-0.539831519127
11,21,O,12.9158409,8.26273018,13.38552459,-2,-0.096225194633,0.179934218526,-0.0504505485296,-2.64909672737
11,22,H,9.45098625,10.36224261,11.25324625,1,-0.0174800027162,-0.91762560606,-0.45636087656,1.07146930695
11,23,H,14.07066642,12.46743674,13.78294027,1,0.00444445386529,-1.32221102715,4.81736040115,0.834455788136
11,24,H,15.42985161,13.90083908,10.25535455,1,-0.0021606348455,1.43384706974,0.435882687569,-0.498650193214
11,25,O,13.17091719,11.51261527,10.21971638,-2,-0.0404070690274,0.369256019592,2.73483204842,-1.47846877575
11,26,H,12.60887924,8.37571654,14.27242444,1,-0.0190935432911,-1.30401098728,-0.273457437754,0.455773055553
11,27,H,14.35833057,12.90462454,10.47818721,1,-0.00241388753057,-0.523436009884,-2.02937817574,0.0949830785394
11,28,O,12.6096424,9.29731371,11.30308632,-2,0.0353841930628,4.67080926895,-2.81447100639,-2.76816940308
11,29,H,10.17611673,11.64745938,10.84876772,1,-0.018108420074,-0.222248077393,-1.33081316948,-0.234097912908
11,30,H,10.15518081,10.21736118,14.01580695,1,-0.0361747592688,0.340632557869,-0.475243419409,-1.29787325859
11,31,O,16.50457672,14.59785253,10.93283952,-2,0.00410333275795,8.96933937073,0.749565780163,1.93097531796
11,32,H,9.50909946,12.4641418,13.69319707,1,-0.0197271183133,0.273950189352,-0.0886033773422,-0.1983332932
11,33,H,13.64490318,9.38116274,11.68322958,1,-0.0464318096638,-3.49540424347,-0.518799901009,-1.02912020683
12,0,H,14.51182563,13.79032911,13.45755509,1,-0.00233123451471,-0.405590116978,1.15905928612,0.347052007914
12,1,O,12.26485508,13.05132913,12.18342497,-2,0.699572920799,-3.79242944717,-0.936518549919,0.421169430017
12,2,H,12.85284187,10.69306343,10.58752092,1,-0.00246438756585,-1.41131520271,-1.49048435688,-0.876703679562
12,3,H,12,12,12,1,-0.0510538294911,1.30042505264,2.47588801384,-0.767032206059
12,4,H,13.07227554,9.94169702,13.7787912,1,-0.0789201855659,-1.02727842331,3.910592556,0.0723830014467
12,5,H,12.17856801,13.72871935,11.39078069,1,-0.0515200644732,0.243209004402,-1.51144719124,0.92493057251
12,6,H,13.5110275,11.10828354,14.64112835,1,-0.0412552878261,0.930512845516,0.590349435806,1.79491722584
12,7,H,12.55234727,11.97080891,9.57661853,1,-0.00909314677119,-1.90246272087,0.622700333595,-3.36227321625
12,8,H,12.5928093,8.52959779,10.76362382,1,-0.0253264084458,-1.05786192417,2.55052709579,1.72265863419
12,9,H,11.38331885,13.18185086,12.76941626,1,-0.013858422637,1.55596387386,0.672899723053,-0.442015826702
12,10,O,12.90039987,11.05533454,13.93023576,-2,-0.00729306787252,0.472887724638,-4.97533988953,-1.46536052227
12,11,H,9.32877666,13.95300131,13.98538171,1,-0.0369836315513,2.06814670563,-1.62726783752,-0.508604049683
12,12,H,17.15796497,14.29854609,10.83928527,1,0.00525926612318,0.913663983345,-1.07099282742,-0.660363197327
12,13,H,16.62641937,15.36442994,11.52570927,1,0.00570426881313,0.614237904549,4.03999710083,2.70130705833
12,14,H,11.17949601,10.91186557,13.70961609,1,-0.00884517654777,0.0744427889585,-0.607105672359,-0.541543543339
12,15,O,10.51245677,10.31450364,13.29663508,-2,-0.0394108705223,1.27972698212,0.802716016769,-0.429915249348
12,16,O,9.99069703,13.18124353,13.78806419,-2,-0.0132291689515,-2.20000386238,1.86123347282,0.455626934767
12,17,O,9.89753794,10.67809474,10.78920195,-2,-0.0461807549,3.05190849304,4.0390329361,-3.5833132267
12,18,O,13.76273877,13.67531698,14.08147897,-2,-0.0529129505157,1.888271451,-3.45890069008,-1.00116527081
12,19,O,14.31561858,13.87519098,10.43432057,-2,-0.0861766338348,-2.39974045753,-1.46144962311,-0.277363568544
12,20,H,9.3638004,10.31794768,11.41977755,1,-0.0148417707533,-1.85429394245,-0.986518085003,3.10980272293
12,21,H,13.79493204,12.64179733,13.86221963,1,-0.00492901727557,-0.991539955139,3.08842992783,0.958486199379
12,22,H,15.26867105,14.05845747,10.33342718,1,-0.00325444340706,-1.45430862904,-0.627332150936,0.203393369913
12,23,O,12.93371688,11.58599001,10.29396481,-2,-0.0305174514651,3.0348815918,0.897314250469,3.17577600479
12,24,H,14.07116072,12.9586889,10.74659762,1,-0.00440723262727,1.00854480267,1.19214725494,-0.915284693241
12,25,O,12.44819336,9.37559007,11.38214319,-2,-0.00921081751585,-0.795749247074,-3.75902485847,-2.5103456974
12,26,H,10.24365932,11.61900451,11.05348649,1,-0.0150291621685,-1.44894218445,-2.97979021072,-0.342246443033
12,27,H,9.92084603,10.31464179,14.00638152,1,-0.0291764885187,-2.00678825378,-0.56890809536,1.82535552979
12,28,O,16.3182072,14.68692526,11.02969006,-2,0.0144889429212,1.47156023979,-1.8896061182,-1.17355275154
12,29,H,9.35764044,12.46189826,13.62766143,1,-0.0202095210552,0.400988817215,-0.210885584354,-0.18192447722
12,30,H,13.33778347,9.47252904,11.62578393,1,-0.0265942513943,2.43901586533,0.258703410625,1.32615542412
13,0,H,14.21451171,13.68294334,13.52681597,1,-0.00420623645186,-0.486009478569,1.27536344528,0.728987157345
13,1,O,11.97198205,12.98666588,12.33214559,-2,0.719617187977,-2.47040534019,0.272263526917,-1.08005607128
13,2,H,12.42463315,10.63836516,10.73719985,1,0.00656705349684,-0.774172246456,-0.62552267313,-0.68608123064
13,3,H,12,12,12,1,-0.0112349689007,-0.0513181984425,1.71825385094,0.124250650406
13,4,H,12.80660112,9.94008251,14.05201523,1,8.23326408863e-05,-2.15298461914,2.80012011528,-0.456146419048
13,5,H,11.79403695,13.58012269,11.45449049,1,-0.0637795478106,0.482369244099,-1.1493114233,1.83710134029
13,6,H,13.30918703,11.05300174,14.72382797,1,-0.00912943296134,-0.843905329704,1.00286746025,-0.190909788013
13,7,H,12.10451364,11.68611062,9.57309418,1,-0.0138679984957,0.518100500107,-0.165783435106,1.17128062248
13,8,H,14.45926269,10.47114934,10.14992223,1,0.00135405920446,-0.674056708813,-0.607947587967,1.6196359396
13,9,H,12.21836766,8.42056263,11.19591514,1,-0.00601662509143,-0.641635358334,-1.42464244366,-0.680188655853
13,10,H,15.71059481,10.75944689,9.54022229,1,0.00914017111063,1.3734587431,5.04355716705,1.50426125526
13,11,H,11.114054,13.10900703,13.02808801,1,-0.183871299028,1.4068710804,-0.131033629179,-1.15111756325
13,12,O,12.59773891,10.96303593,14.03889457,-2,-0.0207152217627,2.33943033218,-3.2412006855,1.1878824234
13,13,H,16.87033252,14.38639371,10.93581273,1,0.00717487931252,4.42658090591,-1.35262739658,-1.1039121151
13,14,H,16.13822253,15.39405356,11.79063568,1,0.0111301243305,-0.33622020483,-0.789500713348,-0.824225366116
13,15,H,10.84060839,10.79626968,13.71564973,1,-0.00321051105857,3.52076148987,2.90120458603,1.77849018574
13,16,O,10.19944043,10.25419661,13.42115845,-2,-0.033981025219,-4.7877779007,-3.30159640312,-0.290228009224
13,17,O,9.58756623,10.56785769,10.91175112,-2,-0.0520970746875,-2.21014595032,-1.48748886585,2.08309793472
13,18,H,13.96480311,9.24368758,13.76679901,1,0.00316581688821,0.901136040688,-0.65827691555,-0.434701472521
13,19,O,13.49709909,13.58580321,14.20267867,-2,-0.0480038821697,3.39389204979,7.03110599518,1.34002268314
13,20,O,14.01327534,13.80164249,10.53445937,-2,-0.1026000157,-1.80454707146,-1.69625759125,0.45512726903
13,21,H,14.66097308,10.82292878,11.61631532,1,-0.0253267288208,0.193744346499,-1.33973789215,-1.02848696709
13,22,O,14.60625288,10.00555836,11.02338227,-2,-0.0396350622177,0.504112958908,1.2982558012,0.521765291691
13,23,H,9.0687005,10.10232813,11.76612088,1,0.00176210142672,2.74542307854,2.43996977806,-3.38245224953
13,24,H,13.37696864,12.77450285,13.95794559,1,-0.00639287382364,-2.37258434296,-7.70121240616,-1.56638062
13,25,H,14.99353329,14.04428762,10.49940647,1,-0.00232950225472,-2.38464641571,-1.02295839787,0.601968884468
13,26,O,12.61580721,11.53487461,10.41086178,-2,-0.0258385315537,-0.683293044567,0.595689713955,-1.55200278759
13,27,H,13.75149025,12.91865924,11.00775007,1,-0.0123929940164,1.6014727354,2.55240416527,-1.81643855572
13,28,O,12.19224665,9.31354159,11.48277659,-2,-0.0220678821206,-1.94596040249,-0.062560506165,0.834638953209
13,29,H,15.3152432,9.92870227,14.24531913,1,-0.00707548484206,-2.70827579498,-2.80163168907,1.00648868084
13,30,H,10.12267916,11.31242507,11.24802147,1,-0.00776917114854,-0.821766734123,-0.791341364384,0.342763185501
13,31,H,15.65176953,12.23489297,8.79205949,1,-0.000483941286802,0.467554628849,-0.846039950848,4.52426719666
13,32,H,9.51870645,10.24831521,14.12823869,1,-0.0101062580943,0.641762375832,0.0756374150515,-0.552446484566
13,33,O,16.04547531,14.645106,11.15657361,-2,0.0192633271217,-1.48151230812,3.05815243721,2.57821345329
13,34,O,15.78318141,11.89254497,9.84891676,-2,-0.0358108654618,-0.33430030942,-3.83506202698,-6.88264989853
13,35,H,13.09989287,9.45476847,11.63402543,1,0.00468526408076,2.49361515045,0.356090605259,0.307726174593
13,36,O,14.56286946,9.19751077,14.52404565,-2,-0.0359991639853,2.95510983467,2.61073064804,-0.869508624077
14,0,H,13.8761749,13.52805801,13.6349203,1,0.0132094956934,0.568421781063,-0.174380734563,0.258647710085
14,1,O,11.64213675,12.83843085,12.47156739,-2,0.731213510036,-2.69356203079,1.10449075699,-0.421537309885
14,2,H,11.9385114,10.48630792,10.86099646,1,0.0219111032784,0.598909199238,0.345884889364,-0.374707221985
14,3,H,12,12,12,1,0.0421258434653,-0.229098320007,-0.554434478283,0.74764496088
14,4,H,12.36606007,13.84865179,8.65034479,1,0.0257582962513,-0.0511391721666,4.24135732651,1.16998720169
14,5,H,12.42098852,9.92662364,14.26659657,1,0.0251100696623,-1.14554727077,-6.669049263,0.29610517621
14,6,H,11.40779447,13.26318529,11.59841692,1,0.0370183363557,-0.16574896872,0.800582826138,0.898755133152
14,7,H,11.61214111,8.52449786,12.89462955,1,0.0169831737876,1.22615408897,0.107981458306,2.5499818325
14,8,H,13.0753875,10.97308078,14.80490805,1,0.032446231693,-2.18735718727,0.851143658161,-1.75325238705
14,9,O,12.65965259,17.0546037,7.62502234,-2,-0.044677823782,-2.57304883003,3.13323664665,0.810760676861
14,10,H,17.64689946,14.51756017,9.86302579,1,0.0192685425282,0.0552818439901,0.875722408295,-1.05838644505
14,11,H,11.60187551,11.34596266,9.60876419,1,0.0294960234314,2.29375720024,0.687214791775,3.79683423042
14,12,H,14.15678209,10.2029793,10.21199169,1,0.020084746182,-0.303916245699,-0.952227175236,2.68473792076
14,13,H,11.76905536,8.1724974,11.58272457,1,0.0276827793568,0.586765110493,1.70893204212,-1.38423383236
14,14,H,15.53606872,10.70048088,9.99951272,1,0.0225847251713,0.632613897324,3.44401049614,-0.183876976371
14,15,H,10.88483611,12.92899779,13.21457329,1,0.0415717288852,2.37880444527,-0.672351181507,-2.34408402443
14,16,O,12.27451175,10.78031177,14.14364882,-2,-0.0198491215706,2.04298424721,6.68014478683,2.04169106483
14,17,H,16.7475718,14.28170787,11.00801825,1,0.0280830413103,-3.45976042747,0.612195611,1.98701477051
14,18,H,13.00811143,16.29429217,7.9795746,1,0.01723562181,1.82484900951,-2.84762144089,-0.0843542516232
14,19,H,13.89825717,13.48376031,9.17936141,1,0.0235864520073,0.250950038433,0.218811795115,2.31096124649
14,20,H,15.60690532,15.33748009,12.03297882,1,0.0270842649043,1.20755648613,-3.47507238388,-3.26148247719
14,21,H,10.65033803,10.70686215,13.78916716,1,0.0145157650113,-1.89863097668,-1.7314645052,0.271204799414
14,22,O,9.85067097,10.10192542,13.53486525,-2,-0.0372176505625,-1.11874401569,1.01931917667,2.67523264885
14,23,H,14.58473455,12.98591962,12.27192904,1,0.011521987617,0.999014854431,-0.490926086903,-0.0704150050879
14,24,O,9.25002624,10.36817714,11.03508273,-2,-0.0550662763417,-2.69065761566,-2.05862426758,1.88065218925
14,25,H,13.52215872,9.30863072,13.99269915,1,0.0208079069853,3.22561144829,-1.76905679703,1.07898664474
14,26,O,13.21098625,13.43208702,14.31932326,-2,-0.0860769078135,-2.18687558174,-1.81768500805,0.345415651798
14,27,O,13.67949465,13.64125562,10.63495692,-2,-0.0697441101074,-1.63627648354,1.78283715248,0.58307737112
14,28,O,18.1292036,13.70201897,9.86110749,-2,-0.0253164842725,0.519968926907,-0.784700453281,0.0246100500226
14,29,O,12.12613616,8.1741863,13.71762375,-2,-0.0492509752512,-2.50854945183,-0.701362252235,-0.84598338604
14,30,O,12.02095639,14.86675264,9.08620853,-2,-0.128919884562,-1.34337198734,-2.31312274933,-1.07739520073
14,31,H,14.58340739,10.74764752,11.78894158,1,0.0379434749484,-0.617869496346,-0.860676467419,-0.973137378693
14,32,O,14.33151534,9.79552211,11.13661388,-2,-0.0388544872403,0.0782611742616,2.36577486992,0.337479114532
14,33,H,8.85461537,9.91852938,11.92653712,1,0.016611803323,1.63159382343,1.67556726933,-3.33344388008
14,34,H,13.0566166,12.19851409,8.80224908,1,0.0211759731174,1.90374588966,2.11915922165,-0.438760787249
14,35,H,12.84966377,12.52446823,13.97189487,1,0.0128731168807,1.75315225124,2.97027254105,1.35052251816
14,36,H,14.61142532,13.88832896,10.72240487,1,0.021631076932,0.355725973845,-0.0267107784748,0.836861550808
14,37,O,12.27052034,11.40093259,10.52076549,-2,-0.0166379436851,-4.06105041504,-1.47202801704,-3.74572181702
14,38,O,13.5175009,13.0381684,8.44695597,-2,-0.0225722491741,-2.21304631233,-4.27096748352,-4.41795539856
14,39,O,14.64445884,12.15193073,12.7422096,-2,-0.83168399334,-0.424376726151,-1.96970248222,-0.865583121777
14,40,H,17.9826339,13.2604092,9.00650331,1,0.0188059974462,-0.185059383512,0.366945564747,0.542940616608
14,41,H,11.38063919,7.81187052,14.2196981,1,0.0168330781162,0.518839895725,-0.0579691044986,0.435972958803
14,42,H,13.49253759,12.88699062,11.16621498,1,0.0181813463569,0.724327683449,-1.14213168621,0.25263902545
14,43,O,11.90335361,9.16782532,11.57237957,-2,-0.0545735359192,1.58183944225,-1.10031378269,-0.480078488588
14,44,H,14.87710039,9.55634704,14.53289872,1,0.020929813385,11.385550499,9.76910018921,-1.74272572994
14,45,H,9.93278811,10.87823636,11.42801866,1,0.0100717172027,0.810716688633,0.536150038242,0.548621237278
14,46,H,15.24672943,11.94134305,8.99339838,1,0.0160559341311,0.359163403511,-0.35231590271,1.02835571766
14,47,H,9.11891238,10.09435816,14.27362403,1,0.0179104115814,2.57880473137,0.393108963966,-1.89062178135
14,48,O,15.74220405,14.52854731,11.28052769,-2,0.0112562179565,3.73453950882,3.33966970444,2.10656189919
14,49,H,12.72766005,15.5131926,9.15028729,1,0.0199999436736,0.194582626224,-1.08619713783,0.697682023048
14,50,O,15.45452175,11.74558363,9.94256703,-2,-0.0314628556371,0.567842304707,-2.81977581978,-1.75595223904
14,51,H,13.01374395,9.37654277,11.65624218,1,0.0398711040616,-1.34573423862,-0.810423731804,-0.905674040318
14,52,H,11.94648547,17.12193989,8.33506062,1,0.0182917360216,0.786091208458,0.477920144796,-1.77439951897
14,53,O,14.27515736,9.03393819,14.61921619,-2,-0.0558381527662,-12.3371009827,-8.64616394043,0.633718729019
15,0,H,13.56329384,13.43797336,13.73134181,1,0.0126876272261,0.959402740002,-0.345304936171,-0.46487519145
15,1,O,11.31438812,12.73512949,12.58722765,-2,0.663187325001,1.41588973999,-0.824359178543,-2.31456971169
15,2,H,16.12755013,9.78344104,16.89464971,1,0.0243587717414,2.57573080063,-1.52068018913,-0.905706822872
15,3,H,11.49613871,10.43543136,10.95680295,1,0.0224235281348,1.34126877785,-0.218212500215,0.695903599262
15,4,H,12,12,12,1,0.0927083045244,-1.43288469315,-0.0862570032477,1.55487573147
15,5,H,12.09593478,13.74657819,8.73197335,1,0.0234092101455,0.378567665815,4.04982757568,1.11177289486
15,6,H,11.98262665,9.67868073,14.4373516,1,0.0241447985172,-1.29105937481,0.257041603327,-0.333872258663
15,7,H,11.00381814,13.01400225,11.73261587,1,0.0367312505841,-1.55903339386,1.5580163002,-0.835991680622
15,8,H,11.27664568,8.58377346,12.92351084,1,0.0350999683142,2.55244612694,-0.112220436335,3.79103899002
15,9,H,12.75349708,10.9834358,14.81879622,1,0.02948050946,-1.93916714191,-0.399861425161,-1.42297267914
15,10,O,15.82507701,9.14368491,16.16835035,-2,0.0195904970169,-3.24864244461,3.38815450668,7.2651515007
15,11,H,11.2038149,11.13014484,9.80721982,1,0.030557025224,2.02978253365,1.81661498547,1.98700714111
15,12,O,16.71590613,12.21870201,12.2285203,-2,-0.0848570466042,0.282747805119,0.289339780807,-0.667205393314
15,13,H,13.84080805,9.93707488,10.37254451,1,0.0219510607421,0.116734199226,0.696991622448,-1.24350309372
15,14,H,11.31849369,8.00081,11.85375034,1,0.0396883413196,1.90975308418,3.82885861397,-2.54399299622
15,15,H,10.67751925,12.76508625,13.32114144,1,0.0353238806129,0.0715398266912,-0.425684481859,-0.153916835785
15,16,H,16.19467619,9.65905701,14.96948456,1,0.014722533524,1.58549940586,0.0391533151269,-0.217398405075
15,17,O,11.96566146,10.65953053,14.23223948,-2,-0.0250474885106,2.04138493538,0.525228857994,2.13262915611
15,18,H,16.46098801,14.24464873,11.136927,1,0.0311484634876,-3.447930336,1.68502855301,1.76701176167
15,19,H,13.58959266,13.25376618,9.47702987,1,0.0206645652652,-1.01732540131,-0.671443521976,-1.45036256313
15,20,H,17.18037359,12.78876157,11.59967133,1,0.0166740883142,-0.10894792527,-0.591743290424,0.210867613554
15,21,H,15.14990377,15.16990325,12.0973067,1,0.0275184996426,2.20173668861,-1.94452059269,-2.14539718628
15,22,H,10.38708,10.5861053,13.84701655,1,0.0160213597119,-2.88755059242,-2.12530350685,0.193374916911
15,23,O,9.50811555,9.99527574,13.63244201,-2,-0.0435831546783,1.7966593504,1.6211745739,0.944878816605
15,24,H,17.1914251,10.17033039,13.90140754,1,0.0179890003055,4.43649530411,-0.330762386322,-1.83327448368
15,25,H,14.31762518,12.91622049,12.33424349,1,0.0181857272983,0.206973522902,-1.64700245857,1.4946603775
15,26,O,16.36311757,10.23075663,14.21267842,-2,-0.0831264555454,-4.2465801239,1.65441036224,-0.0983813330531
15,27,O,8.91641532,10.20560684,11.14306608,-2,-0.0565471686423,4.05183076859,3.80780792236,-4.90046787262
15,28,H,13.25111986,9.33067493,14.25044595,1,0.0154169220477,1.07547271252,-0.194034412503,-0.918890357018
15,29,O,12.92650829,13.31889083,14.41288083,-2,-0.0917674005032,-4.1185541153,-3.20769143105,0.655658304691
15,30,O,13.3475336,13.53024454,10.71913242,-2,-0.00130309164524,0.110432803631,2.25838780403,0.979695320129
15,31,H,15.69331581,12.34988204,12.20207269,1,0.00802418589592,1.94693613052,-0.845195531845,0.64592730999
15,32,O,11.81922665,8.08357736,13.83413622,-2,-0.130217835307,-2.65779876709,0.859859526157,-2.56504893303
15,33,O,11.7232064,14.76846029,9.19367134,-2,-0.174694910645,-1.2553883791,-1.74206137657,-0.957081854343
15,34,H,14.45157901,10.55446267,11.82608029,1,0.032171562314,-1.43402493,-1.94304084778,-1.24287235737
15,35,O,14.06510206,9.6417147,11.23789524,-2,0.158728405833,0.500317752361,1.724568367,3.37352323532
15,36,H,8.71311365,9.84939065,11.90729962,1,0.0135799609125,-2.92117238045,-3.42608475685,5.92544794083
15,37,H,12.67584276,12.00756877,8.9154077,1,0.0273067466915,3.10152435303,4.29082965851,-1.98441183567
15,38,H,12.39240551,12.40643912,14.01413104,1,0.0173688754439,3.37247657776,4.44687747955,2.12990403175
15,39,H,14.26304464,13.77549338,10.95860402,1,0.0269750505686,0.491171270609,1.00093483925,-0.267994552851
15,40,O,11.91923184,11.30476087,10.60220892,-2,0.000833921134472,-3.6931848526,-1.95547449589,-2.20586371422
15,41,O,13.22714522,12.96073933,8.54168419,-2,-0.0669398158789,-2.28056812286,-5.69986200333,0.0519687086344
15,42,H,14.98976322,9.76920377,16.54474204,1,0.0342977568507,0.80567330122,-3.26543068886,-2.65370559692
15,43,O,14.3401087,12.04874366,12.83029403,-2,-0.784012675285,-0.94098085165,0.444716751575,-2.62041473389
15,44,H,11.06181872,7.57051282,14.08814596,1,0.0164690893143,-0.414929062128,-0.691092550755,1.09456670284
15,45,H,13.25950055,12.82322228,11.30065131,1,0.0238663814962,-0.318381339312,-2.45730447769,1.16725754738
15,46,O,11.62918447,9.0644203,11.63987647,-2,-0.198208004236,-0.206309020519,-3.38531899452,-0.0152065102011
15,47,H,14.81682525,9.52951124,14.70687651,1,0.0234208516777,-3.78619527817,-1.9694532156,-1.38763129711
15,48,H,9.77610177,10.52004391,11.58333065,1,0.0119757838547,-1.55302679539,-0.270285397768,-1.70163071156
15,49,H,8.85487379,10.01416699,14.35618677,1,0.0172623861581,0.829224407673,0.325761735439,-0.248807042837
15,50,O,15.45710717,14.4651081,11.38820819,-2,0.0183563306928,1.97694170475,1.69759476185,0.598765969276
15,51,H,12.36710835,15.48686672,9.25173299,1,0.014692613855,0.0864584967494,-0.793629169464,-0.344379484653
15,52,H,12.84455598,9.30047528,11.61417308,1,0.077089086175,-0.598033547401,-0.813641309738,-0.0356003828347
15,53,O,13.96628237,8.89613523,14.68954662,-2,-0.0717972666025,3.10653018951,1.6358114481,0.909620821476
16,0,H,13.32768956,13.40016078,13.77179149,1,0.0150134339929,-0.163388416171,-0.629902482033,0.742952167988
16,1,O,11.03317102,12.68449376,12.65911575,-2,0.418297201395,-0.107397243381,-0.167372375727,-4.49487924576
16,2,H,11.17995465,10.46730145,11.06568805,1,0.0217865891755,1.12538707256,-1.14220201969,1.96765065193
16,3,H,12,12,12,1,0.240633010864,-1.84777832031,-0.198542073369,1.28039133549
16,4,H,11.93225799,13.88501766,8.8622623,1,0.0117620676756,-0.27279266715,2.18285560608,0.356310933828
16,5,H,11.54223693,9.45734294,14.53153854,1,0.0361362062395,1.46867251396,3.69098782539,-1.35611462593
16,6,H,10.56462242,12.88088139,11.77440177,1,0.0364714860916,0.453077614307,-0.00276530534029,2.01425290108
16,7,H,11.14928774,8.66887179,13.11539479,1,0.0223055370152,1.88062441349,-0.694912493229,1.82840406895
16,8,H,12.383941,11.03562466,14.77541925,1,0.0230546649545,1.17826986313,-0.207954317331,0.93785482645
16,9,H,10.92559794,11.09539603,10.03457564,1,0.0256467331201,-1.84882211685,1.40295922756,-3.28014230728
16,10,H,11.66449628,9.69931108,17.31863807,1,0.0222134981304,-3.46245980263,0.385793983936,-1.47748446465
16,11,O,16.45152715,12.13442754,12.31127432,-2,-0.0989409536123,0.693522512913,4.60491943359,-3.99787759781
16,12,H,13.55778557,9.77701167,10.42351085,1,0.0292814504355,0.91466999054,0.529016911983,-0.27477657795
16,13,H,10.95566126,8.01507609,11.92780363,1,0.0323455706239,2.54479289055,3.82683300972,-2.50856280327
16,14,H,10.44839343,12.64731064,13.41728917,1,0.0336516834795,-0.286263555288,-0.879841208458,0.380357593298
16,15,O,11.70413776,10.59925676,14.28850061,-2,-0.0834206789732,-2.03310394287,-3.90080118179,-0.166607365012
16,16,H,16.07509336,14.29739685,11.28500043,1,0.0299808122218,4.39515733719,0.160654619336,0.0542955026031
16,17,H,12.52940044,15.29282969,12.50786087,1,0.0279142744839,-6.17238283157,-0.427022755146,-0.916045606136
16,18,H,13.27355967,13.03931971,9.63147869,1,0.0177640467882,-0.160821557045,0.716938078403,-2.04003453255
16,19,H,16.8672868,12.92780564,11.54603552,1,0.0255454070866,-1.31537020206,-4.35046720505,3.58657002449
16,20,H,14.83923272,14.99141232,12.03488566,1,0.0292607396841,-1.05442667007,4.5574669838,4.498898983
16,21,H,14.09835916,12.81734945,12.4129308,1,0.019898891449,0.00380942691118,1.14352560043,-0.0552780367434
16,22,O,12.67209798,13.25084757,14.46701138,-2,-0.0705854743719,0.859798192978,2.99664187431,2.12975311279
16,23,O,13.056799,13.48216181,10.77469681,-2,0.0375200510025,2.22745084763,-1.09387636185,5.12440633774
16,24,O,10.71720355,9.80593885,16.83370539,-2,-0.0481209047139,4.25117206573,-0.828123986721,-0.271476596594
16,25,H,15.41428995,12.40984817,12.35923922,1,0.00835032761097,3.1384973526,-1.83768510818,0.482556641102
16,26,O,11.54338496,8.05482968,13.90353548,-2,-0.0394595712423,-3.22563648224,-0.622423529625,-0.765173614025
16,27,O,11.46544125,14.71915595,9.25945384,-2,-0.0944309979677,-1.33554279804,-0.627305090427,-0.717368721962
16,28,H,14.24885098,10.28752895,11.74412146,1,0.025831207633,0.473543465137,2.04959988594,1.15530335903
16,29,O,13.84274284,9.54947868,11.31859204,-2,0.229444295168,-1.89336919785,-2.38578248024,-1.33291494846
16,30,H,12.51475363,12.10978451,8.88496599,1,0.0170803144574,-0.0340303629637,-0.124745368958,-1.20931637287
16,31,H,12.14864853,12.5767282,14.1288633,1,0.014913007617,-0.65538829565,-1.60534596443,-0.637412965298
16,32,H,14.0064033,13.76506921,11.12572441,1,0.0347846671939,-1.61040437222,0.158204182982,-1.85806465149
16,33,O,11.59866643,11.25798132,10.64460044,-2,0.0236501395702,0.955521821976,-0.364697784185,1.8056242466
16,34,O,12.96861439,12.92182157,8.60328378,-2,-0.175797402859,0.742139995098,-2.49027323723,-0.187104091048
16,35,O,14.07471596,12.00312857,12.87537599,-2,-0.76392185688,-1.47728204727,-1.57589244843,-0.989678382874
16,36,H,10.81219118,7.34630848,13.93690825,1,0.0232533756644,1.66639280319,1.38335418701,0.705429136753
16,37,H,13.03781361,12.68814022,11.42867759,1,0.0367717631161,0.230715021491,1.35323655605,-1.67372715473
16,38,O,11.40144541,9.00811286,11.67069447,-2,-0.306047558784,-1.18175387383,-3.22081255913,0.0745995044708
16,39,O,15.21921961,14.46027062,11.46007804,-2,0.0312828347087,-2.96860980988,-3.04450750351,-4.110414505
16,40,H,12.06173825,15.4632749,9.31172534,1,0.0186733603477,0.23696115613,-0.115809306502,-0.0774075761437
16,41,H,12.61739661,9.23163346,11.54868725,1,0.0762594789267,-1.20897972584,-0.978465914726,1.2978925705
16,42,O,11.36092324,15.31736299,12.19909444,-2,-0.0493516586721,2.60211515427,-1.70346868038,3.02708220482
16,43,H,11.04020893,9.73644948,15.8643989,1,0.0173743590713,-1.17876875401,0.673674583435,2.70503902435
16,44,H,10.78349006,14.57880087,12.76785419,1,0.0159246362746,3.45245671272,3.40442180634,-1.75771951675
17,0,H,13.1140441,13.36691634,13.81339699,1,0.0146160833538,0.118124552071,-0.782049953938,0.318642318249
17,1,O,10.78535102,12.6637374,12.69183384,-2,0.159617140889,-2.71022319794,-0.169383615255,-1.64313971996
17,2,H,10.99014033,10.49795946,11.23412751,1,0.0197433158755,0.633603513241,-0.430061012506,0.379931628704
17,3,H,12,12,12,1,0.397128373384,-0.856728851795,-0.173287078738,1.3472263813
17,4,H,11.18760168,9.42595007,14.54190611,1,0.0515858456492,2.05662727356,4.18621683121,-0.0699505507946
17,5,H,10.17215714,12.76851865,11.86456079,1,0.030172072351,1.61253452301,-0.276138991117,2.29000401497
17,6,H,11.15738119,8.73396507,13.35901994,1,0.0219068340957,-0.520080864429,2.20447874069,-4.06779241562
17,7,H,12.08092059,11.12201293,14.78269193,1,0.0228827483952,1.00834834576,-0.655245542526,0.960783243179
17,8,H,10.58355919,11.18745116,10.05981631,1,0.024193238467,-0.353013932705,0.795692443848,-1.13780450821
17,9,H,9.13522044,12.58233718,17.67172953,1,0.0190849453211,1.28301370144,1.26302325726,0.518760085106
17,10,H,11.38020625,9.74912521,17.19401316,1,0.0249279811978,-0.226680696011,-0.0243046395481,1.17749130726
17,11,H,13.36095285,9.71072005,10.39765746,1,0.0297913104296,1.48419773579,-0.28311753273,2.61490559578
17,12,H,10.71229282,8.17725469,11.82585397,1,0.0239773392677,0.738608539104,-0.544120967388,-0.686367988586
17,13,H,10.20159134,12.55952615,13.51358303,1,0.0329549312592,0.974287509918,-0.358431577682,-1.64268827438
17,14,O,11.47014356,10.55834399,14.31731205,-2,-0.0899927988648,-2.62983059883,-3.84889554977,-0.37414419651
17,15,H,15.93347844,14.37907622,11.38595755,1,0.0273623466492,1.05815529823,0.567843854427,0.748454153538
17,16,O,9.01547022,11.67001132,17.55722737,-2,-0.088180474937,-0.690919399261,-3.57399559021,-0.173990190029
17,17,H,12.02805513,15.17929143,12.55660674,1,0.0192582421005,0.867598831654,0.141189217567,0.104777626693
17,18,H,12.987265,12.88262652,9.63293825,1,0.00879598408937,0.380183398724,1.81720352173,-1.49083840847
17,19,H,14.53510576,15.04918133,12.12139986,1,0.0295212157071,1.83084201813,0.273041397333,-0.0571221746504
17,20,H,13.90522422,12.79563139,12.45076294,1,0.0146302580833,1.45669591427,1.51482319832,-0.580850362778
17,21,O,12.45837918,13.22523542,14.49931464,-2,-0.0716325491667,2.24478363991,4.09726047516,3.59027218819
17,22,O,12.80574385,13.4617641,10.82297578,-2,-0.0260885357857,1.74223911762,-0.697433233261,4.52094841003
17,23,O,10.45593014,9.81372529,16.90776622,-2,-0.0104088708758,3.02714824677,-1.73431229591,-3.54190564156
17,24,O,11.2895041,8.05509615,13.94298199,-2,-0.010285794735,-0.985363900661,-5.97136163712,3.72894835472
17,25,H,14.08846057,10.17635866,11.70712061,1,0.0220796652138,2.12307977676,4.54573059082,2.30350494385
17,26,O,13.64613388,9.47669075,11.37327575,-2,0.0284313857555,-3.58868741989,-3.99494719505,-5.45441579819
17,27,H,12.34730797,12.1646125,8.78397472,1,0.0128784552217,-4.27819919586,-7.12077236176,-0.478837311268
17,28,H,11.8616557,12.66507666,14.15240039,1,0.0145058110356,-2.35614871979,-2.53209114075,-1.8002935648
17,29,H,9.70148717,10.85108921,17.58968566,1,0.020638383925,-1.30902051926,3.42252206802,-0.434763818979
17,30,H,13.73799617,13.79167097,11.15592327,1,0.0315478555858,-1.65526211262,-0.257018208504,-1.80986368656
17,31,O,11.31451798,11.23954357,10.66826918,-2,0.0214786678553,0.0641191899776,-0.397992998362,0.687854290009
17,32,O,12.74693171,12.91149879,8.63948252,-2,-0.132515028119,3.77888250351,4.78369235992,-1.36089336872
17,33,O,13.83979248,11.98373615,12.8911741,-2,-0.742731690407,-1.86558318138,-2.57904410362,-0.996972501278
17,34,H,10.69241283,7.21367109,13.75217888,1,0.0270164441317,1.6707777977,3.07996416092,0.711903810501
17,35,H,12.82621399,12.62499352,11.43944004,1,0.059598557651,0.331746995449,1.67089390755,-1.50829946995
17,36,O,11.20912151,8.97492278,11.67436393,-2,-0.0896880701184,0.821998119354,1.5066139698,-0.914717316628
17,37,O,15.00501666,14.47522391,11.4942204,-2,0.0156462043524,-2.1615691185,0.0132245244458,-0.193077996373
17,38,H,12.30820458,9.13970563,11.54034338,1,0.0403666868806,-1.78295898438,-1.25727677345,1.22341251373
17,39,O,11.1474468,15.26994569,12.22533818,-2,-0.0447102561593,0.0732651352882,2.14103841782,-1.07041430473
17,40,H,10.80115958,9.76745905,15.88782371,1,0.0258700177073,-2.30509781837,1.05189955235,3.17931079865
17,41,H,10.73567918,14.59570479,12.70373847,1,0.0140257403255,-1.105514884,-1.41505563259,1.08201992512
18,0,H,12.93992618,13.31904386,13.85517515,1,0.0133316628635,0.799580395222,-0.589610874653,-0.590615689754
18,1,O,10.57095042,12.65561719,12.7122521,-2,0.0584715530276,-1.35810124874,-0.257480353117,0.792188227177
18,2,H,10.90309702,10.54355016,11.39832908,1,0.0235999189317,-0.0922647193074,0.793623805046,-1.52338707447
18,3,H,12,12,12,1,0.407929301262,0.866124927998,-0.9726126194,2.36774420738
18,4,H,11.87664144,14.16262459,9.0257638,1,0.0140905156732,-3.04906439781,0.250359416008,0.166271418333
18,5,H,10.96853456,9.57064522,14.5461259,1,0.0243207924068,1.02327084541,2.55562376976,1.96167016029
18,6,H,9.89297826,12.64635172,12.04259199,1,0.0289552528411,-0.183252990246,0.116404533386,-0.953300476074
18,7,H,11.19776631,8.86229141,13.41444071,1,0.0188487917185,0.194717675447,-2.31637310982,-0.762021958828
18,8,H,11.84318319,11.21008198,14.85638046,1,0.0230369381607,-1.00823247433,-2.99683403969,-0.571848869324
18,9,H,10.25153537,11.34101101,9.99102682,1,0.0303387418389,2.84853386879,-0.649914562702,2.97398495674
18,10,H,13.28899696,9.67815395,10.46350971,1,0.0175296925008,0.38833746314,-0.565086722374,1.58469927311
18,11,H,10.03437197,12.50868622,13.52650279,1,0.0316479057074,0.298392444849,-0.251702308655,-0.559462189674
18,12,O,11.27120796,10.51953523,14.33729059,-2,-0.0441721640527,-0.118331685662,1.09484064579,-0.0189436003566
18,13,H,11.71797866,15.06564623,12.66195618,1,0.0189401544631,6.59660387039,0.42560121417,2.32953071594
18,14,H,12.78461209,12.81412353,9.57331291,1,0.0139736421406,0.916677176952,0.530875265598,1.39337575436
18,15,H,13.75716902,12.85894488,12.45015091,1,0.0148581191897,0.846334397793,-1.72636520863,1.20003259182
18,16,O,12.29538465,13.22657191,14.53214563,-2,-0.0853775143623,-5.18024873734,-1.7518607378,0.706996262074
18,17,O,12.60296418,13.45103543,10.88144679,-2,-0.0316290706396,-0.760044395924,1.29416942596,0.75502204895
18,18,O,11.07294745,8.05251446,13.98336424,-2,-0.0261690989137,-0.649775862694,-1.07711958885,-0.809019744396
18,19,O,11.04215041,14.70401051,9.32948142,-2,-0.0848806276917,2.4293448925,0.623104155064,-1.17191278934
18,20,H,14.03686246,10.27824103,11.77009724,1,0.0168288089335,-2.25699138641,-3.02348518372,-0.942999184132
18,21,O,13.47877758,9.40331049,11.40870885,-2,-0.0498831905425,1.59002256393,3.71719408035,-0.478352636099
18,22,H,12.0371172,11.94121828,8.67452821,1,0.0249214060605,2.00722670555,4.20297050476,-1.00715124607
18,23,H,11.49865112,12.61244167,14.06035768,1,0.0202636122704,4.68537998199,3.09460878372,2.19325423241
18,24,H,13.4471771,13.80374798,11.07355345,1,0.0337095446885,1.5801897049,1.06480693817,0.140045523643
18,25,O,11.07419032,11.2316229,10.69034193,-2,0.0200302898884,-2.40248417854,-0.717875778675,-1.56886386871
18,26,O,12.57832015,12.92348193,8.66281506,-2,-0.0413461476564,-1.65795922279,-6.44845342636,-3.39775395393
18,27,O,13.6445569,11.97065977,12.8986689,-2,-0.578901708126,-2.0796084404,0.884923577309,-3.37235641479
18,28,H,10.68240434,7.21780174,13.5572645,1,0.0227540899068,0.873970210552,2.50003504753,0.456060439348
18,29,H,12.62563418,12.63190231,11.35710663,1,0.0759868100286,0.759714484215,-0.845143198967,0.238597169518
18,30,H,11.59183569,15.5093268,9.35913151,1,0.0216643065214,-1.29103267193,0.478473186493,0.470916718245
18,31,O,10.97026084,15.24358368,12.23912078,-2,-0.0478155016899,-3.51786112785,3.18131422997,-2.85541152954
18,32,H,10.64784791,14.51456281,12.68082779,1,0.0141431204975,-3.09929060936,-2.61893749237,0.852988004684
19,0,H,12.82173767,13.25722709,13.8563171,1,0.0143680162728,-0.353652149439,-0.430471479893,1.11694777012
19,1,O,10.38087938,12.65384029,12.72957826,-2,0.0197724103928,-0.347509175539,0.00366694107652,-1.45377039909
19,2,H,10.83608826,10.63517259,11.46664632,1,0.0231323093176,-1.24967157841,-0.550732016563,-0.587762832642
19,3,H,12,12,12,1,0.428233504295,1.17972397804,-1.27325761318,2.87779450417
19,4,H,11.8396017,14.16131335,9.05339525,1,0.0263089761138,-4.27252244949,0.956704556942,0.663139820099
19,5,H,10.83137933,9.7265564,14.63244239,1,0.0202650763094,-1.72757041454,-6.05232524872,3.43304729462
19,6,H,9.63281328,12.52153941,12.15103961,1,0.029059542343,-0.0036708842963,0.0478304848075,-1.33138728142
19,7,H,11.56690274,11.19472456,14.92292301,1,0.0218671821058,-0.768869996071,-2.48673653603,-0.508660078049
19,8,O,11.36484204,16.82994738,7.77313406,-2,-0.0370962843299,-0.851194739342,7.15969944,0.986996233463
19,9,H,10.09912558,11.48075315,10.03834983,1,0.0296224597842,1.6165573597,-1.4323707819,2.82436299324
19,10,O,11.5898939,11.51901093,6.50620221,-2,-0.0284360647202,2.02240133286,-1.86315894127,-3.93468141556
19,11,H,10.74670053,12.87339167,6.86191555,1,0.0172101780772,-0.109283238649,1.41991770267,-0.0271303057671
19,12,H,11.31719392,11.56839463,7.36982921,1,0.0253218114376,-1.75878751278,-0.264598459005,1.9632743597
19,13,O,15.92753224,12.04071141,12.39807592,-2,-0.0833825841546,-2.47840642929,2.75045132637,-1.73729085922
19,14,H,13.26501664,9.65980381,10.57441967,1,0.0161293484271,-0.744817972183,0.124188438058,-2.23587656021
19,15,H,14.80825052,11.59318165,10.78104611,1,0.0236164927483,1.39310324192,0.387573063374,2.03062176704
19,16,H,9.91636618,12.49432169,13.51280077,1,0.0301798097789,-1.00056803226,-0.714060306549,2.70913243294
19,17,O,11.10127686,10.49514615,14.35186365,-2,-0.0350716523826,2.65974783897,8.43159675598,-2.78775644302
19,18,H,11.57092853,16.04654762,7.46082467,1,0.0221434123814,1.30332875252,-5.9701423645,-1.9871969223
19,19,H,11.78661453,14.9786371,12.85815758,1,0.0224593691528,-4.21438694,1.8393124342,-2.81941604614
19,20,H,12.66755969,12.78120411,9.57693927,1,0.016031358391,0.716531038284,-0.0512870922685,0.816885709763
19,21,H,16.00479128,12.74300131,11.62423238,1,0.0249420497566,0.349486172199,-1.90237486362,2.48153805733
19,22,H,13.63088685,12.85601984,12.4955299,1,0.0262889117002,-0.328354716301,-0.800457298756,0.38941270113
19,23,O,12.14461842,13.22826459,14.55767588,-2,-0.0697239935398,-2.21689891815,-0.486622273922,-0.540836513042
19,24,O,12.42170882,13.4503566,10.9409052,-2,-0.0492751449347,-0.715212166309,2.36544966698,0.378580123186
19,25,H,14.90070484,12.16578926,12.72887473,1,0.00971543043852,3.36301136017,-1.08999502659,-0.462064236403
19,26,H,10.96040791,11.81803629,5.8334615,1,0.0302370134741,-0.000662839971483,-0.446254104376,0.415873348713
19,27,O,10.87879026,14.72036955,9.35340504,-2,-0.122375480831,3.49193620682,-0.813931584358,-1.46656477451
19,28,H,13.87149903,10.24124179,11.79166713,1,0.0164925046265,-2.24494028091,-3.58271622658,-0.359150707722
19,29,O,13.34374044,9.34665457,11.44165723,-2,-0.0576866678894,2.33818268776,3.01724410057,3.15323901176
19,30,H,11.85370811,11.94467015,8.57093453,1,0.0404254198074,2.94149231911,4.85866880417,0.960444331169
19,31,H,11.40132424,12.73328582,14.05993887,1,0.0146362222731,2.69191336632,1.61068749428,1.59865784645
19,32,H,13.29080403,13.84304833,10.97111622,1,0.0348825491965,0.671100437641,0.0120881963521,0.239267468452
19,33,O,10.85570974,11.23079507,10.70608392,-2,-0.00976619124413,0.0839326903224,1.26795816422,-2.30168795586
19,34,O,12.42988517,12.92454761,8.66967507,-2,-0.00296674668789,-2.15685677528,-5.53860473633,-3.00066542625
19,35,O,13.47443756,11.96675128,12.895417,-2,-0.527364313602,-2.59582829475,0.562462031841,-2.35464668274
19,36,O,10.49356968,13.7576761,6.58191668,-2,-0.0581817775965,-0.369518995285,0.86215788126,0.50970184803
19,37,H,12.43194345,12.56735218,11.28070314,1,0.0879771858454,1.39862668514,-0.452414661646,-0.67862445116
19,38,H,16.83123323,10.45732343,9.46331916,1,0.0224134102464,-0.0165115743876,0.839145243168,2.91380882263
19,39,H,10.7198459,14.29097287,7.37099858,1,0.0173458307981,-0.628133237362,-0.142101973295,-0.230961799622
19,40,H,14.36686573,10.79630615,9.62782659,1,0.0264469720423,0.548691868782,-1.64646136761,-1.4689707756
19,41,O,16.92817716,10.78163398,10.44193279,-2,-0.0434241816401,-1.1884663105,-1.02425479889,-2.30758261681
19,42,H,11.354273,15.56179786,9.39682323,1,0.0237208791077,-0.696388423443,-0.264191657305,0.83855843544
19,43,O,14.22410941,11.59675432,10.06764203,-2,-0.0278507322073,-2.02628874779,1.74127388,-1.12585628033
19,44,H,16.03564542,10.78008225,10.90847208,1,0.0191036090255,2.60528731346,-0.602866470814,-0.827869653702
19,45,O,10.80714045,15.23399416,12.24024007,-2,-0.0679114535451,3.12408280373,-4.4362578392,5.29947519302
19,46,H,11.07201054,16.81445982,8.66919061,1,0.0267301145941,-0.530957341194,0.00618196278811,0.209155023098
19,47,H,10.41740038,14.29077519,12.68992281,1,0.0134338214993,1.09684979916,4.05450534821,-2.27347564697
20,0,O,11.64977566,13.3541214,9.94051828,-2,-0.03215829283,0.0534706227481,-0.484486252069,-2.41455578804
20,1,O,12.83706407,11.95081941,11.72561931,-2,-0.0136092826724,4.80086088181,-5.31410121918,-5.20618963242
20,2,H,13.96377536,12.07078919,15.25036603,1,0.0198355391622,-1.21743118763,2.6052737236,-1.39748799801
20,3,H,9.56413897,11.94093723,14.046581,1,0.0172970965505,-0.639833688736,-0.355499088764,-0.284313470125
20,4,O,12.25510791,14.42123252,12.70006029,-2,-0.04239955917,-1.32192778587,-2.31788992882,0.347254097462
20,5,H,10.86568729,14.35754264,11.50584525,1,0.0190106704831,1.63954627514,0.713331878185,-1.87656676769
20,6,O,10.4620234,12.0296906,13.74871404,-2,-0.0486381500959,1.38529908657,-0.10580856353,-2.65274953842
20,7,H,10.16589354,13.97941438,12.49767641,1,0.0199844315648,-1.35321509838,-0.755143821239,2.14431452751
20,8,O,14.69896134,13.98885091,12.82074765,-2,-0.0732734501362,-0.154303923249,-1.31730687618,-4.15537834167
20,9,O,10.96885045,9.35755022,12.84581012,-2,-0.0404500328004,-4.34922838211,-0.602621674538,-2.18226695061
20,10,H,9.78540122,12.25847045,11.23133546,1,0.0176298879087,-0.86862206459,-0.0308067705482,-1.14682877064
20,11,H,12.8897126,14.98840649,13.01193472,1,0.0161747913808,2.09527134895,3.45615458488,0.685503482819
20,12,H,14.25719108,12.95763723,12.22649588,1,0.0502347499132,1.67439806461,5.11018514633,1.61284267902
20,13,O,9.53225676,11.29785361,11.25458398,-2,-0.0419666618109,0.775343000889,-0.668950557709,0.595922291279
20,14,H,13.13983674,11.30742955,14.72160406,1,0.0200999192894,-2.16085219383,-1.84113812447,-1.32241952419
20,15,O,13.16742,12.24598156,14.59466651,-2,-0.0232272967696,3.20892167091,-0.554903447628,2.96797442436
20,16,H,10.49057317,11.77575344,12.72977004,1,0.019282002002,-1.19490933418,0.354422181845,3.91772413254
20,17,H,11.76691921,9.37098649,13.22842571,1,0.016765287146,4.64686155319,0.0558466389775,2.27969264984
20,18,O,10.14036336,13.77183757,11.57764269,-2,-0.0335749089718,-2.02069473267,0.354979276657,0.708098530769
20,19,H,14.85498143,14.81014833,12.13455115,1,0.0176517106593,-0.632437825203,-3.63215851784,2.03822493553
20,20,O,15.38807565,11.12470449,13.38733712,-2,-0.0498600974679,-2.82832479477,-0.00755664007738,-1.73667144775
20,21,H,11.03499711,9.89113854,12.05328758,1,0.0143519565463,-0.382800549269,0.0606074780226,-0.155262827873
20,22,H,16.05465456,11.39118306,13.98192697,1,0.0158534590155,0.891143321991,1.0902068615,0.913792848587
20,23,H,12.65170493,11.1099401,10.95087199,1,0.0272527057678,1.38331341743,3.85728025436,3.34358143806
20,24,H,11.82853428,12.89019426,9.09885076,1,0.0169370621443,0.266052246094,0.632298827171,0.641557216644
20,25,H,12,12,12,1,0.0214799270034,-5.08053874969,1.13291335106,2.07357954979
20,26,H,12.47395141,13.65307982,10.32364862,1,0.0161338895559,0.422993242741,-0.203264728189,-0.0609140098095
20,27,H,8.96302289,10.9059281,10.59117329,1,0.0175801217556,0.0752810016274,0.750292181969,-0.207297623158
20,28,H,12.73792175,13.7019917,13.18352616,1,0.0190002173185,-1.40618896484,-0.290652394295,-0.533157467842
20,29,H,14.63595769,11.81218711,13.28341172,1,0.0166023224592,2.29254007339,-1.6915293932,1.06196606159
21,0,O,11.9109327,13.19552669,9.92829427,-2,-0.0328688248992,-1.26444637775,1.7105833292,1.67757678032
21,1,O,13.08392244,11.79497014,11.70464209,-2,-0.0451828241348,-3.24457073212,-3.37746191025,-1.22366535664
21,2,H,14.01304,11.90938342,15.19307606,1,0.0163338445127,4.96210289001,0.120310947299,5.03396940231
21,3,H,9.72851171,11.70482007,13.99175775,1,0.0186758916825,2.10883402824,0.156788557768,-1.40983664989
21,4,H,8.57136812,9.80423712,9.39121412,1,0.0223137941211,1.03008782864,2.0430727005,-2.60542106628
21,5,O,12.5512543,14.2509306,12.68615051,-2,-0.0477058403194,-2.20193314552,0.933572769165,-1.95545458794
21,6,H,14.38403711,15.16172599,13.85407621,1,0.0193993896246,-0.964754879475,0.597201824188,-0.194733142853
21,7,H,11.14382528,14.2477955,11.3438972,1,0.0214520171285,-1.78353309631,-1.7725430727,0.2370082587
21,8,O,10.67726548,11.91760674,13.70288475,-2,-0.0452946983278,-1.07831275463,0.308194607496,-0.162610709667
21,9,H,10.40944426,13.60550294,12.56320566,1,0.0226484239101,-0.38789716363,0.0630483925343,-2.34901571274
21,10,O,14.93224195,13.81078295,12.78568305,-2,-0.0278208851814,5.50310993195,8.16224765778,2.31240677834
21,11,O,11.1853251,9.20992909,12.77815047,-2,-0.044900521636,0.416940033436,0.1733148247,-1.06645810604
21,12,H,10.00329725,12.18040647,11.13282513,1,0.0223334878683,-1.09094703197,-2.47780585289,-0.645105838776
21,13,H,13.09690994,15.01869237,12.82378785,1,0.0223396494985,-0.103215433657,-0.714971601963,-0.0974418669939
21,14,H,14.56312365,13.18729944,12.35455516,1,0.0163769256324,-4.31098747253,-8.14495754242,-4.03027391434
21,15,O,8.87803239,10.5305027,8.69529245,-2,-0.0350419357419,-0.744765639305,-1.92825698853,1.83308064938
21,16,O,9.8084721,11.09776019,11.20716432,-2,-0.0669783726335,-1.32889723778,0.136063411832,-2.19303894043
21,17,H,13.38227015,11.07943726,14.3008174,1,0.0184900276363,-0.867807388306,2.37827062607,-0.158164218068
21,18,O,13.39223759,12.05533558,14.60060768,-2,-0.0285662338138,-3.98894762993,-2.29317879677,-4.78827953339
21,19,H,10.78803731,11.82713681,12.70675526,1,0.0188439711928,-1.86016130447,-0.784473896027,2.62013864517
21,20,H,12.02522375,9.08717241,13.26669552,1,0.0162751637399,-0.620494544506,0.43123421073,-1.02611219883
21,21,O,10.39100677,13.58935209,11.52910799,-2,-0.0216994285583,0.155084237456,1.97246313095,3.43392086029
21,22,H,14.91994452,14.45272461,12.01677336,1,0.0201267916709,0.644768953323,-0.437140285969,1.44793593884
21,23,H,13.0913618,16.18076149,13.57857955,1,0.0214716568589,-1.43245637417,0.878250956535,-1.23609924316
21,24,H,11.27344624,9.72339523,11.90879026,1,0.013227045536,0.0519517958164,-0.949971497059,2.10853838921
21,25,O,13.76893898,15.8814406,14.12127353,-2,-0.0422121807933,3.07451486588,0.296956241131,2.97986531258
21,26,H,9.60605619,11.04425706,9.10975923,1,0.0182558558881,-0.482153236866,-0.559839248657,-0.410942524672
21,27,H,13.12212029,10.89568464,11.0111389,1,0.0209291167557,-0.72441136837,4.05232000351,3.15990328789
21,28,H,12.20210004,12.88154804,9.14909833,1,0.0154790412635,1.55707228184,-1.60620319843,-4.43924331665
21,29,H,12,12,12,1,0.0338757485151,5.29334497452,-1.14572870731,-2.0914349556
21,30,H,12.6995055,13.3894543,10.41943816,1,0.0158127956092,0.575898051262,-0.128190413117,0.653538823128
21,31,H,9.12414854,10.61743079,10.51280613,1,0.0227503925562,2.64742016792,2.95021414757,3.32374048233
21,32,H,12.95579352,13.55490764,13.1648538,1,0.0208606980741,0.45973521471,-1.04341697693,1.2617071867
22,0,O,11.89217917,13.10050129,10.0280324,-2,-0.0364424660802,3.70003175735,-0.352841258049,-3.90993738174
22,1,O,13.04557417,11.68873447,11.78969686,-2,-0.0314883291721,-3.00217247009,4.25187206268,3.55091428757
22,2,H,13.98539167,11.80718876,15.45381001,1,0.0177738331258,-1.01657688618,-0.322140157223,-1.68656659126
22,3,H,9.70252945,11.52097089,13.98031681,1,0.0202749464661,1.68697476387,0.338231950998,-0.901309728622
22,4,O,12.56688866,14.13809345,12.77444937,-2,-0.0575133338571,-1.39485740662,3.12204885483,-2.44168162346
22,5,H,14.21068884,15.06435555,13.8546349,1,0.019214052707,2.47657346725,-3.72279405594,-1.96483373642
22,6,H,11.05242103,14.12025104,11.30785991,1,0.0206517167389,-0.924869894981,-0.962109386921,1.02083861828
22,7,O,10.61430296,11.86806519,13.76554307,-2,-0.0374292694032,-1.85264480114,0.0359744504094,6.48157501221
22,8,H,10.34111768,13.31361005,12.59716296,1,0.0228706672788,0.158415973186,1.74233984947,-1.57518696785
22,9,O,14.90565332,13.71716999,12.86885601,-2,-0.0409606993198,0.998561263084,-1.98961699009,-0.479987323284
22,10,O,11.12541799,9.12566675,12.81390243,-2,-0.0426457710564,2.9743270874,-1.61279535294,2.97039794922
22,11,H,9.88130018,11.9996113,11.10985851,1,0.0161966383457,-0.378696709871,-2.29291129112,-0.213964253664
22,12,H,13.03073736,15.11060265,12.77609889,1,0.0319350659847,-1.56548976898,-5.27069854736,0.159499913454
22,13,H,14.34094316,13.08688609,12.36086049,1,0.018388479948,0.130639180541,-1.93318653107,2.01103138924
22,14,O,9.80674946,10.96080999,11.26268338,-2,-0.0481151752174,0.628454387188,1.98530054092,-0.0832412838936
22,15,H,13.29270758,10.99805972,14.00745089,1,0.020726505667,0.501394569874,4.22273540497,3.53102564812
22,16,O,13.33282781,11.91832801,14.70053523,-2,-0.0342267230153,0.552487015724,-3.69094538689,-1.84571373463
22,17,H,10.72592109,11.90555503,12.89115244,1,0.0184102542698,-0.294594317675,-1.07902145386,-4.79498243332
22,18,H,12.03430416,8.91320638,13.39259189,1,0.0192190520465,-3.58929514885,1.16790831089,-3.09106230736
22,19,O,10.36761815,13.47203478,11.60082669,-2,-0.0336890742183,-1.31404292583,0.115567497909,1.92953431606
22,20,H,14.73968681,14.15450744,12.06646878,1,0.0178325250745,1.06363320351,3.34100914001,-1.77414906025
22,21,H,13.058835,16.12333207,13.64371445,1,0.022530330345,-1.42945086956,1.19996190071,-0.795042991638
22,22,H,11.24250801,9.5670702,11.96485674,1,0.0137928389013,0.538306236267,0.155475750566,0.225263655186
22,23,O,13.71431224,15.73794148,14.15837424,-2,-0.0399861931801,-0.0916211009026,4.73033189774,4.86221313477
22,24,H,13.26876021,10.93423651,11.33165061,1,0.0176182314754,-0.520749986172,-2.75998091698,-1.68174481392
22,25,H,12.3861477,12.87342857,9.14531431,1,0.0169294606894,-1.574888587,0.693301379681,2.128033638
22,26,H,12,12,12,1,0.0344037339091,4.43504047394,-2.10630369186,-1.87934875488
22,27,H,12.68674401,13.14540916,10.62414476,1,0.0148221328855,-1.16629445553,-0.119057476521,-0.475176036358
22,28,H,9.13459586,10.54604491,10.72921189,1,0.0163951870054,-0.285684764385,0.246796905994,-0.316703289747
22,29,H,12.91066475,13.41727848,13.31250648,1,0.0225113891065,0.556993603706,0.865582287312,1.04036974907
23,0,O,11.6735658,13.10564152,10.21585303,-2,-0.0370941907167,4.38582420349,-0.696198999882,-4.01240158081
23,1,O,12.4005521,15.74235313,10.97673979,-2,-0.0522681027651,3.70184016228,-0.956196427345,2.50056362152
23,2,O,12.78914517,11.69787817,11.98667393,-2,0.0789584591985,10.1295089722,-0.48936137557,2.22039365768
23,3,H,13.73276436,11.77510122,15.76448559,1,0.0224915947765,-2.42497825623,-0.486398100853,-4.51846408844
23,4,H,9.53407355,11.43982712,14.0362573,1,0.0187920592725,-0.863043487072,-0.851336121559,0.0220930725336
23,5,O,12.37097923,14.13317572,12.95516148,-2,-0.0507626906037,-2.86417627335,-2.41200685501,-1.45859146118
23,6,H,13.92223444,14.93255058,13.85246028,1,0.0156682580709,-0.432978034019,1.28402042389,0.451461344957
23,7,H,10.71064021,14.05582353,11.43221341,1,0.0190880224109,2.14130377769,2.14562773705,0.0614637546241
23,8,O,10.33767197,11.92208714,13.94486085,-2,-0.0424254611135,1.08139908314,1.14850759506,-0.467928081751
23,9,H,10.05980942,13.22975828,12.64082617,1,0.0236038118601,-0.0507884994149,1.36893045902,4.42382383347
23,10,O,14.67576459,13.72963862,13.05738403,-2,-0.248457610607,-2.08793139458,-3.21017551422,-4.88283348083
23,11,O,10.86532614,9.14172934,12.9585936,-2,-0.0396896824241,0.499168753624,-1.57159924507,2.83048415184
23,12,H,9.51937704,11.80947922,11.17988755,1,0.0155567340553,0.297381460667,3.73071241379,-0.923664689064
23,13,H,12.65613663,15.07526595,12.88830786,1,0.035622280091,-0.277346849442,-1.92280268669,1.71173155308
23,14,H,13.80951023,12.83898642,12.43754158,1,0.145410969853,3.01150274277,1.79538798332,2.8047683239
23,15,O,9.60218264,10.93511682,11.42150737,-2,-0.0318900831044,3.27751111984,-1.42840123177,1.91441583633
23,16,H,13.00211439,11.23478259,14.02346034,1,0.0164641737938,1.09536445141,1.69984424114,4.11093950272
23,17,H,12.78151304,14.8794424,11.45540939,1,0.0155214369297,-1.68559920788,2.50022387505,-2.32733178139
23,18,O,13.06323622,11.87213159,14.8897076,-2,-0.0344895943999,1.27999663353,-1.10126137733,0.445740759373
23,19,H,10.44116403,12.02477107,12.97862357,1,0.016916256398,-0.129266053438,-1.4829647541,1.22292208672
23,20,H,11.63313881,15.4812184,10.54315229,1,0.0169390346855,-1.95224142075,-0.859386980534,-1.29736542702
23,21,H,11.68321207,8.92208201,13.47385946,1,0.0180605370551,-1.08944177628,0.442761451006,-1.15731716156
23,22,O,10.13021041,13.45603131,11.77881473,-2,-0.0429783388972,-4.31580543518,-1.92059957981,-3.31280064583
23,23,H,14.41695223,14.11056893,12.15573772,1,0.0166732519865,1.70377135277,0.464432835579,1.69374740124
23,24,H,12.72732253,16.24874812,13.75922872,1,0.0227191392332,2.83255410194,-1.69522583485,1.97033822536
23,25,H,11.03564954,9.51658443,12.12583211,1,0.01330409199,0.568920910358,0.794332206249,-1.51244795322
23,26,O,13.45393117,15.70794233,14.30897791,-2,-0.0675322338939,-0.98968821764,2.67700743675,-0.492189973593
23,27,H,13.18658024,10.92325172,11.6792428,1,0.0255370587111,-0.398904085159,-1.93657827377,-1.10242593288
23,28,H,12.28352772,13.00049398,9.35692756,1,0.0180138442665,-2.23198390007,0.490081191063,2.3363802433
23,29,H,12,12,12,1,0.0304140672088,-9.12687587738,1.63936531544,-0.357793241739
23,30,H,12.40971936,12.97855529,10.87395135,1,0.0146689713001,-1.17817223072,0.612344264984,-1.15566170216
23,31,H,8.86617488,10.57817913,11.06510575,1,0.0178405214101,-3.71644496918,-2.4962208271,-1.63335514069
23,32,H,12.6803808,13.42238118,13.61220256,1,0.0293233729899,-0.190341636539,2.72308397293,-0.108680024743
24,0,O,11.82562124,13.06134805,10.4333531,-2,-0.0319193080068,-1.63397991657,0.31108918786,-0.112558655441
24,1,O,12.91753424,11.66184966,12.23800456,-2,0.291048586369,2.96214580536,-2.095089674,0.786351799965
24,2,H,13.72600895,11.67112039,15.89946846,1,0.0117136463523,0.158457785845,-0.711024641991,-1.7663911581
24,3,H,9.67761599,11.27550014,14.14994406,1,0.0113592427224,1.14953517914,0.62400841713,0.341720074415
24,4,O,12.52507997,14.06932988,13.17251803,-2,-0.0104743540287,-0.730432331562,-7.34281396866,0.0248725619167
24,5,H,10.83390686,14.03669911,11.62098864,1,0.0141325704753,0.156005248427,0.138944253325,0.93039727211
24,6,O,10.42355982,11.93185125,14.16627735,-2,-0.0450686812401,-1.16570031643,-0.430539429188,-2.62938165665
24,7,H,10.13030779,13.20142415,12.914961,1,0.0170386191458,0.0144691430032,2.20443153381,1.08205199242
24,8,O,10.96431436,9.11088843,13.1532857,-2,-0.0398917235434,-3.91040349007,1.42193222046,-3.59719133377
24,9,H,9.5150119,11.73606469,11.26359045,1,0.0125335659832,1.07674241066,0.228814780712,0.295524656773
24,10,H,12.61614843,14.93561097,13.15087183,1,0.00984971411526,1.19274806976,6.07743263245,0.868426859379
24,11,H,13.7942217,12.67068809,12.69499793,1,-0.234812676907,0.0306376777589,-0.60702252388,-0.512135803699
24,12,O,11.91489046,9.73133048,9.42894781,-2,-0.0395551361144,0.0162502769381,1.98304438591,0.137413457036
24,13,O,9.76741625,10.86163023,11.63173492,-2,-0.0183336883783,-5.2265496254,-1.1102398634,-2.20518898964
24,14,H,13.1089411,11.50600769,14.28209314,1,0.00763904675841,0.939789116383,-2.59710144997,-4.37114953995
24,15,O,13.15585216,11.7772874,15.12159253,-2,-0.0316877998412,-0.986120343208,3.39915633202,6.15742588043
24,16,H,10.51832387,12.0175409,13.1373806,1,0.0136544927955,0.266667366028,-1.59348964691,3.11188602448
24,17,H,11.71827615,8.8931645,13.56001141,1,0.00989940203726,4.46389913559,-1.34923303127,2.4802570343
24,18,O,10.23833435,13.38640025,11.99022685,-2,-0.0376831889153,-2.20667648315,-0.551540136337,-1.18217730522
24,19,H,11.47531712,10.37620756,10.08663007,1,0.0105273816735,0.930580615997,-1.10495841503,-1.86039662361
24,20,H,11.21667402,9.46194739,12.25927678,1,0.0106233134866,-0.511559307575,-0.485127389431,1.40408778191
24,21,H,13.43757094,10.73047305,11.99127785,1,-0.0196981430054,-2.44265055656,2.79188108444,0.309736013412
24,22,H,12.34329927,10.25930343,8.68346384,1,0.0099831931293,-1.07675743103,-0.795364916325,1.79167735577
24,23,H,12.41546819,13.10668099,9.75082901,1,0.00632452778518,2.10847520828,0.452312529087,-3.60110545158
24,24,H,12,12,12,1,0.0320093929768,-0.27107796073,-1.82253146172,0.587418735027
24,25,H,12.4403447,12.79030544,11.09043187,1,0.0131791718304,1.02292644978,0.629931151867,0.382620424032
24,26,H,8.78128575,10.44448986,11.38781136,1,0.0145956091583,4.03986215591,0.741827070713,1.23557078838
24,27,H,12.80064815,13.51615478,13.95166614,1,0.0130132231861,-0.367200046778,1.5912604332,-0.089816570282
25,0,O,12.06264434,13.06796415,10.62604865,-2,-0.0371161028743,-0.265196084976,0.786831200123,-2.30161118507
25,1,O,13.15453725,11.66946599,12.47015239,-2,0.20667296648,0.602698802948,-1.33422875404,0.105464436114
25,2,H,13.88374602,11.57659325,15.98217,1,0.0043129157275,5.19879722595,-1.64256095886,3.78751778603
25,3,H,9.90351309,11.19146832,14.28004786,1,0.0137565005571,2.28324556351,2.37212276459,1.0556987524
25,4,O,12.75733083,14.02984296,13.35980417,-2,-0.00758539885283,-0.0947630107403,3.56645774841,0.641155958176
25,5,H,11.07037092,14.07829003,11.85120261,1,0.00896683335304,-1.47145915031,-1.53575730324,1.14704763889
25,6,O,10.60092043,11.99132672,14.35330014,-2,-0.0444053560495,-3.20808768272,-2.79791331291,1.22629165649
25,7,H,10.29203472,13.34637146,13.21828274,1,0.0164534244686,0.418385386467,1.01697659492,-2.94327378273
25,8,O,11.14873881,9.14104795,13.31344213,-2,-0.0409114919603,3.7510638237,-0.913199961185,0.231383621693
25,9,H,9.64118213,11.74951486,11.36141894,1,0.0155735276639,2.04924321175,-2.58051919937,1.61892294884
25,10,H,12.67308436,15.05779952,13.48066517,1,0.00521157309413,0.358912736177,-2.80192732811,-0.526719868183
25,11,H,13.92525622,12.60832345,12.96527657,1,-0.122401684523,0.385917544365,-0.853564083576,-0.622349202633
25,12,O,12.10572028,9.74975913,9.61765717,-2,-0.0454452000558,-1.44703817368,2.36828517914,3.71546387672
25,13,O,10.01167017,10.83939958,11.8144819,-2,-0.0199338942766,-7.206387043,1.20283126831,-2.62081408501
25,14,H,13.34730485,11.71728126,14.370041,1,0.00795289501548,1.12550485134,-0.852735340595,0.901080787182
25,15,O,13.3318485,11.74590765,15.33873839,-2,-0.0407835170627,-6.21309900284,2.35101103783,-4.32916545868
25,16,H,10.70102437,11.97715621,13.42140196,1,0.00952302664518,1.07145190239,-0.428817987442,-1.59100115299
25,17,H,12.06221425,8.84239076,13.72868707,1,0.00966435298324,-2.93335819244,0.808887600899,-0.992093265057
25,18,O,10.43033401,13.36666435,12.17302733,-2,-0.0371951386333,-0.481541007757,1.51855969429,2.34185957909
25,19,H,11.81467493,10.52426424,10.36871666,1,0.0111195072532,1.13987791538,-2.94853806496,-3.50936985016
25,20,H,11.45638773,9.45226429,12.42178606,1,0.00941763818264,-0.759868204594,-0.353052258492,1.11197781563
25,21,H,13.6556487,10.73969844,12.30297825,1,-0.0480853915215,-1.61155450344,2.58966946602,0.219144031405
25,22,H,12.5574183,10.17942189,8.8981677,1,0.00514034368098,0.182342812419,0.630983114243,-0.181395187974
25,23,H,12.72070372,13.28034253,9.97747568,1,-0.00434520840645,0.480963349342,0.31296518445,-1.1787071228
25,24,H,12,12,12,1,0.0810470730066,0.251814067364,-1.8152012825,1.32610273361
25,25,H,12.61975937,12.68978044,11.28218417,1,0.0165748987347,1.5609844923,0.332133710384,0.382483094931
25,26,H,8.9448485,10.37631554,11.75638475,1,0.0185402445495,5.02960205078,1.34728884697,0.472755670547
25,27,H,12.99720271,13.75856913,14.25447079,1,0.00828059390187,-0.198423236609,-0.347025960684,0.512129127979
26,0,O,12.21490177,13.14687928,10.7392148,-2,-0.0328407734632,3.80644226074,1.64910233021,-3.62406802177
26,1,O,13.31534538,11.74911324,12.62928419,-2,0.153064012527,-0.760681092739,6.40291786194,2.0492579937
26,2,H,14.19347454,11.49511838,16.13834965,1,0.00496529228985,-2.36733460426,1.20327222347,-3.57376694679
26,3,H,10.07182744,11.2960257,14.40729223,1,0.0131251122802,1.25496280193,1.75486695766,1.32869935036
26,4,O,12.896131,14.06421939,13.46945254,-2,-0.00761381536722,-0.522419691086,5.71719884872,4.21692895889
26,5,H,11.1662443,14.10854832,12.08180067,1,0.00743171572685,0.466596186161,0.233318433166,-0.843886971474
26,6,O,10.69173747,12.11434718,14.46543972,-2,-0.0497468970716,-2.44239187241,-2.47527146339,1.1441693306
26,7,H,10.39495637,13.62586333,13.27392006,1,0.0136997625232,-0.185314044356,-0.838533520699,-1.78650319576
26,8,O,11.26812065,9.2479468,13.39459717,-2,-0.0384959466755,4.09937667847,-2.61715817451,3.81548190117
26,9,H,9.77795725,11.70713434,11.50492901,1,0.0145128909498,0.830765604973,-0.0971260070801,0.130785375834
26,10,H,12.61505866,15.12129487,13.72563513,1,0.00807135552168,0.893966555595,-3.68053984642,-2.29580330849
26,11,H,13.95742125,12.58692674,13.11691564,1,-0.000247962772846,-1.05591535568,-2.22196149826,-1.66424071789
26,12,O,12.21208946,9.84956078,9.74478569,-2,-0.0405225604773,-0.0497933551669,0.119318522513,0.729940772057
26,13,O,10.15619582,10.8987805,11.91465671,-2,-0.0162970423698,-3.95827150345,-0.565614104271,-0.513089776039
26,14,H,13.54284375,11.93182441,14.41611739,1,0.00924723222852,0.328739523888,-1.31296896935,4.29778957367
26,15,O,13.40936801,11.79621235,15.46747216,-2,-0.0476012267172,2.08435893059,-0.175930291414,0.108774222434
26,16,H,10.86101349,11.97652459,13.55110727,1,0.00891961343586,1.170804739,0.25686866045,-1.63921701908
26,17,H,12.23342301,8.88374565,13.8026673,1,0.0103038772941,-4.21479845047,1.37303650379,-1.31001532078
26,18,O,10.5396173,13.42572573,12.28779672,-2,-0.0274281874299,-1.49329400063,1.27628099918,2.72312307358
26,19,H,12.12626949,10.57733798,10.39049596,1,0.00726560875773,-0.22152672708,-0.2667786479,-0.481803327799
26,20,H,11.57096408,9.51305556,12.55922404,1,0.0101765524596,0.195657193661,0.753879308701,-2.14884495735
26,21,H,13.72163797,10.95036023,12.55272562,1,-0.0232730470598,2.37134695053,-4.26809740067,-0.447970867157
26,22,H,12.71596441,10.21965465,9.02310424,1,0.00408205017447,0.177438288927,0.185625091195,-0.27343827486
26,23,H,12.9720646,13.51364519,10.07288405,1,-0.011540915817,-2.61893320084,-1.1643332243,1.84165883064
26,24,H,12,12,12,1,-0.00792121887207,-0.82600414753,-1.25924694538,0.96171528101
26,25,H,12.79718642,12.69803166,11.38956301,1,0.0131566040218,0.40992423892,1.04371058941,-1.13068437576
26,26,H,9.24745166,10.4250166,12.07625251,1,0.0143065787852,2.73436641693,0.609516739845,-0.206821337342
26,27,H,13.11205616,14.05643791,14.46388554,1,0.0112012587488,-0.108042724431,-1.63539075851,-1.40820538998
27,0,O,12.38254293,13.21789356,10.82621598,-2,-0.0111287161708,2.43730449677,0.853949248791,-1.81595933437
27,1,O,13.4806051,11.83500026,12.77519754,-2,0.0962417349219,-1.70394480228,-1.69999742508,-1.21843922138
27,2,H,10.21932851,11.48047654,14.59420886,1,0.010617043823,-1.25946366787,-1.35705208778,0.972587525845
27,3,H,9.1875402,9.81752676,10.0954089,1,0.014819258824,-1.18402564526,-0.209204956889,-0.456131994724
27,4,O,13.02787244,14.10355093,13.5702544,-2,-0.0126260221004,-0.502351343632,3.91219377518,4.14497947693
27,5,H,10.61384639,8.15147487,11.92099412,1,0.0135409068316,-1.20393002033,-0.786815583706,0.351864844561
27,6,H,11.31030142,14.13055381,12.26857796,1,0.0125018917024,1.84734296799,0.6202480793,-2.2629365921
27,7,O,10.78718872,12.22069987,14.55998714,-2,-0.0607190169394,1.60812997818,-0.0154183898121,-2.41106772423
27,8,H,10.4961408,13.8598368,13.22009889,1,0.0132337827235,-1.95732712746,-0.391628801823,3.07746100426
27,9,O,11.41413136,9.34536712,13.4645543,-2,-0.0375920087099,0.781198263168,-0.774054825306,0.48329642415
27,10,H,9.9417072,11.69479811,11.66899744,1,0.0235750619322,-2.17871141434,4.56877279282,-1.46401393414
27,11,H,12.56224014,14.97128774,13.83624923,1,0.0158833637834,-0.0741916149855,-0.857856571674,-2.52621674538
27,12,H,13.97510793,12.5049536,13.16957455,1,0.00344559177756,1.64415180683,1.5901799202,1.4403771162
27,13,O,9.26000767,10.68057242,9.69453646,-2,-0.0611179620028,0.442405641079,0.0125493463129,0.0970818996429
27,14,O,12.3252995,9.94028962,9.85520601,-2,-0.037124492228,1.4382673502,-2.79979085922,-5.1422867775
27,15,O,10.30209317,10.95246322,11.9960693,-2,-0.00651320070028,4.4827041626,-1.26725172997,0.587146699429
27,16,H,11.08617068,11.99077602,13.58568593,1,0.0095622651279,-0.294791549444,1.042786479,2.59100174904
27,17,O,10.50188339,8.5736277,11.07727966,-2,-0.0281495004892,0.0160017982125,0.309288680553,-1.79866075516
27,18,H,12.23191871,8.97854708,13.8144033,1,0.00704806856811,-0.117422714829,-0.164506226778,0.488809227943
27,19,O,10.65255596,13.4811847,12.39191891,-2,-0.0195632278919,-1.11048638821,0.429119855165,-1.08619451523
27,20,H,12.44690197,10.63180943,10.39245301,1,0.00855062715709,0.10906843096,4.27608680725,3.9858250618
27,21,H,11.69272474,9.61564729,12.58706187,1,0.0147536210716,-0.311576843262,0.44739612937,-0.442952781916
27,22,H,10.06280889,10.82592439,10.23426757,1,0.0133459437639,0.0785994231701,0.63144248724,-1.05858063698
27,23,H,13.90010612,10.98723107,12.76487809,1,0.00396391376853,0.756646096706,-0.642759919167,0.158215582371
27,24,H,12.90574287,10.29276476,9.10631226,1,0.00969112291932,-1.22472405434,-1.14444792271,0.966519117355
27,25,H,13.0886342,13.64966379,10.27395693,1,-0.00118809938431,-1.19936168194,-0.0899721831083,-0.165107876062
27,26,H,12,12,12,1,-0.0573576390743,-0.254868447781,-0.387768208981,0.311114162207
27,27,H,13.00753726,12.76458997,11.41282442,1,0.00971500203013,-0.275810599327,-0.178737878799,0.205145403743
27,28,H,9.71379832,8.49083892,10.49679771,1,0.0194656588137,0.99702423811,-1.3793836832,1.58182752132
27,29,H,9.64643196,10.46125897,12.3735431,1,0.0193680711091,-2.67578601837,-2.25450015068,1.52485001087
27,30,H,13.25222018,14.25264988,14.55256101,1,0.0137570071965,0.889922320843,-2.29294085503,-1.11952447891
28,0,O,12.528832,13.22188447,10.90499173,-2,0.00598604977131,-1.67277979851,-2.34823894501,1.57613217831
28,1,O,13.61072181,11.84754005,12.90675149,-2,0.0191743597388,0.565722763538,-6.25388097763,-1.16408848763
28,2,H,10.22720218,11.55772314,14.82537394,1,0.0111023914069,0.513616383076,0.276966571808,-0.0734824985266
28,3,H,9.29860735,9.78285772,10.24074805,1,0.0140346512198,-0.824900925159,2.1349542141,-1.74238598347
28,4,O,13.12512836,14.08662878,13.67260576,-2,-0.0140194967389,1.0941798687,0.579368531704,0.827560722828
28,5,H,11.5234472,14.10434386,12.3518813,1,0.014831982553,-1.21210360527,-1.93719410896,-1.42269444466
28,6,O,10.86931123,12.26171987,14.63635081,-2,-0.0556810125709,0.181181073189,-0.750252723694,-0.120996691287
28,7,H,10.49418983,13.99021926,13.28308771,1,0.0139575023204,-1.18085920811,-1.45628619194,0.035507325083
28,8,O,11.54498923,9.38647008,13.52321306,-2,-0.0391031242907,-2.61579060555,1.96214497089,-3.05184316635
28,9,H,9.98051259,11.81626656,11.78104412,1,0.0252901315689,0.557594358921,-2.29622340202,1.25425076485
28,10,H,12.45474889,14.72004639,13.81469089,1,0.0152399539948,-1.9697817564,1.24334955215,-0.842404067516
28,11,H,14.11455594,12.52166065,13.27507797,1,0.0071635209024,1.6888229847,1.70168876648,1.37898731232
28,12,O,9.40050424,10.71336794,9.79112099,-2,-0.0573007240891,0.871231973171,-3.20256590843,1.82823359966
28,13,O,12.42105884,9.96156224,9.94472455,-2,-0.0373741872609,2.80663084984,3.84120988846,1.06674218178
28,14,O,10.44018803,10.94065573,12.07104406,-2,0.00832866877317,-1.57226729393,0.890914857388,0.565718889236
28,15,H,11.27352023,12.00807405,13.75827431,1,0.00793818384409,-0.667398512363,0.200717702508,1.43935954571
28,16,H,12.25763801,8.9718027,13.87414332,1,0.00703211128712,3.27943611145,-2.04425144196,1.58893537521
28,17,O,10.74318342,13.47510859,12.48522937,-2,-0.0188859254122,1.07031536102,4.14936876297,0.719773173332
28,18,H,12.73701739,10.78687166,10.55102269,1,0.00986247137189,-1.75228512287,-2.69927287102,-1.17566668987
28,19,H,11.77355697,9.68026582,12.58419246,1,0.0130793638527,-0.283161431551,-0.598642468452,1.90286564827
28,20,H,10.25830362,10.75442841,10.29468813,1,0.0112991221249,-0.509606599808,0.871251225471,-1.33557081223
28,21,H,14.11694932,10.90613922,12.96001299,1,0.00557783991098,-1.61518466473,3.69728207588,-0.0693656429648
28,22,H,13.03512687,10.28037463,9.22547042,1,0.00808679312468,-1.11283349991,-1.14127826691,0.226817697287
28,23,H,13.14034366,13.69835578,10.47151831,1,0.00241536833346,2.88876748085,3.82738733292,-3.94714188576
28,24,H,12,12,12,1,-0.0232700258493,-0.479856222868,-0.650537550449,0.0945397242904
28,25,H,13.21695672,12.79302942,11.42112009,1,0.0124465711415,-0.230158165097,-0.996239244938,1.12334430218
28,26,H,9.91042259,10.34595227,12.70951192,1,0.0216751694679,0.866781890392,1.8343089819,-1.44317388535
28,27,H,13.44092951,14.27752808,14.55543541,1,0.0111123248935,1.31472527981,-0.83605414629,0.759934782982
29,0,O,12.66748149,13.15425437,10.98269452,-2,0.0233024954796,4.13891220093,1.09554696083,-0.950138807297
29,1,O,13.73807408,11.77448783,13.02233806,-2,-0.0139774978161,4.08990383148,1.93806636333,1.84032285213
29,2,H,10.22183991,11.58702969,15.02691744,1,0.0103697646409,2.72082448006,1.55774271488,-1.50749182701
29,3,H,9.37441952,9.82904259,10.33758276,1,0.0190476421267,-0.482147186995,0.291911840439,0.411742091179
29,4,O,13.21559583,14.00696805,13.76547069,-2,-0.0177559778094,-2.05914354324,2.06970882416,-0.175898611546
29,5,H,11.69100492,13.91146905,12.36562201,1,0.0145928673446,-1.59411668777,-1.05634939671,-0.80198007822
29,6,O,7.60783292,9.55501785,8.73000279,-2,-0.0701399967074,2.88303542137,0.0641946420074,1.67364013195
29,7,O,10.95673716,12.23999855,14.70294114,-2,-0.0488826334476,-4.05133104324,-0.0853940024972,5.30599069595
29,8,H,10.45076839,13.96691248,13.34813365,1,0.0112059041858,0.525270819664,-1.85555386543,-1.7628967762
29,9,H,8.56225646,9.69689747,9.18489434,1,0.0131014510989,-2.92642974854,-1.1266887188,-2.93968772888
29,10,O,11.67666848,9.38030504,13.56110487,-2,-0.0370410829782,2.50655221939,-2.70347929001,3.06322860718
29,11,H,10.02550697,11.78335821,11.95583466,1,0.0212366096675,1.68102502823,-3.36868953705,1.20484673977
29,12,H,12.28300071,14.47775624,13.74701525,1,0.0145173929632,3.26953268051,-1.30134129524,1.04847502708
29,13,H,7.34757592,10.39051616,9.10942076,1,0.0128036439419,-1.18393194675,0.636182665825,-0.215291514993
29,14,H,14.38972663,12.6251732,13.43519079,1,0.00630647316575,-3.00807976723,-3.89961886406,-1.79531121254
29,15,O,9.54944392,10.672754,9.88204322,-2,-0.0331812947989,1.58015072346,-0.75254958868,1.04279828072
29,16,O,12.52739377,9.93510986,10.02801575,-2,-0.036118991673,1.83524501324,3.49470734596,3.15570044518
29,17,O,10.5795961,10.87516814,12.13869606,-2,0.0290747508407,-3.12385702133,1.14598822594,1.76190328598
29,18,H,11.45001644,11.98061083,13.9846257,1,0.00743810273707,1.30383014679,-1.76115727425,-2.55988883972
29,19,H,12.46215645,8.8156874,14.00757846,1,0.00792594999075,-2.79517674446,2.06286334991,-2.16410946846
29,20,O,10.84165363,13.42090309,12.56926709,-2,-0.0186151564121,-0.232149258256,3.90298128128,1.47480630875
29,21,H,12.93888108,10.75077482,10.64255561,1,0.00979587063193,-2.33723425865,-2.97240257263,-1.33390641212
29,22,H,11.83826261,9.66034783,12.66138581,1,0.0106250196695,1.03272044659,-0.224601075053,-0.370624035597
29,23,H,10.44847165,10.67445772,10.30214601,1,0.0149006340653,-0.250965029001,0.789251863956,-1.07012200356
29,24,H,14.26656989,10.94862212,13.12683048,1,-0.00597866624594,-0.395162969828,0.828191757202,-0.0880103632808
29,25,H,13.14254466,10.1762755,9.35008002,1,0.00574893131852,0.338054925203,-0.526448607445,-1.68837320805
29,26,H,13.30926891,13.80489636,10.50775949,1,-0.00392849370837,-1.99520504475,-0.654437959194,0.148963436484
29,27,H,12,12,12,1,0.0151875317097,-0.30011510849,-0.638829052448,-0.310671955347
29,28,H,13.4487456,12.74677991,11.45644415,1,0.0109459199011,-1.46800792217,-0.215328469872,0.149507015944
29,29,H,10.19843172,10.2587297,12.94655155,1,0.0224193893373,1.00404191017,2.75237298012,-2.79748296738
29,30,H,13.70968229,14.21136797,14.56603189,1,0.00507346913218,-0.705995202065,0.513170063496,0.249979689717
30,0,H,11.52715236,8.04767631,10.94459617,1,0.0147113353014,-2.34402298927,-1.92385160923,1.65032839775
30,1,O,12.93546969,8.31714576,10.67535625,-2,-0.00416862219572,-0.787184298038,1.39988672733,-1.88623332977
30,2,H,14.30367382,10.93317457,13.99123959,1,0.0195253416896,-1.27112567425,-0.0541687980294,-2.96733832359
30,3,H,13.54032741,13.01359687,10.59225418,1,0.0145892091095,-8.99302577972,2.32748007774,-10.7274141312
30,4,O,11.89689052,8.93055592,13.30529117,-2,-0.0371454656124,0.20875556767,0.835540115833,-1.38469934464
30,5,H,13.19655303,12.77551512,13.57218416,1,0.0159216299653,-0.26531201601,0.882809758186,-1.09804332256
30,6,H,13.73786468,11.04400091,12.41088573,1,0.011841153726,-1.553201437,2.71453976631,-1.77392721176
30,7,H,10.4104663,13.07582345,13.15867034,1,0.0188577361405,0.491811215878,-0.0540694259107,0.462786644697
30,8,H,10.22993541,9.55448554,16.02262171,1,0.0177907161415,0.322551399469,-0.874782919884,1.42365050316
30,9,H,11.56547427,13.58235993,8.47129607,1,0.0196832474321,1.46086633205,-2.57696080208,1.67997717857
30,10,H,10.32013438,7.19984348,10.74122597,1,0.0135194472969,-0.574516117573,-0.35680475831,0.224900990725
30,11,H,10.48247495,13.08001555,10.48458808,1,0.0168089196086,-1.10982561111,0.383199453354,-0.372120678425
30,12,H,12.28303925,12.17731512,9.44276157,1,0.0203714072704,-0.122990958393,1.73642206192,-1.32743108273
30,13,O,10.05193829,9.51620967,16.9912335,-2,-0.0560957379639,1.31771922112,4.62165498734,-2.13035368919
30,14,H,11.90707159,9.26658952,12.37337631,1,0.0208280310035,-1.16091525555,0.466602653265,1.90637683868
30,15,H,12.59907446,8.29739107,13.21522148,1,0.0194986313581,0.468368113041,-0.745273053646,0.907180666924
30,16,H,9.80841609,8.89888302,17.58634455,1,0.014620648697,-1.020794034,-3.72300934792,1.68256735802
30,17,H,12,12,12,1,0.0185506790876,1.17671656609,2.94933772087,2.89773726463
30,18,H,10.46441203,10.23423705,13.74984694,1,0.0195170156658,-0.849970698357,-1.47126793861,0.68171787262
30,19,O,14.15883093,10.571923,13.05242072,-2,-0.0573547817767,3.47525405884,-3.95495820045,3.62646865845
30,20,H,11.25532106,11.77412731,10.76028986,1,0.0204725731164,0.406512439251,-1.83089160919,1.66089260578
30,21,O,11.6772038,12.60934801,8.78411717,-2,-0.028477024287,-1.1286085844,0.667640566826,-0.46558842063
30,22,H,11.11393431,12.23562082,14.25341156,1,0.0243396479636,0.657407045364,2.32039833069,-1.31549417973
30,23,O,10.76114929,7.58622839,11.50557571,-2,-0.0733483731747,0.833536922932,0.884669244289,-2.34172677994
30,24,O,11.27033742,13.05184251,13.62847444,-2,-0.0357453897595,-1.46733474731,-2.30593538284,1.68080174923
30,25,H,15.11067371,13.03342186,11.00906487,1,0.0214893724769,-2.84339332581,-0.106981165707,-0.63516330719
30,26,O,9.94188191,10.26341085,14.57703926,-2,-0.0288848653436,-0.757996439934,0.565221190453,0.539857983589
30,27,O,13.60139003,12.53707701,14.38086303,-2,-0.0309762433171,0.58956515789,-0.177157327533,2.77029085159
30,28,O,14.11718086,12.91201222,11.14068329,-2,-0.0277075767517,11.914981842,-1.98520541191,11.36860466
30,29,H,11.13114159,13.72453514,11.64182878,1,0.0204769596457,-2.11457061768,-0.204796850681,-0.0855763107538
30,30,O,10.2178497,13.37112601,11.37219807,-2,-0.0331640206277,2.10660052299,1.63386416435,-0.733635425568
30,31,H,14.42955825,12.98458787,14.52747879,1,0.0172225479037,0.147136926651,0.523813307285,-0.338356018066
30,32,H,12.91316778,8.7420061,11.50845016,1,0.027188193053,0.975515246391,0.892851769924,1.08667898178
30,33,H,13.72783823,7.85664899,10.65475086,1,0.0192796234041,2.32436394691,-1.51671731472,-0.211164176464
30,34,O,11.69692259,11.29966924,11.52444953,-2,-0.0369055345654,-1.35811126232,-2.95576095581,-4.34792757034
30,35,H,9.33696347,9.52080075,14.85974994,1,0.0228695664555,0.845223248005,1.01266491413,-2.10862469673
31,0,H,11.27792832,8.1963676,10.46828598,1,0.0228752419353,-1.22084605694,-1.54060101509,1.31848311424
31,1,O,12.73186671,8.36562321,10.25567494,-2,-0.285612463951,1.93036937714,1.04763138294,0.722148954868
31,2,H,14.01355896,10.88840025,13.48881126,1,0.0165954940021,-0.709999024868,1.89663648605,2.68615984917
31,3,H,13.26424603,13.36685958,9.94380768,1,0.0182543601841,3.37980604172,-1.2823895216,2.79319214821
31,4,O,11.69794936,9.02608585,12.92585182,-2,-0.05027975142,3.85334062576,-0.947562754154,-4.41409349442
31,5,H,13.9632349,6.00649057,10.45234156,1,0.03218979761,1.51164293289,2.97760415077,-0.578823745251
31,6,H,12.95517212,12.92314157,13.24902753,1,0.016644179821,-0.175209537148,0.336405426264,-0.0555098690093
31,7,H,13.42302151,11.04324322,11.95398143,1,0.0147955287248,0.25887671113,0.54991799593,0.665394961834
31,8,H,10.10405107,13.13171294,12.78299278,1,0.0231973081827,2.68505764008,0.70244884491,0.609275639057
31,9,H,11.36904585,13.51604986,8.05712075,1,0.0176750551909,0.622254252434,2.81293702126,-0.0118821058422
31,10,H,9.99199234,7.15153762,10.30551016,1,0.0252917781472,1.6855070591,2.32588386536,3.27508831024
31,11,H,10.34681919,13.25200094,9.96840628,1,0.0159336682409,-1.82216513157,0.654431402683,2.37919282913
31,12,H,11.96322947,12.21969922,9.07715185,1,0.0199336204678,0.679378986359,1.00518381596,0.00838391762227
31,13,H,11.8626867,9.35987027,11.90562142,1,0.0277511179447,-2.18668150902,0.280365079641,4.44550085068
31,14,H,12.53063236,8.40031622,12.80259201,1,0.0193393863738,-2.47541475296,1.50184762478,1.64720129967
31,15,H,15.37704077,6.79282213,10.88642335,1,0.0246106702834,-1.92894911766,0.4541015625,-1.46502256393
31,16,H,12,12,12,1,0.0448898226023,-3.64707660675,-1.84779453278,-4.73633050919
31,17,H,10.31069415,10.36182223,13.38920547,1,0.0168183632195,-2.55167412758,-1.85460627079,2.67859816551
31,18,O,13.92899458,10.60151313,12.63818319,-2,-0.0540381148458,1.31908404827,-3.43647098541,-4.37018156052
31,19,O,11.87451775,5.64546058,9.93638669,-2,-0.103008545935,0.575763523579,1.49721026421,0.23995834589
31,20,H,14.88684019,12.3708275,15.08666993,1,0.0181176103652,1.08271956444,-1.85478389263,-0.707051157951
31,21,O,14.57220669,6.89289991,10.26191019,-2,0.231328368187,1.39307129383,-4.67180347443,2.0264673233
31,22,H,10.95918087,11.67695485,10.46760907,1,0.0172779820859,-2.9734172821,2.40702819824,-1.88966846466
31,23,O,15.03850254,12.92942157,15.81647282,-2,-0.0466970801353,-2.56548953056,1.30097198486,1.79577898979
31,24,O,11.49558297,12.66802301,8.36755941,-2,-0.0301482900977,-1.05867528915,-3.94831442833,0.0493744648993
31,25,H,10.88083372,12.36198214,13.67003457,1,0.0228521879762,0.546609938145,-1.28657793999,1.73165643215
31,26,O,10.5946397,7.64668313,11.10420237,-2,-0.0495705604553,-2.1947684288,-1.93849563599,-5.48359632492
31,27,O,11.07079485,13.15619814,13.19812429,-2,-0.0245668143034,-3.46595716476,0.368910193443,-1.35671174526
31,28,H,14.80182839,13.1624644,10.68812828,1,0.0171507820487,1.31770682335,0.844096541405,-0.772476792336
31,29,O,9.6986865,10.31889246,14.24475972,-2,-0.0488150790334,0.359585821629,0.492073386908,-0.978924751282
31,30,O,13.38209566,12.60588592,14.04432997,-2,-0.0282512754202,-2.29291319847,-0.697084724903,0.0557495690882
31,31,H,11.36291477,6.51087171,10.5291191,1,0.0268852747977,2.23724865913,-2.10144209862,-1.64232194424
31,32,O,13.89554169,12.93686351,10.70977784,-2,-0.0289461240172,-4.58960723877,0.671320080757,-1.94115042686
31,33,H,10.8636952,13.7707568,11.31697528,1,0.0171923246235,-2.35392522812,-0.574647307396,-0.713961303234
31,34,O,9.96814679,13.44887123,10.92871312,-2,-0.040923550725,3.35320258141,1.08166694641,-2.75183296204
31,35,H,14.18877739,13.04522514,14.07372847,1,0.0212635211647,1.90325939655,1.86291742325,-0.442714363337
31,36,H,12.68085555,8.79459865,11.14351012,1,0.0254559181631,1.32624399662,-0.633074462414,-1.81411874294
31,37,H,13.75374095,7.79611246,10.29887965,1,0.0371663123369,-2.58191037178,1.43827223778,-0.0370132103562
31,38,O,11.51065735,11.37024656,11.09885465,-2,-0.0540369302034,6.21344423294,-1.6614112854,6.59549951553
31,39,H,14.02457813,13.05943175,15.95803656,1,0.019762231037,2.6349170208,0.132810398936,0.43980038166
31,40,H,9.06327967,9.55561781,14.45475055,1,0.0183226503432,2.07959270477,1.45468294621,-1.6636286974
31,41,H,12.52504947,5.87466369,9.18959357,1,0.0153240654618,-2.15394496918,0.17956879735,1.66417062283
32,0,O,12.68841857,8.49061219,10.0234398,-2,-0.747847557068,0.00545034557581,-1.90532803535,-0.297841012478
32,1,H,13.85981501,10.98044109,13.30588639,1,0.0201018434018,-0.757885932922,0.614005625248,-0.180137708783
32,2,H,13.23971961,13.75238512,9.52371778,1,0.037407040596,3.02160716057,-3.35944318771,4.47976350784
32,3,O,11.66742042,9.19629505,12.71768944,-2,-0.0483753010631,2.39075732231,-2.38070964813,0.775720059872
32,4,H,13.87032005,6.12279757,10.26477207,1,0.0421522744,2.25868821144,4.33606386185,-1.22173559666
32,5,H,12.85860387,13.15586413,13.1054275,1,0.0163070429116,0.185541331768,-0.497119963169,1.14930963516
32,6,H,13.25132759,11.17651596,11.72729848,1,0.0222700089216,1.67428803444,-0.794296503067,2.04175901413
32,7,H,10.06855155,13.31194744,12.61541806,1,0.022985778749,1.28765511513,1.0037586689,0.031027674675
32,8,H,10.28995269,13.53246747,9.74054635,1,0.0184350144118,-1.18088269234,0.28890645504,1.47183036804
32,9,H,11.8563983,9.54242788,11.8614626,1,0.018623046577,-1.1457170248,1.33842372894,-1.22968232632
32,10,H,12.52737692,8.62924645,12.68224689,1,0.018636783585,-2.27413415909,1.08188712597,1.13270044327
32,11,H,15.43498568,6.85941803,10.65266493,1,0.0433846339583,-4.0879650116,1.44035971165,-2.72924160957
32,12,H,12,12,12,1,0.0955584719777,-3.76189351082,-0.933100938797,-5.32152986526
32,13,H,10.20369407,10.47530437,13.34785494,1,0.014347160235,0.0406885147095,-1.51072585583,-0.803117632866
32,14,O,13.86103027,10.69660994,12.39323979,-2,-0.0464516952634,-0.331553757191,-0.0646301284432,-1.58149194717
32,15,H,14.5626081,10.29459122,11.00289523,1,0.0117465481162,-0.0215657576919,-0.344747662544,-2.74919176102
32,16,H,14.76245214,12.52465826,14.81884994,1,0.0180309452116,0.758749425411,-0.958466529846,0.721743762493
32,17,O,14.47976451,7.05808797,10.01667111,-2,0.634828388691,5.34038639069,-9.69471931458,3.12967586517
32,18,H,10.7131448,11.75772564,10.29617036,1,0.0154262427241,1.34959149361,0.349805802107,2.52157711983
32,19,O,14.9647103,13.0498398,15.58803983,-2,-0.0508731752634,-2.00694155693,1.26667356491,1.38090062141
32,20,H,10.85610189,12.49628063,13.33066108,1,0.0239970497787,0.632013857365,-1.80405652523,1.88886833191
32,21,O,11.01922623,13.33582496,12.94854552,-2,-0.0171246081591,-2.51842093468,0.740027606487,-0.550415456295
32,22,H,14.72755744,13.41959334,10.49975397,1,0.0162526108325,-0.768554151058,-0.25259745121,-0.347744703293
32,23,O,9.62388751,10.45000394,14.09495652,-2,-0.043933968991,-0.79970484972,1.47673869133,1.76520431042
32,24,O,13.31408456,12.74916814,13.89308533,-2,-0.027387432754,0.977917194366,2.4726831913,-2.44893407822
32,25,O,13.82212434,13.03590331,10.46254241,-2,-0.0322310850024,-2.20243287086,3.88906884193,-3.94415569305
32,26,H,10.64960054,13.85532137,11.14519354,1,0.0143920332193,1.33081281185,0.421458542347,0.710370182991
32,27,O,9.8892458,13.60056024,10.66054625,-2,-0.0381364747882,-0.62082695961,0.147437393665,-3.30226302147
32,28,H,14.20322122,13.24148222,13.76635153,1,0.0246861744672,-2.13446831703,-0.742388963699,0.0951811820269
32,29,H,12.66195087,8.87844189,10.88603523,1,0.0120251327753,0.183593899012,0.075237005949,-0.0340635441244
32,30,O,14.43817551,10.15686786,9.98893666,-2,-0.085815012455,-3.28611707687,2.83819961548,1.08377814293
32,31,H,13.8550242,7.83909239,10.11894803,1,0.0205760747194,-4.58838510513,4.56255722046,0.269266158342
32,32,O,11.50043109,11.50975655,10.8732706,-2,-0.0858075916767,2.26517724991,-0.212514549494,2.68363904953
32,33,H,13.31575134,10.53219601,9.8473731,1,0.0228113085032,5.30537605286,-2.14682841301,0.503991007805
32,34,H,13.99739405,13.35895742,15.78388823,1,0.0201090164483,2.78104257584,-0.746434092522,-0.178941994905
32,35,H,8.95595627,9.75845466,14.16228081,1,0.0188932828605,0.698129415512,0.00491980649531,-0.915802776814
33,0,O,14.72554211,15.27769477,12.19387698,-2,-0.0449206456542,-0.0112515930086,0.981347739697,1.3475227356
33,1,H,13.84485742,11.13689655,13.34867241,1,0.0246912296861,0.0556433722377,-0.616858422756,-3.34231543541
33,2,H,13.47968235,14.07942035,9.45194434,1,0.0557046979666,1.55989277363,-4.04954147339,4.22009944916
33,3,O,11.79498042,9.41448569,12.72022395,-2,-0.0399235412478,-2.01544427872,-1.781691432,3.14509820938
33,4,H,12.91214486,13.40564398,13.22037673,1,0.0155097581446,-0.579650819302,-0.436266005039,0.54982483387
33,5,H,13.31205316,11.33648183,11.83256954,1,0.0184602998197,0.00228818506002,0.526639223099,-0.207828208804
33,6,H,10.22140025,13.60263537,12.6472877,1,0.021685179323,-2.48410344124,0.697179734707,-0.415991604328
33,7,H,10.35582062,13.86539557,9.76007665,1,0.0162647608668,0.936454951763,0.369000852108,-2.40945649147
33,8,H,11.93215566,9.88828896,11.9673188,1,0.0139647200704,0.531684577465,1.8505398035,-3.57680463791
33,9,H,12.59534978,8.936847,12.85564644,1,0.020607387647,0.890065431595,-0.478397011757,0.232476085424
33,10,H,12,12,12,1,0.0512051507831,-3.2359149456,-0.584011435509,-5.75707006454
33,11,H,10.27270753,10.5743169,13.45205458,1,0.012766007334,2.04322886467,-1.26072752476,-2.64814162254
33,12,O,13.94215676,10.84566264,12.34224545,-2,-0.0391089320183,0.762660086155,0.269996345043,4.45715427399
33,13,H,14.60417329,10.4957998,10.98593454,1,0.0131899379194,0.872938394547,-0.603816151619,-1.6794462204
33,14,H,14.85997386,12.65813701,14.79252419,1,0.0181817598641,0.206522166729,0.440056234598,1.98764407635
33,15,H,10.68019595,11.9098489,10.42880833,1,0.0194196011871,3.19430446625,-0.15047429502,2.95981955528
33,16,O,15.03487871,13.22583077,15.56829033,-2,-0.051356986165,3.00056862831,-1.04709792137,0.0529426448047
33,17,H,11.0273538,12.59490513,13.2817184,1,0.0271542724222,0.483388632536,2.88551259041,-0.274186879396
33,18,O,11.11198625,13.57116234,12.90250441,-2,-0.0195456966758,1.03295814991,-3.41945576668,2.36200165749
33,19,H,14.8093773,13.70761847,10.46364345,1,0.0213745255023,-1.94924676418,-2.21921253204,-0.566091239452
33,20,O,9.7058231,10.63924657,14.15659622,-2,-0.0401832647622,-2.21597552299,1.25982892513,3.05102467537
33,21,O,13.40017098,12.9554506,13.93976868,-2,-0.029928766191,1.32809889317,2.24115276337,-2.9359588623
33,22,O,13.89483481,13.19730061,10.4130476,-2,-0.0350440144539,0.853412926197,6.24343824387,-4.14381694794
33,23,H,10.65265651,14.00075799,11.20763226,1,0.0138439759612,0.923893034458,0.163554176688,-0.0496078804135
33,24,H,14.39789366,14.56374928,11.62384145,1,0.0105000734329,-1.22637367249,0.638594985008,0.908084928989
33,25,O,9.96200399,13.80272344,10.58811389,-2,-0.0410530678928,-2.04848718643,-0.094315841794,1.22206401825
33,26,H,14.08450263,15.72102664,12.82851981,1,0.0187279153615,0.812506437302,-1.33228862286,-1.70094609261
33,27,H,14.28449563,13.42550048,13.65464955,1,0.0258385222405,-2.00389909744,-1.02339303493,0.873205661774
33,28,O,14.54034081,10.37801309,9.99249212,-2,-0.0805475115776,-5.24221420288,1.90964269638,0.887923300266
33,29,O,11.64923247,11.70108362,10.85851898,-2,-0.0491006188095,-0.241067066789,0.306131243706,2.49256873131
33,30,H,13.43147512,10.78753354,9.99553838,1,0.0155431814492,4.98987674713,-1.87905812263,-0.741768538952
33,31,H,14.25889602,13.67281498,15.83305393,1,0.0178763642907,-1.39579808712,0.289190113544,0.0161118824035
33,32,H,8.96953002,10.03400504,14.05703817,1,0.0182037148625,0.168989315629,-0.095238097012,-0.316157460213
34,0,H,14.00106868,11.24945537,13.48325454,1,0.0207513254136,0.599613189697,-0.200641185045,-0.210213035345
34,1,H,13.89784004,14.3167583,9.73683415,1,0.0362573638558,-0.00982082262635,-4.40254688263,3.53079390526
34,2,O,12.05306589,9.65864818,12.97868802,-2,-0.041484169662,-1.27758479118,1.90299284458,-1.92318606377
34,3,H,13.05499362,13.65370337,13.60189582,1,0.0136594809592,-0.99641084671,0.291466921568,0.201076894999
34,4,H,13.50732222,11.56667598,12.17930677,1,0.0205423757434,-0.698181152344,1.44094848633,-1.35004162788
34,5,H,9.64667394,9.9558207,12.77306363,1,0.0175574030727,0.413531541824,-0.776599526405,2.35544514656
34,6,H,10.38735835,13.95066292,12.90546185,1,0.0231704358011,0.616112291813,-0.122521243989,0.968200445175
34,7,H,11.88374061,14.1630134,8.18052342,1,0.0153184663504,-0.187581300735,-1.76199650764,-0.555847585201
34,8,H,10.62919403,14.20886647,9.9158507,1,0.0155550483614,-0.604692280293,-0.208856716752,0.699906766415
34,9,H,12.15405522,13.22507726,9.34403389,1,0.0161862447858,-0.701511859894,-1.19579148293,-3.06755042076
34,10,H,12.14324586,10.35485482,12.164578,1,0.0222485512495,0.444179981947,-3.66909050941,2.53413057327
34,11,H,12.86066472,9.22586707,13.30839117,1,0.0200902801007,-0.223008975387,0.91634529829,-0.962674379349
34,12,H,8.52491954,9.65675929,11.78805767,1,0.0167433861643,-1.05678987503,-0.428043603897,0.02851277031
34,13,H,12,12,12,1,0.021292924881,-0.00479443185031,1.03480386734,2.7346072197
34,14,O,9.39902378,9.98136995,11.89865626,-2,-0.038423910737,0.272344827652,0.694350779057,-3.61167478561
34,15,H,10.57829582,10.66024283,13.67124893,1,0.0176892355084,-1.12271714211,0.242125943303,2.99538087845
34,16,O,14.16133407,11.02492141,12.54518211,-2,-0.0314133688807,1.31627166271,-0.401481389999,2.99094820023
34,17,H,14.83805062,10.7061874,11.14750635,1,0.0147196426988,2.56901144981,-0.640690922737,3.29184317589
34,18,H,10.95928244,12.06502612,10.95063706,1,0.0226008500904,0.907353818417,-0.224796265364,-0.216952994466
34,19,O,11.84715974,13.16742476,8.33060305,-2,-0.0396743118763,1.07491743565,2.88076639175,3.51157712936
34,20,H,11.36241595,12.8459223,13.46460593,1,0.0242036487907,-0.414179235697,2.90485572815,-0.472975581884
34,21,O,11.34491895,13.824005,13.10570549,-2,-0.0173768699169,-1.27715110779,-2.66739678383,1.09360706806
34,22,H,14.94514982,13.91057092,10.62482449,1,0.0153857115656,0.552116155624,-1.1614215374,0.980359911919
34,23,O,9.92577969,10.85976313,14.46778221,-2,-0.0460254475474,-0.184801116586,-1.37546038628,-2.6555993557
34,24,O,13.62793445,13.19860957,14.22044379,-2,-0.0393719039857,-0.282518357038,-0.0227438807487,-0.0529847219586
34,25,O,14.11014495,13.40105884,10.60070501,-2,-0.026397921145,-0.314193993807,5.97271585464,-4.41356801987
34,26,H,10.85090652,14.18045221,11.5001309,1,0.0144403092563,-0.861176609993,-0.237854287028,-2.37643671036
34,27,O,10.16795266,14.02862724,10.76187779,-2,-0.0482090748847,1.27902269363,0.61379390955,0.679225742817
34,28,H,14.41231864,13.53985498,13.82021818,1,0.0169663801789,1.75862777233,-0.0641072317958,0.124710515141
34,29,O,14.76518044,10.63794775,10.24111799,-2,-0.0693495124578,4.30472993851,-2.13091945648,-3.40924143791
34,30,O,11.9337519,11.92043482,11.09262846,-2,-0.0197822153568,-1.56306886673,-0.88620865345,-2.89270997047
34,31,H,13.95096844,10.95231422,10.34983965,1,0.0135992001742,-6.12172031403,2.19303703308,-1.59209406376
34,32,H,9.09222003,10.32755053,14.21562498,1,0.0185304395854,1.7940479517,1.49096548557,1.04335939884
35,0,H,10.06650009,15.64327363,9.72145298,1,0.026622209698,-1.23161327839,-2.73826408386,-0.299245774746
35,1,H,13.68435584,16.528177,8.43384422,1,0.0130010247231,3.4009437561,-1.7017070055,-0.738637268543
35,2,H,14.24626274,11.26868076,13.44696225,1,0.0203907061368,0.230314046144,0.0129207335413,3.2079668045
35,3,O,12.33345172,9.88089391,13.02941963,-2,-0.0325613319874,0.177546948195,0.0551722049713,0.707185506821
35,4,H,13.15525348,13.86295366,13.78452066,1,0.016255106777,1.17509579659,0.0489497147501,1.01822710037
35,5,O,10.09505649,16.55120969,9.82413877,-2,0.0859482213855,-1.64669179916,3.98444509506,5.50479602814
35,6,H,13.70603858,11.83686546,12.24853935,1,0.0215249657631,2.19886183739,-1.11505007744,-0.0402284264565
35,7,H,9.96064791,10.23349273,12.87281015,1,0.0194240473211,-1.85044586658,-0.866061508656,-2.65846514702
35,8,H,10.57957267,14.24308367,13.00708003,1,0.0239314697683,3.03922128677,-0.932705760002,1.24637377262
35,9,H,10.95053597,14.47110495,9.89684372,1,0.0269235465676,-0.722619831562,-1.69276881218,2.03439092636
35,10,H,12.38953626,10.61508867,12.30575991,1,0.0231227241457,1.38725996017,-3.48480892181,1.68074142933
35,11,H,13.18630014,9.48872546,13.52357616,1,0.025966193527,-2.66341090202,2.04234266281,-2.46822977066
35,12,H,8.68885514,10.01163025,11.78334431,1,0.0166469682008,0.263944208622,0.0529772564769,0.749300599098
35,13,H,15.10053777,16.90350622,7.63362535,1,0.0146466456354,-1.27584373951,-2.85642671585,2.04086780548
35,14,O,12.29918329,16.18347985,8.8017443,-2,-0.163270577788,-4.39264726639,2.20803594589,-1.17270481586
35,15,H,9.95500234,16.5822099,10.96861019,1,0.0329995416105,0.735707879066,0.176176548004,-5.25429534912
35,16,H,12,12,12,1,0.0241892337799,2.18066930771,-0.279371976852,4.22403621674
35,17,O,9.63143623,10.16793726,11.92025156,-2,-0.0436491407454,1.20627617836,0.41450715065,0.659918546677
35,18,O,14.68219372,16.11796968,8.21733252,-2,-0.0892886519432,-0.938252270222,4.50004911423,-1.58379352093
35,19,H,11.27321952,16.5910335,9.20070188,1,0.0394871383905,2.652384758,0.405513614416,-2.05275654793
35,20,H,10.85598826,10.72506931,13.80694492,1,0.0183662883937,-1.10632169247,0.570409357548,3.03299832344
35,21,O,14.41074968,11.17557763,12.54990749,-2,-0.0282391011715,-1.12797629833,2.15546035767,-1.36588776112
35,22,H,15.24529364,10.86601628,11.24008035,1,0.0163373611867,0.878238260746,-0.460825622082,-1.48162794113
35,23,H,11.31022901,12.17941997,11.26854733,1,0.0251026172191,-3.27470374107,0.780275166035,-3.86399483681
35,24,H,11.70210989,13.18683692,13.43041085,1,0.0208209306002,-0.588648319244,-2.75646662712,1.48726606369
35,25,O,11.60449847,14.03787206,13.10668016,-2,-0.0122871175408,-3.60643863678,3.6957526207,-1.58454072475
35,26,O,10.17938884,11.04532722,14.56072752,-2,-0.0426729135215,-0.675378859043,-1.83614349365,-3.3874604702
35,27,O,12.59064648,11.61922124,15.76742081,-2,-0.0613178834319,2.00350785255,1.37840771675,-3.48117089272
35,28,O,13.87912065,13.41302348,14.2911277,-2,-0.0249586850405,-0.931552052498,0.690478861332,-0.81141513586
35,29,H,11.0477155,14.31861757,11.46229644,1,0.0160165987909,0.383147895336,-0.141519963741,-0.712305128574
35,30,O,10.40882947,14.22079108,10.73372291,-2,-0.0374336503446,1.16250729561,0.219172760844,-1.86955571175
35,31,H,12.24182615,11.37117497,14.84404311,1,0.0105993375182,0.546595752239,0.114710733294,2.49802827835
35,32,H,13.37381684,12.24963875,15.41873039,1,0.0143673717976,-2.4138982296,-1.80371367931,1.59146225452
35,33,H,14.65461938,13.59100292,13.76978805,1,0.0222541689873,0.809760451317,0.084505520761,-0.226599782705
35,34,O,15.03495958,10.86338155,10.27485843,-2,-0.0653803050518,1.47816026211,-0.393611758947,0.52195084095
35,35,O,12.24495199,12.1057285,11.10987612,-2,-0.0230695530772,0.287564218044,-0.180842772126,-0.926476895809
35,36,H,14.17476329,11.19491607,10.43219819,1,0.0132409017533,-1.68030440807,0.457036048174,-1.01709258556
35,37,H,9.30450111,10.60797241,14.22747583,1,0.0196439381689,1.99003052711,1.36260676384,1.45853555202
35,38,H,12.233914,15.80858287,9.62599393,1,0.0162996668369,1.93905222416,-2.16957592964,3.33244943619
36,0,H,10.22724261,15.74876467,9.63041972,1,0.0294250696898,-0.937435626984,2.51601982117,-0.590326011181
36,1,O,8.79481586,12.79768913,9.77271603,-2,-0.0679760202765,5.15400362015,0.231086432934,-1.84271252155
36,2,H,14.44429594,11.24551062,13.30749592,1,0.0238427817822,0.614492177963,0.714123308659,-2.70300340652
36,3,O,12.51864443,10.09441112,12.81326318,-2,-0.0337191298604,-1.3897536993,-8.3646812439,8.47707080841
36,4,H,13.20841003,14.04562112,13.7290719,1,0.0162340477109,1.98394238949,0.455264657736,0.0590041801333
36,5,O,10.27599702,16.7693121,9.59802358,-2,0.0940279141068,-1.98395895958,-1.93275725842,1.33955276012
36,6,H,13.91298656,12.05200359,12.03062921,1,0.0162391290069,1.49633002281,-1.03000068665,0.402498453856
36,7,H,9.85126591,13.19913451,9.93823513,1,0.0209921747446,-4.45880126953,-0.806465923786,0.361384302378
36,8,H,10.08933981,10.44771038,12.56220592,1,0.0151005871594,-0.452201455832,-0.566425979137,-0.0770894140005
36,9,H,10.80080012,14.46261674,12.89320961,1,0.0239774622023,0.603604018688,-0.540289282799,0.9430757761
36,10,H,11.14287198,14.64218383,9.71040635,1,0.0318591892719,1.10883367062,-0.537651658058,-1.394993186
36,11,H,12.59790689,10.72555311,12.25829467,1,0.0187879391015,2.53374767303,5.51699590683,-6.19406461716
36,12,H,13.33413866,9.80252324,13.36065522,1,0.0263567175716,-2.17441749573,1.16003906727,-2.0643260479
36,13,H,8.72110866,10.38993972,11.55746481,1,0.0174661874771,2.76503872871,0.811750411987,0.885021090508
36,14,H,6.93728494,10.84942712,11.39482818,1,0.0210968628526,-2.50866484642,-1.23825788498,-0.581448554993
36,15,O,12.47618246,16.33675275,8.56259278,-2,-0.215612351894,-2.95660686493,-0.517877280712,3.51933240891
36,16,H,10.01521532,16.84337557,10.53992387,1,0.0242697242647,0.345366716385,1.03002202511,-0.504483401775
36,17,H,12,12,12,1,0.0912726223469,3.08669400215,0.60760062933,-3.06286287308
36,18,H,9.1088097,12.21020965,13.46881553,1,0.0151912719011,1.45404970646,-3.3119828701,2.61828613281
36,19,O,9.78298427,10.34509619,11.67032275,-2,-0.087442278862,-0.395372658968,-0.5484572649,-1.44150960445
36,20,H,11.45733689,16.69497308,9.04943628,1,0.0265913382173,3.4482858181,0.0662354305387,-2.15679979324
36,21,H,10.98518467,10.80742692,13.81961629,1,0.017781496048,1.69609487057,-1.36253714561,-0.567507624626
36,22,H,9.17619105,12.26755878,9.0122562,1,0.0194792021066,-1.61820602417,0.165785729885,0.853310883045
36,23,O,14.56143995,11.32772347,12.27923054,-2,-0.0370866209269,-0.675819396973,1.42385315895,4.36234760284
36,24,H,15.62941313,10.99928654,11.00653927,1,0.0171746015549,-1.81743204594,0.407441198826,-3.39736771584
36,25,H,7.81627825,11.96437511,10.808464,1,0.0183377936482,0.304342150688,0.0667295977473,-0.128956750035
36,26,H,11.45987497,12.30164166,11.15707138,1,0.0308491289616,0.40035879612,0.42537689209,-3.4347679615
36,27,H,11.91152461,13.39530902,13.19324192,1,0.0211516134441,-0.722802937031,-1.16068601608,0.615451574326
36,28,O,11.76152359,14.25185691,12.83074002,-2,-0.0172042474151,-1.15995204449,1.76522910595,-0.882729649544
36,29,O,10.34381464,11.21699994,14.36323453,-2,-0.0293108895421,-1.45560109615,0.669166266918,1.02607309818
36,30,O,12.75399099,11.80058114,15.50412275,-2,-0.0522271320224,-0.325112640858,-1.00923013687,1.22741603851
36,31,O,7.66620793,11.37898302,11.57515023,-2,-0.00950872153044,-0.320900440216,0.31188467145,0.269538104534
36,32,O,14.02793836,13.62013701,14.08333991,-2,-0.0319605395198,1.96570158005,0.10190013051,-1.74801254272
36,33,H,11.1797145,14.44884312,11.12091569,1,0.0230389423668,1.72893214226,-0.172185689211,2.38705039024
36,34,O,8.81383068,12.93833749,13.05849618,-2,-0.0552281476557,0.206967920065,5.02656793594,-4.17890310287
36,35,O,10.56416185,14.4026097,10.42707985,-2,0.0153373926878,-0.80578571558,-0.151691526175,-1.2228320837
36,36,H,12.42688593,11.7272984,14.63352702,1,0.0109830796719,-1.2872364521,-0.973932266235,-1.23988354206
36,37,H,13.34427477,12.48462322,15.27481407,1,0.0142540168017,1.91271555424,1.66577482224,0.571026980877
36,38,H,14.85038823,13.62532028,13.43345881,1,0.0229595974088,-3.00622391701,0.344524890184,1.75561344624
36,39,O,15.22246026,11.07811712,10.03531195,-2,-0.0743887126446,-3.24077129364,1.57312369347,1.97399997711
36,40,O,12.46094913,12.2789556,10.84921576,-2,-0.0800740048289,-4.44917345047,-0.93436807394,5.9084649086
36,41,H,14.12071343,11.48967639,10.18887213,1,0.0161007232964,5.62491512299,-2.29263854027,-0.758148312569
36,42,H,9.50141548,10.87432786,14.03627695,1,0.0254801623523,0.061555493623,-0.582249224186,0.737295091152
36,43,H,9.28468927,12.80596903,12.17238008,1,0.0133086442947,-1.50580453873,0.332163840532,1.49871122837
36,44,H,12.62444633,15.86861524,9.43966657,1,0.0127712897956,1.15196728706,0.645791232586,-1.61876106262
37,0,O,14.98598969,9.0957558,12.41969253,-2,-0.0650025457144,1.50013792515,0.937636256218,-0.123825594783
37,1,O,8.86338231,13.02153122,9.56801682,-2,-0.0445104837418,-0.528653204441,-1.219607234,-1.6500505209
37,2,H,14.60052134,11.22827242,13.10465784,1,0.0341373980045,0.153933599591,2.1168859005,-3.4926803112
37,3,O,12.60445293,10.27108786,12.65340845,-2,-0.0469099208713,-5.58950901031,2.06408286095,-2.86388397217
37,4,H,14.09164326,12.20897929,11.84794038,1,0.0151019245386,-1.06317698956,1.98914968967,-0.453758895397
37,5,H,9.66124296,13.51377357,9.78044203,1,0.0118377432227,0.319295763969,1.01112985611,0.876319885254
37,6,H,10.10159033,10.6177719,12.29767901,1,0.0127982981503,1.37677574158,0.0420853458345,3.44055867195
37,7,H,10.94893923,14.63185611,12.84234789,1,0.0221416018903,-2.25987839699,0.436741709709,0.945004284382
37,8,H,11.28684778,14.74439194,9.50145901,1,0.0193175692111,0.462656587362,0.280953019857,-1.67258775234
37,9,H,12.81797449,11.02585075,12.02047016,1,0.0309076756239,0.316141307354,-2.55023121834,0.454011380672
37,10,H,13.32654805,10.12027424,13.15169014,1,0.0233603324741,3.66017150879,-1.30981361866,2.57985091209
37,11,H,8.78687932,10.79843567,11.41486238,1,0.0165518522263,2.68702077866,-0.543523192406,-0.0174171160907
37,12,H,6.92187624,10.96292972,11.17300835,1,0.0308045893908,3.19167351723,2.4385228157,0.671712338924
37,13,H,12,12,12,1,0.245845198631,1.71456873417,0.882137596607,-3.0067820549
37,14,H,9.11080421,12.21555966,13.25075033,1,0.0197544321418,-0.562021076679,2.81295347214,-1.1371999979
37,15,O,9.84311172,10.50351095,11.44552147,-2,-0.189550951123,-1.51850748062,-0.497791200876,-3.75168466568
37,16,H,15.02742404,10.0789448,12.16196152,1,0.0142905004323,0.0457998104393,-2.70411491394,-0.578764498234
37,17,H,11.10180822,10.80473526,13.85162536,1,0.0190594829619,0.405625760555,-1.00105261803,-0.268933385611
37,18,H,9.2364729,12.58784711,8.78267048,1,0.0190846901387,-0.798457920551,-0.398195922375,0.0981572344899
37,19,O,14.61639887,11.47200433,12.05563747,-2,-0.019983574748,2.72019076347,-1.05334162712,4.22247838974
37,20,H,7.90021552,12.07265852,10.62063207,1,0.0251319222152,0.808119177818,2.95778298378,-4.10640239716
37,21,H,11.57459635,12.41515111,10.91237449,1,0.0261873118579,0.922573387623,0.421603262424,-2.40770626068
37,22,H,11.98832146,13.51404874,13.01658885,1,0.0166200473905,-0.592710256577,3.07235121727,-1.31016206741
37,23,O,11.82425131,14.45452523,12.58534106,-2,-0.0305828824639,2.50249958038,-3.09144878387,0.932128250599
37,24,O,10.41694587,11.37750191,14.19077327,-2,-0.028138063848,1.14294373989,1.06774783134,1.15208518505
37,25,O,12.82226991,11.96433443,15.27803707,-2,-0.038049004972,0.757754802704,0.374242693186,-0.0681739524007
37,26,O,7.79503383,11.57475368,11.36096329,-2,0.0917406231165,-7.28600740433,-5.58518743515,2.79669356346
37,27,H,11.29150096,14.55626372,10.91361754,1,0.016043484211,-1.2756717205,-0.25601631403,-0.240053012967
37,28,O,8.90237641,13.10356031,12.82999054,-2,-0.0583311654627,2.05836677551,-0.77049434185,-1.16385781765
37,29,O,10.62855914,14.56629964,10.15036391,-2,-0.0188069865108,1.88573217392,0.91698551178,2.04778814316
37,30,H,12.46201963,11.99081268,14.39971743,1,0.011627972126,-0.79938608408,-0.579481720924,-0.480322003365
37,31,H,13.32526606,12.77818901,15.2157545,1,0.0187883004546,0.491249084473,0.367830455303,0.790235996246
37,32,O,12.57198334,12.43278636,10.63645689,-2,-0.262031406164,-3.57434248924,-1.36564695835,5.16349458694
37,33,H,9.59066792,11.05897699,13.90048228,1,0.0270032454282,-1.19955825806,-1.56309235096,0.136261120439
37,34,H,9.33749369,12.97201541,11.90835951,1,0.0162000916898,-1.27148878574,0.381256073713,2.28473424911
37,35,H,15.92519079,8.82730978,12.35617638,1,0.0175606962293,-0.803760886192,-0.0829694420099,0.202733576298
38,0,O,15.02828857,9.23567975,12.24043243,-2,-0.0835191756487,-1.74885725975,3.3319003582,0.00232335273176
38,1,O,8.88243346,13.20524369,9.42164788,-2,-0.0283026695251,-3.93447327614,-3.19561600685,-1.29907488823
38,2,O,13.60040549,9.52111663,9.59880113,-2,-0.0414990633726,1.97099852562,0.0794051736593,0.664011836052
38,3,H,14.72052892,11.2828293,12.82830173,1,0.0326727777719,-0.239058047533,2.18391728401,0.798110544682
38,4,O,12.627178,10.41125008,12.55529295,-2,-0.0286373198032,-0.228281259537,2.67091012001,-1.55042278767
38,5,H,14.53852506,7.59425028,9.65847253,1,0.0320521779358,-0.0930154174566,-0.798916459084,0.713952183723
38,6,H,14.16453795,12.40924273,11.70818272,1,0.0208318606019,0.255366325378,0.254292905331,0.178369268775
38,7,H,9.44147592,13.85042676,9.7542302,1,0.0165188424289,2.30105233192,2.26124167442,0.64788800478
38,8,H,10.13472159,10.75261941,12.23817359,1,0.0104648768902,0.0646028742194,-0.773363232613,-2.46429610252
38,9,H,13.15437942,9.02101996,8.38978698,1,0.0492566600442,-1.72196352482,0.531353056431,-3.74279427528
38,10,H,10.95559087,14.78837799,12.875396,1,0.0239333380014,1.55199050903,0.0703956186771,-1.07844793797
38,11,H,11.41174837,14.78273366,9.26050292,1,0.0217553470284,-2.16380119324,-0.260396152735,1.09697914124
38,12,H,12.98763777,11.25075923,11.84539034,1,0.0583624467254,-1.20343506336,-3.13943195343,1.37305104733
38,13,H,13.42210257,10.34240721,13.10911381,1,0.0233337432146,-0.785622000694,-0.645722746849,0.176620393991
38,14,H,8.9486252,11.16134524,11.33086768,1,0.0100362747908,1.37411022186,-1.63532555103,-0.756560742855
38,15,H,7.01419771,11.18273834,11.06754709,1,0.0274522602558,1.80443823338,0.841655910015,0.435938119888
38,16,H,16.0950976,7.82383192,10.11457419,1,0.0247788298875,0.250714957714,-0.756626963615,0.922640025616
38,17,H,12,12,12,1,0.34747594595,1.38262021542,0.289117693901,-2.44221043587
38,18,H,9.03634994,12.30136968,13.05455451,1,0.0198111347854,-0.350842773914,2.97890639305,-1.19841861725
38,19,O,9.85300421,10.62374896,11.27247742,-2,-0.186995953321,1.58091580868,0.515202283859,2.87617325783
38,20,H,15.10124554,10.291893,12.04521411,1,0.0199807211757,-0.230632022023,-4.5808095932,-1.00968956947
38,21,H,11.19319723,10.72674997,13.92121933,1,0.0211899764836,-2.88291215897,2.43908190727,0.438037514687
38,22,H,9.22084296,12.83842503,8.60925544,1,0.0242792461067,0.374687641859,-0.0113000674173,-0.159592628479
38,23,O,14.63148985,11.57893886,11.91464857,-2,0.0049981251359,1.52024328709,1.62115120888,-0.482994168997
38,24,H,7.96788864,12.25977282,10.32294148,1,0.0314320474863,0.307012081146,-0.593082010746,1.78985536098
38,25,O,15.38444528,8.01659605,9.52831016,-2,0.119055062532,0.910075604916,0.556774318218,-1.85265469551
38,26,H,11.72308532,12.48372678,10.62469786,1,0.0194102860987,-4.00644254684,-0.040760718286,-1.04182124138
38,27,H,11.97736659,13.71040849,12.81974002,1,0.0114432945848,0.152604237199,1.28427624702,-0.937857866287
38,28,O,11.84635555,14.6120052,12.40809431,-2,-0.0301936194301,-1.97987365723,-1.0911449194,2.31738233566
38,29,O,10.44997746,11.50770946,14.07581504,-2,-0.0300446674228,1.32277083397,-3.39289784431,-0.62235814333
38,30,O,12.84094983,12.09308966,15.12040587,-2,-0.0429001301527,1.5805888176,3.76532411575,-1.52838718891
38,31,O,7.85568213,11.71919721,11.22129551,-2,0.0741246342659,-5.61289596558,0.426020085812,-3.05194854736
38,32,H,12.65868579,8.15465464,6.73510043,1,0.014213193208,0.295863866806,1.44623398781,1.09822666645
38,33,H,11.2974491,14.61191152,10.76746618,1,0.0143251903355,-1.83349788189,0.199821099639,-1.29511666298
38,34,O,8.95172649,13.22948108,12.66440536,-2,-0.05510289222,-0.0626281127334,-0.338391900063,4.19396734238
38,35,O,10.65554634,14.69352897,9.94455531,-2,-0.0260345637798,5.10836553574,1.16865360737,0.618618905544
38,36,H,12.42880644,12.15783469,14.19429168,1,0.00908459350467,0.793984472752,0.0573254004121,2.2227628231
38,37,H,13.3325197,13.05077,15.25166872,1,0.0204168856144,-1.94994020462,-3.65986657143,-0.529139757156
38,38,H,13.20346546,9.75205282,10.48139406,1,0.0148017872125,0.618184328079,-0.652118444443,-1.52088451385
38,39,H,14.74551134,9.1887541,9.60301624,1,0.0573074221611,-3.48229026794,0.956542253494,0.515478014946
38,40,O,12.62622482,12.54733403,10.50064878,-2,-0.392817378044,2.20799708366,-1.07888174057,3.91587615013
38,41,H,9.57003776,11.10484667,13.82157504,1,0.0270380862057,1.64314067364,-0.135040581226,1.05269289017
38,42,H,9.27634815,13.13267526,11.81429297,1,0.0163405686617,0.85880202055,-0.278905898333,-2.60847353935
38,43,O,12.7623841,9.05543223,7.15430043,-2,-0.288336575031,1.09048652649,-1.54468476772,2.92029905319
38,44,H,15.92264436,9.06663112,12.19312896,1,0.0162063296884,3.18875670433,-1.3262834549,0.203999146819
39,0,O,15.02076178,9.36584029,12.13729067,-2,-0.0467068366706,1.63366758823,-6.83724069595,1.52010774612
39,1,O,13.60404198,9.62357698,9.52795512,-2,0.297357350588,-1.69804704189,0.347834050655,-0.69057738781
39,2,H,14.78340687,11.41683575,12.7273746,1,0.0262457355857,0.49487003684,1.27260196209,2.75952720642
39,3,O,12.60551381,10.53283331,12.53394526,-2,0.0904493406415,2.3698143959,1.91229188442,0.641056835651
39,4,H,14.18111805,12.58446272,11.65325407,1,0.0229296833277,1.12364792824,-1.84251856804,0.690375626087
39,5,H,10.14513387,10.83518866,12.15255698,1,0.00872733071446,0.0805214345455,-0.829646706581,-2.37737560272
39,6,H,13.10724346,9.13036888,8.38315442,1,0.0678598582745,-1.45655488968,0.705993354321,-3.928160429
39,7,H,10.98736423,14.94368766,12.91679277,1,0.0188690833747,2.27891397476,0.110886506736,-1.87790131569
39,8,H,13.03788255,11.26679851,11.85677228,1,0.0489251092076,-0.638628840446,-2.35861825943,0.774641811848
39,9,H,13.46494595,10.49614293,13.17336396,1,0.0255156289786,-3.47849822044,-0.418546408415,-1.67997801304
39,10,H,9.14960339,11.43144772,11.28113702,1,0.00926687568426,0.601085662842,-1.31127214432,-0.637030899525
39,11,H,7.10643044,11.43305602,11.07972566,1,0.0207227021456,-6.72804832458,-3.7985522747,-0.764913618565
39,12,H,12,12,12,1,0.324452757835,1.23270571232,0.523031234741,-2.5001449585
39,13,O,9.82687862,10.71752956,11.1882018,-2,-0.102360606194,2.47894358635,0.395674049854,3.09446835518
39,14,H,15.11631588,10.21626522,11.97889708,1,0.0130581669509,-0.0733145475388,5.74244594574,-2.28813648224
39,15,H,11.09409758,10.77263139,14.08811785,1,0.0176923517138,-1.77696824074,2.57128190994,-0.0702214613557
39,16,O,14.60941069,11.66569825,11.85717935,-2,-0.0181118920445,-0.177928581834,4.04083251953,-3.51628804207
39,17,H,8.00823003,12.38915888,10.18065384,1,0.0312924347818,-0.926747143269,-2.43074655533,4.32276296616
39,18,H,11.68318262,12.50505049,10.37354704,1,0.0104946792126,0.0346581339836,0.190421611071,-0.783247113228
39,19,H,11.92806723,13.89671425,12.63780309,1,0.00794256851077,1.01640617847,-3.54246449471,0.641728818417
39,20,O,11.82033014,14.74007788,12.32151979,-2,-0.0438733845949,-3.45788550377,3.69421863556,1.35992836952
39,21,O,10.44966506,11.60284689,14.03072489,-2,-0.0299440026283,-1.20381784439,-4.41311502457,-0.517508745193
39,22,O,12.81778066,12.2066099,15.04511894,-2,-0.0430903211236,1.55551493168,1.79735147953,0.790289461613
39,23,O,7.8592399,11.8396852,11.15882639,-2,0.0229123756289,4.66570281982,8.14875507355,-3.9096596241
39,24,H,12.56962082,8.30391457,6.66186389,1,0.0112136788666,0.568802893162,2.40345668793,1.43016731739
39,25,H,12.41309428,12.27496948,14.16706454,1,0.00883870199323,0.14046703279,0.611578524113,0.529532670975
39,26,H,13.2257091,13.1012022,15.33980327,1,0.0185973215848,-1.27697134018,-2.26201462746,-1.18874025345
39,27,H,13.11424419,9.79439097,10.36804112,1,0.0208210982382,1.09699690342,-0.627452194691,-0.764485120773
39,28,H,14.49238462,9.30316558,9.5090373,1,0.024986948818,0.722958564758,-0.164490833879,1.16549003124
39,29,O,12.64322869,12.63186594,10.45847895,-2,-0.455206602812,-1.60855138302,-1.55926322937,4.0444984436
39,30,H,9.55428571,11.09065539,13.85005171,1,0.0214427541941,2.39718818665,1.79894542694,0.756315588951
39,31,O,12.75593513,9.22917859,7.07000305,-2,-0.449866592884,0.621660530567,-2.75104570389,2.69585371017
39,32,H,15.98661727,9.19903377,12.12739412,1,0.0185456108302,-0.612548589706,-1.12061524391,0.277654826641
40,0,H,10.51647556,12.09969876,6.47000556,1,-0.0149335600436,4.28390550613,2.71902227402,1.41711163521
40,1,H,11.16566502,14.25053969,9.35611645,1,-0.0101490281522,-0.418113678694,-1.03739511967,-0.305902332067
40,2,O,7.6554272,12.00865242,12.27526221,-2,0.0545706003904,4.37342023849,-0.846423864365,1.14449155331
40,3,O,16.00539792,13.92581498,15.38297271,-2,-0.0464537665248,-0.780752718449,1.94059729576,-1.55375611782
40,4,H,16.25139955,14.8313303,15.58007863,1,0.00453327503055,0.634041428566,0.215563848615,0.557684123516
40,5,O,11.97296894,8.56191051,8.88353384,-2,-0.0233304575086,-0.47162437439,1.78603303432,0.639786660671
40,6,H,15.62859563,9.01422896,11.76245783,1,-0.0233759507537,-4.86920928955,-0.5906291008,-4.55439043045
40,7,O,11.20427411,8.23380193,16.82774755,-2,0.715472221375,-1.72463083267,1.0877699852,-1.62832796574
40,8,H,14.15914252,11.71386238,12.60812816,1,0.0364562384784,0.19262561202,-3.09650182724,-0.429046809673
40,9,H,14.20203092,13.75763173,14.77395705,1,0.010949332267,-1.87906849384,0.620672464371,1.01742506027
40,10,O,10.24797823,11.54416797,12.05273363,-2,-0.0228441730142,5.0152759552,2.38481044769,0.184444531798
40,11,H,9.44649772,11.22042221,12.00364487,1,0.00480343587697,-5.28896474838,-2.19724774361,-1.02577996254
40,12,H,14.68959631,11.03016353,10.05881774,1,-0.0261623375118,-0.0470041409135,-1.55825710297,-0.759380817413
40,13,H,11.53948422,9.8788404,10.63662047,1,-0.0200332924724,-0.186509281397,0.627638936043,-0.00387533474714
40,14,H,12.03676952,12.87155619,13.31713463,1,-0.00110642053187,-1.93798184395,0.91758197546,1.09033739567
40,15,O,10.89943839,14.81776896,11.22859136,-2,0.667910039425,-4.65125513077,2.20335149765,4.26760864258
40,16,H,16.82426539,9.60173168,12.00649462,1,0.00253189355135,1.03266263008,0.289485156536,0.443109720945
40,17,H,12.14776525,13.19823191,6.92054777,1,-0.00632194429636,-2.62212324142,-2.14552235603,-1.3575347662
40,18,H,10.24040219,7.38170122,10.18170793,1,0.00392225757241,1.2921205759,-2.22803282738,-0.520505607128
40,19,H,13.50482327,12.68222339,13.86201621,1,0.00159781333059,-0.65812253952,0.19154754281,0.336802780628
40,20,O,10.98373582,6.74740578,9.87032139,-2,-0.0741829425097,-8.69224357605,-6.01259279251,4.97468996048
40,21,H,10.99815833,15.59956485,10.74587236,1,-0.0470619499683,0.181944310665,2.52157998085,-1.03602313995
40,22,H,12,12,12,1,0.0749316588044,2.67506551743,2.46436500549,-1.51844537258
40,23,H,10.43196357,15.00770912,12.19856104,1,-0.0440147742629,1.66591155529,-1.0120139122,-2.52945613861
40,24,O,12.14438486,9.44795249,11.25327059,-2,-0.0098594352603,1.54216837883,-1.03414618969,-0.243307828903
40,25,O,11.25790667,13.13406616,13.91916611,-2,-0.0738440454006,3.53832840919,4.06904172897,-0.941458880901
40,26,H,13.11845829,8.50969411,14.83701208,1,-0.0602352917194,-1.53430199623,-0.648603200912,-1.27567601204
40,27,O,12.34699021,12.95386015,11.12805742,-2,-0.408713579178,-3.07190275192,-2.83913207054,-0.0460616499186
40,28,H,12.53989933,10.38486123,12.51123882,1,-0.00854610465467,-0.534164905548,-3.14788794518,-2.24889588356
40,29,O,10.90244443,13.32165123,9.18997987,-2,0.0807568579912,-0.611120581627,2.0123872757,2.12345457077
40,30,H,11.65378832,8.51960206,15.82765973,1,0.0330691859126,0.0924133956432,-1.27986848354,-0.223929569125
40,31,O,14.88261286,11.90375112,10.33923524,-2,-0.0582921989262,-1.33667314053,1.70647609234,0.975767374039
40,32,H,10.87460398,12.32662515,13.95124341,1,-0.00965521857142,-2.43415522575,-3.78931689262,0.133591204882
40,33,H,15.38426564,14.11130121,14.58560224,1,0.0111723281443,3.33180141449,-0.588508427143,1.54763364792
40,34,H,8.28916816,11.20137144,12.4221751,1,0.00855311751366,-2.79104328156,1.52039313316,-0.556172847748
40,35,O,10.67197786,10.17477867,14.46126225,-2,-0.0391337051988,-1.13575208187,0.756799042225,2.56147217751
40,36,H,10.84512624,9.90613326,13.58324838,1,-0.0159793496132,-0.0465223416686,0.692878127098,-1.93376791477
40,37,H,12.00659626,9.29743067,9.57836456,1,-0.000385496765375,1.27524793148,-1.76624274254,-3.30517578125
40,38,H,11.75488761,8.94430802,14.02776967,1,-0.00161891430616,1.64638364315,-1.86933851242,1.28623270988
40,39,O,14.91743232,10.94241802,12.67389222,-2,0.610410451889,2.04108119011,0.914746165276,-1.35201644897
40,40,H,5.44253689,10.52230762,13.10919114,1,0.00672899372876,0.771271824837,0.633721590042,-3.88217997551
40,41,H,11.60073945,14.14234199,11.07644417,1,0.0189925655723,3.20298194885,-3.75202012062,1.30102467537
40,42,H,13.99973766,12.14783899,10.78483879,1,-0.00614111125469,1.15333783627,0.329503178596,-1.25137984753
40,43,O,11.33497787,12.56529967,7.0667189,-2,0.0186040699482,-1.18328177929,-0.991815507412,-1.89428770542
40,44,O,14.27412164,12.9162723,14.37406007,-2,-0.0347207896411,-0.387630403042,-2.2715549469,-1.30453670025
40,45,H,10.92338162,13.24471888,8.22931532,1,-0.00122994184494,-0.0643229261041,-1.25962901115,-1.29349458218
40,46,O,5.74730693,10.75693189,12.10185209,-2,-0.157091081142,-1.38784134388,-1.18030118942,4.42141723633
40,47,H,12.46022156,8.50844215,8.07296347,1,-0.0206700172275,0.687389850616,1.08310472965,-0.242879763246
40,48,H,11.85005349,7.81265596,17.40741894,1,-0.176741480827,0.253054112196,-0.865543484688,0.358893156052
40,49,H,14.91661956,10.83802724,13.60592416,1,0.00338268652558,0.344218194485,-0.265977472067,2.28483724594
40,50,O,12.76956817,11.09563585,13.00393901,-2,-0.641113162041,-1.35413575172,5.29586553574,2.65570616722
40,51,H,7.88627782,12.37990567,13.13284362,1,0.000781087204814,-0.307293325663,1.08706200123,0.353344619274
40,52,H,13.15967267,9.39636963,10.86920163,1,-0.0836412161589,-2.09496712685,0.129417896271,0.712370097637
40,53,H,14.73951652,9.96884664,12.34487455,1,-0.0530649125576,-0.707260668278,2.17712378502,0.33462074399
40,54,H,6.5819514,11.33531771,12.31992921,1,-0.00428850948811,-2.50357747078,-1.14116454124,-0.777236580849
40,55,H,11.36459706,10.81812856,14.71865183,1,-0.010574111715,-0.0490103848279,-0.466447293758,-0.618349790573
40,56,O,16.28101122,8.87970486,12.32880392,-2,-0.028977483511,4.64187192917,-0.866014003754,3.55027723312
40,57,H,11.48438611,7.36497691,9.5935003,1,-0.00143597833812,6.29299020767,6.06755590439,-3.44235730171
40,58,H,10.78587421,10.87104232,11.65790887,1,-0.00156225264072,0.507247745991,-0.619629025459,-0.174746274948
40,59,O,12.20227378,8.16569841,14.5259252,-2,0.0076789855957,1.13310289383,1.91632342339,1.10964214802
40,60,H,10.37300734,7.70508309,16.53404058,1,-0.161599799991,1.34869098663,0.275104403496,0.902225315571
40,61,H,11.51203995,12.71759155,10.23615722,1,0.051276922226,2.61202073097,0.730117976665,1.5442918539
41,0,H,10.44571514,11.88772161,6.27555137,1,-2.80365347862e-05,4.17311000824,2.03222799301,2.0082256794
41,1,H,11.16392683,13.8790396,9.32105255,1,-0.00141356512904,-0.516369879246,-1.38066458702,-1.70189476013
41,2,O,7.5364936,11.67959255,12.22445873,-2,0.0939304083586,2.53080415726,-3.41187548637,-2.06096410751
41,3,O,15.91755861,13.57419211,15.27589722,-2,-0.0612934790552,4.24136352539,-0.470762103796,4.08734035492
41,4,H,16.13246239,14.44479522,15.53994868,1,0.00576557591558,0.305960059166,1.30326867104,0.287804692984
41,5,H,8.50761106,12.21981044,10.90227331,1,-0.00238794088364,0.105234116316,1.1739089489,-1.29674971104
41,6,O,11.90665676,8.23870476,8.79262348,-2,0.0837879776955,-0.312403649092,-1.44184744358,-1.63033497334
41,7,H,15.45636398,8.73560567,11.45198808,1,0.00339309126139,2.4713203907,-1.55147540569,2.01059412956
41,8,H,14.11052581,15.91760524,14.16247278,1,0.0378749854863,0.167472034693,-2.70552206039,3.74029040337
41,9,H,14.10151653,11.15051695,12.51284694,1,0.0182437226176,-4.34632492065,1.5394384861,-0.191146433353
41,10,H,14.07551616,13.40121894,14.68734974,1,0.012246126309,-1.90684771538,0.39037835598,0.691971242428
41,11,H,13.16903624,15.73876722,15.17084445,1,0.00337732583284,-4.59495019913,2.6846382618,2.23451256752
41,12,O,10.23521616,11.20305988,12.01119178,-2,-0.0270052403212,-4.89762973785,0.0800492018461,1.20854175091
41,13,H,9.24590313,10.85762873,12.01066979,1,0.0160857886076,4.13075685501,0.772590517998,-0.340752452612
41,14,H,14.50769313,10.66001302,9.95963556,1,-0.00740428268909,0.63232177496,0.579348087311,-0.180370360613
41,15,H,11.54383752,9.59082885,10.55375582,1,0.0094221457839,-0.676732003689,1.34907245636,-0.510653853416
41,16,H,12.03186391,12.50365141,13.23482126,1,0.0153040811419,-2.54608988762,1.756919384,2.53677558899
41,17,O,10.76895051,14.41977405,11.14859308,-2,0.560060143471,-0.97865575552,4.41868829727,0.773110330105
41,18,H,16.85591073,9.14814566,11.90319255,1,0.00569778494537,-0.590761780739,-0.779529809952,0.823901116848
41,19,H,12.10846119,12.78021605,6.85803339,1,0.00546105578542,-3.11249756813,-1.77428793907,-0.883955836296
41,20,H,10.22630572,6.85489829,10.17665937,1,0.00258443690836,-3.12725448608,1.30871379375,1.87919163704
41,21,H,13.38127141,12.2417726,13.76891421,1,0.0104422103614,2.62492799759,1.11765778065,2.24727606773
41,22,O,10.9076976,6.42744858,9.76755942,-2,-0.194849997759,3.27235794067,-1.04863464832,-1.41445088387
41,23,H,10.87454658,15.26098864,10.67407681,1,0.00962894037366,0.755616307259,-0.270691215992,-0.52045583725
41,24,H,12,12,12,1,0.0244241803885,2.06952905655,0.215265452862,-2.77310991287
41,25,H,10.24977097,14.76675048,11.89604328,1,0.0124155394733,0.00957385357469,-0.95478540659,0.520197033882
41,26,O,12.00724257,9.06407674,11.17805058,-2,0.00774726271629,-0.205037131906,-1.72686350346,0.414439707994
41,27,O,11.16472231,12.76450755,13.81658091,-2,-0.0916438251734,2.37534427643,-0.624378144741,-1.83736264706
41,28,O,12.31165681,12.57653329,11.05200333,-2,-0.136112257838,-5.18845319748,-0.286312788725,0.880199670792
41,29,H,12.20642761,9.9516834,12.42614197,1,0.00884690880775,2.02542924881,3.14109539986,2.17981767654
41,30,O,10.89431958,12.97291911,9.052416,-2,-0.0182607918978,0.559488117695,1.25211560726,5.14955949783
41,31,O,13.49408182,14.3351333,12.84419065,-2,-0.0549936294556,-1.94409644604,-1.5510917902,-5.34426355362
41,32,H,9.35919108,13.02518818,11.75769498,1,0.0051461905241,-0.69018560648,0.14632666111,-3.94846749306
41,33,O,14.79773337,11.53904991,10.2833159,-2,-0.0560058802366,0.49475428462,-1.48940241337,-1.24708235264
41,34,H,10.93004459,11.82619648,13.71163805,1,0.00081373564899,-0.757269322872,0.0849516168237,0.712692499161
41,35,H,15.38233773,13.58119077,14.55860035,1,0.0100841894746,-0.97767239809,0.156116485596,-3.49498295784
41,36,H,8.08013709,10.73408492,12.25137091,1,0.00643201172352,-2.55258011818,2.41137003899,0.286635875702
41,37,H,11.8759835,8.90963406,9.39651432,1,0.00449145585299,0.771442234516,2.73166894913,0.429363578558
41,38,O,14.84319174,10.61419979,12.61420267,-2,0.607656300068,6.23394107819,-7.4813246727,3.43484973907
41,39,H,5.35770151,10.15957505,12.91125025,1,-0.000620566308498,-0.164064392447,-0.102456532419,-0.136781871319
41,40,H,11.5098997,13.60074875,11.25727816,1,0.0474150031805,2.99822878838,-2.55923581123,-0.176913335919
41,41,H,13.99161808,11.78906335,10.7143697,1,0.0012918934226,-1.21184623241,1.24665510654,0.42881411314
41,42,O,11.2282207,12.2283446,6.98915043,-2,0.0329601541162,-0.892447173595,-1.34131968021,-3.51383399963
41,43,O,14.2159807,12.55317621,14.3150758,-2,-0.0689354464412,-2.86479568481,-4.24779272079,-2.33265423775
41,44,O,9.08987629,12.99140521,10.70874636,-2,-0.0651282519102,-1.1309710741,-0.764868378639,4.49885606766
41,45,H,10.80426788,12.56634736,8.20061127,1,0.00473300367594,0.324291467667,0.258694499731,-2.2470562458
41,46,O,5.65462391,10.39662697,12.02670392,-2,-0.203410804272,0.331280112267,0.0927457138896,0.269253730774
41,47,H,12.32285547,8.18866445,7.97100674,1,-0.0067549161613,1.1832524538,0.864333987236,-1.75344896317
41,48,H,14.80219366,10.29052434,13.6460781,1,0.0316429771483,0.100747972727,1.93843877316,-3.09621667862
41,49,O,13.80055174,15.1269529,15.03208322,-2,-0.00361745804548,4.84557819366,2.55594015121,-3.17724847794
41,50,O,12.69950494,10.79101824,12.89216107,-2,-0.76814776659,-3.95263004303,-1.48641502857,-1.03435814381
41,51,H,7.8354763,12.10907499,12.9688537,1,0.00671550631523,1.07201170921,1.90454626083,3.14121413231
41,52,H,12.90690712,8.97105714,10.8520257,1,-0.00410908460617,0.412236392498,-0.00111208111048,0.120561175048
41,53,H,14.58534873,9.5150771,12.24695226,1,0.0169375240803,0.684021532536,3.96781730652,1.02723443508
41,54,H,6.49088157,11.04579668,12.17839432,1,0.000709094107151,-3.75261855125,-1.71062386036,-0.247576698661
41,55,O,16.17487768,8.49011264,12.21761446,-2,-0.0287685617805,-1.47247779369,1.48136973381,-3.36501908302
41,56,H,11.4883374,7.2607777,9.42885244,1,-0.00240387022495,-1.67268574238,-3.33781194687,0.810126364231
41,57,H,10.71709217,10.51657414,11.65788637,1,0.00177619978786,1.58370041847,-2.38960647583,-0.699046015739
41,58,H,12.78680818,14.84406751,12.42722672,1,0.00253451429307,0.0830210074782,-0.289726108313,-0.302127480507
41,59,H,13.77424061,14.90008945,13.48306014,1,0.00578650459647,0.913643836975,1.10100138187,2.20461320877
41,60,H,11.35504576,12.30347431,10.28228394,1,0.0694297999144,2.55364131927,1.12298679352,0.421371877193
42,0,H,14.68214769,12.80338826,11.01325664,1,0.00774223729968,-0.928016066551,1.00086653233,0.540064036846
42,1,H,14.0861004,14.5585024,10.67853584,1,-0.00290141254663,2.32581043243,-4.7005944252,0.796652495861
42,2,H,8.27298091,11.91239483,10.9733583,1,-0.0262951664627,-2.06533122063,-2.11969208717,0.185776516795
42,3,H,14.2711256,15.58389907,14.39609538,1,0.0170570909977,-1.40875673294,-2.58381652832,3.2009241581
42,4,H,13.75504692,10.59810664,12.57125107,1,0.017826475203,-3.08792209625,0.684670507908,0.557439267635
42,5,H,13.72765461,13.05050119,14.7884319,1,6.8848952651e-05,0.711176514626,-2.37095737457,-0.811886131763
42,6,H,12.86024297,15.49140173,15.1081155,1,-0.0104196742177,0.676074743271,-1.62553203106,0.8170966506
42,7,O,10.09270427,10.83597367,12.15027302,-2,-0.00219627469778,-2.06908464432,-3.73665094376,-0.988328039646
42,8,O,15.83368432,13.03664997,7.82946764,-2,-0.0129502341151,-1.27839303017,0.299265980721,-3.2123773098
42,9,H,16.57321413,12.67053373,7.37776122,1,0.00930807739496,1.04144394398,-0.277702301741,0.441406935453
42,10,H,9.1364003,10.48000442,12.17738738,1,-0.019776172936,1.96957445145,0.789482533932,-0.00745530705899
42,11,H,14.25106273,10.31257192,10.06191043,1,-0.00896994397044,0.483262211084,0.0775248780847,-0.506232559681
42,12,H,11.7724113,12.21908039,13.45852328,1,0.00153655000031,2.5858104229,0.680576503277,0.00601403182372
42,13,O,10.52456076,14.00728881,11.2512434,-2,0.0939246937633,2.35048723221,3.34226608276,-1.21025669575
42,14,O,13.59625041,12.49633925,8.73451636,-2,-0.100940465927,5.92731666565,0.456327229738,-6.14784526825
42,15,H,13.27240227,11.82370301,13.96102833,1,0.000218780711293,-0.258893340826,-0.178648084402,0.205043286085
42,16,H,10.68147696,14.88209575,10.74011342,1,-0.0366050601006,0.812674164772,-2.04621696472,0.0285826809704
42,17,H,12,12,12,1,0.027426186949,-0.169450193644,-4.33399391174,7.07058095932
42,18,H,9.92245329,14.44816112,11.82231979,1,-0.0118090696633,-1.43228757381,-0.263391762972,1.89533793926
42,19,O,10.96795591,12.36663894,13.88637206,-2,-0.0850849673152,-2.8818333149,-3.07877111435,0.256758362055
42,20,O,12.14333069,12.16834759,11.1566834,-2,0.467085659504,-3.17904782295,2.85088539124,-8.62121295929
42,21,H,12.97956511,12.74834092,9.30179461,1,-0.00394434481859,-3.40780544281,2.44364452362,3.8523607254
42,22,H,11.90389805,9.65378893,12.57886072,1,-0.0269872322679,2.49080324173,2.43675684929,1.46651506424
42,23,O,13.29291747,13.93102896,12.97125236,-2,-0.0809311494231,-1.17911231518,2.9486219883,-0.942474782467
42,24,H,9.48341446,12.58575343,11.69084361,1,0.00415250658989,-3.24239802361,-0.30572873354,-3.77453398705
42,25,O,14.59983472,11.14407688,10.40890138,-2,-0.0426758080721,0.786046683788,-1.91609323025,0.70680809021
42,26,H,10.78154419,11.28951131,13.67318078,1,-0.00260506011546,-0.106625951827,3.80537605286,1.23662412167
42,27,O,14.74832164,13.68817663,10.63520333,-2,-0.0486517325044,0.0491548702121,5.06525707245,-1.1214402914
42,28,H,15.88578361,13.29163309,8.70760489,1,0.0151620730758,2.29786658287,0.550602138042,2.91412067413
42,29,O,14.67118187,10.23994672,12.73687148,-2,0.58783775568,3.35760521889,-7.55074071884,2.25333571434
42,30,H,11.40019234,12.98068031,11.60479837,1,0.0943183004856,0.0279005486518,2.50312805176,-1.60259509087
42,31,H,13.80169887,11.44779859,10.83140629,1,0.00696075335145,-0.606117844582,0.359504967928,-0.0990586429834
42,32,H,14.54574251,13.13083074,8.68279935,1,0.02138742432,-5.97887563705,-3.11612677574,0.371309012175
42,33,O,14.03438389,12.14864919,14.42823452,-2,-0.0740791484714,0.424749225378,1.44826126099,2.03351640701
42,34,O,8.82792985,12.61587479,10.77916286,-2,-0.0641497969627,3.27273702621,1.4538038969,3.06606292725
42,35,H,14.5583509,9.79895463,13.70367545,1,0.0130535028875,0.405810564756,2.6408264637,-1.85769498348
42,36,O,13.60227749,14.80535922,15.16230305,-2,0.0132503509521,1.4621193409,5.97226905823,-1.78022527695
42,37,O,12.50079528,10.45215838,12.95952879,-2,-0.695360302925,-3.22567820549,-2.75338077545,-1.43417167664
42,38,H,14.33313211,9.24168362,12.39891532,1,-0.00926446914673,1.56502377987,3.16018795967,-0.0857883095741
42,39,H,10.59451258,10.03232817,11.78195581,1,-0.0209787413478,-1.00304436684,1.55359876156,0.47861328721
42,40,H,12.51605709,14.35373691,12.51231239,1,-0.0117938555777,1.20433056355,-0.270656824112,0.723293602467
42,41,H,13.59941213,14.65800494,13.72340098,1,0.00494415313005,-1.45099675655,-3.10434651375,-2.48021578789
42,42,H,11.24888601,11.91275237,10.56005401,1,-0.00389125943184,2.73182749748,-0.190550044179,1.57950973511
43,0,H,14.31675881,12.6399026,10.73869128,1,0.00923056155443,-0.588542163372,0.0690490081906,0.591881513596
43,1,H,13.89748294,14.30169884,10.4164656,1,-0.00276797637343,1.55414175987,-3.1354367733,0.688445866108
43,2,H,7.92390915,11.71034109,10.80383053,1,-0.019203543663,0.291750341654,0.0937523692846,0.0113453380764
43,3,H,13.19534761,10.27969548,12.39824394,1,0.0262139886618,-0.527855038643,0.472627967596,0.334436416626
43,4,H,13.35002915,12.78587299,14.59305893,1,0.00472917035222,1.44667887688,-1.98094522953,-0.241609558463
43,5,O,9.9060306,10.64830317,12.02939131,-2,0.00407598912716,4.33175754547,-0.899247407913,-1.45770561695
43,6,H,9.09106577,10.3060102,12.09265217,1,-0.0308092907071,-5.42041730881,-1.50080406666,0.561707139015
43,7,H,13.9803896,10.16165291,9.93168258,1,-0.0109861828387,-0.262903809547,-1.41103100777,-1.18074524403
43,8,H,11.61194886,12.18039888,13.43029656,1,-0.00411149486899,1.84146940708,0.672176718712,0.809388637543
43,9,O,10.24995915,13.79950177,11.09845353,-2,0.0232065841556,-1.09792780876,3.8554494381,2.15824484825
43,10,O,13.35287987,12.30060759,8.61773786,-2,-0.0500519238412,-8.54537200928,-4.75635528564,-1.2038962841
43,11,H,13.09671879,11.55873215,13.88102318,1,0.0027825627476,-2.43876361847,-2.13813471794,-1.48195946217
43,12,H,10.48755573,14.5759114,10.56574345,1,-0.0409644693136,0.715057373047,-0.325164079666,-0.576524734497
43,13,H,12,12,12,1,0.0249459221959,0.894030094147,-2.44942617416,0.455235362053
43,14,H,9.47332028,14.28206612,11.61205481,1,-0.020607098937,1.9089641571,-2.03992056847,-0.986203312874
43,15,O,10.72333895,12.14563171,13.70442114,-2,-0.0646042004228,-1.89816403389,-0.986374974251,0.39602664113
43,16,O,11.92708619,11.9573725,10.9925639,-2,0.462928175926,3.57247948647,3.27558279037,1.41217851639
43,17,H,12.83772348,12.70496542,9.31477669,1,-0.00344137474895,0.0271298103034,0.0351273939013,-0.26525130868
43,18,H,11.72809059,9.67600351,12.51598039,1,-0.0480856895447,-4.37118148804,-5.95981311798,-2.32547426224
43,19,O,13.0463911,13.72307505,12.84090998,-2,-0.0140482261777,0.398053914309,2.05879306793,1.35112857819
43,20,H,9.37805447,12.33853138,11.13715991,1,-0.00162170827389,-2.54905056953,-0.530037045479,-1.01350283623
43,21,O,14.36399542,10.9371674,10.2846305,-2,-0.04026337713,-0.455754309893,0.471418678761,2.14574122429
43,22,H,10.55876931,11.18163612,13.42740355,1,-0.00660317763686,-0.246612951159,2.07429027557,0.835518717766
43,23,O,14.54640656,13.4955422,10.41517292,-2,-0.0477834567428,0.355379521847,4.76007938385,-0.705519855022
43,24,O,14.46852097,10.03841645,12.60829607,-2,0.0307982116938,3.14281368256,1.45437848568,0.923339009285
43,25,H,11.25894588,12.64944045,11.59537732,1,0.0560688115656,-0.986008226871,2.149330616,-0.938996553421
43,26,H,13.53549987,11.3139732,10.70308393,1,0.00800048187375,1.469363451,-0.885224282742,-0.915812015533
43,27,H,14.0353408,12.79659095,8.54083246,1,0.00852276012301,7.2960729599,5.00148868561,-0.665726482868
43,28,O,13.80899482,11.93432402,14.29276584,-2,-0.0533237718046,1.7956918478,3.23485136032,3.32830715179
43,29,O,8.53610672,12.43098664,10.60402744,-2,-0.058911524713,-0.117719009519,-0.596276164055,0.328674793243
43,30,H,14.2950243,9.5881584,13.41717685,1,0.0162455625832,0.682903468609,0.972098588943,3.56737136841
43,31,O,12.25479224,10.2950624,12.77378107,-2,-0.0864937007427,3.53525114059,5.42106437683,2.98969936371
43,32,H,14.10950772,9.2707116,12.30063993,1,0.00938180088997,-0.472580969334,-4.18826723099,-4.22687244415
43,33,H,10.35862037,9.82894881,11.68298367,1,-0.0433730259538,-0.337866574526,0.960532903671,-0.152232438326
43,34,H,12.26851861,14.05246724,12.38614305,1,-0.0100418142974,-0.283929407597,0.943410813808,0.030273001641
43,35,H,13.28912222,14.42055819,13.56338342,1,0.00333401560783,-0.737276554108,-1.62598395348,-2.06558871269
43,36,H,11.16822137,11.72269495,10.55637242,1,-0.032367490232,-3.92108201981,-2.56702399254,-2.51526498795
44,0,H,13.88440719,12.64756796,10.41530342,1,0.0131646450609,0.75565046072,0.72651809454,0.0371932312846
44,1,H,13.70112505,14.09221379,10.08987436,1,0.000634137541056,-5.3232550621,5.83593416214,0.037272118032
44,2,H,12.64489775,10.13539389,12.10735458,1,0.0145929940045,9.1948299408,-1.59626305103,-5.08496761322
44,3,H,12.98926284,12.62450161,14.31292018,1,0.00254976004362,-0.103380568326,1.23714864254,1.01191806793
44,4,O,9.670063,10.62149133,11.82486058,-2,-0.00194499641657,-4.8091378212,-0.187206968665,-0.0848413929343
44,5,H,8.75274729,10.23257421,11.96236942,1,-0.0344231724739,0.909441053867,1.33810329437,-0.0603807382286
44,6,H,13.63562202,10.09762851,9.71457418,1,-0.00541453808546,0.82208532095,0.821232974529,-0.187639534473
44,7,H,11.47988567,12.33881763,13.34790142,1,0.00874589756131,-4.44800376892,-1.13704371452,0.723213136196
44,8,O,9.91653073,13.76870111,10.8794179,-2,0.00315976142883,-3.64551949501,-0.265281319618,2.97038388252
44,9,O,13.02787228,12.25695375,8.42098084,-2,-0.0651564598083,-3.58918213844,3.04384422302,1.88281190395
44,10,H,12.76540982,11.34907879,13.64621296,1,0.00516328588128,2.47434520721,0.595587670803,1.31259143353
44,11,H,10.27490267,14.40533503,10.30631114,1,-0.0196145772934,0.605476737022,1.62115824223,-1.42135715485
44,12,H,12,12,12,1,0.0584657043219,0.537225723267,-1.31967020035,-0.159433037043
44,13,H,9.03401171,14.16701965,11.31800107,1,-0.0387754291296,3.05162715912,-1.23759937286,-1.4285351038
44,14,O,10.41525259,12.08853172,13.45263171,-2,-0.0741616860032,4.89939594269,9.60990619659,4.04823160172
44,15,O,11.66147832,11.92184408,10.75951827,-2,0.329562842846,-1.12213933468,3.22702860832,0.960868000984
44,16,H,12.54886656,12.83051721,9.29455273,1,0.00573501735926,1.89730930328,-2.82125020027,-4.58381891251
44,17,H,11.34777044,9.60851751,12.24929463,1,-0.0243871286511,0.238356888294,0.323714077473,0.799541711807
44,18,O,12.7363246,13.67755232,12.62977223,-2,-0.00250659137964,-0.775812029839,-3.03211259842,-4.28348922729
44,19,O,14.06679638,10.89915352,10.09271923,-2,-0.0441246218979,0.0143838115036,-2.53910207748,0.177069634199
44,20,H,10.23514226,11.31917599,13.11165709,1,-0.00581736117601,-0.865933775902,-6.37479782104,-2.756929636
44,21,O,14.28851057,13.4714145,10.12313056,-2,-0.0491054281592,6.25608873367,-4.51351594925,0.940392673016
44,22,O,14.21216868,10.00721977,12.4039407,-2,-0.019616946578,1.22755026817,-1.61773407459,0.105183787644
44,23,H,10.98087349,12.61151992,11.40391814,1,0.0466049537063,0.178905680776,-0.336577057838,-1.7849189043
44,24,H,13.27618088,11.29605871,10.4611632,1,0.0067361369729,-0.0969859436154,-0.272939801216,-0.0118651930243
44,25,H,13.80135795,12.81533896,8.27132036,1,0.00828435830772,-0.00318824872375,-0.243075683713,0.096523322165
44,26,O,13.52189434,11.88693421,14.0899235,-2,-0.0571187213063,-1.42043983936,-2.54944753647,-0.547505557537
44,27,H,14.01650673,9.56310845,13.22385494,1,0.0103594176471,0.583915770054,0.551444113255,1.86837422848
44,28,O,11.95270524,10.3179307,12.52744225,-2,-0.0152354389429,-9.94298362732,0.111132077873,5.44562768936
44,29,H,13.82091222,9.26845801,11.92721896,1,0.00844101235271,1.08669912815,-0.334185361862,-1.54588413239
44,30,H,10.02992699,9.8419393,11.50658423,1,-0.0186164304614,1.44287443161,-2.37316584587,-1.67720592022
44,31,H,11.9563506,13.9786795,12.18633985,1,-0.00706627964973,-0.829116463661,0.83100938797,-0.517085671425
44,32,H,12.87961362,14.26089165,13.27565939,1,2.35326588154e-05,1.19638514519,3.78986001015,4.17202615738
44,33,H,10.83834716,11.60780901,10.33755245,1,-0.0391377061605,-0.397445201874,-0.912705719471,-0.453385204077
45,0,H,13.48136057,12.76110462,10.14616688,1,0.00552737899125,1.06640923023,0.58453476429,-0.0127509785816
45,1,H,13.28958341,14.21504355,9.80939328,1,0.0018888451159,2.53635597229,-1.37534368038,0.852868795395
45,2,H,13.682984,14.91097522,14.80792297,1,0.015942921862,4.13518571854,1.26947784424,-0.447977513075
45,3,H,12.11167338,17.31276941,9.18025258,1,0.0203819163144,1.02993416786,-0.610089242458,0.521910011768
45,4,H,12.44291424,10.05312841,11.69215582,1,0.0245782136917,-2.61241841316,2.35024619102,3.12150406837
45,5,H,12.61473121,12.63472899,14.13336764,1,0.00746356882155,0.0529979541898,0.601606249809,0.703876793385
45,6,H,12.16391213,15.33244688,14.1724008,1,0.0188053827733,0.0646341666579,2.29011845589,-0.440137445927
45,7,O,9.39828956,10.68587436,11.66824292,-2,0.0506995990872,-7.08718824387,-3.66087675095,-1.35505175591
45,8,H,8.38665462,10.29561897,11.87723778,1,-0.0214979350567,3.44574856758,2.01213097572,-0.675193250179
45,9,H,13.28903854,10.13042378,9.57411921,1,-0.00709101557732,1.32043981552,1.38084638119,0.193434521556
45,10,H,11.08152471,12.53872441,13.35900201,1,0.0104918368161,-3.55941510201,-1.97290945053,-0.563620090485
45,11,O,13.11572787,15.2676413,8.80946108,-2,-0.453525066376,-0.498529493809,5.50201225281,-3.97960352898
45,12,H,12.52826952,11.23838288,13.51244929,1,0.00572181306779,2.08511281013,1.57520866394,1.53255820274
45,13,H,12,12,12,1,0.22941224277,-0.303131759167,-0.559128165245,-0.51868391037
45,14,O,10.10196009,12.14852702,13.2658233,-2,-0.14796602726,1.66050195694,2.671241045,1.28477835655
45,15,O,11.37118977,11.98928499,10.59123796,-2,0.129112571478,-6.2309088707,2.72876238823,-0.322652578354
45,16,H,10.95267259,9.58728735,12.02007186,1,-0.0301665887237,2.40654921532,2.52906966209,2.02496099472
45,17,H,12.91517467,16.39781969,8.01949446,1,0.0819114968181,0.380065739155,-1.88286566734,2.49824595451
45,18,O,12.397457,13.70922795,12.45413763,-2,-0.00648635625839,-2.09870958328,0.786648452282,-1.46863472462
45,19,H,11.85628007,18.13531654,8.01854764,1,0.00828297436237,2.54323959351,-1.10878932476,-0.0467309765518
45,20,O,13.74826922,10.94934567,9.95480708,-2,-0.0406713448465,0.556898474693,-3.90883231163,-2.31361579895
45,21,H,9.8508113,11.31294126,12.72592119,1,0.00490479916334,1.78712880611,1.82421028614,1.39374005795
45,22,O,14.02531618,13.52057403,9.89344942,-2,-0.0999315977097,-1.81421864033,-0.252353399992,0.852898001671
45,23,H,12.85913715,14.55662911,8.30742669,1,0.00634411349893,-0.0650544911623,-2.90021848679,-2.54021048546
45,24,O,13.93332871,10.06740281,12.2489821,-2,-0.0119035318494,-0.416687965393,-4.9520072937,-0.392570614815
45,25,H,10.68615783,12.65624668,11.13215543,1,0.00598042830825,2.59090662003,-2.06416225433,-1.42284870148
45,26,H,12.98104572,11.3508039,10.27475488,1,0.00767844542861,-1.79947137833,1.23836064339,0.909179627895
45,27,O,13.20171712,11.91742699,13.93703822,-2,-0.0704828798771,-1.26808869839,-2.83918595314,-0.411811083555
45,28,O,12.66656258,17.60233103,8.39470188,-2,0.436959326267,-3.69723629951,1.95287823677,-0.714995145798
45,29,H,13.75044035,9.63475764,13.17357901,1,0.00555541738868,0.520218789577,1.01942431927,-2.43787956238
45,30,O,12.79771572,14.89135497,14.68979698,-2,-0.0138045921922,-4.42125892639,-2.44894933701,1.94812309742
45,31,O,11.60689721,10.43435485,12.35046286,-2,-0.0116848051548,0.848763108253,-5.66448497772,-3.50133466721
45,32,H,12.70029486,16.18306927,10.78299738,1,0.0100560393184,-2.47375488281,-1.31545865536,-1.1061694622
45,33,H,13.56939968,9.29812193,11.5201542,1,0.000985532999039,2.63846373558,2.39429926872,3.00852870941
45,34,H,11.88220839,15.38331777,9.46197782,1,0.00788706541061,1.23466587067,1.826415658,3.22765493393
45,35,H,9.72879935,9.85369112,11.29182709,1,-0.021381482482,0.163437053561,0.205779388547,-0.333469063044
45,36,H,11.58271111,14.06603562,12.01282108,1,0.00901878811419,1.1800724268,0.0933828353882,0.094717413187
45,37,O,11.75724136,15.89860318,10.47063484,-2,-0.154304563999,0.0937750637531,0.915024399757,0.275395452976
45,38,H,12.51194055,14.32933661,13.20626941,1,0.0157560519874,0.694925129414,-1.11527824402,-0.522265017033
45,39,H,10.46192179,11.55554859,10.125986,1,-0.0304490104318,3.30967283249,0.879249751568,1.08386325836
46,0,H,13.19532795,12.91981494,9.94203823,1,0.00845661759377,0.318590819836,-0.36163687706,0.291183978319
46,1,H,12.99642295,14.42159851,9.59876285,1,0.0163333937526,3.80427718163,-2.38017964363,0.98226839304
46,2,O,14.66794136,13.16478736,14.66386554,-2,-0.0512108355761,1.25191938877,-0.522675991058,0.445948302746
46,3,H,14.53594575,14.09278421,14.85824628,1,0.0271054841578,1.06899058819,-0.353426575661,-1.11015284061
46,4,H,13.37661662,14.8101417,15.02150159,1,0.0297423116863,-1.36637246609,0.954092919827,-1.05348014832
46,5,H,11.7516961,17.25332381,8.95142845,1,0.0493754260242,1.84698820114,0.4241989851,1.82494556904
46,6,O,11.39361382,16.79078425,13.39320006,-2,-0.68474727869,3.27741503716,2.5323638916,0.31708407402
46,7,H,12.16250351,10.15723648,11.50856092,1,0.0563383586705,-2.82154870033,2.63517856598,3.66508793831
46,8,H,12.28012969,12.73481142,14.03927273,1,0.0289272591472,1.18457901478,-1.30695998669,0.11717890203
46,9,H,11.96823925,15.62523857,13.88564944,1,0.0333156213164,0.583290159702,3.80708241463,0.488105475903
46,10,O,9.13820987,10.79003295,11.55890619,-2,0.245667487383,-4.81487751007,-4.38606595993,-3.39276003838
46,11,H,8.2031855,10.50880475,11.79368133,1,0.0370631478727,1.07070910931,1.00480461121,-0.167256847024
46,12,H,13.01700976,10.26655967,9.5253033,1,0.0153694562614,0.431883394718,-0.596264243126,-1.0326488018
46,13,H,10.21366352,9.36763556,9.9742322,1,0.0282201468945,-0.0425162091851,-2.85550808907,0.966591238976
46,14,H,10.54648293,12.70262666,13.39399267,1,0.0208942145109,4.75718307495,2.40589547157,1.25710630417
46,15,O,12.81940517,15.36281468,8.69367887,-2,-0.362119376659,-0.813404858112,4.16528749466,-4.38073730469
46,16,H,12.42986303,11.24754111,13.49676989,1,0.0121933631599,-1.33979582787,-0.549197614193,0.397495299578
46,17,H,12,12,12,1,0.412136793137,-1.06744599342,0.936838030815,1.04821836948
46,18,O,10.35288679,8.55101167,10.62520994,-2,-0.00129637122154,-4.07235097885,2.97855305672,-2.23150467873
46,19,O,9.83027789,12.26742605,13.14244614,-2,-0.347307562828,-6.78137874603,-3.33367490768,-1.94005036354
46,20,H,10.16176365,14.85215375,14.09307284,1,0.0195615924895,0.636997938156,-0.273986876011,0.508026063442
46,21,O,11.10087293,12.11150233,10.48192732,-2,0.0189671590924,-0.598787546158,-2.04262566566,-3.88868832588
46,22,H,10.78257007,9.77541471,11.94451848,1,0.0248134508729,0.259912401438,1.01125514507,1.5362906456
46,23,H,12.45050527,16.47317504,8.00750377,1,0.0983749330044,1.96802449226,-1.44539368153,1.58185374737
46,24,H,10.10776609,16.42711826,13.79347733,1,0.018300190568,0.659403443336,-0.763583779335,0.0106075499207
46,25,O,12.08551019,13.78985043,12.32646629,-2,0.00106230378151,-1.30519402027,0.356711924076,-0.460748702288
46,26,H,11.64564694,18.0898285,7.9919578,1,0.0277150068432,-3.05582761765,3.16330623627,-3.20558524132
46,27,O,13.46928972,11.03981327,9.86926895,-2,-0.0389789417386,-1.70410311222,-0.655246734619,0.0907503813505
46,28,H,9.57300891,11.41843532,12.42078985,1,0.0357227921486,2.32073092461,3.41341161728,3.19475078583
46,29,H,14.81131558,11.3546354,12.04638917,1,0.0125925764441,1.65671575069,2.22423195839,-0.15204513073
46,30,H,14.70452122,12.88270369,13.7026276,1,0.0186497252434,0.0898604616523,1.47470617294,1.26773285866
46,31,O,13.79756434,13.61517665,9.72917176,-2,-0.197092890739,-2.24574422836,1.71540749073,0.151072755456
46,32,H,12.63360738,14.68392523,8.09710951,1,0.0218947120011,0.280988514423,-1.94790887833,-1.96929168701
46,33,O,9.593316,15.57050156,13.87693316,-2,-0.127238973975,-3.46641993523,-0.556415677071,-0.0443383678794
46,34,O,13.6827554,10.16365629,12.14328392,-2,0.0030615478754,0.244012802839,-3.0536532402,-1.29062950611
46,35,H,10.49858478,12.69511735,10.83150824,1,0.031343113631,-1.65853428841,3.49370503426,2.50980114937
46,36,O,15.39397698,12.18949767,12.15135068,-2,-0.0434756167233,0.0686049163342,-1.40720164776,-1.90499281883
46,37,H,12.63719496,11.49111344,10.18184393,1,0.0158492513001,1.3267802,0.0347962453961,-0.397172570229
46,38,O,12.90732352,11.98348407,13.83732431,-2,-0.049388282001,-0.788973212242,0.420036286116,0.0612177997828
46,39,O,12.41051145,17.71505715,8.2845126,-2,0.418726503849,0.245204538107,-3.23640608788,2.17767238617
46,40,H,13.54730913,9.77807915,13.04617912,1,0.0321756526828,0.239282131195,-0.212787598372,-1.18312323093
46,41,O,12.53799514,15.07393266,14.60896385,-2,-0.132446482778,-0.400744974613,-2.4721364975,1.00263750553
46,42,O,11.29989901,10.5781189,12.21914909,-2,0.0373645573854,4.62860918045,-3.77012181282,-3.25908923149
46,43,H,15.8251542,12.37802482,11.25412518,1,0.0224031582475,-1.30030584335,-0.348700344563,1.9342867136
46,44,H,11.24387935,8.55096584,10.48820575,1,0.0217909738421,4.39576339722,-1.1119633913,-0.173371970654
46,45,H,12.40551382,16.23286506,10.67137805,1,0.0328864604235,-2.21147060394,-0.608110964298,-0.569120764732
46,46,H,13.50692348,9.50657554,11.34073704,1,0.027709659189,1.75937986374,1.43504190445,2.97363209724
46,47,H,11.57361098,15.59513649,9.44091545,1,0.0114869996905,0.379336833954,0.187457382679,1.64085566998
46,48,H,9.45419791,9.93710653,11.09747523,1,0.0316746644676,-0.816583096981,1.84971690178,1.74496519566
46,49,H,11.28730689,14.20913317,11.91193312,1,0.0239701941609,0.84449672699,0.0185234025121,0.427142322063
46,50,O,11.46738272,16.05295838,10.31937933,-2,-0.064953699708,-0.229734137654,1.46574497223,1.14130246639
46,51,H,11.94764681,17.5225051,13.86034977,1,0.0200319886208,-1.40455102921,-2.06974625587,-1.23646569252
46,52,H,12.23198047,14.42080944,13.17411056,1,0.0290360338986,0.610151231289,-1.77638185024,-1.02864122391
46,53,H,10.31987951,11.62308781,10.04851861,1,0.0219519659877,2.09659075737,0.289664804935,0.31608080864
47,0,H,12.99523884,13.03035158,9.80110461,1,0.00649690628052,-0.301956266165,-0.763693630695,0.312361896038
47,1,H,12.95024824,14.52672316,9.43262313,1,0.00453849881887,2.18447566032,-1.75222885609,0.837340950966
47,2,H,11.51859289,17.2585602,8.78497067,1,0.0327070876956,1.69679033756,1.44453120232,1.06264650822
47,3,H,11.76693724,10.41660423,11.56450223,1,0.0187585242093,1.9882158041,0.647449851036,-0.395121574402
47,4,H,12.02529701,12.75627745,13.95552143,1,0.0110595822334,-0.410065084696,-1.0863929987,-0.0699091106653
47,5,O,8.89746722,10.88051497,11.46072595,-2,0.0891241431236,2.12062215805,-0.683621585369,-3.1406519413
47,6,H,8.0543977,10.76795305,11.70338308,1,0.00608049333096,-5.26090335846,-0.656400978565,1.37356948853
47,7,H,12.77156632,10.3712436,9.47893763,1,-0.00588235631585,-0.132118418813,-1.46808099747,-1.17054080963
47,8,H,10.23518233,12.94379233,13.48293572,1,0.00387175381184,-0.525940954685,-1.26363265514,-1.41971814632
47,9,O,12.55144068,15.4653804,8.5941078,-2,-0.240149900317,-3.65020561218,0.766925930977,-6.26743459702
47,10,H,12.30300091,11.21443739,13.5002838,1,0.00667584687471,-1.7385712862,-0.386355042458,0.271956622601
47,11,H,12,12,12,1,0.153170570731,-0.205227762461,0.537526249886,0.792202889919
47,12,O,9.57340341,12.37497618,13.04316754,-2,-0.183380141854,-1.70466387272,1.43887507915,1.36924481392
47,13,O,10.86644322,12.22456901,10.3919779,-2,-0.00250820070505,3.72306418419,5.58418750763,1.09817242622
47,14,H,10.66083359,9.94816902,11.94829047,1,-0.0071962736547,-4.86977529526,-7.286277771,0.00676231645048
47,15,H,12.13334765,16.51479964,8.10043903,1,0.0607469603419,2.8751718998,-4.1041431427,0.313654869795
47,16,O,11.80169423,13.87360754,12.22631011,-2,0.0054688975215,0.623682141304,0.535439193249,0.829668223858
47,17,H,11.33825942,18.21116486,7.84736826,1,0.0121867507696,1.68377029896,0.666557729244,-0.839358866215
47,18,O,13.22150656,11.12744271,9.81123145,-2,-0.0441359803081,-1.35684037209,0.565567612648,0.307754158974
47,19,H,9.43826,11.68869738,12.25708279,1,0.0180723965168,1.84530651569,1.90058207512,1.95467197895
47,20,H,14.56116178,11.39918784,12.01716975,1,0.00965615361929,2.09296131134,3.54764175415,-0.497815936804
47,21,O,13.59653636,13.71380654,9.59599557,-2,-0.144199118018,-0.124947249889,1.52378380299,0.0665049180388
47,22,H,12.39510322,14.6974265,7.7999617,1,0.0149800721556,0.804968655109,3.26359772682,3.30781936646
47,23,O,13.46215869,10.25416877,12.05489856,-2,-1.05127692223e-05,0.127843216062,3.92500734329,2.44104862213
47,24,H,10.24279836,12.90096425,10.65414968,1,0.00380864366889,0.236685156822,0.820561349392,0.644392490387
47,25,O,15.11728973,12.31231141,12.03711508,-2,-0.0708602666855,-2.30213236809,-3.60867333412,4.21293449402
47,26,H,12.38345122,11.60918876,10.09799385,1,0.012863162905,1.59236705303,-0.154285565019,-0.269599616528
47,27,O,12.64397162,12.04756961,13.7667094,-2,-0.0259027779102,2.11869812012,1.04229307175,0.718068063259
47,28,O,12.18370049,17.80957895,8.20656846,-2,0.183798238635,-4.78894042969,0.122801706195,0.87013143301
47,29,H,13.38162509,9.86391347,12.87747272,1,0.0143695101142,0.229544579983,-2.08674311638,2.19890165329
47,30,O,11.0434945,10.70408991,12.10328534,-2,0.0164474025369,4.55772304535,4.41406869888,1.55967617035
47,31,H,15.39941554,12.57279164,11.22209951,1,0.0135147478431,0.70815038681,0.802929997444,-3.72966957092
47,32,H,13.57047256,9.75559172,11.33702907,1,0.0115600451827,1.11730575562,-3.4966840744,-3.99736380577
47,33,H,9.1840815,10.10288394,10.97621739,1,-0.00242234766483,-0.128691852093,-0.111231461167,-0.0476433560252
47,34,H,11.06270354,14.3317915,11.85065689,1,0.00853559188545,-0.678214073181,0.520978093147,-0.377002179623
47,35,H,12.01495087,14.38374946,13.03422112,1,0.0173675008118,0.281002283096,-0.153195023537,-0.820259988308
47,36,H,10.30046835,11.69316865,10.01752171,1,-0.00921165198088,-4.42917966843,-5.00968742371,-3.50744652748
48,0,H,12.82168615,13.04683528,9.67614609,1,0.015089539811,0.0434079058468,0.724113762379,-0.159994155169
48,1,H,13.00891499,14.53492326,9.26497243,1,0.0184267684817,-2.77798342705,4.94029045105,-0.652480065823
48,2,O,14.2388811,13.34065688,14.45924761,-2,-0.0461991205812,0.409212201834,1.4032548666,0.604255378246
48,3,H,14.08103095,14.30489204,14.50152632,1,0.0174482949078,0.442022293806,-0.716572701931,0.279682457447
48,4,H,14.1403062,14.42301679,12.89217773,1,0.0174951311201,0.110674031079,2.77197313309,-2.32734775543
48,5,H,11.3539599,17.34804986,8.65588226,1,0.0205851066858,-0.820828020573,0.651279211044,2.44198393822
48,6,H,11.55803075,10.65337424,11.54632434,1,0.00988997519016,4.77089738846,-0.913532733917,-2.76808595657
48,7,H,11.74111023,12.70875141,13.85173255,1,0.0120356716216,-1.84167551994,0.302865386009,0.480062931776
48,8,H,14.77903373,14.34766878,9.50083616,1,0.0116010531783,2.22834467888,1.65916109085,-0.201157897711
48,9,O,14.09075794,14.89106727,11.96200641,-2,-0.0688234567642,-0.420163035393,-4.31534337997,2.38576340675
48,10,H,12.50431041,10.37426255,9.36731029,1,0.000475417822599,1.13288164139,1.05426800251,0.14249920845
48,11,H,9.95164503,13.10305526,13.48077768,1,0.0121660120785,-2.0959649086,-2.97363352776,-3.61692333221
48,12,O,12.27825685,15.52119744,8.44859271,-2,0.0104478001595,0.106354340911,-5.2984752655,-4.76336765289
48,13,H,12.08227158,11.11743842,13.48009621,1,0.00710799917579,-0.717693805695,2.93903112411,1.04015624523
48,14,H,12,12,12,1,0.0140269696712,0.134560227394,0.679325282574,0.263434201479
48,15,O,9.31125896,12.44279246,12.93021669,-2,-0.0548766627908,-1.32138085365,4.20930528641,6.48355722427
48,16,O,10.64976371,12.30578528,10.28505529,-2,-0.0113210082054,-4.34398174286,2.89897274971,-1.69386076927
48,17,H,13.96872347,13.89776993,11.63254483,1,0.0149061381817,-0.0344084315002,3.33773756027,-0.156009539962
48,18,H,10.36112097,9.81596145,11.92551936,1,-0.00624237954617,1.09257936478,2.84629440308,0.48276078701
48,19,H,12.00130286,16.37094313,8.1623006,1,0.0299121364951,1.039888978,1.52828466892,-2.10231590271
48,20,O,11.52138188,13.91354738,12.10297108,-2,-0.00641939043999,-0.774728238583,-0.805380821228,-1.11997783184
48,21,H,11.0849077,18.37361603,7.64271057,1,0.0184137821198,3.86322975159,-1.53361678123,1.33946704865
48,22,O,12.97495062,11.17695782,9.73480005,-2,-0.0371590480208,0.196068331599,-2.81467795372,-2.06146788597
48,23,H,9.40164792,12.02288275,12.1274986,1,0.00399956479669,2.15527582169,-0.649972558022,-2.23213338852
48,24,H,14.3200243,11.54425403,11.92734697,1,0.01103714481,0.274332851171,0.836008369923,-0.666308760643
48,25,H,14.43101611,13.11258845,13.5303099,1,0.0147427804768,0.194366022944,-0.446955054998,0.439589202404
48,26,O,13.40000875,13.7742263,9.44630375,-2,-0.0417776182294,3.23634052277,-7.0111079216,1.52116429806
48,27,H,12.17160517,14.83653828,7.63408098,1,0.0256835222244,0.598203063011,2.5115377903,2.60496068001
48,28,O,13.24172614,10.3185352,11.94533757,-2,0.00400158762932,1.52596998215,-2.59720087051,0.223289936781
48,29,H,9.93304414,13.13920604,10.50484073,1,0.010908678174,2.87406730652,-3.71913361549,-1.21095585823
48,30,O,14.83704599,12.38556829,11.9106461,-2,-0.0330972671509,0.741538405418,0.290065973997,-1.08774244785
48,31,H,12.20425594,11.66129712,9.97357339,1,0.0120952501893,-1.30116295815,1.03933691978,0.830685734749
48,32,O,12.38831618,12.06823599,13.67517651,-2,0.0673828423023,1.815944314,-4.25543212891,-0.985608160496
48,33,O,11.94485515,17.85639725,8.10871046,-2,-0.0205711647868,-4.04866933823,3.68392205238,-3.20859217644
48,34,H,13.21624007,9.77688042,12.77467916,1,0.0134926699102,0.555774092674,0.162360921502,-1.12275767326
48,35,O,10.79835478,10.79393226,11.97396244,-2,-0.0163948759437,-6.38990592957,-4.58273887634,2.86895132065
48,36,H,15.02536008,12.76004037,10.99691904,1,0.0212810970843,-0.357191622257,-1.38621199131,1.51704251766
48,37,O,15.39554714,15.17155515,9.37201506,-2,-0.0755833759904,0.171779900789,-0.708251059055,-0.149217784405
48,38,H,16.36112812,15.0523827,9.49029519,1,0.0138321127743,-1.27091896534,-0.41868904233,0.0401335731149
48,39,H,11.82277231,16.17584097,10.47601294,1,0.0211553741246,-0.619036257267,0.501970529556,0.382736831903
48,40,H,13.68238114,9.80582846,11.19630843,1,0.0139717794955,-0.776025652885,0.743757009506,1.66325426102
48,41,H,11.149914,15.74312907,9.23296241,1,0.0145124793053,-1.12331199646,0.51062977314,2.53987121582
48,42,H,10.80078508,14.43663515,11.74472932,1,0.0157745704055,0.0355333834887,0.697780251503,0.174713909626
48,43,O,10.94023245,16.33480465,10.07628471,-2,-0.0952043607831,-0.108804874122,-1.12218940258,-0.214545980096
48,44,H,11.83900556,14.31300134,12.88830778,1,0.018803473562,0.725977301598,1.33859491348,0.770616173744
48,45,H,10.12393732,11.55371466,9.84602788,1,0.000967007130384,0.668622612953,2.00697302818,0.980055689812
49,0,H,9.07061157,18.77419523,10.889305,1,-0.2080540061,-0.020363882184,0.247555539012,-0.433082967997
49,1,O,9.33479303,17.85683319,11.13217257,-2,0.734012246132,-3.24955153465,2.26063728333,1.99971425533
49,2,H,12.68189811,13.07377513,9.46646379,1,0.0089027415961,-0.6011672616,0.725573718548,-0.257063180208
49,3,H,12.9645312,14.73020035,8.98752913,1,0.0188025794923,-0.403795987368,-1.50252830982,0.827765107155
49,4,O,14.05181269,13.4016065,14.25988253,-2,-0.0424767620862,-1.3894071579,3.23804283142,5.58842658997
49,5,H,13.89264731,14.37573058,14.2602413,1,0.0118499416858,0.606561481953,-1.30619525909,0.202808320522
49,6,H,13.8461458,8.0762091,9.71508827,1,0.0129886157811,0.536158621311,-1.05160915852,4.58530092239
49,7,H,13.80488098,14.67631642,12.63833933,1,0.00859824381769,-0.115050628781,-0.317734897137,3.21503376961
49,8,H,11.16491055,17.4829011,8.54543905,1,0.00189762748778,-1.42356944084,-0.012778557837,2.28076720238
49,9,H,11.61839113,10.80163402,11.30008294,1,0.0191384926438,-3.59576010704,-0.621026813984,1.83834898472
49,10,H,11.38619656,12.67516109,13.68735879,1,0.00302705168724,0.944868683815,-1.61869955063,-0.17778763175
49,11,H,14.61180618,14.34435352,9.25322402,1,0.00565239600837,1.28661167622,1.86366629601,-0.156027957797
49,12,O,12.48418359,8.72233751,9.04939155,-2,-0.0231077000499,-0.526481807232,0.217022269964,-2.70927405357
49,13,O,13.90221365,14.92506275,11.77107154,-2,-0.078635238111,-0.805183827877,-2.58706212044,-4.45428609848
49,14,H,12.28090307,10.41295417,9.18811017,1,0.000929143279791,0.70764964819,1.39168393612,0.649922072887
49,15,H,12.22309502,8.84173811,8.06937698,1,-0.00627647526562,1.26485002041,-0.0808858051896,2.09474110603
49,16,H,9.59290796,13.12133741,13.23790147,1,-0.00215822458267,0.851274251938,1.06895530224,0.195653930306
49,17,H,14.5739758,8.79391063,11.0808177,1,0.00774996727705,0.0214687697589,-1.92674648762,-0.432812154293
49,18,O,12.02482282,15.54609091,8.21067548,-2,0.0875144153833,-0.294179230928,-2.84273767471,4.52162504196
49,19,H,11.84364675,11.14217695,13.41395717,1,-0.0044560469687,-0.779737830162,0.877687931061,0.496661067009
49,20,H,12,12,12,1,-0.137175053358,0.118453651667,0.879655361176,0.770804166794
49,21,H,9.80837135,17.31258918,10.51000498,1,-0.00120440125465,2.09523129463,-2.17424488068,-2.49352025986
49,22,O,9.06886,12.51658346,12.75692168,-2,-0.0607157126069,-1.54489672184,-0.966900646687,-2.47850465775
49,23,O,10.44822345,12.38706249,10.09568294,-2,-0.0106024295092,-3.93568968773,1.13052630424,-2.55735492706
49,24,H,13.73120758,13.8665823,11.38951346,1,0.0167158804834,0.432697921991,4.7035984993,1.56856644154
49,25,H,10.16282365,9.82676893,11.82980294,1,-0.0207016244531,1.72860765457,3.73980617523,-0.162395894527
49,26,H,11.95773685,16.39798776,7.98990155,1,0.0240502953529,0.591219484806,5.90599679947,-2.28702688217
49,27,O,11.26202847,13.94196814,11.89118814,-2,-0.0134700909257,0.30638051033,1.60909307003,1.77375137806
49,28,H,11.04237107,18.49285841,7.43768043,1,-0.0193558000028,1.6857073307,-1.12116885185,0.774520277977
49,29,O,12.75270623,11.21334704,9.57246647,-2,-0.0431229099631,-0.702726125717,-1.02479708195,-1.97743344307
49,30,H,9.47484936,12.35353158,11.82017352,1,0.00198606774211,-0.420985609293,0.277097731829,3.16617226601
49,31,H,14.03755036,11.70958081,11.71129377,1,0.00215361826122,-1.75288236141,-2.1051337719,-0.458831191063
49,32,H,14.31209339,13.14754643,13.44975605,1,0.00576271116734,1.60226547718,-1.38607609272,-4.76486110687
49,33,O,13.23785425,13.81074934,9.22343033,-2,-0.0448063537478,1.15709412098,-0.895519018173,-0.0339103490114
49,34,H,11.95766472,15.06315506,7.47839946,1,0.00667782872915,-0.224004641175,-3.4415974617,-4.82705354691
49,35,O,13.04318274,10.374601,11.75167341,-2,0.00116835534573,3.48953604698,-4.49051570892,1.0045889616
49,36,H,9.78288984,17.88880477,11.97634078,1,-0.177941501141,0.774277031422,-0.0702896937728,1.47034704685
49,37,H,9.7232954,13.18978222,10.22197408,1,-0.028380997479,2.33472919464,-3.07047915459,-1.05968284607
49,38,O,14.58019995,12.45571677,11.6990017,-2,-0.0326016992331,2.80452680588,3.61194849014,-3.22974562645
49,39,H,11.97771578,11.74784682,9.79100041,1,0.00814051739872,-0.26291975379,0.32571837306,0.40181979537
49,40,O,12.15822425,12.06876365,13.49507258,-2,0.251407772303,-1.0224186182,-0.23199480772,-0.524951338768
49,41,O,11.71231128,17.90541958,7.91934059,-2,-0.0236507356167,-0.741838932037,3.01357650757,-2.84616303444
49,42,H,13.06597792,9.67330095,12.54001424,1,-0.00865552201867,-0.183091208339,2.02158927917,-2.14985704422
49,43,O,10.56387866,10.86292629,11.77372077,-2,-0.0817455425858,1.49311983585,-5.89438533783,-0.918193459511
49,44,H,14.67796906,12.86673082,10.7154866,1,0.0172539055347,-0.183389171958,-2.15454339981,3.21354007721
49,45,O,15.15954709,15.21161688,9.17129668,-2,-0.0760935693979,0.249386399984,-1.47817897797,-0.172486096621
49,46,H,16.07140924,14.89667015,9.19127745,1,0.00906442292035,-0.0258000269532,0.399671316147,-0.0191956888884
49,47,H,11.58630736,16.14690775,10.36345094,1,-0.0103926286101,-2.57669949532,1.27954828739,-0.731610178947
49,48,H,13.72930447,9.85307259,11.04077172,1,0.0187598355114,-3.31391334534,2.18032240868,2.61104273796
49,49,H,13.33674821,9.17775175,9.34197704,1,0.012359129265,-2.14122986794,0.303490549326,-1.68404245377
49,50,H,10.92872066,15.69268653,8.99174757,1,0.0331604853272,-0.525215029716,1.4738278389,1.89517855644
49,51,O,13.84271293,8.16284523,10.82581283,-2,-0.0281659811735,2.19325876236,0.099838539958,-2.91825437546
49,52,H,10.54861898,14.54972299,11.55949251,1,-0.012493558228,1.02576100826,-0.208069503307,0.944674491882
49,53,O,10.69294055,16.44742639,9.86957824,-2,-0.123052701354,2.99651360512,-3.17349863052,-0.146711736917
49,54,H,11.71182032,14.32323174,12.74474311,1,0.0033165179193,-1.3099861145,-0.312803208828,-2.69363260269
49,55,H,10.00531891,11.52372222,9.65220038,1,-0.0135475806892,0.773599982262,3.22213220596,1.66389465332
50,0,O,12.37042635,11.47791842,10.40060451,-2,0.0380832403898,4.03915071487,-2.21489214897,-2.56375837326
50,1,O,11.13593479,13.7392142,8.81035378,-2,-0.0430602543056,-1.22851955891,-2.36724257469,0.576079487801
50,2,H,9.61356179,10.21951275,12.18553039,1,0.0217426382005,1.32872653008,1.83430325985,0.0952402502298
50,3,O,14.60754005,9.49078536,12.16330983,-2,-0.0426716543734,-2.3925113678,2.32641434669,0.0952462852001
50,4,H,11.87259221,10.77631366,9.98124469,1,0.0202619936317,-1.75521683693,0.101421296597,0.21881185472
50,5,H,13.98598247,10.31680114,11.90641752,1,0.012781817466,2.60722017288,-2.91843771935,0.581898391247
50,6,H,11.81514071,12.56730247,13.59127423,1,0.0143045932055,-1.4049898386,-0.253825247288,-0.091834589839
50,7,H,10.95653522,14.07659662,13.0177731,1,0.0128779262304,-0.794218122959,-0.189868122339,0.211614578962
50,8,H,15.22179956,9.16248944,11.50311113,1,0.0153062809259,-0.288978129625,0.672502875328,-0.50778144598
50,9,H,10.74673678,9.9096548,11.34479852,1,0.0145813655108,0.273351758718,1.06579267979,0.595607459545
50,10,H,11.60897771,13.31717546,9.57981351,1,0.0127134658396,-0.817664861679,0.571026623249,-1.0970158577
50,11,H,10.55010235,12.44763644,14.62966971,1,0.0119846649468,-0.484984904528,-0.24451816082,1.4493765831
50,12,O,11.30825465,14.65223344,12.29693442,-2,-0.0620903596282,1.00712704659,0.619837701321,-0.819269835949
50,13,H,14.06655367,14.54132518,12.31192824,1,0.0252762492746,0.157498016953,-2.36219763756,-2.55635929108
50,14,H,13.38407132,12.890036,12.60863569,1,0.031282402575,-1.7197149992,-2.46340250969,1.85873639584
50,15,H,10.37956777,13.06680281,8.63335297,1,0.0179725624621,1.93356132507,1.84626352787,0.482502371073
50,16,O,10.48036263,12.75131005,13.74446398,-2,-0.689452409744,1.51735043526,0.456973493099,-0.673178374767
50,17,O,12.79075934,12.10040943,13.19749215,-2,0.348970860243,-0.631643533707,2.25019073486,-6.40104579926
50,18,H,10.6166083,15.19927139,11.91648041,1,0.0188954267651,-0.114889018238,-0.236079096794,0.251329123974
50,19,O,14.06085174,13.78183841,11.55936007,-2,-3.1441450119e-06,0.315734744072,2.84148979187,2.8916118145
50,20,O,10.45550099,10.69508808,11.87987953,-2,-0.0185469910502,-1.89181482792,-3.29688763618,-0.643297433853
50,21,H,13.3796511,14.15625252,10.98857976,1,0.0216170139611,-0.389986336231,-0.0341874696314,-0.114584594965
50,22,H,13.23868994,11.02208915,9.93664557,1,0.0224918611348,-2.00227451324,2.59081697464,2.11679244041
50,23,H,12,12,12,1,0.194680377841,2.73769593239,-0.595435917377,4.04327917099
51,0,O,12.47124625,11.61350283,10.40417938,-2,0.0552041307092,-0.0193249583244,-4.06178379059,-1.75457620621
51,1,O,11.2721567,13.86052092,8.79042324,-2,-0.0344322249293,-2.00342464447,-2.73429870605,1.36667239666
51,2,O,8.77552058,13.3697253,11.50326879,-2,-0.0471475310624,2.44482779503,-6.90863800049,0.047620113939
51,3,H,9.81911066,10.20377551,12.03019391,1,0.0294588208199,-2.16463518143,-0.442482531071,2.39639806747
51,4,O,10.39929821,15.93271179,10.58451325,-2,-0.0150151848793,-3.61982011795,1.82062208652,-0.234089240432
51,5,O,14.71621779,9.55008905,12.09561386,-2,-0.041610725224,-2.00408792496,1.96143651009,0.144164189696
51,6,H,11.85971807,10.85042366,10.13867471,1,0.0215036105365,-0.593717813492,2.32193684578,0.411402106285
51,7,H,14.26695003,10.45640545,11.86741505,1,0.0124321356416,1.97701478004,-2.51705694199,0.461434066296
51,8,H,11.91672631,12.65809637,13.49940471,1,0.0265425145626,-1.51913034916,-0.583896934986,0.733293950558
51,9,H,8.96390168,12.47011534,10.88319487,1,0.0144896227866,-1.14408385754,3.96069598198,1.54406535625
51,10,H,9.65357424,9.689546,10.86300015,1,0.0347731485963,0.166896313429,-3.73575401306,-4.65014982224
51,11,H,10.89287129,14.20799945,12.85504989,1,0.012821175158,-0.351154953241,-0.595507442951,0.992192089558
51,12,H,9.8547046,8.24585834,10.98037055,1,0.0173270944506,0.0893340855837,-3.03639698029,2.18336367607
51,13,H,15.40281913,9.24003193,11.50408671,1,0.0165237337351,-0.0222442559898,0.714988529682,-0.4590087533
51,14,H,11.08912231,10.02316393,11.35815424,1,0.0253834426403,-0.859626233578,2.13597035408,1.85935080051
51,15,H,11.66626668,13.48632269,9.64385109,1,0.0140222273767,-0.704388558865,0.55670773983,-1.66474235058
51,16,H,10.74913822,12.60614917,14.62277651,1,0.0118917785585,-0.0383851714432,-1.09239673615,3.81379246712
51,17,O,11.44393131,14.72429461,12.27131984,-2,-0.0821650028229,1.74730205536,-0.179091542959,0.292089343071
51,18,H,14.2927893,14.65098676,12.30028242,1,0.0246663801372,-0.640543282032,-3.17824482918,-3.39723587036
51,19,H,9.223231,12.76325087,12.2963416,1,0.0176547467709,-1.26218879223,3.13562226295,-1.39165270329
51,20,O,9.85550674,8.74117581,10.21244472,-2,-0.0573714114726,-0.816691637039,5.94445228577,0.93579685688
51,21,H,9.3926406,15.71227068,10.70291798,1,0.0255283992738,3.12709188461,0.0216028951108,-0.979453980923
51,22,H,13.14728909,12.94177968,12.67416252,1,0.0212724357843,2.17207717896,2.56341552734,-1.38712966442
51,23,H,10.41045374,13.25683264,8.69151785,1,0.0191698689014,2.78167629242,2.15070772171,0.29419401288
51,24,O,10.57953164,12.88892527,13.78322075,-2,-0.681776762009,1.02944076061,0.458052039146,-3.61413836479
51,25,O,12.9380276,12.17330819,13.1449912,-2,0.270441621542,-5.08581972122,-2.13209152222,-2.275203228
51,26,H,10.86939725,15.40643819,11.88071023,1,0.016778871417,0.39520534873,-0.0429982542992,-0.199635311961
51,27,O,14.15703914,13.87059436,11.52035108,-2,-0.0336252748966,5.20498085022,1.692969203,5.55859518051
51,28,O,10.53935297,10.76238405,11.86387144,-2,-0.00242386013269,3.12815666199,-1.48160791397,-2.21573328972
51,29,H,13.42170186,14.14596953,11.10884714,1,0.0165476724505,-4.47454595566,1.99648559093,-2.35444903374
51,30,H,10.88216194,15.33703394,10.00297763,1,0.0191253237426,-0.884136259556,-0.505028307438,-0.41392570734
51,31,H,13.15248609,10.95206641,10.04716114,1,0.0217889342457,0.69307410717,2.241345644,0.940096080303
51,32,H,12,12,12,1,0.250220268965,3.25080633163,-0.449734985828,3.01660227776
52,0,H,10.65856998,11.27802543,14.62235187,1,0.0118470601737,0.0469018593431,-0.653130948544,0.657025873661
52,1,O,12.47884916,11.76828776,10.3498804,-2,0.0313998088241,-3.22206497192,-1.83981585503,0.0925954207778
52,2,O,11.30154287,14.00335709,8.72625727,-2,-0.0115052089095,0.930891752243,-0.0319790765643,1.84750783443
52,3,H,10.02633243,10.81100962,16.09395248,1,0.0188596881926,0.760617434978,0.176221087575,-1.0404613018
52,4,O,8.84177439,13.45975428,11.44737219,-2,-0.0476057603955,1.4385226965,-0.704366981983,2.88016748428
52,5,H,9.84152126,10.2116422,11.95349229,1,0.0305771883577,0.0625495314598,0.511847794056,1.51055717468
52,6,O,10.41419055,16.05866384,10.5467414,-2,0.00113689899445,1.20320403576,2.30125141144,-1.24451160431
52,7,O,14.73265989,9.65250284,11.99231443,-2,-0.0378869958222,1.47578084469,-4.57265233994,0.297449558973
52,8,H,11.1241539,13.95770626,15.24186248,1,0.0210805758834,0.429049432278,0.346740424633,1.2172511816
52,9,H,11.71842053,11.08969854,10.25044113,1,0.0234176404774,0.259635388851,2.74095463753,-0.559402942657
52,10,H,14.52752253,10.49016698,11.76095528,1,0.0111844856292,-0.882537066936,4.54444885254,-0.850220799446
52,11,H,11.91577142,12.71319978,13.36363471,1,0.0380042120814,-1.37001478672,-0.68758046627,1.71438241005
52,12,O,9.88965444,11.04781024,15.15651375,-2,-0.0441484898329,-1.31276416779,-0.937905788422,0.698720633984
52,13,H,8.92109033,12.79010781,10.78804778,1,0.0146083496511,-0.102515883744,-0.766044914722,-0.784258246422
52,14,H,9.7359858,9.79646404,10.70048048,1,0.0182730667293,-0.00020226277411,-1.84867334366,-3.69898819923
52,15,H,10.73820262,14.32661505,12.67436155,1,0.0141996145248,1.87149941921,1.13675260544,-0.631818056107
52,16,H,9.3736826,15.25081159,16.5158323,1,0.0189987216145,-0.501137197018,0.63849145174,0.00151918875054
52,17,H,9.7668581,8.41515734,11.10711799,1,0.0208410173655,0.469585090876,0.531239748001,-4.12380313873
52,18,H,9.44052488,14.40790506,15.35264897,1,0.0182628575712,-1.81853079796,1.95437765121,-0.713564276695
52,19,H,15.46306838,9.38589569,11.39544344,1,0.0176844969392,-0.629469573498,0.205298990011,0.616134464741
52,20,H,11.28683559,10.32596299,11.43913188,1,0.0248654782772,-0.788814783096,-0.337074071169,1.1412653923
52,21,H,11.59801116,13.70751453,9.5828626,1,0.0174536369741,0.905717253685,-0.297539055347,0.564275324345
52,22,H,10.83848065,12.74208971,14.68306127,1,0.0226107910275,-1.09119772911,0.432588040829,-2.16224718094
52,23,H,10.99599033,15.11928735,5.97747202,1,0.0176617316902,-0.903306186199,-1.00746822357,0.997206807137
52,24,O,11.48892079,14.83132707,12.1947841,-2,-0.0950373262167,-0.677605688572,-0.652643203735,0.97911554575
52,25,H,14.39466253,14.58733673,12.07946197,1,0.0175016280264,0.790035247803,3.57476067543,3.2320497036
52,26,H,9.3412837,13.02009083,12.27001063,1,0.0144151654094,-1.41766488552,1.38905930519,-1.93271899223
52,27,O,9.87300996,8.92794652,10.14200525,-2,-0.0481056198478,-0.927835762501,0.281952053308,6.12235689163
52,28,H,9.51068311,15.88832753,10.63558498,1,0.0251924227923,-2.35687756538,-0.564279854298,0.138352036476
52,29,O,10.99057675,13.54122029,16.13727037,-2,-0.0489260181785,-1.37916612625,0.155638277531,-0.144645899534
52,30,O,10.47614347,14.51763695,6.57475643,-2,-0.0596313402057,-1.53687500954,1.58312451839,-4.7537522316
52,31,H,12.91120562,13.14405177,12.62155982,1,0.0270196422935,2.29250597954,1.31442940235,-0.731121003628
52,32,H,10.00205894,13.33268078,16.04458102,1,0.030789854005,2.12117147446,-0.365089595318,1.02790999413
52,33,H,10.46770586,13.56802647,8.69836054,1,0.0242763981223,-1.48797655106,-0.567870914936,-0.354012668133
52,34,O,10.58797527,13.06196286,13.75523166,-2,-0.678442239761,2.42950558662,-1.27035319805,0.205197185278
52,35,O,12.97560964,12.2759467,13.03658216,-2,0.310352444649,-5.8189034462,-0.509014487267,-2.71655726433
52,36,H,10.97488426,14.38904827,7.32286116,1,0.0127988234162,2.14124441147,0.0973951220512,1.71865165234
52,37,H,11.04239656,15.63255389,11.73511283,1,0.0182846561074,0.737971544266,-1.34762346745,0.694872975349
52,38,O,14.17122585,13.9954914,11.45401621,-2,-0.042604714632,-3.80469322205,-2.96041846275,-5.1816778183
52,39,O,10.53804681,10.85813907,11.78614603,-2,-0.000410959124565,0.743557691574,-0.0608905591071,-0.0767470672727
52,40,O,8.86983228,15.15818414,15.68964934,-2,-0.0481226295233,1.32124257088,-1.46364629269,0.100327961147
52,41,H,13.20206946,14.21518859,11.08662755,1,0.0171360820532,3.24134731293,0.0174760539085,1.70692431927
52,42,H,10.78294243,15.36932455,9.99525097,1,0.0208391994238,-0.154904320836,-0.137829169631,-0.546823382378
52,43,H,13.02476113,11.03277718,10.13572723,1,0.0201756563038,2.86720871925,-0.427635729313,-0.318929046392
52,44,H,12,12,12,1,0.230678066611,3.64531564713,0.0774204879999,2.40447378159
53,0,H,10.55382045,11.51729608,14.60797429,1,0.0146988686174,2.7933511734,0.528628230095,-1.47146391869
53,1,O,12.34210579,11.92037181,10.2408183,-2,-0.0119549408555,-0.361007839441,-1.75449681282,-0.182073712349
53,2,H,9.98131082,11.22537361,16.03337152,1,0.0194917693734,0.068545602262,-0.186495780945,-2.4098470211
53,3,H,9.72358709,10.24210053,11.91510323,1,0.0224435701966,2.18654894829,1.55867671967,-0.419217914343
53,4,O,10.30320327,16.19215352,10.45014237,-2,0.0145479440689,-0.810368657112,-0.505730688572,-3.25797486305
53,5,O,18.03734488,9.02356829,8.06714207,-2,-0.0699928849936,-0.3894559443,-3.38262176514,4.57480764389
53,6,O,14.62680226,9.75446718,11.85337129,-2,-0.0341097339988,0.561959028244,1.68028473854,-1.35265409946
53,7,H,16.41012826,10.02936842,9.10635784,1,0.0242359489202,-1.15835344791,1.44462490082,-0.788826048374
53,8,H,11.0258636,13.99696544,15.11707143,1,0.0153066702187,-0.458185315132,0.68377572298,1.39761304855
53,9,H,11.45597506,11.48693249,10.26186719,1,0.0203652344644,0.130339771509,0.947874367237,-0.836161017418
53,10,H,16.50990877,10.37423508,10.86232993,1,0.0327360220253,1.06815838814,-1.75904297829,-4.61949062347
53,11,H,14.59711753,10.68891037,11.53424498,1,0.0170847103,-0.806946694851,-0.262252867222,1.03635835648
53,12,H,11.76723934,12.70338177,13.23776895,1,0.048039406538,-1.14684545994,0.230081900954,1.8137178421
53,13,O,9.81431416,11.21661464,15.03424747,-2,-0.0455303005874,-3.4604177475,-2.29592776299,4.41567611694
53,14,H,10.56016725,14.48476985,12.41150585,1,0.0173082947731,1.65176820755,0.593897521496,0.0589807704091
53,15,H,16.39310458,10.4599116,16.01082457,1,0.0204570926726,3.09426832199,2.68465089798,2.06812763214
53,16,H,15.32537027,9.53477282,11.21837638,1,0.0152816027403,-0.486375242472,-1.68166255951,0.091844022274
53,17,H,11.30196097,10.64311529,11.54752338,1,0.0177605450153,-0.465183913708,-1.70144271851,0.775845229626
53,18,H,14.72315835,10.37801997,14.84255211,1,0.00920786708593,-3.61945033073,0.799425661564,-1.3548797369
53,19,O,16.6508878,9.72699027,9.96570315,-2,-0.00509849190712,-0.419930785894,1.41874110699,5.99711990356
53,20,H,16.25769206,9.35734865,14.98692372,1,0.0210770666599,0.969075918198,-0.896203577518,-0.755254864693
53,21,H,10.73258965,12.90295741,14.55906626,1,0.0218888297677,-1.09041857719,0.222781419754,-1.4669829607
53,22,O,11.39387715,14.94488276,12.06648506,-2,-0.0780753046274,-0.225747868419,0.0458764508367,-0.0513792932034
53,23,H,14.40861075,14.66412435,11.98116361,1,0.0163129325956,-0.228201940656,1.53723466396,1.15025174618
53,24,O,13.73699911,10.58091024,14.44806203,-2,-0.102768585086,2.33953690529,-0.666110217571,-1.53481388092
53,25,H,9.35567495,16.04589545,10.47266618,1,0.0222392175347,-0.554521083832,0.516952931881,0.44956099987
53,26,O,10.89569338,13.68095363,16.05835078,-2,-0.0532237589359,-2.05145788193,-0.127427533269,0.713224649429
53,27,H,12.68695027,13.42193241,12.47213775,1,0.0429036989808,1.85463118553,-2.99165892601,1.13919138908
53,28,H,9.9013896,13.39712193,16.10028875,1,0.021963449195,2.76774668694,1.10354804993,-0.330464243889
53,29,O,10.46703677,13.23728971,13.67240413,-2,-0.733828306198,2.80083584785,-1.19932901859,-0.900085866451
53,30,H,13.83006621,10.55078386,13.43146178,1,0.00703192129731,-0.138359799981,0.000976868206635,3.09159469604
53,31,H,17.76853625,9.38942946,9.0277903,1,0.0124596208334,1.72503364086,-0.691372096539,-2.97055268288
53,32,O,12.85599019,12.3841058,12.8684238,-2,0.505123794079,-6.78003978729,2.96401906013,-4.37074804306
53,33,H,11.10819318,15.77971375,11.53165201,1,0.0174203515053,0.476250678301,-1.94616484642,1.64017629623
53,34,O,14.03931532,14.113474,11.32768104,-2,-0.0472030490637,-3.10990142822,-1.30498707294,-3.14093399048
53,35,O,10.40333995,10.96047761,11.65150133,-2,-0.0170741379261,-2.01479959488,-1.00875341892,0.0911182463169
53,36,O,15.81896877,9.92451926,15.58710556,-2,0.0254594534636,-2.59155535698,-2.35624647141,-0.59460246563
53,37,H,13.00378588,14.25850686,11.07175899,1,0.0173862576485,3.69468212128,0.532558143139,1.41681325436
53,38,H,10.53813066,15.38742972,9.90150189,1,0.0227812416852,0.150203108788,1.35721945763,0.77640748024
53,39,H,18.07618736,8.02023221,8.5048063,1,0.0175537187606,0.0510581806302,3.45054101944,-2.42425680161
53,40,H,12.9058478,11.11582156,10.14777266,1,0.0167460720986,-0.110577918589,1.0063277483,-0.0683658048511
53,41,H,12,12,12,1,0.101546339691,4.09408998489,1.40929198265,2.60259485245
54,0,H,10.36950316,11.71021818,14.44924242,1,0.0185380242765,-1.84210121632,-1.96066915989,0.392241388559
54,1,O,12.01210563,12.02358262,10.0534263,-2,-0.0285942330956,0.854372441769,-0.981061398983,-0.117472112179
54,2,H,9.74972337,11.51243455,15.77945763,1,0.0224082395434,-1.33285856247,-1.44878649712,-1.24751281738
54,3,H,9.52456302,10.30827099,11.81294934,1,0.0213549043983,0.566678702831,0.382472336292,0.121783904731
54,4,O,14.34133217,9.82214657,11.64839198,-2,-0.0230066850781,0.813122928143,4.78327131271,-2.94179558754
54,5,H,10.74222586,14.00951414,14.97125714,1,0.0172321349382,-0.678879022598,0.916236400604,-0.221186310053
54,6,H,11.02345618,11.88919573,10.11637626,1,0.0231802389026,1.42914927006,-0.794753789902,-0.397136569023
54,7,H,14.42015379,10.84719033,11.24210942,1,0.0200468469411,-0.803056001663,-3.2073700428,2.36631536484
54,8,H,11.44601818,12.62957171,13.09947467,1,0.0553973987699,-1.50815248489,1.55467092991,1.33208334446
54,9,O,9.52787101,11.34083861,14.84206411,-2,-0.0748644396663,-0.337332963943,0.477021872997,-0.273988842964
54,10,H,16.31447164,10.4407867,15.80447267,1,0.021103143692,-1.12942183018,-0.240840390325,-0.481968164444
54,11,H,14.95897854,9.57709258,10.94668533,1,0.0157282575965,0.19769333303,-1.42302370071,0.138252466917
54,12,H,11.07509304,10.81766108,11.61239416,1,0.0200071707368,-3.63966870308,-0.625820398331,-0.234596908092
54,13,H,14.42151838,10.43013213,14.63697258,1,0.0136890560389,-4.03941679001,1.17378783226,-1.72487020493
54,14,H,16.01042359,9.37098586,14.65321291,1,0.0239568538964,-1.82181417942,2.23103475571,2.50929427147
54,15,H,10.38389584,13.01960948,14.28594528,1,0.0207077823579,-0.0433018505573,-1.91261804104,3.67898344994
54,16,H,14.22535139,14.77619826,11.91222765,1,0.0223894696683,-3.08222460747,-2.26303958893,-3.47488331795
54,17,H,10.93006907,12.16331707,16.37603791,1,0.019396468997,1.43831825256,1.06525719166,0.414098054171
54,18,O,13.4075848,10.65943594,14.22879048,-2,-0.107674345374,2.98533034325,-0.76394546032,-1.86064553261
54,19,H,12.27660913,11.24793628,16.54104697,1,0.0183918569237,-3.62831711769,0.352416187525,-0.922535657883
54,20,O,10.60440166,13.7788291,15.89891902,-2,-0.039734005928,0.00753469020128,0.374076098204,2.93367099762
54,21,H,12.39646714,13.51313991,12.31078406,1,0.0499146282673,1.02954673767,-4.05902242661,0.892607390881
54,22,H,9.69621231,13.46616808,16.08644768,1,0.0258058309555,0.447010427713,0.975308775902,-0.963549613953
54,23,O,10.16015841,13.36731348,13.50600991,-2,-0.771143198013,2.36965060234,1.41779065132,-6.35557794571
54,24,H,13.50509289,10.65218294,13.19187802,1,0.00903110951185,0.00461044721305,-0.171255409718,3.72813248634
54,25,O,12.51922176,12.45968295,12.60957801,-2,0.592744290829,-0.998352229595,5.10520458221,2.11122345924
54,26,O,13.70900779,14.17832086,11.12079011,-2,-0.0303172431886,6.29445409775,1.82208180428,3.03677988052
54,27,O,10.07300367,11.02150575,11.43970177,-2,-0.0257300287485,2.47439408302,-0.747095644474,0.277237534523
54,28,O,11.2528686,11.26917556,16.26344223,-2,-0.0391564369202,5.48417425156,-1.58306443691,2.50014710426
54,29,O,15.53232102,10.03090118,15.35288506,-2,0.0363729819655,4.25620174408,-2.63322496414,-1.38724994659
54,30,H,12.80450133,14.2570204,11.03145699,1,0.0207529366016,-2.87338685989,1.35702371597,-0.454671412706
54,31,H,12.60586549,11.19010293,10.06022191,1,0.0172295533121,-2.34883165359,1.71405088902,-0.324287265539
54,32,H,12,12,12,1,0.0348414033651,-0.545144200325,-0.886081337929,-3.04893755913
55,0,O,11.70773131,12.25713814,10.10130043,-2,-0.029824398458,-0.863428533077,2.4978787899,-0.630088031292
55,1,H,9.38236125,10.51786495,11.95227106,1,-0.00953656062484,-1.62733066082,-1.01696884632,0.545698404312
55,2,O,14.09026978,10.04314368,11.68415919,-2,-0.0259558036923,1.4047498703,2.09936475754,-3.18019533157
55,3,H,10.70182312,12.36432967,10.14938799,1,-0.00603728368878,2.22208476067,-1.78531622887,-0.0903308391571
55,4,H,14.2165662,10.96768404,11.27331701,1,0.00628992542624,-0.689935743809,-1.00200986862,1.67338693142
55,5,H,11.1803586,12.73445176,13.21880028,1,-0.269865751266,0.179976508021,-0.107935011387,0.241030603647
55,6,H,15.38426662,11.91092024,14.32039587,1,0.00673959963024,-0.909000396729,2.72056174278,-2.05986595154
55,7,H,14.60261886,9.68552183,10.9088167,1,0.00159282051027,-0.613759160042,-0.936611711979,1.23923754692
55,8,H,14.64980907,12.72985299,13.01136893,1,0.00504449754953,0.829812049866,-0.627819776535,1.79356062412
55,9,H,10.68957839,11.06540007,11.87811201,1,-0.0152521058917,-1.82358241081,0.455438047647,-1.01312947273
55,10,H,13.93430883,10.66095444,14.60312322,1,0.00499227456748,1.57943832874,-0.674032330513,0.695384204388
55,11,O,15.18888247,12.81538894,13.85146715,-2,-0.0437636785209,0.402001202106,-1.65801811218,0.158363208175
55,12,H,13.92538585,14.86618374,11.91204228,1,0.00476089119911,-1.81504416466,-0.857385635376,-1.70927190781
55,13,O,13.11340016,10.87293806,14.23361437,-2,-0.0395326726139,-2.52119874954,0.113258242607,4.2416882515
55,14,H,12.18857112,13.59826551,12.41955415,1,-0.0373331382871,0.129243925214,2.11512446404,-1.4678735733
55,15,H,13.19055721,10.86347745,13.3456831,1,0.00108606368303,0.705127716064,-0.253496438265,-4.27534103394
55,16,O,12.19768619,12.68608014,12.59740255,-2,0.543343305588,0.0784239321947,-1.26034295559,5.47552251816
55,17,O,13.4251806,14.37729512,11.16784789,-2,-0.0280394926667,4.20679950714,0.792798399925,1.06115877628
55,18,O,9.77484114,11.21882407,11.46574299,-2,-0.0272508859634,2.40258383751,-0.164696082473,0.728507578373
55,19,H,12.50117368,14.43855724,11.21039278,1,-0.00544744729996,-1.81147921085,1.06416165829,-0.206265792251
55,20,H,12.22075886,11.45373528,10.17701284,1,-0.00996715202928,-1.20270466805,-0.876234591007,-0.353376686573
55,21,H,12,12,12,1,-0.0260429680347,-0.262751162052,-0.637702524662,-2.86783766747
56,0,O,11.46272137,12.57088489,10.3669365,-2,-0.0270271077752,2.11339402199,2.968054533,-1.49316513538
56,1,H,10.11546529,10.07012758,13.64790881,1,0.00938412360847,2.32524132729,0.16446775198,0.0720418840647
56,2,H,15.67538245,12.50128504,9.75068171,1,0.00276439264417,-2.476531744,0.113344818354,2.65131855011
56,3,H,9.21245504,10.75260681,12.2943023,1,0.010476231575,-1.49123704433,0.324781119823,-2.1166639328
56,4,H,13.28138423,9.85772513,9.52697597,1,0.00877115130424,-2.65621709824,-1.63032257557,3.22721242905
56,5,O,13.90895268,10.34611019,11.94191884,-2,-0.0413957759738,2.03650927544,-5.40483093262,2.11682987213
56,6,H,10.54807148,12.79167888,10.3760736,1,-0.0158929266036,-1.20392811298,-1.23251378536,0.196819111705
56,7,H,14.05041984,11.12993594,11.56382797,1,0.00534297153354,0.966270744801,5.59662866592,-1.8548797369
56,8,H,11.02292245,12.97216706,13.49662945,1,-0.0790463536978,2.86308908463,-0.0500392690301,-1.79627597332
56,9,O,12.58492238,9.67058061,10.32419322,-2,-0.0286669954658,-0.526000618935,3.57353019714,-7.68040323257
56,10,H,10.95750884,9.29416098,11.43264748,1,0.00846236012876,0.0298569053411,0.367498576641,0.114798054099
56,11,O,15.03264184,12.39517538,10.57367855,-2,-0.0301171317697,0.196627393365,1.68346619606,-2.36448454857
56,12,H,15.06135108,12.22438273,14.55885211,1,0.00788901187479,-0.45170751214,1.73974406719,-1.28429782391
56,13,H,14.28691816,9.83906996,11.15455656,1,0.00406476482749,-0.53675454855,0.557319402695,2.35467672348
56,14,H,14.30700678,12.93397422,13.25929676,1,0.0077293086797,2.2504594326,0.0992116853595,3.15692996979
56,15,H,10.27497893,11.38797739,12.28267759,1,0.00227706879377,3.33980202675,1.19339835644,0.374157100916
56,16,H,13.6280779,10.92105174,14.87388076,1,0.00620188191533,3.18664741516,-1.35512149334,1.41521143913
56,17,H,14.28368686,13.11021925,10.57190199,1,0.00507489219308,2.10462594032,-1.38758397102,-0.471918940544
56,18,O,9.30340964,9.75543542,13.97902022,-2,-0.0417507253587,-4.06457042694,2.52850532532,-0.0402496010065
56,19,O,11.13596549,9.30722311,12.38679075,-2,-0.0217995122075,-0.560755848885,-1.85545253754,-0.27599170804
56,20,O,14.9435999,13.10619457,14.0915654,-2,-0.0471904501319,-1.4255604744,-1.44089722633,-1.95031774044
56,21,H,13.64623725,14.97214645,12.09947605,1,0.00202044472098,4.23689746857,3.84653830528,7.09394407272
56,22,O,12.86950066,11.16520356,14.45838245,-2,-0.0428172945976,-4.04607152939,1.04461455345,-0.0915031656623
56,23,H,10.48693463,8.6324603,12.72815839,1,0.00804401561618,0.965748608112,0.794861078262,-0.361665129662
56,24,H,12.07031125,13.86987285,12.66804496,1,-0.0146021023393,0.832007288933,3.2213101387,-0.872325778008
56,25,H,12.9516702,11.11780929,13.51701267,1,0.00470349565148,0.525905907154,-0.544636547565,-0.743316709995
56,26,H,8.73309857,10.58348207,13.68999801,1,0.00936962477863,0.855116724968,-2.56452703476,1.82853055
56,27,O,11.93279502,12.9796802,12.82665961,-2,0.454509973526,-4.24329185486,-4.30997610092,4.4751625061
56,28,O,13.21696578,14.64482175,11.44560349,-2,-0.0225482657552,-7.50690507889,-3.08248186111,-7.17558097839
56,29,O,9.54714692,11.49285469,11.71573669,-2,-0.0437137186527,-2.44845104218,-1.46498978138,0.804719984531
56,30,H,12.68083486,8.9633525,10.88479587,1,0.00994160585105,1.31387221813,-2.70013689995,1.65939223766
56,31,H,12.15857303,14.741075,11.57728663,1,0.00549879297614,4.04180288315,0.435840010643,-1.04326033592
56,32,H,11.82851198,11.71391916,10.47526388,1,-0.00840517506003,-0.795675933361,-1.97501993179,-0.372624486685
56,33,H,12,12,12,1,-0.107552632689,0.249726727605,0.745467424393,0.447181642056
57,0,O,11.23136845,12.74120268,10.58270635,-2,-0.0160039439797,3.57806801796,-2.18850421906,-1.15026950836
57,1,H,15.52199755,12.36335276,9.84850071,1,0.038575977087,-3.31140708923,1.94152784348,1.87639856339
57,2,H,8.94641438,10.86572163,12.46665692,1,0.00835081189871,-0.864055514336,0.515689969063,-1.63553166389
57,3,H,13.04831635,9.98974428,9.80664582,1,0.0132960509509,-1.353531003,-0.874451577663,1.6249383688
57,4,O,13.73529804,10.48921498,12.1593985,-2,-0.0489749014378,1.35163629055,1.77584385872,0.960085570812
57,5,H,15.14790802,10.56705473,9.45923117,1,0.00884936377406,-1.72654390335,1.20596969128,-2.42822885513
57,6,H,10.33322646,12.96596204,10.56078362,1,-0.0079139508307,-2.29771995544,-0.349105209112,0.157078921795
57,7,H,15.90438065,11.42440927,10.76861149,1,0.0303270667791,-1.59381306171,-4.80609464645,-2.07688808441
57,8,H,13.93019695,11.37897114,11.71300364,1,0.0124870538712,0.144204318523,-1.61855852604,0.567314445972
57,9,H,10.94678734,13.11272444,13.62459596,1,0.0116239823401,-0.909743607044,-0.251706361771,1.3711181879
57,10,H,16.07115438,13.57074238,16.66197642,1,0.011454032734,-1.46200048923,-0.00465282751247,0.76463252306
57,11,O,12.31947518,9.79216152,10.47257612,-2,-0.0312273576856,-0.289276391268,-1.01027107239,-2.17218446732
57,12,H,10.85284001,9.46857392,11.70932958,1,0.0117261447012,-1.28679537773,-0.128202348948,-5.06291294098
57,13,O,13.4993018,17.20177783,13.35940396,-2,-0.38753670454,0.796662390232,-0.118535876274,-0.21477368474
57,14,O,12.12447569,15.49309478,14.42113418,-2,-0.104813739657,-2.32628750801,-1.86165297031,-1.5562582016
57,15,O,14.79335674,12.55746326,10.71733531,-2,-0.117172189057,-1.0650831461,1.99444258213,-1.30600583553
57,16,H,14.72403967,12.42343997,14.70099683,1,0.0191744267941,0.362717777491,-2.49519014359,0.843148171902
57,17,H,13.95745803,9.86886229,11.45536065,1,0.0141803715378,0.851259350777,0.590690076351,0.617229700089
57,18,H,14.81624564,13.43774944,15.76490006,1,0.0149582959712,0.222224697471,1.29817211628,4.22554349899
57,19,O,15.08585404,13.51144363,16.8264328,-2,-0.0706696659327,1.20631682873,-0.447489142418,-3.83875632286
57,20,H,14.06799384,13.01414741,13.6040574,1,0.0133335907012,-1.082649827,0.280111581087,-0.743983328342
57,21,H,10.00180935,11.62256967,12.63765545,1,0.0111336894333,0.740348935127,1.0340372324,-1.19673109055
57,22,H,17.22160036,12.14001968,8.31207722,1,0.0181632880121,0.244809985161,-2.01931548119,1.38876700401
57,23,O,16.4815625,12.42377704,8.884169,-2,0.0606501325965,2.14812064171,1.0486869812,-3.09644961357
57,24,H,13.4940117,10.9745368,15.19274944,1,0.018099186942,-3.61097860336,0.928847551346,-2.80607008934
57,25,H,11.40081671,14.91229071,13.89922699,1,0.0104678925127,2.44117379189,2.86765217781,2.16568303108
57,26,H,13.92900344,13.13835077,10.67086071,1,0.00588750652969,2.73267507553,-1.05909144878,-0.420241564512
57,27,H,13.36119238,17.97795321,13.9100319,1,0.01009006612,0.0340795665979,0.0409897193313,-0.443679094315
57,28,O,15.68523261,10.46376315,10.18342506,-2,-0.0790821313858,4.12155103683,0.344626009464,5.05563545227
57,29,H,13.30783224,17.15043348,12.22137205,1,0.0356907099485,0.340172767639,0.934558451176,3.70486116409
57,30,O,10.90795295,9.41413878,12.59156468,-2,-0.030468672514,0.0771582722664,-0.893636763096,6.79563570023
57,31,O,14.69803123,13.24056742,14.27272391,-2,-0.0210998207331,0.909709811211,1.65769886971,-1.30038201809
57,32,H,12.13103895,16.69917878,10.84575746,1,0.0107726380229,0.706214129925,-0.257228434086,0.484486401081
57,33,H,13.5385208,15.04643302,12.51141775,1,0.0207026563585,-1.64736735821,-0.520283579826,-1.94576776028
57,34,O,12.61733718,11.3139312,14.62827475,-2,-0.0529845319688,3.17526531219,-1.42694211006,0.0873083770275
57,35,H,10.28506301,8.81489603,13.07554509,1,0.0116964057088,0.843002140522,0.714295566082,-1.46087682247
57,36,H,11.99567232,14.09693637,12.81206286,1,0.0309474878013,-0.581841289997,-4.04246330261,1.29788911343
57,37,O,12.94677692,17.13785366,11.15504302,-2,0.344909697771,-1.68940496445,1.3772662878,-5.02472019196
57,38,H,12.73352127,11.18619854,13.58252505,1,0.00985924527049,0.282921105623,-0.392373263836,3.39757537842
57,39,O,11.66399694,13.10111807,13.01661576,-2,0.183848246932,1.51707231998,2.04212737083,-1.32455825806
57,40,O,12.99718845,14.75028379,11.67101629,-2,-0.02632702142,-0.347952276468,0.840635895729,1.71156561375
57,41,O,9.32176872,11.61415188,11.92520687,-2,-0.0411047115922,-0.31641086936,-1.67243099213,2.79257130623
57,42,H,12.56900341,9.15072384,11.19694311,1,0.0200473964214,-0.153504505754,1.13133871555,-1.48795247078
57,43,H,11.99137733,14.92143142,11.8356267,1,0.0142334029078,2.68831467628,0.174472808838,-0.929110169411
57,44,H,12.88750245,18.00833989,10.70723486,1,0.0168290585279,0.431544601917,-0.307157725096,0.565611243248
57,45,H,12.6603595,16.23893449,13.8951191,1,0.00472868233919,-0.904727876186,-0.80001115799,0.433652639389
57,46,H,16.45616132,13.15707462,8.26268,1,0.014496088028,-1.65218853951,1.65507471561,0.602824270725
57,47,H,11.3819074,11.72537662,10.67657472,1,0.00755807198584,-0.998660206795,2.29433989525,-0.452869355679
57,48,H,12,12,12,1,-0.0337693691254,-0.475260913372,0.856336116791,0.583640575409
58,0,O,11.03821442,12.81180977,10.7683395,-2,0.00847336649895,-2.08175182343,-3.63797426224,-1.12359178066
58,1,H,9.83178901,10.01320738,14.03368985,1,0.0180170089006,-2.17283892632,1.45793402195,0.987853705883
58,2,H,15.23970989,12.25604788,10.0133411,1,0.0393629558384,-3.23619103432,2.68167114258,0.991954565048
58,3,H,8.63875215,10.93174856,12.50201562,1,0.0213697366416,-0.416264861822,-0.573683381081,0.494963467121
58,4,H,12.80352847,10.01532116,10.1221219,1,0.0127235036343,4.31773710251,1.39389932156,-3.16383624077
58,5,O,13.58970018,10.54897518,12.35297706,-2,-0.0603505373001,0.975466787815,4.57505369186,1.29754078388
58,6,H,14.88805055,10.65483029,9.61183051,1,0.012663256377,0.762467443943,0.0263817161322,0.758069396019
58,7,H,10.03992297,12.99317541,10.73416701,1,0.0100960992277,1.83614611626,0.245902270079,0.225117236376
58,8,H,15.70579126,11.50477195,10.84957114,1,0.0351242944598,-0.7434450984,-5.59080982208,-1.00587928295
58,9,H,13.85156742,11.49646171,11.82994777,1,0.0205722935498,-0.247402712703,-3.49749541283,1.19419145584
58,10,H,10.7800095,13.20953251,13.8037022,1,0.0139996707439,-1.88389217854,0.490076988935,2.75265526772
58,11,O,12.07915807,9.82312287,10.58602714,-2,-0.0319688394666,-3.76849460602,-4.22340250015,4.66666269302
58,12,H,10.69679355,9.51249238,11.72927492,1,0.0212229508907,-1.06957650185,-0.738052785397,3.47500133514
58,13,H,8.9938139,11.02266584,10.34347141,1,0.0200086906552,-2.11986231804,-4.33215522766,0.787663936615
58,14,H,8.2759589,10.0691378,11.37349415,1,0.0135480873287,-1.50613498688,-0.648641526699,5.00012350082
58,15,O,14.56929631,12.62792596,10.82898485,-2,-0.0847915783525,4.40522480011,-1.33793950081,-0.0195486880839
58,16,H,14.44131867,12.39946778,14.86965091,1,0.0152572318912,0.798819720745,1.50273418427,0.0986404418945
58,17,H,13.67315636,9.83675761,11.75695635,1,0.0176385343075,1.46273338795,-0.228247895837,-0.720259130001
58,18,H,13.79660704,13.01811367,13.86203348,1,0.0108446646482,-2.20809197426,0.0394079759717,-2.08230495453
58,19,H,9.78905097,11.83759531,12.89724076,1,0.0176309440285,-1.47406005859,-0.284376174212,-2.4970126152
58,20,H,17.08638967,12.13861054,8.41019799,1,0.0196627639234,-2.47420287132,-0.240167558193,2.90714335442
58,21,O,16.2920773,12.4483507,9.06423533,-2,0.0326872840524,4.08106279373,0.832087695599,-5.08330011368
58,22,H,13.20597194,11.00600706,15.3653478,1,0.0174407623708,-3.05222177505,0.777614116669,-2.61763834953
58,23,H,13.75004961,12.98942911,10.70930907,1,0.00739840604365,-3.32882404327,1.92620134354,-1.27460587025
58,24,O,8.88644323,9.9556183,14.41418925,-2,-0.0524805448949,2.22676181793,-2.17758059502,0.840344905853
58,25,O,15.51196032,10.50288561,10.35328041,-2,-0.0755330845714,1.23131430149,1.64713060856,1.29930663109
58,26,O,10.71045294,9.42806945,12.78816683,-2,-0.0304152444005,2.9099779129,1.55400896072,-3.46847271919
58,27,O,14.48066056,13.28772741,14.42029082,-2,-0.0493634454906,1.51434969902,-1.14825510979,1.85995221138
58,28,H,13.40358718,14.99893962,12.81540546,1,0.0253846012056,-2.49379849434,-0.663915812969,-4.01317167282
58,29,O,12.40192645,11.3691033,14.76191918,-2,-0.0479414723814,2.38672208786,-1.05983996391,2.9582760334
58,30,O,8.46631203,10.06167067,10.51956793,-2,-0.117939710617,2.6318564415,1.58614432812,-6.63055467606
58,31,H,10.12267368,8.90693344,13.28553029,1,0.0197968166322,-1.38122975826,-2.29882979393,-0.853443205357
58,32,H,11.90078132,14.01795038,12.96851866,1,0.018230818212,-1.1267747879,-2.79417610168,0.71495693922
58,33,H,12.54193583,11.13877091,13.82727084,1,0.0102429222316,0.524310171604,-0.619976937771,0.232477456331
58,34,H,8.11864352,11.63743839,8.78921746,1,0.0208836272359,0.56245803833,-0.391031712294,2.43077015877
58,35,H,8.33134196,10.65549044,14.18023159,1,0.013977335766,-0.867531001568,1.77624642849,-0.318256378174
58,36,H,9.08226343,12.50109044,8.37709847,1,0.0181097015738,0.919933974743,-0.640281140804,3.6562037468
58,37,O,11.43291632,13.13175815,13.17257771,-2,0.0541732385755,2.58763813972,1.10340344906,-1.88631308079
58,38,O,12.80535472,14.76312396,11.88598427,-2,-0.0171573534608,5.92710542679,0.42913299799,3.25095129013
58,39,O,9.12558171,11.64139784,12.1193874,-2,-0.0337759032845,2.32679820061,2.62582063675,3.38861036301
58,40,H,12.47431163,9.24346884,11.40974082,1,0.0276302322745,-2.35125136375,2.0157020092,-3.08181166649
58,41,H,11.94259744,15.04492029,12.01028793,1,0.0150435231626,-2.62385129929,1.74646115303,-0.0791765153408
58,42,O,8.8769567,12.03855803,9.33212066,-2,0.017779506743,-1.57626235485,2.5293610096,-7.40814685822
58,43,H,16.17436222,13.23850223,8.49232108,1,0.0148245655,-0.866545975208,0.225845620036,1.08866083622
58,44,H,10.89596687,11.75150248,10.79784409,1,0.0175222977996,1.04624176025,3.25239992142,-0.288598448038
58,45,H,12,12,12,1,-0.0576239824295,-0.364651799202,0.686093151569,0.257714390755
59,0,O,10.91426782,12.76290667,10.92065788,-2,0.0291139483452,-2.79379343987,-2.43001461029,-1.49761521816
59,1,H,9.6778822,9.92321152,14.25740778,1,0.0153943561018,0.0119829168543,1.82029676437,-0.207211792469
59,2,H,14.89086041,12.21768476,10.19579727,1,0.0207861345261,0.287501126528,0.505120813847,-1.9320962429
59,3,H,8.3583211,10.89406337,12.53366629,1,0.0367260724306,1.12359619141,1.65028226376,2.3803422451
59,4,H,12.80328954,10.01179606,10.28374611,1,0.0156860928982,-2.43741488457,-0.0954997465014,0.0582194030285
59,5,O,13.52104324,10.52113387,12.51886257,-2,-0.0415756627917,0.490974873304,1.07223641872,0.191813722253
59,6,H,14.73644156,10.61822626,9.73761645,1,0.0171737708151,2.20706939697,-0.772008180618,2.08974146843
59,7,H,9.91019607,12.90698236,10.90373973,1,0.0154628697783,1.23569786549,1.98960328102,0.482810437679
59,8,H,15.55090211,11.23017728,10.88283818,1,0.0186953078955,1.27100872993,3.79379582405,2.94689106941
59,9,H,13.8361927,11.32373975,11.96915676,1,0.0150750987232,-0.300147742033,-1.94703948498,0.778927862644
59,10,H,10.5330816,13.26290204,14.07653449,1,0.0220778472722,3.73548483849,-0.420476257801,-2.72268605232
59,11,O,11.90661265,9.7392082,10.68203294,-2,-0.0308405607939,2.70126581192,-0.211687535048,-1.44662904739
59,12,H,10.545281,9.38046479,11.8669222,1,0.0193010158837,-0.836915791035,-0.441808998585,4.10242986679
59,13,H,11.61987088,14.42572966,9.24617541,1,0.00757332518697,2.04834270477,1.24884819984,2.732462883
59,14,H,9.01495845,10.99637777,10.47412415,1,0.0353067815304,-3.05621814728,-4.95035791397,0.158357858658
59,15,H,8.21339103,10.30322994,11.643444,1,0.0268077235669,-0.493520915508,-3.32015299797,-5.27608299255
59,16,O,14.42455872,12.58316161,10.91209432,-2,-0.017340824008,-1.34078371525,1.981133461,1.69988405704
59,17,H,14.29019922,12.27071104,15.02219964,1,0.0162439849228,0.762079298496,3.55116081238,-1.28432965279
59,18,H,13.51221785,9.70138151,11.99001112,1,0.0212381910533,1.31159317493,1.33756792545,0.771163582802
59,19,H,13.49809261,12.93366505,13.9744564,1,0.0127310566604,2.34489679337,1.21905529499,1.56117999554
59,20,H,9.56760026,11.94150078,12.99847224,1,0.0175945200026,-0.211947575212,-0.618622362614,0.216573506594
59,21,H,12.85867788,10.99019932,15.41594578,1,0.0159741919488,4.17526197433,-2.794008255,4.34669113159
59,22,H,13.52876307,12.7946686,10.62734412,1,0.0162595696747,-0.231107801199,0.210322201252,-0.145927816629
59,23,O,8.77962279,9.89257917,14.59524735,-2,-0.0486806593835,-3.58856225014,1.40421664715,0.804051160812
59,24,O,15.4138219,10.44623122,10.50257818,-2,-0.0397029817104,-1.99249219894,-5.62488269806,-5.27001285553
59,25,O,10.59780431,9.34245832,12.94865524,-2,-0.0380541831255,1.54021370411,0.293426573277,-3.49171853065
59,26,O,14.34103164,13.22552689,14.5397719,-2,-0.0534035861492,-2.91915798187,-4.47799301147,-0.327565401793
59,27,H,13.22067529,14.79964011,12.87780384,1,0.0229531154037,0.847500860691,0.555947721004,0.868798077106
59,28,O,12.26941914,11.31859508,14.86802746,-2,-0.0404188930988,-4.95329284668,3.80067968369,0.0909452885389
59,29,O,8.33408101,10.00489966,10.65371404,-2,-0.205755516887,1.99175238609,3.10645890236,2.54549121857
59,30,H,9.95180744,8.79636654,13.39547737,1,0.0190394241363,-0.37157279253,-1.06451451778,-1.30309128761
59,31,H,11.8241147,13.71461464,13.11721024,1,0.0172548554838,3.56533932686,5.27839899063,-1.08731722832
59,32,H,12.43074098,10.94522568,14.0635096,1,0.0120773985982,0.587332844734,-1.8106931448,-3.84286427498
59,33,H,8.01831729,11.56574946,8.93668896,1,0.0232376437634,0.465407848358,-0.697691321373,2.56914925575
59,34,H,8.1251609,10.67497042,14.37412651,1,0.0160544421524,2.85530519485,-2.36341691017,0.735480248928
59,35,H,8.92645395,12.47776972,8.74549096,1,0.0176538471133,2.23273396492,2.19697475433,-0.854469180107
59,36,O,11.29072213,13.05202071,13.29130764,-2,0.000422701239586,-8.08642482758,-5.48054838181,5.02562093735
59,37,O,12.70904745,14.6680825,12.09340359,-2,0.00182158499956,-0.410519093275,0.532562494278,1.22733902931
59,38,O,9.01440396,11.57082392,12.29511434,-2,-0.0274274647236,0.0718782171607,2.10096931458,0.567649066448
59,39,H,12.33639147,9.29151686,11.42998971,1,0.0221486818045,-1.69533455372,-0.254858404398,-0.0157475154847
59,40,H,11.83826823,15.1278263,12.16544492,1,0.0227686949074,1.10244500637,-0.113521181047,-0.309745341539
59,41,H,12.72012003,14.60826473,10.61464335,1,0.01315722242,-0.667499065399,-0.377271056175,-1.30541718006
59,42,O,8.7330242,11.98588796,9.51990644,-2,0.0620627254248,-2.71409320831,0.346470236778,-3.1336183548
59,43,H,10.53096753,11.83681913,10.85955217,1,0.0196427516639,2.4002263546,-0.0368988439441,-0.0235660672188
59,44,O,12.10528993,15.0038088,9.9607966,-2,-0.0751774907112,-1.8292080164,-0.202961221337,-3.76537203789
59,45,H,12,12,12,1,-0.0471390783787,-0.436896711588,0.511464834213,0.291031628847
60,0,O,11.51034532,14.19558328,13.28138884,-2,-0.0113327130675,2.10659742355,1.36555719376,-0.704791367054
60,1,H,14.54650185,9.23570282,12.89353898,1,0.000582233071327,0.159794747829,-0.431532680988,0.649088978767
60,2,H,10.68746062,12.65868487,9.88571059,1,0.00542676821351,-3.83477306366,-1.60267746449,2.31715869904
60,3,H,9.4915186,15.42114465,11.26387848,1,0.00376486591995,-0.102908283472,-0.710711836815,-0.603454530239
60,4,H,9.18045502,13.32574383,10.27860715,1,0.0075309574604,2.70590090752,-5.00872707367,1.14713931084
60,5,O,13.97765809,13.77852428,11.79707481,-2,-0.116043373942,0.168215885758,-0.121131047606,0.760933101177
60,6,H,14.33428803,11.2248958,14.73567336,1,0.00676679983735,0.360450029373,0.0830378085375,-0.198398977518
60,7,H,13.85562538,11.52998412,10.18951105,1,0.0199430584908,-1.04358124733,-1.0711517334,0.0207619741559
60,8,H,12,12,12,1,0.0378640368581,2.27870345116,0.453927755356,-1.53076934814
60,9,H,12.46007828,14.12453365,13.06349418,1,0.0148433577269,0.61404311657,1.56987416744,-1.70639336109
60,10,H,9.29104519,12.47233401,12.93574188,1,0.00860233418643,0.655850410461,-1.83422493935,-0.914255201817
60,11,H,15.86896449,11.40515765,12.25946607,1,0.0106806345284,-1.12714314461,1.98512303829,0.700246155262
60,12,H,13.61594269,13.44660434,10.98001197,1,-0.00606017559767,-0.59070289135,0.527419090271,-0.223904848099
60,13,H,14.56819581,11.21294752,8.66413352,1,-0.0243106037378,1.38209819794,-1.51899003983,-0.977722108364
60,14,H,11.66002835,13.46937907,13.78981899,1,0.0078756660223,-1.29899525642,-3.86986112595,3.15700507164
60,15,O,12.8267132,11.76590777,10.9541414,-2,-0.0441687703133,4.34393072128,0.369711399078,7.38011455536
60,16,O,14.51893761,9.90774004,12.2261536,-2,-0.131666019559,-1.92804610729,1.79169869423,-1.16054701805
60,17,H,12.05656049,11.75423644,10.60985029,1,-0.000779949128628,-8.16150093079,-0.59470397234,-5.42143726349
60,18,H,10.65489514,14.85272448,12.35022766,1,0.00705920159817,-0.317732185125,-0.892520427704,-0.592938244343
60,19,H,16.51831757,12.700786,12.83996006,1,0.00340390950441,0.596336364746,0.778309464455,0.262407451868
60,20,H,10.17358507,9.26889671,17.01800534,1,0.010184397921,0.685829401016,-2.67310523987,-1.24357008934
60,21,O,14.20204622,11.81713295,9.27421371,-2,0.446517318487,1.02006864548,3.2434220314,0.813985168934
60,22,H,12.47764174,9.2519561,12.26773491,1,0.00950544327497,-0.485438555479,-0.707261741161,-1.20270419121
60,23,O,15.69023308,12.40061347,12.48980393,-2,0.0268297716975,2.09112358093,-4.48357200623,-0.182104185224
60,24,O,12.844375,9.50806355,16.52870293,-2,0.00465103238821,2.33183407784,3.96291518211,1.14021611214
60,25,O,10.66616389,8.45773061,16.58725257,-2,-0.0903496518731,-0.791707277298,3.48058509827,1.66701233387
60,26,H,12.87306762,11.08281435,14.93199403,1,0.0153195038438,-0.494820654392,0.315474271774,-0.482060223818
60,27,O,12.12356432,9.95554869,12.78979874,-2,-0.00565157830715,-0.784065186977,-2.17406249046,2.22833275795
60,28,H,9.51029788,11.18489531,11.88890466,1,0.0062942225486,0.0197031442076,1.52216780186,2.2276725769
60,29,H,14.50108089,12.94049096,12.12785542,1,0.00839675962925,-0.931420683861,2.43963909149,-0.32018789649
60,30,O,9.79661873,12.28913799,10.47983471,-2,-0.0245133638382,1.09731137753,7.13719511032,-4.89535713196
60,31,H,13.48033774,10.37679292,12.41553132,1,0.0215087160468,4.00954532623,-1.75533628464,0.0447004698217
60,32,H,13.60341038,9.6550764,17.27680494,1,0.00879338011146,-2.93032503128,0.0465364530683,-2.74783420563
60,33,O,13.55158792,10.86983832,14.29844565,-2,-0.0268458873034,1.08557319641,1.30902349949,1.15135204792
60,34,H,11.82111138,10.70327639,12.3422107,1,0.00968576595187,-1.45329046249,0.922931313515,-1.49331438541
60,35,H,12.46199736,10.43969447,16.12073714,1,0.0269349887967,1.87073028088,-3.73635745049,2.53481340408
60,36,H,11.58498084,8.91032601,16.65588702,1,0.00340191274881,-1.54190528393,-1.8678855896,-0.154902264476
60,37,O,10.07042476,15.52775041,11.99806425,-2,-0.0792882293463,-0.887455463409,2.50267910957,0.127934664488
60,38,H,15.02836299,12.61548149,10.02984507,1,-0.128956764936,-0.358931154013,-0.821800112724,-1.41730773449
60,39,O,9.69235535,11.55889985,12.8143777,-2,-0.0424000397325,-0.518866956234,0.0684283748269,-0.156917408109
61,0,O,11.20907533,14.19308188,13.40699503,-2,-0.0168017968535,1.22747778893,-1.66250836849,1.61462759972
61,1,H,14.39042048,9.07514815,12.98967269,1,0.00597411766648,-0.877921283245,2.58525538445,-1.64428591728
61,2,H,10.25859354,12.50090298,10.13038763,1,0.00952834449708,4.8732419014,1.05558896065,-2.98935723305
61,3,H,9.22467131,15.40305772,11.42313335,1,0.007285092026,-1.38673663139,-0.6317512393,-2.90451455116
61,4,H,9.0713905,13.21037308,10.41806017,1,0.0123829804361,0.900317549706,-3.52740979195,1.00603425503
61,5,O,13.69200051,13.68633721,11.94433119,-2,-0.147890776396,0.626739084721,0.890362918377,1.85025894642
61,6,H,14.07337972,11.21806086,14.94426756,1,0.012761740014,-1.54878258705,-0.543303668499,-1.00102162361
61,7,H,13.52902088,11.44565606,10.20941037,1,0.0128837451339,-0.575717687607,-0.731615900993,1.63913404942
61,8,H,12,12,12,1,0.0227898284793,2.5032248497,0.0473482571542,-1.88071274757
61,9,H,12.11639992,14.20007261,13.11973875,1,0.0137339811772,1.69851303101,0.771308004856,-0.911760807037
61,10,H,8.90897986,12.29047151,12.90579692,1,0.00990775600076,-0.918390393257,1.80927920341,0.271541982889
61,11,H,15.58540496,11.35348038,12.46325274,1,0.0124330800027,0.00444064754993,1.30365455151,0.413403481245
61,12,H,13.25955844,13.4424825,11.15627527,1,-0.00557639636099,-0.476713210344,0.103942409158,-1.20262241364
61,13,H,14.29160305,10.96077252,8.9218922,1,-0.0642491281033,-0.0976136475801,1.32508099079,0.587035775185
61,14,H,11.29875617,13.34440659,13.85377397,1,0.0124521646649,-1.0091625452,-0.244523450732,0.373040020466
61,15,O,12.53736887,11.74717913,11.1301037,-2,0.0183283835649,-7.06624698639,0.372963696718,2.21133494377
61,16,O,14.23024647,9.86851649,12.34693665,-2,-0.0636306628585,1.0385363102,-1.5361815691,0.502693712711
61,17,H,11.66984327,11.77293556,10.58312251,1,0.0084371343255,2.42986345291,-0.555084168911,0.452345639467
61,18,H,10.51591453,14.92844159,12.32467362,1,0.00756049528718,2.51927733421,-2.99086165428,0.0168995875865
61,19,H,16.24397094,12.91588002,12.87411371,1,0.0113897658885,-2.04398012161,-1.99894225597,-0.925076127052
61,20,O,13.93688954,11.76880787,9.42081702,-2,0.471572846174,2.7766854763,-0.236127465963,-3.57232189178
61,21,H,12.11586752,9.25320035,12.08029162,1,0.010983871296,-1.0155621767,1.6096470356,2.15172195435
61,22,O,15.43235,12.33256224,12.62898605,-2,0.0654955133796,3.61791992188,-0.893611729145,1.35133755207
61,23,H,12.54880413,11.00216524,14.98280767,1,0.01187104173,-1.53841173649,0.171645671129,1.22349762917
61,24,O,11.85170008,9.8643614,12.87530543,-2,-0.0272262021899,-0.721705913544,-2.80757570267,-2.31176280975
61,25,H,9.3163897,11.18212931,12.03152266,1,0.00797708146274,0.422484278679,0.551774919033,2.17698311806
61,26,H,14.35006536,12.89339749,12.19170409,1,0.0072877407074,-1.27473318577,2.07792758942,-0.475650936365
61,27,O,9.53156732,12.24630696,10.5601388,-2,-0.0194261446595,-6.01154899597,2.99034452438,0.7000695467
61,28,H,13.35058961,10.33498166,12.57828701,1,0.00939687713981,2.07377338409,-1.5569832325,0.510447084904
61,29,O,13.2848617,10.85422924,14.4336575,-2,-0.0266333669424,3.34967517853,1.19641649723,1.13146138191
61,30,H,11.50040169,10.64585895,12.45682358,1,0.011048598215,-0.897138595581,-0.387100189924,0.0819942131639
61,31,O,9.80095515,15.4311438,12.11561092,-2,-0.0689724236727,-2.899974823,4.66867733002,1.58504867554
61,32,H,14.83205191,12.59560792,9.96395672,1,-0.288745611906,-0.356953501701,-0.659852981567,-0.61424267292
61,33,O,9.46011034,11.54335591,12.96764917,-2,-0.0443298071623,0.655143916607,-2.56778812408,-1.41747915745
62,0,O,10.84358596,14.141156,13.49641232,-2,0.0041357204318,2.85450100899,-4.71821403503,2.2499666214
62,1,H,14.10758348,8.98490641,13.00153946,1,0.00534341670573,-0.762369632721,1.74776101112,-0.983861207962
62,2,H,10.01738202,12.34101079,10.22104032,1,-0.00665791705251,0.93553006649,0.0787730365992,-0.934009969234
62,3,H,8.83096614,15.29713996,11.39139682,1,0.00553376227617,2.35621976852,-0.138870507479,1.68983507156
62,4,H,8.86770913,12.94189583,10.57463726,1,0.00771903712302,-4.46043729782,9.19778823853,0.133452907205
62,5,O,13.34021728,13.54515805,12.05922584,-2,-0.0810705199838,-3.72119760513,3.70767116547,-1.34708356857
62,6,H,13.66837169,11.13412821,15.07369873,1,0.00957191362977,0.13456825912,0.454318761826,0.573950409889
62,7,H,13.09941946,11.26373162,10.25684285,1,0.000851862132549,-0.165523052216,0.945209145546,1.78078055382
62,8,H,12,12,12,1,-0.000942461192608,-2.94150304794,5.65746974945,12.1408138275
62,9,H,11.77282264,14.25130272,13.10888595,1,0.0135335624218,-0.633734226227,-0.807825386524,1.2305059433
62,10,H,15.20147437,11.30348688,12.63595861,1,0.00556197948754,1.388931036,-2.79901790619,-0.18140566349
62,11,H,12.79932822,13.38774129,11.23647802,1,-0.00790782645345,1.77452111244,0.483095943928,1.39344000816
62,12,H,13.97256809,10.74928948,9.20396667,1,-0.187734410167,0.183500826359,1.47909462452,-0.33175483346
62,13,H,10.8239878,13.11550117,13.93244605,1,0.0142679065466,0.301967769861,4.34889888763,-2.00249528885
62,14,O,12.16328648,11.68034003,11.27215963,-2,0.0124946832657,-2.19642353058,-6.52846479416,-15.4995584488
62,15,O,13.88016549,9.77796694,12.43084145,-2,-0.0483021140099,9.77010059357,-5.92527914047,-3.72291088104
62,16,H,11.29624621,11.70910078,10.52788162,1,-0.0278090760112,3.58686256409,-0.243679299951,3.69550657272
62,17,H,10.42088413,14.78265261,12.27512106,1,0.0113170556724,-4.4930639267,1.31325793266,-0.898551225662
62,18,H,15.7845229,12.99593233,12.88697908,1,0.00896102190018,-1.20416283607,-3.55419564247,-0.522815465927
62,19,O,13.6192818,11.67752744,9.52795924,-2,0.664870500565,2.54176402092,-1.36283898354,-2.69905853271
62,20,H,11.64926556,9.28746405,11.98423234,1,0.00376924872398,-0.208332479,0.574919044971,2.72184658051
62,21,O,15.11744567,12.21323302,12.73608393,-2,0.0095297768712,1.36092507839,5.28396272659,1.27450037003
62,22,H,12.09333511,10.89882453,15.00485344,1,0.0108949355781,1.53105056286,-0.188581168652,-0.338194429874
62,23,O,11.51247896,9.71943823,12.91691436,-2,-0.0361462906003,-2.1604552269,-0.256395846605,-3.80144357681
62,24,H,14.03722671,12.92485694,12.19290864,1,-0.0027724802494,1.07869982719,-1.49690175056,-0.0442913025618
62,25,O,9.18103522,12.16404767,10.60689081,-2,-0.0327742658556,2.96734952927,-8.93906593323,0.624734401703
62,26,H,13.20766434,10.17881559,12.74751583,1,0.00375016778708,-7.19922828674,3.81108546257,4.05492591858
62,27,O,12.96092205,10.79531879,14.53542976,-2,-0.0262095108628,-1.52290344238,0.356689989567,0.825057923794
62,28,H,11.065327,10.52666187,12.53623547,1,0.00555975548923,0.214161202312,-1.29458212852,1.14561283588
62,29,O,9.45283759,15.30481942,12.20331367,-2,-0.106108672917,-0.198288142681,-0.0928837656975,-2.3155477047
62,30,H,14.46518314,12.41846707,9.74734038,1,-0.233230739832,-1.11305427551,-1.09320640564,0.0880855843425
63,0,O,10.62533208,13.88549025,13.1614892,-2,-0.0460992343724,-0.0290686562657,-2.34959483147,0.543076872826
63,1,H,13.9149566,8.77448196,12.57881854,1,-0.00401025637984,0.979124486446,-3.3884806633,2.2142663002
63,2,H,7.65807528,6.39673097,11.52367883,1,0.0171219743788,0.211908787489,-1.85021090508,3.567258358
63,3,H,10.02723519,12.02391885,9.83513939,1,-0.0215184688568,-4.95351409912,-0.0178863536566,1.23461067677
63,4,H,8.59084707,12.83894335,10.32051174,1,-0.00576273910701,1.38019227982,-2.71020460129,-0.312125504017
63,5,O,13.11458949,13.22212042,11.74197199,-2,-0.0506024509668,-3.75154829025,3.09636664391,0.201380893588
63,6,H,13.40252349,10.88505654,14.80836512,1,0.00353568419814,0.765213489532,0.84362500906,1.26310408115
63,7,H,12.80482453,10.95970057,9.97517233,1,0.0255638808012,-0.385753959417,2.3263835907,2.45175600052
63,8,H,12,12,12,1,0.0305348783731,0.272249847651,-0.634432017803,-3.18360733986
63,9,H,11.51630327,14.05985009,12.74776894,1,0.000579208135605,-1.02284812927,-1.04596984386,0.925915896893
63,10,H,14.98978154,10.94777287,12.3666046,1,0.00531157851219,0.82838344574,-0.126330003142,0.00971359293908
63,11,O,7.88348964,5.96847,12.51568109,-2,-0.0401672460139,-1.13189232349,1.20992588997,-3.22554421425
63,12,H,12.5468935,13.15440898,10.94386904,1,-0.0245646163821,1.48587214947,0.268496125937,0.402304619551
63,13,O,10.63154481,7.40216385,10.86539937,-2,-0.147667661309,1.66835963726,2.63849687576,0.656528055668
63,14,H,13.82683493,10.47568506,9.06570354,1,-0.114642038941,0.468811273575,0.214222326875,-0.859411358833
63,15,H,10.49858377,12.89502426,13.50067155,1,0.00412621535361,1.04477357864,3.41318058968,-1.36867940426
63,16,O,11.91682253,11.40897482,10.9499908,-2,-0.0238697826862,0.928265631199,-1.31762611866,1.86425673962
63,17,H,8.14228567,8.69090036,11.51910409,1,0.00657312944531,1.31364905834,1.49020981789,0.44990247488
63,18,H,8.16278588,5.75444127,10.27410327,1,0.0115232784301,1.25450599194,0.980023562908,-1.10332584381
63,19,H,10.8122442,8.06451602,10.16702726,1,-0.00654334947467,0.165807336569,-1.01635980606,-0.404039144516
63,20,O,13.69370555,9.48506701,12.07665076,-2,-0.0722660273314,-1.20590806007,4.80152368546,-1.46109867096
63,21,H,9.28997659,6.94523325,10.45867517,1,0.0118061155081,1.6771876812,-0.568344593048,-0.12490145117
63,22,H,11.26727863,11.43279968,10.25905826,1,-0.0619144886732,-1.65439629555,0.487494707108,0.134554937482
63,23,H,15.3794505,12.76559438,12.52005026,1,0.000178802758455,1.4757232666,-1.31212842464,0.376088291407
63,24,H,8.12371864,5.0574926,12.29101573,1,0.0070735309273,0.0515322685242,0.161393865943,0.175438269973
63,25,O,13.44926631,11.38848834,9.20152802,-2,0.657030284405,-3.07865977287,-5.5102481842,-1.50125515461
63,26,H,11.35701175,9.17864081,11.61273918,1,0.00655203871429,1.8819822073,-1.17640340328,-1.81256449223
63,27,O,14.94485588,11.91598918,12.41919849,-2,-0.00624976307154,-1.0357581377,0.766582071781,-0.0513674244285
63,28,H,10.30990393,8.22352507,11.61189103,1,0.0392186939716,-0.22658726573,-3.35255908966,-1.70880532265
63,29,O,8.49699146,6.63821437,9.97417056,-2,-0.0637169703841,-3.17084741592,-1.48167383671,-0.62926954031
63,30,H,11.84136889,10.6186824,14.54801756,1,0.00951193645597,1.63135969639,-0.112622156739,-0.00746285915375
63,31,O,11.30712941,9.38550519,12.51809628,-2,-0.0328694954515,-1.88191843033,1.48825037479,1.23920345306
63,32,H,13.90309915,12.70317459,11.76267377,1,-0.000849302858114,1.07685697079,-1.78245568275,-0.338773787022
63,33,O,8.97097131,11.87150976,10.22794538,-2,-0.0411848574877,2.93414402008,2.98781085014,-1.16912043095
63,34,H,12.92796024,9.95616072,12.64678716,1,0.010152798146,2.25982737541,-1.71245896816,-1.57306873798
63,35,O,12.7715994,10.54680216,14.21123346,-2,-0.0135433673859,-2.55863142014,-0.206921875477,-0.343206912279
63,36,H,8.61924097,7.44909476,11.80841147,1,0.0254991725087,2.46646881104,2.71559906006,2.02136063576
63,37,H,10.7781953,10.16305574,12.26538343,1,0.00420871004462,-0.338108748198,0.292783975601,1.32635307312
63,38,H,14.14349109,11.95042682,9.09607649,1,-0.118100509048,3.80497789383,3.51819896698,0.268615305424
63,39,O,8.98909336,8.44956089,11.99231154,-2,0.0200408399105,-5.60175704956,-2.02757239342,-0.147986680269
64,0,O,10.40657467,13.64422669,12.96500209,-2,-0.041482783854,-2.30617856979,6.13952732086,0.127909645438
64,1,H,13.74409658,8.45548739,12.41656542,1,-0.012841898948,-0.0538914427161,0.55753582716,-0.897467792034
64,2,O,12.87047383,12.92804962,11.56195625,-2,0.341442316771,1.32872080803,-0.434463828802,3.27968358994
64,3,H,13.15704076,10.7062641,14.73527995,1,-0.00782809779048,-1.44625115395,-0.539398729801,-1.20823037624
64,4,H,12.50448992,10.81007491,9.94543618,1,0.0484164208174,-0.936633825302,1.8341332674,2.44149541855
64,5,H,12,12,12,1,0.0519679635763,1.28789484501,0.725771129131,-1.19471406937
64,6,H,11.22443773,13.8235648,12.60789288,1,-0.00351111777127,2.42808485031,-0.276285678148,-0.980909883976
64,7,O,10.48917736,16.25539782,9.81722966,-2,-0.0366384610534,2.43585062027,-1.29186499119,-0.0675939768553
64,8,H,14.80061894,10.61638489,12.22890822,1,0.00206061080098,0.0436697117984,1.5307072401,0.141952618957
64,9,H,12.35671947,12.94565847,10.79171155,1,-0.0240349844098,-0.910224795341,0.17129163444,-2.51517868042
64,10,O,10.38646724,7.13411297,10.65302285,-2,-0.00920145958662,0.162982478738,1.26175379753,5.6642780304
64,11,H,13.72197411,10.25806147,9.02401603,1,-0.021707393229,0.26201069355,-1.03131365776,-0.0610140673816
64,12,H,10.21704553,12.81545344,13.16042316,1,-0.014306506142,-0.655803382397,-5.88642978668,1.08155155182
64,13,O,11.66796632,11.15482896,10.7731015,-2,-0.247376590967,4.90743541718,-2.84944677353,3.24929618835
64,14,H,7.98543084,5.55583072,10.08625809,1,0.00833040475845,-1.05584859848,-2.23607563972,0.615910708904
64,15,H,10.51272825,7.64291442,9.91352888,1,-0.00325357541442,0.502201855183,1.68388688564,-3.31335163116
64,16,O,13.499238,9.22765269,11.85376494,-2,-0.102175675333,-0.635245919228,0.920077860355,3.07156252861
64,17,H,9.17232346,6.52418834,10.28808559,1,0.00558851286769,-2.02059960365,-0.248866170645,-1.14120686054
64,18,O,12.53791489,15.36407653,11.78970582,-2,-0.0424135290086,0.524869918823,4.50689458847,-1.81211555004
64,19,H,11.12599273,11.20092621,10.10250169,1,-0.0470039732754,-6.0738363266,1.11506438255,-5.05308961868
64,20,H,15.01750937,12.55456075,12.37959841,1,-0.0145567879081,1.67564368248,-0.866040587425,1.0429700613
64,21,O,13.26319171,11.10135664,9.01029487,-2,0.275878220797,0.878393650055,-1.1326944828,-1.13137841225
64,22,H,11.17312579,9.04767265,11.29903288,1,0.00456785783172,1.59266555309,0.0997001603246,-0.267127215862
64,23,O,14.76314699,11.64083004,12.23763422,-2,0.00263736397028,-1.24836802483,-0.60555011034,-1.29071450233
64,24,H,10.20481855,7.9155745,11.40649922,1,0.0181399174035,0.51119685173,-3.29184269905,-1.96578001976
64,25,H,11.22729605,15.83344852,9.27242044,1,0.00470082648098,-1.62135541439,0.95682913065,0.483861267567
64,26,O,8.27159371,6.37619764,9.78505554,-2,-0.095030143857,1.50404584408,1.84975135326,-0.0527743026614
64,27,H,10.93898715,16.23734685,10.69539323,1,0.0139108281583,-1.27409875393,0.968109965324,-0.658487439156
64,28,H,11.64756583,10.38129758,14.20353049,1,-0.011536732316,-0.87021702528,0.260235369205,0.88168823719
64,29,O,11.08981301,9.07848234,12.2560987,-2,-0.0177465751767,-2.36222267151,0.233205631375,0.104563474655
64,30,H,11.88187004,15.2740885,11.10159065,1,0.00570303201675,0.159025758505,-1.4175901413,0.570490539074
64,31,H,13.79309859,12.41519988,11.45095935,1,0.0107975900173,-1.4406645298,-0.654933512211,0.368347883224
64,32,H,12.73932761,9.67990685,12.62154689,1,0.0189770758152,2.93650269508,-1.4414768219,-2.79737925529
64,33,O,12.57017278,10.3191724,14.02155404,-2,0.00990234315395,1.98878180981,0.541081249714,0.977026760578
64,34,H,12.65249142,14.71755404,12.41864874,1,-0.000326909124851,-0.0200741868466,-2.45825624466,1.40922009945
64,35,H,10.48314326,9.83530328,12.22004111,1,-0.0170688740909,-0.117088288069,0.274240612984,0.779822587967
64,36,H,13.96367336,11.62708737,8.59634673,1,-0.0529791414738,-0.0813892483711,1.03283429146,0.116882778704
65,0,O,10.07397733,13.36069742,12.90017998,-2,-0.0427851974964,-1.85257565975,-0.251829117537,0.744541049004
65,1,H,13.45493902,8.10389278,12.38338917,1,-2.97455117106e-05,-0.152814030647,1.87765049934,-2.59610891342
65,2,H,9.25432577,11.42330594,9.70237112,1,-0.000306024216115,9.92573833466,2.24737691879,-2.16864681244
65,3,H,8.01605977,12.25095632,10.10056619,1,0.00785763934255,1.87433493137,-3.40097045898,-0.923163473606
65,4,O,12.51363053,12.5750899,11.52248065,-2,0.627037346363,4.50735664368,3.4844481945,-2.27048206329
65,5,H,12.7247378,10.4695147,14.74132489,1,-0.0156046748161,-1.21471714973,-0.68074464798,-1.33321523666
65,6,H,12.05125169,10.7047877,10.1808588,1,-0.0560166910291,2.51866602898,-0.820501685143,-0.995023906231
65,7,H,12,12,12,1,-0.0475203022361,-2.38899707794,-3.4039375782,2.20343971252
65,8,H,10.95281214,13.50985713,12.58987306,1,-0.0117775388062,0.388237416744,-0.421265870333,-0.166387066245
65,9,O,10.19743549,15.92261242,9.7723565,-2,-0.0375672467053,-7.5977435112,3.58860397339,7.24226522446
65,10,H,14.51344276,10.33883388,12.22165546,1,-0.0118905920535,0.263434112072,-0.369972109795,0.692222177982
65,11,H,12.03031994,12.68086338,10.65750818,1,-0.125381335616,-0.139300793409,0.235483944416,-0.283569604158
65,12,H,9.81183858,12.42544147,13.0030456,1,-0.0113185308874,0.752098858356,0.655382573605,-0.377722740173
65,13,O,11.32073439,10.83829699,10.73784628,-2,-0.01657512784,-5.44046783447,-0.468172550201,-3.08561682701
65,14,O,13.18798308,8.92036868,11.77077014,-2,-0.0444919131696,0.196527540684,-2.54862570763,4.04042005539
65,15,O,12.16734686,15.0493418,11.73199168,-2,-0.0407407954335,2.5205552578,2.47359466553,2.85693192482
65,16,H,10.62724246,10.94264827,9.88483429,1,-0.0396272987127,2.48408555984,-0.679441571236,3.510866642
65,17,H,14.6290786,12.28432775,12.47541587,1,-0.0640134289861,0.74401050806,-3.4029071331,0.495952755213
65,18,O,14.46440919,11.30567372,12.18166878,-2,0.0120073109865,-0.889461755753,4.21393251419,-1.59446108341
65,19,H,10.80640264,15.63600398,9.29387459,1,0.00188574241474,8.19762897491,-3.88794231415,-7.4867515564
65,20,H,10.64734325,15.9743276,10.62989195,1,0.0107772946358,-1.09731912613,0.918062090874,0.00608533853665
65,21,H,11.29438651,10.11701995,14.02254442,1,-0.00957592204213,0.592250823975,0.172708913684,0.504174470901
65,22,H,11.60768469,14.99737285,11.01450504,1,-0.00381177291274,-1.47978758812,-1.82565701008,-1.80661296844
65,23,H,13.47137396,12.04453715,11.27704906,1,-0.0157671868801,-0.785939514637,-0.362926632166,1.12783503532
65,24,O,8.44958895,11.30324096,9.86358976,-2,-0.0382896177471,-12.522977829,1.49760019779,3.02444171906
65,25,H,12.62404154,9.24810422,12.55406174,1,-0.00125751271844,0.678504168987,0.449554383755,-1.8017988205
65,26,O,12.26332113,10.03708641,13.96320717,-2,-0.0126422420144,0.132640272379,0.733104288578,1.29942262173
65,27,H,12.36455223,14.30284279,12.30060159,1,-0.0125745907426,-0.213949650526,-0.0226418543607,-0.859063386917
66,0,O,9.89370822,13.30407323,12.63357458,-2,-0.048182182014,-0.186907783151,-3.86922121048,-0.211670666933
66,1,H,13.30655625,8.08922581,12.03991553,1,0.00311591569334,1.23303544521,-1.62765085697,-1.2552074194
66,2,H,9.27263868,11.42315304,9.43317175,1,0.00463141314685,-4.057970047,0.190646439791,0.220365837216
66,3,H,7.90311189,11.93414386,9.77728076,1,0.0055578276515,-5.10864114761,10.7658109665,3.42500686646
66,4,O,12.32666978,12.46465021,11.26173668,-2,0.621045708656,4.75468683243,2.05855703354,-3.82031226158
66,5,H,12.38031714,10.45385886,14.48608329,1,-0.0141895487905,0.178769752383,0.320543855429,0.54737752676
66,6,H,11.94252378,10.81703964,10.12286119,1,-0.0265883691609,2.16594433784,-0.536134958267,-1.52337253094
66,7,H,12,12,12,1,-0.0502594932914,-2.0071439743,-2.08714962006,1.92694592476
66,8,H,10.86438041,13.39858894,12.38201208,1,-0.00474501773715,-2.36173629761,-0.274401992559,0.733644962311
66,9,H,14.40405124,10.30006061,12.03662445,1,-0.0191401802003,0.502664148808,-2.39503836632,1.40880322456
66,10,H,11.84496146,12.62853856,10.33991025,1,-0.141916483641,-0.299790769815,-0.210252732038,1.44759607315
66,11,H,9.59400676,12.24973925,12.6466913,1,-0.00393502227962,1.64067208767,4.23232936859,-0.250919014215
66,12,O,11.10180967,10.74905516,10.49210878,-2,-0.0256755426526,-5.98727369308,-0.928854882717,-2.26951932907
66,13,O,12.7889513,14.13090647,13.70945326,-2,-0.0202999487519,2.27822542191,1.83870351315,2.44103813171
66,14,O,13.03471655,8.83223413,11.49143696,-2,-0.0380236804485,3.13248753548,-2.80609822273,-4.05637788773
66,15,O,11.95553126,14.9715258,11.47148786,-2,-0.0619919858873,0.590198993683,-0.605186879635,1.01881325245
66,16,H,10.41836609,10.87209778,9.66583557,1,-0.00872590020299,3.43800258636,-1.2432179451,3.07788062096
66,17,H,14.45292581,12.10647749,12.43500681,1,-0.0581373125315,0.390781104565,-3.42912721634,-0.402406811714
66,18,H,13.05622607,15.09241558,14.23476442,1,-0.00112160667777,-0.734869837761,-4.45570802689,-2.37787485123
66,19,O,14.3128892,11.21014292,11.91549706,-2,0.00137370824814,-0.668505430222,6.02593851089,-1.59938693047
66,20,H,11.11102658,10.0929241,13.66550797,1,-0.00328692421317,1.83818244934,-0.249646231532,0.123291008174
66,21,H,11.4283251,14.87053617,10.66539846,1,-0.0121163465083,0.245552942157,-0.600000858307,0.451805830002
66,22,H,13.53569715,13.43152838,13.76039358,1,-0.0187845677137,-1.30379903316,2.20918655396,0.517111897469
66,23,H,13.2351822,11.87998974,10.95751128,1,-0.0240170508623,-0.764644026756,0.696404874325,1.5159457922
66,24,O,8.25577743,11.22926129,9.55090155,-2,-0.0413747914135,8.10230636597,-10.3602142334,-3.83559679985
66,25,H,12.66252706,9.08656152,12.23844903,1,0.00454444438219,-4.05525922775,4.13129615784,5.09244966507
66,26,O,12.11167834,9.98440217,13.70246581,-2,-0.0196373164654,-2.31057453156,0.112524315715,-0.361666947603
66,27,H,12.24300232,14.11158875,11.9862694,1,0.00188033282757,-0.644425034523,3.09599399567,-1.98374521732
67,0,O,9.88833149,13.43414322,12.19969986,-2,-0.0467244647443,-1.82725214958,-0.708632528782,-0.28569316864
67,1,H,13.39016313,8.20074805,11.48522668,1,0.00656110979617,1.25466036797,-2.59627151489,0.155943974853
67,2,H,9.294176,11.63926474,8.99762966,1,0.0138126090169,-4.69459724426,-0.636878013611,0.250550448895
67,3,H,7.76707967,12.21900792,9.39476638,1,0.0122896209359,1.86279547215,-2.9587199688,-1.10562610626
67,4,O,12.32930171,12.56851234,10.81225101,-2,0.379541218281,2.74695825577,0.524807989597,-0.811712861061
67,5,H,12.22014936,10.66922424,14.08395572,1,0.00660959631205,1.2210804224,-0.257304430008,-0.249914735556
67,6,H,12.12996044,11.08334946,9.75101279,1,0.0215512178838,-5.876308918,-2.12743425369,0.736938118935
67,7,H,12,12,12,1,-0.234253972769,-0.297272115946,0.331046402454,-0.161567822099
67,8,H,10.82456916,13.4632291,12.06183072,1,0.00206632353365,0.602456212044,0.0112015195191,0.208991408348
67,9,H,14.50141742,10.39135062,11.73996492,1,0.00449388474226,-0.451252311468,1.31338477135,-0.274627178907
67,10,H,11.81131616,12.74135076,9.96871744,1,0.00436118245125,-0.201184913516,-0.119453325868,1.01619946957
67,11,H,9.62385218,12.49933968,12.11062042,1,0.0040468275547,0.331276088953,0.573013305664,-0.0735788941383
67,12,O,11.03232723,10.86127339,10.07672999,-2,-0.0378984361887,10.2938318253,-1.05575346947,6.72065448761
67,13,H,11.91366915,12.12873253,15.10896835,1,0.0162146855146,-3.6185605526,0.614538550377,0.101418793201
67,14,O,12.77748157,14.23379182,13.31537333,-2,-0.0121209844947,1.25019717216,4.90793371201,2.79016184807
67,15,O,10.66740595,13.36234685,14.83855474,-2,-0.0343407988548,-2.22597432137,3.65406489372,-0.504859745502
67,16,O,13.06226679,8.93886127,11.0330491,-2,-0.0496080815792,-1.49406218529,2.37084293365,2.64559626579
67,17,O,11.91659072,15.09289827,11.04452576,-2,-0.0574804507196,-0.877149045467,1.16231667995,-1.63595271111
67,18,H,10.53280657,10.93752073,9.41721258,1,0.00884998589754,-5.86485528946,0.133856028318,-8.80260372162
67,19,H,14.48549702,11.97071331,12.22230702,1,0.000136490911245,-0.092999458313,-1.34794414043,-0.958738744259
67,20,H,13.15950302,15.22103088,13.84487224,1,0.0088910870254,-1.37481975555,-5.07058858871,-2.69558763504
67,21,O,14.32631676,11.33427613,11.47735043,-2,-0.0110246390104,1.18820643425,-0.13426040113,0.848788022995
67,22,H,13.16884995,12.72225578,14.65557088,1,0.0105490814894,-0.148557022214,-0.433555662632,0.438623160124
67,23,O,12.79630818,11.97784998,15.147275,-2,-0.0402320921421,4.96489477158,-1.25843465328,0.566896617413
67,24,H,11.17813127,10.25845523,13.15231287,1,0.00683170557022,-0.320373535156,-0.436665773392,-0.7325745821
67,25,H,11.43913608,14.89814094,10.19293948,1,0.00332781672478,0.827957093716,0.172196656466,1.49689018726
67,26,H,13.39671538,13.50758393,13.39039792,1,0.0115416385233,0.884638130665,0.545131742954,-0.277915686369
67,27,H,13.10703504,11.94987796,10.55297127,1,0.0208225995302,-0.410640835762,1.28237867355,1.28418779373
67,28,O,8.25125493,11.33340694,9.06381752,-2,-0.0411918647587,2.26976013184,4.00253534317,0.741061747074
67,29,H,12.68163739,9.31858702,11.95162132,1,0.0119575485587,0.537755966187,-0.102020643651,-2.98228573799
67,30,O,12.1245828,10.1338244,13.27106533,-2,-0.0173057317734,-0.935816407204,0.12445884198,0.963031113148
67,31,H,12.27180079,14.28349785,11.41254543,1,0.00313502177596,0.114676892757,0.154044896364,-0.365571826696
67,32,H,11.51553365,13.61473411,15.10891338,1,0.0113638229668,1.40661132336,0.557277441025,0.608838737011
67,33,H,10.47474329,12.48113654,14.88788113,1,0.0132264643908,-1.04609894753,-3.1911213398,0.344010800123
68,0,O,9.87066595,13.53225802,11.85714538,-2,-0.0527614802122,-0.801356852055,4.90549230576,0.642489671707
68,1,H,13.50638837,8.1641222,11.03815495,1,0.0112107805908,-1.19402289391,2.14854931831,-0.98417365551
68,2,H,9.29738587,10.99101727,12.62612164,1,0.0219721980393,0.95278686285,1.35889196396,3.07504606247
68,3,O,12.32434071,12.64336877,10.45466693,-2,0.109486393631,-1.45993554592,4.77952289581,2.78862404823
68,4,H,12.10159452,10.85786884,13.76501512,1,0.0179845429957,1.40850281715,-1.21745240688,-1.44775390625
68,5,H,12.00662165,11.19954907,9.4524055,1,0.0218414291739,-4.90119886398,-2.31895852089,0.738023877144
68,6,H,12,12,12,1,-0.127109900117,0.0784281045198,-0.0847062319517,-0.32069799304
68,7,H,10.7991608,13.50306477,11.86003632,1,0.00941609032452,1.81825423241,0.430063396692,0.364409714937
68,8,H,14.58535228,10.5327708,11.51843582,1,0.0164174642414,-0.87645637989,0.285205215216,-2.32215714455
68,9,H,11.74302481,12.80780525,9.73348587,1,0.0230952873826,-0.970214366913,0.021412556991,-0.636152803898
68,10,O,9.56050603,11.34121914,13.59302654,-2,-0.00327468663454,-1.41477525234,-2.17538404465,-3.42296099663
68,11,H,9.63000652,12.71104933,11.65052828,1,0.010777303949,-1.62880384922,-4.99100971222,-1.39429092407
68,12,O,10.97625869,10.94164933,9.76849128,-2,-0.0375841259956,1.75362956524,0.134485304356,-3.44061255455
68,13,H,11.81194595,12.34908726,14.78839828,1,0.0224506556988,2.5348944664,-1.2092114687,0.353229016066
68,14,O,12.74894106,14.31892568,13.01683212,-2,-0.0154091715813,-3.0427043438,1.65596175194,-0.605570435524
68,15,O,10.65259756,13.45708542,14.49820859,-2,-0.0436902567744,0.118279643357,0.768696308136,0.941604197025
68,16,O,13.07565792,9.02176044,10.66922607,-2,-0.0681169331074,-0.11756811291,-0.465633839369,4.66299009323
68,17,O,11.86125134,15.1878777,10.70104872,-2,-0.0530885122716,-0.714800059795,3.16336011887,0.0124872643501
68,18,H,8.82034441,10.9983941,14.09726133,1,0.015336420387,-0.250050961971,-0.129012346268,0.436882823706
68,19,H,10.42517237,10.96695929,8.92488737,1,0.0110033992678,1.16772735119,-0.351143866777,1.456158638
68,20,H,14.51949293,11.74811524,12.04743721,1,0.0151164382696,-0.582323729992,1.4548664093,-0.977347910404
68,21,H,13.19121802,15.0442541,13.38674388,1,0.0178059339523,0.999649643898,1.89663374424,0.603196084499
68,22,O,14.3265821,11.42831468,11.13262123,-2,-0.0172735899687,2.22756242752,-1.84201705456,3.25478839874
68,23,H,13.1719618,12.8595258,14.31694447,1,0.0205055736005,-0.636583328247,-2.32546591759,1.61172437668
68,24,O,12.80774934,12.04975712,14.8229822,-2,-0.050131842494,-0.79408043623,2.07010936737,-0.832199573517
68,25,H,11.20796277,10.37544024,12.71204499,1,0.0170291978866,-0.920799911022,-0.429794937372,-0.636221110821
68,26,H,11.47793556,14.89883615,9.90356353,1,0.0125913042575,-1.13386309147,0.144843742251,-1.64475858212
68,27,H,13.29602373,13.6123995,13.08726309,1,0.0183483362198,2.76861381531,-3.09022879601,-0.58778578043
68,28,H,12.9552937,12.03166954,10.29539447,1,0.0236426889896,3.95943164825,-2.89468026161,-0.66893863678
68,29,H,12.69785832,9.52546427,11.63355225,1,0.015680976212,1.52082228661,-2.09441161156,-3.760825634
68,30,O,12.12279776,10.25539833,12.93018509,-2,-0.00769312679768,-0.215356379747,1.3620518446,1.87869238853
68,31,H,12.32374101,14.4349033,10.92536321,1,0.00887456908822,1.92981112003,-2.10677862167,1.28395414352
68,32,H,11.5640263,13.6810129,14.81044771,1,0.0188511200249,-1.82964944839,0.0946015715599,-0.281391859055
68,33,H,10.3491776,12.5198202,14.47810498,1,0.0166955441236,0.24614970386,1.05121064186,-0.140460774302
69,0,O,9.83551419,13.59771274,11.56961894,-2,-0.0555368065834,0.41440474987,-3.33042526245,-1.2540897131
69,1,H,13.52185766,8.17863148,10.62070367,1,0.0174986496568,-1.42513799667,2.35186743736,-0.255653738976
69,2,H,9.3264591,11.22993256,12.37437381,1,0.0233072787523,-0.0679477900267,0.483968198299,1.17691087723
69,3,H,10.10322101,13.66817363,7.33308515,1,0.0178883429617,1.28836023808,-0.678830325603,1.30425930023
69,4,O,12.29682196,12.68624218,10.15985429,-2,-0.0166731476784,1.20330190659,1.2234762907,1.28939855099
69,5,O,15.12498797,11.77353483,13.55144175,-2,-0.0319787412882,-0.211849331856,-2.08670449257,3.25822687149
69,6,H,12.03083245,10.95573673,13.43753999,1,0.019042044878,0.926564335823,-0.725534796715,-0.606833815575
69,7,H,11.65282893,11.16600802,9.18149051,1,0.0235718358308,9.39792251587,2.10648775101,-3.82365632057
69,8,H,12,12,12,1,-0.112942963839,0.219160139561,0.274536728859,-0.613249182701
69,9,H,10.84046928,13.50970506,11.72724251,1,0.0111643150449,-2.29604935646,0.238425031304,-0.253258556128
69,10,H,14.63080777,10.66435437,11.2334748,1,0.019950048998,0.408553957939,-3.58353972435,-2.64467263222
69,11,H,11.61328435,12.81853918,9.49828121,1,0.0219348445535,0.135308548808,-0.553736805916,0.0381512530148
69,12,O,9.78312292,6.82620056,9.13121397,-2,-0.273310065269,3.1894698143,3.07244229317,-2.02476596832
69,13,O,9.52726349,11.38069935,13.32701899,-2,0.0074862614274,2.42130351067,0.669398546219,-2.9796974659
69,14,H,9.53554585,12.65720257,11.19771431,1,0.0147695764899,1.3182516098,3.31710124016,0.917890429497
69,15,O,10.90841616,10.97726026,9.50903559,-2,0.043581970036,-12.7284402847,-3.20757102966,-1.54799687862
69,16,H,11.82074091,12.43764223,14.55396808,1,0.0214496515691,1.75051259995,-1.50624859333,0.382744580507
69,17,O,12.68159824,14.35888817,12.76502594,-2,-0.0211567282677,0.0314358137548,-3.73724293709,-0.160242632031
69,18,H,10.05472195,7.21981921,8.19900581,1,0.0119041968137,-1.12246096134,-1.61461389065,2.53981852531
69,19,O,10.61750197,13.50575344,14.20897252,-2,-0.0574450939894,-0.59614855051,-0.971284627914,0.742481172085
69,20,O,13.0723142,9.06070301,10.37027107,-2,-0.0414323173463,1.86522376537,-1.79916596413,-0.0537628121674
69,21,O,11.78594578,15.24715292,10.40881819,-2,-0.0591198168695,2.59557986259,-1.65423429012,0.562118172646
69,22,H,8.88759438,10.98590491,13.81853093,1,0.0192349199206,-3.13025593758,-1.97964954376,2.16411304474
69,23,H,10.30599916,10.9216732,8.50445604,1,0.0379750393331,2.3036673069,-0.148040860891,4.74740600586
69,24,H,14.5215936,11.58405622,11.84151354,1,0.024913225323,-0.92339360714,3.67672681808,-1.59950244427
69,25,H,13.33761344,14.93783801,13.00232442,1,0.0183375161141,2.12470507622,3.59639835358,0.764507472515
69,26,H,10.95487259,9.76176682,10.2520469,1,0.0403295010328,-1.8016782999,-3.54460501671,-0.222012490034
69,27,O,14.31175383,11.4706286,10.85187861,-2,-0.0306121557951,1.50572252274,0.288941562176,3.14117693901
69,28,O,10.79006979,13.40838737,8.02380218,-2,-0.0174483656883,-1.95547401905,-1.30941927433,-2.9390642643
69,29,H,10.46650839,7.63869387,9.71210449,1,0.0221744477749,-2.67924904823,-2.60971808434,-1.22150909901
69,30,H,15.27405307,11.62846583,14.71035067,1,0.0241809636354,-1.22742724419,0.156621187925,-5.61145496368
69,31,H,13.13170307,12.84270079,14.10282043,1,0.0198264438659,1.06933069229,0.500232160091,-0.350599914789
69,32,O,12.79490198,12.0831002,14.54634463,-2,-0.0502177216113,-2.65429067612,-0.30308303237,1.18838143349
69,33,H,11.16858295,10.43186228,12.29661722,1,0.0205632373691,1.47437226772,-0.557079136372,0.558308243752
69,34,O,10.50767869,8.70459008,10.45008192,-2,0.0527342408895,0.314218103886,4.12600326538,4.04412174225
69,35,H,11.44862533,14.86860026,9.61604839,1,0.0167717970908,-0.75965410471,0.593360066414,-0.508403360844
69,36,H,13.30796444,13.57879941,12.79345038,1,0.0177659783512,-1.29718637466,0.409553050995,-1.07447969913
69,37,H,12.94748111,11.96211047,10.06561931,1,0.0215823501348,-0.0696046352386,0.503800272942,-0.0638837218285
69,38,H,12.7911818,9.5615849,11.15332501,1,0.0102764181793,0.473155856133,-0.872030794621,0.105803526938
69,39,H,14.47897388,11.05023226,13.15165428,1,0.0199386999011,1.63539326191,1.54033613205,3.1265809536
69,40,O,12.10138665,10.33760539,12.64720218,-2,0.0521135032177,-2.07249212265,0.812271714211,0.329710036516
69,41,H,12.44572858,14.45036224,10.56315382,1,0.0129012651742,-1.50466644764,2.39763188362,0.251150727272
69,42,H,10.25109269,8.67444446,11.45966857,1,0.0196791663766,0.762718915939,-0.38903439045,-3.15625238419
69,43,H,10.93682085,14.20616561,8.46396984,1,0.0227797962725,0.170979619026,2.04844141006,0.640038013458
69,44,H,11.50888749,13.74324618,14.58328672,1,0.0208596400917,-2.02793669701,-0.085792131722,-0.518751680851
69,45,H,10.20392683,12.53004572,14.08766644,1,0.019386742264,1.55177021027,2.85966086388,0.210408002138
70,0,O,11.06845769,12.03935615,12.36774247,-2,-0.044907040894,3.11267518997,0.582962036133,2.74456882477
70,1,H,10.65500626,8.07219691,8.02237101,1,0.0106639042497,-2.29385137558,1.10154104233,-3.43634724617
70,2,H,9.85147959,9.55651975,14.17339894,1,0.0339787937701,1.7454931736,0.768327832222,-0.124505698681
70,3,H,11.00843695,9.55782305,9.87460553,1,0.0333696529269,2.69170284271,-0.836063146591,-0.337307572365
70,4,H,11.49249953,12.64112489,13.07250006,1,0.019941277802,-1.65030932426,-0.725400388241,-0.646328210831
70,5,O,11.9941028,14.23647569,11.37222738,-2,-0.0591467581689,9.52080440521,3.86574888229,-1.80994844437
70,6,H,11.58379608,10.38936246,13.53099479,1,0.0873458310962,-4.61231565475,-0.662916183472,-0.0659091174603
70,7,H,9.97333857,10.07049141,9.44395294,1,0.0379129946232,2.36662244797,3.07686400414,2.95108890533
70,8,H,10.08901761,13.2712027,9.60978159,1,0.0191827770323,-0.545219063759,-0.233571216464,0.514414608479
70,9,O,13.36506639,9.92351153,12.40006824,-2,-0.0338726341724,-1.59437024593,-2.16641807556,-1.09966146946
70,10,H,13.46133305,12.33971658,9.99609109,1,0.0226318538189,-0.661093592644,-0.851282835007,-0.36321502924
70,11,H,12.56183198,11.00630593,10.78732193,1,0.0299237668514,3.26089119911,3.62914824486,-1.22023558617
70,12,O,10.53607183,9.87335864,13.51415471,-2,0.720422625542,0.242230519652,-0.847175598145,-1.57366132736
70,13,H,13.91723915,11.77366985,13.02701707,1,0.0169729460031,1.95415186882,-1.49945223331,-1.6249525547
70,14,O,13.29678767,11.86975278,10.82446663,-2,-0.0322859361768,-1.87509655952,-2.97316050529,-0.0832861438394
70,15,H,10.46755748,12.17784901,10.66103566,1,0.0121537707746,-2.91696619987,1.87063527107,-0.973513245583
70,16,H,11.24616913,7.31356989,11.01688051,1,0.0150275975466,-2.1954805851,-7.69365262985,-0.527314543724
70,17,H,10.22519804,9.53133517,12.57076199,1,0.042693041265,1.61320722103,0.959298670292,1.40013623238
70,18,O,11.11583146,7.84064116,8.75500435,-2,-0.782310664654,1.63343179226,0.145516812801,4.58944129944
70,19,O,13.49439469,12.45608627,13.46847601,-2,-0.0316994190216,-2.67812037468,0.97933524847,2.35195326805
70,20,H,11.06397681,8.40033361,10.13351239,1,0.0249390080571,1.84128570557,-3.12614297867,0.642671346664
70,21,O,9.6762829,12.79474871,10.35976569,-2,-0.0625583007932,2.42045736313,-0.900802612305,-0.288393706083
70,22,O,10.82195588,10.4239787,10.21040158,-2,-0.0387197807431,-4.77787685394,-0.94680160284,-3.46320939064
70,23,H,12,12,12,1,0.02084749192,-1.07854604721,-0.293569982052,-0.533790111542
70,24,H,12.68832276,9.817804,13.04568737,1,0.0180560983717,0.220142245293,0.176302224398,2.29630303383
70,25,H,13.94380678,13.27339296,13.56299905,1,0.0205015987158,1.05221652985,0.67981672287,-0.206863760948
70,26,H,12.80830792,9.18817689,11.93674557,1,0.0216888561845,1.74824881554,0.29173886776,-1.16032230854
70,27,O,11.562648,8.10281094,11.13383991,-2,-0.155081912875,1.0673968792,8.13539791107,0.412692129612
70,28,H,11.27101955,13.79043081,11.51967595,1,0.015216100961,-5.7945227623,-4.13022899628,0.863431811333
70,29,H,12.863536,13.64379184,11.23451756,1,0.0171124450862,-3.81726288795,1.62395131588,0.772053003311
71,0,O,10.79671108,12.18459416,12.4691528,-2,-0.195191279054,6.42909049988,0.0829758197069,1.3786714077
71,1,H,8.0794206,10.61621784,12.81648525,1,-0.0120740234852,1.27490317822,0.347597628832,-1.39253485203
71,2,H,9.61293826,9.6353992,14.20562472,1,-0.0314632058144,2.05468153954,0.864255189896,-0.444347977638
71,3,H,10.78801206,9.79406121,9.85593157,1,-0.0498323664069,2.00403261185,-0.98546475172,-0.896079361439
71,4,H,11.35261571,12.67879971,13.20266196,1,0.0024760439992,-2.08635592461,-0.959210336208,-1.63909196854
71,5,O,11.74585179,14.36005725,11.44817239,-2,-0.0698377490044,-0.274026870728,0.519815802574,-0.273923993111
71,6,H,11.29609941,10.5616693,13.47184156,1,0.0293918214738,-3.03539419174,0.478251367807,0.882000744343
71,7,H,8.22486188,9.71237196,7.88281452,1,-0.0378112569451,0.937013924122,1.98990321159,2.57245254517
71,8,O,8.18932973,9.97962669,12.08657576,-2,-0.0163676589727,-4.65323925018,-1.66640841961,3.50927782059
71,9,H,9.60953602,10.13000759,9.53926824,1,0.0566410720348,-0.202243596315,2.11514306068,0.195720687509
71,10,H,9.79354687,13.55283743,9.73601254,1,0.00582906790078,-0.0233800262213,0.662935078144,-0.69268733263
71,11,O,13.08620553,10.11657138,12.46344099,-2,-0.0522945560515,-5.07913017273,-4.48424100876,0.342474400997
71,12,H,13.05871933,12.31958469,10.06739108,1,0.00430167280138,0.180414289236,3.16118955612,-6.81680059433
71,13,H,12.50565191,11.26681331,10.80566481,1,0.00652659311891,-1.48821234703,-3.00326442719,-0.436545133591
71,14,O,10.30463782,10.03143299,13.56877654,-2,0.44576177001,-0.96747726202,-1.87954843044,-1.91916751862
71,15,H,13.68630687,11.85769583,13.04570875,1,0.00654458254576,-0.259150028229,1.25188922882,0.648882865906
71,16,O,13.02403828,12.01987462,10.87664729,-2,0.0324221551418,1.87036514282,-0.678094565868,5.98596906662
71,17,H,8.8013069,9.91869462,11.43145235,1,-0.024672280997,3.11314201355,1.488276124,-3.09402728081
71,18,H,10.20124892,12.48340583,10.60229684,1,0.00505502521992,3.14220666885,-2.749127388,1.18654215336
71,19,H,10.94659356,7.38201417,11.07120228,1,-0.0723127871752,0.857941627502,-0.123023815453,1.46666002274
71,20,H,9.85801741,9.71867387,12.33657261,1,0.083223618567,0.894765555859,0.852749288082,2.71460223198
71,21,O,13.23385627,12.58066726,13.56088624,-2,-0.0276383385062,1.3588155508,0.419345855713,0.175182417035
71,22,O,8.50260798,10.35826568,8.66940851,-2,0.128652721643,0.082057364285,-2.41327214241,-2.6153151989
71,23,H,10.9741848,8.545187,10.34941097,1,-0.04093644768,1.11283671856,0.166937917471,1.71200060844
71,24,H,7.80636234,10.27107114,9.31598534,1,-0.0110541582108,-0.835931837559,0.16044229269,0.540446817875
71,25,O,9.4728738,12.96632725,10.40738525,-2,-0.0546409934759,-3.95646357536,2.52605462074,-1.04517459869
71,26,O,10.55069885,10.58047922,10.2947989,-2,-0.228072851896,-2.17135810852,-0.137953072786,-0.515044391155
71,27,H,12,12,12,1,0.085970684886,-4.65411758423,1.04938149452,1.01660513878
71,28,H,12.30022033,9.9662295,13.15465181,1,0.0134067721665,3.19361495972,0.477437317371,-0.924207627773
71,29,H,13.727229,13.43933365,13.5047657,1,0.00960634090006,-0.470757573843,-1.45285153389,-0.101045906544
71,30,H,12.45634305,9.3017831,11.92834256,1,-0.000547826290131,2.84208536148,2.41716146469,0.757703065872
71,31,O,11.35029698,8.26865553,11.24770681,-2,-0.0111950039864,-1.63604366779,-1.42331945896,-2.44497251511
71,32,H,10.84454195,13.8473088,11.55267008,1,0.0129282455891,3.14280343056,0.566882967949,-0.0224170982838
71,33,H,12.61483482,13.85816734,11.45965601,1,0.00720442272723,-2.69753551483,0.357230395079,0.188184976578
72,0,O,10.86089169,12.26901195,12.47920248,-2,-0.139764919877,4.30285739899,-2.06968331337,-1.61735141277
72,1,H,8.23267592,10.71676495,12.85571874,1,-0.0321688055992,0.701877832413,-0.0470528379083,-2.16040730476
72,2,H,9.76101812,9.66909212,14.12918202,1,-0.0450457558036,1.55645811558,0.858745753765,0.298764228821
72,3,H,11.00484911,9.91244165,9.6990946,1,-0.0756470784545,-0.15886554122,1.80777072906,1.8271459341
72,4,H,11.41512649,12.6135399,13.16725109,1,-0.00359062664211,-0.117810614407,1.21310544014,1.40313243866
72,5,O,11.80398151,14.42543501,11.42469156,-2,-0.0766208991408,-6.34133005142,2.17705440521,-1.42791724205
72,6,H,11.09979291,10.66383468,13.3694604,1,0.0113735571504,2.04622340202,3.57916402817,0.609421312809
72,7,H,8.31010345,9.66610504,7.96342288,1,-0.0444317013025,1.37600362301,2.48284077644,2.26296019554
72,8,O,8.24875239,10.10380252,12.05765706,-2,0.0477152168751,0.517390906811,-0.57731628418,-1.22567975521
72,9,H,9.60340359,10.28278049,9.60963546,1,0.041112318635,1.4352568388,1.87535512447,0.566557884216
72,10,H,9.77337415,13.79639594,9.72133381,1,0.00395996309817,0.00827854499221,-0.720024585724,0.500505566597
72,11,O,13.10059004,10.23314444,12.43108157,-2,-0.0213327854872,-3.48246407509,-4.52737569809,-1.18618309498
72,12,H,12.98241689,12.38053777,9.77076989,1,-0.00463887304068,0.397944182158,-0.0458877272904,4.49598026276
72,13,H,12.6778513,11.28703658,10.67996378,1,-0.00618102960289,-0.830286562443,-2.70304632187,0.121750928462
72,14,O,10.38373032,10.12474936,13.5179127,-2,0.370756655931,-5.01929521561,-5.07440423965,-1.54917156696
72,15,H,13.74043757,11.94872508,13.01814958,1,0.000903679057956,-0.355157077312,0.778822600842,0.588675320148
72,16,O,13.06763212,12.10811863,10.85238914,-2,0.0137634724379,0.978242874146,2.64260792732,-5.57866716385
72,17,H,8.87680707,10.23849803,11.19781246,1,-0.0222797244787,-1.37308204174,0.883941888809,3.11153125763
72,18,H,10.37138709,12.56953598,10.48999356,1,0.00329771172255,0.151882052422,-0.399541646242,-0.314340919256
72,19,H,9.85426653,9.90207914,12.21290594,1,0.0811662077904,0.515845477581,0.177743524313,1.65034627914
72,20,O,13.28751874,12.64230532,13.55959671,-2,-0.0280809551477,1.81726455688,0.820326387882,-0.378824740648
72,21,O,8.59358004,10.41376916,8.67380339,-2,0.125264465809,0.931936085224,-2.95363426208,-4.12795162201
72,22,H,7.88394248,10.344829,9.25178412,1,-0.0145687572658,-2.65710020065,0.303707063198,2.12321734428
72,23,O,9.5735834,13.07904913,10.35713258,-2,-0.0493517294526,-0.908800601959,1.41699588299,-0.802951455116
72,24,O,10.57657813,10.67183748,10.27735868,-2,-0.178236603737,-0.765558719635,-4.18443918228,-3.18546938896
72,25,H,12,12,12,1,0.0601251348853,-4.53880643845,1.20136475563,0.618671953678
72,26,H,12.43133579,10.06106502,13.13060482,1,-0.00752640888095,1.38968276978,0.392730295658,0.52005636692
72,27,H,13.76998652,13.48687652,13.33520033,1,0.00831868499517,-0.769617378712,-1.29996132851,0.478750824928
72,28,H,12.52647535,9.47302428,11.85996858,1,-0.0362318754196,2.67700695992,2.6739563942,1.06779491901
72,29,H,10.88386279,13.83010569,11.49130657,1,0.0137421358377,3.92210245132,1.74619185925,0.323828876019
72,30,H,12.57421624,14.01718606,11.63935035,1,0.0041994350031,2.59187507629,-2.43009161949,0.985819160938
73,0,O,11.21880244,12.27799004,12.42627091,-2,-0.0258722677827,-1.48322403431,-0.587935388088,1.07997834682
73,1,H,10.23379432,9.65202468,14.01588334,1,-0.0374944359064,-1.05538952351,-0.624663233757,2.32893109322
73,2,H,11.4775736,10.0656146,9.55582483,1,-0.00685034692287,-1.87343645096,1.97254240513,2.25395727158
73,3,H,11.74709602,12.54311747,13.15737172,1,0.0133348181844,0.239433184266,1.65484476089,2.08536696434
73,4,O,12.11820148,14.42745478,11.3380536,-2,-0.0667558684945,3.47720980644,1.59400296211,0.710041642189
73,5,H,11.25244047,10.88363505,13.23688614,1,0.0248791053891,0.498266458511,3.23750090599,0.423085361719
73,6,H,8.7622388,9.65911126,8.06159945,1,0.00696318596601,0.152596786618,-1.18659543991,-1.07523620129
73,7,H,9.98089472,10.47498391,9.67570113,1,0.00772549957037,1.74083471298,0.767101943493,0.947669506073
73,8,H,9.99780905,13.92961397,9.64578375,1,0.0100684575737,0.649559855461,-1.90221440792,1.12639605999
73,9,O,13.38306387,10.26847522,12.33547771,-2,-0.0214176848531,1.99978578091,0.481415569782,-1.01976501942
73,10,H,13.22117105,12.40064536,9.63750621,1,0.014434106648,0.889150261879,-0.234280765057,5.15666151047
73,11,H,13.04919695,11.08732251,10.50371348,1,0.0138650946319,1.63656008244,4.51548194885,1.64545226097
73,12,O,10.72522349,10.1337473,13.40160303,-2,0.431866616011,-0.780833482742,-3.31974506378,-3.39122390747
73,13,H,14.03572306,12.00658048,12.97537222,1,0.00935612991452,1.05543589592,-2.61104536057,-1.5307084322
73,14,O,13.39221751,12.13453229,10.75624643,-2,-0.0287191569805,-1.98349046707,-3.74538636208,-7.90082979202
73,15,H,10.83241825,12.51949538,10.30794658,1,0.0111258178949,-3.11534523964,2.26420164108,-1.0018157959
73,16,H,10.12843968,10.03444965,12.16276852,1,-0.310452997684,0.222840502858,-0.249722123146,0.881619095802
73,17,O,13.62336636,12.63570629,13.50061862,-2,-0.0266056582332,-0.538464069366,1.92666435242,1.75728929043
73,18,O,8.96278683,10.39383822,8.61241876,-2,0.0064796730876,-3.1955537796,0.516739249229,2.06398487091
73,19,H,8.13795894,10.35141228,9.23399168,1,0.0168953109533,2.06604290009,0.613479197025,-1.38837468624
73,20,O,9.95042525,13.12369983,10.24737278,-2,-0.0526155419648,1.67303586006,-0.202162414789,-0.822548925877
73,21,O,10.87289452,10.68068854,10.19014327,-2,-0.0383736640215,1.46233165264,-3.19740390778,-3.02308011055
73,22,H,12,12,12,1,0.0138946212828,1.46861946583,-0.771858692169,-2.54790520668
73,23,H,12.9403166,10.07944784,13.10963256,1,0.00374190509319,-1.23077809811,-0.669539928436,3.25818824768
73,24,H,14.03032023,13.40783454,13.11851489,1,0.011966586113,0.145764485002,0.96092402935,0.404640257359
73,25,H,12.94803297,9.66770191,11.76895947,1,0.00316900014877,-0.664249420166,-1.29509747028,-1.39399492741
73,26,H,11.41703735,13.80954948,11.38355924,1,0.00759178586304,-1.21589314938,-0.822029054165,0.368359446526
73,27,H,12.90305748,14.01185971,11.82364383,1,0.00779989734292,-2.24082350731,0.914785027504,-1.39617371559
74,0,O,11.41816859,12.37140629,12.58391174,-2,0.178551852703,-2.71964097023,0.531724154949,6.93593931198
74,1,H,9.03744377,10.86845461,12.80655726,1,-0.0228974595666,-0.989682614803,0.639391422272,0.828424453735
74,2,H,10.51391628,9.69232283,14.19999567,1,-0.0844020172954,0.0987688004971,0.450682878494,-0.227924704552
74,3,H,11.68689705,10.4002532,9.71671143,1,-0.0859967544675,0.446882873774,-0.650682628155,-0.802123188972
74,4,H,11.94594202,12.64965218,13.44912473,1,-0.0222097896039,-0.0268784444779,0.392317056656,-2.47421431541
74,5,O,12.29155279,14.52036173,11.45438943,-2,-0.064759477973,4.7184920311,1.39544487,2.63919830322
74,6,H,11.3165075,11.33838816,13.33052075,1,0.0469983965158,-1.27641892433,-0.464741766453,-0.748078584671
74,7,O,8.80038945,10.29745703,12.07211074,-2,0.0275190249085,1.24291086197,0.438030034304,-0.842702329159
74,8,H,10.25005034,10.77382701,9.91600933,1,-0.0334933623672,-6.17076206207,-0.0719823166728,-3.74241924286
74,9,H,10.0751719,14.04835808,9.79332273,1,-0.00339267309755,1.08367300034,-0.99587482214,0.175966650248
74,10,O,13.52461525,10.39024604,12.44054313,-2,-0.0208205804229,1.04468548298,0.894364893436,5.34205436707
74,11,H,13.38317972,12.52087651,9.98632372,1,-0.0261669140309,-0.320613741875,1.99950110912,-2.63263559341
74,12,H,13.34159944,11.21717586,10.61690924,1,-0.043791398406,1.1918990612,2.68105530739,1.01219177246
74,13,O,10.91061627,10.21568989,13.47344509,-2,0.324039369822,-0.400861442089,0.11114462465,-1.96031820774
74,14,H,14.20755351,12.0337841,13.0794011,1,-0.00367027334869,-0.42871850729,-0.601813554764,0.184339702129
74,15,O,13.56110746,12.23009658,10.83888493,-2,-0.0238412767649,-0.365064054728,-4.14214754105,0.636585175991
74,16,H,9.10119122,10.87030328,11.33602517,1,-0.0206163078547,-0.80424207449,-0.160252913833,0.0518204718828
74,17,H,10.95707156,12.65810943,10.27119516,1,-0.00409013405442,-0.194406107068,0.853138804436,-1.01269686222
74,18,H,10.25932034,10.21212028,12.4429031,1,0.0455460995436,0.766904294491,-1.2255153656,2.24172949791
74,19,O,13.80906111,12.71616695,13.64825112,-2,-0.0263376459479,0.925934195518,0.706045508385,-0.349523216486
74,20,O,10.18749267,13.24569315,10.33909953,-2,-0.0409427769482,-1.56657552719,0.124485984445,0.277699351311
74,21,O,11.02725764,10.76511995,10.29784836,-2,-0.00878865271807,5.85062599182,0.256234586239,4.12929821014
74,22,H,12,12,12,1,-0.00500264018774,3.56078577042,-1.50427591801,-2.84996294975
74,23,H,13.27470935,10.13345997,13.43448977,1,-0.0301749929786,0.401461690664,0.0678760483861,-3.47823619843
74,24,H,14.13647664,13.46579007,13.11935165,1,0.00721029005945,-0.0158497318625,0.193407207727,0.792041659355
74,25,H,13.14599097,9.84849613,11.79798334,1,-0.0632103532553,-1.35029232502,-2.29920744896,-1.14125013351
74,26,H,11.73312443,13.79567277,11.48837464,1,-0.00127633241937,-2.27197694778,-1.50630247593,-0.184895142913
74,27,H,12.99972402,14.13665654,12.15913858,1,0.00601673778147,-2.43104171753,1.88795900345,-2.80027151108
75,0,O,11.3643261,12.56704286,12.92945854,-2,0.519469678402,0.74602329731,-0.478615283966,1.85537946224
75,1,H,9.0502591,11.12170401,13.09496498,1,-0.00785904191434,-1.38524961472,-0.809940218925,0.12824036181
75,2,H,10.5301192,9.84977353,14.52692264,1,-0.0473786890507,0.692104995251,1.45379447937,-2.43661427498
75,3,H,11.64173865,10.7993077,10.00299276,1,-0.0645702332258,1.99453806877,-0.732084155083,-2.71717810631
75,4,H,11.89940316,12.88914702,13.78863664,1,-0.0248669683933,0.507703542709,0.020467903465,-2.61726689339
75,5,O,12.23954711,14.71445807,11.74431245,-2,-0.0715313479304,-1.60930597782,-2.62705731392,-0.0910470560193
75,6,H,11.06091261,11.8050898,13.57523595,1,0.00270088016987,-0.226346254349,-0.979660391808,-1.33720159531
75,7,H,9.14340034,9.69004614,8.62698351,1,-0.0168760791421,0.144627526402,2.93698859215,1.60779976845
75,8,O,8.77557875,10.5363852,12.33918482,-2,-0.0236738547683,-0.161189228296,0.789528250694,1.76062786579
75,9,H,10.04525513,11.13699027,10.13882372,1,-0.000843539834023,2.6301407814,-1.02847969532,0.0101174749434
75,10,H,9.94329326,14.220968,10.07988948,1,-0.0047958754003,0.639142096043,0.111658371985,-0.623328447342
75,11,O,13.43173375,10.61360575,12.7251438,-2,-0.0167697072029,-0.431931436062,-2.64497566223,1.7198445797
75,12,H,13.30614954,12.89127545,10.34556948,1,-0.0173815656453,-0.635862469673,1.84234011173,-2.79947328568
75,13,H,13.43752351,11.58156891,10.9586365,1,-0.0311952643096,0.00103430473246,-9.61458110809,-1.98003745079
75,14,O,10.85399425,10.39678589,13.70375435,-2,0.00683236122131,1.61410009861,-1.5378049612,5.46501207352
75,15,H,14.09755705,12.12572162,13.36345504,1,-0.00862063653767,-1.07234072685,1.36820185184,1.281945467
75,16,O,13.48812889,12.40684757,11.09193697,-2,-0.00604344904423,0.879557967186,8.00576782227,4.2362165451
75,17,H,8.76630855,11.28979195,11.77909295,1,-0.0127488169819,-0.297418534756,0.991702735424,-2.04780268669
75,18,H,10.81659507,12.90325964,10.33158611,1,-0.00387701764703,3.37986564636,-2.62340974808,-2.312977314
75,19,H,10.21738721,10.39609118,13.03371051,1,0.00353837013245,-1.35897946358,-1.40169072151,-2.29886221886
75,20,O,13.75678446,12.89414036,13.95941164,-2,-0.0340937972069,1.67441165447,0.24302265048,-2.05107760429
75,21,O,9.13647039,10.63461599,9.08380757,-2,0.00471366196871,1.76020479202,-2.8354742527,-4.40896224976
75,22,H,8.38953469,10.6476375,9.58956155,1,-0.00781437940896,-3.61850261688,-0.12145203352,1.93304729462
75,23,O,10.18066897,13.46198692,10.6010383,-2,-0.0320042334497,-4.77620124817,2.45064711571,2.51035642624
75,24,O,10.9606935,10.95030882,10.58596781,-2,-0.0447836741805,-2.49765205383,1.35705792904,3.31002545357
75,25,H,12,12,12,1,0.0483189858496,-0.636589229107,1.15196728706,2.13866639137
75,26,H,13.39115631,10.26532005,13.78390705,1,-0.0495110452175,-0.364529907703,0.486423015594,-4.34236717224
75,27,H,14.00187169,13.64483251,13.3377704,1,0.00423573330045,-0.176553428173,-1.07577776909,1.34011662006
75,28,H,13.01636403,9.9944043,11.97267279,1,-0.0653488785028,0.919567644596,0.903322398663,2.89184713364
75,29,H,11.66793238,13.8058816,11.74057226,1,0.00252920389175,1.26982212067,3.78422474861,-0.363542228937
75,30,H,12.72745762,14.47440956,12.53127144,1,0.000249249860644,0.395715564489,0.613902330399,0.238500595093
76,0,O,11.3568588,12.70704754,13.13460515,-2,0.307086497545,1.05727255344,1.99674451351,-1.95482158661
76,1,H,9.02205707,11.26896848,13.25361938,1,0.00102474913001,-0.901236236095,-0.365660309792,-0.0400762334466
76,2,H,10.59415267,10.01331513,14.57586157,1,-0.0114676002413,0.427879840136,-0.395712077618,0.94261521101
76,3,H,11.68530551,11.07193827,10.04316965,1,-0.0483237877488,-1.93137860298,-0.23039470613,1.3528496027
76,4,H,11.92049755,13.07829147,13.83661903,1,0.00221092626452,0.858751356602,-0.206030383706,-0.351826220751
76,5,O,12.22471219,14.84404969,11.88824839,-2,-0.0648831576109,-1.0309625864,-1.55993831158,-1.08538973331
76,6,H,10.81643854,12.13012873,13.61833397,1,-0.000171292573214,-1.07029628754,-1.88979625702,0.8845256567
76,7,H,9.24144986,9.81228776,8.88233608,1,-0.0297916829586,0.0645562410355,1.60067439079,0.9264767766
76,8,O,8.79457052,10.72533551,12.46744936,-2,-0.0227276906371,-2.41916489601,4.91176939011,-1.37630546093
76,9,H,9.96114815,11.36820952,10.18747598,1,0.0232536122203,3.09958267212,-1.74626326561,1.10372161865
76,10,H,9.87750842,14.35381161,10.15934423,1,-0.00937695428729,0.710426151752,-0.684473156929,0.236083000898
76,11,O,13.38225046,10.77543104,12.86985665,-2,-0.00708798319101,0.147486358881,-2.57841134071,-0.134918674827
76,12,H,13.26565467,13.31342702,10.36503345,1,-0.0325604006648,1.16218447685,-3.51891708374,3.14576816559
76,13,H,13.57661708,11.54386602,11.08712524,1,-0.0509253889322,0.273769468069,2.11166357994,-1.08904623985
76,14,O,10.84908919,10.51962515,13.80968346,-2,-0.0237125083804,2.42339372635,-0.906893670559,3.10441875458
76,15,H,13.94440784,12.23012975,13.56932084,1,-0.00283377058804,-0.250000566244,0.444063484669,0.0352083556354
76,16,O,13.45870856,12.54498677,11.21521014,-2,0.0288309752941,-1.05032134056,1.65331828594,-2.2740945816
76,17,H,8.46064284,11.65109254,11.97311484,1,-0.0211254805326,1.15536308289,-3.55973219872,1.0115468502
76,18,H,10.82003257,12.99110523,10.16400016,1,0.00548382103443,-2.45259356499,2.39233803749,1.88378608227
76,19,H,12.02917648,12.98383285,9.18215423,1,-0.00508057326078,0.602657139301,-0.657120704651,0.839441120625
76,20,H,10.08387395,10.42108356,13.33247783,1,0.007697744295,-1.8745418787,-1.12980902195,-2.99785065651
76,21,O,13.75249334,13.01517109,14.11742263,-2,-0.0424229428172,0.430622428656,0.269262641668,0.414124459028
76,22,H,10.68422459,12.37044374,8.47643109,1,-0.0057498048991,0.393959790468,-0.259232223034,0.460013955832
76,23,O,9.14592795,10.7467691,9.24908854,-2,0.0577924624085,-1.31319499016,-1.08122587204,-1.6326341629
76,24,H,8.33586153,10.75769849,9.77008349,1,-0.0206608958542,-0.419570446014,-0.260778695345,-0.140631824732
76,25,O,10.20521842,13.62448194,10.72721434,-2,-0.0460139736533,0.271554708481,-1.22361469269,-1.35490989685
76,26,O,10.93468845,11.08756781,10.74015491,-2,-0.0974317789078,1.19756162167,0.898501813412,-1.50720286369
76,27,H,12,12,12,1,0.180880665779,-0.665421843529,1.11641800404,0.949113488197
76,28,H,13.52798296,10.35213991,13.76237101,1,-0.0164714120328,-0.540759444237,-0.0278942994773,-1.52761781216
76,29,H,13.90578927,13.72506378,13.487549,1,0.00434939749539,0.335225641727,0.140343651175,-0.0873173847795
76,30,H,12.97535698,10.11516679,12.2042807,1,-0.0318449139595,0.640097618103,1.00349497795,2.03330945969
76,31,H,11.69184723,13.95931784,11.81632582,1,0.00447484478354,0.840268015862,2.69562840462,0.0841921716928
76,32,O,11.43641667,12.97214391,8.45542337,-2,-0.0334645360708,-0.488958775997,0.693032741547,-2.71185922623
76,33,H,12.51143048,14.80839963,12.78667768,1,0.00104294717312,0.315803050995,0.354560136795,0.859342634678
77,0,O,11.3489913,12.82595634,13.26436292,-2,0.153038322926,-3.37917304039,-1.15246725082,-3.40180563927
77,1,H,8.94049616,11.3570955,13.35116951,1,0.00568982213736,-0.335312575102,0.625644624233,1.0138708353
77,2,H,13.05172991,7.98906848,12.95466736,1,0.0140537433326,3.09598350525,-1.47822105885,-0.746090233326
77,3,H,10.65085185,10.10857689,14.6029023,1,-0.011867005378,0.151945084333,-1.46853780746,2.74072313309
77,4,H,11.60480154,11.2784553,10.11751777,1,-0.0274206735194,-0.554600298405,-0.467066258192,1.01523780823
77,5,H,11.99387981,13.22251588,13.80226896,1,0.00926432386041,1.29215824604,0.158821031451,2.2107796669
77,6,O,12.20436657,14.9431339,11.96136391,-2,-0.0553013421595,4.14354848862,6.15366268158,4.27307844162
77,7,H,10.54208957,12.33251782,13.62258827,1,0.00750001892447,2.85875749588,1.04101288319,0.0504300408065
77,8,H,9.33110694,9.98312733,9.11233614,1,-0.0220279023051,1.03689801693,-4.12897062302,-0.886831581593
77,9,O,8.80633842,10.90272418,12.52476065,-2,0.00854798406363,-3.96029138565,3.8147084713,-2.1654510498
77,10,H,10.05859105,11.4493062,10.23927458,1,0.0121256709099,1.78681123257,-1.18042719364,1.78744232655
77,11,H,9.8451928,14.44745061,10.16422448,1,-0.00969092547894,0.725103437901,-0.853351712227,1.38601434231
77,12,O,13.33477137,10.90780782,12.94465752,-2,-0.0272677838802,1.3737090826,3.07039833069,-1.02820968628
77,13,H,13.30914774,13.54149968,10.45155142,1,-0.0240430831909,1.05207443237,-3.97957873344,2.998721838
77,14,H,13.70062413,11.55232389,11.11282815,1,-0.0419658124447,-0.544011056423,4.61715078354,-0.356027692556
77,15,O,10.85180954,10.61383198,13.86107001,-2,-0.0774753391743,-4.16908502579,-0.86239105463,-2.14217972755
77,16,H,13.74990493,12.30989097,13.70200855,1,0.00348359905183,-0.0886500924826,-0.850342512131,-0.886016666889
77,17,O,13.68356503,7.38793027,12.36208496,-2,-0.0311458557844,-0.535805881023,-0.14010772109,2.69367575645
77,18,O,13.4228434,12.66310471,11.26329259,-2,0.0669945329428,-0.397832542658,-0.507206857204,-2.76055788994
77,19,H,8.20895724,11.78536312,12.12508953,1,-0.037406809628,2.15695238113,-3.41732811928,0.813535094261
77,20,H,10.68819895,13.16292869,10.04685989,1,0.0117421876639,-1.62997341156,2.16945528984,2.92786049843
77,21,H,12.02997199,12.98390124,9.35539453,1,0.00213591754436,-0.792947173119,-0.271359801292,-1.29135298729
77,22,H,12.18941194,7.91425456,12.08668091,1,0.0133531466126,-1.497153759,3.4752061367,-0.590957820415
77,23,H,9.83501284,10.35297935,13.36985867,1,0.0177061296999,4.67662477493,0.0801650136709,0.605660259724
77,24,O,13.74909374,13.1080656,14.20733652,-2,-0.0519975796342,0.0919933021069,1.01222908497,2.0607779026
77,25,H,10.53089847,12.54709452,8.63654187,1,0.00170413032174,3.44687628746,1.47773730755,-0.506794393063
77,26,O,9.15034607,10.83309065,9.34030934,-2,0.0239676088095,-5.42358112335,4.14643478394,1.4773786068
77,27,H,12.25295067,9.02968491,11.01020993,1,-0.0342304483056,-1.08022999763,0.579750359058,3.79788470268
77,28,H,8.25585711,10.80173563,9.9028352,1,-0.0194450095296,2.7108566761,-0.0260153077543,-1.85518682003
77,29,O,10.23085564,13.75147051,10.78105503,-2,-0.0487345270813,-0.582239568233,-0.280600756407,-3.35555100441
77,30,O,10.91006702,11.20452892,10.8207584,-2,-0.014421120286,1.1946105957,0.942184746265,-1.25787901878
77,31,H,12,12,12,1,0.234098672867,-0.69905179739,1.07597327232,0.532638251781
77,32,H,13.62739917,10.3891314,13.62060587,1,-0.00342806428671,1.73715901375,-1.83951091766,3.62410616875
77,33,H,13.83165417,13.79354954,13.56720823,1,0.00556045770645,0.501383721828,0.768210947514,-0.986568629742
77,34,H,12.94560518,10.21389313,12.48464235,1,0.00570131838322,-2.08375835419,-1.89101982117,-1.92123878002
77,35,O,12.00668888,9.02721781,12.08487819,-2,-0.0290153473616,0.126219600439,-4.4800825119,-5.08903598785
77,36,H,11.73404972,14.20176641,11.81646681,1,0.00379718467593,-3.08418011665,-3.99917531013,0.00788160879165
77,37,O,11.45598228,13.08629403,8.54408621,-2,-0.0334180518985,-2.00268554688,-1.71956014633,0.121887311339
77,38,H,14.05869919,6.69461905,12.96021604,1,-0.00858944654465,-0.492949187756,0.729491889477,-0.715416610241
77,39,H,12.32833768,15.12504869,13.01537957,1,0.00842752493918,-0.826307713985,-0.944966495037,-4.19647836685
78,0,O,11.3233973,12.89831938,13.34671749,-2,0.067151337862,-1.69875466824,0.222884193063,-1.60534489155
78,1,H,13.07663208,7.90110693,13.01533996,1,0.00992686673999,1.57001519203,-0.754195988178,0.745765447617
78,2,H,10.69302762,10.08558056,14.71624202,1,-0.00706084445119,0.748784601688,1.49571561813,-1.62524044514
78,3,H,11.49322155,11.39522439,10.224973,1,-0.0234581977129,4.30301904678,0.11917360872,-2.8398141861
78,4,H,12.10785387,13.30047633,13.83734592,1,0.0170778818429,-1.54788267612,-1.0054475069,0.801632642746
78,5,O,12.18628149,15.0143395,12.01255694,-2,-0.0600750669837,0.802820563316,1.79060411453,2.59636235237
78,6,H,10.40427014,12.52471649,13.60380189,1,0.00436081364751,3.25962853432,1.19119000435,0.416116505861
78,7,H,10.19510733,11.40568993,10.3305452,1,-0.0368365496397,-5.86409282684,0.531452834606,-2.73459649086
78,8,H,9.84292681,14.48981909,10.19497978,1,0.0016102027148,-0.160330548882,1.0914222002,1.46645200253
78,9,O,13.28526808,11.00227875,12.98062529,-2,-0.0439685434103,2.2204477787,-4.09699392319,1.51337528229
78,10,H,13.41863041,13.52432426,10.62702748,1,-0.0188747905195,0.736704409122,-2.06116843224,1.07106781006
78,11,H,13.75393433,11.80970483,11.10881298,1,-0.040582254529,0.0557817183435,1.99284315109,-0.464944690466
78,12,O,10.83089876,10.65792774,13.87186005,-2,-0.0192650854588,-5.96996736526,-4.30376720428,0.990224480629
78,13,H,13.53536903,12.29741305,13.75548915,1,0.00912830792367,0.524860799313,1.33644342422,0.652466952801
78,14,O,13.69175366,7.46377902,12.39935801,-2,-0.0313858240843,1.88954174519,-3.01418733597,2.27714848518
78,15,O,13.37578615,12.7296354,11.26824451,-2,0.0767565518618,-0.508458018303,0.329766273499,-0.877033054829
78,16,H,10.4526771,13.38521369,10.06327101,1,0.0098813418299,2.16516828537,-3.86603569984,-3.71255302429
78,17,H,11.99537199,12.92956111,9.42955298,1,3.9380043745e-05,-0.999162614346,0.386170625687,-1.6156475544
78,18,H,12.19948971,8.25521633,12.14719758,1,0.00482134707272,0.598154485226,-7.30807304382,0.434540122747
78,19,H,9.85957409,10.2642971,13.41898863,1,-0.00219190865755,4.20526266098,1.73860418797,1.35599553585
78,20,O,13.73887956,13.15665117,14.26758491,-2,-0.0627835988998,-0.43656796217,0.467405408621,-1.15545225143
78,21,H,10.52205743,12.74052945,8.71314478,1,-0.0025867074728,2.53042006493,0.579771399498,-0.786850988865
78,22,H,12.22690323,9.09476547,11.15041073,1,-0.0314381495118,-0.840715289116,1.38262045383,1.99271154404
78,23,O,10.2488198,13.82768124,10.79059257,-2,-0.027892768383,-3.19840025902,3.68524074554,3.11550998688
78,24,O,10.88373288,11.28155266,10.86626056,-2,0.0360323190689,1.39341247082,-1.61738622189,5.63315248489
78,25,H,12,12,12,1,0.183173626661,-0.221857875586,0.659437775612,0.640387415886
78,26,H,13.76267112,10.31714268,13.60141009,1,-0.00774761661887,-0.198922529817,2.34607124329,-0.825792968273
78,27,H,13.78216837,13.85732736,13.56660204,1,0.00744378380477,0.360867202282,-0.973218202591,0.597002804279
78,28,H,12.80776562,10.17470767,12.6440549,1,0.00913373380899,-0.769840717316,1.46116268635,-0.313278257847
78,29,O,12.00503273,9.09528602,12.16808718,-2,0.00662915408611,-2.14401841164,5.79923391342,-4.40960836411
78,30,H,11.6283052,14.23195803,11.77681403,1,0.00655489601195,0.0101373689249,1.04633665085,1.37497115135
78,31,O,11.45831186,13.15024343,8.60242388,-2,-0.0341336354613,-0.959544062614,-1.37666153908,0.824628889561
78,32,H,14.14619684,6.69468132,12.95197751,1,-0.00829818099737,-1.50145804882,2.42911624908,-1.77848792076
78,33,H,12.12688146,15.34162145,13.02228916,1,0.00885815545917,-0.35510468483,-1.70549988747,-3.75493144989
79,0,O,11.30123999,12.9321829,13.39246848,-2,0.025447383523,4.62037086487,1.93216323853,-2.46405696869
79,1,H,13.19436012,7.73327818,13.10948933,1,0.000961288809776,-1.7449105978,1.39945566654,3.31777906418
79,2,H,11.54335209,8.41905612,10.33132808,1,-0.0387337803841,-2.89808320999,1.08219373226,-1.8071539402
79,3,H,10.76893623,10.09344023,14.72028631,1,-0.00552419945598,0.700127243996,1.65576946735,-1.35797166824
79,4,H,11.57247696,11.44294331,10.20772126,1,-0.0075094550848,-0.715226829052,-0.745334208012,1.27748394012
79,5,H,12.13633939,13.27148207,13.89220167,1,0.0228452980518,-2.28162431717,-0.565374135971,0.469116806984
79,6,O,12.17804611,15.053336,12.04365993,-2,-0.0766153633595,-0.270696818829,-3.07989406586,-3.81322622299
79,7,H,10.44005737,12.72820579,13.58353911,1,0.00322830677032,-2.55697345734,-0.664359271526,1.86094665527
79,8,H,9.51796084,9.93131657,9.40983432,1,-0.0118504017591,-0.405015528202,2.79483389854,-0.509606301785
79,9,H,10.07368727,11.32483081,10.30714563,1,0.00761643797159,0.180607140064,0.0655072256923,0.83592402935
79,10,H,9.84263121,14.5834997,10.27204333,1,0.00576542876661,0.127139061689,1.17317569256,1.39579343796
79,11,O,13.25066357,11.04455977,12.9921784,-2,-0.101332470775,1.92008328438,-5.2944316864,1.38339364529
79,12,H,13.59042648,13.41278083,10.76286135,1,0.00116463005543,2.18678188324,6.63851070404,-4.11380434036
79,13,H,13.83570868,12.09050825,11.04522716,1,-0.0164912194014,4.51404333115,-6.26224899292,-1.21087360382
79,14,O,10.79894957,10.6468173,13.86123883,-2,-0.0236483737826,3.24767374992,0.580841064453,5.97865486145
79,15,H,13.35405829,12.28784451,13.80737834,1,0.0153778009117,1.6782207489,1.45059394836,0.983410894871
79,16,O,13.71422165,7.49145431,12.41082755,-2,-0.0181836113334,1.62953269482,-0.47172114253,-2.68239545822
79,17,O,13.32782218,12.75411585,11.24825387,-2,0.0783422887325,-6.62133836746,-0.111878268421,4.93763494492
79,18,H,10.3052011,13.39422776,9.93457122,1,0.0147063061595,0.582674980164,-0.676918387413,1.63399636745
79,19,H,11.93473997,12.86185939,9.39920443,1,0.00666387379169,0.503829836845,0.00878587272018,0.654045462608
79,20,H,12.25223011,8.21366951,12.20714726,1,-0.00710641220212,-0.383806049824,-0.518671512604,0.546039521694
79,21,H,10.14607656,10.19938932,13.49750661,1,-0.0105676539242,-5.00832223892,-3.05733680725,-3.8707242012
79,22,O,11.44423216,9.147066,9.56503963,-2,-0.0263988077641,-3.03437256813,-2.6209359169,2.66181254387
79,23,O,13.73510667,13.16532244,14.29582024,-2,-0.0780419781804,-1.41861248016,-0.545582592487,-1.5676637888
79,24,H,10.61042149,12.89775193,8.6978919,1,0.0089357290417,-3.74859547615,-1.98146021366,-0.629476070404
79,25,O,9.11609178,10.90674728,9.42772207,-2,0.0220728218555,2.60570192337,-3.03915309906,-3.0939450264
79,26,H,12.18472912,9.23672504,11.37292753,1,-0.00234729424119,1.26975250244,2.68790411949,-6.86579036713
79,27,H,8.39525063,10.69898053,9.92948038,1,-0.012217450887,-3.74172902107,-0.208398222923,2.21324014664
79,28,O,10.26694687,13.8692638,10.78089647,-2,-0.0204086452723,-2.11234736443,0.459109514952,-1.56692135334
79,29,O,10.87849368,11.31913534,10.90485122,-2,0.025648266077,2.58833193779,0.907847821712,0.150946110487
79,30,H,12,12,12,1,0.245477214456,-0.737861633301,0.169751271605,0.101225666702
79,31,H,13.86854631,10.33742789,13.5244604,1,-0.020528126508,-1.16536426544,2.84670233727,-1.39500975609
79,32,H,13.76508661,13.83154684,13.56730185,1,0.0100181717426,0.306881695986,-0.625869512558,0.540714323521
79,33,H,12.6379865,10.15581465,12.74465827,1,0.0210241526365,0.499011099339,2.53660345078,0.461204022169
79,34,O,12.00292859,9.13816021,12.21093183,-2,0.0501372218132,-2.58060669899,-1.98645615578,5.74788475037
79,35,H,11.49960242,14.23496303,11.75927257,1,0.0137785412371,2.09449839592,3.26520037651,1.46993327141
79,36,O,11.46202342,13.17104332,8.63952843,-2,-0.0364324040711,4.01904726028,1.52902686596,-1.99728024006
79,37,H,12.32052582,8.95680129,9.58136249,1,-0.0456040538847,5.68681001663,0.473983645439,-2.44415068626
79,38,H,14.16559123,6.80572031,12.84354434,1,-0.025878533721,1.62710404396,-2.05459809303,0.263151288033
79,39,H,11.93191475,15.4195522,12.84241211,1,0.00620920397341,-1.16277229786,0.852704524994,2.50572633743
80,0,H,13.17849424,11.40020799,10.92006772,1,0.0108917355537,-2.2785115242,0.432292699814,1.79681479931
80,1,O,10.48956519,10.80059329,14.14307913,-2,-0.011867262423,-2.74167966843,1.51526761055,-1.15925812721
80,2,H,12.8293237,10.5228173,13.30412338,1,0.0234557650983,-0.521865844727,4.00859546661,-5.34028863907
80,3,H,13.28845567,13.42564665,13.68573438,1,0.00693466514349,-0.68828523159,2.22831344604,-1.39268171787
80,4,O,13.34131268,12.69850919,14.23288544,-2,-0.149469226599,-1.67513656616,-4.57049703598,3.70172452927
80,5,H,11.08819163,8.82972119,8.8917249,1,0.0211343672127,0.334410041571,0.748289823532,-2.9643137455
80,6,O,10.58301429,11.08987641,9.84233723,-2,-0.0797800272703,-0.0112636238337,-2.13196110725,-0.280066728592
80,7,H,11.0140979,9.4741591,7.2123049,1,0.0165266785771,0.67674279213,-0.76873421669,3.35928368568
80,8,O,12.35204884,11.27501229,11.50234691,-2,-0.0270802900195,2.95409345627,-2.63697075844,-0.358428746462
80,9,H,10.30090628,12.5968871,13.42446544,1,0.0115089081228,1.06065273285,0.949356019497,-0.666297793388
80,10,H,12.32423958,12.30642689,14.75718844,1,0.0422843024135,3.61454749107,2.80793952942,-1.43719530106
80,11,H,14.40246509,12.28620617,12.7307757,1,0.00790825486183,-1.12849748135,-0.531145751476,0.312809079885
80,12,H,9.63673524,11.08229154,14.52109659,1,0.00379517674446,0.328688442707,-0.704357326031,-0.243270277977
80,13,H,11.13215298,12.94974999,16.3124723,1,0.00121070072055,0.774428129196,1.34509587288,0.142203271389
80,14,H,12.85081311,9.85997112,15.16570612,1,-0.211429238319,-1.01814520359,-0.547055065632,1.81102991104
80,15,O,10.29805145,13.09679159,11.50606981,-2,-0.035765375942,-2.8234629631,-1.20773351192,5.98617696762
80,16,H,12,12,12,1,0.0152327474207,0.342526763678,1.32776093483,-0.129852950573
80,17,H,15.29250093,13.13757601,13.55394952,1,0.00928787142038,0.0394000858068,-0.191338986158,0.162154734135
80,18,O,11.44572409,9.45546092,8.159613,-2,0.000643603503704,-0.589154064655,-1.52094781399,-1.16916525364
80,19,O,12.75308788,9.97790583,14.02071979,-2,0.363357275724,0.986250221729,-4.12120485306,3.69983530045
80,20,O,11.83835055,12.30336177,16.16918097,-2,0.0279672890902,-5.55033254623,-3.69469881058,-0.445180773735
80,21,H,13.02740599,14.53800301,11.00064954,1,0.0125003121793,-1.93866717815,3.79166173935,1.06825649738
80,22,H,10.91407065,11.6112457,15.88240768,1,0.0126327425241,4.65739202499,2.0545334816,1.03393340111
80,23,H,13.54743237,13.61316407,10.69088471,1,0.016813473776,2.95506358147,-3.74921274185,-2.54245018959
80,24,H,11.62392751,13.58312331,13.07076372,1,0.0166362039745,-2.65647101402,-1.80032384396,2.34293174744
80,25,O,13.1061917,13.73720108,11.48164447,-2,-0.0102725103498,-1.03840053082,1.01750576496,1.26345694065
80,26,H,10.43222827,13.96015484,11.71556059,1,0.0128626339138,0.54984998703,3.55355787277,-0.291525989771
80,27,H,10.9547561,10.36636546,9.20248045,1,0.00622545182705,-0.953918337822,2.78275680542,0.981061220169
80,28,H,13.60226245,10.36526513,14.36364067,1,-0.0289826914668,1.37622964382,0.307446867228,-0.367194354534
80,29,O,15.26440989,12.65014839,12.72880428,-2,-0.0603661648929,2.54016900063,0.39395737648,-1.02005732059
80,30,O,11.00970811,13.14745357,13.80617227,-2,-0.0415532067418,0.641563892365,2.49780988693,-1.28841137886
80,31,H,10.89349322,10.18750063,14.69816195,1,-0.00650545209646,0.883710205555,-2.085095644,1.54595839977
80,32,H,10.90713897,10.74320221,10.71296986,1,0.0116022322327,-0.366495996714,0.748920977116,-1.06423199177
80,33,H,10.44072093,12.73084494,10.73647058,1,0.0116589609534,1.26447498798,-2.24975585938,-7.04784488678
81,0,O,15.39352374,10.24092552,14.99559896,-2,-0.0251090750098,-1.21613788605,-1.43604791164,-1.17941093445
81,1,H,13.12869221,11.55814394,10.81932931,1,-0.0093337520957,1.89986085892,1.45126795769,-1.26930689812
81,2,O,10.5843506,10.77215733,13.94970955,-2,-0.00729654729366,-2.2076716423,-0.155571088195,0.870997309685
81,3,H,13.08442691,10.62220298,13.03220975,1,0.0155578926206,-1.46508157253,-0.500743746758,0.221469938755
81,4,H,13.26600838,13.48248793,13.64867898,1,-0.0062966812402,-0.379603773355,1.15754294395,-0.454594522715
81,5,O,13.42077123,12.66082035,14.06080709,-2,-0.219981402159,-0.866810262203,-3.66255760193,2.01420354843
81,6,O,10.66142082,11.05592956,9.65896953,-2,-0.0389213636518,-2.51085472107,3.50065469742,1.04964148998
81,7,O,12.46081765,11.18595985,11.32320838,-2,-0.0421987399459,-3.12450027466,0.751341938972,5.77224636078
81,8,H,10.33102044,12.46645307,13.32158426,1,-0.00301668047905,3.07855153084,2.87432146072,-0.441537111998
81,9,H,12.39142465,12.21843347,14.58283793,1,0.0528694018722,3.49863052368,3.14525294304,-1.14056360722
81,10,H,14.59144413,12.18035203,12.73170545,1,0.0017004981637,-4.02820968628,-1.84032011032,0.911732137203
81,11,H,9.72331772,10.94850005,14.38035151,1,-0.0133046172559,0.00822262093425,-0.185031309724,-0.566426098347
81,12,H,11.30765656,12.96717457,16.29677,1,-0.0158626027405,1.59322655201,-0.833421587944,-0.89259916544
81,13,H,15.60911965,11.06566977,14.52515157,1,0.00573785230517,-0.0299809966236,-0.457559645176,-0.30032324791
81,14,H,14.99891274,9.54350996,14.35196742,1,-0.00352423638105,1.99113750458,1.46146821976,1.31382453442
81,15,H,12.77201109,9.89143683,14.94312482,1,-0.143789514899,-0.684252262115,0.0287954527885,0.0782653987408
81,16,O,10.39242612,13.00591065,11.32994432,-2,-0.0411275848746,0.0529473945498,-0.9119759202,-4.09290313721
81,17,H,12,12,12,1,0.0218961238861,1.88622796535,-2.88627052307,-3.04460287094
81,18,H,15.4677789,13.12170341,13.35985976,1,0.00381273962557,0.0305761657655,-0.770621240139,-1.56916069984
81,19,O,12.83462624,9.87926752,13.87088856,-2,0.484896957874,4.09839582443,1.40512251854,-0.579707801342
81,20,O,11.94798839,12.27089426,15.92762603,-2,0.0768455043435,-5.55703401566,-2.39185714722,0.826385140419
81,21,H,13.08602949,14.64054424,10.81311093,1,-0.00496754795313,-0.477457791567,-2.40277242661,2.80198216438
81,22,H,11.13469304,11.55664541,15.63026282,1,-0.0073866173625,3.47894668579,2.50690865517,1.23213875294
81,23,H,13.77179751,13.54871881,10.38927221,1,0.00392384082079,-1.23264276981,-1.00726532936,3.60873007774
81,24,H,11.70096842,13.67724685,12.88957137,1,0.00472251325846,-3.09185743332,-2.62490725517,2.11378860474
81,25,O,13.21258995,13.68547571,11.31567508,-2,-0.00950976461172,1.76923656464,4.4427485466,-6.67006587982
81,26,H,10.51044449,13.96785805,11.42591341,1,-0.000209789723158,-0.168893247843,-0.722854852676,-0.711769044399
81,27,H,10.93618356,10.3331132,9.22256728,1,0.00289808213711,1.40350663662,-3.78663873672,-2.9873726368
81,28,H,13.81362222,10.3836646,14.05914545,1,0.0299775600433,-1.72494196892,-1.06035447121,0.169642299414
81,29,O,15.36401485,12.58217792,12.52162114,-2,-0.0580192171037,5.11271429062,2.56660795212,0.260935693979
81,30,O,11.14300685,13.08552183,13.59694019,-2,-0.0410675555468,-1.06365716457,1.46875751019,-1.60662889481
81,31,H,10.9107532,10.05810672,14.50320842,1,-0.0310868322849,0.376889318228,-0.915113031864,-0.106424637139
81,32,H,10.95840247,10.86223712,10.53965145,1,0.00917989388108,0.453135997057,-0.0601490288973,0.959558427334
81,33,H,10.59536166,12.62741337,10.31563254,1,0.00799117237329,-0.902572989464,1.85122096539,3.40777659416
82,0,H,12.30230642,13.18353771,8.80682004,1,-0.00141115486622,-0.956418037415,-0.299288779497,0.18464076519
82,1,H,13.02448929,11.94235979,10.87088404,1,0.00564823672175,-0.911031901836,-1.32491719723,0.967651724815
82,2,O,10.56182489,10.91481419,13.95876464,-2,-0.0564207807183,0.0787424743176,-2.68121647835,3.56448888779
82,3,H,13.0852527,10.8783975,12.91785385,1,0.10465734452,0.185899600387,0.487946480513,-0.966740608215
82,4,O,14.57164774,15.30856541,10.29059147,-2,0.0150772482157,0.737591803074,0.17463876307,0.860904276371
82,5,O,8.72796904,11.56558884,12.71652099,-2,-0.0398114100099,-2.44169044495,1.53554272652,-1.9480766058
82,6,O,11.33348029,13.30725402,8.88073224,-2,-0.0649645924568,-0.511945784092,-0.353887408972,-0.993762016296
82,7,H,14.98385543,13.40799235,8.61788031,1,0.00417495891452,-1.09639322758,0.0778166651726,1.95167434216
82,8,H,13.11197757,13.76017609,13.77558002,1,0.0097423158586,1.51027369499,-3.76627469063,1.02465748787
82,9,O,13.38091323,12.77499412,14.09237407,-2,-0.0607719868422,0.571791529655,3.06300663948,-1.08501362801
82,10,O,10.6174723,11.19358405,9.67822563,-2,-0.00369899719954,-1.51476299763,-2.74243807793,-0.880051851273
82,11,H,10.83940054,12.38156875,8.86884826,1,0.0113709196448,1.94696080685,1.74671661854,-0.61048656702
82,12,O,12.44653231,11.26858276,11.36094073,-2,-0.0153758823872,0.290332049131,3.01618385315,2.18194842339
82,13,H,10.85653158,7.88640985,15.3911888,1,-0.00534910336137,0.320230185986,1.59972667694,-1.75340640545
82,14,H,10.41528768,12.62660818,13.36707834,1,0.0135426484048,-0.139285936952,0.504590809345,-0.947346389294
82,15,H,12.55496348,12.47428887,14.54929283,1,0.0147483721375,0.879110693932,1.01720166206,-0.388077259064
82,16,H,9.6201125,14.67738577,10.3595229,1,0.00942933373153,0.0620347261429,-0.744941294193,-1.19455111027
82,17,O,9.23310612,15.52032474,10.14104311,-2,-0.0464995503426,-0.4542298913,0.502505302429,1.41667294502
82,18,H,14.43577212,12.15303555,12.94279418,1,0.0128156915307,3.56797528267,2.45094013214,-1.67563617229
82,19,O,16.86196373,14.54642946,10.25683043,-2,-0.0866996645927,0.831684589386,1.18882632256,-0.90423220396
82,20,H,14.47954084,12.16662204,8.73911983,1,-0.00650619342923,-0.110619574785,-4.79496765137,-1.43508458138
82,21,H,9.71863986,10.95064803,14.42532234,1,0.00491156429052,-0.680621504784,0.79761749506,-0.919888913631
82,22,H,11.42060674,13.12622102,16.40357671,1,0.00779597461224,1.17647361755,-2.12363791466,-1.64492559433
82,23,H,12.57190558,10.11412418,14.9105249,1,0.00247690826654,0.347836107016,-0.074550807476,-1.57158446312
82,24,O,10.37027533,13.07807646,11.33701221,-2,-0.0621040537953,0.0187118221074,1.26502287388,-4.49278450012
82,25,H,7.83119041,11.99639327,12.78201723,1,0.00244595482945,1.20970821381,-0.681247532368,-0.10413596034
82,26,O,14.33199199,12.90872066,9.22448062,-2,0.0184605866671,1.8046412468,4.10928153992,-1.65461921692
82,27,H,12,12,12,1,0.0209347084165,0.842498898506,-1.93524289131,-1.65743172169
82,28,O,16.02385922,15.3097722,12.9949404,-2,-0.0504766479135,0.253793269396,0.807713389397,1.60633730888
82,29,H,9.03367113,11.90432217,11.81425633,1,0.0093811750412,-0.315224140882,-0.406953781843,1.74603128433
82,30,H,11.82808115,8.53199085,14.24412859,1,0.00587975606322,-1.03614938259,-0.252890259027,0.496864140034
82,31,H,15.50749325,13.20756687,13.30350016,1,0.00722561776638,-0.379686564207,-0.278164505959,0.26076182723
82,32,H,14.97454473,15.84394055,11.00858691,1,0.0217186808586,-1.21408307552,0.677141904831,-1.93091654778
82,33,O,12.81772696,9.95687968,13.9171582,-2,0.314296096563,4.15829372406,1.20159769058,2.62239432335
82,34,H,17.68444299,15.14478076,10.18054007,1,-0.00912180915475,-2.55039381981,-1.11738085747,-0.108340479434
82,35,O,11.92578413,12.39826311,15.88438137,-2,-0.00791527330875,3.55456352234,7.03043746948,6.07760190964
82,36,H,13.00119685,14.7727839,10.95495021,1,-0.00294733047485,0.0268802791834,-3.13617610931,1.67161870003
82,37,H,8.86229608,15.67006754,11.03557739,1,0.00850255973637,-0.206789925694,0.6236140728,-0.762253284454
82,38,H,11.39127448,11.77952502,15.63889856,1,0.00906796380877,-5.93698167801,-5.61832761765,-2.31354856491
82,39,H,13.82905927,13.57573104,10.45085849,1,0.0153504088521,-2.09622073174,0.348147720098,4.20394897461
82,40,H,15.9024486,14.92273249,9.99348158,1,0.00814049690962,3.32136130333,-0.70100826025,0.697320401669
82,41,H,16.34551607,14.38691815,13.2250651,1,0.0133465975523,-0.576364815235,2.03729128838,-2.16803073883
82,42,H,11.53553845,13.78195286,12.9952121,1,0.01049714908,0.231099843979,1.46297037601,-2.73502254486
82,43,O,13.20136838,13.81444283,11.33419163,-2,-0.0808310210705,0.0401483923197,2.07063817978,-3.69496774673
82,44,H,10.48720994,14.08127951,11.31120923,1,0.0148229412735,0.373844832182,-2.34475278854,0.518023133278
82,45,H,10.85174582,10.32925128,9.30265473,1,-0.000880993902683,-0.180500477552,0.34434068203,0.0643636733294
82,46,H,13.83068646,10.50083565,13.98635054,1,-0.0142911374569,-2.64450669289,-1.74767506123,-0.661592006683
82,47,H,15.69795263,15.56875519,12.11035883,1,0.0104560405016,1.49121856689,-2.12563371658,1.62109410763
82,48,O,15.36565066,12.68952718,12.51237913,-2,-0.0794740319252,-2.64425349236,-2.955732584,1.09964036942
82,49,O,11.15688381,13.19770247,13.5788898,-2,-0.0564643144608,-1.54006481171,-0.408659547567,3.55490016937
82,50,H,10.78797728,10.06161734,14.51938334,1,0.00810647010803,-0.0895483866334,1.68753254414,-1.99487149715
82,51,H,10.91126383,11.14075355,10.59671232,1,0.0167993307114,0.61621183157,-0.251634627581,0.226754486561
82,52,H,14.32041045,15.58546346,9.43437238,1,0.00238772854209,-0.225383415818,2.09062290192,-1.04348993301
82,53,O,10.92420129,8.59546468,14.66199324,-2,-0.00451730191708,0.358535915613,-3.28848171234,1.79396009445
82,54,H,10.61505676,12.80724009,10.27815802,1,0.0223215743899,-0.355180859566,2.23657274246,3.82667970657
83,0,H,9.73493608,8.72518311,12.52461481,1,-0.00404289364815,-0.784067571163,-1.22597432137,0.750042080879
83,1,H,12.22972707,13.31173806,8.78713852,1,-0.0060189627111,0.696760654449,0.408498346806,-0.216204360127
83,2,H,12.86400717,12.32754674,11.03716353,1,0.0231314189732,-1.0634124279,-3.13977456093,1.14816617966
83,3,O,10.51901268,11.1279042,14.06477015,-2,-0.0488201826811,-0.498113870621,-2.57090687752,4.12946987152
83,4,H,12.96733485,11.17902775,12.88460596,1,0.141461953521,0.0917167514563,-0.381731927395,-0.128678262234
83,5,O,14.50320539,15.48812693,10.34852625,-2,0.0249465927482,1.57039141655,-0.278207540512,3.93854045868
83,6,O,8.66400011,11.74473486,12.83911199,-2,-0.0375390574336,-4.64179563522,1.53294873238,1.08587241173
83,7,O,11.30419059,13.47272151,8.94403394,-2,-0.0924991667271,-0.352077901363,-1.03615796566,-0.464911907911
83,8,H,13.01032842,13.9178257,14.04461638,1,-0.00608176738024,1.75115680695,-1.44104540348,-0.49916395545
83,9,O,13.32878567,12.97565963,14.19872753,-2,-0.0537987425923,8.30376434326,4.20752286911,-5.3255200386
83,10,O,10.54977724,11.40097196,9.7841462,-2,0.00208659470081,-0.3462716043,-4.81517696381,-1.22181677818
83,11,H,11.00015905,12.45272914,9.01478585,1,0.0121136903763,0.18414914608,1.89357638359,-0.146464794874
83,12,O,12.4136316,11.43753504,11.49309604,-2,0.230171084404,5.6923661232,-1.24063396454,-5.17631387711
83,13,H,11.51527985,18.37151189,11.99420997,1,0.0004030354321,2.95732879639,0.685818552971,-0.965523838997
83,14,H,10.74476654,8.26758784,15.60386094,1,-0.00542161613703,0.14481562376,0.694042921066,-1.15234816074
83,15,H,10.47478114,12.86368062,13.40802257,1,0.00924049690366,-3.92245364189,-2.42572140694,-1.65856850147
83,16,H,12.64349835,12.81700327,14.66913539,1,0.00967844948173,-6.85633850098,-2.70693898201,5.30886793137
83,17,H,9.69070423,14.75638218,10.38413556,1,0.0173075012863,-2.50053620338,4.27344942093,-2.6249537468
83,18,O,9.16217028,15.72880346,10.21354927,-2,-0.0798803567886,1.38453960419,-4.86605501175,2.25960850716
83,19,H,14.44079488,12.35134056,13.13044729,1,0.00892918556929,3.11073946953,2.1074719429,-2.38720917702
83,20,O,16.84764809,14.79719097,10.3530669,-2,-0.114400602877,-2.10482597351,2.07531023026,-1.13272428513
83,21,H,10.97698698,16.27775968,12.04349331,1,0.0154376775026,-3.34377479553,-0.773976027966,0.212928041816
83,22,O,10.1327667,9.50192727,12.20470027,-2,-0.0709726810455,0.956764817238,1.21190297604,-1.50451815128
83,23,H,9.66947407,11.05696873,14.53630453,1,0.00727324560285,-0.770834326744,1.78979063034,-0.9023001194
83,24,H,11.51517141,13.28759769,16.4878946,1,-0.0063644759357,-1.25796830654,0.137228012085,0.585086643696
83,25,H,12.40544243,10.4176672,14.90745852,1,0.00391218066216,0.562347173691,-0.15193977952,-0.899755597115
83,26,O,10.32832524,13.23224942,11.41249509,-2,-0.0419953018427,-1.19697892666,-1.30889511108,1.43042016029
83,27,H,7.80052102,12.29194825,12.89720473,1,0.00489811971784,1.80942165852,-1.50263762474,0.0770391002297
83,28,H,12,12,12,1,0.0148880891502,-4.6914229393,4.73078298569,5.22042560577
83,29,O,15.9418599,15.53310277,13.08718682,-2,-0.052481405437,1.87588620186,-2.6444644928,5.99961137772
83,30,H,9.0341146,12.18476596,12.10090179,1,0.00870181247592,1.05480742455,0.622438669205,-1.58016180992
83,31,H,11.84194258,8.5239214,14.49354068,1,0.00536833330989,-1.49058187008,0.517655491829,0.164891287684
83,32,H,15.52572756,13.35832047,13.35257135,1,0.00482731685042,0.211206033826,0.738626360893,1.5931776762
83,33,O,11.3124677,17.59709198,11.42702328,-2,0.000200152397156,-2.78544950485,2.3476600647,3.63045501709
83,34,H,14.86935966,15.98844828,11.16218592,1,0.0217250771821,-1.81456506252,-0.123520180583,-2.92009472847
83,35,O,12.79565783,10.12446849,14.04485939,-2,0.11670511961,1.32170307636,0.644383907318,0.781503140926
83,36,H,17.42811393,15.53969102,10.12203943,1,-0.00244596600533,0.22671636939,-0.480188667774,0.112093307078
83,37,O,11.89099823,12.62107398,15.94210528,-2,-0.0156923830509,0.694693565369,-1.95249998569,1.26807332039
83,38,H,12.89820627,14.84965088,11.23442963,1,-0.00159922614694,-1.24892282486,4.1991353035,-1.72505426407
83,39,H,8.96062703,15.62578795,11.20384866,1,0.00613849237561,-0.306822627783,1.31384682655,-1.87835931778
83,40,H,10.10224653,10.21563944,12.88587684,1,0.00653491914272,-0.137009650469,-0.895982682705,-0.715511322021
83,41,H,11.37898629,11.83798689,15.65589545,1,0.00703195109963,-0.824559211731,1.45725953579,0.533643186092
83,42,H,13.76242293,13.70357037,10.77858748,1,0.0115631110966,1.39276182652,0.545511960983,-0.606077253819
83,43,H,15.84463472,15.24501263,10.12008071,1,0.00953960418701,3.56370711327,-2.36357927322,0.593428373337
83,44,H,16.25509775,14.51915119,13.35726868,1,0.0184743702412,-1.09734117985,4.61124420166,-2.67598176003
83,45,O,10.04874573,15.72051069,12.44824333,-2,-0.0805632099509,7.11229038239,-0.42332431674,2.43406558037
83,46,H,11.37818786,14.00253531,13.02228069,1,0.010371286422,0.60223287344,0.30374160409,-2.19390916824
83,47,O,13.1673946,14.02689157,11.42867907,-2,-0.0261942520738,-1.01933395863,-5.60323762894,3.05938100815
83,48,H,10.44805178,14.1401676,11.31368556,1,0.0161201655865,0.265154451132,3.06092071533,1.90504479408
83,49,H,10.74489355,10.41923668,9.43505409,1,0.00735967233777,-0.682645857334,3.19260334969,1.62207555771
83,50,H,13.66272342,10.57147607,14.0544855,1,-0.00470918789506,0.168752238154,-0.52674382925,0.112900100648
83,51,H,15.68136521,15.76971976,12.24889778,1,0.00597500801086,0.379109084606,-0.984436511993,-2.43927693367
83,52,O,15.33476245,12.86446855,12.59201462,-2,-0.0755389034748,-3.21062445641,-3.8418109417,0.358659744263
83,53,H,10.80601211,15.19191776,13.02013056,1,0.0132544003427,-3.99196076393,1.8254544735,-0.789660513401
83,54,O,11.14512628,13.38772116,13.65939041,-2,-0.0536335557699,2.40421628952,2.54926919937,3.85646533966
83,55,H,10.63478151,10.20457165,14.53897132,1,0.0152750723064,1.33626508713,0.663664281368,-1.47184729576
83,56,H,10.8465133,11.46687489,10.72265389,1,0.0155723318458,-0.0292067267001,-1.16823792458,-1.21585452557
83,57,H,10.51775157,17.82340218,12.14178055,1,0.0219232626259,0.185853436589,-2.28252434731,-2.88904953003
83,58,H,14.27024097,15.82281677,9.53990837,1,0.00473410263658,-0.808113455772,2.78080010414,-2.70952868462
83,59,O,10.90904216,8.77810353,14.76579138,-2,0.00898534804583,0.822391688824,-2.49898099899,1.71440577507
83,60,H,10.57118771,13.15033841,10.53546977,1,0.0184337310493,0.943996965885,-1.46718788147,-3.66896128654
84,0,H,9.9495793,8.7278092,12.50197295,1,-0.0192902088165,-0.146914333105,0.138818278909,0.509978473186
84,1,H,12.42012727,13.29194049,8.56889553,1,-0.0258623920381,0.274149358273,1.30599117279,-0.230892822146
84,2,H,12.87783279,12.37065211,11.03798552,1,0.00999540090561,0.401284307241,-1.60920572281,0.4606795609
84,3,O,10.6892822,11.15166372,13.97566283,-2,0.0160012468696,-0.832628250122,-3.57787036896,4.10965490341
84,4,H,13.02503589,11.28680802,12.6210621,1,0.0730985850096,0.0940063148737,-0.358917742968,-0.781705498695
84,5,O,8.80506569,11.7495952,12.75087775,-2,-0.0375726781785,0.618779420853,0.0373430475593,-0.815947175026
84,6,O,11.49375648,13.45378947,8.80625326,-2,-0.0671502202749,1.44853579998,-1.07096660137,-0.412785887718
84,7,H,13.20279533,13.84034184,14.0724628,1,-0.0235611498356,-0.655687391758,4.64944219589,-1.03996729851
84,8,O,13.51619551,13.00531422,14.0804041,-2,-0.448038756847,2.49941849709,-4.93662548065,0.606008768082
84,9,O,10.69821729,11.40958144,9.68248258,-2,-0.00930865854025,-1.28799140453,-1.50889360905,-2.50910496712
84,10,H,11.38410153,12.44405997,8.95841559,1,0.00498279556632,-1.36794698238,1.04326820374,-0.268271565437
84,11,O,12.61167819,11.42561185,11.41057088,-2,0.579400837421,0.362036079168,2.90914416313,2.69181156158
84,12,H,11.8976507,18.30686897,11.89585828,1,-0.0116573832929,1.31401693821,-1.16244459152,-2.10817670822
84,13,H,10.60956279,12.81351569,13.15243885,1,0.000904086977243,1.51285922527,1.94876694679,1.45385050774
84,14,H,12.63925816,12.82438721,14.82046148,1,0.00815071165562,2.69330239296,0.164170175791,-1.34804260731
84,15,H,11.063903,16.4655725,12.01787758,1,0.0120656341314,-2.57007265091,-2.83089590073,0.403226733208
84,16,O,10.31618539,9.50374268,12.08331878,-2,-0.066938906908,0.905773758888,1.55239868164,-0.217769652605
84,17,H,9.80078837,11.05252795,14.40910967,1,-0.0185220986605,-0.363933712244,1.98933887482,-0.987243294716
84,18,H,11.70626687,13.30503189,16.34970288,1,-0.0249582864344,-1.55629062653,1.32727265358,1.23269498348
84,19,H,12.50797614,10.52105919,14.6687552,1,-0.0137209147215,0.079100780189,0.460401624441,0.594586610794
84,20,O,10.49642464,13.20472992,11.28557335,-2,-0.0277661383152,-0.252630680799,0.792265415192,-0.525136053562
84,21,H,8.08147835,12.31947025,12.77593427,1,-0.0131618455052,-2.72406697273,1.15827548504,0.581746697426
84,22,H,12,12,12,1,0.0215751715004,-0.487606614828,-0.677880346775,-0.295647531748
84,23,H,9.29743192,12.31275438,12.12061571,1,0.00445659086108,0.304927527905,-0.666165471077,-0.332956194878
84,24,O,11.45314053,17.57836856,11.32464161,-2,0.0439218729734,4.43827104568,2.76804637909,-0.49401190877
84,25,O,12.98585426,10.11428678,13.95887598,-2,-0.0159558653831,-5.57257270813,-2.77902579308,-1.83760559559
84,26,O,12.07642835,12.65983414,15.79866979,-2,0.281906366348,-1.6335747242,-6.04039096832,0.170319318771
84,27,H,12.96317002,14.91935291,11.20517839,1,-0.0117784924805,0.772216200829,0.0939195603132,-1.12372493744
84,28,H,10.45457113,10.31888693,12.70390244,1,0.00701260566711,-0.891597032547,-2.68152928352,-1.65480005741
84,29,H,11.47130108,11.71238176,15.4694382,1,-0.0196830481291,1.1471452713,4.03845357895,1.43600654602
84,30,H,13.9945415,13.67284588,10.81418593,1,-0.0133119896054,2.53413724899,0.432924151421,-2.15062952042
84,31,O,10.24220776,15.75774999,12.3765513,-2,-0.119200639427,4.35304737091,0.90168774128,-0.025769116357
84,32,H,11.48843971,14.06329053,12.71494492,1,0.00237379223108,0.129436805844,-2.95749473572,2.92396974564
84,33,O,13.33908718,14.04459182,11.33041612,-2,-0.00873055309057,-2.69536495209,-0.182187691331,2.70147776604
84,34,H,10.63811234,14.15268962,11.21893498,1,0.000803889706731,-0.948671400547,1.56031453609,1.67557179928
84,35,H,10.81919191,10.49901739,9.41518231,1,-0.0108246691525,0.00927694328129,-0.42972740531,0.452194690704
84,36,H,13.78206282,10.45168293,13.98210476,1,-0.00890595838428,7.03275251389,2.61428713799,0.70996940136
84,37,H,10.94109251,15.26736268,12.91340505,1,-0.00604652240872,-2.21446561813,0.780465483665,0.203742936254
84,38,O,11.34974166,13.40381425,13.54530239,-2,-0.0557035803795,-3.05376315117,1.69993805885,-4.06406354904
84,39,H,10.75850428,10.19070337,14.28793765,1,-0.0182997435331,1.41942477226,0.593619644642,-0.91932529211
84,40,H,10.97079622,11.54909469,10.56041636,1,0.0052730217576,0.319373399019,-0.947593748569,1.44564712048
84,41,H,10.82381242,17.7446801,11.9432487,1,0.0121373794973,-5.5883731842,0.539806425571,2.1656692028
84,42,H,10.7915718,13.23166168,10.38923031,1,0.011890605092,0.180855125189,-1.08245289326,-2.3852455616
85,0,H,10.22110927,8.71040393,12.52109403,1,0.00695448741317,0.823829948902,2.8391828537,-1.56560003757
85,1,H,13.00125522,12.34564055,11.02240679,1,0.00974733754992,1.18985509872,0.71747636795,-0.295534551144
85,2,O,10.92484728,11.16560136,13.87221947,-2,0.0106162875891,-0.48928719759,-3.98524975777,3.37164449692
85,3,H,13.14413888,11.37722345,12.24322187,1,0.0182834006846,1.98613464832,-0.455198913813,1.30304038525
85,4,O,9.02197241,11.75419951,12.62963198,-2,-0.0426889918745,0.377643585205,2.28106188774,-1.42745029926
85,5,H,13.45582627,13.94727473,14.00066327,1,-0.00834268704057,1.06502282619,-0.798526227474,-0.745210886002
85,6,O,13.77965898,13.01909089,13.93830332,-2,-0.78441464901,1.2063792944,0.235999986529,0.541977643967
85,7,O,10.9141753,11.40921325,9.55125824,-2,-0.0481064915657,-0.965819776058,2.73618674278,-2.26017975807
85,8,O,12.35159377,7.92110042,11.72247229,-2,-0.122561343014,-1.59781599045,1.63168394566,0.238858625293
85,9,O,12.88032753,11.41868384,11.31309508,-2,0.548024058342,-1.7722928524,0.658574461937,0.808168649673
85,10,H,10.90876775,12.83773422,12.93590004,1,-0.00575790554285,1.23118925095,1.26826512814,2.27289032936
85,11,H,12.82167123,12.8195492,14.88130024,1,0.00626586377621,5.57709503174,2.03405189514,-6.7283782959
85,12,O,10.56756053,9.51132095,11.93463135,-2,0.0115300863981,-1.72089838982,-2.04124641418,0.989055335522
85,13,H,10.00011179,11.11544403,14.22100542,1,-0.00904892385006,0.0316975302994,1.29957282543,-0.838149726391
85,14,H,11.84980578,13.38489248,16.19172261,1,-0.00318360328674,0.915334820747,-1.44632303715,-1.67934346199
85,15,H,12.69964962,10.62118024,14.43070439,1,-0.00366600975394,0.807867348194,0.492073923349,0.281204253435
85,16,O,10.73113796,13.18029287,11.13378735,-2,0.00877302139997,1.78506588936,4.23921537399,-4.95223236084
85,17,H,8.30214145,12.38313678,12.62740469,1,-0.025441262871,-1.13090527058,-0.128607839346,0.32533159852
85,18,H,13.1860775,8.09560463,12.12217884,1,0.00272730179131,1.03714978695,0.0110602155328,0.470350235701
85,19,H,12,12,12,1,0.0643933191895,-0.273797810078,-0.13551992178,-0.456276655197
85,20,H,9.62861415,12.39528882,12.08886847,1,0.000266101211309,-1.1923905611,-2.03612375259,0.578295052052
85,21,O,13.22968186,10.09516146,13.83742896,-2,-0.032697789371,4.19890546799,0.494011551142,-0.327034175396
85,22,O,12.32345825,12.6741295,15.63329591,-2,0.593911170959,-7.75255441666,-4.05796194077,8.5964050293
85,23,H,13.1384803,14.9991683,11.05292834,1,-0.0301966145635,2.20100045204,-2.67968606949,-0.38640961051
85,24,H,10.82492118,10.29921411,12.4443834,1,0.0107116363943,-0.862056851387,-0.428701043129,-0.18225762248
85,25,H,11.67096439,11.79229431,15.3182483,1,0.0110022947192,1.3167706728,3.29494595528,0.765055894852
85,26,H,14.40996407,13.67817942,10.67470366,1,-0.0122969709337,-2.84122157097,2.58161091805,1.53694820404
85,27,H,11.69094699,13.95373735,12.54753676,1,-0.0302733145654,1.06856405735,-0.0890875756741,2.19335436821
85,28,O,13.56305418,14.05346664,11.22391144,-2,-0.0090514048934,0.93173635006,0.231483757496,-1.71239089966
85,29,H,10.87708055,14.22673671,11.22454932,1,-0.0592324584723,-0.879051327705,-2.30896067619,0.048278760165
85,30,H,10.96435108,10.52060726,9.36712742,1,-0.00175886228681,0.313781797886,-3.16295623779,-0.515607953072
85,31,H,14.25290265,10.44133412,13.947029,1,0.00419041514397,-3.94214510918,-0.927995741367,-0.111914947629
85,32,H,11.76160266,8.82315009,11.9283021,1,0.00419905409217,2.06812620163,-2.94656252861,-1.30375921726
85,33,O,11.61156458,13.42470902,13.39256019,-2,-0.052939735353,-3.79525589943,0.324295014143,-3.57668113708
85,34,H,11.03449523,10.15422899,13.99437595,1,0.00756850093603,0.641346991062,1.72850704193,-0.175669103861
85,35,H,11.15915008,11.56996487,10.4269549,1,-0.000312872231007,0.253891080618,-0.8478474617,1.5993899107
85,36,H,11.11370857,13.21658409,10.05894627,1,-0.0371924564242,-1.81298208237,-0.622609972954,3.3197915554
86,0,H,10.52838828,8.84728136,12.54671549,1,0.0200233832002,0.220674678683,2.31470394135,-2.01336574554
86,1,H,13.19638229,12.41755809,11.03161418,1,0.0106341801584,0.60231512785,-0.602893412113,-0.138886332512
86,2,O,11.15872173,11.21306342,13.81917513,-2,-0.0045300796628,1.07804620266,-3.88181781769,1.59078145027
86,3,H,13.38579351,11.45906924,12.09069211,1,0.0134679488838,2.91045427322,-0.511705875397,6.96922206879
86,4,O,9.24694342,11.8081994,12.54139131,-2,-0.0390105657279,-3.66368412971,2.78905200958,-0.0811345130205
86,5,H,11.55981392,14.55154386,16.74383212,1,0.0202349163592,-1.73023605347,-0.306997776031,-1.77799332142
86,6,H,13.76603555,14.05580116,13.90412687,1,-0.00126930139959,1.36061000824,-2.14329147339,-0.89090436697
86,7,O,14.04625643,13.07197457,13.84302899,-2,-0.571838617325,0.614391684532,2.24913048744,1.14323818684
86,8,O,11.12934723,11.44943222,9.45984669,-2,-0.0545077472925,-0.0472856387496,-3.07971143723,-0.339129298925
86,9,O,12.58467621,7.97047662,11.62728223,-2,-0.129346728325,-2.55671310425,0.750193953514,0.184609904885
86,10,O,13.1381648,11.45756698,11.2571268,-2,0.273397028446,-1.5293636322,0.901491999626,-6.75815963745
86,11,H,11.27403418,12.94577916,12.87998544,1,0.00402319431305,-3.65470671654,-3.70244455338,-0.238813072443
86,12,H,13.24427461,12.92393821,14.73127289,1,0.00495891273022,2.76904964447,0.0924771055579,-2.72341346741
86,13,O,10.814213,9.55337806,11.83003358,-2,0.0219097957015,-2.9322218895,-4.1778049469,0.568681657314
86,14,H,10.22715145,11.2463485,14.04575075,1,0.00659426674247,-0.7653875947,0.286521583796,-0.273474186659
86,15,H,11.97129613,13.437692,15.98642272,1,0.0219027101994,1.14933049679,-2.40892696381,-1.56041097641
86,16,H,12.93261073,10.75894614,14.24372952,1,0.0081253182143,1.23256921768,-0.18907314539,-0.269220799208
86,17,O,10.97115462,13.21368822,11.01087267,-2,0.0145164057612,1.39928817749,4.45746517181,-4.57470846176
86,18,H,10.45370468,14.30148839,17.49594319,1,0.00492262467742,-0.595913469791,-1.58653354645,-3.92559623718
86,19,O,10.68133187,14.07557514,16.42875536,-2,0.000108495354652,1.5248311758,3.41155934334,6.57613706589
86,20,H,8.45960785,12.48473904,12.5102604,1,-0.0075596794486,1.64574480057,-2.2406847477,0.236902996898
86,21,H,13.46237714,8.07279406,11.92096833,1,0.00458017364144,1.40151894093,0.42412519455,0.700539052486
86,22,H,12,12,12,1,0.00789073109627,-0.545712411404,-0.396608144045,0.241932064295
86,23,H,9.87854419,12.40319351,12.11822036,1,0.00453838706017,0.254818737507,-0.541291296482,-0.538178026676
86,24,O,13.48634279,10.12069646,13.75256492,-2,-0.0371277928352,3.6818780899,1.23770475388,1.12062466145
86,25,O,12.55078637,12.71385321,15.53126656,-2,0.389848381281,-2.07582521439,0.593071877956,4.9022026062
86,26,H,13.42727626,14.95245551,10.90048784,1,-0.000772070139647,0.548553347588,0.292371213436,-0.577830791473
86,27,H,11.15022348,10.30313795,12.24491319,1,0.0141442194581,0.424271255732,2.43763566017,0.966453492641
86,28,H,11.9150531,12.06427443,15.24438999,1,0.0136573500931,-0.714819908142,-0.468894541264,-0.550363719463
86,29,H,14.67102001,13.849614,10.61820117,1,0.00607838109136,-3.21902632713,1.45440471172,1.87684619427
86,30,H,11.98760902,13.86303592,12.49070915,1,0.00131248310208,2.75831770897,3.52262282372,-4.18240261078
86,31,O,13.78180455,14.1015825,11.16233798,-2,-0.00850101560354,2.89742612839,-1.35040438175,-1.77412462234
86,32,H,11.06523904,14.19066272,11.30635375,1,-0.0026215352118,-0.654870152473,-2.07806181908,-1.02575063705
86,33,H,11.12003972,10.41725212,9.32657208,1,0.00332459248602,0.200382292271,3.08740758896,0.453464597464
86,34,H,14.51131812,10.43388514,13.96717207,1,0.00935354456306,-4.14244031906,-0.985153615475,-0.762171208858
86,35,H,11.9360425,8.79789763,11.92424319,1,0.00845405459404,3.19306993484,-2.67141294479,-1.78297543526
86,36,O,11.85911741,13.48864726,13.27411435,-2,-0.0555221810937,-0.31025415659,1.98858761787,5.51359987259
86,37,H,11.35329892,10.19722758,13.76991568,1,0.0233582817018,-0.392171978951,2.62440752983,0.767013669014
86,38,H,11.33766623,11.58265558,10.41279468,1,0.00294129550457,-0.326124489307,-1.25636398792,-1.15803551674
86,39,H,11.37349249,13.23803578,9.93457106,1,-0.00169365108013,-2.01072120667,-0.334901273251,4.10492181778
87,0,H,10.81876792,9.11399767,12.53812696,1,0.0204893685877,-0.900067150593,-0.285493612289,0.0631835460663
87,1,H,13.41231742,12.5530513,11.049202,1,0.00379034504294,0.193917796016,-2.49999094009,0.052881333977
87,2,O,11.37437553,11.29336315,13.79500647,-2,-0.0104409456253,1.57320415974,-1.3144197464,1.45855200291
87,3,H,13.74813226,11.52489031,12.3118462,1,0.0213212966919,-1.4097969532,-0.495816022158,-4.79819250107
87,4,O,9.44432269,11.90942938,12.47635965,-2,-0.0311086922884,-3.86769843102,-0.501041293144,1.22683370113
87,5,O,11.32527853,11.51133799,9.3995027,-2,-0.0550560355186,-0.334912478924,-3.76914644241,-0.839087247849
87,6,O,12.78901191,8.06187597,11.55929342,-2,-0.0705332309008,5.47166490555,-3.93880319595,-0.8865929842
87,7,O,13.36329838,11.5408498,11.21374769,-2,0.135333895683,2.00216221809,2.8284137249,4.73866844177
87,8,H,11.45592417,12.9275342,12.86978219,1,0.0101987775415,0.782993733883,-0.240200936794,0.616393983364
87,9,O,11.03203422,9.62353604,11.75347361,-2,-0.0264420509338,-0.735722959042,0.971364378929,0.343929350376
87,10,H,10.4248879,11.39602756,13.88013768,1,0.0172895174474,-0.656057298183,-0.350446373224,-0.129984974861
87,11,H,13.20012838,10.89770281,14.06938237,1,0.0137279517949,-0.591813206673,0.283777207136,0.406529188156
87,12,O,11.19389494,13.29844735,10.90630259,-2,0.0182140618563,-0.855340361595,-0.371716588736,0.0208284724504
87,13,H,8.69540612,12.52855071,12.38993277,1,0.0106375031173,-0.0594178698957,-0.675143361092,0.174553975463
87,14,H,13.78629953,8.12969176,11.79871617,1,0.0109304580837,-3.21630573273,0.321245193481,-0.348373055458
87,15,H,12,12,12,1,-0.0921891033649,0.0314174443483,-0.462480694056,-0.162906467915
87,16,H,10.10298282,12.42913845,12.11847777,1,0.010173715651,2.26580572128,1.17205154896,-1.84419441223
87,17,O,13.73409562,10.19229143,13.69316859,-2,-0.0210774093866,-4.82195281982,-0.765300035477,-1.94260406494
87,18,H,11.44978522,10.43318917,12.12930686,1,0.0123195722699,-0.578416764736,-0.146965786815,-1.06553483009
87,19,H,12.42226964,13.96180707,12.2824506,1,0.0081200003624,-0.393887400627,-0.870196819305,3.27827239037
87,20,H,11.19090947,14.10161533,11.37243918,1,0.0159420929849,-0.287402063608,2.0737528801,0.211163669825
87,21,H,11.24728756,10.47407651,9.31255401,1,0.0148828718811,0.298579335213,3.100222826,-0.00569389620796
87,22,H,14.52178457,10.42188747,13.99985083,1,0.00890389084816,5.93272352219,0.907183766365,2.06912851334
87,23,H,12.2161007,8.7099702,11.86760914,1,0.00578164309263,-0.319881409407,2.15310835838,0.521312057972
87,24,O,12.08153464,13.59784025,13.19677899,-2,-0.0744407922029,1.43094599247,2.32101559639,-2.25203323364
87,25,H,11.63613157,10.36226029,13.64459243,1,0.0227485019714,-0.880907177925,0.698518574238,0.847499549389
87,26,H,11.45528302,11.58038058,10.35120165,1,0.00503006950021,-0.142447412014,-0.526140153408,-0.191437765956
87,27,H,11.54335926,13.33961556,10.03410135,1,0.015452682972,0.0686552375555,0.382643610239,-1.5630313158
88,0,H,11.00428274,9.37794742,12.58831353,1,0.0164541397244,-0.602493226528,-0.862799823284,-0.340859889984
88,1,H,13.59852816,12.62970527,11.10046292,1,0.0157199222594,0.224316433072,-1.22870051861,-0.203055128455
88,2,O,11.53817394,11.39082743,13.80137004,-2,0.0105101615191,-1.29072141647,1.32924318314,1.85650753975
88,3,H,13.99055699,11.56786301,12.3673161,1,0.047350294888,-1.54361355305,-0.216518133879,-5.11416816711
88,4,O,9.58342823,12.02295421,12.44129178,-2,-0.0333887338638,2.24633669853,-0.300347924232,0.169456884265
88,5,H,12.01088649,14.64445263,16.41365294,1,0.0226915925741,-1.0736631155,-0.00773257575929,-1.29945528507
88,6,H,14.48787513,14.22498805,13.53204143,1,0.0205663312227,-0.291420072317,-0.184310421348,0.678046107292
88,7,O,14.50393804,13.2822183,13.73140806,-2,0.0192572176456,3.31526398659,0.805936098099,-2.82484292984
88,8,O,11.46907575,11.5707555,9.37099892,-2,-0.0539359599352,0.0977413207293,1.23245000839,-1.67704570293
88,9,O,13.53494195,11.64806539,11.21610189,-2,0.0568298697472,1.45251238346,1.08568739891,5.28468370438
88,10,H,11.59304672,12.92021606,12.92828756,1,0.0218365229666,2.96499347687,2.30628538132,0.0907526090741
88,11,H,14.02864028,13.04756043,14.50556273,1,0.0174155235291,-1.97247564793,0.0360533185303,2.03806114197
88,12,H,15.40604247,13.01060992,12.72956141,1,0.0200130194426,4.5061955452,-0.277688205242,-1.55180776119
88,13,O,11.19347247,9.71425008,11.70711968,-2,-0.0548651069403,0.725330412388,0.494779974222,0.729968309402
88,14,H,10.55738669,11.5118875,13.72358934,1,0.0280687175691,0.231783524156,-0.664808988571,-0.332048505545
88,15,H,12.19731147,13.51995573,15.55664252,1,0.0173397138715,0.276233702898,1.16848933697,0.438239246607
88,16,H,13.40777801,11.03387706,13.9452966,1,0.0146759226918,-0.529043674469,0.493869572878,0.457931280136
88,17,O,11.35661026,13.39637338,10.84150647,-2,0.00688505172729,-2.9380967617,0.0522552728653,5.16334581375
88,18,H,11.05904259,14.37832649,17.29725568,1,0.0178982950747,-1.54511106014,-1.02117455006,-0.998196840286
88,19,O,11.10195684,14.22264959,16.30798944,-2,-0.00964430719614,1.16425168514,2.85079216957,3.36989688873
88,20,H,8.89701164,12.60282657,12.25749934,1,0.014878468588,-2.57550311089,1.44292581081,-0.318342626095
88,21,H,12,12,12,1,-0.0721474140882,0.654348313808,-0.315411686897,-0.47234672308
88,22,H,10.3388821,12.53392546,12.03719254,1,0.0123033970594,-1.06343579292,-1.25835585594,-0.286818474531
88,23,H,17.21307807,13.08191806,12.75688779,1,0.0117364525795,-2.86915922165,-0.172444313765,-1.8829678297
88,24,O,13.91661243,10.2812043,13.65355616,-2,-0.0244040116668,1.1415708065,0.525122344494,0.431480318308
88,25,O,12.90093465,12.8927543,15.4553465,-2,-0.0664893835783,-2.24249053001,-3.46490693092,-0.558237493038
88,26,H,11.65954429,10.5414735,12.00258674,1,0.00749807432294,-0.284885555506,-0.534979522228,-1.48890566826
88,27,H,12.07167162,12.36961379,14.97371374,1,0.020197249949,3.54693841934,0.000333811622113,1.08750128746
88,28,H,12.81666202,14.0485053,12.22703658,1,0.024417065084,-2.72659230232,-1.84432923794,3.91574215889
88,29,H,11.24156364,14.13185035,11.46094631,1,0.020856808871,0.382266104221,0.356522679329,-0.941805183887
88,30,H,11.31000521,10.66681071,9.29416332,1,0.0139135867357,-0.390582889318,-2.57793164253,-1.09202003479
88,31,H,14.72160299,10.48114623,14.17186629,1,0.0183452777565,-0.0251171439886,-0.719750642776,-0.409045934677
88,32,O,16.40581974,13.02534002,12.09458738,-2,-0.155998006463,-0.636060237885,0.0873889029026,3.11735248566
88,33,O,12.24676804,13.73036791,13.14303745,-2,-0.0827896147966,-0.378298431635,1.41185426712,-3.71286416054
88,34,H,11.83814543,10.52761084,13.62085737,1,0.0287473797798,-0.00336022581905,-1.77069950104,0.160887748003
88,35,H,11.50487786,11.58554992,10.30091032,1,0.00706478580832,0.166379734874,0.41278257966,1.71517336369
88,36,H,11.71984592,13.52701533,10.04978989,1,0.0201916657388,1.88575160503,1.33011591434,-5.20023584366
89,0,O,13.42952255,8.40310506,16.39566035,-2,-0.00247377902269,3.2279510498,1.81447827816,2.54730391502
89,1,H,11.05271987,9.59531209,12.683785,1,0.0256992485374,-0.202365741134,-0.0889108031988,-2.78726172447
89,2,H,13.72612788,12.68227705,11.18337164,1,0.0159610304981,0.2801425457,1.74777829647,-0.403816133738
89,3,O,11.62568517,11.49779544,13.84503267,-2,0.00225189328194,-1.33222007751,-0.456566631794,0.709204912186
89,4,H,14.06454041,11.59105834,12.19816335,1,0.0198945589364,-0.433629572392,0.189393609762,-2.11716175079
89,5,O,9.66285777,12.13474793,12.43871084,-2,-0.0343730226159,-1.03350448608,3.22967147827,-1.89533245564
89,6,H,12.24041135,14.80809511,16.22616585,1,0.0337171107531,-4.71432924271,-1.36522388458,0.589218437672
89,7,H,13.98148347,9.20787318,16.13982163,1,0.0208371244371,-1.0134254694,-1.02308094501,0.0763426199555
89,8,H,14.71973713,14.37860477,13.37695112,1,0.014004772529,-0.334446430206,-2.88312745094,1.97547769547
89,9,O,14.65864812,13.3984159,13.70706019,-2,-0.235452905297,1.17780435085,0.692416906357,0.257042378187
89,10,O,11.54552168,11.63028361,9.37806545,-2,-0.0538837499917,-0.352347314358,-0.838678658009,0.514786541462
89,11,H,13.89937794,8.32679079,17.26656158,1,0.0182610470802,-0.963564455509,-0.880383789539,-0.659145653248
89,12,O,13.06501339,8.2446248,11.50263509,-2,-0.103637553751,-4.44731092453,1.00638079643,0.37307369709
89,13,O,13.63823542,11.75934861,11.27413322,-2,0.0458396673203,0.455650210381,-2.12155008316,2.54907870293
89,14,H,11.71567938,9.72200433,14.85398556,1,0.0179627723992,1.20164859295,-1.97852027416,0.479497075081
89,15,H,11.82620282,13.05592882,13.06097425,1,0.0143682360649,0.976123034954,-0.188426688313,-0.838874578476
89,16,H,14.07152364,13.02797343,14.70826431,1,0.0432902276516,0.0895374491811,2.84115052223,-2.53638458252
89,17,O,11.28271998,9.81454939,11.70084383,-2,-0.0125806331635,-2.35454297066,-1.04118406773,3.01902079582
89,18,H,10.66305577,11.57502556,13.58641436,1,0.0316279754043,0.364390254021,-0.0902010351419,0.076224386692
89,19,H,12.25400423,13.66673778,15.4469744,1,0.0245931893587,1.44304764271,-0.373322665691,0.0592964850366
89,20,H,13.52282108,11.17104641,13.88685567,1,0.0165387056768,0.553905785084,-0.12488912046,0.0665976032615
89,21,O,11.43763801,13.49505517,10.83347466,-2,0.000647634267807,0.963719189167,3.30217599869,-2.37487244606
89,22,H,11.14578567,14.35870012,17.19176474,1,0.0165539663285,-0.807684898376,-0.10782045871,5.50671577454
89,23,O,11.20555313,14.31054062,16.3098792,-2,-0.0105322524905,4.11399269104,3.5848236084,-5.03138446808
89,24,H,8.94945291,12.79607789,12.1079541,1,0.0181937906891,1.11954796314,-1.94983959198,1.21515548229
89,25,H,13.92803364,8.37715242,11.72595908,1,0.0129923326895,3.62734293938,0.577500522137,1.0261118412
89,26,H,12,12,12,1,-0.0683266371489,0.735301375389,-0.244977205992,-0.569502472878
89,27,H,10.42395609,12.60626641,11.95646211,1,0.011878747493,-1.09037160873,-1.40947496891,0.288644313812
89,28,H,12.98431937,8.71523319,15.05237684,1,0.0203490629792,-1.76886212826,0.270509719849,-1.59753513336
89,29,O,14.03000837,10.37717192,13.64611693,-2,-0.0289673954248,5.83278989792,2.28810834885,3.20066952705
89,30,O,12.97187367,12.98209115,15.47096792,-2,0.0256156921387,-2.15500569344,-2.87136769295,-1.24289882183
89,31,H,11.78167181,10.60939924,11.84201185,1,0.0175343435258,0.664886713028,1.53772497177,-0.493010610342
89,32,H,12.20102747,12.41788882,14.89443826,1,0.0264594852924,3.10974049568,0.267890900373,1.61876738071
89,33,H,13.01970113,14.05029738,12.41275762,1,0.0207614861429,-1.50010097027,-1.3043243885,1.37293386459
89,34,H,11.23926127,14.22008192,11.53555551,1,0.0210350695997,1.21771240234,-0.958516716957,-2.18931007385
89,35,H,11.25934168,10.72478558,9.22270069,1,0.0179884489626,0.131192222238,-0.152666509151,-0.525829434395
89,36,H,14.91026579,10.55238488,14.38022645,1,0.0255917552859,-3.59261989594,-0.638781428337,-3.68243169785
89,37,H,12.46031517,9.03891439,11.94947322,1,0.0118407867849,2.63856720924,-3.42201137543,-2.17873120308
89,38,O,12.33630356,13.86650754,13.11413072,-2,-0.071180164814,-0.27005931735,3.28978824615,-0.0344425439835
89,39,H,11.97717494,10.59320898,13.6672092,1,0.0360911823809,-0.0362206436694,0.434116899967,0.211517527699
89,40,H,11.49378311,11.63185653,10.35917903,1,0.00805486366153,0.131744921207,0.300443798304,-1.21333920956
89,41,O,12.34775385,9.09884253,14.38896934,-2,-0.043956451118,-3.11088967323,0.0814878866076,0.632531702518
89,42,H,11.94512781,13.7989399,9.88118475,1,0.0289282482117,-2.54330682755,-0.941986441612,4.00606489182
90,0,H,11.91256109,10.39278538,11.66776591,1,0.112464271486,-0.864169239998,-0.230698600411,3.55130696297
90,1,H,14.19252,12.34590078,10.40861688,1,-0.00280665978789,0.45894959569,0.537348091602,-0.798824489117
90,2,H,9.9545506,11.5086005,11.7174714,1,0.00131797604263,0.466241359711,-0.205704525113,-1.22568666935
90,3,O,12.05749611,13.94439457,11.5625274,-2,-0.0217181518674,4.24335765839,2.46990346909,-2.78860735893
90,4,H,12,12,12,1,-0.00673355907202,1.50843703747,3.16419029236,-1.35175395012
90,5,H,12.8085263,8.69978261,12.1151081,1,-0.10986699909,-0.109757602215,0.671985924244,-0.207476839423
90,6,H,14.48315121,11.68566402,12.9314236,1,-0.0919232368469,-0.584617733955,0.709582030773,-3.05823564529
90,7,O,14.24535904,12.00689994,11.94077392,-2,-0.0242690145969,-1.23005437851,2.13964557648,4.63733005524
90,8,H,11.32316706,14.04022392,13.87407083,1,-0.0188324414194,0.733496546745,-0.688935935497,-0.414931952953
90,9,H,13.40196039,13.06787805,9.18080939,1,0.00644616317004,2.84777212143,-1.17784285545,0.89494240284
90,10,O,14.34113992,12.73167415,9.51065837,-2,-0.058498762548,-3.17895817757,0.806436657906,-0.960166394711
90,11,O,9.90687226,11.24764925,10.75623645,-2,-0.0219944342971,-0.253458499908,0.566781759262,1.75019311905
90,12,O,12.07607719,13.39792796,13.76239303,-2,-0.000280924141407,-0.624361634254,1.21535527706,2.83953857422
90,13,O,12.1559972,10.75680355,9.55846394,-2,0.0325744226575,4.39959764481,-1.53144669533,2.50928807259
90,14,H,9.94523586,13.05251068,10.68755029,1,0.00456028245389,0.35827511549,0.72096401453,-0.62924015522
90,15,H,13.7007245,12.93444437,12.1750057,1,-0.0237946659327,2.23345541954,-3.55189585686,-0.880267202854
90,16,H,12.64863536,14.40210042,10.80570432,1,-0.00100431591272,-2.35165667534,-1.48447835445,1.61791956425
90,17,H,11.05847474,11.50837301,9.20970671,1,0.00223360955715,-1.26531171799,1.83808267117,-1.73212945461
90,18,H,12.30328774,9.45276039,10.76174492,1,-0.00541758537292,0.0448083989322,-1.4376502037,0.76374155283
90,19,O,12.02988212,9.12411906,11.67934586,-2,0.445822328329,0.196281120181,0.57451236248,-1.68936896324
90,20,H,9.22889123,10.61060351,10.84014674,1,-0.00799278914928,-1.48683845997,-1.26002967358,-0.554796934128
90,21,O,9.44593746,13.85614812,10.86640931,-2,-0.0582385882735,-1.5698145628,0.390169084072,0.577281177044
90,22,H,10.04013887,11.81235629,8.02208744,1,0.00404704129323,0.188228398561,0.382567971945,0.284182876348
90,23,H,12.17633215,9.88811898,9.19910848,1,-0.029583029449,-0.33912101388,-1.32939100266,-1.54503858089
90,24,H,11.46466373,11.80251569,13.51294847,1,-0.049117743969,0.808835208416,-0.849120736122,-2.4604101181
90,25,H,9.91345897,14.6891732,10.80026835,1,0.00533980038017,0.56861281395,-0.580114603043,-0.183784946799
90,26,O,11.54119971,11.41605257,12.53129227,-2,0.114363193512,-1.65643835068,-2.83463025093,2.76410222054
90,27,H,12.52992412,13.44715472,14.62088371,1,-0.0656201913953,0.030456950888,-0.109739944339,-0.0090476423502
90,28,H,12.75447781,14.09375677,12.26883017,1,-0.011428847909,-1.71108579636,0.170468345284,-0.40819260478
90,29,O,10.81018883,12.16775425,8.49092542,-2,-0.103053435683,-0.907753169537,0.317358523607,-0.669129431248
90,30,H,13.13070902,10.9027323,9.7566377,1,-0.016993753612,-0.953398644924,0.596376776695,-0.622677624226
91,0,H,11.62152253,10.22127975,11.92760221,1,0.102767363191,-0.248371839523,0.279647916555,3.15372872353
91,1,H,13.99420648,12.17830456,10.62558229,1,0.000540923327208,0.696944236755,1.27830171585,-3.86239242554
91,2,H,9.7614746,11.31577246,11.84325247,1,-3.81730496883e-05,-0.109362363815,-0.746381342411,-2.75854325294
91,3,O,11.87845387,13.82593055,11.60612295,-2,-0.0249361395836,1.54424440861,-0.0411788597703,-0.137085586786
91,4,H,12,12,12,1,0.0132420919836,-2.56838917732,-1.848913908,1.88703536987
91,5,H,12.50871591,8.44254809,12.03653436,1,-0.0871210843325,4.07378959656,-2.96728777885,2.35579776764
91,6,H,13.88255281,11.60070695,13.06061036,1,-0.116863667965,0.630590736866,0.15084400773,-2.41277122498
91,7,O,13.9909804,11.90815242,12.04920845,-2,-0.000526122748852,-0.68997335434,-0.48756301403,3.53616595268
91,8,H,11.20124824,13.99387693,13.80113313,1,-0.021099306643,1.04649460316,-1.53133380413,-0.10542435199
91,9,H,13.22256988,12.97480737,9.3056128,1,0.00589121412486,2.34105181694,-1.27527630329,0.705916583538
91,10,O,14.13011323,12.57685059,9.60075086,-2,-0.0825242102146,-2.85968589783,-0.092156983912,2.07806825638
91,11,O,9.71545178,11.06767397,10.82976234,-2,-0.0228642225266,-1.69117534161,-1.07745146751,3.0616569519
91,12,O,11.8961972,13.2493137,13.82701716,-2,0.00326065719128,-1.16488027573,2.08613657951,1.87931382656
91,13,O,11.929515,10.54267987,9.60344558,-2,0.0238856524229,-1.67790031433,-4.84594202042,-1.18453669548
91,14,H,9.86460997,12.89273294,10.67014228,1,0.00807605590671,-2.05107975006,3.3058795929,0.342431128025
91,15,H,13.55746195,12.77490125,12.14189779,1,-0.0204303860664,0.760903775692,-0.0676494985819,-0.177320033312
91,16,H,12.49336381,14.18593714,10.96601695,1,-0.00404733233154,-0.0328181311488,0.32446745038,-0.997970998287
91,17,H,10.84759065,11.43027016,9.35236267,1,0.00447687506676,-1.57274234295,1.84562325478,-2.70769357681
91,18,H,12.08045023,9.17306766,10.75988292,1,-0.0036523193121,-0.536141037941,-0.637824475765,1.58621931076
91,19,O,11.87686457,8.9877899,11.73641658,-2,0.33805218339,-4.0156006813,3.91480731964,-4.27403593063
91,20,H,9.09038832,10.2987064,10.81939677,1,-0.00585909560323,0.603083431721,1.08655190468,-0.148005515337
91,21,O,9.2246179,13.69397122,10.93607994,-2,-0.0616198852658,1.26359093189,-1.40272212029,-0.338688343763
91,22,H,9.88885164,11.53693058,8.0623292,1,0.00485691381618,-0.384676247835,-0.123455032706,-0.0458875410259
91,23,H,12.08141035,9.65329549,9.179751,1,-0.0289697274566,-0.513705193996,1.30335783958,-0.479709565639
91,24,H,11.4055943,11.56720112,13.4727253,1,-0.0611289180815,0.740775048733,0.89382481575,4.18828201294
91,25,H,9.64741732,14.57959688,10.89644102,1,0.00474404077977,0.0784830302,-1.42354822159,-0.181907057762
91,26,O,11.32831244,11.2682614,12.6243801,-2,0.225330591202,1.95798385143,-0.599942445755,-7.69851970673
91,27,H,12.38181374,13.44061532,14.63378311,1,-0.0773703157902,0.296678364277,-0.0947115272284,0.533845722675
91,28,H,12.47278864,13.78672748,12.40261684,1,0.00105119496584,-1.32992482185,0.65479272604,-0.288734793663
91,29,O,10.53425195,12.02867832,8.56255732,-2,-0.0962565168738,0.432302743196,0.29107350111,0.91846460104
91,30,H,12.73737468,10.70918568,9.93975999,1,-0.0208682343364,4.97953701019,1.84801483154,1.57236731052
92,0,H,11.49175213,10.12333527,12.22050618,1,0.0482838973403,0.475283831358,0.690615296364,0.302840709686
92,1,H,13.99725101,12.19205276,10.46608221,1,-0.00182555988431,-0.0871917977929,-0.599838912487,0.894917607307
92,2,H,9.71869334,11.20501701,11.69535298,1,0.000735530629754,-0.379828751087,0.434370845556,2.73824095726
92,3,O,11.86841103,13.80650961,11.53899547,-2,-0.0390207841992,-1.33828568459,-0.792809247971,0.16257122159
92,4,H,12,12,12,1,0.025527458638,-2.411195755,-2.25554609299,0.674968659878
92,5,H,12.53651553,8.15459334,11.92991946,1,-0.0729407146573,-2.21341514587,2.90112543106,0.0423335917294
92,6,H,13.48953294,11.60014639,12.93411102,1,-0.0788495838642,1.1188890934,0.149662792683,-1.0280957222
92,7,O,13.89554163,11.90716232,12.06537977,-2,-0.0158840939403,0.95039921999,-5.36420345306,2.17175841331
92,8,H,11.30923395,14.06051913,13.62216756,1,-0.0575218424201,0.63237541914,-2.08408761024,0.516715288162
92,9,H,13.30873084,12.93640768,9.33554603,1,0.00416491460055,-2.92935490608,1.27563142776,-0.954828202724
92,10,O,14.0743432,12.52212612,9.59138264,-2,-0.0517719164491,3.25028800964,-0.724356353283,-0.967078030109
92,11,O,9.68602029,10.98828713,10.80621658,-2,-0.0364770069718,-2.35726976395,-3.22346401215,-3.6479537487
92,12,O,11.87926662,13.20351414,13.78737571,-2,0.0143727064133,-0.596388220787,3.30410122871,2.10891890526
92,13,O,11.86630966,10.41749265,9.53926604,-2,-0.0258667171001,2.30271244049,-1.10158193111,-0.16263076663
92,14,H,9.84026114,13.00590816,10.57184316,1,0.00684865564108,-0.148127451539,0.364800542593,0.0192651245743
92,15,H,13.60937673,12.74374011,11.98726407,1,-0.0180699340999,-0.963483929634,4.94503927231,-0.15579842031
92,16,H,12.53801823,14.09247048,10.97463784,1,-0.0123356310651,1.77289617062,1.05258572102,-1.72237038612
92,17,H,12.00528201,8.95475172,10.72895428,1,-0.00383944809437,-0.616636812687,0.890222191811,-0.7226973176
92,18,O,11.88291648,8.96898349,11.67739612,-2,0.0991630479693,2.17050266266,-3.40570878983,1.75895667076
92,19,H,9.10119404,10.14479827,10.69046215,1,0.00452411361039,1.58012330532,2.58308458328,0.510216593742
92,20,O,9.16934048,13.62269563,10.89551587,-2,-0.0497612580657,-0.45864507556,0.530792117119,0.0421432703733
92,21,H,12.13254665,9.59576274,9.03354167,1,-0.00289799645543,-0.128655910492,1.59038770199,0.290619522333
92,22,H,11.56696063,11.46929046,13.4843698,1,-0.101380579174,-0.30710709095,-0.470443993807,0.663590073586
92,23,H,9.52543114,14.52449095,10.8954702,1,0.00302480347455,0.158696904778,-0.672431826591,-0.0959673449397
92,24,O,11.28745904,11.22017823,12.58752077,-2,0.467176526785,2.12370824814,0.363771140575,-1.92068326473
92,25,H,12.41388686,13.52071881,14.55306724,1,-0.106133587658,-0.0895627439022,-0.505352556705,-0.247119963169
92,26,H,12.26982418,13.61725698,12.40745706,1,0.00419502332807,-0.0551681816578,0.574612021446,0.112701930106
92,27,H,12.70690861,10.69560535,10.03707459,1,-0.00344003364444,-1.45562493801,-0.450924158096,-1.38544726372
93,0,H,11.56182235,10.22091473,12.4785956,1,-0.0337885916233,0.350393116474,1.84471380711,-1.72737157345
93,1,H,14.15124179,12.2808712,10.33129733,1,9.47043299675e-05,-1.13263750076,-2.81622576714,5.75835609436
93,2,H,9.81529988,11.26376158,11.61632066,1,0.00199887529016,-0.716356158257,0.239389926195,2.15920901299
93,3,O,12.01702849,13.91693892,11.42053281,-2,-0.0643614679575,1.4962593317,0.657643556595,-2.73186254501
93,4,H,12,12,12,1,0.0126637034118,-1.28171598911,-1.6962364912,-0.935952425003
93,5,H,12.64564927,8.11415189,11.76306229,1,-0.0442176759243,-2.5173125267,4.28845977783,0.248977303505
93,6,H,13.34905369,11.72087667,12.70100078,1,-0.0462005101144,0.530789732933,-0.14334397018,0.87929046154
93,7,O,13.96145834,12.0263217,12.03998551,-2,-0.0382888168097,0.458638817072,2.59864139557,-1.58851289749
93,8,H,11.59640548,14.2409267,13.4440471,1,-0.0492320433259,0.0968087092042,-2.42283415794,1.09588980675
93,9,H,15.54908933,14.94554956,10.9639787,1,0.002171613276,-0.8788626194,-2.12186861038,0.703983426094
93,10,H,13.40987363,13.09349315,9.24937743,1,0.00704673863947,-0.0747259929776,-0.419589549303,0.332836002111
93,11,H,15.09668159,13.35207771,11.1860845,1,0.00613334402442,1.64358484745,0.309670627117,-1.01171517372
93,12,O,14.1894443,12.60145942,9.52500202,-2,-0.0443008169532,1.01426577568,2.4482562542,-7.33573675156
93,13,O,9.81375169,11.03609435,10.7247155,-2,-0.0380329340696,0.0154246427119,0.0953235030174,-2.88904976845
93,14,O,12.02510234,13.29856434,13.7029804,-2,0.0209843218327,-1.09767961502,4.22569417953,1.39491200447
93,15,O,11.97618437,10.42267429,9.42849706,-2,-0.032068297267,2.15293622017,1.50279605389,1.61912989616
93,16,H,9.98412549,13.27635926,10.41005382,1,0.00727272126824,2.3504986763,-1.80720353127,-1.32046747208
93,17,H,13.76861884,13.05072433,11.80255574,1,0.0121450014412,0.158038020134,-3.24933576584,1.95301032066
93,18,H,12.83817837,14.18866746,10.86311163,1,-0.00516848824918,-1.91668319702,-0.356071650982,1.89066624641
93,19,H,12.07288918,8.91055217,10.62408869,1,0.00045907124877,-0.891418457031,1.32034552097,-0.297978639603
93,20,O,12.06235471,9.07915756,11.57729747,-2,0.00241294503212,3.30051398277,-6.16969680786,1.18747389317
93,21,H,9.30691286,10.26014688,10.53156828,1,0.00433362368494,-0.463736951351,-0.431336283684,0.270009875298
93,22,O,9.27156417,13.68255021,10.8063323,-2,-0.04583305493,-2.48351764679,2.11818385124,1.27740526199
93,23,H,12.35118238,9.76874974,8.85438328,1,-7.82124698162e-05,0.740740299225,-0.278011053801,-0.861443519592
93,24,H,11.87730738,11.49730228,13.48805853,1,-0.189482733607,-1.57232248783,-0.463526189327,-1.02000486851
93,25,H,9.5546537,14.60522242,10.8503249,1,0.00392284896225,-0.180690839887,-0.153667747974,0.124869085848
93,26,O,15.09713228,14.24135699,11.52492412,-2,-0.0332937017083,0.459946334362,2.76536846161,0.271249949932
93,27,O,11.41759059,11.30712173,12.49301143,-2,0.644387543201,1.46435475349,-0.540154993534,3.44651079178
93,28,H,12.58880069,13.68498007,14.39789984,1,-0.0750906765461,0.471539676189,-0.69944190979,0.235122039914
93,29,H,12.22127243,13.61961735,12.34973728,1,0.00918415933847,0.840638816357,0.556714713573,-1.12342023849
93,30,H,12.77901004,10.7953462,9.99395025,1,0.00422677025199,-2.33770418167,-1.20269167423,-2.00537657738
94,0,H,11.702074,10.42199341,12.72647651,1,-0.0597242861986,0.275014847517,-0.0646900683641,-2.33943986893
94,1,H,14.30316884,12.28190087,10.53224056,1,0.00602735579014,-0.503017425537,1.46168255806,-3.57030105591
94,2,H,9.9102931,11.37692287,11.7149361,1,0.000394470989704,-0.587208211422,-1.12375664711,-3.02949810028
94,3,O,12.21256803,14.06474393,11.3704427,-2,-0.0573024749756,1.06925094128,0.758240163326,-1.94173228741
94,4,O,9.70926077,13.53743112,14.67465952,-2,-0.0472852438688,0.765997648239,0.333303630352,-3.46069455147
94,5,H,12,12,12,1,0.00621853023767,4.06439352036,5.07189464569,-6.74542665482
94,6,H,12.69317671,8.32236487,11.66983916,1,-0.0171418115497,0.133346289396,0.455595761538,1.49443638325
94,7,H,13.32160402,11.87935167,12.57150542,1,-0.0183890014887,0.45309266448,0.0843523368239,0.759918391705
94,8,H,9.46568729,14.06993698,13.84298485,1,0.00411410443485,-0.314296126366,-0.741056323051,1.94059228897
94,9,O,14.0697152,12.19087233,12.08858329,-2,-0.0290377736092,2.39803099632,3.85376000404,-2.15016818047
94,10,H,11.87134571,14.41309576,13.43316846,1,-0.0233780667186,-0.0957516729832,-2.4273891449,1.05598163605
94,11,H,13.50242477,13.27766193,9.22113297,1,0.0095356926322,2.53593349457,-2.27926921844,1.32043635845
94,12,O,14.35139412,12.7252831,9.51554331,-2,-0.0679035931826,-2.09432339668,0.460854411125,1.65313386917
94,13,O,9.98704862,11.12551004,10.71457586,-2,-0.0258296281099,0.722818374634,2.1202454567,3.06583166122
94,14,O,12.21319185,13.43990278,13.69821166,-2,0.0173407569528,-1.20981347561,4.27814817429,0.150101095438
94,15,O,12.13900998,10.4705484,9.40225854,-2,-0.018776871264,-0.968706786633,-2.65971422195,-2.65406990051
94,16,H,10.26294546,13.50554135,10.27228239,1,0.0100925341249,-2.77779817581,0.522818624973,1.33344912529
94,17,H,13.98656503,13.24678925,11.8001482,1,0.00213980674744,0.0775583982468,-4.34880304337,2.00995492935
94,18,H,13.09372992,14.31507374,10.92193845,1,-0.00762772001326,-1.97987091541,-0.438317328691,1.22606301308
94,19,H,10.95977581,11.88654881,9.29578075,1,0.0103499926627,-1.49651241302,1.08296823502,-2.95074892044
94,20,H,12.1698255,8.99071375,10.58177005,1,0.00887566432357,-0.637833416462,1.98797178268,1.33271467686
94,21,O,12.29923891,9.21123278,11.56164263,-2,-0.0188536345959,0.619146943092,-3.08335065842,-1.8131570816
94,22,H,9.48817656,10.38618544,10.45131616,1,0.00442039594054,-1.21101164818,-1.34772515297,0.092503413558
94,23,O,9.40792578,13.7820017,10.79809424,-2,-0.0465076826513,2.91489648819,1.15357279778,-1.04725146294
94,24,H,10.2491608,11.38958733,8.06399464,1,0.00791360624135,-0.218876928091,-0.074891410768,-0.360737413168
94,25,H,12.65375415,9.99205901,8.72397666,1,0.00848273932934,-0.268432855606,0.693993091583,0.107287161052
94,26,H,12.1189286,11.54865344,13.45665396,1,-0.18922226131,-0.591297149658,0.312078088522,0.736405849457
94,27,H,9.61132804,14.75384477,10.89296577,1,0.00535764917731,-0.54025387764,-1.33853530884,-0.0659754648805
94,28,O,11.59516406,11.4285523,12.49279151,-2,0.625918567181,-5.39461708069,-6.35589313507,8.51107597351
94,29,H,12.81163033,13.82077002,14.33198855,1,-0.0564143955708,1.29216575623,-0.550594687462,1.24300956726
94,30,H,12.26064906,13.69430586,12.29637359,1,0.011838465929,1.12096834183,0.533991515636,-1.57947587967
94,31,O,10.54607272,12.23744163,8.39327865,-2,-0.0615219958127,1.33663547039,-0.21224334836,2.29115486145
94,32,H,10.41774397,13.02263232,14.17922603,1,-0.00220944918692,-1.1988247633,0.432190895081,1.74326014519
94,33,H,12.78010163,10.87516733,9.91229337,1,0.00810542702675,2.30929875374,1.44854390621,1.6414206028
95,0,H,11.7220088,10.40320768,13.10502891,1,-0.108888939023,-0.345173448324,-2.4289290905,-1.5293700695
95,1,H,14.28856524,12.17519839,10.80953892,1,0.0103975124657,-0.177939653397,1.99092137814,-3.90175628662
95,2,H,9.82300611,11.26737552,11.91015841,1,-0.00670632719994,-0.520156443119,-0.246951505542,-0.728488445282
95,3,O,12.27932864,14.04012889,11.58155415,-2,-0.0411454513669,-3.0867562294,0.392930299044,-1.5478887558
95,4,H,12,12,12,1,-0.0394545644522,-0.828000605106,-1.03595280647,-0.482787907124
95,5,H,12.65619734,8.33411519,11.92245974,1,-0.0158358123153,2.36035466194,-5.7442855835,2.07752513885
95,6,H,13.23765881,11.87445106,12.73587705,1,0.00591292977333,0.201840609312,0.188930630684,0.277989149094
95,7,O,14.0517085,12.19314782,12.40080511,-2,-0.0204579755664,3.35734677315,-2.44218158722,-0.48442029953
95,8,H,11.92687724,14.34999891,13.7746729,1,-0.011662222445,-0.273480713367,-1.51995706558,0.477261602879
95,9,H,13.56130991,13.17602689,9.51197241,1,0.00895970873535,0.84338593483,-1.07306802273,0.718696713448
95,10,O,14.37629331,12.67734509,9.78049743,-2,-0.070583075285,-0.678370594978,-1.14578974247,2.83012938499
95,11,O,10.03546918,11.05400011,10.98449042,-2,-0.0208244398236,-1.86371099949,-2.55999493599,-0.319076150656
95,12,O,12.26861305,13.41766827,13.96122566,-2,0.00276636332273,-0.20155993104,3.46776199341,1.82484483719
95,13,O,12.16952031,10.34225434,9.63749222,-2,-0.0189693719149,2.07292914391,-1.19883918762,-3.31355690956
95,14,H,11.27976532,7.56589263,10.53855075,1,0.00550847500563,-1.04924380779,-0.128523081541,-1.97072422504
95,15,H,10.28782249,13.58219383,10.48067518,1,0.0118023976684,-2.87786436081,0.0468845143914,1.58265697956
95,16,H,14.08103118,13.09361018,12.19272057,1,0.000557724386454,-0.255653321743,1.88506138325,0.299072563648
95,17,H,13.13533876,14.26421678,11.33168389,1,-0.000919513404369,2.32277202606,0.680266857147,-0.646409988403
95,18,H,10.90621768,11.92629692,9.52061188,1,0.011049406603,-0.787703931332,0.991863548756,-1.56516242027
95,19,H,12.14803816,9.0389424,10.85787516,1,0.0166415460408,0.45983850956,1.88789403439,0.187103807926
95,20,O,12.41042468,9.16709705,11.81111763,-2,-0.0368827618659,-1.12391984463,3.946611166,-1.10261571407
95,21,H,9.44642938,10.26491952,10.6466857,1,0.0086225066334,1.56657552719,2.53647732735,1.2475785017
95,22,O,9.41954945,13.71001704,11.05457971,-2,-0.0458798222244,3.03487896919,1.92566418648,-1.28269660473
95,23,H,10.30305451,11.27436248,8.4147213,1,0.00922899693251,-0.134830325842,0.860219180584,-0.54245442152
95,24,H,12.81553707,10.0827677,8.88008066,1,0.0106720775366,-1.78296375275,0.724562644958,1.61191487312
95,25,H,10.73843931,8.62619493,11.126826,1,0.00903735123575,-1.43178403378,1.10511612892,-0.588822603226
95,26,H,12.13023413,11.48980545,13.62665499,1,-0.125341325998,-0.0991155132651,1.62873971462,1.87098157406
95,27,H,9.52028828,14.69886548,11.207532,1,0.00579082220793,-0.479921281338,-1.69717407227,-0.0962752997875
95,28,O,11.63368973,11.36373444,12.79346637,-2,0.566842675209,-1.0761525631,0.831169486046,0.691642463207
95,29,H,12.95015915,13.71631146,14.59759282,1,-0.0504327043891,0.0915064737201,-0.886203825474,-0.0600413307548
95,30,H,12.22935472,13.63386668,12.43839378,1,0.0111676752567,0.570793807507,-0.0272217411548,0.367378652096
95,31,O,10.50165827,12.20825571,8.63580832,-2,-0.057599324733,0.782825469971,-1.34738171101,1.30795359612
95,32,O,10.73076507,8.32787939,10.18909138,-2,-0.0313556492329,0.617752194405,-2.520819664,2.08873581886
95,33,H,12.76178911,10.85478382,10.1629827,1,0.0079810321331,0.791508436203,0.912143707275,0.701156258583
96,0,H,11.76895671,10.32615491,13.35160641,1,0.00322119891644,-0.280978322029,0.72495341301,-1.97896206379
96,1,H,14.29830353,12.21282651,10.88286112,1,0.00583110935986,-0.245668336749,-0.671697854996,1.67778277397
96,2,H,9.72453535,11.18136302,12.0787381,1,0.00316303595901,-1.18123602867,1.08403730392,2.72644495964
96,3,O,12.37269485,14.04839668,11.80181259,-2,-0.0406836569309,0.249356761575,1.79996299744,-2.08609032631
96,4,H,12.5699026,6.15572678,10.82241575,1,0.0055183544755,0.0624679923058,-0.0934835523367,0.290672659874
96,5,H,12,12,12,1,-0.213570803404,-0.214013323188,-0.374579519033,-0.684623360634
96,6,H,12.77867753,8.14935182,12.27863825,1,0.0148852467537,-0.751516699791,4.16705369949,-1.14308106899
96,7,H,13.24184381,11.91302339,12.94642127,1,0.00991009920835,-1.63419485092,-0.076838567853,-0.140951514244
96,8,O,14.07744153,12.21963347,12.72767086,-2,-0.0458857305348,4.6215968132,-2.84530186653,-0.283836632967
96,9,H,11.9316282,14.29338209,14.17551161,1,0.00551914423704,-0.264194667339,0.268779814243,0.412029117346
96,10,H,13.65555178,13.06642989,9.83751838,1,0.00964056886733,-2.76927018166,1.31239008904,-0.740136086941
96,11,O,14.43616205,12.65896926,10.07259419,-2,-0.0480747818947,3.07563948631,-0.615188241005,-1.20197558403
96,12,O,10.11940585,11.01669138,11.27069951,-2,-0.0186412855983,-1.6041264534,-3.88620638847,-3.45923256874
96,13,O,12.36195165,13.43690522,14.24231239,-2,-0.000208646059036,1.61254155636,0.879988312721,2.97486519814
96,14,O,13.29389863,6.1215793,11.46761002,-2,-0.0694825202227,0.519052684307,1.40992832184,2.25049686432
96,15,H,11.46318673,5.75917522,9.13803376,1,0.0145094487816,-0.395516812801,-0.400939553976,-1.6382856369
96,16,O,12.24140362,10.24734366,9.87815276,-2,-0.0201121866703,3.80138802528,2.53557777405,-0.19438226521
96,17,H,10.22483604,13.70525435,10.793561,1,0.0125682987273,2.23970937729,-0.720168828964,-1.79491531849
96,18,H,14.21709552,13.11868186,12.63649584,1,0.00551933422685,-0.101773515344,2.24155759811,0.183198794723
96,19,H,13.31427783,14.29158589,11.75420396,1,0.00350161269307,-0.623559653759,0.0712214559317,-0.346331417561
96,20,H,10.85990045,12.04664923,9.71753279,1,0.0110188983381,1.41909360886,0.293016254902,3.40731501579
96,21,H,12.19028854,9.23349902,11.17075705,1,0.0105411820114,0.188957795501,-0.236731946468,-0.00523905269802
96,22,O,12.55606281,9.16909073,12.07298095,-2,-0.0387718565762,0.797235608101,-4.11467027664,1.99358892441
96,23,H,9.47845772,10.26096055,10.920074,1,0.00746987387538,2.13480496407,2.3952794075,0.741882324219
96,24,O,9.47380805,13.676679,11.32270671,-2,-0.0407875329256,-1.91928529739,1.17081618309,1.69856798649
96,25,H,10.36882856,11.23413234,8.76040695,1,0.00750187411904,-0.153726279736,1.37561988831,-0.727685391903
96,26,H,12.92153367,10.2650355,9.14670647,1,0.00876836851239,-1.23362743855,-0.559437274933,0.419774204493
96,27,H,12.17955694,11.60605939,13.86858091,1,0.000855460762978,0.424245327711,1.79180932045,2.43419241905
96,28,H,9.45655569,14.62261523,11.53555338,1,0.00592573359609,-0.541789650917,-0.216124743223,0.327286064625
96,29,O,11.70539771,11.33274125,13.11936329,-2,0.390805065632,-1.6790792942,-3.21482610703,0.779769062996
96,30,H,13.12707816,13.56473356,14.89723874,1,-0.00567673146725,-1.61665344238,-0.184037461877,-1.43102657795
96,31,H,12.27467946,13.62461993,12.63600053,1,0.00974823534489,-0.0754640996456,-0.479310244322,0.786307573318
96,32,H,10.38841468,5.82778804,10.36427223,1,0.0156348459423,2.40261292458,0.134131535888,-1.24653172493
96,33,H,12.97699408,6.72752902,12.20479552,1,0.0133613813668,0.768656611443,-1.90561711788,-1.31142139435
96,34,O,10.49747745,12.2104808,8.89796151,-2,-0.0525696352124,-1.24066269398,-1.30650663376,-3.22034406662
96,35,O,11.35152044,5.93428518,10.04742357,-2,0.00227884203196,-3.33068990707,0.133456945419,1.71364688873
96,36,H,12.84354977,10.90806508,10.46460668,1,0.0167681090534,-2.46034240723,-1.88777220249,-1.18277001381
97,0,H,11.87599053,10.31886909,13.45659935,1,0.0139435119927,0.517196595669,1.8141887188,-0.56222897768
97,1,H,14.32844677,12.23541328,11.04530926,1,0.0105356238782,-0.833468556404,-2.46162343025,4.73136377335
97,2,H,9.64407385,11.18247653,12.31191549,1,0.0134562626481,2.06966590881,0.676334738731,-1.39319574833
97,3,O,12.51366037,14.10150855,11.96658328,-2,-0.0578598827124,2.4716925621,1.16185259819,1.1768964529
97,4,H,12.71258839,6.18101698,10.9834322,1,0.0101675987244,0.390651464462,0.062877304852,1.16057085991
97,5,H,12,12,12,1,-0.185160666704,0.0478246808052,-0.349847644567,0.0390004441142
97,6,H,12.93485179,8.20110475,12.53065208,1,0.0187132507563,-0.965864121914,3.87142205238,-1.68195962906
97,7,H,13.27424189,11.98892774,13.13802866,1,0.00870674848557,0.11503379792,0.0607540160418,-0.697291433811
97,8,O,14.16464119,12.27875941,13.00408877,-2,-0.107733599842,2.97239041328,1.80068194866,0.477664232254
97,9,H,11.93045562,14.31219307,14.54757949,1,0.0175445526838,1.25332665443,-1.16694128513,0.739342153072
97,10,H,16.18811636,14.67913316,12.4812369,1,0.0126757137477,-2.41300940514,0.402266055346,1.14153885841
97,11,H,13.65740289,13.06744937,10.06480747,1,0.0151833537966,1.63938689232,-0.279137700796,0.254171639681
97,12,H,15.8731914,13.73248409,11.62374157,1,0.0218001957983,-2.5307803154,-0.869620382786,-0.158344000578
97,13,O,14.55424007,12.68551655,10.30985901,-2,-0.047934897244,-0.741057217121,2.57278823853,-5.2763800621
97,14,O,10.24986171,11.02015692,11.50106899,-2,-0.0138348937035,-2.44562077522,-0.277591943741,2.80898809433
97,15,O,12.50920577,13.50169066,14.47968174,-2,0.00739751756191,0.194966807961,1.12545335293,2.10224223137
97,16,O,13.38469847,6.15044808,11.70081506,-2,-0.0672266408801,1.56773030758,-2.16286873817,-1.90372037888
97,17,H,11.7782597,5.73211749,9.336159,1,0.0186791475862,-0.649072229862,0.0517002120614,0.444570213556
97,18,O,12.37537472,10.20932122,10.07086762,-2,-0.01741168648,2.0560259819,2.58920431137,-0.283663660288
97,19,H,10.32340825,13.85487638,10.99184711,1,0.0157962962985,0.762671113014,-0.405344009399,-0.615786790848
97,20,H,14.40210056,13.33105347,13.04231311,1,0.0193476229906,-0.837377429008,-4.28115844727,0.139303669333
97,21,H,13.52118974,14.38242192,12.11883598,1,0.0129150338471,-3.32770395279,-0.473837971687,-1.27689957619
97,22,H,10.92429251,12.22849473,10.01826602,1,0.0117337107658,-0.526688933372,0.363255381584,-0.846555948257
97,23,H,12.30970329,9.4736566,11.42951489,1,0.015651114285,0.729827404022,-1.78964555264,0.9460272789
97,24,O,12.75567355,9.20675693,12.29176971,-2,-0.047626439482,0.272492349148,-2.55201172829,1.81965410709
97,25,H,9.63663574,10.37674459,11.16641251,1,0.0119122322649,-0.131960108876,-0.892055213451,-1.4705029726
97,26,O,9.56935526,13.68996299,11.54638454,-2,-0.0383230149746,-0.519782960415,0.556372702122,0.523317217827
97,27,H,10.46395742,11.29836441,9.02626057,1,0.010845143348,-0.121272005141,-0.0749222561717,-0.494673550129
97,28,H,13.01021093,10.49500176,9.39267513,1,0.0155989732593,-0.378564119339,-1.14673995972,-1.2770550251
97,29,H,12.30906394,11.86061829,14.17137338,1,0.0180435851216,-2.2992401123,-1.92194271088,-1.57920849323
97,30,H,9.4274621,14.59422465,11.83554864,1,0.0102842189372,-0.446941077709,0.152143999934,0.375274002552
97,31,O,15.29861618,14.21029126,12.29023932,-2,0.0200579687953,5.92075490952,2.22674894333,-1.11338293552
97,32,O,11.82105389,11.34201728,13.39616576,-2,0.229148134589,0.203342810273,-0.350877046585,2.82328176498
97,33,H,13.28792013,13.41717705,15.11633071,1,0.0154416747391,-1.69794476032,0.972766757011,-1.10664749146
97,34,H,12.37732773,13.67010461,12.85378372,1,0.010779954493,-0.0970304310322,0.608030736446,-1.62255394459
97,35,H,10.60687872,5.734189,10.34405293,1,0.0149949267507,-4.06731128693,-1.32099926472,0.385760426521
97,36,H,13.15401905,6.77846999,12.31714823,1,0.0144348144531,-0.737264454365,1.51938867569,1.9720877409
97,37,O,10.54116584,12.25415344,9.10482143,-2,-0.0524856746197,0.737807869911,-0.0827666521072,0.875444710255
97,38,O,11.45851178,5.97976918,10.22175433,-2,3.28198075294e-05,3.56691813469,1.13750350475,-2.10708284378
97,39,H,12.86487386,10.89734645,10.63824749,1,0.0197757091373,-1.72171151638,-0.86577886343,0.530649960041
98,0,H,12.07933004,10.45291232,13.48310541,1,0.0192998610437,1.30464506149,-0.82533878088,0.762212514877
98,1,H,14.37898158,12.20577437,11.37174178,1,0.0137326903641,1.86869633198,2.52993798256,-3.24911022186
98,2,H,9.73546908,11.26311413,12.41212204,1,0.0161235779524,2.31824064255,0.575583994389,-1.30465662479
98,3,O,12.70731552,14.21139208,12.05409949,-2,-0.0291901230812,0.706901609898,0.323024988174,2.65472769737
98,4,H,12,12,12,1,-0.102317899466,-0.297567933798,-0.419759184122,0.371874332428
98,5,H,13.10238493,8.4806402,12.61630255,1,0.0107794543728,0.517785847187,-9.01398849487,1.01515626907
98,6,H,13.37285717,12.12340913,13.24947637,1,0.0108472928405,0.859316527843,0.531945407391,-0.506733059883
98,7,O,14.30950092,12.40066109,13.19926595,-2,-0.0495748408139,2.32940745354,2.36724615097,0.966135025024
98,8,H,13.75762973,13.1308178,10.19905046,1,0.0149494241923,3.01612615585,-0.789926052094,0.616155862808
98,9,O,14.71470394,12.77662113,10.45343098,-2,-0.0610901936889,-4.70057344437,-1.5762553215,2.45219755173
98,10,O,10.42066282,11.08632779,11.66091253,-2,0.00484576076269,-2.50818157196,-0.0637940093875,2.88684487343
98,11,O,12.56175303,10.23951503,10.18359289,-2,-0.0215849727392,0.826201796532,0.167401760817,-4.59222316742
98,12,H,10.52503727,14.05059392,11.08926654,1,0.0169417168945,-2.71414232254,-0.842098653316,1.96633529663
98,13,H,14.58116588,13.39929978,13.37045241,1,0.0185197889805,-1.26511776447,-3.57434821129,-0.463770329952
98,14,H,13.60105906,14.50999824,12.35250234,1,0.0164401717484,-0.616947710514,0.27146974206,-1.61219549179
98,15,H,11.01447376,12.47245912,10.21313914,1,0.00978992879391,-1.3552672863,-0.613598227501,-3.10569190979
98,16,H,12.51490778,9.66955676,11.65114235,1,0.0154990628362,0.709347844124,-2.33969902992,0.804591536522
98,17,O,13.00439284,9.297759,12.43415949,-2,-0.0435452759266,-1.34947216511,10.2808828354,-0.733018934727
98,18,H,9.82127329,10.47420226,11.24859405,1,0.0155994780362,0.0451140366495,-0.859393239021,-1.51235389709
98,19,O,9.70493987,13.76093779,11.69167407,-2,-0.0351795479655,2.2247235775,2.31628084183,-1.19831490517
98,20,H,10.58756327,11.40681092,9.18946323,1,0.0128103345633,0.0723525285721,-0.626180827618,-0.0930524840951
98,21,H,13.12667942,10.73925086,9.4962023,1,0.0195068698376,-1.15861451626,-1.90684652328,-0.060257256031
98,22,H,12.39822976,12.0968243,14.32996027,1,0.0257176663727,-1.71333086491,-3.94673538208,-1.64121520519
98,23,H,9.43870599,14.63336936,12.07852406,1,0.0121111813933,0.301945716143,-1.08405995369,-0.466529786587
98,24,O,11.98152729,11.41152008,13.59707291,-2,0.114053204656,-0.303830981255,4.81595754623,1.73143351078
98,25,H,12.52148373,13.82193572,12.95600503,1,0.0133662968874,-0.950770556927,0.439264386892,-1.71838819981
98,26,O,10.63385357,12.35514286,9.23719076,-2,-0.0519684813917,1.43569624424,1.29276740551,2.69016194344
98,27,H,12.85743749,10.89545472,10.74885757,1,0.0135175623,0.397300243378,2.57025241852,3.33968186378
99,0,H,12.4095219,10.62826856,13.48544383,1,0.0180922187865,1.56012487411,-0.730446457863,1.12138462067
99,1,H,14.57485919,12.3638277,11.48113669,1,0.0146676898003,1.99977481365,2.45066022873,-3.57466197014
99,2,H,10.02127005,11.41231339,12.38807607,1,0.0106408726424,-2.26779842377,1.63302493095,3.09555196762
99,3,O,12.95304647,14.36459115,12.0766578,-2,-0.0263598412275,-2.25022172928,-0.415365725756,0.0301767718047
99,4,H,13.11035101,6.33225796,11.21748971,1,0.0137206465006,-0.868953824043,0.446121782064,-0.602140545845
99,5,H,12,12,12,1,-0.132079929113,-0.432952463627,-0.38299497962,0.397550910711
99,6,H,13.32194951,8.48927052,12.6421929,1,0.020198052749,-0.603750765324,2.0564661026,-0.709665179253
99,7,H,13.59695947,12.32368768,13.29465704,1,0.0111775323749,-0.373098671436,0.117273509502,-0.125627279282
99,8,O,14.51353331,12.56776312,13.32400493,-2,-0.0403877161443,0.736164271832,-5.57332658768,-1.49393546581
99,9,H,14.0516056,13.21892834,10.28356435,1,0.0131720388308,-0.605578660965,0.633000612259,-0.443557471037
99,10,O,14.91252565,12.90632006,10.53737187,-2,-0.0598387680948,-1.11851716042,-2.912109375,3.76884555817
99,11,O,10.63955017,11.20358274,11.75971917,-2,0.112713888288,0.12156149745,-3.69406175613,-4.18773508072
99,12,O,13.73196613,6.36530481,11.92550696,-2,-0.037187770009,0.887281954288,1.07850468159,2.17264127731
99,13,O,12.80378109,10.31992054,10.21489724,-2,-0.0312955342233,1.47952497005,3.63292813301,-1.86478507519
99,14,H,10.65423306,14.26597806,11.23172574,1,0.0166853480041,-1.2284399271,-0.456414997578,0.91859215498
99,15,H,14.74951146,13.36801712,13.59756378,1,0.0144126266241,1.14679157734,5.0434217453,1.69477033615
99,16,H,13.71637391,14.70091729,12.45980167,1,0.0143301393837,3.19030451775,1.7327464819,-0.403321683407
99,17,H,11.08816416,12.72446228,10.17948007,1,0.0104068443179,0.199664562941,-0.235599860549,0.896923542023
99,18,H,12.78930631,9.77400813,11.82762121,1,0.012970354408,-1.88157117367,-0.395211279392,-2.96170949936
99,19,O,13.30714667,9.46177458,12.50477599,-2,-0.0312328152359,2.21832513809,-1.54801905155,4.59851551056
99,20,H,10.04435337,10.54702556,11.18507008,1,0.0151576548815,2.19860172272,1.88883161545,1.17933917046
99,21,O,9.89700058,13.88263539,11.76271541,-2,-0.0303321331739,0.777643620968,1.61193835735,-0.112749941647
99,22,H,10.76060139,11.52699769,9.27857299,1,0.0111219305545,0.260769844055,0.906840503216,0.176025882363
99,23,H,13.25380667,10.94603799,9.50995746,1,0.0184050612152,-1.13070869446,-2.21477556229,1.34853351116
99,24,H,12.47136725,12.2550217,14.33930546,1,0.0196052994579,0.0270213484764,-2.3327357769,0.321898639202
99,25,H,9.53951416,14.66923665,12.23380687,1,0.0117942672223,0.350846946239,-0.776812493801,-0.49976849556
99,26,O,12.19182631,11.53796892,13.73063003,-2,0.0320142507553,-2.18810534477,2.90051698685,-0.628130376339
99,27,H,12.68515274,14.04443192,12.94034956,1,0.0140506122261,-1.68173909187,-0.624720156193,-0.125229582191
99,28,H,13.57390118,7.16270764,12.51775308,1,0.0186187140644,0.176108151674,-2.49769854546,-1.62666082382
99,29,O,10.7857768,12.50389622,9.31262979,-2,-0.0462746173143,-0.291989684105,-0.668945848942,-1.60861480236
99,30,H,12.91407358,11.02764706,10.92220692,1,0.0110330209136,-0.407116174698,-0.673069953918,-0.752448558807
100,0,H,8.36292484,10.9324605,13.55062371,1,0.0370979979634,-1.24754905701,-1.20791006088,-1.5720757246
100,1,O,10.01688027,10.14459304,12.61585471,-2,-0.0822361111641,1.11077475548,-3.87944412231,2.92987537384
100,2,H,14.42047771,13.72285143,11.92298105,1,0.0355907455087,-0.925585567951,-1.53676688671,-2.71555280685
100,3,H,15.2958136,12.11777599,12.57859593,1,0.036238245666,1.26599633694,2.26751494408,0.00510574597865
100,4,O,12.74818241,9.23046206,14.08094468,-2,-0.0437393337488,-2.47987699509,0.332900226116,-3.02336740494
100,5,H,13.8508491,11.59046244,12.8640495,1,0.0296836942434,3.3807759285,-0.191428810358,-0.987811982632
100,6,H,15.81357936,8.9762185,12.42997432,1,0.0325777567923,2.87419199944,-2.93787431717,-10.5271053314
100,7,H,9.96278496,12.15378522,10.8952645,1,0.058902759105,1.20093846321,-1.54482316971,-0.387366592884
100,8,H,12.75604538,12.46200197,10.87318463,1,0.0248095057905,-0.907114446163,-0.147239506245,1.64182496071
100,9,O,14.86225501,11.30962586,12.59351413,-2,-0.014589600265,-5.30186414719,-0.986575841904,0.562284111977
100,10,H,12.20748332,9.26550676,11.37158264,1,0.0506343953311,0.444061070681,1.65251469612,0.439756900072
100,11,H,13.06325006,9.75103564,14.79070708,1,0.0391832478344,0.23222695291,1.04794275761,1.08022809029
100,12,O,12.73673522,13.03260093,12.48774422,-2,-0.104836307466,-2.83620333672,-3.14299559593,1.74753761292
100,13,H,13.72949646,9.67856056,9.61579093,1,0.0408819578588,-1.84774386883,-0.135232746601,-0.569689750671
100,14,H,9.04348588,15.59244541,13.78573019,1,0.121978543699,-1.57312405109,2.03751420975,1.08125448227
100,15,H,9.77204812,13.54327472,13.97628789,1,0.0272207818925,0.463723272085,-1.14806902409,0.33492437005
100,16,O,9.50974013,14.84724808,13.51837096,-2,-0.633496761322,1.80026435852,-2.39511680603,-0.961632370949
100,17,H,14.83552425,15.43043057,12.48168238,1,0.0204727388918,-0.0169229060411,0.312997698784,0.954267978668
100,18,O,14.99770468,14.00719089,12.57458661,-2,-0.00293429195881,1.1205624342,1.63063931465,4.15616607666
100,19,O,13.40670092,12.66782481,10.24869748,-2,-0.032514847815,-0.856211543083,0.962722837925,-5.52200222015
100,20,H,8.2950152,10.13885287,12.1399668,1,0.0331654474139,-1.65305304527,2.53436231613,2.74744701385
100,21,O,12.85307848,10.16465184,9.51974171,-2,-0.0311213955283,3.53399825096,-0.00920474436134,-1.68697607517
100,22,H,9.09897237,12.198255,13.66720674,1,0.0430499576032,-2.49557685852,-1.13167190552,-0.958821892738
100,23,O,14.71106565,16.31169677,12.10281786,-2,-0.0781714320183,-0.335435956717,0.380706578493,-2.21283507347
100,24,H,15.90254024,13.97185902,12.8504692,1,0.0492760315537,0.61831843853,-0.62230014801,-1.18711853027
100,25,H,10.34877052,9.34310782,13.18424825,1,0.047389999032,-0.82397788763,2.34018683434,-1.69524073601
100,26,H,13.42094327,10.05832118,11.91258473,1,0.0385036170483,0.166718617082,-0.336829692125,0.0577820912004
100,27,O,7.73156224,10.79698631,12.7854685,-2,-0.0486312434077,1.33775436878,-1.36773610115,-0.879070997238
100,28,O,12.47928384,10.15743971,11.73397502,-2,-0.00459898263216,0.646975159645,-1.98028099537,1.2341350317
100,29,H,11.31826352,11.13707726,10.04436688,1,0.0388582237065,-1.20584142208,0.198452532291,0.888225257397
100,30,H,12.66374658,13.15249506,13.51735914,1,0.0555982738733,-0.599322021008,-0.67014580965,-2.95968675613
100,31,H,14.64138318,17.241527,12.06852944,1,0.0489827394485,0.0940001606941,0.59500336647,1.01886212826
100,32,H,12,12,12,1,0.137021139264,0.975222289562,2.90639519691,2.52391648293
100,33,H,12.14669761,9.80047385,13.39711443,1,0.0241051316261,2.25814819336,-1.44357144833,2.71263241768
100,34,O,9.91327105,12.46426425,13.98883852,-2,-0.0932954251766,2.33988428116,3.06769156456,1.17713463306
100,35,H,9.11142556,13.38554829,12.34539384,1,0.0387970544398,-0.315083295107,0.324762403965,-3.31324887276
100,36,O,9.18236575,13.43861917,11.27881562,-2,-0.0165017768741,2.28352308273,-0.686635255814,2.70665621758
100,37,H,15.1370059,9.96086344,13.02557885,1,0.0152120888233,1.20159304142,-1.12826049328,1.66241776943
100,38,H,10.65863134,10.45940617,11.92186883,1,0.0181059017777,-0.53590708971,-0.331894278526,0.363031208515
100,39,O,10.73201705,11.28306623,10.83710801,-2,0.00659787654877,-0.698742389679,3.94794297218,-1.84712421894
100,40,H,13.31939207,11.03257631,9.71313881,1,0.0265002958477,-1.05217194557,-0.22821187973,-0.184589579701
100,41,H,12.73526746,12.86541943,9.45309351,1,0.0445336736739,2.63121819496,-0.143326729536,2.09495425224
100,42,H,10.10330804,13.83115507,11.31902304,1,0.0383464694023,-1.3267018795,0.170006543398,-0.318216770887
100,43,O,15.66129268,9.11466301,13.23342817,-2,-0.0726488679647,-2.94699954987,2.62331461906,9.38915252686
101,0,H,8.65240078,10.8912136,13.5480659,1,0.036395855248,-1.0182570219,-1.19725525379,-0.654925107956
101,1,O,10.17651459,10.06891087,12.62450741,-2,-0.293358206749,0.631218671799,1.27651536465,-1.88094341755
101,2,H,14.31790487,13.52718354,11.96920952,1,0.0455147735775,2.88321566582,0.704868972301,1.99755680561
101,3,H,15.49469455,12.11744229,12.58448247,1,0.0335561595857,-0.32125800848,-0.911424100399,0.0429714098573
101,4,O,12.96362004,9.12854168,14.12823586,-2,-0.0366398766637,-0.936208724976,0.560674667358,-0.221994251013
101,5,H,14.06211388,11.52171279,12.90133303,1,0.0254488475621,3.42234444618,-0.69986897707,-0.857458472252
101,6,H,15.90821486,8.66383359,12.29247285,1,0.034379042685,0.0932480245829,0.257901400328,2.62747788429
101,7,H,10.15320203,11.86604419,10.91599529,1,0.0478033646941,-1.75200355053,1.43418228626,0.14575907588
101,8,H,12.88538381,12.39900548,11.0833839,1,0.0302201211452,2.16204619408,0.556401193142,-1.31992554665
101,9,O,15.06392768,11.23255866,12.63617436,-2,-0.0195229873061,-3.63561582565,2.67804932594,0.382673323154
101,10,H,12.41953389,9.25829309,11.39161947,1,0.0470220446587,-0.961232662201,-2.17871212959,-1.21299219131
101,11,H,13.28847297,9.72393717,14.81781412,1,0.0367734730244,-0.226307734847,-0.187603145838,-0.165249630809
101,12,O,12.91532786,12.95807483,12.61366071,-2,-0.167302519083,-3.41167831421,-3.07041049004,-0.0521648004651
101,13,H,13.69804562,9.58922274,9.81021035,1,0.0375307276845,6.9196023941,-4.52201461792,1.63833618164
101,14,H,9.1880879,15.53343709,13.89068319,1,0.108330748975,0.0194973871112,-0.541130244732,0.375525057316
101,15,H,9.97804028,13.52638036,14.02773584,1,0.0238060057163,-0.0255067814142,-1.02278220654,0.0573288574815
101,16,O,9.68966583,14.76465749,13.58202187,-2,-0.598000943661,0.485670357943,-0.285914868116,0.00621016323566
101,17,H,15.0240134,15.29817841,12.65194503,1,0.0225303471088,-1.13764333725,2.20795583725,-0.653063476086
101,18,O,15.12099767,13.92784384,12.62125162,-2,-0.00639750063419,1.93583142757,-0.219638198614,1.43646943569
101,19,O,13.5756241,12.53907144,10.34928275,-2,-0.021342292428,-2.51831912994,-0.642352938652,-1.20578122139
101,20,H,8.49508782,10.13003443,12.23353207,1,0.0321709439158,-1.72582876682,2.04066634178,2.41585874557
101,21,O,12.99128502,10.0213574,9.60832915,-2,-0.0805248245597,-5.05113172531,8.30283069611,-4.09577655792
101,22,H,9.244576,12.03044253,13.82731895,1,0.0481444746256,1.00669932365,0.820330619812,0.286372929811
101,23,O,14.89993335,16.2187127,12.1197965,-2,-0.12177515775,-0.0885312929749,1.87164616585,-1.10022449493
101,24,H,16.13155062,13.91125556,13.00026302,1,0.0566072575748,-3.75007295609,-0.727533638477,-2.48464798927
101,25,H,10.53550648,9.42651468,13.15346614,1,0.0480808801949,1.22652316093,-2.53566384315,2.12418150902
101,26,H,13.59341127,9.98445396,11.87170234,1,0.0374060124159,0.278250098228,0.0339483395219,0.369404345751
101,27,O,7.93425818,10.74701634,12.90002168,-2,-0.0547398552299,0.807146310806,-1.25642907619,-1.49648666382
101,28,O,12.63841066,10.06117307,11.78128986,-2,-0.0155859366059,1.63986766338,1.75917410851,3.12119960785
101,29,H,11.42714514,11.15011051,10.17383876,1,0.0436017438769,-0.0114536136389,-0.607605099678,-0.453615307808
101,30,H,12.80154079,12.8936231,13.61248593,1,0.051563616842,-0.509738922119,0.10397362709,-1.80426764488
101,31,H,14.58640249,17.1872939,12.10816584,1,0.0529810488224,0.729178369045,-3.04153466225,1.19598579407
101,32,H,12,12,12,1,0.266594022512,1.35385978222,2.18264198303,2.94577288628
101,33,H,12.33386901,9.63761574,13.5451343,1,0.0221358686686,1.18282318115,-0.488819152117,1.20281088352
101,34,O,10.13226209,12.38243056,14.06155637,-2,-0.144553035498,-0.604637682438,1.94816207886,0.125391185284
101,35,H,9.23454268,13.33805476,12.34030717,1,0.0316457822919,-0.453274458647,0.291409850121,2.25623703003
101,36,O,9.36539194,13.33708468,11.42265894,-2,-0.0332761257887,4.55088281631,0.826026320457,-3.76471734047
101,37,H,15.41437145,9.90795298,12.97052055,1,0.0118175633252,1.0120126009,-1.29632282257,1.30063569546
101,38,H,10.88590373,10.49186672,11.84296594,1,0.0340817347169,-2.4078400135,-2.10720133781,2.99433302879
101,39,O,10.83826958,11.19516598,10.93330692,-2,0.281454861164,2.11145758629,2.51639413834,-2.85386228561
101,40,H,13.4014892,11.12677486,9.76899657,1,0.0392200797796,-0.988748967648,-4.10719823837,-0.235143989325
101,41,H,12.94543777,12.67500644,9.59222301,1,0.0449288152158,1.16562926769,0.830437004566,0.425688177347
101,42,H,10.37492574,13.75046211,11.36834932,1,0.033065546304,-4.0410284996,-0.960057020187,0.50001513958
101,43,O,15.79964,9.0135944,13.25347854,-2,-0.0717924535275,-0.0407132804394,-0.596719443798,-3.46095991135
102,0,H,8.80625738,10.67409036,13.34791755,1,0.0341914743185,1.20282924175,0.0278641935438,1.951415658
102,1,O,10.23789043,9.85788935,12.46940922,-2,-0.265217661858,0.323390394449,-1.34659481049,0.973510861397
102,2,H,14.23752732,13.24239446,11.96273326,1,0.0647986531258,2.9253282547,1.05660998821,2.29966568947
102,3,H,15.57397536,11.95504191,12.42429087,1,0.0333058573306,-0.490214675665,-2.24361801147,0.0327631384134
102,4,H,14.32388351,11.30108071,12.7236608,1,0.0261688306928,-3.84406065941,0.678671896458,1.16986811161
102,5,H,15.95741936,8.18730049,12.06364417,1,0.0395978614688,-0.466535121202,2.75919151306,4.87443208694
102,6,H,10.16052622,11.517742,10.7933976,1,0.0473170131445,-5.59728336334,4.19655227661,-0.0389412119985
102,7,H,8.80506313,16.48111952,16.12309304,1,0.045088969171,1.98157739639,-1.14381015301,-4.0715970993
102,8,H,13.00077406,12.23252969,11.0941962,1,0.027599895373,2.14728069305,0.0102956471965,-2.2163746357
102,9,O,15.1542944,11.02328866,12.51292566,-2,-0.0236713141203,4.11609220505,2.1992764473,-1.44120705128
102,10,H,12.50790602,9.00851523,11.20430636,1,0.0446926280856,-0.691473305225,0.582886874676,0.30738863349
102,11,O,12.98237589,12.73475087,12.57628646,-2,-0.0142171531916,-4.29221343994,-2.28812861443,-3.79252409935
102,12,H,13.84628627,9.16900647,9.89105816,1,0.0413283854723,-2.81866288185,2.66745591164,-1.9397342205
102,13,H,9.26242014,15.26402858,13.79805065,1,0.0543442964554,-0.0160366464406,0.485044002533,0.244472041726
102,14,H,10.07352884,13.27538606,13.89661344,1,0.0211309567094,0.0224327109754,-1.15641355515,0.323606044054
102,15,O,9.76789251,14.54260453,13.47970098,-2,-0.569767713547,1.22510790825,-1.96503937244,-1.28277313709
102,16,H,15.0512914,15.068316,12.62815618,1,0.0250992178917,-1.29779946804,2.81218719482,-1.97175657749
102,17,O,15.14556135,13.71474965,12.51020575,-2,-0.0192078202963,1.92102634907,-0.735700905323,1.11298549175
102,18,O,13.63817675,12.26873583,10.28260163,-2,-0.0309349149466,0.779220044613,-0.986122846603,3.75409245491
102,19,H,8.53480488,10.08099073,12.26555341,1,0.0307083129883,1.59281897545,-2.87289762497,-3.76557588577
102,20,H,8.32485924,15.87379158,14.73791566,1,0.0459985174239,1.02848148346,0.656121373177,0.795086324215
102,21,O,13.01968557,9.76499553,9.52121375,-2,-0.0704272836447,4.08525276184,1.17417895794,-1.45714306831
102,22,H,9.36422856,11.79311543,13.82855142,1,0.0503110699356,0.767233848572,0.737760543823,0.296276599169
102,23,O,9.20878656,16.17223182,15.10779112,-2,-0.0196825712919,-3.89625358582,1.65907752514,4.65661096573
102,24,O,14.98970083,15.99032597,11.97047252,-2,-0.15825329721,-0.762343347073,1.28766703606,0.540902256966
102,25,H,16.14820786,13.65065544,12.8588136,1,0.0540080107749,-3.58446478844,-0.515102803707,-1.97397696972
102,26,H,10.66254726,9.2624669,13.05708472,1,0.0469145551324,0.619366049767,-0.730718255043,0.77070504427
102,27,H,13.66605256,9.76202815,11.67653505,1,0.0334426052868,0.00926853716373,0.393608897924,0.551251590252
102,28,O,8.03840042,10.55337533,12.84480151,-2,-0.0544210374355,-4.70354890823,2.43633508682,1.90028309822
102,29,O,12.70138,9.83462591,11.67601652,-2,-0.0285000056028,1.27892363071,-1.23665177822,2.82890629768
102,30,H,11.41894518,11.05508319,10.1444472,1,0.0415790230036,1.74368453026,-0.477395236492,-2.40615725517
102,31,H,12.82597411,12.47380964,13.46225739,1,0.0471109934151,-0.506389737129,-0.24301867187,1.78785443306
102,32,H,14.42507451,16.85374947,12.03401141,1,0.0528610348701,1.50452303886,-2.96443486214,0.712830483913
102,33,H,12,12,12,1,0.158819958568,2.34592986107,2.1504547596,2.98855233192
102,34,O,10.25163114,12.17213594,13.97068348,-2,-0.114757373929,-0.203079760075,1.69354140759,0.152394026518
102,35,H,9.26260775,13.18506617,12.28315732,1,0.0319409221411,-0.639643788338,0.639494240284,2.69111418724
102,36,O,9.46346293,13.09881107,11.39125438,-2,-0.038866687566,1.19584882259,-0.586386561394,-4.18189144135
102,37,H,15.61362371,9.67333866,12.82536046,1,0.0134940594435,0.218174740672,0.179835259914,-0.0791512280703
102,38,H,10.8896263,10.29543482,11.7416862,1,0.028758071363,-1.33485972881,-2.53379487991,3.13500642776
102,39,O,10.85029976,10.97609741,10.8578178,-2,0.224259674549,4.50336551666,0.573029279709,-2.57603693008
102,40,H,13.33583024,10.87208838,9.66626134,1,0.0342122614384,-0.0568087436259,-4.76074075699,0.0710031017661
102,41,H,13.09517995,12.38507481,9.57680153,1,0.0415153950453,-2.31720924377,1.74868285656,-3.67852115631
102,42,H,10.34972022,13.49071016,11.29158534,1,0.0319832451642,-0.815089464188,0.344175457954,0.410105079412
102,43,O,15.83733122,8.77717062,13.10743563,-2,-0.0646569058299,0.79681789875,-4.36348009109,-4.4597029686
103,0,O,11.25821383,14.15778722,15.00067892,-2,-0.0577275678515,-1.71293020248,2.468739748,-3.66484022141
103,1,H,8.85210016,10.32156175,13.07314005,1,0.0289174728096,-1.46892499924,-0.25285550952,0.3164691329
103,2,H,12.10663233,12.0114632,14.77665055,1,0.0314192250371,1.8312176466,-0.0610591247678,1.94292485714
103,3,O,10.14726989,9.50076031,12.16702708,-2,-0.109332159162,-3.494576931,-8.3746805191,10.6073064804
103,4,H,14.16170043,12.90524722,11.92337118,1,0.0389099754393,2.06763076782,0.171243995428,0.806022107601
103,5,H,15.47982221,11.56030554,12.10374627,1,0.0300674140453,0.498926699162,-0.673410058022,-0.301768869162
103,6,H,14.23533003,10.98140274,12.43156678,1,0.0241876654327,-1.04931807518,-0.306672215462,0.465755343437
103,7,H,9.80213329,11.21117208,10.53250173,1,0.047015786171,2.95605635643,-1.16984176636,0.586573183537
103,8,H,8.79278967,16.09270664,15.67680457,1,0.0454910732806,-0.430740177631,0.541512310505,1.26247954369
103,9,H,13.05862386,11.93865205,10.84418146,1,0.0220686234534,-1.2731692791,0.0293230935931,1.01893436909
103,10,O,15.10520323,10.67849549,12.22438879,-2,-0.0444105044007,0.959484577179,-0.27217194438,-0.0847479626536
103,11,H,12.4376847,8.625092,10.88332749,1,0.0402831919491,-0.363173514605,1.77916800976,1.16604483128
103,12,H,11.21639857,14.08082511,13.90772908,1,0.0320492610335,-0.180055499077,0.399515241385,3.11573815346
103,13,O,12.88106035,12.36019995,12.37199629,-2,0.0220815315843,-4.50139760971,-1.99696397781,0.559601604939
103,14,O,13.01083923,12.47023218,14.98006429,-2,-0.0553529858589,-3.81723451614,0.28464114666,-3.389077425
103,15,H,9.17885094,14.83889627,13.54773835,1,0.0353461951017,-1.06915104389,1.93777668476,0.571185350418
103,16,H,10.00763705,12.79926571,13.60074057,1,0.0201878994703,0.144994735718,-0.113350875676,0.421091169119
103,17,O,9.69659895,14.17401005,13.21358829,-2,-0.587619721889,1.81056582928,-3.02339053154,-2.77438592911
103,18,H,14.8586522,14.7897686,12.33149819,1,0.0253451652825,0.103391699493,1.41313719749,-1.89136958122
103,19,O,15.01890339,13.36166312,12.24589731,-2,-0.0233700871468,-2.46262693405,1.26618862152,-0.00733516085893
103,20,H,9.97223535,10.78649821,15.42284273,1,0.0356297567487,0.86182051897,1.62022435665,-0.796158492565
103,21,O,13.55051382,11.85229133,10.06779316,-2,-0.0408525168896,0.713521897793,0.0408759899437,-4.71808052063
103,22,H,8.50323203,9.76375778,11.96611023,1,0.031195089221,-1.09809303284,-0.544516980648,-0.995164692402
103,23,O,10.3870818,9.95627961,15.30961886,-2,-0.032180480659,1.73314356804,-4.31024551392,-0.306090146303
103,24,H,8.23680047,15.40993762,14.36833503,1,0.0519152916968,2.41071295738,1.54888224602,2.28941345215
103,25,H,9.38585731,11.47225021,13.66289688,1,0.0380409769714,-2.49821805954,-1.41422128677,-0.784243881702
103,26,O,9.11752378,15.76851775,14.8550607,-2,0.00156250596046,-3.29361772537,-0.40298217535,-1.81863486767
103,27,H,8.47422202,11.71992583,14.80573512,1,0.0321938097477,-2.47166657448,-0.455596983433,1.09753215313
103,28,O,14.92553895,15.62253377,11.66693425,-2,-0.0791229903698,-1.27480268478,0.230294302106,1.18568611145
103,29,H,15.89971937,13.19816374,12.4580348,1,0.0479803346097,1.71872651577,-1.21522247791,0.136464744806
103,30,H,10.6479409,8.88937852,12.84794844,1,0.0453586615622,-1.49972867966,1.55708837509,-2.58747887611
103,31,H,8.70155739,10.36994264,15.16676536,1,0.031252451241,-3.13239765167,-0.247775971889,0.303347229958
103,32,H,13.57731478,9.40576062,11.35094405,1,0.0339039042592,0.515417277813,0.702141165733,0.377938985825
103,33,H,13.02672674,15.39790676,11.30129964,1,0.039176877588,-3.14173817635,-3.59895730019,-2.36253380775
103,34,O,7.97768629,10.22366917,12.63435278,-2,-0.066337428987,0.543466985226,0.422868043184,0.12606176734
103,35,O,12.61522211,9.46799933,11.42147338,-2,-0.0140659883618,1.05519938469,-3.08396315575,-1.33353638649
103,36,H,11.31522288,10.84209879,9.87381727,1,0.040820248425,-0.486440628767,-0.204017475247,0.413412094116
103,37,O,12.20176265,14.68126087,10.89195633,-2,-0.0396104007959,3.77820825577,1.82951843739,-1.56012797356
103,38,H,12.70316633,11.89608198,13.2251388,1,0.0386234968901,1.50039827824,0.54788428545,0.327481031418
103,39,H,14.17331612,16.22020617,11.85017184,1,0.0421456061304,1.06213712692,0.170464530587,0.327580630779
103,40,H,12,12,12,1,0.0385891534388,1.10547268391,1.04184472561,-0.0246391445398
103,41,O,7.86591561,10.97497653,15.13776076,-2,-0.0471647158265,4.00016593933,0.753467142582,-0.309644281864
103,42,O,10.22120563,11.82905722,13.72175981,-2,-0.0667715296149,3.21837043762,2.12637925148,0.241468608379
103,43,H,9.14947058,12.93870168,12.1951532,1,0.0308564454317,0.587854266167,-0.0899316519499,-3.18698215485
103,44,H,10.6242664,14.98156814,14.93675867,1,0.0370528027415,1.42887294292,-1.78617787361,0.874912261963
103,45,O,9.41073755,12.71481354,11.18911653,-2,-0.0446154475212,-5.67474222183,-2.11166262627,2.49461126328
103,46,H,10.70472174,9.5796045,14.41270613,1,0.0368911996484,-1.24547362328,2.37586736679,2.24674081802
103,47,H,10.69669785,9.87099639,11.60506623,1,0.0228714942932,5.12746334076,2.16673755646,-3.65853261948
103,48,O,10.72153777,10.61913337,10.61487677,-2,0.0513860136271,-1.52877163887,5.38521194458,-5.9322476387
103,49,H,12.55155634,14.40624104,9.92115157,1,0.0361420512199,-0.778627991676,1.30821454525,3.5301015377
103,50,H,12.59405719,13.22834531,14.37188765,1,0.0312211513519,2.64414048195,-1.08058714867,2.46687889099
103,51,H,12.99976388,12.04212112,9.24963489,1,0.0381401889026,1.02122712135,-0.248668700457,1.80604958534
103,52,H,10.18101261,13.1396899,11.08459775,1,0.0322145596147,4.54900836945,2.91970467567,-0.598200380802
104,0,O,11.23294027,13.75153933,14.76409199,-2,-0.0289885774255,0.272664934397,-1.70917248726,-2.90788960457
104,1,H,8.90764167,9.90303768,12.84236326,1,0.0158800706267,-2.20288681984,-0.858334600925,-0.688951909542
104,2,H,12.13263041,11.64171154,14.33840168,1,0.0172864682972,0.744030177593,-1.61603295803,2.78700304031
104,3,O,10.1200838,9.05831391,11.91864431,-2,-0.135191440582,0.859100759029,-3.58066534996,3.74913191795
104,4,H,14.22015771,12.51856062,11.94095429,1,0.0179083272815,-5.18137359619,-4.39358472824,-0.402005553246
104,5,H,15.50511901,11.10757253,11.78215512,1,0.0168840140104,0.798264563084,0.966533899307,-0.63497543335
104,6,H,14.10979382,10.59128136,12.17206415,1,0.0164941847324,4.61665391922,-1.87177848816,-1.11658084393
104,7,H,9.67400655,10.77883943,10.33521612,1,0.0397671945393,4.17935562134,-1.93845808506,0.477909982204
104,8,H,13.12586523,11.60184545,10.65774464,1,0.0105760060251,-1.16551089287,0.579366803169,0.844478487968
104,9,O,15.13144103,10.27394593,11.94863523,-2,-0.059377130121,-4.76299095154,-0.940939605236,1.56483650208
104,10,H,11.24026145,13.42376425,13.78953339,1,0.0182159617543,0.116470292211,0.986861646175,2.44333457947
104,11,O,12.84411862,11.91717883,12.19022676,-2,0.0101384520531,3.30970025063,-2.84942865372,4.51531553268
104,12,O,12.95621607,12.03577484,14.77945709,-2,-0.0606995895505,-2.58885908127,-0.551624536514,-2.81365036964
104,13,H,10.01113658,12.30898679,13.32663317,1,0.0210060440004,-0.0203084331006,1.784070611,0.211244061589
104,14,H,14.73869093,14.51211678,11.95661139,1,0.0136474631727,1.39100003242,-4.21622610092,1.92779493332
104,15,O,14.95731349,12.95472676,12.0013776,-2,-0.0447841659188,6.81917953491,5.03336572647,1.02807962894
104,16,O,13.53823339,11.37400409,9.85753531,-2,-0.0521637350321,-0.127165779471,-0.186146482825,-5.57049655914
104,17,H,8.52164318,9.33293689,11.61381676,1,0.0198790282011,-2.70139360428,1.52578496933,2.78122138977
104,18,H,9.39211595,11.04875648,13.47994967,1,0.0283356867731,0.327137947083,-0.704622626305,-0.539289832115
104,19,H,8.40988855,11.16644042,14.47989159,1,0.0157238524407,-0.341220349073,2.4221599102,-0.317643016577
104,20,O,14.92955065,15.19317926,11.38695573,-2,-0.0581925287843,-2.03887820244,4.6222243309,-1.35657477379
104,21,H,15.83271557,12.60516872,12.0632486,1,0.0264355298132,0.0678449645638,-0.38658452034,0.152108162642
104,22,H,10.61034104,8.51904824,12.54171085,1,0.0193200781941,-0.303520709276,-0.600855350494,0.312402665615
104,23,H,8.56220381,9.97439564,15.03309077,1,0.0178571715951,1.79513061047,-3.14394068718,1.34083330631
104,24,H,12.84654928,14.94947646,11.041526,1,0.0209464207292,-1.84713625908,-2.0485906601,-1.14997363091
104,25,O,7.98790694,9.8349791,12.44004235,-2,-0.0855869576335,2.7323038578,-1.04979920387,-2.71560025215
104,26,H,11.23980662,10.59090785,9.65858072,1,0.0215017311275,-0.705473303795,-0.4713948071,0.685581564903
104,27,O,12.19760171,14.24493054,10.66556389,-2,-0.0345799848437,-0.294801056385,2.27003288269,4.45817995071
104,28,H,12.71293105,11.2911019,13.00797413,1,0.0377206429839,1.3348929882,1.42203366756,-1.78573822975
104,29,H,14.052775,15.5311918,11.69866432,1,0.0165884364396,1.14655387402,1.92193162441,-0.765170097351
104,30,H,12,12,12,1,0.0218465290964,-6.81422424316,0.924313545227,-2.31656527519
104,31,O,7.86029995,10.53806867,14.88745478,-2,-0.0397016592324,-2.21237301826,0.989596486092,0.674314498901
104,32,O,10.2741291,11.43001513,13.49076409,-2,-0.0158903747797,0.620760202408,-0.826392114162,0.531790733337
104,33,H,9.18214578,12.65512534,11.96012375,1,0.0216537062079,-0.289976626635,-1.57197296619,-3.52593064308
104,34,H,10.67821768,14.47376676,14.61249272,1,0.0165902320296,-1.53569602966,2.47527647018,0.306836843491
104,35,O,9.41428267,12.26351792,11.01004729,-2,-0.0109210982919,1.61283195019,4.58714818954,2.99217295647
104,36,H,10.78663562,9.47994607,11.34601726,1,0.01957539469,0.302733570337,-0.478972911835,0.396918594837
104,37,O,10.6602352,10.22179503,10.36985712,-2,0.0516645908356,-1.57725512981,5.43758964539,-6.20700407028
104,38,H,12.53942635,14.12863604,9.83885659,1,0.0172807574272,1.50843882561,-0.667633235455,-3.6600317955
104,39,H,12.58538618,12.74937314,14.19125118,1,0.0179481990635,2.94364523888,1.02776777744,1.69134819508
104,40,H,13.02087828,11.66001909,9.00080841,1,0.0175959989429,1.47148811817,-0.639974713326,2.96977114677
104,41,H,10.2685065,12.85969708,10.88657926,1,0.0198091417551,-2.25908899307,-1.67292332649,-0.368544995785
105,0,O,11.51091462,13.34054041,14.63683296,-2,-0.0540047585964,1.27044284344,1.41384255886,3.45012116432
105,1,H,9.16496865,9.45540844,12.70447789,1,0.0308790802956,1.20638465881,-0.426820963621,0.964193999767
105,2,H,12.48420696,11.18404872,14.16405627,1,0.0290278233588,-0.71915858984,-1.41049563885,1.56129598618
105,3,O,10.38597585,8.60411775,11.80027909,-2,-0.244273841381,1.40281248093,0.889740347862,-1.63198518753
105,4,H,14.37268228,11.98263976,12.06008716,1,0.0212280675769,2.18118453026,1.23003757,-0.162079870701
105,5,H,15.88093066,10.71147367,11.54272966,1,0.0368610620499,-1.05120337009,-1.75717437267,-0.0874561369419
105,6,H,14.46361196,10.11775952,11.9630117,1,0.0270982831717,3.07459664345,-0.871566951275,-0.887641847134
105,7,H,10.05263402,10.26778946,10.28903106,1,0.0443449094892,-1.36460149288,0.904135465622,0.744405567646
105,8,H,9.01727224,15.39124181,15.37101517,1,0.0529951564968,1.31238508224,-2.38382482529,-3.50532674789
105,9,H,13.41172648,11.28760644,10.62873745,1,0.0195175409317,1.09392261505,-1.07746624947,-3.06196308136
105,10,O,15.43740155,9.86816962,11.78527007,-2,-0.0462164059281,-1.54789113998,0.48763564229,0.6199670434
105,11,H,11.51527853,12.82578177,13.888881,1,0.0276567339897,-0.324777424335,-1.502196908,-2.28648781776
105,12,O,13.10951372,11.46664203,12.13454805,-2,0.0278845876455,-6.30612897873,1.91060185432,-0.46586060524
105,13,O,13.18820402,11.59889868,14.68161649,-2,-0.0466504283249,0.549233853817,-3.68478751183,0.759736657143
105,14,H,9.39464874,13.89405178,13.20362676,1,0.040064625442,0.044963452965,0.141959086061,-0.185513049364
105,15,H,10.28661262,11.97675292,13.15265554,1,0.0166491866112,0.237539812922,-0.437410891056,0.565060257912
105,16,O,10.00069411,13.29909739,12.80164347,-2,-0.578350543976,0.318802118301,-0.814848065376,-1.94180297852
105,17,H,14.98568376,14.03726066,11.78752608,1,0.0263124257326,2.62800908089,-2.52354741096,0.0819823145866
105,18,O,15.20587717,12.56068709,11.87085424,-2,-0.0706213787198,2.53968930244,-3.21424937248,0.487572014332
105,19,O,13.82266349,10.89541399,9.74210833,-2,-0.0576169639826,-0.513368189335,-0.0162794627249,2.96714687347
105,20,H,8.70299181,8.9861626,11.52552267,1,0.0390292294323,-1.61884284019,0.653254628181,1.25520884991
105,21,O,7.21816999,12.42763469,15.15030379,-2,-0.0412814095616,1.41101241112,-1.19793093204,0.886956572533
105,22,H,8.62100501,14.58038305,14.0534685,1,0.0435973294079,-4.2774066925,-0.577259421349,-1.09946429729
105,23,H,9.72883616,10.60605148,13.38318247,1,0.0386188328266,2.04407644272,0.101795092225,-0.481739908457
105,24,O,9.36424647,14.81963071,14.49739336,-2,-0.00428300350904,1.61006772518,4.62237501144,6.22160625458
105,25,H,8.62929003,10.70175713,14.23906806,1,0.0333576276898,1.03839957714,0.699822247028,-0.921650230885
105,26,O,15.22154607,14.77326985,11.2177355,-2,-0.0702828541398,-3.50263738632,2.49754500389,0.84996008873
105,27,H,16.10981596,12.0061877,11.79749138,1,0.0542242862284,-3.24800205231,2.81818008423,0.681926310062
105,28,H,10.85467133,8.08949894,12.36412466,1,0.0516840070486,1.79084801674,-2.92565941811,2.92619943619
105,29,H,8.76442691,9.44054032,15.0853147,1,0.0443646274507,-0.0485709197819,0.32835072279,-0.0785030350089
105,30,H,12.89355634,14.459715,10.86678364,1,0.0342065356672,5.09653091431,8.97539615631,4.93801021576
105,31,O,8.30034649,9.44053335,12.34457443,-2,-0.0584228485823,-1.38250386715,-0.487322598696,-2.75189495087
105,32,H,11.40420887,10.3581098,9.61647011,1,0.0444446131587,0.815439283848,0.416386693716,-0.634349048138
105,33,O,12.48626862,13.80887041,10.56365169,-2,-0.0154219344258,-5.35660648346,-8.61031150818,-4.66388463974
105,34,H,13.05480968,10.76245813,12.80787283,1,0.0461265295744,-0.56402862072,0.348378092051,-0.282481312752
105,35,H,14.2949824,14.96713935,11.60972168,1,0.0397381521761,1.43860673904,2.14935350418,-1.40889203548
105,36,H,12,12,12,1,0.085738286376,4.98772144318,-2.87129402161,0.734403550625
105,37,O,8.14400484,10.10191062,14.7471178,-2,-0.0247407406569,-1.05505931377,-1.84301996231,1.93058943748
105,38,H,7.95019114,11.96098273,14.60391601,1,0.0337461531162,-3.14649534225,2.72618484497,1.0537058115
105,39,O,10.62748621,11.02581867,13.37171147,-2,-0.0870605632663,-1.29096710682,-0.117236442864,0.26081314683
105,40,H,9.55062375,12.38262818,11.71149774,1,0.0239510834217,-1.69278216362,0.460061490536,1.45563161373
105,41,H,10.95311088,14.05902959,14.39909195,1,0.0350410118699,-0.775679886341,1.19969689846,-0.120100848377
105,42,O,9.71665326,11.81959294,10.94395981,-2,-0.0634130388498,3.18335437775,2.86699938774,-1.89190578461
105,43,H,11.20863023,9.12969575,11.16722168,1,0.0476098097861,-2.76052331924,-1.09442913532,1.33380031586
105,44,O,10.88849852,9.84330599,10.21645583,-2,0.177626505494,2.40589022636,0.229065313935,-3.38963055611
105,45,H,12.88181201,13.827456,9.68635896,1,0.0390784516931,-0.136030897498,-0.693524777889,-0.416704565287
105,46,H,13.02262371,12.35591939,14.21268094,1,0.0296047925949,0.93323802948,4.24088048935,-0.746312439442
105,47,H,13.41613935,11.27210011,8.99235834,1,0.0375905334949,-0.672991335392,0.911528944969,-1.23551404476
105,48,H,6.54874588,13.12386111,15.12868857,1,0.0436381027102,0.997777998447,-0.34558993578,-1.52032709122
105,49,H,10.52982887,12.50787961,10.80174294,1,0.0391047634184,-2.25658655167,-2.33900547028,-0.870718240738
106,0,O,11.65620765,13.0257578,14.50545472,-2,-0.0632027834654,-0.947943985462,2.79310798645,-0.141198992729
106,1,H,12.66189994,10.73917963,14.05713314,1,0.0315873399377,-0.950947284698,0.28084692359,0.135120049119
106,2,H,14.42786314,11.59362631,12.1519356,1,0.0429363250732,0.793186843395,1.60093414783,-0.969695091248
106,3,H,16.09144739,10.3363038,11.28351731,1,0.0449605919421,-1.05173444748,-1.78433704376,-0.177894592285
106,4,H,14.75781706,9.71389429,11.6980937,1,0.0294586531818,-6.49374628067,1.4502017498,0.024640629068
106,5,H,11.39422934,14.37438721,12.94591963,1,0.0254037231207,0.125922173262,0.571582019329,-1.03920853138
106,6,O,13.0548889,15.9676537,9.95552138,-2,-0.0167098045349,0.462347656488,2.42015790939,0.826144099236
106,7,H,13.58583456,11.00600475,10.46307904,1,0.0201905891299,0.989017367363,-1.62283575535,-2.69669985771
106,8,O,15.60084214,9.55567117,11.60475335,-2,-0.0358806997538,8.14399147034,-1.62168216705,-0.274842828512
106,9,H,11.61324564,12.26913409,13.88089054,1,0.0280079767108,-0.616174042225,1.03635907173,1.30693590641
106,10,O,13.22436934,11.11099066,12.06160804,-2,-0.0307232141495,-2.30781579018,5.27167606354,-2.34190869331
106,11,O,13.28318226,11.24650763,14.56962809,-2,-0.0369666479528,2.21545433998,2.12419366837,0.268510758877
106,12,H,9.52970905,13.47127759,13.0417898,1,0.0598668418825,-1.93918156624,1.28993594646,1.16943454742
106,13,H,10.42699412,11.74835749,12.97590515,1,0.0261380746961,-0.11488840729,-0.682982206345,0.521969258785
106,14,O,10.16327667,12.95141909,12.62534117,-2,-0.497937560081,1.61139476299,-0.858798146248,-1.51100194454
106,15,H,15.22781222,13.49591842,11.63668616,1,0.022187449038,2.00454568863,0.0834806710482,-1.43040263653
106,16,O,15.32539912,12.25011687,11.72652649,-2,-0.0780960917473,-0.517459988594,-2.43180799484,1.22259163857
106,17,O,13.96827655,10.50896543,9.61805081,-2,-0.0514093413949,-0.920484423637,1.25891947746,2.4307448864
106,18,H,10.03603689,10.26486347,13.25559092,1,0.0535353049636,-1.39703333378,-1.95186042786,-0.322682261467
106,19,H,8.75142144,10.37120002,13.96390755,1,0.0342189446092,-0.562170624733,-1.512611866,1.86931025982
106,20,O,15.36276028,14.45062047,11.03712882,-2,-0.177599340677,-0.980723917484,-0.765955746174,1.22243225574
106,21,H,12.8808905,16.66790229,10.62821144,1,0.0434811376035,0.923557639122,1.16039144993,-1.95330774784
106,22,H,16.11154044,11.67539144,11.54582864,1,0.0714901089668,-1.03789710999,2.04308772087,0.588058292866
106,23,H,8.83045065,9.04423196,15.13453075,1,0.0420649126172,-0.958631336689,2.76871013641,-2.25499987602
106,24,H,12.99573032,14.36948773,10.86294533,1,0.0327953249216,-0.987680256367,-4.10355234146,-1.43324995041
106,25,O,12.62253783,13.44435595,10.43957389,-2,-0.0291958376765,2.63766288757,3.14657902718,-2.04930353165
106,26,H,13.21661138,10.33703026,12.56200946,1,0.0538307279348,-1.24510109425,-2.22020530701,1.64463114738
106,27,H,14.49295521,14.63734026,11.42588426,1,0.0366971231997,0.257876545191,1.54558646679,-0.256256222725
106,28,H,12,12,12,1,0.326374322176,3.33707165718,-3.35711598396,-0.0686286687851
106,29,O,8.2840918,9.75257176,14.5931414,-2,-0.0331533998251,0.896513819695,-1.15122210979,0.723599553108
106,30,O,10.83941349,10.71655519,13.23524486,-2,-0.193629175425,1.70914947987,2.28608965874,-0.149163469672
106,31,H,9.72584796,12.23705419,11.50460561,1,0.0255673192441,-1.99070358276,-0.765765070915,0.967543303967
106,32,H,11.02982559,13.79286782,14.17256777,1,0.0416826717556,1.7492825985,-3.30968666077,1.51664817333
106,33,O,9.88834006,11.4771622,10.85529554,-2,-0.096594452858,-0.850116074085,-0.300749361515,-0.117515183985
106,34,H,13.34156978,16.47996601,11.86112078,1,0.032074958086,2.13159036636,-0.0550519265234,2.53916931152
106,35,O,14.12201923,16.49581245,12.51179586,-2,-0.0300826877356,-1.75383353233,0.332286834717,-0.789784610271
106,36,H,12.40588377,15.4934473,10.41561776,1,0.0337589606643,-2.76285099983,-1.99346542358,-0.30413761735
106,37,H,13.08363033,13.57173309,9.43860068,1,0.0549769662321,-1.71095943451,-0.644200086594,4.02659797668
106,38,H,13.39092154,12.21969235,14.20765774,1,0.0334819257259,-0.625392436981,-3.15089964867,1.10534024239
106,39,H,13.73414348,16.80983437,13.35017723,1,0.039106965065,0.173086896539,-0.237126931548,-0.531050443649
106,40,H,13.64819733,11.04207095,8.9004962,1,0.0445129163563,-0.188635215163,0.23619684577,-0.692408442497
106,41,H,10.53178769,12.12239868,10.65865636,1,0.0322676636279,2.67391633987,0.553295612335,-2.61279773712
106,42,O,11.45862155,15.35065303,12.89451652,-2,-0.0344947949052,0.130895286798,-1.39002370834,-3.98083233833
106,43,H,11.39568333,15.60669318,13.75178092,1,0.0430200695992,-0.054363835603,1.65824913979,3.98964071274
107,0,O,11.68782653,12.81854604,14.38763269,-2,-0.0706989839673,-0.209521636367,-0.628789782524,-0.909865021706
107,1,H,12.69063642,10.41591751,13.95429346,1,0.03457499668,0.134202107787,1.73140227795,-0.033490344882
107,2,H,14.38256353,11.39301017,12.17935952,1,0.0693394914269,0.106511078775,0.781125247478,-1.7273427248
107,3,H,11.60024628,14.17943873,12.94925221,1,0.0234718844295,0.279397726059,0.883187890053,-0.683236241341
107,4,O,13.06410757,15.78041139,9.83773542,-2,-0.016740642488,0.0633957758546,-0.884613573551,-0.728426873684
107,5,H,13.67878635,10.74287586,10.24339761,1,0.0200057215989,-0.259697109461,0.00571992387995,0.96132928133
107,6,H,11.57311121,11.86845001,13.91630775,1,0.0310317836702,-0.14948657155,2.87495064735,2.19690489769
107,7,O,13.22676293,10.86612761,11.99387744,-2,-0.0178669840097,-0.557108461857,1.86185896397,-0.560081064701
107,8,O,13.27442151,11.00103914,14.47335822,-2,-0.0407262519002,2.82201194763,2.03213787079,1.5129750967
107,9,H,9.51794183,13.17824391,12.9364069,1,0.0622329264879,0.556578993797,-0.159688234329,-0.165850937366
107,10,H,10.47132855,11.56047358,12.83312074,1,0.0356697440147,-0.176699951291,-1.27592134476,0.309099942446
107,11,O,10.21670055,12.6999361,12.4534235,-2,-0.265254676342,-1.01095199585,1.26781094074,0.0922561883926
107,12,H,15.46325339,13.07403016,11.41183778,1,0.0172054618597,-0.161532282829,1.10692000389,-0.478677451611
107,13,O,15.32834308,12.03008145,11.60114056,-2,0.111508145928,-5.51505565643,0.970957696438,3.82346725464
107,14,O,13.99988274,10.22687904,9.51133972,-2,-0.0423226803541,-0.62544375658,2.3106739521,-3.33302354813
107,15,H,10.18909717,9.96733984,13.1391518,1,0.0715661048889,-1.27554154396,-1.15450298786,-0.0650238990784
107,16,O,15.38680292,14.22280512,10.87696304,-2,-0.500859856606,2.92983865738,-0.755774974823,-1.35911011696
107,17,H,12.77093108,16.28899567,10.54826985,1,0.0413464568555,-0.167339816689,4.59817838669,1.22773945332
107,18,H,15.99808461,11.55562188,11.309808,1,0.0624190345407,4.86291456223,-3.63300514221,-2.14201998711
107,19,H,12.94703871,14.20463532,10.82194321,1,0.0434038192034,-0.700640082359,-5.76186466217,-1.99350917339
107,20,O,12.65377172,13.18901597,10.32042133,-2,-0.0279647186399,1.89233100414,4.57791757584,0.214744508266
107,21,H,13.21104736,9.93848023,12.37479598,1,0.0637274459004,-0.938506305218,1.453135252,-0.373336315155
107,22,H,14.59562315,14.49996478,11.23658804,1,0.0349915027618,-2.39319634438,1.36058425903,1.42237174511
107,23,H,12,12,12,1,0.417668014765,2.28742957115,-3.07293224335,-0.187715634704
107,24,O,10.94129655,10.51870266,13.10866598,-2,-0.271948575974,0.811053991318,1.87472498417,0.306316077709
107,25,H,9.71780124,12.1730059,11.39832887,1,0.0297077707946,-0.324853688478,-2.15315723419,-0.263761043549
107,26,H,11.04303482,13.48301154,14.04454017,1,0.0394761450589,0.376837730408,-1.77659571171,1.02489566803
107,27,O,9.9406064,11.23697587,10.77677901,-2,-0.218728303909,-1.15590858459,1.19026958942,0.0968056917191
107,28,H,13.58453343,16.16901365,11.61481674,1,0.0304766744375,-2.48773694038,-0.0132682770491,-2.82753825188
107,29,O,14.11120791,16.24974877,12.32489522,-2,-0.028106354177,3.42456626892,0.805840790272,5.04718065262
107,30,H,12.42186589,15.21987504,10.27142493,1,0.0357680544257,-1.74422359467,-1.96085047722,-1.89526259899
107,31,H,13.07957803,13.36441324,9.38278144,1,0.0557679086924,-0.997416317463,-0.557265877724,2.70201921463
107,32,H,13.61760262,12.0174633,14.25608373,1,0.0425608605146,-2.28943896294,-4.51581430435,0.100958153605
107,33,H,13.71319757,16.71160088,13.09335761,1,0.0392061471939,0.0517748184502,-0.511418104172,-1.23519873619
107,34,H,13.75693969,10.92313164,8.76579506,1,0.0423818528652,0.977284789085,-2.53996157646,1.87931787968
107,35,H,10.55120493,11.85544208,10.40589584,1,0.0369178652763,1.50250995159,-0.0873358249664,-1.84769535065
107,36,O,11.48940114,15.14180892,12.78125647,-2,-0.0326853170991,-0.332947850227,-1.00652253628,-1.38508617878
107,37,H,11.63610258,15.5376794,13.61688651,1,0.0414775796235,0.394603699446,0.76183205843,1.27678644657
108,0,O,11.61814699,12.7106486,14.27687789,-2,-0.0510633736849,3.00843310356,-2.02810359001,1.2381721735
108,1,H,12.6313698,10.29609469,13.8276201,1,0.0313218832016,0.456019937992,1.72070515156,-0.125478819013
108,2,H,14.12397616,11.2835194,12.12334398,1,0.0537546947598,-1.1477202177,-1.34014868736,-1.27656280994
108,3,H,11.69596848,14.15256951,12.91143759,1,0.0212219618261,0.35006403923,-0.41335901618,-0.0353474840522
108,4,O,12.96978486,15.69386969,9.7288834,-2,-0.0200987905264,-3.76628136635,-2.16382050514,2.87447047234
108,5,H,13.63611229,10.58997618,10.12766522,1,0.0182645320892,-0.31016266346,0.112792417407,1.48334491253
108,6,H,11.43560457,11.75733938,14.05431193,1,0.0294603705406,0.166587606072,0.952849388123,0.779245197773
108,7,O,11.68531187,15.82727193,14.97339997,-2,0.0449398905039,-0.528563737869,2.80877161026,3.54546284676
108,8,O,13.12997533,10.73122011,11.9340215,-2,0.198489636183,0.258023142815,2.4243490696,-0.682713627815
108,9,O,13.17228635,10.86859075,14.39348458,-2,-0.0460683479905,0.40071439743,-2.94250488281,3.05711507797
108,10,H,9.4678964,12.97023364,12.8396335,1,0.0598815456033,0.718781292439,0.172479197383,-0.261121600866
108,11,H,10.42968502,11.41238013,12.70896588,1,0.0281848162413,0.515534996986,-1.72396934032,0.263130903244
108,12,O,10.16190092,12.5551596,12.28736987,-2,-0.130234256387,-1.2614569664,1.90643668175,0.73329102993
108,13,H,15.56110681,12.84854796,11.16025991,1,0.0184755250812,-1.79785943031,1.44568192959,0.602432072163
108,14,O,15.21608331,11.91748341,11.494394,-2,-0.0666807293892,3.16749930382,-2.17179441452,-0.859396874905
108,15,H,15.67155704,16.07981511,9.67127798,1,0.0270854085684,0.606902599335,0.776239454746,2.56979322433
108,16,O,13.9267314,10.0594111,9.40059473,-2,-0.0404474139214,-0.0428679920733,1.27788460255,-2.14845299721
108,17,H,10.21198252,9.76167437,13.03231539,1,0.0694815963507,1.01117146015,0.938567459583,-0.209639430046
108,18,H,12.54563143,17.3203154,11.31580139,1,0.0296393856406,3.25541877747,-0.347110450268,1.37459135056
108,19,O,16.59078089,16.2657734,10.865888,-2,-0.0801760032773,-3.23366594315,-0.533807098866,2.18203091621
108,20,O,15.3142279,14.09440277,10.72820294,-2,-0.566355407238,-0.158746123314,0.987996101379,0.0779366493225
108,21,H,12.54483137,16.19307547,10.48245934,1,0.035542294383,-0.190431311727,0.570560872555,-1.85931491852
108,22,H,15.97673428,11.43298853,11.01120658,1,0.0529447942972,-2.13526344299,-0.045492451638,1.4122338295
108,23,H,12.74615167,13.85798514,10.69262521,1,0.0295754522085,0.496374428272,-0.187352821231,1.00931584835
108,24,H,14.85436335,15.05748023,8.73757471,1,0.0317462310195,0.554189026356,0.651239693165,0.767442703247
108,25,O,12.58646626,13.05431934,10.21209595,-2,-0.0104590207338,-3.08770942688,-1.78905880451,5.09337425232
108,26,H,13.06235453,9.73399149,12.17542094,1,0.0556542798877,-0.460752546787,2.55563163757,-0.28945812583
108,27,O,15.53151696,15.74160157,8.84085678,-2,-0.0667188465595,-1.16502380371,-1.39006984234,-6.34246349335
108,28,H,14.51037611,14.51173126,11.11037249,1,0.0267086178064,1.19266617298,-1.09425544739,-0.0413917675614
108,29,H,12,12,12,1,0.44989746809,1.45859992504,-3.32770442963,0.0297661423683
108,30,O,10.93917507,10.43475484,12.98901442,-2,-0.20833337307,-2.28804206848,-0.809775292873,0.841680765152
108,31,H,9.6258728,12.11988695,11.34619071,1,0.029080927372,0.652115046978,-1.71469020844,-0.629934132099
108,32,H,10.92694525,13.21000125,13.98386098,1,0.0334207713604,-2.91414093971,1.8612165451,-0.718443930149
108,33,H,11.17274396,16.41495554,15.6348377,1,0.0420014858246,-0.564316809177,-1.82098042965,-1.65299665928
108,34,O,9.87945135,11.10888745,10.70568,-2,-0.404074192047,1.64777171612,2.50472688675,-3.46150326729
108,35,H,15.62283744,16.57436789,11.08466783,1,0.0336441025138,2.88023257256,0.300813227892,0.365082681179
108,36,H,13.63511934,15.92872249,11.28489466,1,0.0301752239466,-0.227518483996,0.275553584099,0.523213028908
108,37,H,12.43518187,16.39296649,15.17084653,1,0.0389971137047,1.68651604652,-0.460462778807,-0.474867731333
108,38,O,14.0071316,16.10884681,12.15853141,-2,-0.0238714069128,1.65611684322,0.0684586539865,0.910387575626
108,39,H,12.24174573,14.96374557,10.04468559,1,0.0351550579071,1.7346830368,2.02811217308,-2.33705615997
108,40,H,11.80069241,17.99162816,10.24184214,1,0.0386304780841,-0.424698412418,-0.181914433837,1.29269266129
108,41,H,12.93526149,13.22761978,9.42515439,1,0.0422269254923,2.61275410652,0.763182222843,-5.38201999664
108,42,H,13.63216012,11.68123314,14.30830382,1,0.037880089134,-0.152154698968,0.599650502205,-1.25559699535
108,43,H,13.58537272,16.67015886,12.8140666,1,0.0371800512075,-0.468844741583,-0.156098991632,-0.762290358543
108,44,H,13.80516718,10.77882536,8.72104535,1,0.0364283844829,0.463231652975,-1.52392172813,0.333011806011
108,45,O,11.71514034,17.65122309,11.17336576,-2,-0.028335519135,-3.02146100998,1.86423516273,-2.22018671036
108,46,H,16.21353212,15.25898832,10.96539179,1,0.029542081058,1.35515511036,0.858596265316,-0.238723397255
108,47,H,10.55015772,11.68730724,10.09821499,1,0.0395433455706,-2.16648054123,-2.38415789604,1.6526427269
108,48,O,11.42029437,15.03184135,12.66420604,-2,-0.106405884027,1.24553251266,2.3767645359,1.88510000706
108,49,H,11.76335316,15.60968644,13.58744398,1,0.0331461429596,-2.03687119484,-2.25311732292,-3.63202548027
109,0,O,11.4982909,12.67745588,14.17405709,-2,-0.0403344035149,-2.0236992836,4.63251066208,-0.347801089287
109,1,H,12.54461871,10.35639742,13.65614007,1,0.0194313377142,0.180016756058,0.301282763481,-1.02278757095
109,2,H,13.7030786,11.16704897,12.00542995,1,0.0291610248387,5.15251111984,1.23124957085,1.06561458111
109,3,H,13.40065514,13.60183284,13.88443069,1,0.0128630772233,0.264661371708,0.0544597804546,0.160479933023
109,4,H,11.72925463,14.19980392,12.86014918,1,0.012822933495,-0.373466700315,-0.241525411606,-0.330743283033
109,5,H,13.49428741,10.52968574,10.10987859,1,0.0115651190281,0.565259516239,-1.81253659725,-2.24209570885
109,6,H,11.25352876,11.79199433,14.19551471,1,0.0213945060968,-0.0858735442162,-3.03446221352,0.313791483641
109,7,O,12.97600766,10.6802506,11.87546865,-2,0.25530692935,-5.29767847061,2.71801662445,-2.81441712379
109,8,O,13.01052646,10.80792868,14.32997609,-2,-0.0593948289752,-1.26238667965,-2.49017858505,4.01567459106
109,9,H,9.42364286,12.84968002,12.74827923,1,0.0324344709516,-0.777714967728,0.935842633247,0.36306899786
109,10,H,10.36325757,11.28183312,12.59061764,1,0.0218644812703,0.118353709579,-0.534562647343,-0.413195550442
109,11,O,10.04146831,12.49614877,12.12494451,-2,-0.148729979992,1.35089242458,3.48311758041,3.03444027901
109,12,H,12.90821333,14.20118509,15.17833964,1,0.0238935314119,2.84834957123,-0.329812258482,-1.44633185863
109,13,H,10.76693877,9.37728428,14.22942478,1,0.0267323479056,1.2174911499,-1.70270037651,0.277789920568
109,14,O,13.78186866,14.12321991,14.60445898,-2,-0.043465718627,-2.82353758812,0.328235149384,1.45797944069
109,15,O,13.79359152,9.97889189,9.28487894,-2,-0.0455608032644,-0.802620887756,-0.429760992527,4.57301521301
109,16,O,10.93222945,8.37156414,14.12245589,-2,0.00491821020842,-4.55509710312,1.81149601936,0.124325267971
109,17,H,10.24878602,9.72354853,12.90310629,1,0.0344972871244,-0.738553643227,-0.427909076214,-1.33159208298
109,18,O,13.2249804,8.21600669,14.67704947,-2,-0.0910384356976,-1.14464640617,-1.01286399364,-2.86188435555
109,19,H,12.23767067,8.39685782,14.53968769,1,0.0155639089644,2.6645989418,-1.18515694141,0.38465359807
109,20,H,12.51353035,13.64767132,10.68395395,1,0.0178313851357,0.498081564903,5.68698644638,3.67060065269
109,21,O,12.44997065,12.99178721,10.11587767,-2,-0.0197586640716,-0.0426571778953,-5.51422023773,-4.80648422241
109,22,H,12.84796085,9.74770411,11.96030651,1,0.0410392023623,0.166494607925,-1.10944342613,0.378609895706
109,23,H,12,12,12,1,0.41212105751,0.0164100974798,-2.5994515419,-0.380406081676
109,24,O,10.86914387,10.43189381,12.87164101,-2,-0.108564756811,-0.593873560429,-0.141011625528,1.46067714691
109,25,H,13.33000145,8.47482408,15.54138688,1,0.020550167188,0.929071068764,1.01839804649,3.09690952301
109,26,H,9.55219776,12.0597628,11.3222652,1,0.0105313807726,-0.378333747387,-1.9822883606,-2.69232010841
109,27,H,10.60428855,13.10226345,13.91283631,1,0.0289273224771,2.48147034645,-0.522058784962,0.828956186771
109,28,O,9.757862,11.0731417,10.62474944,-2,-0.596199810505,0.798725247383,-0.200833380222,-4.11451196671
109,29,H,9.96955536,8.16294615,14.0339536,1,0.0322965607047,1.09585618973,-0.978923618793,0.253742277622
109,30,H,12.8464856,13.19707223,9.23452191,1,0.025143193081,-0.493255198002,0.137327000499,1.40416193008
109,31,H,13.60628398,11.4844346,14.28184314,1,0.0203038528562,2.03885817528,2.3512263298,-1.04419612885
109,32,H,13.8146068,10.6520548,8.67602203,1,0.019600186497,0.208664610982,2.19096136093,-2.78842687607
109,33,H,10.36439568,11.4794056,9.90737795,1,0.0165544301271,-1.66548371315,-1.20592617989,1.54574298859
109,34,O,11.29865531,15.01103267,12.55607987,-2,-0.0394544191658,2.19287133217,2.43152189255,3.52907109261
109,35,H,11.72737251,15.62831208,13.3532586,1,0.0251539368182,-1.72977173328,-1.85689783096,-3.30211758614
110,0,O,13.09176223,9.13051814,12.09199503,-2,-0.0369217842817,-1.07719528675,-1.25217711926,-1.57792758942
110,1,H,12.35343892,12.69833785,9.30261388,1,0.000311978161335,-1.75192523003,0.470235139132,-1.38173091412
110,2,H,8.64684465,13.05508309,13.57848681,1,0.00593080744147,1.46818041801,-0.4483910501,-0.0463690757751
110,3,H,12.63658762,13.45927564,12.39986547,1,-0.0128479152918,-2.24097800255,-0.544962227345,-0.331670463085
110,4,H,12,12,12,1,-0.0560489222407,-0.555181443691,-0.0313593968749,-1.93008387089
110,5,H,13.5075125,14.5099078,11.71949964,1,-0.169138550758,-0.0649807006121,1.50768399239,-1.4118745327
110,6,H,11.64119808,10.11444771,9.06757979,1,0.00386027432978,-2.07904529572,-0.722994148731,-1.65410554409
110,7,O,12.67127551,13.55413244,9.64731591,-2,-0.0408505052328,0.496495842934,-1.85369491577,-0.171895176172
110,8,H,13.30698865,9.59135487,12.84938763,1,-0.00471303798258,2.20517349243,0.757236480713,3.34062433243
110,9,H,14.8057264,11.95754749,10.70460186,1,-0.00394127704203,-0.0651636868715,0.951820492744,0.00492758816108
110,10,H,13.29414566,12.91098387,10.03288383,1,-0.00416766293347,1.25119805336,1.24339723587,1.00916206837
110,11,H,10.92456348,13.22714846,11.25411004,1,-0.0222631003708,-0.31546959281,0.115686170757,-2.59805417061
110,12,H,12.41009244,9.77831938,11.95137003,1,0.00263034924865,-1.22413551807,-0.0959530249238,-1.01312410831
110,13,O,12.43269217,10.37310015,9.4650751,-2,-0.036222666502,0.202984631062,0.432890594006,4.58677053452
110,14,O,14.50032031,11.15422311,11.12403398,-2,-0.034333653748,5.42804479599,-2.56470179558,-1.64957141876
110,15,H,10.12461916,12.08296334,13.30766853,1,0.00260595045984,-4.23278284073,1.76251721382,0.307381272316
110,16,O,13.56461614,13.72285829,12.26369446,-2,0.722291171551,2.32202172279,-0.0927319899201,1.47137796879
110,17,O,9.05690066,12.1994388,13.3484325,-2,-0.0499203614891,2.33537125587,-1.20677065849,-0.16694778204
110,18,H,13.74405074,14.13493015,13.17958255,1,-0.271044373512,0.557586967945,-0.00387629307806,0.478475630283
110,19,H,15.51488899,10.58857176,10.79405595,1,0.00517709553242,-4.99536752701,1.98460972309,1.76684093475
110,20,O,11.36834898,12.73496745,11.9020919,-2,-0.00429011881351,0.668030619621,-0.900740802288,4.72751331329
110,21,H,12.12195746,10.23393124,10.4790504,1,0.00389631837606,1.66718709469,0.492279261351,-3.75975656509
111,0,O,13.04428244,9.30983563,12.20430202,-2,-0.0372478477657,-2.90147542953,0.6196860075,-1.06977009773
111,1,H,12.34921352,12.96223108,9.34910755,1,0.0016966862604,-3.63407969475,-5.02883625031,-4.1454706192
111,2,H,8.51472629,13.14091589,13.71048042,1,0.00382497254759,0.18058398366,2.48428034782,0.867398321629
111,3,H,12.5923906,13.39241406,12.31831613,1,0.0167555212975,-1.64652192593,0.285192608833,-0.507603943348
111,4,H,12,12,12,1,-0.230807229877,-1.88301789761,1.29594278336,-1.09989881516
111,5,H,13.37890507,14.74840187,11.84826034,1,-0.0455632023513,-0.249015212059,0.288923561573,-0.525677084923
111,6,H,11.58968861,10.40518006,9.00534796,1,0.000197915360332,0.486645758152,0.165023937821,-0.100214138627
111,7,O,12.64705234,13.69484054,9.71765065,-2,-0.0436415299773,2.07763171196,4.90700483322,1.92879164219
111,8,H,13.37253025,9.80040195,12.92112903,1,-0.0166720040143,1.77301967144,0.60390496254,1.88162052631
111,9,H,14.83128085,12.21822919,10.72172118,1,-0.00203888118267,-1.36320436001,-2.41292047501,1.87385177612
111,10,H,13.17688091,13.12111448,10.24386332,1,-0.00217627827078,1.59887456894,0.060031387955,1.76771056652
111,11,H,10.83702885,13.61748223,11.47726923,1,-0.0281978528947,-0.151527568698,0.148452937603,-1.89520704746
111,12,H,13.61387965,13.70612614,15.52442517,1,-0.0492034927011,-0.393057644367,0.95595240593,-1.07470500469
111,13,H,12.284049,9.99816472,12.12544876,1,0.000838786363602,1.06813287735,-1.68477749825,-0.297973811626
111,14,H,14.69455476,14.70455747,15.05179985,1,-0.0445052906871,-1.84479594231,-0.458587229252,-0.993185043335
111,15,O,12.37243777,10.6153876,9.54879229,-2,-0.0323133915663,-1.44074130058,-0.359468966722,0.212635934353
111,16,O,14.44603635,11.38255123,11.2706977,-2,-0.0381093621254,7.09342479706,0.123104773462,-3.32384705544
111,17,H,9.86392407,12.17941763,13.41808433,1,0.00416382774711,1.438185215,1.25266683102,0.147220671177
111,18,O,13.52616126,13.94099039,12.34789274,-2,0.587242722511,1.18568980694,1.15250551701,3.18256592751
111,19,O,8.95438191,12.37941143,13.46491278,-2,-0.0438665896654,-1.88721168041,-3.6710703373,-0.98563337326
111,20,H,13.64858197,14.31027532,13.46655523,1,0.031450740993,-0.492981225252,-1.30368471146,-1.56396853924
111,21,O,14.39608209,14.80985226,17.41077332,-2,-0.0398942902684,1.9805457592,-1.60141670704,-1.32300329208
111,22,H,15.51155333,10.73383002,10.98939363,1,0.00424640625715,-5.25431203842,2.56563305855,1.480661273
111,23,O,13.71355776,14.48142428,14.89054947,-2,0.0476737320423,2.14988279343,-0.609934151173,0.0165078546852
111,24,O,11.28807568,12.96532605,12.00767771,-2,-0.029186911881,2.91843414307,-1.98322236538,3.68578982353
111,25,H,14.71276676,15.13083446,16.47357268,1,-0.00556215643883,-0.621008336544,-0.982714891434,3.70994830132
111,26,H,14.86981291,13.91595572,17.66959489,1,-0.0079535106197,-1.08990848064,2.85923242569,-1.08201730251
111,27,H,12.02641677,10.33902226,10.42967318,1,-0.00115146115422,0.901849269867,0.329101532698,-0.766534328461
112,0,H,10.26680998,9.79075962,11.22843276,1,-0.00720167160034,-0.478002935648,-2.93181800842,-3.17355704308
112,1,O,13.1834758,9.30373406,12.38097334,-2,-0.0379097759724,1.38869142532,2.52504491806,3.66550445557
112,2,H,12.35769943,12.80180245,9.27557489,1,0.00213950499892,2.2732064724,3.24883055687,2.90946769714
112,3,H,11.46605963,15.67473516,11.51641225,1,-0.0389309003949,-3.46794509888,-2.03865075111,1.41759753227
112,4,H,8.60404746,13.16800742,13.96152845,1,0.000128442421556,1.76147961617,-0.559201896191,-0.124780975282
112,5,H,12.72145717,13.21147823,12.2911067,1,0.0558852106333,-1.4277215004,2.0286796093,0.671122729778
112,6,H,12,12,12,1,-0.146410554647,-2.68800830841,2.05717229843,-0.497171223164
112,7,H,13.43951945,14.83445316,11.99037173,1,-0.0672722607851,0.574496269226,-1.95217990875,1.33075559139
112,8,H,11.71565928,10.51782995,8.97669813,1,0.00521998293698,1.87174344063,0.403578132391,1.66604804993
112,9,O,12.82400936,13.6540184,9.86357352,-2,-0.0522206947207,-0.695479869843,-3.91354489326,-1.16329061985
112,10,H,13.75040949,9.85562376,13.17666127,1,-0.0144941881299,-2.24888396263,-2.35831308365,-3.45376181602
112,11,H,14.96861223,12.17831155,10.93144313,1,0.00331510882825,-0.699136674404,-0.535442948341,0.711985230446
112,12,H,13.34396185,13.16342638,10.59676835,1,-0.00509167090058,-1.41847491264,0.814690053463,-2.2599196434
112,13,H,10.93603878,13.82045272,11.68395226,1,0.0168816372752,1.43387782574,-1.27417218685,0.914310753345
112,14,H,13.6826337,13.69870657,15.6497356,1,-0.0430155396461,0.174559369683,0.662451922894,-0.419221371412
112,15,H,12.39980326,9.90870884,12.35053793,1,-0.0045836828649,0.754939615726,-0.502870678902,0.0800044611096
112,16,H,10.02960601,14.97771679,11.10056886,1,-0.0125613100827,0.173019438982,0.905480802059,0.666439056396
112,17,H,14.77745111,14.63508731,15.13635709,1,-0.0371578782797,3.97972035408,0.535308778286,0.31562563777
112,18,O,12.50810607,10.67233044,9.70253563,-2,-0.0555356293917,-0.264856100082,2.18049287796,-6.47383022308
112,19,O,14.60959279,11.42250355,11.46829409,-2,-0.0247617959976,4.01030921936,-0.528649330139,-1.24777364731
112,20,H,9.91264845,12.16937559,13.61381598,1,-0.00147909298539,4.45999670029,0.668468773365,0.219348296523
112,21,H,11.12541138,8.76894247,10.32796876,1,0.00504876673222,0.123520538211,-0.377617835999,-0.00341120781377
112,22,H,9.74857781,10.94830489,8.15675862,1,-0.00404832419008,1.12987172604,-1.7166634798,0.155086249113
112,23,O,13.68276514,13.97146022,12.50965029,-2,0.255037426949,-0.473115265369,1.63398182392,1.16926884651
112,24,O,9.04049057,12.35736475,13.64313206,-2,-0.0431607365608,-6.35236883163,-0.0170825440437,-0.138484954834
112,25,O,10.56695277,15.13788197,11.92164084,-2,0.0399787053466,2.32576870918,2.10953688622,-3.09080052376
112,26,H,13.71005045,14.22541287,13.74852731,1,0.0684546008706,-0.199690371752,-0.170273005962,-1.67675244808
112,27,H,9.93034201,9.58702554,9.11084757,1,0.00707580894232,1.09026348591,1.49779891968,-1.77701830864
112,28,H,15.45804913,10.81676385,11.32947004,1,0.0020037330687,-2.90386867523,1.24974167347,0.613670945168
112,29,O,13.88138586,14.51055169,15.12495967,-2,0.117393746972,-4.10680961609,-1.44901287556,-0.835766613483
112,30,O,11.42205095,12.98376053,12.19213469,-2,0.0717244893312,3.49190568924,-3.25939297676,0.692755401134
112,31,O,10.20068553,9.02978348,10.4165479,-2,0.010479465127,-0.082601621747,2.30421447754,4.24350214005
112,32,O,10.32753003,10.12776684,8.26090338,-2,-0.0628106594086,-2.19053053856,0.904729545116,0.551603078842
112,33,H,12.17553708,10.25157953,10.40480397,1,-0.00212023686618,-1.31986367702,-2.14532470703,4.34136915207
113,0,O,11.18815099,9.93935227,15.43827675,-2,-0.00247571617365,-2.74047970772,-2.74991774559,1.39554429054
113,1,H,10.51933501,9.600556,11.26685934,1,0.00682177208364,0.937542676926,0.0821932777762,0.609591782093
113,2,O,13.50773669,9.13938706,12.59489514,-2,-0.0379750132561,4.85455131531,0.173148751259,1.9588047266
113,3,H,12.62567539,12.62454256,9.35735534,1,0.00252232328057,3.17601561546,3.37638401985,4.07831287384
113,4,H,11.60005033,15.68149509,11.81802471,1,-0.0746269077063,-1.95102381706,-1.90627098083,0.255719840527
113,5,H,8.95731665,13.03111417,14.23384557,1,-0.00571459159255,1.42681872845,-1.622179389,-0.742529451847
113,6,H,12.98918929,13.01851427,12.33654986,1,0.0697434991598,-0.687424123287,2.02738881111,1.84213542938
113,7,H,12,12,12,1,-0.0174302980304,-1.06320381165,-1.49077558517,-1.4297721386
113,8,H,9.44550807,10.13598596,12.97881429,1,0.00912063289434,1.35386681557,-0.123178645968,1.34825384617
113,9,H,10.33678415,9.35198774,15.58603996,1,0.0148130152375,2.28015732765,0.701608359814,-1.29616951942
113,10,H,13.704424,14.66312052,12.20911765,1,-0.0620268136263,0.49936747551,-0.553122162819,1.05124592781
113,11,O,9.37651563,11.23265151,9.80603282,-2,-0.0408575385809,-0.106442756951,0.4430963099,4.07045698166
113,12,H,12.10463985,10.48546315,9.09231106,1,0.019499361515,1.39817368984,0.419065982103,3.2454893589
113,13,O,13.17617173,13.42816944,10.03340633,-2,-0.0507316067815,-2.12618803978,-2.40118503571,-2.63040161133
113,14,H,14.19822611,9.62009349,13.26364942,1,0.00173233821988,-2.86926364899,-1.58702969551,-2.53428697586
113,15,H,13.63128395,13.08864139,10.85691013,1,-0.0117402169853,-0.563996374607,-0.514239430428,-2.07071614265
113,16,H,11.30293952,13.75866279,11.95650522,1,0.0364510044456,0.84178006649,-0.219443425536,0.855703294277
113,17,H,12.70912666,9.59634398,12.61394016,1,0.00283965654671,-2.2313439846,1.37668025494,0.706801950932
113,18,H,10.19658337,14.66365978,11.26275606,1,-0.0802789926529,2.11522722244,1.89527094364,2.52227950096
113,19,O,12.81963519,10.56819536,9.86224598,-2,-0.0284581258893,-2.95155858994,-1.53394567966,-0.375708281994
113,20,H,10.34850445,12.04114599,13.85635105,1,-0.000623442232609,-3.6915705204,1.31201791763,0.0738709419966
113,21,H,10.7232972,9.9171069,14.03995947,1,0.0063113886863,-0.376251190901,0.855678617954,0.925441682339
113,22,O,10.36574675,9.82740921,13.17073792,-2,-0.0495733693242,-1.20394730568,-0.444058001041,-3.6618449688
113,23,H,12.74714429,9.9854312,7.98497055,1,0.0115344319493,1.38649010658,-1.57630097866,-1.82127630711
113,24,H,11.59250051,8.56277505,10.30473414,1,0.0214354861528,-5.17670965195,1.44825959206,2.02238273621
113,25,H,11.01121501,10.30256363,16.28656511,1,0.00259439554065,0.901188492775,1.80371153355,1.50292408466
113,26,O,14.01233598,13.83723426,12.70254916,-2,0.161153301597,-0.946779131889,-0.287970811129,1.99690997601
113,27,O,9.28852578,12.16422115,13.84212559,-2,-0.0435529686511,1.98390734196,0.663594007492,0.625245034695
113,28,O,10.88088279,14.96036459,12.11456734,-2,0.144689053297,-1.02969312668,0.307118177414,-3.68776011467
113,29,H,13.92929605,13.9353475,13.90140959,1,-0.17457267642,0.0365142486989,0.0567866787314,-3.62346124649
113,30,O,11.75013037,12.81687073,12.40054031,-2,0.233358860016,1.91539251804,-0.0655234381557,0.896508455276
113,31,H,8.89048944,10.79176377,10.63099392,1,0.00596137344837,1.29570770264,1.26525080204,-2.89537549019
113,32,H,10.00820183,11.84434206,10.32625466,1,0.0022761290893,-1.36151599884,-1.15439510345,-1.3138282299
113,33,O,10.51249618,8.88945949,10.6297188,-2,-0.0481336452067,4.37297391891,-2.80546665192,-2.66693711281
113,34,H,12.74989222,8.50498383,8.10240513,1,0.00937691889703,0.249159038067,-0.314654648304,-0.35982298851
113,35,H,12.46408236,9.89689694,10.56433496,1,0.0116858426481,1.06714200974,1.91476714611,-1.86542034149
113,36,O,13.05547703,9.17615677,7.47691628,-2,-0.0451487675309,-1.0146176815,1.22754275799,0.991666793823
114,0,O,11.61614521,9.8684431,15.69542869,-2,0.0148578882217,-3.23977088928,-0.858820676804,4.27332878113
114,1,H,10.87513262,9.49790381,11.45205652,1,0.00362582597882,1.15093529224,3.75225424767,3.0549788475
114,2,O,13.92283081,9.03256197,12.88965347,-2,-0.0415027737617,-7.40145778656,-3.6767179966,-4.46002864838
114,3,H,13.08909398,12.65407988,9.71047695,1,-0.00900556147099,0.620989322662,-0.55825561285,1.19622468948
114,4,H,11.71639403,15.64592146,12.21340805,1,-0.107510432601,0.765163421631,1.91220545769,-1.0487626791
114,5,H,9.46851141,12.88861257,14.53324886,1,-0.0200266204774,-0.529808878899,0.0119781950489,-0.143421828747
114,6,H,13.229739,12.97677716,12.5637379,1,0.0215129554272,-1.13393414021,-0.579376399517,1.17410612106
114,7,H,12,12,12,1,-0.0489749312401,-0.0379690788686,0.414615750313,0.446265161037
114,8,H,9.77930573,10.0466589,13.27737041,1,-7.37048685551e-05,3.75497770309,-0.712373077869,1.50577700138
114,9,H,10.75094802,9.24722133,15.63295133,1,0.0144440811127,2.71749901772,1.83065843582,0.728673398495
114,10,H,14.07807584,14.52544528,12.55211842,1,-0.0537795051932,-0.499935150146,2.15064239502,-0.182442188263
114,11,O,9.77809526,11.13997347,10.04399962,-2,-0.0417917147279,-0.0838848650455,0.548097789288,4.48318910599
114,12,H,12.60122517,10.51392683,9.41667964,1,0.012259314768,-2.99594378471,0.322406411171,-2.15305638313
114,13,O,13.5968283,13.24909084,10.27289451,-2,-0.0416329167783,-1.32200717926,3.08340859413,-3.71627187729
114,14,H,14.5916698,9.38724284,13.29378659,1,-0.00130574218929,5.16270589828,3.80576586723,3.87204384804
114,15,H,13.9541626,13.05669802,11.08362182,1,-0.0140400268137,1.26830232143,-2.16181588173,1.99001729488
114,16,H,11.81775604,13.66696434,12.35474597,1,0.0208685547113,-0.613154411316,0.934640109539,0.463221788406
114,17,H,12.99979436,9.3985278,12.98438716,1,0.00381478667259,1.94825351238,-0.134356021881,0.508781313896
114,18,H,10.57614929,14.50598239,11.64058208,1,-0.103304445744,1.21989810467,1.57874560356,1.04580581188
114,19,O,13.20153262,10.51816417,10.09521076,-2,-0.0301407426596,1.42140507698,-2.61120629311,4.94162273407
114,20,H,10.67303977,12.03162392,14.19053877,1,-0.0133892502636,-3.14189743996,-0.387775659561,-0.589923679829
114,21,H,11.32391535,9.77158816,14.3391482,1,0.00874692201614,-2.2887775898,1.15307760239,-2.75127243996
114,22,O,10.8011331,9.77657978,13.39014726,-2,-0.0784691125154,-1.3345054388,0.138479620218,-0.1126890257
114,23,H,13.109741,9.69962685,8.3219009,1,0.0102118495852,-0.00692757591605,2.523042202,-0.120385482907
114,24,H,11.9323436,8.46304463,10.44261603,1,0.0208908524364,-4.90631389618,1.7859377861,2.7324025631
114,25,H,11.43716457,10.36187432,16.63008585,1,-0.00459579192102,0.712487220764,-1.52001702785,-3.41220664978
114,26,O,14.41286007,13.75947755,12.97428472,-2,0.0262872055173,0.565438389778,-2.4819188118,0.95812189579
114,27,O,9.621895,12.03041878,14.11446021,-2,-0.0394853167236,3.38005542755,0.710793852806,0.747630119324
114,28,O,11.26814521,14.83972765,12.36440584,-2,0.0957476198673,-2.5259885788,-3.28039813042,-0.558227837086
114,29,H,14.23692353,13.72333616,13.94980341,1,-0.0676262974739,0.0544283017516,0.624772131443,-0.921717762947
114,30,O,12.1674763,12.70673196,12.68216403,-2,0.547431886196,1.95400571823,-1.36500239372,-0.669730007648
114,31,H,9.12101906,10.71588038,10.8389733,1,-0.0011636428535,2.96339654922,2.00195837021,-3.18312096596
114,32,H,10.54679385,11.71248715,10.55315457,1,-0.0100277513266,-3.13443422318,-2.06811141968,-1.50667488575
114,33,O,10.91318157,8.79348719,10.90800912,-2,-0.0491189882159,3.80676221848,-6.80020284653,-5.92209148407
114,34,H,13.26144618,8.44424444,8.36177737,1,0.00790597777814,0.149700343609,-3.33063840866,0.818180143833
114,35,H,12.89718267,9.69311272,10.70510753,1,0.0128880273551,1.24403429031,3.08405566216,-1.87570130825
114,36,O,13.46424271,9.08092771,7.72301719,-2,-0.0445284992456,0.336297154427,0.159400716424,-1.61248087883
115,0,O,12.00736263,9.79498111,15.93155606,-2,0.00058987736702,0.842133939266,0.698049664497,2.07380986214
115,1,H,10.65141424,14.13975111,10.29353895,1,-0.0102837085724,0.317426681519,-1.78392553329,-1.76109516621
115,2,H,11.2528508,9.5517302,11.77078447,1,0.0132489614189,1.51058506966,-3.33100867271,-1.90850758553
115,3,H,13.44783064,12.57877391,10.05151353,1,0.00322799757123,-4.84273910522,-5.31167268753,-2.43283343315
115,4,H,11.84129247,15.68090619,12.52311691,1,0.000677522271872,-0.118895240128,-1.45317471027,-0.855392515659
115,5,H,11.72235088,13.67883684,9.25888755,1,0.00301517173648,0.34446144104,0.0933722555637,-0.236586675048
115,6,O,10.92478362,13.36787727,9.68496851,-2,-0.0352457165718,-1.88495504856,3.12423539162,2.67032337189
115,7,H,9.9347037,12.767889,14.78722568,1,-0.0145042017102,-2.26944375038,0.791563987732,0.194402396679
115,8,H,13.40884589,12.89530969,12.83269946,1,-0.0377134978771,5.53710079193,-0.10841999948,-0.515424013138
115,9,H,12,12,12,1,-0.250891804695,0.710861742496,0.302237689495,0.479884594679
115,10,H,10.29532859,9.93166904,13.62428226,1,0.0056611020118,-1.15199112892,0.500525772572,0.873566448689
115,11,H,11.25628711,9.24713585,15.69660247,1,0.0169358626008,-0.78372824192,-0.254814326763,1.30991208553
115,12,H,7.50689319,11.40588744,12.52117463,1,0.00421425700188,4.64728593826,0.558615267277,-3.83421397209
115,13,O,10.15394158,11.05553096,10.27051172,-2,0.0422893762589,-3.87270855904,-1.06202304363,-0.750110208988
115,14,H,12.18932326,11.54343562,8.57106153,1,0.017452577129,-1.71785390377,-0.0377457328141,0.0256642419845
115,15,H,12.92177517,10.5398046,9.61961949,1,0.0101572088897,-0.957217872143,-0.915951788425,-0.557408988476
115,16,H,11.36222454,17.54002768,13.22363551,1,0.00241563282907,-0.170221716166,-0.160755470395,-0.818072795868
115,17,H,8.3449731,11.4349533,10.85456136,1,0.0161436200142,-1.61543607712,1.11915278435,2.29869937897
115,18,O,13.98931433,13.08589268,10.47905778,-2,-0.0454886704683,5.77571773529,7.15189266205,3.29553365707
115,19,H,14.29019269,12.93628866,11.3764017,1,-0.0132778435946,-0.241029977798,-1.12228083611,-0.953352630138
115,20,H,13.23599984,12.16638273,8.24464194,1,0.0113982819021,7.66222763062,-0.654659628868,-1.434461236
115,21,H,12.29582096,13.5412864,12.76060265,1,0.0158379897475,-1.68103730679,0.911242127419,0.149618417025
115,22,H,10.99874241,14.43536825,12.04763926,1,-0.00902864709496,-5.37287807465,-1.85378849506,-4.61987829208
115,23,O,8.49832242,11.55190667,11.85544403,-2,-0.0208095982671,-5.2346868515,-0.589613199234,2.0859131813
115,24,O,13.56198112,10.46625392,10.3131907,-2,-0.0450554862618,1.91900730133,1.87266278267,0.252172589302
115,25,H,10.82723986,11.99323114,14.47955814,1,-9.76771116257e-05,5.18088388443,-1.76037442684,-0.508891940117
115,26,H,11.78391055,9.71625515,14.49501536,1,0.0147856548429,-2.15325164795,1.17000198364,-3.86441087723
115,27,O,11.20841718,9.72923453,13.57295169,-2,-0.0589309334755,3.39447450638,-0.98331785202,1.3244484663
115,28,O,11.30968672,16.96161262,13.97401873,-2,-0.0429794900119,0.0393143594265,-1.72366797924,1.40596747398
115,29,H,12.04693899,8.44077155,10.67892676,1,0.00979347340763,2.36786198616,-0.0238999649882,-1.17123413086
115,30,H,11.85136871,10.33408917,16.75912316,1,0.00740490294993,-0.131277635694,-1.08427596092,-1.58172333241
115,31,H,11.01538175,10.70414426,8.54664387,1,0.0149064064026,-0.0877802148461,-0.910803496838,-1.47890722752
115,32,O,9.94107615,11.90527277,14.35590367,-2,-0.0365537516773,-3.12108492851,1.29773509502,0.56925880909
115,33,O,12.41292422,12.44123225,8.28819867,-2,-0.031354278326,-4.15851545334,0.370660334826,-0.397724330425
115,34,O,11.62099604,14.71644633,12.57759525,-2,0.0381690636277,5.26055049896,3.70150399208,4.56849145889
115,35,H,10.78478209,10.09535049,9.69154951,1,0.0120157897472,0.742617964745,-1.59867763519,-0.2119910568
115,36,O,12.56228283,12.59919455,12.92755735,-2,0.582380354404,-4.0015745163,-2.14962553978,0.986464738846
115,37,H,9.46071957,10.75857497,10.88719199,1,0.0207700245082,1.97795450687,-0.26300483942,0.648807525635
115,38,H,10.88253632,11.49131473,10.63695898,1,-0.0095386505127,1.45010209084,1.70225679874,1.74177765846
115,39,O,11.29687164,8.68105945,11.13895246,-2,-0.0551629066467,-3.81701087952,2.20932102203,3.61619734764
115,40,O,11.40525408,9.8790057,8.89155089,-2,-0.159812986851,0.34176325798,0.736841201782,-1.77651429176
115,41,H,13.38387581,9.6467055,10.70694564,1,0.00928966328502,-0.353602349758,-1.6450445652,0.874598920345
115,42,H,11.22371968,15.96945067,13.82510675,1,0.00394905731082,-0.283406049013,2.47059893608,0.223139986396
116,0,O,12.30904964,9.65158387,16.05199145,-2,-0.0215847492218,4.01000547409,-2.53064084053,-3.48870396614
116,1,H,10.97099425,13.97469013,10.35295829,1,0.00274311006069,-1.50644671917,-1.12362682819,-0.466505080462
116,2,H,11.60390825,9.37914514,11.90447835,1,0.0149692893028,0.87181019783,-3.44790816307,-2.23495697975
116,3,H,6.1423625,10.93092702,10.51737974,1,0.0120040215552,-0.474755644798,-1.03783583641,0.50708091259
116,4,H,13.49679846,12.19418145,10.17180354,1,0.0200905427337,3.44658994675,2.95661377907,2.73102211952
116,5,H,11.88900219,15.62007695,12.67327483,1,0.0181894190609,0.322718262672,-3.82007837296,-0.505739450455
116,6,H,12.04958271,13.68837701,9.57148642,1,0.0243777409196,-2.7632060051,-3.41056776047,-1.04160678387
116,7,O,11.15812042,13.20592803,9.7739721,-2,-0.104313731194,0.506596267223,1.17121183872,1.96356534958
116,8,H,10.19905872,12.63397994,14.93121751,1,-0.000917498022318,-2.03560566902,-1.31035029888,-0.835642576218
116,9,H,13.78109366,12.70342464,12.97004585,1,0.00997568666935,0.422395408154,-1.19212627411,-0.257319271564
116,10,H,12,12,12,1,-0.253659188747,0.666622698307,0.142988979816,0.283398091793
116,11,H,10.66413615,9.78397304,13.91697598,1,0.01394957304,-1.81399667263,0.4721557796,0.178054243326
116,12,H,11.59624585,9.16285778,15.73873657,1,0.0176088660955,-2.28457093239,-1.40005755424,0.30399620533
116,13,H,7.96932825,11.20552357,12.39126541,1,0.0160774886608,-0.303531646729,0.29588881135,1.40348541737
116,14,O,10.4306666,10.90244919,10.37954892,-2,0.163045793772,-0.30308881402,-0.190704584122,-4.62123632431
116,15,H,12.50078616,11.40256809,8.77495145,1,0.01886850968,-2.14198279381,-0.106641538441,-0.33251696825
116,16,H,13.07661909,10.46347225,9.68088388,1,0.0170961245894,1.77622246742,-2.08959937096,2.30003643036
116,17,H,11.55839202,17.61909587,13.5039257,1,0.00843991339207,-0.293469965458,-3.4332754612,1.02777314186
116,18,H,8.57518109,11.0922663,10.94753002,1,0.0328821092844,-0.62223649025,1.72717881203,3.21181893349
116,19,O,14.2984337,12.87543031,10.58298623,-2,-0.0665122568607,-2.05608558655,-1.07617640495,0.497707188129
116,20,H,14.5183194,12.69253304,11.5652517,1,0.00442059710622,-0.681728184223,-0.340454161167,-3.23399829865
116,21,H,13.69339467,11.85168229,8.45254242,1,0.0189315676689,-1.96629798412,2.49943137169,-1.27836871147
116,22,H,12.5758221,13.3860486,13.06448676,1,0.0129284262657,-0.851977348328,-0.584310472012,0.028792925179
116,23,O,6.27356835,10.2087761,11.18267508,-2,-0.0429129749537,0.910196363926,1.78019475937,-0.628720939159
116,24,H,11.10020233,14.24307278,12.15671641,1,0.0142493210733,0.952994763851,0.109243035316,0.715356111526
116,25,O,8.79603587,11.35238731,11.95441689,-2,-0.015971377492,-1.0994155407,-0.357597202063,-3.0697016716
116,26,O,13.83330745,10.35562619,10.41880655,-2,-0.0497697629035,-1.2416523695,1.29965877533,-1.90376102924
116,27,H,11.12084891,11.7863935,14.63752786,1,0.00920970365405,0.558106422424,-1.80030870438,-1.02115380764
116,28,H,12.04432822,9.67291155,14.41203938,1,0.0141499917954,1.70179784298,0.650800824165,0.800094604492
116,29,O,11.53496845,9.61166258,13.63728713,-2,-0.0321480929852,0.155498296022,-0.750070989132,-2.18018102646
116,30,O,11.52034348,16.7809611,14.10099445,-2,-0.037420168519,0.440591424704,4.48595190048,0.50763875246
116,31,H,12.26543423,8.3417934,10.71765385,1,0.0127370040864,2.72571587563,-0.0115560656413,-2.07114720345
116,32,H,12.73047319,14.71969236,10.29797953,1,0.0179887451231,0.707014799118,0.176748201251,-0.68967550993
116,33,H,12.12449372,10.19006703,16.71453285,1,0.00959038734436,-1.74203705788,3.54200148582,4.62380552292
116,34,H,7.10776559,10.56532154,11.5644809,1,0.0144641883671,-1.53516757488,-1.36305499077,-0.448166102171
116,35,H,11.29464155,10.58104316,8.47190571,1,0.0206548441201,0.894208848476,-3.03102350235,0.15898385644
116,36,O,10.16148535,11.7199284,14.48121464,-2,-0.0364755652845,1.32640612125,3.45521712303,2.06744837761
116,37,O,12.70738811,12.2701502,8.41328378,-2,-0.0393155142665,5.53917980194,-2.42170786858,-0.346723973751
116,38,O,11.89281529,14.53524178,12.68481912,-2,0.0181248411536,-1.65280604362,4.5592880249,-1.07145178318
116,39,H,11.02910817,10.09401118,9.79732771,1,0.015713095665,0.85701084137,-2.42616987228,-1.35297477245
116,40,O,12.84719988,12.4140302,13.05354449,-2,0.393716782331,0.31953060627,0.435749173164,1.17347669601
116,41,H,9.73535146,10.72190776,10.88573515,1,0.0269461125135,-1.60232114792,-1.48971474171,4.01585578918
116,42,H,12.16717518,16.00449438,9.80442349,1,0.00927092507482,0.189633175731,-2.0437078476,-1.57466804981
116,43,H,11.18860565,11.30586202,10.6648976,1,0.0142860412598,2.21886706352,2.75167274475,2.25137472153
116,44,O,11.57035612,8.50832848,11.26757676,-2,-0.0600282400846,-3.62908649445,2.42333984375,4.58011960983
116,45,O,11.6803793,9.74872596,8.97738047,-2,-0.293256223202,-0.52276456356,2.97064471245,-2.4800992012
116,46,H,13.77726088,9.44059332,10.64323287,1,0.0135609898716,-0.113314963877,-0.918951690197,0.201206192374
116,47,H,11.46396027,15.85317662,13.97086482,1,0.00992844253778,-0.483325600624,-0.633556723595,-0.64784258604
116,48,O,12.28826891,15.03621192,9.46998517,-2,0.0130951106548,2.2012565136,6.43586826324,2.25079703331
117,0,H,11.15292219,13.75693562,10.36394083,1,0.0125041026622,-3.03425383568,1.87490463257,1.86513364315
117,1,H,11.9718024,9.03527654,11.93292647,1,0.0132483132184,1.09237015247,2.77530503273,1.82832241058
117,2,H,6.27654508,10.66277279,10.61995396,1,0.0140698775649,-1.08498215675,1.42522263527,-1.85348582268
117,3,H,13.68778019,11.93398985,10.40262919,1,0.0253285095096,3.84662294388,3.03470563889,1.10432136059
117,4,H,11.93549221,15.37790427,12.77813863,1,0.0200980827212,1.02675747871,-2.37296271324,-0.503687798977
117,5,H,12.20970258,13.53069913,9.81095618,1,0.0221304222941,-0.438955694437,-3.00089478493,-1.80424416065
117,6,O,11.36854435,13.03365585,9.85111171,-2,-0.0682107955217,0.941780745983,-2.76992607117,-0.591009199619
117,7,H,10.34077259,12.44868565,15.01521457,1,0.0107728540897,-0.793084979057,-1.52722096443,-0.77300876379
117,8,H,14.21897148,12.44177198,13.06536213,1,0.0314549356699,-3.47720146179,-0.390005201101,0.0804536193609
117,9,H,12,12,12,1,-0.204532012343,0.972042679787,-0.0352082401514,0.687195301056
117,10,H,8.28126124,11.05043012,12.37307869,1,0.0239157807082,-5.43085479736,-0.00497074052691,5.41377782822
117,11,H,15.06283502,14.3605993,13.26122161,1,0.0160874053836,0.40164411068,-2.09437608719,0.227960139513
117,12,O,10.67913365,10.73769892,10.45335207,-2,0.0676525533199,-0.316423743963,1.80601286888,2.00428414345
117,13,H,11.74425627,17.53980039,13.79619583,1,0.0165256336331,-0.2065679878,-3.7703127861,0.332202017307
117,14,H,8.74529627,10.80602765,11.18125039,1,0.0391735211015,-0.420134693384,0.512734651566,-1.43120205402
117,15,O,14.56501932,12.64937108,10.67173448,-2,-0.0506632626057,-3.9888188839,-2.89763498306,-1.56937611103
117,16,H,14.67405791,12.42418879,11.60050069,1,0.0114928781986,0.150990962982,0.00182651402429,-0.498728305101
117,17,H,12.76203637,13.18551116,13.35070411,1,0.0157466381788,0.815136373043,-2.67524218559,-0.571075320244
117,18,O,6.52076666,10.03306965,11.25054239,-2,-0.0391858182847,2.30795383453,-0.300639599562,2.20314979553
117,19,H,11.1788653,14.0438936,12.25287726,1,0.028295757249,3.97530055046,0.473114341497,2.21172881126
117,20,O,9.06799256,11.14139146,12.01913406,-2,0.010926194489,3.13262629509,1.24933648109,-1.64749753475
117,21,H,11.44367628,11.47047632,14.74027374,1,0.0138383265585,-4.01826572418,-0.476176172495,-1.10104858875
117,22,O,11.70013911,16.59852607,14.20251703,-2,-0.03735839203,0.276180922985,7.31153106689,1.57404112816
117,23,H,12.65912196,8.21708472,10.64278397,1,0.0221690181643,-4.08273410797,1.05239117146,3.39022111893
117,24,H,13.01828306,14.53319771,10.29176065,1,0.0229613296688,1.71890497208,-0.495180547237,0.762011885643
117,25,H,7.31532719,10.49804059,11.64987924,1,0.0215082243085,-2.7064204216,-1.68373525143,-0.833385825157
117,26,H,11.58934727,10.28428176,8.40107698,1,0.0143504962325,0.713290095329,-0.688012003899,-0.0706557333469
117,27,O,15.30387155,13.38007234,13.38844096,-2,0.022840410471,-1.81862139702,0.798284232616,4.29214429855
117,28,O,10.35647524,11.53502547,14.58801699,-2,-0.0392832420766,4.84516763687,2.0539021492,1.87085580826
117,29,O,12.1307472,14.35741756,12.76691924,-2,0.00211022049189,-5.5051112175,3.09811282158,-2.81751132011
117,30,H,14.80777209,13.11016589,14.37646772,1,0.025400582701,2.36778903008,1.48003983498,-3.7973959446
117,31,H,11.27490152,9.95159576,9.80815634,1,0.00566297024488,0.973527848721,-1.80740094185,-1.22251141071
117,32,O,13.09748077,12.21560626,13.16001671,-2,0.104069471359,1.48935854435,1.20488941669,0.542513370514
117,33,H,9.88998471,10.59251195,11.05925823,1,0.0323570072651,4.94354724884,-0.292983919382,-0.877504825592
117,34,H,12.43445864,15.65776478,9.85174282,1,0.0133424773812,-1.07409715652,11.6170196533,2.85260939598
117,35,H,11.56427951,11.24901212,10.78257427,1,0.0259333364666,-3.46620607376,-0.867879986763,-0.146255224943
117,36,O,11.79739854,8.33165109,11.38860333,-2,-0.0424322262406,2.93694448471,-4.12508392334,-4.8468914032
117,37,O,11.91985712,9.61719382,9.03575566,-2,-0.24664247036,0.669980168343,0.0562587529421,-1.7643147707
117,38,H,11.67362892,15.70879976,14.0861378,1,0.014958249405,-0.285970658064,-3.1566286087,-0.908569514751
117,39,O,12.48432216,14.87713482,9.58574902,-2,0.0073825865984,2.55076241493,-6.39308404922,-3.61359786987
118,0,H,11.10462875,13.61315514,10.40949339,1,0.0410550609231,-0.455815881491,-1.67478346825,-1.19151079655
118,1,O,9.25840175,14.58869553,7.83742633,-2,-0.121023312211,-1.90234851837,0.448987811804,-1.05211019516
118,2,H,6.2672373,10.46653757,10.60180473,1,0.028537273407,1.39732301235,-1.34626555443,1.8658618927
118,3,H,14.0509112,11.85116022,10.66648579,1,0.021465703845,-3.42878293991,-2.3861386776,-2.57634687424
118,4,H,2.05915454,14.33454389,11.7375306,1,0.0278380159289,1.18338871002,1.99617362022,-0.601595699787
118,5,H,7.38476714,12.53320865,9.67029766,1,0.0293376855552,0.140049129725,-0.716415524483,0.376122564077
118,6,H,11.99108265,15.04290532,12.81643777,1,0.0314133241773,0.128146708012,4.06322193146,-0.191542670131
118,7,H,12.3296779,13.24021608,9.90927579,1,0.0337955057621,5.74442195892,1.7868822813,-0.802439808846
118,8,O,11.53163853,12.8496424,9.89100697,-2,0.0364681184292,-2.38850402832,1.78269445896,2.84365296364
118,9,H,10.40588994,12.21344931,15.02747574,1,0.0235192701221,-0.123932793736,0.959729492664,0.656035840511
118,10,H,14.41347221,12.12929839,13.12198697,1,0.0396939963102,-4.62293386459,-0.150492846966,0.754715919495
118,11,H,12,12,12,1,0.348254114389,0.821530640125,-0.902914404869,0.291739672422
118,12,H,8.29039961,10.92338832,12.58223639,1,0.0539575889707,4.86815977097,0.529260575771,-0.738409996033
118,13,O,10.88186761,10.57415818,10.48958818,-2,-0.0406723618507,1.39716792107,2.56498551369,3.71090388298
118,14,H,11.91221765,17.31935526,14.03975217,1,0.0290532726794,0.389875978231,1.10236430168,-1.44690704346
118,15,H,8.84987133,10.52424962,11.31045957,1,0.0423183515668,-0.900880217552,-0.333438962698,-2.025380373
118,16,H,8.31280115,14.49867289,7.45702103,1,0.0326037593186,2.15715622902,0.331245243549,0.940118908882
118,17,O,14.761956,12.41303765,10.71938727,-2,-0.0355759784579,1.50824213028,2.15133452415,-1.5325602293
118,18,H,14.79718088,12.13177176,11.58733118,1,0.019074883312,1.99510860443,0.0869485288858,3.30396723747
118,19,H,8.80798534,11.83912742,9.09239602,1,0.0319269895554,1.47278153896,0.606032848358,0.56427693367
118,20,O,5.84952527,13.48392748,8.02341739,-2,-0.115865074098,0.364017635584,-1.73846030235,2.45251607895
118,21,H,12.92989836,12.84951559,13.57134383,1,0.0230066552758,0.675517499447,0.286813229322,-0.0243682563305
118,22,H,8.15685091,14.4512115,9.72362024,1,0.022574454546,-4.17730474472,0.221468791366,0.505987048149
118,23,O,6.72041912,9.85102196,11.28685431,-2,-0.0442757382989,-4.24203681946,-1.78342378139,-2.98941016197
118,24,H,4.17466128,15.12297924,10.9870343,1,0.0272151306272,2.72066235542,1.09797024727,0.245957374573
118,25,H,11.40819071,13.87608561,12.42508182,1,0.03063775599,1.3925447464,-0.449847966433,0.725498199463
118,26,H,10.57781651,12.82715329,8.89320229,1,0.0490449853241,-3.6783080101,-2.85631918907,0.173864364624
118,27,O,9.29878749,10.9297196,12.03663305,-2,0.0162414312363,-6.722407341,1.01177716255,4.84219741821
118,28,H,8.34008043,11.3024073,6.36618485,1,0.030471753329,-1.16440212727,-0.432681947947,0.991223931313
118,29,H,11.51916356,11.12841026,14.76568543,1,0.020078741014,-2.80308532715,0.580002188683,-0.123503819108
118,30,O,7.09938531,14.48497981,9.98547461,-2,-0.659596204758,4.7770113945,-0.573663115501,-1.56777405739
118,31,H,5.6343469,14.96717995,10.87918583,1,0.0212112292647,1.49056994915,-0.0265641957521,-0.38824981451
118,32,H,8.59899997,11.53769049,7.77740438,1,0.0246109627187,0.539421498775,0.398352384567,0.086072832346
118,33,O,2.56650452,15.17329412,11.94035754,-2,-0.0319729521871,-1.11159181595,-1.24649596214,1.08572912216
118,34,O,11.82819634,16.42638873,14.26225859,-2,-0.0399046242237,-0.752565979958,-3.77032995224,2.0556306839
118,35,H,7.34506224,10.36818477,11.66067967,1,0.0253456197679,1.89399492741,2.48317861557,1.29689204693
118,36,H,11.83729619,9.9255465,8.27648696,1,0.0308447629213,-0.53485172987,0.69057816267,-1.52659595013
118,37,O,10.51634665,11.35332738,14.65642816,-2,-0.031120531261,3.06860661507,-1.4457154274,-0.532161653042
118,38,H,2.94272636,15.71967318,11.23921345,1,0.0311989746988,-1.1951007843,-0.390671342611,-0.25846979022
118,39,O,12.29876979,14.18284517,12.7971896,-2,-0.0133386403322,-2.22679758072,-2.68036317825,-1.3811634779
118,40,O,7.90338799,11.17607086,7.25781522,-2,-0.0409908443689,0.701210260391,-0.698779881001,-4.35593080521
118,41,H,9.38335557,13.70451329,8.32895668,1,0.00614282116294,-1.07369661331,1.24971675873,-1.05646467209
118,42,H,11.46497738,9.72165175,9.74941332,1,0.00835275650024,0.302483439445,-0.600763559341,-0.703245997429
118,43,H,5.98858157,13.6087477,10.43882395,1,0.0201011672616,0.342406451702,-0.592436492443,2.53824067116
118,44,H,6.30512104,13.67159058,9.05415498,1,0.0184132419527,-0.208462864161,1.19201338291,-3.43132662773
118,45,H,5.6671298,12.49973548,8.02599137,1,0.0314183495939,-0.327156931162,1.88378834724,-0.822129786015
118,46,O,13.30155741,12.01570289,13.22439865,-2,0.115640155971,3.07978224754,-0.886121332645,-0.618120729923
118,47,H,6.47149652,11.63468281,8.77505365,1,0.05433293432,4.48214292526,-0.705677807331,2.08289361
118,48,H,10.16609588,10.43621271,11.19563597,1,0.0286421775818,3.07346248627,-0.0921382680535,-0.88544857502
118,49,O,5.67918068,13.1926894,11.31529512,-2,-0.0923322290182,-1.45612955093,-2.81906151772,-1.26716899872
118,50,H,11.71329309,11.14551688,10.87667124,1,0.0434371605515,-3.05655670166,-2.15904402733,-1.22516477108
118,51,O,12.10759341,9.48167931,9.04842296,-2,-0.140408456326,2.46430873871,-2.12412977219,-0.428780853748
118,52,O,7.41291665,11.57151231,9.37904299,-2,-0.0222631022334,-4.72501373291,1.48770046234,0.220151498914
118,53,O,5.03851422,15.67392597,10.99105277,-2,-0.0676831901073,-3.82496523857,0.517006635666,0.123467490077
118,54,O,9.52699848,12.55197936,8.95684383,-2,-0.100887089968,1.73421955109,0.117387525737,-0.056062463671
118,55,H,11.84090681,15.44114117,14.13786743,1,0.0223858691752,0.262945979834,2.91738009453,0.333260148764
118,56,H,5.92513169,13.71604965,12.04815684,1,0.0262483581901,0.53499019146,1.03804636002,0.73343783617
119,0,H,11.00623979,13.39955508,10.3683381,1,0.0431630797684,2.89236307144,-2.01455903053,-0.584070324898
119,1,O,9.40083614,14.45044159,7.8385266,-2,-0.216867119074,-1.18579912186,-1.21792662144,0.400929927826
119,2,H,14.18344301,11.65984051,10.79627614,1,0.018660409376,-3.86538434029,-2.00238537788,-2.13661289215
119,3,H,12.03139125,14.89669875,12.78670375,1,0.0237738788128,1.00230407715,1.11540842056,-0.4584890306
119,4,H,12.58133856,12.98541139,9.90424262,1,0.0337264724076,-1.05073642731,0.193737477064,0.0287913605571
119,5,O,11.63943442,12.66988269,9.90335402,-2,0.0792863667011,1.018242836,4.30180692673,2.05726075172
119,6,H,9.85495301,14.26212576,4.63602843,1,0.0184677615762,0.107923313975,0.458057641983,1.08137023449
119,7,H,14.35217511,11.81456993,13.16416299,1,0.0235063005239,4.74600219727,0.603227972984,0.427917450666
119,8,H,12,12,12,1,-0.0886719226837,0.065626591444,-0.529555439949,-0.183419018984
119,9,H,8.46872866,10.86609126,12.76149116,1,0.0369512476027,4.73576116562,-0.548535168171,-2.87158560753
119,10,O,11.04740923,10.42239777,10.49498324,-2,-0.0307643413544,-1.35782754421,-0.8907777071,-1.24661397934
119,11,H,12.11640887,17.18220388,14.15786844,1,0.0212748534977,0.720090806484,-1.43253493309,-0.55874568224
119,12,H,8.92677343,10.22915249,11.31037808,1,0.028431404382,1.25135207176,1.19616377354,1.55646574497
119,13,H,8.47715825,14.24058409,7.51898474,1,0.023624567315,0.982152223587,0.509955942631,1.18995547295
119,14,O,14.91964016,12.19530808,10.72900254,-2,-0.0402890965343,2.01074838638,0.164509490132,3.06563830376
119,15,H,14.99396148,11.84000902,11.6845732,1,0.0212917663157,1.89943313599,1.78041577339,-1.6161788702
119,16,H,9.03124907,11.69625771,9.24812672,1,0.0326437205076,1.73677539825,0.861815989017,0.806104779243
119,17,H,13.09470672,12.49517261,13.75050876,1,0.0199360437691,-0.0397579967976,1.90349638462,1.16030657291
119,18,H,11.64456493,13.64411068,12.57400719,1,0.0156458839774,-4.80090475082,-3.93411827087,-1.45335769653
119,19,H,10.62412571,12.77534288,9.15741255,1,0.0555531233549,-0.423070997,-3.05726528168,-0.205795362592
119,20,O,9.46563159,10.7277877,12.03108118,-2,0.00791063159704,-8.70458126068,-0.0671133249998,3.12402820587
119,21,H,8.45760208,10.97888182,6.30390966,1,0.0227229632437,-1.13935744762,0.367043167353,3.34574723244
119,22,H,8.6463135,11.49413916,7.81512473,1,0.0142572149634,1.04988312721,0.728146493435,-0.584876835346
119,23,H,9.21104529,14.30667217,6.23770795,1,0.0128617212176,1.89721667767,0.372429788113,-1.13503777981
119,24,O,11.91106206,16.24830621,14.28671472,-2,-0.0404899269342,-1.84661245346,0.556659281254,1.16000068188
119,25,O,9.19340884,14.02630209,5.29351457,-2,-0.0602553635836,-1.31028032303,-0.96742272377,-0.901112258434
119,26,H,12.01567967,9.59684917,8.06878711,1,0.0194043833762,0.169876694679,-0.624106526375,2.48038363457
119,27,O,12.41775714,14.01078199,12.78610779,-2,-0.024926379323,3.35104250908,3.70777535439,1.28362882137
119,28,O,8.05251767,11.00741128,7.27255694,-2,-0.0467333234847,-0.135595560074,-1.19055151939,-3.6750535965
119,29,H,9.59509196,13.48127692,8.38127484,1,0.0203217640519,-1.87058699131,2.66065573692,-2.03348493576
119,30,H,11.55085025,9.49376943,9.68989715,1,0.0102470554411,0.384327620268,0.0370589718223,-1.1947170496
119,31,O,13.47047741,11.81769818,13.24844784,-2,0.00571569800377,-4.46259355545,-3.21925735474,-0.698609471321
119,32,H,10.56034749,10.2696294,11.25549602,1,0.021499723196,-1.15047824383,-1.36809098721,1.96468782425
119,33,H,11.65377091,10.96971535,10.91460535,1,0.0180678833276,2.6739358902,2.07918930054,0.62561404705
119,34,O,12.25931547,9.34466323,9.01999287,-2,-0.115862905979,1.5873734951,-1.00673210621,-3.82982254028
119,35,O,9.66285519,12.39839333,8.98947739,-2,-0.00389830768108,-2.13560700417,-0.590084254742,-0.57096606493
119,36,H,12.00446805,15.29931611,14.16440047,1,0.0198127739131,1.19674253464,1.06341660023,0.179717302322
120,0,H,14.06234227,12.98841558,9.82387302,1,0.0332570448518,1.33484208584,1.04216134548,0.0805141925812
120,1,H,10.2999977,14.1648548,12.77566692,1,0.0437209643424,-0.836199820042,2.57903885841,-1.55256462097
120,2,O,10.11455812,11.28146014,12.89848303,-2,0.00140800327063,-2.10309362411,0.616010010242,2.62569618225
120,3,H,12.82276709,13.17878755,9.54170127,1,0.0246508680284,-1.98844993114,0.676929235458,-0.699534535408
120,4,O,13.54263175,13.79639742,9.62177083,-2,-0.0429151505232,0.822904467583,-1.78141844273,0.526684820652
120,5,H,12.63564287,12.99370009,14.88497743,1,0.0377027615905,-0.620453596115,-1.63993990421,-1.69832909107
120,6,H,12.00033869,12.38209287,11.16520304,1,0.100621700287,-2.08371543884,0.944426059723,-1.99448239803
120,7,H,11.24671662,10.40627576,12.66643816,1,0.0170133039355,0.864673852921,-2.04911518097,-0.211790591478
120,8,O,11.80377764,9.5661993,12.58213266,-2,-0.0759845525026,1.08474087715,0.565053880215,-1.83818566799
120,9,H,10.26910432,12.49891657,10.6596205,1,0.0471383556724,-3.72458076477,-0.966914415359,1.97408568859
120,10,O,13.06467095,10.59083201,9.61314961,-2,-0.0268800631166,0.0675614252687,0.427882164717,3.05717968941
120,11,H,12,12,12,1,0.0506211519241,0.462235540152,-0.285969346762,0.346791833639
120,12,O,11.03406596,12.67095885,10.21712504,-2,-0.437906563282,5.30140781403,0.151684761047,-0.192911982536
120,13,H,10.61481885,11.97834673,12.54973422,1,0.029802955687,1.42208576202,1.67437195778,-2.10200214386
120,14,H,13.09869957,12.57670677,13.51521616,1,0.0420282669365,-0.470546036959,-0.41234394908,0.304348647594
120,15,H,10.2466999,11.61275858,13.82571397,1,0.0446703657508,-0.544553458691,-1.43633615971,-0.266634434462
120,16,H,10.57619643,13.39480572,13.68312864,1,0.0498495139182,-0.30469968915,3.62707018852,2.74490094185
120,17,O,12.48949941,15.11798218,14.29459219,-2,-0.170543372631,-0.158657118678,-0.279176414013,-2.21367263794
120,18,O,12.46778228,12.24099069,14.19158666,-2,-0.0175538137555,0.841586410999,2.28869581223,1.13969898224
120,19,H,11.46396973,14.97598483,13.9042867,1,0.0253440663218,2.57608008385,0.549447178841,1.93802440166
120,20,H,12.150487,10.72402821,9.99386075,1,0.0318987928331,1.22811460495,-0.20166285336,-2.47627019882
120,21,H,13.43835214,10.48434952,8.74478658,1,0.0439281016588,-1.39787948132,-0.00144774094224,-0.642796754837
120,22,H,12.27463663,9.57461565,11.6918133,1,0.0376616716385,-0.810764610767,-0.0704167708755,1.77904474735
120,23,O,10.30019851,14.49404351,13.69796348,-2,0.070921599865,-0.593281507492,-6.39644670486,-1.96553480625
120,24,H,12.60578432,15.15937971,15.22173469,1,0.0395440533757,-0.369375050068,0.378380089998,1.33772659302
121,0,H,14.20797036,13.1175404,9.93744146,1,0.0317330956459,-3.73527169228,2.35693645477,-1.29150259495
121,1,H,16.00955448,12.39383566,9.54135597,1,0.0320794321597,-1.77605104446,-6.4689412117,-4.70946931839
121,2,H,10.43535845,14.26101508,12.83898204,1,0.0435764975846,-0.943448364735,1.99501168728,0.527092754841
121,3,O,10.05363174,11.34143378,13.05150568,-2,-0.000741980969906,-0.985198259354,2.96308064461,0.548189640045
121,4,H,12.73761742,13.2199487,9.52149006,1,0.0285976752639,-0.774265885353,-0.149920046329,-0.256497323513
121,5,O,13.43520118,13.83468176,9.7389077,-2,-0.040307097137,3.05669212341,-2.37115311623,0.905832886696
121,6,H,12.39364822,13.05851285,15.16666796,1,0.0437341369689,0.925846159458,-2.11190295219,-4.10040998459
121,7,H,11.93132773,12.39287382,11.32814446,1,0.0722455382347,-1.84733808041,1.28949022293,-2.18896222115
121,8,H,11.06379402,10.29878441,12.81734384,1,0.0190063044429,-0.0751845240593,0.268340110779,-0.44041082263
121,9,H,14.71470153,10.36465961,10.98448938,1,0.0346723645926,0.145518660545,0.44758194685,2.49690127373
121,10,O,11.73617068,9.62315301,12.71037146,-2,-0.0629627928138,1.3267056942,-1.60129547119,0.207885280252
121,11,H,10.01459586,12.51743772,10.80887945,1,0.0576376840472,2.43854117393,0.425883322954,-1.37152397633
121,12,O,12.93573637,10.62801266,9.75404243,-2,-0.0237226113677,0.180254757404,0.164085179567,1.05424523354
121,13,O,16.27139481,13.05985342,10.01228322,-2,-0.0367275997996,-1.38999164104,7.35362529755,5.42766857147
121,14,H,15.31742915,13.43332577,10.31842149,1,0.0347741469741,4.82263994217,-0.221079751849,-0.49973538518
121,15,H,12,12,12,1,0.0622848160565,0.75691729784,-0.859069228172,1.27130675316
121,16,O,10.9277495,12.74793291,10.35920528,-2,-0.529981851578,-1.30497407913,-1.04725182056,2.5499060154
121,17,H,10.43484984,12.15970427,12.66777901,1,0.0328427776694,0.0200258810073,-1.02478444576,-0.922178268433
121,18,H,13.00824845,12.47867258,13.45689786,1,0.0410127714276,-1.94168329239,0.0632794722915,4.01610946655
121,19,H,14.68086062,11.75574866,11.00205479,1,0.0283591337502,0.586906433105,-1.49203717709,3.19816446304
121,20,O,14.84680195,11.03563736,11.75423068,-2,-0.0347423776984,-0.953629493713,0.716035664082,-5.03861427307
121,21,H,10.09219283,11.76403266,13.92950698,1,0.0454919114709,-0.241238206625,-1.50864028931,0.611200749874
121,22,H,10.42118306,13.55529085,13.95664364,1,0.038666293025,-0.203317120671,1.52535963058,1.74667167664
121,23,O,12.38198019,15.19015117,14.47171412,-2,-0.100845716894,0.0651702657342,-0.193609580398,-0.730974793434
121,24,O,12.38295642,12.315699,14.34766209,-2,-0.026124060154,0.842840373516,2.14113426208,-0.116769947112
121,25,H,11.44611249,15.04906228,13.9608521,1,0.0234640054405,2.24987101555,0.897306382656,2.73059439659
121,26,H,12.06645939,10.85901201,10.30059558,1,0.0365458540618,2.07879519463,-0.514497995377,-3.36075592041
121,27,H,13.22194218,10.52923682,8.79436584,1,0.0486255884171,-2.30663824081,0.420723736286,1.84071290493
121,28,H,12.21458312,9.5973842,11.88111027,1,0.0338628776371,-0.146363303065,0.230888590217,-0.0500153563917
121,29,O,10.19840792,14.52495422,13.7932241,-2,0.0259890630841,-0.254873454571,-3.79570746422,-3.38404798508
121,30,H,12.35257065,15.50131638,15.38851148,1,0.0409542284906,-0.617250561714,0.101159460843,-0.67057210207
122,0,H,14.08411801,13.38035931,9.98009805,1,0.0319775901735,-1.82456612587,0.0507387258112,-1.11547327042
122,1,H,15.76051464,12.30998201,9.36715346,1,0.0445947609842,1.32104325294,3.94345736504,3.7461309433
122,2,O,9.902401,11.42099206,13.18499233,-2,-0.0163780450821,-0.755984961987,3.80870389938,-1.98008430004
122,3,H,12.47903597,13.26750781,9.47360598,1,0.0323451012373,2.66912007332,1.5483931303,1.2972599268
122,4,O,13.2533085,13.87584274,9.8337889,-2,-0.0399660915136,-1.75865137577,-1.40652668476,-0.768060564995
122,5,H,12.12258838,13.03130966,15.20246972,1,0.0469173043966,1.01843178272,0.58473443985,-1.02902877331
122,6,H,11.79301615,12.3935764,11.52461275,1,0.056007437408,-2.72393870354,3.97750496864,-4.76889419556
122,7,H,10.79220945,10.20516267,12.90844011,1,0.029248662293,-0.484604179859,0.786758542061,-0.684155344963
122,8,H,14.53430732,10.58978793,11.04261726,1,0.0378258526325,0.340406864882,-1.26404559612,1.10177612305
122,9,O,11.5863477,9.6928352,12.81892071,-2,-0.050380975008,0.673702597618,-1.68581986427,2.86782312393
122,10,H,9.82831724,12.56001746,10.8901039,1,0.079661116004,1.77873408794,0.399854809046,-1.09919726849
122,11,O,12.71948705,10.67834954,9.87742008,-2,-0.0213132575154,3.00605916977,-1.18428587914,-0.895287275314
122,12,O,16.06359259,13.13138411,10.14820732,-2,-0.0320919528604,1.16080081463,-4.49802732468,-4.76190519333
122,13,H,15.27616266,13.43497888,10.52147833,1,0.0334458574653,-1.18252766132,0.86218136549,1.30918288231
122,14,H,12,12,12,1,0.0492612533271,2.22636389732,-3.67949295044,4.52483463287
122,15,O,10.72483577,12.83062525,10.47823686,-2,-0.566448569298,-1.38812565804,-0.869565069675,1.5664255619
122,16,H,9.20143011,13.81271093,15.6156714,1,0.0415209718049,-0.658131480217,-3.01170635223,-1.38703012466
122,17,H,10.15950119,12.30873923,12.70135524,1,0.0437782481313,-0.409533947706,-2.76119089127,0.858268141747
122,18,H,12.72282051,12.40784366,13.6189588,1,0.0387563146651,-0.302598208189,1.03792929649,2.1334002018
122,19,H,14.25877343,11.9001831,11.15006432,1,0.0343047007918,1.44996631145,-2.19129419327,3.82611846924
122,20,O,14.66310464,11.12365178,11.85885385,-2,-0.0362681001425,-2.11464071274,3.1412332058,-4.43550825119
122,21,H,9.87411991,11.85834433,14.03743501,1,0.0407396443188,0.843102693558,-0.48750513792,0.945911645889
122,22,O,12.21453117,12.40699279,14.47800332,-2,-0.0251441821456,-0.54435813427,-1.597260952,-1.0347481966
122,23,H,12.00046083,10.99192537,10.39768342,1,0.0345236882567,-1.55516445637,0.642640888691,-0.883460104465
122,24,H,12.80159187,10.60579065,8.90328919,1,0.052096594125,-1.47320175171,0.45971852541,1.28807008266
122,25,H,12.05522611,9.63291113,12.03712256,1,0.0386203639209,0.853555619717,0.094164468348,-2.49598264694
122,26,H,8.74885063,12.40219733,14.83683271,1,0.038918197155,-5.52760887146,-1.98863017559,-4.34999465942
122,27,O,9.25996662,12.81268071,15.39730909,-2,-0.0165524929762,5.36237573624,5.28734874725,6.2235660553
123,0,H,10.27288746,14.80175225,12.92547375,1,0.0409178957343,0.489206075668,-0.671636283398,0.888545036316
123,1,O,9.67974884,11.61574864,13.16376892,-2,-0.022830799222,-1.38160324097,1.11696946621,-1.07463252544
123,2,H,11.86274684,13.21381256,15.05139347,1,0.0437461808324,0.360135942698,4.8634223938,3.15106415749
123,3,H,11.56899231,12.57540832,11.48175163,1,0.0478803217411,-0.982484817505,0.399925798178,-0.599572658539
123,4,H,10.44766599,10.23899391,12.7960113,1,0.0322310253978,1.40225243568,-0.199750050902,-0.757447838783
123,5,H,14.30584427,10.86416763,11.01657115,1,0.0392941758037,0.37156689167,-3.01187396049,-2.29822158813
123,6,O,11.37019463,9.86615448,12.7863198,-2,-0.0400666594505,0.782857298851,-0.453894853592,-0.321311712265
123,7,H,9.6986027,12.71732238,10.79026207,1,0.0802241116762,-5.82662057877,-2.34998869896,2.50901436806
123,8,O,12.443042,10.82851533,9.84888622,-2,-0.0245281159878,2.14053964615,-1.46826219559,-0.704327106476
123,9,H,12,12,12,1,0.0380050055683,-0.256661474705,-0.116695784032,-0.0695342794061
123,10,O,10.44627706,13.00989985,10.44927786,-2,-0.535069942474,6.90709781647,1.86832094193,-1.59309399128
123,11,H,8.87143073,14.04323484,15.47297251,1,0.0494036488235,-1.24011600018,-3.08033037186,-0.381754755974
123,12,H,9.77560713,12.41681207,12.6074712,1,0.0389942787588,0.141624853015,-0.655558347702,0.356402486563
123,13,H,12.38127788,12.50309072,13.71718737,1,0.0389660298824,4.61868238449,0.281087607145,-6.99236011505
123,14,H,13.85412212,12.01970799,11.3648763,1,0.0362917557359,0.374570667744,0.535122990608,1.35482013226
123,15,O,14.40124328,11.32681531,11.80273261,-2,-0.0291058048606,-0.749194681644,2.54859757423,0.948124945164
123,16,H,9.63924576,12.02197447,14.02822447,1,0.0365011766553,1.07253265381,-0.202980980277,0.411218166351
123,17,H,9.9168545,14.01783094,14.53214023,1,0.0314109511673,0.935268580914,1.31892168522,-3.96088838577
123,18,O,11.97171247,12.58949838,14.45333467,-2,-0.0244380906224,-4.70470094681,-5.10978031158,4.11880636215
123,19,H,11.77539747,11.2878392,10.28907163,1,0.0290738753974,-1.93090224266,1.35368192196,0.671179115772
123,20,H,12.23505197,10.79793496,8.91733577,1,0.0582432486117,-0.25727763772,0.0979842096567,-0.195860236883
123,21,H,11.85195025,9.77305421,11.93203289,1,0.0428051091731,-1.21427202225,0.171461850405,0.718836069107
123,22,O,9.75644632,14.69814138,13.7362807,-2,-0.0590770840645,-0.517966508865,-0.279775828123,1.47170031071
123,23,H,8.41624587,12.48058648,14.73082687,1,0.0490536056459,0.680505990982,2.66565489769,1.85146141052
123,24,O,9.03064445,13.02520104,15.36598034,-2,0.00207421183586,-1.21505999565,0.379405349493,0.497857540846
124,0,O,14.02901023,10.68365972,14.54814815,-2,-0.0388604924083,-0.714594066143,0.0188039559871,-2.36735892296
124,1,O,9.51711059,11.71640061,13.18954117,-2,-0.0198614522815,-1.02710533142,-1.44519746304,1.10961472988
124,2,H,11.72644333,13.54382715,15.06531936,1,0.0613002739847,1.11165976524,-2.86796569824,-3.00639152527
124,3,H,11.46961941,12.56030498,11.58155729,1,0.0451470352709,-0.222991198301,0.335395872593,-0.0167118236423
124,4,H,10.25232516,10.1550428,12.68518752,1,0.0388563722372,1.6313085556,-0.0316838547587,0.041366647929
124,5,H,14.16469194,10.90857703,10.96950819,1,0.0465906336904,-0.159998744726,0.646402060986,0.905296385288
124,6,H,14.13783424,10.87073152,13.55395049,1,0.0320882275701,-0.412106156349,-0.542324125767,1.87619352341
124,7,O,11.22117062,9.94574887,12.80211315,-2,-0.026880338788,0.176202818751,-0.43651920557,-1.36267995834
124,8,H,9.43955464,12.6950456,10.84447867,1,0.0919851660728,0.270792156458,0.0808996930718,-0.371519505978
124,9,O,12.23707175,10.87803924,9.86588398,-2,-0.0381119772792,-4.4264998436,2.39082360268,-1.27266430855
124,10,H,12,12,12,1,0.0186367444694,-0.785680532455,0.16325879097,-0.21982267499
124,11,O,10.24831558,13.09156844,10.46513886,-2,-0.557230591774,0.764978349209,-0.793049931526,0.963503599167
124,12,H,9.45003488,12.39954266,12.56515967,1,0.0415129028261,-0.00414162687957,1.71444416046,-0.744321286678
124,13,H,12.30308963,12.54791268,13.61536344,1,0.0415197052062,-1.03202688694,1.34600758553,2.45987391472
124,14,H,13.52817801,12.07322815,11.70507559,1,0.0404012277722,-1.59353530407,1.51160442829,-0.512465596199
124,15,O,14.20046855,11.44051031,11.80170333,-2,-0.0173600167036,1.83423399925,-2.01127672195,-0.598730564117
124,16,H,9.53788954,12.08824422,14.07811428,1,0.0496911220253,0.338562577963,0.135548695922,-0.273279458284
124,17,H,13.17984534,10.1709955,14.64233307,1,0.0383014902472,1.51760911942,1.43122732639,-1.3161072731
124,18,O,13.59733106,9.43250561,16.52050561,-2,-0.032350294292,3.04044985771,2.88643407822,-2.55437397957
124,19,H,12.94819286,9.49132456,15.84791847,1,0.0346956625581,-0.841703534126,-0.10592854023,-0.381090670824
124,20,O,11.77873949,12.65535838,14.4859896,-2,-0.0238568708301,-0.277465909719,1.7493686676,0.915835440159
124,21,H,11.50777594,11.56572084,10.2542611,1,0.0295322313905,2.46957945824,-1.89131259918,-0.752564549446
124,22,H,11.72593268,10.88206669,8.97365476,1,0.0620467215776,1.81742572784,-0.585427463055,1.72632455826
124,23,H,13.2233873,8.92360336,17.12075468,1,0.0392636284232,-2.54309463501,-3.75480246544,4.64657831192
124,24,H,11.65158974,9.82261246,11.91324616,1,0.0429429151118,-0.931862175465,0.055299282074,1.10552060604
125,0,O,13.9421791,10.69244641,14.59302819,-2,-0.0431028082967,-0.836617708206,-0.536962687969,-0.927989900112
125,1,O,9.46439263,11.71357128,13.26521078,-2,-0.0285302251577,-1.35649931431,0.220618844032,-1.43385028839
125,2,H,11.77720579,13.665076,14.99175907,1,0.0560428798199,0.0867524296045,-4.49843597412,-2.22165989876
125,3,H,11.54010675,12.3646475,11.79865102,1,0.0391385406256,-5.373067379,4.7195763588,-1.96254765987
125,4,H,10.26204149,9.9636072,12.61703633,1,0.040205270052,-0.643049836159,0.439813494682,0.830898582935
125,5,H,14.14084297,10.87294597,10.98330911,1,0.0396761856973,-0.933567345142,2.05207109451,1.55669844151
125,6,H,13.93593661,10.78500014,13.60526331,1,0.0295182168484,-0.0114736603573,-0.284264355898,0.754535019398
125,7,O,11.18717016,9.93122836,12.86090147,-2,-0.0262185409665,-0.256355404854,-0.477095663548,0.851140201092
125,8,H,9.32839316,12.6080178,10.93869592,1,0.0915475040674,2.3184401989,1.15915453434,-1.4486541748
125,9,O,12.13134289,10.8374447,9.92526187,-2,-0.048319041729,-5.74199056625,3.34131383896,-1.68771624565
125,10,H,14.78933882,10.68501289,8.77447017,1,0.0455857180059,0.359797716141,0.410975515842,1.70832705498
125,11,H,12,12,12,1,0.0312913507223,4.52254629135,-4.2462387085,2.17693209648
125,12,O,10.16839469,13.06825553,10.53290711,-2,-0.585052967072,-1.75897336006,-1.72202515602,1.36729812622
125,13,O,14.89539414,11.0243576,9.71336627,-2,0.00708383321762,4.53914165497,-1.44274735451,-1.31485152245
125,14,H,9.24665856,12.36917069,12.55003131,1,0.0399889275432,0.482815206051,-0.405698746443,2.10467767715
125,15,H,12.31329899,12.55810941,13.67102122,1,0.0402200892568,-2.34705352783,0.613086879253,3.80904340744
125,16,H,13.29067187,12.08889167,12.06070707,1,0.0409113056958,2.80007958412,-2.35166049004,-1.73671114445
125,17,O,14.11660099,11.45389805,11.85545768,-2,-0.0604727566242,-1.73019003868,0.722293317318,1.26083385944
125,18,H,9.60720228,12.0872697,14.14376313,1,0.0444631911814,0.236334010959,0.569777965546,-0.58976995945
125,19,H,13.22658906,10.04920977,14.84637632,1,0.0386240147054,1.53673279285,1.63119268417,-1.75084102154
125,20,O,13.50213166,9.45272752,16.6254233,-2,-0.0286163464189,3.1499710083,-0.832521259785,4.23242998123
125,21,H,12.83852032,9.46518266,16.01777713,1,0.036900665611,-3.35890483856,-0.586586236954,-1.43048727512
125,22,O,11.69867958,12.62583117,14.56907549,-2,-0.0270334035158,2.02449202538,4.12388944626,-0.974640548229
125,23,H,11.45480952,11.68236009,10.23621564,1,0.0352981463075,2.67848610878,-2.32698369026,-0.251932352781
125,24,H,11.43099421,10.83200448,9.14633482,1,0.0617476776242,2.48234272003,-1.06571877003,1.45093512535
125,25,H,13.30544374,8.85075919,17.37432906,1,0.0402125716209,-0.263286560774,0.558291316032,-1.06761586666
125,26,H,11.51966895,9.77487431,12.00491123,1,0.0389567576349,1.63594222069,-0.437748372555,-1.79773318768
125,27,H,15.94467846,10.8574526,10.01834144,1,0.0499332249165,-4.242872715,0.652652621269,-1.5067384243
126,0,O,13.79413138,10.83534776,14.5740598,-2,-0.0335743278265,0.512678205967,0.362869173288,0.617002189159
126,1,O,9.34162551,11.837154,13.27456602,-2,-0.0285648629069,-1.34166538715,0.309877336025,-1.2301402092
126,2,H,11.77146223,13.68246007,14.74002634,1,0.0498748347163,-0.827604234219,-0.343142539263,1.00819122791
126,3,H,11.35392403,12.43912634,11.88558241,1,0.0426493510604,0.0504845492542,0.35178565979,0.205460354686
126,4,H,10.18445469,9.9235046,12.5270205,1,0.0445896089077,-0.69292396307,0.591495454311,1.51081311703
126,5,H,14.00661453,11.07259717,10.99568766,1,0.0536472499371,-1.5326154232,1.59020495415,1.68007266521
126,6,H,13.66273686,10.82678313,13.63455198,1,0.0267137102783,0.279693454504,-0.113768033683,-0.988856673241
126,7,O,11.08721683,10.04850576,12.85872795,-2,-0.0214276313782,-0.303982108831,-1.05985605717,-1.5870859623
126,8,H,9.31111352,12.75161259,10.89867356,1,0.103945150971,-3.8837351799,-2.40777349472,1.73297548294
126,9,O,11.94228765,10.93702461,9.91700638,-2,-0.0360030084848,-2.11881041527,2.88235783577,0.462858170271
126,10,H,12,12,12,1,0.0338020212948,-1.33078706264,0.141149118543,-0.226217493415
126,11,O,10.01958862,13.16264422,10.54649928,-2,-0.532871484756,4.65341997147,1.89097595215,-1.60353600979
126,12,H,9.01608239,12.4675493,12.58219505,1,0.0441799238324,0.53614461422,-0.362153083086,1.95218193531
126,13,H,12.14175124,12.72237367,13.87313597,1,0.0367887802422,1.46182596684,-1.55905270576,-2.36518597603
126,14,H,13.17263057,12.11958176,12.26393985,1,0.0453521646559,1.58006846905,-1.4183678627,-2.47229957581
126,15,O,13.96290911,11.59889076,11.85431671,-2,-0.0275315269828,0.675364255905,-0.0216187052429,0.538752675056
126,16,H,9.63310046,12.26592053,14.09400939,1,0.0429742783308,0.129672333598,0.381775557995,-0.662098169327
126,17,H,13.25444468,10.11637274,14.87537461,1,0.0413497798145,-0.524689257145,-0.468371629715,0.39452663064
126,18,O,11.5609125,12.73797632,14.5860083,-2,-0.0197297632694,-0.895411372185,2.18866968155,1.84389841557
126,19,H,11.46066879,11.83344349,10.15402771,1,0.0321975983679,1.95196151733,-1.47165834904,0.372400224209
126,20,H,11.20164286,10.85286389,9.31536939,1,0.0590717121959,-0.0475072674453,-1.515660882,-1.12936890125
126,21,H,11.39670792,9.82835565,11.96880999,1,0.0425664111972,1.66844046116,0.0502494759858,-0.0543648973107
127,0,O,13.82588637,10.97157529,14.56766131,-2,-0.0580594688654,1.1742503643,1.14584648609,-0.848896145821
127,1,O,9.38775478,11.94472283,13.29247748,-2,-0.0299176499248,0.201943635941,-1.04901218414,1.58551502228
127,2,H,11.90732342,13.70376108,14.555632,1,0.048191267997,-0.606760025024,4.26777029037,1.90159153938
127,3,H,11.3460427,12.50722661,11.97019891,1,0.0286098830402,0.931008577347,-0.559201896191,0.0214028209448
127,4,H,10.24859224,9.91165574,12.52707754,1,0.0477649234235,0.498773127794,1.03714513779,1.51261949539
127,5,H,13.96988076,11.31249344,11.02512448,1,0.0459341704845,-1.51777791977,0.123745799065,-0.301182717085
127,6,H,13.56763287,10.87725231,13.63114852,1,0.0286477096379,0.337348043919,0.430794268847,0.525276064873
127,7,O,11.15817838,10.15157359,12.86319774,-2,-0.0115001648664,-0.987472772598,-1.95110452175,-4.13551950455
127,8,H,9.31713338,12.81218496,10.94401022,1,0.0911604613066,-1.22776925564,-0.927276015282,0.554353654385
127,9,O,11.92041589,11.03169426,9.92056748,-2,-0.0307885408401,0.803819417953,-1.24712002277,-0.175046592951
127,10,O,12.82370707,8.91599362,14.26190502,-2,-0.0231838822365,-0.259156495333,-0.529826402664,0.0017486969009
127,11,H,12,12,12,1,0.010758575052,-1.92266237736,1.09030783176,-0.10003465414
127,12,O,10.05911643,13.24480023,10.56929242,-2,-0.523362398148,1.75426959991,0.650158643723,-0.466390699148
127,13,H,8.9938783,12.5568399,12.72338896,1,0.0413784235716,-1.00593006611,1.64813196659,-0.963559269905
127,14,H,12.24329754,12.78111698,13.96337698,1,0.0369466170669,1.52426576614,-3.29194307327,-2.34245276451
127,15,H,13.36906397,12.07543197,12.3941446,1,0.0403101146221,-4.53804779053,2.12290263176,1.95068848133
127,16,O,13.98357403,11.73199673,11.87481755,-2,-0.0221277549863,6.74543857574,-2.14040756226,-1.99846100807
127,17,H,9.82409831,12.46282138,13.99935404,1,0.036927074194,0.122850365937,-0.385913968086,-0.546171009541
127,18,H,13.41687292,10.1666867,14.90683068,1,0.0305947996676,-0.877219676971,0.602524459362,1.06655454636
127,19,O,11.59223082,12.84123645,14.6205901,-2,-0.0188644453883,-1.19832670689,-0.673670649529,0.922893643379
127,20,H,12.0725301,8.36683342,14.64134502,1,0.053022891283,2.82841849327,0.468585014343,-1.0894985199
127,21,H,11.71492437,11.93026923,10.11032779,1,0.0309611186385,-0.31878811121,1.50378024578,0.438799023628
127,22,H,11.14334565,10.78189373,9.43876292,1,0.0485304147005,-0.572184622288,-0.458725839853,-0.551040172577
127,23,H,11.53003543,9.8611648,11.95066958,1,0.0421480722725,0.432426780462,0.844635725021,2.1697974205
127,24,H,13.7805428,9.18669216,13.98424394,1,0.0559177622199,-2.32270288467,-2.72206282616,0.866947650909
128,0,O,14.04655577,11.03708418,14.57787812,-2,-0.0605194419622,-0.0570368878543,-0.585687458515,-0.807775080204
128,1,O,9.61965937,11.97225011,13.33356617,-2,-0.0327707342803,-0.95263171196,1.5195120573,-0.152448013425
128,2,H,12.19252544,13.84789602,14.51482577,1,0.0456611216068,-2.05718874931,-2.4355931282,1.40799713135
128,3,H,11.5805053,12.4648391,12.06018172,1,0.026119582355,-4.08231782913,4.76258039474,0.506934285164
128,4,H,10.5263221,9.88861661,12.626733,1,0.0440104342997,-0.533217549324,0.591064095497,0.530199706554
128,5,H,14.04349216,11.45415359,11.00003107,1,0.0411262735724,-1.25568437576,0.558763086796,1.71858143806
128,6,H,13.68220106,10.8742849,13.66587881,1,0.0275957360864,0.745251297951,0.141432777047,1.39144587517
128,7,O,11.41162155,10.17477606,12.87488064,-2,-0.0152062997222,-0.0582277178764,-1.09390735626,-1.42418301105
128,8,H,9.45559175,12.79072464,11.03275046,1,0.092367708683,2.583776474,1.12731897831,-1.29607343674
128,9,O,12.08769512,11.04839713,9.94278468,-2,-0.0303663089871,-0.399488568306,-1.13142418861,-0.651585936546
128,10,O,13.07326584,8.94478044,14.2989535,-2,-0.0182565301657,-4.86999607086,-1.97882294655,1.31767976284
128,11,H,12,12,12,1,0.0154601857066,3.70305299759,-4.18669366837,-0.496531397104
128,12,O,10.29319402,13.25338104,10.6115325,-2,-0.482881724834,-2.39122605324,-1.09320104122,1.21639418602
128,13,H,9.12721428,12.66211226,12.85377614,1,0.0421774536371,-0.16905233264,-0.531858980656,0.304901212454
128,14,H,12.62219091,12.61096088,13.94292364,1,0.0368983000517,-3.61957097054,-0.364373326302,3.37300634384
128,15,H,13.59714068,12.04910901,12.6245503,1,0.0371151193976,-0.306781560183,-0.23351508379,-1.9698830843
128,16,O,14.20646354,11.78645214,11.91668801,-2,-0.0308467894793,2.07341861725,-0.208329036832,-0.405880987644
128,17,H,10.18041655,12.56709124,13.87991484,1,0.0326861813664,0.383518695831,-0.868903636932,0.0602553784847
128,18,H,13.7097311,10.17289409,14.98171201,1,0.0294872410595,-0.153066024184,2.32052350044,0.232630982995
128,19,O,11.8058493,12.86769212,14.67581148,-2,-0.0252457261086,5.28894233704,3.25864291191,-4.0789437294
128,20,H,12.22764852,8.3741493,14.6697817,1,0.0545702651143,4.71018886566,1.58964037895,-1.62022686005
128,21,H,12.12673832,12.02662675,10.10520697,1,0.0357787646353,-1.51019895077,-1.44344723225,-0.764258921146
128,22,H,11.24489325,10.62809509,9.54912515,1,0.0491596795619,1.9725689888,2.2987203598,1.00885534286
128,23,H,11.86520306,9.85862134,12.06870812,1,0.0384062454104,0.435320615768,0.305698782206,0.543720006943
128,24,H,13.9979305,9.09125477,14.11329657,1,0.047473244369,0.519617795944,-2.31811213493,0.0551798380911
129,0,O,14.19186744,11.20912739,14.60979506,-2,-0.0230656415224,-0.483557611704,-1.2724326849,0.493381470442
129,1,O,9.77346159,12.10965898,13.39850768,-2,-0.0331538319588,-1.74924170971,3.3272228241,-0.928893208504
129,2,H,12.30647436,13.99826648,14.58966851,1,0.0441123582423,-1.31148338318,-2.96419644356,0.743749499321
129,3,H,11.5886039,12.67838529,12.15652011,1,0.034414652735,0.161581873894,-0.28381717205,-0.648016035557
129,4,H,10.70611155,10.02070058,12.77177966,1,0.0420427918434,-1.27292692661,-0.211282089353,-0.277759134769
129,5,H,13.99859235,11.69541935,11.01588565,1,0.0400105379522,0.218462467194,0.793499827385,3.94123864174
129,6,H,13.76307864,10.98005388,13.78494564,1,0.025204334408,0.33895534277,-0.336237132549,-0.736843585968
129,7,O,11.58936301,10.3035857,12.90752449,-2,-0.00934863090515,1.05543291569,0.684079885483,1.78754985332
129,8,H,9.69786006,12.98767348,11.06619494,1,0.0899561345577,-2.1699616909,-1.3668628931,1.26294922829
129,9,O,12.18149916,11.16924881,9.98816255,-2,-0.023790538311,2.46484684944,0.900582075119,0.567601323128
129,10,H,12,12,12,1,0.026823118329,-0.699552297592,0.88408780098,0.156655848026
129,11,O,10.44561246,13.36504741,10.68608218,-2,-0.468957543373,2.67944097519,1.26360690594,-0.866701722145
129,12,H,9.19557917,12.86864844,13.02070678,1,0.0478289015591,0.816594421864,-2.18569874763,0.866210460663
129,13,H,12.74576071,12.53365855,14.11817737,1,0.0336716622114,-3.33822083473,1.51915085316,3.19325494766
129,14,H,13.72211014,12.15364297,12.7988798,1,0.0362136363983,1.54404640198,-0.374278843403,-4.08512401581
129,15,O,14.3587657,11.94805179,11.98574691,-2,-0.0369054973125,-1.4167432785,-0.181887596846,-0.590658724308
129,16,H,10.45413586,12.72378054,13.77303065,1,0.0319238975644,0.132911786437,-1.17220187187,0.399219751358
129,17,H,13.89501872,10.39394889,15.06691841,1,0.0371246039867,0.373169064522,0.826061248779,0.506946504116
129,18,O,11.96180071,13.01077347,14.73904363,-2,-0.0244568586349,4.31137514114,1.9892603159,-3.32921528816
129,19,H,12.37212932,12.1805005,10.08756062,1,0.0432919412851,-2.47552275658,-2.81019735336,-0.938967943192
129,20,H,11.36395539,10.71313903,9.73541944,1,0.049106605351,0.0611367709935,1.84073257446,0.00708644464612
129,21,H,12.14294559,9.97605797,12.23418698,1,0.037953350693,0.759235441685,-0.869202435017,-1.52371668816
130,0,H,12,12,12,1,0.0511667504907,-0.177591696382,-0.466560453176,-1.88879323006
130,1,O,11.69216462,11.01392729,12.19471064,-2,0.623993635178,-0.169574737549,-5.52482128143,0.0345525480807
130,2,H,12.63781539,11.48067152,13.44335317,1,0.0126431398094,0.179350569844,1.32375109196,6.20295381546
130,3,H,13.9107461,14.24671068,12.75883531,1,0.0150471553206,-0.889168143272,-0.449820160866,-0.0889348164201
130,4,H,15.3708204,11.03927268,12.69293113,1,0.0178289748728,-3.46334218979,-2.28197264671,0.220966234803
130,5,O,12.50565121,11.78274056,14.51379909,-2,-0.080837726593,-0.274865210056,-0.256772428751,-4.4234161377
130,6,H,8.59512084,13.63379513,9.41617767,1,0.0218021124601,-0.570883393288,-1.031493783,0.0208643861115
130,7,H,11.63020478,14.63956893,13.3729428,1,0.0070865303278,-0.838256120682,-0.534996926785,-0.905672371387
130,8,H,13.65142755,10.4630823,12.09873561,1,0.0250581130385,5.90294647217,0.213953539729,3.92582249641
130,9,H,13.59668225,11.17102484,10.39185621,1,0.0213833302259,0.526668548584,-6.95240831375,-5.75282430649
130,10,O,10.74646407,14.97639996,13.25540304,-2,-0.0673359334469,-3.25896954536,-0.148124009371,-0.315560787916
130,11,H,13.12562306,15.00357416,14.08386262,1,0.0907185003161,-0.562172532082,-4.17599010468,-4.11203384399
130,12,O,8.79290922,12.76059956,9.81966881,-2,-0.529420673847,0.277265608311,1.89179730415,-0.160686150193
130,13,H,10.82548274,10.88034205,11.86999389,1,0.0505316257477,-2.66471219063,1.03021430969,-0.667643487453
130,14,H,9.86317547,13.20468259,10.22130942,1,0.000363856554031,-0.882356584072,-2.36675333977,-0.4183203578
130,15,H,11.94307278,9.71298123,12.02755445,1,0.161098748446,0.111027285457,5.08013296127,0.519258499146
130,16,H,11.96128598,12.59785701,14.36384923,1,0.0162037052214,0.682772576809,-0.989483952522,0.520254552364
130,17,O,12.99028525,14.06027061,13.06671717,-2,-0.0243300646544,3.502161026,4.39720821381,4.1292257309
130,18,H,10.09365452,14.31953863,12.83192127,1,0.0229971315712,2.05674743652,1.27069556713,0.959775984287
130,19,H,14.07067884,12.48736371,10.34703342,1,0.0318965427577,-2.70092058182,-2.0015873909,3.21240305901
130,20,H,10.88599595,14.1494046,10.80575104,1,0.0158907026052,0.496332138777,3.97304034233,1.25859582424
130,21,O,14.57151272,10.36065133,12.92194061,-2,-0.0744172632694,-1.41676139832,1.4770963192,-3.51148533821
130,22,O,10.97655153,13.27351482,10.61307125,-2,-0.412545442581,1.29242825508,-3.31968736649,0.224420264363
130,23,O,13.46174447,11.77851241,10.97467505,-2,0.00317648053169,2.84187746048,9.8425321579,1.01627826691
131,0,H,12,12,12,1,0.0418658033013,0.497039616108,2.65042567253,-2.77761483192
131,1,O,9.34677691,12.036848,13.33966224,-2,-0.100401513278,-2.30345916748,1.73244011402,-0.371292263269
131,2,O,11.87200831,11.07038803,12.18075737,-2,0.70405381918,-6.71112298965,-10.4395723343,-0.336829006672
131,3,H,12.72357703,11.51255719,13.65554735,1,0.0120722055435,0.615098178387,-1.84498596191,-2.72656607628
131,4,O,14.06530223,10.56307906,8.96398208,-2,0.0249864012003,-0.8977034688,-0.243538782001,-1.03962206841
131,5,H,14.03620163,14.32316661,12.71847254,1,0.0165174696594,-2.55065274239,-0.698572516441,0.933290481567
131,6,H,9.44365231,11.9724374,14.39218415,1,0.0199522152543,-0.862398445606,2.02955341339,-2.56397557259
131,7,O,10.2180589,11.64491224,15.44448234,-2,-0.0118638053536,3.98452448845,1.1177880764,2.11364746094
131,8,H,15.23343671,11.25154154,12.55780011,1,0.0148650854826,-1.20164561272,-2.41809844971,1.41694700718
131,9,O,12.6916285,11.8138911,14.50620858,-2,-0.039711073041,-1.30093383789,3.96839618683,3.48253107071
131,10,H,8.51615406,13.58923829,9.4665856,1,0.014873649925,-0.589156806469,0.187883421779,-0.349425107241
131,11,H,11.82981086,14.76201199,13.34536317,1,0.00599551945925,-0.617361843586,-0.357390224934,-1.12799620628
131,12,H,13.89359352,10.55334421,12.28709538,1,0.00978135317564,3.64864873886,-0.47016710043,2.52670121193
131,13,H,10.10986961,10.98056261,14.80296311,1,0.0217298939824,0.130063325167,-2.7958176136,-0.479881256819
131,14,H,13.7555775,11.23677523,10.15823592,1,0.0123411864042,-1.00673139095,1.20419752598,1.17826259136
131,15,O,10.92810845,15.03987454,13.31948176,-2,-0.0750568136573,-1.27122759819,2.55021381378,1.31255733967
131,16,H,13.11595764,14.93395733,14.17619289,1,0.0932703763247,0.41496065259,-3.65083479881,-4.33106517792
131,17,H,8.58817731,12.69123861,13.09507652,1,0.0249673165381,2.03698682785,-2.06620836258,0.404283046722
131,18,O,8.94718813,12.81649447,9.82370611,-2,-0.795745015144,-0.0776697099209,0.26651135087,0.196798563004
131,19,H,10.84537603,10.77119192,11.83960492,1,0.0603938028216,2.55456113815,3.23192334175,1.51255071163
131,20,H,14.97287822,10.23333891,9.31050357,1,0.0268379971385,-2.17475605011,0.230460122228,-2.77792167664
131,21,H,10.14819412,13.34806227,10.2127403,1,0.00365278124809,-1.68251657486,-2.8226146698,-1.30666399002
131,22,H,11.98310892,9.85807899,12.04598689,1,0.0854852423072,1.27563154697,4.86037683487,0.163164064288
131,23,H,12.33109537,12.74630247,14.28820144,1,0.0203248746693,1.34785878658,-1.64352083206,0.657039999962
131,24,O,13.10003134,14.07856234,13.09560587,-2,-0.0175338312984,4.57066631317,3.95699286461,3.59709239006
131,25,H,10.35206511,14.3913299,12.97356813,1,0.0188250616193,-0.611686170101,-1.43102264404,-0.531608343124
131,26,H,14.17434176,12.64819645,10.52692094,1,0.0187507849187,-1.39162445068,-1.1436021328,1.20250582695
131,27,H,10.83100416,14.20858325,10.93299642,1,0.0144067928195,1.55726337433,-0.101938426495,0.566407084465
131,28,H,11.27685279,11.83659042,15.19244223,1,0.0242445543408,-3.10763669014,-0.854771971703,0.988082230091
131,29,O,14.74163743,10.42537211,12.96094861,-2,-0.0572127625346,-1.77434051037,2.61114835739,-3.82741165161
131,30,H,13.44455464,10.63389349,8.08108561,1,0.0362545251846,3.58634495735,-0.887404501438,2.9771835804
131,31,O,11.11746953,13.33397009,10.59326937,-2,-0.163098365068,1.29944097996,1.88134086132,1.54636847973
131,32,O,13.63022264,11.90719683,10.95547346,-2,-0.065825432539,2.61352944374,1.39047253132,-2.22752642632
132,0,H,12,12,12,1,0.0538837648928,0.264140576124,0.597922444344,-2.25918602943
132,1,O,9.47866474,12.00196299,13.39350957,-2,-0.0890254303813,-1.05947542191,2.32399916649,-0.47778236866
132,2,O,15.87657779,8.50076279,13.97447475,-2,-0.091019064188,1.44400644302,1.49489438534,-2.88387346268
132,3,H,16.80698027,8.83134305,13.80491501,1,0.0142329223454,-1.14513385296,-1.0392819643,0.915567994118
132,4,O,12.0207142,11.02419411,12.25663555,-2,0.732576549053,-6.03955030441,-5.56786966324,-0.495776444674
132,5,H,6.89694646,12.81549799,13.69524965,1,0.0210827030241,-0.399599313736,-1.63022112846,-0.637444794178
132,6,H,12.81976458,11.36901053,13.77515356,1,0.013394523412,-0.0890148729086,-1.20330691338,-1.22822701931
132,7,O,14.14853467,10.55308717,9.09766075,-2,0.338827341795,6.9198923111,-0.916707217693,5.05481052399
132,8,H,7.56209974,13.90975377,13.47160748,1,0.0217167008668,1.21298182011,3.65036869049,0.622842788696
132,9,H,14.03031909,14.30655417,12.81500298,1,0.0248303003609,0.0100674945861,-0.151627779007,-0.147118464112
132,10,H,9.50087041,12.24053593,14.39204808,1,0.0160026550293,0.254398703575,0.0284802038223,-2.1495859623
132,11,O,10.35046194,11.61892704,15.54679651,-2,-0.0405533909798,2.20418477058,0.872536897659,2.10348844528
132,12,H,15.02744324,11.27217959,12.58233691,1,0.0243860818446,2.62772369385,0.669563353062,0.65667784214
132,13,O,12.86036903,11.77688336,14.60222346,-2,-0.0447229631245,0.0204278379679,3.35745811462,2.09258103371
132,14,H,10.51670373,12.28799869,9.16407593,1,0.0162840485573,0.408163845539,-3.07045221329,-0.854829847813
132,15,H,8.40159762,13.44798628,9.57780448,1,0.0113415755332,1.38674223423,-1.30809676647,0.541375875473
132,16,H,12.05158789,14.76216258,13.33897088,1,0.0123471021652,-3.54133558273,0.93359285593,-0.984427988529
132,17,H,14.22729975,10.55708506,12.63543132,1,0.0199741497636,-13.0706644058,-0.475848793983,-6.9254860878
132,18,H,10.00934001,10.94735452,14.95565094,1,0.0173414200544,0.906426072121,-0.604234695435,-0.00632869964465
132,19,H,10.74465619,11.6792611,7.84579935,1,0.0154210589826,-0.00503708049655,-0.543111026287,-0.709666609764
132,20,H,13.85611008,11.25533861,10.02997473,1,0.0450985729694,-0.38018232584,1.93990695477,1.99117958546
132,21,O,7.39415895,13.1764513,12.9457859,-2,0.00892719626427,-2.17960953712,-0.825697720051,-0.209280401468
132,22,O,11.08231019,15.02818986,13.47409951,-2,-0.0842889025807,1.09380364418,1.32400989532,0.631861269474
132,23,H,13.17442938,14.56614279,14.08595265,1,0.0338429734111,0.903309881687,-1.10045576096,-1.13229954243
132,24,H,8.79136506,12.69755555,12.95970568,1,0.0212233364582,1.75563907623,-2.82701826096,0.845335543156
132,25,O,9.08198166,12.79471971,9.91851352,-2,-0.808754324913,-1.56681132317,1.27856886387,-1.04024839401
132,26,H,10.97812195,10.70668663,11.94572233,1,0.0666602998972,1.70200812817,3.13697338104,1.36156201363
132,27,H,15.22139467,10.24743681,9.27342127,1,0.0405386984348,-5.0162987709,1.04520952702,-1.76598751545
132,28,H,10.4089431,13.26651171,10.27167191,1,0.00611064583063,-4.69934606552,-1.1862360239,-1.92060410976
132,29,H,12.03228189,9.9951984,12.16126092,1,0.0469803698361,2.21970748901,2.02106833458,-0.302194952965
132,30,H,12.77273912,12.74600874,14.31759824,1,0.0176494494081,0.43225467205,-2.25518655777,0.689566612244
132,31,O,13.20311024,14.02480784,13.22790616,-2,0.0181917399168,2.23120164871,0.944034576416,1.7596758604
132,32,H,10.58737448,14.29648389,13.15365012,1,0.015994079411,-0.760232388973,-1.21802473068,-0.271531492472
132,33,H,14.22654339,12.70525063,10.85024061,1,0.0142461806536,2.49395871162,4.70224285126,-1.43652868271
132,34,H,10.89409967,14.17726828,11.19617343,1,0.0183198414743,1.84684193134,-2.52092957497,-1.34250366688
132,35,H,11.37390544,11.83145758,15.40780664,1,0.0165195502341,-2.79134225845,-1.458745718,-0.298289597034
132,36,H,15.49033093,9.13639761,13.20144265,1,0.0103470012546,0.804438650608,-2.36467552185,2.83688569069
132,37,O,14.89220399,10.42124076,13.08083853,-2,-0.0172244682908,9.60736942291,1.60390484333,4.90463924408
132,38,H,13.65316679,10.44285555,8.3570115,1,0.0294797606766,-1.88154327869,-0.799154400826,-3.95821857452
132,39,O,11.2434102,13.32065276,10.6668984,-2,-0.0910732597113,4.14861822128,4.11812353134,5.21566057205
132,40,O,13.7914836,11.95911767,11.02365056,-2,-0.414068281651,-1.53433561325,-5.5484995842,0.254275530577
132,41,O,11.03334694,11.41897458,8.71956904,-2,-0.0830425024033,-0.738850057125,2.57257580757,0.959449589252
133,0,H,12,12,12,1,0.0922626182437,0.882335722446,-0.864546239376,-1.65480828285
133,1,O,9.57225236,11.94206308,13.53769543,-2,-0.0263477265835,-1.66958546638,2.77502989769,-0.459694296122
133,2,O,15.97266987,8.47896827,14.16695896,-2,-0.096307836473,-1.8975764513,-0.356063961983,-0.167208194733
133,3,H,16.85869948,8.60021681,13.98534974,1,0.0150544177741,3.46423792839,-0.461953252554,0.0245958529413
133,4,O,12.11450566,10.93766255,12.42579385,-2,0.671785593033,-3.91306400299,2.89570260048,-0.198363929987
133,5,H,12.88082105,11.12559284,13.84430445,1,0.0178282894194,0.365177869797,3.18159246445,5.14560365677
133,6,O,14.21125,10.50562379,9.33676908,-2,0.340062558651,5.29232358932,-1.77442550659,-0.404149532318
133,7,H,14.01653341,14.28076701,12.98895191,1,0.0272392518818,1.07810854912,0.344120264053,-0.454403698444
133,8,H,9.68455588,10.90739688,10.05668588,1,0.0199048109353,-2.11293888092,2.16429066658,-1.00153589249
133,9,H,9.50804681,12.48071379,14.35802459,1,0.0197732020169,0.559227824211,-1.03757750988,-0.0488858148456
133,10,H,14.91426958,11.26310516,12.74168059,1,0.0211860798299,2.49920988083,-0.610867023468,0.942024767399
133,11,O,12.99149252,11.7172394,14.7997605,-2,-0.0776382088661,-0.325380325317,-1.22639298439,-3.49144029617
133,12,H,10.43908933,11.89390279,9.53205727,1,0.0182533413172,1.7186319828,-0.983686983585,-2.59598684311
133,13,H,8.32398846,13.20673247,9.78945434,1,0.0140599533916,2.31683278084,-1.1070535183,0.425966769457
133,14,H,12.11032263,14.76277512,13.36570812,1,0.0128665566444,-2.02416086197,0.980109930038,0.233275845647
133,15,H,14.0481213,10.48554645,12.81879393,1,0.0267091542482,2.83197379112,-2.34120535851,1.92959225178
133,16,H,10.82299259,11.70438834,8.02105979,1,0.018203496933,0.880957484245,-1.0877918005,2.3674788475
133,17,H,9.39133247,10.18552081,11.4748351,1,0.0191846583039,0.766809105873,0.457398533821,-3.08180475235
133,18,H,13.89960246,11.36690635,10.11467649,1,0.0550995320082,0.364425241947,1.93162631989,2.5689561367
133,19,O,11.193985,14.98393515,13.7155256,-2,-0.0755461603403,-1.26083159447,-2.38332867622,-1.55562973022
133,20,H,13.27187115,14.19748318,14.21676475,1,0.0327860116959,0.375143498182,4.47168540955,12.2960004807
133,21,H,8.98519424,12.57440144,12.9938172,1,0.0237429141998,1.15918409824,-1.80893576145,0.200064584613
133,22,O,9.16931333,12.74581362,10.1022356,-2,-0.768640518188,-2.5656042099,0.519537806511,-0.539119839668
133,23,H,11.1527585,10.74010472,12.17497152,1,0.0509192943573,-1.02685523033,1.45199382305,0.141308128834
133,24,H,15.30118541,10.26794226,9.25718134,1,0.0381754785776,-4.81878948212,1.08820104599,0.333857059479
133,25,H,10.48291149,13.08493802,10.35163706,1,0.00858850777149,-1.25478625298,0.858500540257,0.399467140436
133,26,H,12.14098367,10.01558161,12.3422789,1,0.0437961481512,2.22272896767,-3.22009968758,-1.22878861427
133,27,O,9.93680241,10.2088594,10.58905576,-2,-0.0528488568962,-0.0104017769918,-4.39165115356,6.46960020065
133,28,H,13.21112271,12.62990856,14.46259083,1,0.0131884627044,-0.364298552275,-2.5678422451,0.464005082846
133,29,O,13.2695307,13.93254628,13.44445034,-2,0.0146189555526,1.10207378864,-4.46448659897,-12.0649194717
133,30,H,10.75208054,14.10689498,13.38262866,1,0.0177163816988,0.767493486404,2.39917683601,1.26801621914
133,31,H,14.3536607,12.9061527,11.19914025,1,0.0165449045599,-1.45908856392,-3.09690022469,-0.812387466431
133,32,H,11.07694189,13.97207035,11.49529972,1,0.0180747136474,0.0222514867783,-0.278221458197,-0.753363013268
133,33,H,15.69587466,9.24681085,13.59031852,1,0.0106308832765,-0.296468228102,-1.5941618681,1.00362169743
133,34,O,15.02233884,10.39395575,13.30137762,-2,-0.0275467187166,-5.6751203537,5.0698800087,-4.48093366623
133,35,H,13.74654929,10.20807396,8.56798166,1,0.0303859189153,-0.671063005924,-0.16394649446,-0.8733253479
133,36,O,11.33955174,13.28930269,10.84593455,-2,-0.0989872664213,2.44280409813,0.00875652674586,2.62459373474
133,37,O,13.91161101,11.96308267,11.18240216,-2,-0.408610135317,1.71347141266,2.35266423225,-0.680928230286
133,38,O,11.09615312,11.3064633,8.93420186,-2,-0.076168641448,-1.47936165333,2.87084460258,-2.29040074348
134,0,H,12,12,12,1,0.180169790983,0.822428822517,0.561455070972,-1.85533058643
134,1,O,9.61353102,11.91647021,13.74683763,-2,-0.0273854658008,-0.210057973862,2.14166235924,1.6263667345
134,2,O,16.01292601,8.48314313,14.42825815,-2,-0.0760691016912,3.26115703583,-3.92373776436,1.08224701881
134,3,H,16.98834946,8.38439028,14.24161532,1,0.0167285520583,-1.55021154881,-0.325527906418,0.500238537788
134,4,O,12.14167288,10.88775406,12.66216277,-2,0.547951221466,0.377810060978,-1.90736198425,-0.466572344303
134,5,H,12.89754954,11.07060425,14.21192983,1,0.0135821066797,0.484495133162,2.63146138191,3.48686027527
134,6,O,14.23303024,10.47801335,9.64363413,-2,0.0252826362848,-0.216366872191,-3.26067781448,-5.26720762253
134,7,H,14.03473193,14.32600095,13.20071983,1,0.0210242699832,-1.35995531082,-0.854697108269,1.66074848175
134,8,H,9.66188383,10.91357625,10.27314626,1,0.0336361303926,-2.08283686638,-1.47680425644,1.21563971043
134,9,H,9.47365694,12.6827898,14.37852651,1,0.0212441049516,0.957705318928,-1.77649414539,0.492061764002
134,10,H,14.90051478,11.25908555,13.00732225,1,0.0147659964859,1.89045262337,-1.2945381403,1.1368111372
134,11,O,13.06704356,11.67892951,15.05382564,-2,-0.070276170969,0.0556291006505,-0.694916188717,-2.09861683846
134,12,H,10.42076346,11.45678785,9.83158604,1,0.0321355760098,1.40882086754,2.18477320671,-1.31447124481
134,13,H,8.3026048,12.94691221,10.0815433,1,0.0147859826684,0.17961896956,0.339008688927,-0.330909192562
134,14,H,12.04141119,14.84024,13.46151516,1,0.0144638419151,-0.214766964316,0.923120379448,0.741904556751
134,15,H,13.87869418,10.32779024,13.10508436,1,0.0687702670693,5.72173452377,-0.760876297951,2.39209365845
134,16,H,10.91158277,11.71392166,8.36258016,1,0.0194041933864,0.138797789812,-0.544093251228,1.65817034245
134,17,H,9.35418448,10.23073204,11.44697093,1,0.0174646340311,-3.7973086834,-0.337011218071,3.89054846764
134,18,H,13.91107228,11.61161385,10.39736711,1,0.0255462378263,0.54281103611,1.53302299976,2.43140602112
134,19,O,11.23864461,14.95493835,14.01057402,-2,-0.0618182383478,-1.54441249371,-1.59631216526,-1.40840601921
134,20,H,13.36028999,14.11505039,14.92374212,1,0.0589556843042,-0.379977673292,-0.672105610371,-5.84755182266
134,21,H,9.10423932,12.4195301,13.12760678,1,0.0213380698115,-0.786137163639,-0.371108353138,-2.4092233181
134,22,O,9.19121198,12.72685148,10.35117373,-2,-0.687515497208,-0.0843239948153,-1.06719172001,0.345265626907
134,23,H,11.21804296,10.87207648,12.49921576,1,0.0372234359384,-3.12148809433,-0.358758062124,0.344877779484
134,24,H,15.18277613,10.36024917,9.3556506,1,0.0224166028202,-1.2766931057,0.380829274654,0.808007955551
134,25,H,10.45454859,12.97583444,10.53029829,1,0.0226175114512,-0.277652800083,1.58580958843,1.38109135628
134,26,H,12.29322432,9.85329484,12.54665551,1,0.0422280989587,-0.0642991885543,2.81265592575,-0.844463527203
134,27,O,10.00287585,10.19349531,10.84124606,-2,-0.0559330433607,2.23243045807,-1.0184391737,-1.47009599209
134,28,H,13.58277189,12.45477608,14.68243751,1,0.0114464983344,-0.940289258957,-2.27758693695,0.359188824892
134,29,O,13.27860802,13.84988887,13.69587333,-2,-0.00978726148605,3.6673822403,1.90604996681,3.55586671829
134,30,H,10.89555635,14.05348227,13.71539033,1,0.0169299542904,-0.0966758355498,1.51318466663,1.22774577141
134,31,H,14.38268874,12.99922488,11.56502815,1,0.0181322358549,-1.77654612064,-4.19575405121,-1.57781326771
134,32,H,11.24963618,13.78417876,11.8476824,1,0.0164850912988,-1.25446617603,2.09075570107,2.11191225052
134,33,H,15.87620739,9.33403848,14.11708817,1,0.0094885751605,-0.594891786575,2.14101910591,-0.705939054489
134,34,O,15.07864682,10.41076406,13.57772174,-2,-0.071863822639,-7.55288648605,3.81031870842,-4.98993587494
134,35,H,13.73080678,10.02890869,8.78101064,1,0.0290082488209,1.42776632309,1.95020985603,3.49872517586
134,36,O,11.38583085,13.28555547,11.0974578,-2,-0.165706038475,2.17417478561,-4.29706954956,-1.30784392357
134,37,O,13.97932187,11.99907462,11.40737646,-2,-0.0779249072075,1.60482120514,3.86103487015,-0.00376402586699
134,38,O,11.09823187,11.23019406,9.21434643,-2,-0.0689459517598,2.23419189453,0.644717156887,-4.04970645905
135,0,H,12,12,12,1,0.22497920692,0.0909839048982,0.571782052517,-0.560552239418
135,1,O,13.46202247,12.89077904,8.955327,-2,-0.0482707172632,-4.12239837646,-1.38249874115,-0.0825534909964
135,2,O,12.0923104,10.90592762,12.90741174,-2,0.40700083971,-1.54134225845,-2.24550414085,-1.39741325378
135,3,H,12.8377164,11.17770213,14.70004159,1,0.0106440782547,-2.56134581566,-5.5445933342,-6.92215776443
135,4,H,14.13619443,13.29360737,9.48622957,1,0.0162657666951,-0.379170387983,0.677723348141,0.760481476784
135,5,H,13.93936015,14.41740675,13.4882283,1,0.0160508565605,-2.09586191177,-1.29356169701,1.83869814873
135,6,H,9.46203546,10.95952446,10.56695643,1,0.0415721721947,-0.208295360208,-0.707783341408,1.18592369556
135,7,O,13.06769248,11.70195134,15.31904021,-2,-0.0562770478427,5.04792833328,6.98173856735,6.66158342361
135,8,H,10.38760299,11.1997414,10.09982331,1,0.0290090814233,-1.61505794525,1.53958952427,1.41665649414
135,9,H,8.21373817,12.78418474,10.36877443,1,0.0133148096502,0.00935018993914,0.55078971386,-0.246660009027
135,10,H,10.9344502,11.77125762,8.76037914,1,0.0217273309827,-0.950839936733,1.03606414795,-1.27213001251
135,11,H,9.08269732,10.32922355,11.60131035,1,0.0197702646255,2.42498850822,-1.44587397575,0.320738375187
135,12,H,13.87942794,11.98990771,10.7921594,1,0.0189712718129,-0.6254799366,-0.544986903667,-6.60540294647
135,13,H,13.38844393,14.09607309,15.33056116,1,0.0692202299833,-0.758521318436,-0.828374803066,-5.97456598282
135,14,O,9.13481554,12.76841523,10.61470621,-2,-0.678716659546,0.131731033325,-1.35437715054,0.118274405599
135,15,H,11.08050747,11.0429421,12.87688869,1,0.0302502457052,1.56365764141,-1.5249273777,0.225266635418
135,16,H,10.39188733,13.0270254,10.83241428,1,0.0298971012235,-0.438514322042,1.0339922905,1.35578560829
135,17,H,12.35371228,9.79531275,12.74673438,1,0.0377456881106,-1.5824047327,5.14290904999,-0.0334265753627
135,18,O,9.99569984,10.23825187,11.10553377,-2,-0.0517584383488,-6.39539670944,0.219379886985,2.81170511246
135,19,H,13.82531562,12.28642147,14.91399437,1,0.0128659810871,-2.47689366341,-2.05921173096,0.899816215038
135,20,O,13.21831758,13.83409697,13.97181748,-2,-0.0437661930919,2.86049962044,3.10059595108,3.80829381943
135,21,H,14.25730367,12.95039532,11.87410157,1,0.0155062098056,0.749478876591,2.46112179756,0.210398837924
135,22,H,12.43545602,12.76450067,9.37198344,1,0.021214434877,4.63516664505,0.812212526798,-0.755843579769
135,23,H,11.31670513,13.75048355,12.28758456,1,0.0164367500693,-0.570748209953,-0.629502236843,-2.36792373657
135,24,O,11.35808434,13.33417039,11.35678941,-2,-0.0684971511364,1.60230028629,-2.09412074089,2.88298296928
135,25,O,13.97534033,12.11074698,11.64935721,-2,-0.0280645042658,0.208738654852,-2.11254549026,6.25071573257
135,26,O,11.03426736,11.22038284,9.50037923,-2,-0.0770915672183,6.99742889404,-0.360052913427,-4.52871179581
136,0,H,12,12,12,1,0.287269890308,-0.700286209583,0.603807926178,0.930544018745
136,1,H,15.01439991,14.65544394,10.18980899,1,0.0182524528354,-7.38836860657,6.12990236282,3.50675344467
136,2,O,13.32489806,12.9652958,9.1868777,-2,-0.0630511641502,-4.08575296402,-1.30790615082,1.97370100021
136,3,O,11.97250221,10.9331459,13.14503982,-2,0.247473433614,-2.21609401703,0.908630609512,-1.10029399395
136,4,H,14.05048579,13.21768302,9.79093715,1,0.0186221972108,-1.3103376627,-0.061952367425,-0.0737085938454
136,5,H,9.19765719,10.9967052,10.92005805,1,0.0504556670785,1.33114147186,0.183996334672,0.603428959846
136,6,H,15.21727609,13.64697381,9.01882651,1,0.0270896162838,1.81071102619,2.48772406578,2.73317956924
136,7,H,10.25118989,11.06798131,10.42953495,1,0.0223473235965,1.00123929977,1.5891917944,-1.51456928253
136,8,O,15.61787841,14.17651772,9.8638991,-2,-0.0346429720521,6.41086435318,-7.97981977463,-6.65247535706
136,9,H,8.05493041,12.70043793,10.63663268,1,0.0139069445431,1.49981796741,0.837295234203,0.307315140963
136,10,H,10.83309995,11.87793434,9.08129369,1,0.021039897576,-1.01020288467,-0.108631104231,0.0858113616705
136,11,H,8.79515383,10.39158016,11.87106365,1,0.047025129199,4.35941934586,-1.47255003452,-0.362015426159
136,12,H,13.76171515,12.34831893,10.93957843,1,0.0204959250987,0.175164401531,-0.600522100925,0.913021862507
136,13,O,9.00838163,12.81642036,10.87760054,-2,-0.787891805172,-1.8325394392,-1.60200822353,-0.256265640259
136,14,H,10.93965369,11.14872085,13.29965671,1,0.0276220329106,3.23284387589,-2.03231692314,-0.71776753664
136,15,H,10.34380902,13.16326013,11.24563595,1,0.02056466043,-1.46382451057,0.0577107146382,0.385504454374
136,16,H,12.24186412,9.94970339,12.95798197,1,0.0262406449765,-1.57091331482,2.71277618408,0.220542997122
136,17,O,9.90155832,10.29532221,11.37362693,-2,-0.0313501060009,-9.40903663635,-0.416828125715,4.40835237503
136,18,H,14.10053273,13.07232626,12.21502821,1,0.0176645033062,0.680341362953,2.3931748867,0.991150975227
136,19,H,12.2845616,12.67198182,9.75444552,1,0.0327882952988,4.58861780167,1.00037193298,-2.08508300781
136,20,H,11.30378214,13.70089736,12.60566155,1,0.0198974180967,-0.854667246342,-0.596035897732,-3.04081559181
136,21,O,11.26333376,13.38856955,11.61902039,-2,0.14762955904,3.24391484261,-1.57796895504,3.63310599327
136,22,O,13.90445494,12.22881294,11.90693073,-2,-0.0162156745791,-0.916008234024,-2.28542304039,-1.58432173729
136,23,O,10.92733405,11.22253174,9.77322719,-2,-0.133233889937,4.42397928238,1.1373500824,-3.30511617661
137,0,H,12,12,12,1,0.231578469276,-0.263966232538,0.228623390198,0.905561983585
137,1,H,12.82002215,15.67850388,10.46040822,1,0.0044043790549,2.18775248528,0.0438742861152,-0.861558020115
137,2,H,14.71366167,14.87651058,10.55932904,1,0.0147613435984,2.65044426918,-2.24636459351,-2.65742611885
137,3,O,13.14583298,13.01785036,9.40877755,-2,-0.0492976121604,-2.86273026466,-1.68144989014,2.58641123772
137,4,H,12.43462084,15.52316126,7.4122566,1,0.0171275921166,0.479835897684,0.17530938983,-1.71914517879
137,5,O,11.81745606,10.94625987,13.3656876,-2,0.0906530767679,-1.9643484354,10.6184597015,2.23583936691
137,6,H,12.99937751,15.46772209,8.93618554,1,0.032552972436,2.09378933907,-0.317039757967,3.36307048798
137,7,H,13.8691086,13.13769942,10.0731696,1,0.0226608999074,-0.251451224089,0.649813175201,-1.73273205757
137,8,O,13.89686766,10.54923374,10.52699169,-2,-0.0309857875109,1.24790859222,-0.769560694695,-3.27708506584
137,9,H,8.99972949,11.03881454,11.27984003,1,-0.0545438826084,1.60563528538,-1.57615625858,0.528730690479
137,10,H,14.95726049,13.79180924,9.4085112,1,0.0112142022699,0.00169759616256,0.129620328546,-1.41140031815
137,11,O,11.8228388,15.28167695,8.0820082,-2,0.0309531390667,-0.896394133568,0.118326514959,0.811721146107
137,12,H,10.15924466,11.01274624,10.69700049,1,-0.000194162130356,0.560953021049,0.210915952921,-0.484958946705
137,13,O,15.47402977,14.19227668,10.08024635,-2,-0.120962701738,-0.0166294761002,1.1745749712,3.32815814018
137,14,H,10.63582703,11.92896584,9.37313682,1,-0.0134831722826,-0.294009298086,-0.889796197414,0.649995207787
137,15,H,8.63089955,10.40254546,12.22576361,1,-0.154069036245,2.78075051308,-1.22856855392,-0.151161953807
137,16,H,13.62011399,12.61961643,11.1048899,1,0.0310302823782,0.84483897686,-1.87075829506,4.90177440643
137,17,H,10.91914484,11.14907821,13.70392885,1,-0.0164878964424,0.782348752022,-1.3540802002,-0.666142225266
137,18,H,14.70857733,10.91098478,9.98138739,1,0.0157995149493,-2.44050836563,-1.22705280781,1.5567895174
137,19,H,10.26899,13.29666563,11.68535904,1,-0.0362814292312,-3.68288040161,-0.594480574131,-0.652847290039
137,20,H,12.02135355,10.15488058,13.14722661,1,-0.00100801512599,1.31168496609,-8.78058338165,-2.26030755043
137,21,O,9.74707507,10.33180051,11.63746689,-2,0.0229896456003,-8.14657211304,1.07276785374,3.47615194321
137,22,H,11.42544038,14.42606788,7.85900468,1,0.0105995349586,0.562962532043,0.140972197056,0.0681375786662
137,23,H,13.94681946,13.322716,12.59334283,1,-0.00254830904305,-0.445720016956,-3.88099479675,-1.62007129192
137,24,O,13.68099656,15.60173113,9.90235628,-2,-0.0553627833724,-6.1782450676,1.88129031658,-1.18029105663
137,25,H,12.36835839,12.61863738,10.05145902,1,0.00895384885371,2.18369436264,0.856874406338,-2.63045096397
137,26,H,11.24547071,13.59571062,12.76873319,1,-0.0298019051552,0.10414801538,0.744445860386,2.89271807671
137,27,H,13.32345203,10.07536813,9.83625581,1,0.0110303498805,1.21665680408,1.14679217339,1.36681973934
137,28,O,11.1469153,13.42151075,11.87264345,-2,0.149094671011,4.17893314362,-0.822113215923,-1.96538627148
137,29,O,13.80319375,12.32402113,12.14666906,-2,0.00467143952847,-0.671656548977,5.58329153061,-1.19778454304
137,30,O,10.81012421,11.21133944,10.01935087,-2,-0.145048692822,3.32099080086,2.46303772926,-4.20312929153
138,0,H,12,12,12,1,0.135978490114,-0.0109313391149,0.301915585995,0.551700770855
138,1,H,12.5894295,15.57275093,10.72413549,1,0.00462658330798,4.29341459274,0.510946273804,-1.716360569
138,2,H,14.45959789,15.01625076,10.78042201,1,0.0434503778815,3.54525327682,-3.0413672924,-2.30977225304
138,3,O,12.96169055,13.05491713,9.58995002,-2,-0.050427429378,1.64221775532,2.40408205986,-3.33494114876
138,4,O,11.66142928,10.97246575,13.54073888,-2,0.0149373710155,3.26929831505,-1.47052681446,-2.15535140038
138,5,H,13.00273876,15.49109432,9.21648505,1,0.00739412754774,3.21603751183,0.19475120306,3.2984893322
138,6,H,13.66499372,13.07617177,10.22323377,1,0.0209304001182,2.56508159637,1.157289505,-0.96237641573
138,7,O,13.75612097,10.55413798,10.75071231,-2,-0.0317447632551,-4.42058038712,-3.58126688004,-1.32858800888
138,8,H,8.94233746,11.10347287,11.59076867,1,0.00376887619495,0.998651206493,-0.5779530406,-0.576932907104
138,9,H,14.69039906,13.95536412,9.6513908,1,0.00956760533154,-0.829914867878,-0.546376049519,-2.53363490105
138,10,H,10.12592873,11.02268612,10.87732492,1,0.00497762486339,-0.681253492832,-0.306072115898,1.15841770172
138,11,O,15.33369097,14.19414484,10.25830686,-2,-0.474441111088,0.290623664856,1.95224797726,4.21610403061
138,12,H,10.40295457,11.89689199,9.65353156,1,-0.00404328666627,-0.275752931833,0.694370031357,-0.697721719742
138,13,H,8.61970348,10.38163335,12.59235699,1,-0.0611599981785,3.57579064369,-1.49194025993,-1.31721389294
138,14,H,13.52878209,12.77227179,11.50323769,1,0.0210949480534,-0.0199295841157,0.741277992725,-2.105458498
138,15,H,10.9001867,11.08780044,14.05046067,1,-0.0106317792088,-2.05326294899,-0.669071435928,1.03487503529
138,16,H,14.4199353,10.98326564,10.27600789,1,0.0150817660615,1.76103675365,0.879112780094,-1.55773556232
138,17,H,10.02466473,13.37301904,12.018761,1,-0.0375378280878,2.16837787628,0.222896456718,0.0764523223042
138,18,H,11.82802102,10.02699861,13.19430553,1,0.00928017310798,-0.968744635582,2.29652786255,1.14397275448
138,19,O,9.56155678,10.35218155,11.86593249,-2,0.0182264149189,-7.76756572723,0.538413465023,5.00257635117
138,20,H,13.7614353,13.36512633,12.84136099,1,-0.010923249647,0.0524660944939,-3.23558044434,-1.24953496456
138,21,O,13.58672488,15.65656287,10.15731661,-2,0.324446320534,-9.84684753418,1.68735170364,-1.07869839668
138,22,H,12.5373439,12.58007289,10.20145443,1,0.00439254753292,-5.19819450378,-3.97037792206,2.63911437988
138,23,H,11.21495519,13.50036607,13.00095247,1,-0.026494346559,0.225840881467,0.10839818418,1.29454302788
138,24,H,13.09470155,10.07613524,10.03717753,1,0.0165369138122,2.68982672691,2.08448219299,2.54693341255
138,25,O,11.04649366,13.43844033,12.0717629,-2,0.0919293537736,-2.08175063133,-0.455572485924,-1.21584796906
138,26,O,13.70195063,12.42503673,12.32980527,-2,0.0482733100653,-0.0106174889952,2.73064899445,5.03838634491
138,27,O,10.7109849,11.19494976,10.20286841,-2,-0.0874893590808,3.87140750885,0.841361224651,-3.86140489578
139,0,H,12,12,12,1,0.0932785719633,0.0820381045341,0.321544587612,0.43413618207
139,1,H,12.59258514,15.45299984,10.83046804,1,0.0113094262779,2.41195273399,0.827395915985,-0.574094295502
139,2,H,14.29054922,15.04742417,10.79071283,1,0.0281262919307,3.540579319,-2.56880927086,-1.21550393105
139,3,O,12.80832642,13.05751189,9.67563381,-2,-0.0545969903469,-0.844258844852,-1.97298324108,2.01627087593
139,4,O,11.54162784,10.9576431,13.61675482,-2,-0.0121549814939,-1.11705029011,-3.21734046936,0.448262274265
139,5,H,13.11769751,15.45808673,9.49800904,1,0.0131686702371,0.244586110115,-0.809928536415,-2.6076259613
139,6,H,13.59708317,13.03926261,10.23369284,1,0.0182216688991,1.6473351717,0.994077026844,-1.16397583485
139,7,O,13.62672531,10.51035688,10.87785033,-2,-0.030604377389,0.304918020964,-0.357626497746,2.08928370476
139,8,H,8.98368071,11.20158173,11.77529458,1,0.0123422332108,-0.0690545663238,-0.570543050766,-0.129217132926
139,9,H,14.43973533,14.07656194,9.66519655,1,0.0109857041389,3.87035226822,-0.206078156829,1.13121497631
139,10,H,10.09884633,11.01174067,11.04271338,1,0.00905099883676,1.57192933559,-0.444687843323,-0.359158366919
139,11,O,15.22047983,14.15784986,10.35953695,-2,-0.696845650673,-3.98772859573,0.650085449219,-0.685206890106
139,12,H,10.17993347,11.85360084,9.82230734,1,-0.00290452688932,0.648012399673,-0.166031599045,-0.381428927183
139,13,H,8.7880662,10.29694673,12.83604921,1,-0.0039179623127,1.32351601124,-0.980408787727,-0.829786539078
139,14,H,13.45139364,12.94807067,11.6808598,1,0.0171761028469,-0.18809184432,1.68592405319,-3.7644340992
139,15,H,10.79532338,10.96856015,14.325992,1,-0.00778865069151,1.94489336014,-0.634622812271,-1.95621812344
139,16,H,14.24184728,11.03625991,10.40639254,1,0.0170502588153,1.1621632576,0.616512537003,-0.7875187397
139,17,H,9.8654235,13.37355294,12.21272892,1,-0.0475111603737,3.99487233162,0.383181393147,0.0233504790813
139,18,H,11.61741391,9.95603901,13.19590399,1,0.0119980685413,-0.55019724369,3.93293857574,1.86471927166
139,19,O,9.37583528,10.32823847,12.01863401,-2,0.00352369248867,-4.15037107468,0.504405021667,3.25016736984
139,20,H,13.58731117,13.21715999,12.96743903,1,-0.00933102332056,0.223999753594,3.10422849655,3.61777734756
139,21,O,13.49043015,15.67322042,10.32405729,-2,0.561319172382,-5.66679143906,2.71210932732,3.76549386978
139,22,H,12.5019437,12.34120142,10.33852004,1,0.00967448577285,-1.57451283932,0.5600040555,-2.0391728878
139,23,H,11.23844151,13.37797153,13.2058527,1,-0.0240974575281,-1.0499266386,0.0437028445303,-3.17903971672
139,24,H,13.03608618,10.158165,10.25990327,1,0.0130695682019,-1.39747226238,-0.829087138176,-1.64259088039
139,25,O,10.9715526,13.41119301,12.17611942,-2,0.0606392547488,-2.81688547134,-0.344898372889,3.27697324753
139,26,O,13.62643163,12.49249763,12.43584158,-2,0.0620027109981,0.0741072520614,-4.40387058258,1.31766104698
139,27,O,10.65554692,11.14276544,10.28247213,-2,-0.0631841719151,0.367071598768,1.17081785202,-1.92034971714
140,0,H,12.99668529,7.77847522,9.1832732,1,0.0168772265315,2.11270213127,-0.604208052158,-0.201478809118
140,1,H,12.51370525,14.80119402,12.2355016,1,0.0194337144494,-4.56156826019,-3.16360116005,3.23685145378
140,2,O,14.8656014,12.8434,10.36370365,-2,-0.0287137106061,-3.16991353035,-2.95232415199,0.260426014662
140,3,H,12.20934644,10.04107563,14.00637586,1,0.0134208872914,2.01611685753,7.12337398529,-0.0495599322021
140,4,H,11.4164415,8.68422877,9.73931083,1,0.0353793501854,0.105606466532,1.95051467419,-0.614213883877
140,5,H,15.01187591,10.82957108,14.56589326,1,0.0243755821139,-4.93522596359,0.047860648483,0.138105139136
140,6,H,15.25121548,14.08314542,11.07756629,1,0.007519133389,0.683057129383,0.82875418663,0.402704596519
140,7,H,9.36109165,9.75070512,13.25679752,1,0.026238264516,-1.30050301552,-4.34551382065,3.29921388626
140,8,O,12.61977183,12.56029429,9.19712531,-2,-0.0434007942677,-0.35475641489,-1.84013962746,0.551560044289
140,9,O,10.14969662,10.9311895,8.99673678,-2,-0.0442469716072,1.25212347507,1.1022799015,-0.415019065142
140,10,O,9.95686817,13.20911838,12.72804445,-2,-0.863018870354,-0.484667986631,0.280704408884,-0.0342155843973
140,11,H,14.88705231,14.94992117,12.31882109,1,0.0176066420972,2.4906835556,-0.223356589675,-2.20714211464
140,12,H,14.47212916,12.72242378,9.46665182,1,0.0199154391885,0.639762341976,0.277857631445,0.900699317455
140,13,O,13.89439721,10.84263157,14.5647291,-2,-0.0202258750796,6.13707399368,1.65641629696,-0.0932949110866
140,14,H,11.3043268,14.91202631,10.4278509,1,0.0265057608485,1.59696102142,10.0324497223,0.977596282959
140,15,H,10.35719973,13.77108545,10.86231304,1,0.0217655934393,-2.09464454651,0.139882057905,2.49921774864
140,16,H,9.1808135,13.59323841,13.23005926,1,0.0155025422573,1.50118982792,-0.697705209255,-0.866605639458
140,17,H,14.02929299,12.45500164,10.87711813,1,0.0145021863282,2.81123328209,1.42528557777,-1.50154852867
140,18,H,10.83078499,11.61320934,8.72179767,1,0.0159769169986,-1.10623347759,-1.27478301525,0.154181838036
140,19,H,12.75041496,12.97953158,8.35341258,1,0.0232510901988,-0.806781232357,0.646045982838,-0.279721319675
140,20,H,12.30638914,11.66833729,14.74559042,1,0.0146181248128,2.04347395897,0.658567547798,0.905902028084
140,21,H,13.62647167,9.95096204,14.45924532,1,0.0169583596289,0.144702255726,-1.98630201817,0.222967758775
140,22,O,13.16594211,15.32730466,11.96204045,-2,-0.0307296738029,1.797955513,1.64482724667,-6.48970127106
140,23,H,14.47425838,7.3487088,9.96947959,1,0.0184623971581,-2.33559155464,0.101412191987,-2.14287471771
140,24,O,15.65596418,14.78428217,11.63440771,-2,-0.0835502818227,-1.62193834782,0.59211987257,2.41815900803
140,25,H,12.94568798,15.02763797,10.92255403,1,0.023706343025,2.14959335327,1.65152204037,3.79390358925
140,26,H,13.69609458,10.60582765,11.84466241,1,0.0253227688372,-1.2939324379,0.912969648838,0.0714341253042
140,27,O,12.29511863,9.14617654,9.88756095,-2,0.0222127065063,-2.76815152168,-0.758071303368,-0.586439669132
140,28,H,11.19779983,12.57864038,14.1817055,1,0.0149777382612,-1.01567471027,2.72928190231,-1.12365353107
140,29,O,11.82532304,9.27291993,14.0050461,-2,-0.0527305677533,-2.01187086105,-8.91017341614,-4.4018330574
140,30,O,9.75400205,9.88687539,12.43887041,-2,-0.0473779663444,0.573696017265,-1.06798124313,-2.57758259773
140,31,H,12,12,12,1,0.283740758896,1.25528693199,-2.80746293068,-0.129936635494
140,32,O,11.08206413,14.11059332,10.38300893,-2,-0.0174334943295,-0.843048274517,-10.0386476517,-2.57138681412
140,33,O,12.74323915,10.77004285,11.60343743,-2,0.475569248199,-0.377198696136,2.31957030296,1.04611182213
140,34,H,11.88485055,9.05816403,12.93279485,1,0.013540353626,-0.789777994156,0.781775653362,4.48609209061
140,35,H,11.83293211,12.85164966,9.75173312,1,0.020278621465,1.11355400085,1.2076382637,-1.46644389629
140,36,O,11.42086329,11.73784724,14.48700161,-2,-0.0453980453312,-1.43539655209,-2.34804296494,0.159716874361
140,37,H,9.55740363,10.69909207,12.83435853,1,0.0254000145942,0.786349177361,5.72495508194,-1.35137963295
140,38,H,12.52802013,10.24090583,10.74475113,1,0.027037255466,-0.414368599653,0.544488430023,0.187734663486
140,39,O,13.81175161,7.22675928,9.18778311,-2,-0.0458896048367,1.39848184586,-0.573982775211,1.3752092123
140,40,H,12.54190265,8.42832448,10.4452302,1,0.0289171524346,1.6038326025,-0.790420413017,1.73295164108
140,41,H,10.46259654,10.70648556,9.87792231,1,0.0137036293745,-0.492234826088,0.00225679925643,0.283202052116
141,0,H,12.44980558,14.91526049,12.46039894,1,0.0183293782175,1.43027722836,1.01955258846,-0.717995882034
141,1,O,14.87405309,12.93338677,10.41129056,-2,-0.0584180466831,-0.0456290543079,-0.671158909798,3.36312603951
141,2,O,13.62651993,14.82636158,8.58464013,-2,-0.023831024766,1.37552905083,2.16710591316,3.3406124115
141,3,H,12.13047853,10.30013264,13.88186111,1,0.0105877965689,-1.48241198063,-2.25430202484,1.49363994598
141,4,H,11.50281299,8.69023053,9.8842314,1,0.0250916741788,-1.23441970348,0.460004687309,-0.323285400867
141,5,H,9.26170027,9.71036515,13.27869897,1,0.0193962920457,1.44740331173,-0.796378731728,-1.64455401897
141,6,H,12.90705891,14.54925066,8.10762794,1,0.0224011372775,-1.68314361572,-0.213212177157,-2.63540887833
141,7,O,12.63520914,12.70906307,9.26692652,-2,-0.0678790584207,-0.757842838764,-5.19408988953,4.4434762001
141,8,O,9.97834051,13.27230885,12.74507138,-2,-0.845258235931,0.895701885223,-0.52027541399,0.0158401280642
141,9,H,6.68408193,14.77306206,12.8261574,1,0.0186804514378,-0.157990857959,-0.014669326134,-0.0893993750215
141,10,H,14.51827462,12.83969897,9.55265207,1,0.0129890292883,-0.857643246651,-0.138073354959,-1.21577954292
141,11,H,11.48963431,15.07562671,10.44010285,1,0.026579413563,-1.7170778513,-2.53482151031,0.365370452404
141,12,H,10.41839283,13.88888416,10.98998847,1,0.0184072833508,-1.4623516798,0.544036448002,2.05723047256
141,13,H,9.21624236,13.67394871,13.17405082,1,0.00736203044653,0.665232539177,-0.55078125,-0.464521050453
141,14,H,14.06603265,12.71375908,10.98055315,1,0.0116719380021,1.88438153267,0.931283771992,-1.57522809505
141,15,H,12.70706014,13.12640052,8.48040274,1,0.0196690000594,-0.863135099411,1.49070036411,-2.92314124107
141,16,H,12.27888663,11.75119389,14.97828887,1,0.0183566659689,-0.0662639290094,0.813090145588,0.460835337639
141,17,O,13.2290696,15.38934333,12.01681695,-2,-0.0483830869198,-2.38833236694,-2.17008328438,-2.90701198578
141,18,H,13.05873676,15.07576105,10.9953889,1,0.0178902409971,1.45715069771,1.05351293087,3.8217022419
141,19,H,13.65177166,10.99026733,12.00819278,1,0.0263541825116,0.336763143539,0.045202203095,-0.038221154362
141,20,O,12.3257049,9.16866074,9.95282168,-2,0.0162933319807,1.34454798698,-0.844229161739,0.645499408245
141,21,H,11.11642636,12.68859576,14.2497296,1,0.0166630931199,0.264561116695,-0.665930628777,-0.130133360624
141,22,O,11.81073864,9.3372508,14.09945394,-2,-0.067308947444,2.49096035957,1.10943317413,-6.06508684158
141,23,O,9.80292253,9.95746334,12.45328273,-2,-0.0678552389145,-3.51184535027,4.88969898224,3.53842782974
141,24,H,14.49214157,14.87586423,8.23360715,1,0.0211755037308,0.713156044483,-0.0605159364641,-1.30159378052
141,25,H,12,12,12,1,0.231482565403,1.50247788429,-3.46161103249,-0.926978290081
141,26,O,7.23652716,13.99662766,12.96870862,-2,-0.0332212150097,2.20001220703,1.61973059177,2.07690501213
141,27,O,11.15912938,14.10583381,10.44089837,-2,-0.020224057138,1.32682490349,2.53451490402,-1.13403141499
141,28,O,12.7750616,10.84924452,11.63460404,-2,0.5625628829,-1.83868253231,3.46414756775,1.64608347416
141,29,H,11.87782837,9.18235296,12.96760366,1,0.0124978758395,-0.976985454559,-0.173458009958,4.95033740997
141,30,H,11.85288237,12.82191508,9.91512609,1,0.019006986171,1.4428319931,1.10943579674,-2.6905798912
141,31,O,11.44425399,11.77901122,14.5066853,-2,-0.033113270998,-0.158524498343,0.905658364296,-0.508974850178
141,32,H,9.45682939,11.11479577,12.86923284,1,0.0321028679609,2.18491077423,-3.43970990181,-2.66556477547
141,33,H,12.77457917,10.24311089,10.77429633,1,0.0337757244706,-1.31157541275,0.826849162579,-0.138779163361
141,34,H,12.76807605,8.53996699,10.55011787,1,0.0228944122791,0.432951182127,-0.0966874659061,-0.342926502228
141,35,H,8.01050681,14.41230798,13.55683122,1,0.0232704356313,-2.88175106049,-1.18404972553,-1.7798166275
142,0,O,14.87502459,13.06775188,10.47008272,-2,-0.0576827600598,4.10012388229,-0.389142692089,-1.89202523232
142,1,H,8.31937785,11.2842829,11.64788318,1,0.0219975933433,-0.563380658627,-0.0178791284561,-0.0884003341198
142,2,O,13.61433235,14.91159474,8.66589314,-2,-0.024789981544,1.62340378761,1.43596982956,-0.287166506052
142,3,H,11.96216847,10.51626144,13.81642308,1,0.0167335644364,-1.29912137985,-3.25640273094,3.07225465775
142,4,H,8.68598772,12.49691348,12.5211847,1,0.0193242169917,-0.83083575964,0.379828244448,-0.862685143948
142,5,H,9.22789785,9.66836176,13.24466723,1,0.0201028399169,2.23977231979,1.34746468067,-2.56043386459
142,6,H,12.95833611,14.60860694,8.03009093,1,0.0247271992266,0.888635337353,1.22419309616,-0.774749338627
142,7,O,12.64320407,12.88909552,9.35808225,-2,-0.0652879551053,3.02249121666,-2.92262649536,-5.11364841461
142,8,O,10.10260864,11.05673992,9.04782535,-2,-0.0449718125165,-0.569546222687,-1.40365839005,3.98655462265
142,9,O,9.99518278,13.38611174,12.7670749,-2,-0.786589205265,3.52245211601,-1.79896998405,-1.41742444038
142,10,H,6.88964275,14.99844683,12.94557087,1,0.018449889496,-0.162422478199,-0.113535068929,-0.0851759165525
142,11,H,14.50225317,13.00922028,9.57474968,1,0.0135039687157,-0.223030254245,0.0236633401364,0.85970044136
142,12,H,11.59028104,15.260691,10.47448969,1,0.0268308892846,-1.71715593338,-5.30552101135,0.345038741827
142,13,H,10.42492267,14.07862195,11.16923678,1,0.0170697979629,1.8127117157,0.39850962162,-0.622849166393
142,14,H,9.26528146,13.78384154,13.11800609,1,0.0170581005514,-1.82849085331,1.66736793518,1.18141710758
142,15,H,14.15581556,13.05604781,11.0149234,1,0.0127782560885,-3.00803375244,0.458577930927,1.72957336903
142,16,H,10.91796593,11.44154867,8.73688393,1,0.0130310878158,0.657872378826,0.200571790338,0.344066262245
142,17,H,12.59655754,13.38599708,8.46247128,1,0.0275674089789,-1.07743859291,-2.34310221672,3.63405776024
142,18,H,12.23454166,11.93385127,15.1981065,1,0.0202166438103,-2.21513724327,0.205082669854,-1.57122981548
142,19,H,13.58519938,11.39547795,12.16977546,1,0.0350775420666,-0.558686435223,-1.6986477375,-1.54046797752
142,20,H,11.08540694,12.79231415,14.29652215,1,0.0173276104033,0.472598403692,-1.25728082657,0.0195479542017
142,21,O,11.79323896,9.45472391,14.1791548,-2,-0.0839291960001,2.03847146034,4.06355905533,-0.735897600651
142,22,O,9.83668319,10.09507621,12.48622386,-2,-0.202418461442,-2.48713207245,2.59666514397,2.63346743584
142,23,H,14.54634624,14.88274188,8.32979204,1,0.0207297988236,-1.56028616428,0.0699102655053,-0.104296296835
142,24,H,12,12,12,1,0.147384047508,1.2284733057,-3.45556807518,-1.58754813671
142,25,O,7.26289354,14.10810993,13.01114965,-2,-0.0317073017359,1.93113875389,1.62485456467,1.62601351738
142,26,O,11.23484106,14.15318742,10.50364867,-2,-0.030613437295,-1.66906321049,5.89947032928,2.30302786827
142,27,O,12.80034118,10.98341125,11.67281193,-2,0.667207479477,-0.727593719959,2.86408376694,1.52974367142
142,28,O,7.97361148,11.81196737,12.38249267,-2,-0.00974966585636,0.652217745781,-0.315037429333,0.0307471752167
142,29,H,11.84190469,9.33851748,13.25143538,1,0.0097764134407,-0.659083366394,-2.28722882271,-1.7663885355
142,30,H,11.94330753,12.92105173,9.9671955,1,0.0169684439898,-1.9895888567,1.25891375542,0.155231177807
142,31,O,11.45907997,11.87669447,14.52592789,-2,-0.0162946134806,1.82373094559,2.1853992939,1.17235600948
142,32,H,9.4499992,11.35908888,12.77119823,1,0.092910759151,0.958313465118,-4.78050422668,-0.615475714207
142,33,H,12.99044641,10.31980179,10.86179689,1,0.0373374186456,-0.62859505415,2.67468309402,1.96598422527
142,34,H,8.13550418,14.32402174,13.51824019,1,0.0233214553446,-3.05771803856,-0.242506533861,-0.88146597147
142,35,H,10.18940429,10.79222164,10.10166648,1,0.0166020914912,-0.140117138624,1.00881958008,-4.08139038086
143,0,O,14.86165249,13.28460675,10.56175748,-2,-0.0563129335642,-0.746460437775,0.00727894995362,0.0476433262229
143,1,H,8.34852074,11.44771943,11.80339365,1,0.0225358642638,-1.30944955349,0.701680123806,-1.03086531162
143,2,H,11.69375073,10.62648948,13.94541598,1,0.0121050104499,-0.424088954926,-1.11376595497,2.53137683868
143,3,H,8.74743316,12.63810556,12.70403373,1,0.0140744969249,-1.5659943819,-0.52568000555,-0.828137516975
143,4,H,8.63308503,10.08482935,11.56241409,1,0.0196642205119,-0.483204603195,-1.81024909019,-2.77794909477
143,5,H,9.29094317,9.76734431,13.14986314,1,0.0258182343096,0.44644895196,0.849130511284,0.424982577562
143,6,O,12.63709971,13.14315245,9.4784828,-2,-0.067139968276,3.59817957878,-1.61671435833,-6.27746009827
143,7,O,10.0528703,11.23200423,9.11838582,-2,-0.0508464612067,0.183767035604,-0.670338571072,3.61801457405
143,8,H,13.40691501,15.59623252,14.50113445,1,0.0171353127807,0.337436318398,-0.547402262688,-1.22842812538
143,9,O,9.99650855,13.57993469,12.82724789,-2,-0.812777936459,0.134581923485,0.0406265333295,0.250326216221
143,10,H,7.08115868,15.33340793,13.10109007,1,0.0189810730517,0.0371850281954,-2.98177146912,-0.203352361917
143,11,H,14.42387342,13.2652506,9.65651263,1,0.0144876167178,0.488235652447,-0.0412725582719,1.9039850235
143,12,H,11.5404726,15.29043434,10.55645441,1,0.0216778684407,-0.216997921467,-2.45968389511,-0.115078933537
143,13,H,10.52610108,14.3660325,11.29183188,1,0.018545769155,0.612801790237,-0.843403339386,-0.0602659955621
143,14,H,12.93654619,13.88848844,13.95207469,1,0.0190823823214,0.632844686508,4.91056585312,2.72368788719
143,15,H,7.99430345,9.31699101,10.18141885,1,0.0165724232793,-0.895605862141,-2.02644586563,-0.292017608881
143,16,O,8.36409357,10.06884195,10.56234629,-2,-0.051156565547,0.935222148895,2.31976819038,2.33093643188
143,17,H,9.20181659,14.04408516,13.14265451,1,0.0192108377814,2.02027583122,-0.169399097562,-0.580105423927
143,18,H,14.08358145,13.48969956,11.14238101,1,0.0134831182659,1.15627098083,0.160328835249,-1.22693192959
143,19,H,10.93769392,11.4445791,8.81397162,1,0.0116231199354,0.35762578249,0.10768738389,0.308705896139
143,20,H,12.39603468,13.60780467,8.60605794,1,0.0220223553479,0.00691736768931,-1.19477236271,2.40851616859
143,21,H,12.02221441,12.22835614,15.3661413,1,0.021604321897,-0.442272573709,-0.350729256868,-0.44213321805
143,22,H,13.44860628,11.78898758,12.31579032,1,0.0402293205261,0.276500076056,-2.38666915894,-1.71255981922
143,23,H,11.08572708,12.8913848,14.37669419,1,0.0178883709013,-1.80801284313,2.60479736328,-1.07696294785
143,24,O,11.75383379,9.67383029,14.29878613,-2,-0.0715711861849,0.644101142883,2.64770579338,2.10704827309
143,25,O,9.8338591,10.33285083,12.5723458,-2,-0.0470932200551,0.183033466339,2.7545747757,0.0495546832681
143,26,H,12,12,12,1,0.0612392686307,0.875063061714,-3.11198401451,-1.97466206551
143,27,O,7.2698811,14.30621956,13.09746623,-2,-0.0346679724753,-5.84910774231,4.17709827423,-2.14987111092
143,28,O,11.28109847,14.30514645,10.61726496,-2,-0.0117837041616,-2.89769363403,5.08770990372,2.91056346893
143,29,O,12.80219374,11.21402986,11.75826455,-2,0.762327551842,-0.509965181351,2.99550414085,2.23961448669
143,30,O,7.94739776,12.00575095,12.4652833,-2,-0.0790714174509,1.23332476616,0.88780361414,0.91583698988
143,31,H,11.79015115,9.45642318,13.43051775,1,0.0104578137398,0.045680180192,-3.21623778343,-4.18673944473
143,32,H,11.92619376,13.16867083,10.07065785,1,0.0197454318404,-1.88584816456,0.624991893768,0.546028912067
143,33,O,11.45497996,12.0704124,14.5837447,-2,-0.0196725949645,2.20918345451,-0.755544245243,1.22527658939
143,34,H,9.51877287,11.41039313,12.66847167,1,0.0393546000123,0.890671253204,-4.17949581146,0.859105229378
143,35,H,13.14165001,10.52451838,11.01276148,1,0.0448505207896,-1.1812274456,2.7638027668,1.66185975075
143,36,H,8.05779362,14.34679428,13.48966799,1,0.0222533289343,4.04811429977,0.000504702329636,3.09341216087
143,37,O,12.97481611,14.75685331,14.67478977,-2,-0.0410451069474,-1.03531908989,-4.33689975739,-1.41932249069
143,38,H,10.05487476,10.98802734,10.1876903,1,0.0161688700318,-0.10230217129,0.696822166443,-4.57373666763
144,0,O,10.88533248,8.6484258,11.95491019,-2,-0.587611377239,-0.819881260395,1.41508126259,1.60998785496
144,1,H,10.71152891,9.44603527,12.60725088,1,0.0321630835533,0.149839997292,-1.84583735466,-2.49255752563
144,2,O,14.82337782,13.62724301,10.73000106,-2,-0.0508888661861,-2.49302053452,1.4374806881,2.29085445404
144,3,H,11.37662735,10.84325969,14.27705352,1,0.0266198553145,-1.3148714304,3.36777663231,-0.502563655376
144,4,H,11.53612187,9.18340319,10.64661683,1,0.0307570807636,-0.173004984856,0.269115716219,0.764862000942
144,5,H,12.72804358,6.92374421,11.74962547,1,0.0541236549616,-2.53440117836,-7.24894237518,-3.61010980606
144,6,H,9.34127431,10.02491265,13.17459896,1,0.0569013468921,-1.59564208984,0.000288164243102,0.849928200245
144,7,O,12.61704446,13.51237129,9.66525379,-2,-0.108446188271,1.54616463184,-3.11756753922,-0.873988091946
144,8,O,9.98030277,11.53309715,9.28068439,-2,-0.0322923883796,2.38284301758,1.52936899662,-6.77022266388
144,9,O,9.97550237,13.89941654,12.96961245,-2,-0.726687192917,-0.146435320377,0.372044920921,0.311132073402
144,10,H,7.26153771,15.69497304,13.32099556,1,0.0463751405478,-0.718632161617,-3.22390294075,-0.468168139458
144,11,H,14.31503844,13.64598833,9.89807625,1,0.0277127251029,0.329077988863,-0.342271625996,0.0620022304356
144,12,H,11.45448845,15.41755967,10.69509167,1,0.0485361590981,3.04310131073,8.68402957916,-2.57662963867
144,13,H,10.64419008,14.72906259,11.44615684,1,0.0355745218694,-3.51248931885,-1.17923378944,3.65277791023
144,14,H,9.18898047,14.42841568,13.2063966,1,0.0458199605346,1.85013580322,-0.563140869141,-0.96987080574
144,15,H,14.01255307,14.02763091,11.28979911,1,0.0304800234735,3.04077363014,-1.06611025333,-1.66581809521
144,16,O,13.06793941,7.61480554,12.11784739,-2,-0.115549184382,2.59940099716,6.93822860718,3.31277561188
144,17,H,10.95593465,11.59260239,8.98551909,1,0.031867492944,-2.32897591591,-0.393642127514,1.18104863167
144,18,H,12.16664553,13.8333942,8.9274728,1,0.0466149002314,-0.707808852196,0.735651254654,-2.31022262573
144,19,H,11.73736908,12.63641544,15.5861939,1,0.0447184853256,0.607545554638,-0.522599279881,0.888877511024
144,20,H,12.16101794,8.13133477,12.10548395,1,0.0161402672529,0.6203379035,-0.290273725986,0.624358355999
144,21,H,13.29339388,12.18064924,12.4878797,1,0.0566834770143,1.59552204609,-0.282439559698,0.227933496237
144,22,O,12.35451548,9.6770177,10.34104238,-2,-0.0622977614403,-2.77912282944,3.03840875626,-4.35229444504
144,23,H,11.00142551,13.20682241,14.47610204,1,0.0266347825527,-1.15422487259,0.817069292068,-1.32191479206
144,24,O,11.69074003,10.02637846,14.50526744,-2,-0.0639891177416,1.95748603344,-6.23499488831,-3.33997821808
144,25,O,9.80709327,10.70697071,12.74008614,-2,-0.00245337933302,6.32997846603,-18.3807163239,-0.347931206226
144,26,H,12,12,12,1,0.0506012961268,-6.09173536301,1.43038976192,-0.917238235474
144,27,O,7.23805495,14.64069979,13.25784466,-2,-0.0344782993197,-0.0606702901423,4.20520544052,0.326374918222
144,28,O,11.29466951,14.59725525,10.82327385,-2,0.0555759817362,-2.62493252754,-5.28477287292,1.93337368965
144,29,O,12.78062316,11.58658568,11.93366043,-2,0.755893170834,5.98388433456,-2.33965611458,0.453399389982
144,30,H,11.76097683,9.56014246,13.47526985,1,0.0381736420095,0.346937477589,1.29284834862,4.57785224915
144,31,H,11.81523658,13.55334324,10.28152406,1,0.0318236537278,1.36766695976,-0.00872936286032,-0.57896232605
144,32,O,11.43450863,12.39304885,14.72008484,-2,-0.0201690793037,0.424862444401,0.964050114155,0.187715500593
144,33,H,9.62456722,11.4503627,12.69001184,1,0.0346250608563,-5.94164800644,19.6301174164,-0.351347506046
144,34,H,13.22149617,10.90799841,11.23407144,1,0.0742180719972,-2.39911055565,1.62558794022,0.413866847754
144,35,H,12.97725286,9.41011272,10.9030307,1,0.0411930903792,4.01131868362,-3.30489993095,3.32661247253
144,36,H,8.09425383,14.53255551,13.67859303,1,0.0365916676819,-0.774270832539,-0.887741982937,0.809835255146
144,37,H,9.92018685,11.37233803,10.14239312,1,0.0284442305565,-0.01603352651,-1.23532557487,5.64420080185
145,0,O,11.07245218,8.99368601,12.17288196,-2,-0.802874445915,0.555346846581,0.28191524744,1.01655352116
145,1,H,13.12056327,11.76520444,9.29659655,1,0.0136125385761,1.24677360058,-0.877023875713,-3.22861051559
145,2,H,14.33078746,11.85807469,8.19687763,1,0.0156936720014,-2.32478356361,-0.767139494419,0.413193762302
145,3,H,10.9947856,9.87944576,12.58476083,1,0.00161504745483,0.117437809706,-1.31405985355,-1.15020740032
145,4,H,8.42217565,12.10184351,12.13548404,1,0.0224556177855,-0.726300776005,-0.691754996777,-0.801560938358
145,5,H,11.26262786,11.17365858,14.66411461,1,0.0105370692909,1.86347460747,-3.21721720695,-0.487364292145
145,6,H,11.82748205,9.47295042,11.09483945,1,0.00587341934443,-1.51215410233,-0.855991601944,1.36691236496
145,7,H,8.87741984,13.0922978,13.11750823,1,0.0159252360463,0.548164010048,1.57727575302,0.997890353203
145,8,H,9.55690632,10.25231674,13.35317658,1,0.0303266793489,-0.583323001862,1.39714586735,-0.2884375453
145,9,O,12.84153853,13.83631473,9.90921856,-2,-0.135801509023,0.298644214869,-2.09375834465,-2.99566745758
145,10,O,10.16134228,11.8127384,9.47905307,-2,-0.0423549488187,0.816670179367,0.738964676857,-1.13828408718
145,11,H,11.72314085,15.86330079,10.79281836,1,0.0290099792182,-0.27398365736,-3.66065835953,0.769981384277
145,12,H,10.85355469,14.98863733,11.77976965,1,0.0206260941923,0.13029293716,0.00410329923034,-0.415482848883
145,13,H,11.11916903,11.72521423,9.25389857,1,0.017493005842,-1.11715483665,-0.313573986292,0.480955332518
145,14,H,12.19205504,14.01761069,9.18762746,1,0.0200239792466,1.62351894379,-0.366116195917,-0.664267063141
145,15,O,13.40026601,11.46171461,8.32679714,-2,-0.0421567931771,1.29002249241,1.6709048748,2.30995821953
145,16,H,13.4656555,12.51071804,12.74790511,1,0.0315386839211,0.722830057144,1.14116418362,1.03225922585
145,17,O,12.57893394,9.94278506,10.58595869,-2,-0.104197606444,2.49688315392,1.89881455898,-0.725161910057
145,18,O,11.87428098,10.33349696,14.75435643,-2,-0.06478587538,-0.147760942578,0.276896208525,-2.28431677818
145,19,O,10.04280871,11.01972652,12.96174022,-2,-0.0206549540162,0.788944959641,4.79901266098,-1.27899217606
145,20,H,12,12,12,1,0.0410174317658,2.37899637222,-0.645578920841,0.446895360947
145,21,O,11.54372719,14.85619977,11.09444214,-2,0.0643244534731,-3.91307377815,7.36222791672,3.68657445908
145,22,O,13.01622931,11.93045458,12.16719277,-2,0.759289741516,-2.22206830978,-1.33413493633,-1.67696428299
145,23,O,8.10479594,12.63368629,12.85686816,-2,-0.0316281616688,-1.74956858158,0.46025827527,-0.325482040644
145,24,H,11.99608251,9.70703423,13.8144986,1,0.0209234841168,-1.33150398731,2.37080907822,3.08788967133
145,25,H,12.04849817,13.86220044,10.50482635,1,0.0132922306657,1.97678565979,-1.12340283394,-0.18625049293
145,26,H,9.80749343,12.07556487,12.80759284,1,0.0336162745953,0.170421004295,-5.47539138794,1.71914827824
145,27,H,13.49554864,11.31813101,11.49859944,1,0.0438622683287,-1.37313783169,0.40657556057,0.183890774846
145,28,H,13.28532822,9.73212218,11.21798154,1,0.0193784125149,-0.0559765696526,-0.973194718361,-0.468366086483
145,29,H,10.02928156,11.70171833,10.41131501,1,0.0140190068632,0.305623799562,-0.676989734173,0.603326201439
146,0,O,11.22802128,9.33031126,12.37143501,-2,-0.691591858864,0.250781267881,-1.8842318058,-0.0903598591685
146,1,H,11.24388516,10.25622976,12.47603693,1,0.00263312458992,-0.551913380623,1.10196745396,0.926182150841
146,2,H,8.47157712,12.41739416,12.23870567,1,0.0260729044676,-0.381483465433,0.414909243584,0.772570014
146,3,H,12.05995089,9.75760719,11.51028789,1,-0.00182677060366,-0.794146180153,-1.50195467472,-0.287662476301
146,4,H,9.0851189,13.39824104,13.32632992,1,0.0279402881861,-1.37200510502,0.521921515465,0.177251219749
146,5,H,9.7323248,10.54103619,13.54470894,1,0.0239712223411,0.221534654498,2.08861279488,-0.74764496088
146,6,O,13.03130455,14.13353854,10.12220295,-2,-0.103839844465,0.86602461338,-2.06123447418,-6.18701028824
146,7,O,10.3169884,12.08882424,9.64673897,-2,-0.0440593883395,-2.81458616257,0.699379563332,4.9314661026
146,8,H,11.93491986,16.18525394,10.906574,1,0.0358633622527,-1.04174745083,-4.92339706421,2.30639457703
146,9,H,11.00829311,15.1687915,12.09876284,1,0.019183980301,2.09623527527,0.797705709934,-2.39222455025
146,10,H,11.2169196,11.86876784,9.52426458,1,0.0186800919473,1.8346581459,-0.825709760189,0.106494985521
146,11,H,12.31124018,14.1659637,9.37459655,1,0.0218126736581,2.69040322304,-0.210031732917,0.977884471416
146,12,H,13.64587329,12.86685511,13.05219201,1,0.028264451772,-1.04653871059,-0.936267852783,-1.35109913349
146,13,O,12.77026853,10.20780854,10.80753008,-2,-0.214460045099,4.48433065414,0.989512741566,2.48516106606
146,14,O,10.25260368,11.32972096,13.15938053,-2,-0.122034072876,0.802393496037,5.03026485443,-1.02939987183
146,15,H,12,12,12,1,0.12067040801,3.87461209297,0.14157897234,1.4852514267
146,16,O,11.7529609,15.12991101,11.35273416,-2,0.0182783603668,-4.73351478577,7.29514503479,3.8827624321
146,17,O,13.2176808,12.26157983,12.37322581,-2,0.662327945232,-3.31014847755,0.331910729408,0.446613490582
146,18,O,8.27099184,12.92598397,13.05759197,-2,-0.0256492868066,-0.352926015854,0.732245564461,-0.753301143646
146,19,H,12.33444064,14.10481508,10.74411338,1,0.00831282138824,0.0505936779082,-0.80383592844,1.40094745159
146,20,H,9.96948835,12.61055857,12.97891966,1,0.121543169022,0.721718430519,-6.85006570816,1.58212804794
146,21,H,13.73725524,11.75817176,11.73027154,1,0.0345418527722,0.240158423781,-0.235594391823,-0.663086593151
146,22,H,13.59741063,10.01831321,11.51190875,1,0.0185514166951,-2.86651229858,0.238165065646,-3.06854367256
146,23,H,10.11926888,11.99947084,10.75277985,1,0.0148131176829,1.13207900524,-0.150960296392,-4.91078996658
147,0,O,11.26529145,9.64269586,12.52003512,-2,-0.35347789526,0.252246767282,1.76551115513,0.0837660133839
147,1,H,13.39120484,12.45420747,9.47006657,1,0.0183672346175,0.482786655426,0.0817403644323,-0.250228881836
147,2,H,14.53441492,12.36416328,8.49141661,1,0.034508921206,3.51059007645,1.23564136028,-0.456452548504
147,3,H,11.30580679,10.66536729,12.37656192,1,0.0286733731627,-1.94728374481,-1.48424482346,1.36006140709
147,4,H,10.60117338,10.59388886,9.99236707,1,0.0197118967772,-1.01949703693,-1.21954381466,-0.0697293654084
147,5,O,15.22836185,14.538996,11.30817295,-2,-0.075034789741,-1.81812298298,1.50011193752,0.186721459031
147,6,H,8.36521478,12.74766283,12.33840228,1,0.0372025184333,0.105363562703,0.672349631786,0.682814359665
147,7,H,12.17727424,10.01942507,11.76152893,1,0.0271709896624,0.607777714729,-1.53953754902,-1.3810557127
147,8,H,9.16982794,13.7217343,13.45936897,1,0.0356891155243,-1.60323870182,0.614078402519,-0.640250563622
147,9,O,10.46701821,9.63435827,9.89169151,-2,-0.0368986725807,2.10035896301,0.395005345345,-1.576202631
147,10,H,9.84038206,10.90976228,13.68656972,1,0.0717107355595,-0.799950182438,0.374491989613,0.0409650318325
147,11,O,13.09719328,14.39421536,10.26593227,-2,-0.0635774508119,1.0222671032,-2.66389799118,-2.57238459587
147,12,O,10.34802654,12.35135405,9.77956345,-2,-0.0238855853677,0.886806488037,-0.294282346964,2.96067476273
147,13,O,10.47954368,14.72857027,13.47376208,-2,-0.712092638016,-2.23997211456,0.924552619457,-0.717195034027
147,14,H,14.55063254,14.38630259,10.54667272,1,0.018292658031,1.46603226662,0.0824494734406,1.35330808163
147,15,H,11.93644546,16.24070739,11.0999101,1,0.0474076122046,-0.29049167037,-0.00968515872955,0.144656166434
147,16,H,11.13273233,15.28379869,12.27803625,1,0.0209544152021,0.0730829536915,0.307559102774,0.603491067886
147,17,H,9.74037268,9.33468568,10.37756241,1,0.0425772108138,-1.66368246078,-0.289989084005,1.32145750523
147,18,H,9.80683014,15.47485179,13.22097385,1,0.0541252121329,1.37466907501,-2.26074242592,1.03628146648
147,19,H,14.67624469,15.28133662,11.7409923,1,0.0332044139504,1.58493351936,-1.55744624138,-0.701638877392
147,20,H,11.27490518,11.99942248,9.74711459,1,0.0311163514853,-0.720332860947,0.764850378036,-0.36779281497
147,21,H,12.48863249,14.2764715,9.54659263,1,0.0414881110191,-0.302826493979,0.16593849659,-0.925808489323
147,22,O,13.68328834,12.09306016,8.62145397,-2,-0.0331830605865,-3.78684139252,-1.32534110546,0.525571346283
147,23,H,13.66912818,13.14929376,13.269471,1,0.0545148588717,-0.889085888863,-0.839584648609,-1.4362641573
147,24,O,12.84784568,10.45873121,10.99172683,-2,-0.176186665893,0.881399571896,1.00401484966,1.74633049965
147,25,O,10.34049166,11.63711895,13.30556346,-2,-0.0829493403435,1.95728874207,4.32183885574,-1.72380495071
147,26,H,12,12,12,1,0.38193115592,2.76273941994,0.104272551835,1.49994027615
147,27,O,11.83063664,15.41412155,11.56963642,-2,-0.0287008881569,-1.51543176174,1.13362693787,1.70665466785
147,28,O,13.29002862,12.57776826,12.5302062,-2,0.382264107466,-1.46585249901,-0.825178623199,-0.445607990026
147,29,O,8.31686045,13.20032718,13.20377169,-2,-0.0524295866489,0.13901630044,0.102810136974,0.0807204023004
147,30,H,12.49881305,14.30125217,11.05170999,1,0.0296583175659,0.472431272268,1.00622367859,-0.279890328646
147,31,H,10.06599636,12.88745623,13.1692074,1,0.105269387364,0.591811716557,-3.7637219429,1.21551847458
147,32,H,13.91326282,12.18896053,11.87493968,1,0.0432218834758,-0.0552275553346,0.976014137268,0.68777680397
147,33,H,13.63914473,10.31980548,11.5826263,1,0.0487283393741,-0.456030339003,0.167227968574,-1.17148911953
147,34,H,10.14479713,12.28147963,10.78981386,1,0.0306277275085,0.302315711975,0.372915774584,-2.52092456818
148,0,O,11.24351552,9.94072677,12.64406992,-2,-0.689149618149,0.215731337667,1.59459292889,-0.0863094851375
148,1,H,13.40895917,12.83861732,9.65916655,1,0.0115519054234,1.39930784702,-1.87334179878,-3.71668410301
148,2,H,14.60784881,12.60459968,8.66284937,1,0.0196316111833,0.957069039345,0.231030628085,-0.193155944347
148,3,H,11.21402885,10.92810012,12.35307991,1,0.0270490385592,-1.40349400043,-3.00852870941,1.61844730377
148,4,H,10.57401049,10.86652242,10.16402776,1,0.0144464410841,-1.32628560066,-3.46907615662,-0.210878998041
148,5,H,12.25880679,10.24358965,11.84414008,1,0.0177515596151,-1.4942317009,-2.08039069176,0.00791142135859
148,6,H,13.020364,7.98319242,12.74832234,1,0.0249271206558,-2.28816819191,-4.2120847702,-0.782987415791
148,7,O,10.47243254,9.86196576,10.03776644,-2,-0.052921898663,1.99559521675,2.4297516346,-2.13705182076
148,8,H,9.87493406,11.27508889,13.84272987,1,0.0287922434509,-1.22958087921,-0.683310031891,0.718679606915
148,9,O,13.10154144,14.61876493,10.3813326,-2,-0.0324781909585,0.947217345238,0.397156357765,4.60665750504
148,10,O,10.32301556,12.59681059,9.89319448,-2,-0.035408847034,5.1009221077,-0.276562362909,-7.89804983139
148,11,H,9.82940783,9.49231699,10.5869339,1,0.0233962479979,-1.37575268745,-0.325631856918,1.69072151184
148,12,O,13.51317453,8.7171588,12.85586943,-2,-0.071752846241,1.34059453011,5.07284259796,1.44681787491
148,13,H,11.25106883,12.16675529,9.94201247,1,0.0221314094961,-1.57145237923,1.39064788818,-0.915952086449
148,14,H,12.62286935,14.36494495,9.63132848,1,0.0219054557383,-1.99349558353,-0.343166828156,-1.3760188818
148,15,O,13.69002555,12.3780263,8.70386312,-2,-0.0427104234695,-2.06083345413,1.51810061932,3.75695776939
148,16,H,12.7323231,9.37308374,13.07807591,1,0.0109121762216,1.22976779938,-1.35550093651,-0.159604683518
148,17,H,13.59185771,13.34677364,13.41118953,1,0.0243251696229,0.898535907269,0.850453019142,1.54887986183
148,18,O,12.85972233,10.69597577,11.15592886,-2,0.0268560349941,-4.82405138016,4.08148145676,-3.51615071297
148,19,O,10.36795667,11.94792295,13.42270167,-2,-0.0124572217464,1.94388866425,2.93152427673,-1.33800423145
148,20,H,12,12,12,1,0.442941427231,2.85627841949,-1.30448627472,-0.479628413916
148,21,O,13.29837788,12.87838193,12.66328753,-2,0.11701951921,-0.297990620136,-1.98548769951,-3.49899768829
148,22,H,12.64425315,14.48955191,11.30711846,1,0.0152897723019,0.801676988602,0.222691804171,-3.36438989639
148,23,H,10.15256153,12.87859382,13.39312929,1,0.0190399475396,-1.18553936481,-0.139052540064,0.923392653465
148,24,H,14.03941608,12.62651776,12.00458526,1,0.028054907918,-1.52426898479,0.955374360085,1.85578250885
148,25,H,13.62498668,10.61805535,11.57644043,1,0.0232120230794,5.92585229874,-0.564604043961,2.67625260353
148,26,H,10.11730303,12.55526724,10.71483075,1,0.0176450386643,-3.03731751442,-0.0543879345059,8.82338809967
149,0,O,11.13069092,10.22858448,12.760842,-2,-0.770236670971,1.5354603529,-4.26430177689,2.01505613327
149,1,H,13.41356132,13.11998107,9.66268452,1,0.0107573159039,0.0530577674508,-1.0932379961,-1.27983379364
149,2,H,14.65188959,12.84582974,8.85151621,1,0.0188335552812,-3.69804883003,-0.887707948685,-0.848816096783
149,3,H,10.97212479,11.04636801,12.41980455,1,0.0180383995175,-2.1134018898,2.64628815651,-0.731304585934
149,4,H,10.39056351,10.97735488,10.3402552,1,0.0113124474883,-0.48692253232,2.23848152161,0.0710911005735
149,5,H,12.23201763,10.40325189,11.87070766,1,0.0210660248995,-2.91585302353,-3.59727859497,2.52852654457
149,6,H,9.68714802,8.42784386,12.48655926,1,0.0261702947319,1.36747825146,-0.935124456882,0.733925223351
149,7,H,12.8019091,8.04933678,12.96993194,1,0.0239677336067,2.69969391823,3.47290611267,-0.103540740907
149,8,O,10.39500427,10.0816014,10.16383739,-2,-0.0997946336865,-1.09034979343,-3.41176009178,-0.159381777048
149,9,H,9.76755731,11.60299796,14.0494586,1,0.0268060006201,0.925530254841,0.670981824398,-0.901555120945
149,10,O,13.01629946,14.81702398,10.49548736,-2,-0.0375998876989,0.805912256241,0.0219066515565,-1.94615054131
149,11,O,10.2222159,12.82998482,9.98122094,-2,-0.0367523469031,-0.906841874123,0.602064967155,3.05006623268
149,12,H,9.78620562,9.66801296,10.9025044,1,0.016643896699,2.05734038353,1.4424469471,-1.32474136353
149,13,O,13.41337103,8.9549193,12.98604275,-2,-0.0575909949839,-0.131874427199,-5.64462375641,-0.360880732536
149,14,H,11.07381525,12.41004129,10.10734956,1,0.0157801173627,0.725369632244,-0.0458865687251,-0.560074448586
149,15,H,12.60210244,14.44679736,9.64011957,1,0.0239746570587,-0.191799208522,1.0423707962,2.77918815613
149,16,O,13.5912253,12.65606047,8.78785063,-2,-0.0403393656015,4.02507781982,1.64101326466,2.03564310074
149,17,H,12.73250935,9.54163005,13.21545936,1,0.0113609731197,-2.23979306221,1.82861566544,0.876906275749
149,18,H,13.44065835,13.5618372,13.62267928,1,0.0220639202744,0.311813294888,-0.0702816694975,0.062737159431
149,19,O,12.76367814,10.93093812,11.30436163,-2,0.364579349756,3.63413000107,6.53370809555,-1.24591326714
149,20,O,10.31319445,12.24121787,13.52646772,-2,-0.0195192024112,1.23135900497,-6.1627497673,-0.485670775175
149,21,H,12,12,12,1,0.311369001865,3.67374324799,-2.83433032036,-1.35719370842
149,22,H,8.96166663,8.33443305,11.07044184,1,0.027126070112,-0.822742044926,-3.6074025631,-3.40201544762
149,23,O,13.21352962,13.16284525,12.77910448,-2,0.00809361040592,-0.180865481496,-0.354451030493,-0.945944726467
149,24,H,12.72430844,14.67891775,11.4079064,1,0.0152748972178,-0.983548521996,-0.600609004498,-0.974487960339
149,25,O,9.15499388,8.78064425,11.81354581,-2,0.00763254612684,-1.95770728588,3.25477099419,3.11308884621
149,26,H,10.06703991,13.04728877,13.67374436,1,0.0165620353073,-2.62044858932,7.50761699677,1.69257009029
149,27,H,13.99851195,13.07508982,12.19376611,1,0.0206581875682,-0.558192849159,0.412436842918,0.92461514473
149,28,H,13.73669827,10.89742045,11.66974127,1,0.0239336229861,-2.61011481285,-0.0146999480203,-0.754762649536
149,29,H,9.88181297,12.82475049,10.95554794,1,0.0198285020888,0.462551146746,0.208806082606,-2.50118207932
150,0,H,11.12179256,8.66724338,10.51562371,1,0.0202697813511,-1.48304116726,0.892683744431,1.16043150425
150,1,H,15.15843677,9.63954681,12.02723331,1,0.0106191709638,1.38916802406,1.65465033054,2.60469722748
150,2,H,12.49297959,9.45660568,11.74158852,1,0.0252394750714,-0.678127944469,-0.922266960144,2.02692055702
150,3,O,8.65305983,11.50148406,11.83777751,-2,-0.00563023239374,4.36850500107,-1.4152302742,-4.0424118042
150,4,O,12.42530445,9.98222973,12.57330366,-2,-0.0203278586268,-0.831044435501,0.285995006561,2.03764605522
150,5,H,11.12156819,12.07515692,9.40831042,1,0.0197202768177,-1.80788385868,-1.06876039505,1.64564657211
150,6,O,15.01122425,11.96924733,15.54571481,-2,-0.0519565269351,-1.28240597248,-1.08248436451,1.58259618282
150,7,H,11.77172919,9.910492,13.37087829,1,0.0266085229814,1.55193126202,-1.26581978798,-3.06558632851
150,8,H,10.62282332,9.7661276,11.55859128,1,0.015319313854,0.790112614632,0.855062127113,-0.217821255326
150,9,H,11.82940789,11.42324823,10.51902104,1,0.0150012075901,-3.84594726562,0.547329306602,-1.48693299294
150,10,O,14.70566933,9.28114186,11.31320264,-2,-0.0807891264558,-2.70165634155,-6.04342269897,-4.26359176636
150,11,O,10.45012244,8.90385193,11.22285269,-2,-0.0411709621549,0.0601145289838,-2.35340309143,-1.43942964077
150,12,O,14.83801918,9.62192802,15.14058841,-2,0.0118145123124,-0.469500541687,-4.09621286392,1.01326930523
150,13,H,12.26777422,12.90267575,13.98021589,1,0.0220141019672,1.04445624352,-0.977379441261,0.735380649567
150,14,H,14.77328187,8.60562909,15.0708032,1,0.023698668927,0.0367234423757,2.39070057869,0.240345269442
150,15,O,12.54758852,11.94997077,14.08912594,-2,-0.0380984842777,1.25641441345,3.06796360016,0.33436229825
150,16,H,13.89201328,13.56002161,11.2891475,1,0.0101494640112,1.25028038025,1.21746969223,-0.443087041378
150,17,O,14.13734104,14.52010698,11.34659652,-2,-0.0502525568008,2.07819366455,0.485012412071,-1.18912029266
150,18,H,9.99787972,13.4613221,13.48707384,1,0.0210795849562,-0.16922609508,1.08488070965,-0.0520477443933
150,19,H,12.90475622,10.97885426,11.31926953,1,0.0243333317339,1.90279483795,-0.927328586578,0.567873954773
150,20,O,11.09333349,14.06411727,11.443101,-2,-0.0578345879912,1.96214997768,0.729122698307,-1.96693968773
150,21,H,14.35230794,11.20870994,15.57307085,1,0.0180892013013,0.881651878357,2.92235779762,-0.180981516838
150,22,H,14.69097232,11.62789349,12.57545238,1,0.0232654362917,2.28284239769,-4.19792079926,1.93460607529
150,23,H,9.39653119,12.22936851,12.84443407,1,0.0133158974349,-2.56385684013,-1.09074902534,-3.4092066288
150,24,H,11.17945975,13.29157508,11.93468776,1,0.0152226164937,-1.84775590897,-1.91366112232,2.87939882278
150,25,H,14.65780926,9.87034497,16.0674231,1,0.0266876891255,0.622306466103,-0.927437126637,-0.378884971142
150,26,H,8.00523493,11.02711006,12.19046098,1,0.0200901012868,-5.53926134109,-2.31844687462,2.91404652596
150,27,H,14.92465308,12.20598449,14.63776496,1,0.0176557004452,0.0908085852861,0.661927759647,-1.02066290379
150,28,H,11.7315012,11.61282329,13.82218611,1,0.0151018798351,-2.43264889717,-1.10471320152,-0.243950039148
150,29,O,15.28633898,10.73113988,12.9209677,-2,-0.0510168373585,-1.15866613388,4.68628883362,2.12080550194
150,30,H,15.17416502,10.4490385,13.94631715,1,0.0207920596004,0.00856419093907,1.3813085556,-3.1912946701
150,31,O,13.08708546,11.90758944,11.18427486,-2,-0.110406562686,-4.15909862518,1.57063496113,2.88314008713
150,32,H,9.14857766,10.63778545,11.56310765,1,0.0229500681162,-0.569074392319,2.71834778786,-0.371212691069
150,33,O,9.89986805,12.52504302,13.52981207,-2,-0.0565858595073,3.70361399651,0.887693703175,4.79941511154
150,34,H,15.01521427,14.79359338,10.83487436,1,0.0188611652702,-3.02072143555,-1.67596781254,1.61671495438
150,35,O,10.77137489,11.54819522,10.22151562,-2,-0.0832424834371,4.5070605278,0.479469567537,-1.8173251152
150,36,H,11.85404982,13.6258244,10.96502055,1,0.0157474428415,-0.566747069359,2.37545490265,-1.08367586136
150,37,H,12,12,12,1,0.157676547766,5.04066896439,-0.089768961072,-2.56422257423
150,38,H,14.6411615,8.27275925,11.49399307,1,0.0159889496863,0.298351973295,2.57657957077,-0.668906152248
151,0,H,11.16840373,8.66401783,10.45408723,1,0.00312294065952,2.11265540123,-0.0369491800666,-2.98394346237
151,1,H,12.44195029,9.31835469,11.47945072,1,0.0192297920585,-0.310721904039,1.38257098198,5.35284519196
151,2,O,8.78365545,11.47688001,11.67526494,-2,0.0887621045113,-0.269823729992,-5.6233716011,-1.09308004379
151,3,O,12.54762495,9.87253211,12.42794355,-2,-0.0327750742435,5.69346570969,-0.840458452702,-10.1466932297
151,4,H,11.16493809,12.14325573,9.39111723,1,-0.00866093486547,-1.82554662228,-1.49014890194,1.38970720768
151,5,H,11.85462668,15.2352008,11.27047387,1,0.0512510091066,-0.565274953842,0.807633221149,-1.43777394295
151,6,H,12.06966263,9.80011498,13.13715124,1,0.00296690128744,-4.83944129944,-2.01589012146,5.67712593079
151,7,H,10.5746011,9.64354981,11.44416943,1,0.0112167298794,1.18152999878,5.5095448494,1.79382622242
151,8,H,11.83995651,11.39595713,10.29330832,1,0.00034361332655,2.9881196022,-0.478891193867,1.3198043108
151,9,O,10.57825379,8.83667931,11.11224654,-2,-0.0372279435396,-3.89136219025,-6.22347688675,0.683176219463
151,10,H,8.39967103,11.08997562,14.07299374,1,0.0230989083648,-2.53143692017,-4.55949735641,-0.190037176013
151,11,H,12.36661947,12.77222575,13.67893265,1,-0.00444030202925,1.23619699478,-0.35202562809,0.663187861443
151,12,O,7.78839746,10.04774487,13.91791893,-2,-0.0471102558076,4.33807897568,3.89492726326,-2.17375993729
151,13,O,12.68896401,11.8914212,13.9973478,-2,-0.0579529926181,-2.42365550995,0.88325792551,-0.465343236923
151,14,H,13.91889715,13.42182178,11.15194758,1,0.0132717229426,2.06806516647,2.25212001801,-0.317042142153
151,15,O,14.25641701,14.47623135,11.20321935,-2,-0.0275928080082,-2.69217276573,-2.10547852516,0.480177104473
151,16,H,10.06106273,13.46737147,13.36459063,1,-0.00632390752435,-0.415511578321,-1.06123292446,0.142037123442
151,17,H,13.01235485,10.907173,11.04017796,1,-0.0007000323385,1.12321078777,-0.151244908571,0.667458713055
151,18,O,11.22167124,13.99714831,11.30265004,-2,0.0129882246256,1.00469839573,1.02908861637,-0.500776231289
151,19,O,12.04839917,18.4515633,10.49010331,-2,0.00695299357176,-1.2282435894,2.96935296059,3.92076420784
151,20,H,9.32193369,12.07277863,12.64677162,1,0.0138200297952,1.76164114475,1.17777109146,0.42223316431
151,21,H,11.27892647,13.20016093,11.86721615,1,-0.00101851671934,-1.03254711628,-1.1370061636,1.76753425598
151,22,H,8.19757288,10.83936778,12.20362327,1,0.0206936635077,-0.286678940058,2.01822566986,-0.980384469032
151,23,O,12.33879597,15.99040728,10.52552921,-2,0.542180597782,-1.90817165375,-0.330887377262,1.71811461449
151,24,H,11.76908874,11.54206495,13.77634328,1,0.00495537742972,1.32248723507,0.0337981916964,0.845185160637
151,25,H,12.85236671,17.94281676,10.64689383,1,0.0156579092145,1.42217886448,1.53050434589,0.194176614285
151,26,H,8.31427652,9.71909537,13.0682746,1,0.0128410570323,-1.48616445065,-0.000229933299124,3.23836731911
151,27,O,13.25197802,11.83016149,11.0872841,-2,-0.417034357786,-1.40764069557,2.4966404438,0.481133669615
151,28,H,9.37682167,10.64143401,11.32026373,1,0.0252970941365,-1.58628129959,3.80774259567,0.235501617193
151,29,O,10.0401319,12.48451106,13.37890324,-2,-0.181315615773,-0.633875191212,0.596598625183,0.415600180626
151,30,H,13.2137524,15.46203218,10.63268522,1,0.0200214609504,0.819376051426,0.648711562157,0.329033255577
151,31,H,15.00678311,14.7890462,10.71624804,1,-0.00167216733098,0.868124127388,-0.906714260578,-0.550068616867
151,32,O,10.94024956,11.45093518,10.12435451,-2,-0.0571459718049,-2.15346860886,1.99228668213,-3.79407668114
151,33,H,12.02470875,13.62497967,10.90760315,1,0.00699674710631,0.328992605209,0.244482532144,-1.54400336742
151,34,H,12,12,12,1,-0.057476401329,2.100284338,-0.241333678365,-1.10121512413
151,35,H,11.9850616,17.01206892,10.70756353,1,0.0318969637156,0.215885967016,-2.27480268478,-0.418930709362
151,36,H,11.89798141,19.16804934,11.403611,1,0.0108813308179,0.902934670448,-3.44566297531,-4.03986263275
152,0,H,11.18862171,8.68258283,10.29341743,1,0.0109052099288,-1.37431383133,1.00326657295,1.0334392786
152,1,H,15.27107733,9.82872239,11.77478752,1,0.0155521631241,-0.932468295097,-2.97493338585,-0.866927802563
152,2,H,12.25584261,9.26556693,11.51819975,1,0.0179505329579,0.278054028749,0.0993791818619,2.70937132835
152,3,O,8.78691815,11.4459765,11.57736053,-2,0.3196220994,-4.63340473175,-2.6416387558,2.78136062622
152,4,O,12.55549428,9.77026733,12.3296033,-2,-0.0375315845013,-0.823419094086,-0.5715239048,1.14969730377
152,5,H,10.98102164,12.16341846,9.55155646,1,0.000989573076367,-1.0241253376,0.5686673522,-0.344924807549
152,6,H,11.89835699,15.12202115,11.01458774,1,0.0309928953648,-1.32484269142,1.84979271889,-0.113389134407
152,7,H,12.02256784,9.64204872,13.17567828,1,0.0109820254147,0.755713164806,-0.509621560574,-2.30720806122
152,8,H,10.46994255,9.78988778,11.48555979,1,0.0213748067617,1.61254775524,-4.46034860611,-2.4016520977
152,9,H,11.88863891,11.34043963,10.19903908,1,0.00566130131483,2.57376527786,-0.193619638681,0.741374492645
152,10,O,14.78865985,9.18076217,11.08803845,-2,-0.138694703579,-0.00191968865693,0.333309829235,-1.60327255726
152,11,O,10.56709214,8.76197991,11.07400769,-2,-0.0447983443737,-0.863863945007,2.57353258133,0.6957244277
152,12,H,8.33783744,10.88664005,13.87909382,1,0.0164531394839,-1.20365071297,-1.23477733135,1.39320790768
152,13,H,12.41786354,12.65244117,13.48352084,1,-0.00720658153296,0.875155210495,0.0719496905804,0.438690871
152,14,O,7.82628296,10.00759538,13.81098951,-2,-0.0302267558873,0.772574841976,3.0801320076,0.173740014434
152,15,O,12.69672104,11.84752443,13.9659563,-2,-0.0578775554895,-2.55530929565,-0.116612739861,-0.111241132021
152,16,H,13.93059236,13.48361373,11.06208066,1,0.0141423530877,1.04283881187,-0.283690214157,-0.51908326149
152,17,O,14.23727297,14.43661617,11.12960359,-2,0.0785381346941,-2.90437102318,0.556881010532,0.814233183861
152,18,H,9.95458179,13.46246746,13.29692459,1,-0.000103242695332,-0.105128712952,-2.05403327942,0.343031316996
152,19,H,13.07039522,10.83068904,10.8689515,1,0.0104954056442,1.57402932644,0.708090186119,0.769843757153
152,20,O,11.22336676,13.93906876,11.22772223,-2,-0.0408826172352,0.954724609852,-1.50245320797,0.920665740967
152,21,H,14.77577997,11.29249711,12.46755504,1,0.0135897174478,-1.03849923611,0.571339249611,-0.313304513693
152,22,O,12.055278,18.40158431,10.38912231,-2,-0.00278546661139,0.801982223988,1.59171593189,4.55737018585
152,23,H,9.21609855,11.99098366,12.54734757,1,0.0253243893385,2.68251991272,1.59904706478,0.429985821247
152,24,H,11.17128461,13.11927879,11.94762833,1,0.00912351161242,0.0382994562387,1.20672440529,-1.24669873714
152,25,H,8.20833584,10.75174256,12.23702951,1,0.0387209057808,0.911577999592,2.67667150497,-3.07166957855
152,26,O,12.32237295,15.92701503,10.44465483,-2,0.486552298069,1.33561766148,-1.1318987608,0.376696050167
152,27,H,11.75083648,11.46751489,13.83926225,1,0.00802267715335,2.04207658768,0.536927044392,0.769054234028
152,28,O,15.39491918,10.64050836,12.78866573,-2,0.0334757715464,1.53950631618,1.72601807117,0.788807988167
152,29,H,12.93178844,17.97177687,10.62990572,1,0.0161466039717,-0.660652935505,1.70705449581,-0.589605629444
152,30,H,15.26887297,10.61066388,13.72569393,1,0.0151028782129,-0.258400797844,-0.323937267065,0.775859892368
152,31,H,8.38151033,9.68521478,13.12717547,1,0.0147844031453,0.922251224518,-2.42687129974,-0.620237886906
152,32,O,13.28325783,11.7723029,11.06101696,-2,-0.444508343935,-1.28685772419,1.50329339504,0.567409276962
152,33,H,9.39117442,10.84452452,11.16960043,1,0.0207957886159,1.18278956413,-0.0611134730279,-1.31375169754
152,34,O,10.05528232,12.45600738,13.30045005,-2,-0.427946686745,-1.37062609196,1.48759710789,-0.295529872179
152,35,H,13.34933198,15.31382831,10.5251364,1,0.0654315650463,-0.91959041357,0.950469613075,0.878598749638
152,36,H,14.92859469,14.74348354,10.59514366,1,0.00942644104362,2.14982366562,-0.549168765545,-1.25514376163
152,37,O,10.97318547,11.37125664,10.08467669,-2,-0.055173099041,-2.80966162682,-0.335065126419,-1.32965445518
152,38,H,12.07937878,13.66281745,10.83417243,1,0.0104347877204,-0.892570376396,-0.869377553463,-0.200534567237
152,39,H,12,12,12,1,-0.0751362591982,1.87773108482,-0.394650906324,-1.0940028429
152,40,H,14.87127278,8.22360146,11.0877765,1,0.00571618787944,0.572885751724,0.450281500816,0.604185819626
152,41,H,12.03197243,16.91611557,10.62601309,1,0.0213861502707,-0.137365236878,-1.97355043888,-0.33649212122
152,42,H,11.86472331,18.97739915,11.31429894,1,0.0151775404811,0.624614715576,-2.24326229095,-3.77810096741
153,0,H,11.05587994,8.76906343,10.22003846,1,0.00518884137273,-3.00965809822,0.365446746349,3.7242205143
153,1,H,15.0360871,9.79070028,11.71935779,1,0.00631039589643,0.734135150909,-1.21853113174,1.13566100597
153,2,H,11.90976732,9.23938527,11.75091282,1,0.00908213481307,-1.57946062088,-2.36784052849,-2.18380761147
153,3,O,8.63991431,11.43730317,11.58582699,-2,0.0910850986838,-3.5445587635,0.643743515015,1.99698150158
153,4,O,12.43023016,9.69856749,12.3332331,-2,-0.0379482954741,-0.781995296478,0.921797215939,6.80634737015
153,5,H,10.59622483,12.24505299,9.83366552,1,-0.0186773464084,0.891841232777,-1.59276795387,0.565257549286
153,6,H,11.73852369,15.15829215,10.84177001,1,0.0150909200311,-3.24552106857,-0.846933245659,1.95618033409
153,7,H,11.83065921,9.5239432,13.2263939,1,0.00766341201961,2.53453302383,0.681751906872,-3.23122692108
153,8,H,10.30091511,9.72552533,11.50135527,1,0.011871509254,0.805713832378,-3.39153599739,-1.9176992178
153,9,H,11.94830673,11.29364228,10.24488973,1,0.00695936381817,-3.91446900368,1.32171177864,-0.415872037411
153,10,O,14.62668466,9.17731529,11.09619148,-2,-0.0790377557278,-0.642466127872,-4.4596362114,-3.59657025337
153,11,O,10.41868647,8.72952796,11.13863637,-2,-0.0412795543671,1.26104438305,2.34065079689,-2.5498726368
153,12,H,12.39197318,12.58382127,13.41662984,1,-0.014636810869,0.212662309408,-0.345793992281,0.393127441406
153,13,O,12.56319105,11.83531793,14.02394586,-2,-0.0471591725945,1.14000678062,1.07606840134,0.157569751143
153,14,H,13.85025577,13.58123208,11.03454797,1,0.00851530209184,-1.17990291119,-6.4079003334,-0.921356499195
153,15,O,14.07401371,14.43300577,11.15408541,-2,0.372072398663,3.58930897713,7.58846902847,-2.08062148094
153,16,H,9.68870365,13.41938197,13.33107247,1,-0.011705506593,0.157039627433,-1.01001143456,0.585757374763
153,17,H,13.07182494,10.82467135,10.84721046,1,0.00150016508996,1.29430758953,-0.264814674854,1.00664997101
153,18,O,11.0916429,13.90332531,11.25173492,-2,-0.0507703796029,0.09194663167,-1.25865888596,0.941302537918
153,19,H,14.43941766,11.37399973,12.42851995,1,0.0157010890543,3.12825298309,-3.24920558929,1.91611552238
153,20,H,9.14928465,12.04634744,12.60559981,1,0.0159108117223,2.20878767967,0.881613910198,0.775335073471
153,21,H,10.90089922,13.19796811,12.04620855,1,0.00365726277232,0.499093711376,1.12976098061,-1.59602248669
153,22,H,8.13558227,10.83854288,12.18215545,1,0.0109087117016,0.558974146843,-0.201300218701,-1.34035158157
153,23,O,12.17731866,15.88877409,10.45777999,-2,0.263944715261,4.26403665543,0.775695562363,-2.52524018288
153,24,H,11.70638256,11.441986,14.0397123,1,0.000838723033667,-1.0817438364,-0.34230324626,0.163127407432
153,25,O,15.26525106,10.63422347,12.85227758,-2,-0.039574213326,-3.12366724014,4.74803447723,3.24928116798
153,26,H,15.099776,10.65318374,13.92219444,1,0.00573988631368,0.321571826935,-0.0780900642276,-4.23209762573
153,27,O,13.17477465,11.7518527,11.13324594,-2,-0.292214214802,-0.713218033314,1.76169705391,0.435782909393
153,28,H,9.32446588,11.07447536,11.05986001,1,0.0131241865456,1.65696668625,-1.07725679874,-1.23387682438
153,29,O,9.93460814,12.46126007,13.31723567,-2,-0.165472358465,-1.3812776804,1.25946736336,-1.04509902
153,30,H,13.29075906,15.25203056,10.57535323,1,0.0831497311592,-1.29521584511,0.822312772274,0.947216629982
153,31,H,14.84444622,14.6875362,10.47964506,1,-0.0304899066687,-1.68148076534,-1.39649856091,2.15486812592
153,32,O,10.86142823,11.32352073,10.13659359,-2,-0.0691791325808,1.41811156273,0.738912284374,-0.924871563911
153,33,H,11.95758731,13.68577521,10.84194693,1,-0.00675501674414,-1.04156827927,-1.4133348465,0.57798153162
153,34,H,12,12,12,1,-0.0263927131891,1.89995658398,-0.76941215992,-1.06767344475
153,35,H,14.84346939,8.14783449,11.04312865,1,0.0040390137583,-0.192124158144,4.09511899948,0.871389746666
153,36,H,11.91916176,16.7847559,10.63223234,1,-0.0210612788796,-0.259897351265,0.53950291872,0.502150654793
154,0,H,10.67994124,8.91375072,10.39115708,1,0.00938525050879,-2.27147722244,-0.69401705265,2.86265778542
154,1,H,11.35958982,9.17516512,11.97720023,1,0.00531459972262,2.71972608566,0.466563671827,-0.0125767542049
154,2,O,12.15598804,9.68909241,12.46370466,-2,-0.0641360357404,-1.95604300499,-1.71360731125,-1.67640125751
154,3,H,10.10454688,12.31709163,10.25495974,1,-0.0325569063425,2.85307240486,-3.69819092751,-0.0304139424115
154,4,H,11.27474124,15.24306899,10.85671677,1,-0.00589057058096,-1.28498065472,0.0629630982876,0.686881482601
154,5,H,11.59931292,9.54872843,13.20573252,1,0.00367032829672,0.218066677451,0.338153272867,2.54585194588
154,6,H,10.00449297,9.57320636,11.52252869,1,0.00169721990824,-2.27785992622,8.97183704376,1.9419618845
154,7,H,11.64474073,11.35656791,10.36838169,1,-0.00826529227197,-3.07598543167,1.3430044651,-0.524664342403
154,8,O,10.13091795,8.76582507,11.301224,-2,-0.00686478614807,3.03277182579,-8.32825183868,-5.80598258972
154,9,H,12.24031159,12.57215231,13.49523802,1,-0.0142923817039,-0.523005545139,-0.218547716737,0.747536182404
154,10,O,12.28870638,11.88733052,14.17937728,-2,-0.0377741679549,1.96444237232,0.668839275837,0.382928520441
154,11,H,13.56945387,13.51206057,11.06654401,1,-0.0232378840446,-0.0157193820924,1.19378781319,0.47752982378
154,12,O,13.77305921,14.51245993,11.27339717,-2,0.62321293354,2.12747216225,-0.849391877651,-2.83613967896
154,13,H,9.27438181,13.4178,13.4959007,1,-0.0224176365882,0.356470048428,0.165199458599,1.00566077232
154,14,H,12.99054697,10.88041685,10.99389105,1,-0.0187192074955,0.0918309614062,-0.258601546288,1.03835201263
154,15,O,10.81281229,13.92094252,11.38114517,-2,-0.0175750181079,-1.85024523735,1.30464839935,-0.617840766907
154,16,H,14.16987995,11.30689801,12.61326355,1,0.0016869129613,3.00371980667,-2.38253235817,1.83146715164
154,17,H,9.07353314,12.22541906,12.81989459,1,-0.011366834864,-2.30051040649,-2.35926628113,-2.63469338417
154,18,H,10.49840524,13.44108528,12.14977277,1,-0.0187012925744,0.585315585136,-0.782567620277,0.542882561684
154,19,O,11.901685,15.90743137,10.56322329,-2,0.0620625093579,1.71296596527,0.610689997673,-1.1865439415
154,20,H,11.47118453,11.45645344,14.35554778,1,-0.00276166107506,-1.16811263561,0.120401583612,-0.281597852707
154,21,O,14.97610396,10.70732581,13.02547753,-2,-0.0577400252223,-2.54848861694,2.23779988289,-0.893074452877
154,22,H,14.82078712,10.72120721,13.99026556,1,0.00591068528593,-0.114484898746,0.0748701393604,-0.80787217617
154,23,O,12.91616776,11.79881992,11.31083862,-2,-0.0407914444804,-1.92999815941,2.56455230713,1.48644661903
154,24,O,9.66719516,12.52891354,13.43473059,-2,-0.0144344866276,1.37058866024,2.24461293221,1.72403776646
154,25,H,13.04592628,15.26259612,10.81333946,1,0.0231913179159,-0.638719916344,-0.0977526009083,0.680702567101
154,26,H,14.57612778,14.62033649,10.53316631,1,-0.172310888767,-1.51051974297,-0.121238082647,1.87597620487
154,27,O,10.60964536,11.33928949,10.28998891,-2,-0.0577822998166,-1.07162320614,2.35430169106,-0.226166114211
154,28,H,11.63342029,13.68600049,10.98358751,1,-0.0349047333002,0.969143271446,-1.61798143387,0.0486970469356
154,29,H,12,12,12,1,-0.0252174958587,3.47132921219,-2.03698205948,-2.51788067818
154,30,H,11.6076007,16.7933027,10.76375302,1,-0.0483907945454,0.0608849488199,0.436673849821,0.172280326486
155,0,H,10.18616701,9.09307828,10.69802516,1,-0.00219731777906,1.09669327736,-0.419202893972,-2.45587539673
155,1,H,10.90230966,9.2278878,12.21930417,1,0.00897388160229,2.95988631248,0.697697401047,-0.178598314524
155,2,O,7.98134255,11.65885625,11.84839417,-2,-0.0531738922,-0.867920279503,-1.47711145878,0.99590575695
155,3,O,11.79997135,9.76807744,12.6459279,-2,-0.115181982517,-1.04022538662,-1.80033576488,-3.67779040337
155,4,H,9.70380088,12.32097409,10.7104353,1,-0.00464076921344,3.30489945412,-1.47066390514,-1.1913728714
155,5,H,10.67438438,15.42438776,10.96859327,1,-0.00493818148971,2.74691510201,1.11983561516,-0.483493417501
155,6,H,11.27235636,9.7311091,13.37904911,1,-0.00373793207109,-0.999613165855,0.606591820717,4.37141180038
155,7,H,14.54490185,12.07088452,10.55514399,1,-0.00366919115186,-4.707654953,0.334211528301,-1.21262347698
155,8,H,9.51090954,9.85696314,11.64701965,1,0.00539634749293,-0.161473765969,-2.01950240135,0.192412704229
155,9,H,11.13275025,11.55570165,10.52742743,1,-0.0197088494897,6.97065734863,1.60716867447,0.483848363161
155,10,O,9.77800978,8.8766089,11.50509371,-2,0.0354709625244,-2.05986738205,2.15194654465,1.60201776028
155,11,O,12.17588713,13.56574194,8.69281279,-2,-0.0361453443766,-3.31842255592,-4.45326423645,0.210199996829
155,12,H,11.98466652,12.64904094,13.6671232,1,-0.0149324610829,-1.11882936954,0.403238743544,-0.178363367915
155,13,O,11.94700563,12.03267151,14.38569904,-2,-0.0353135801852,-0.337019473314,-1.68728840351,2.37404036522
155,14,H,13.18834727,13.58355749,11.18198414,1,-0.0220386683941,-0.303307801485,2.38322806358,1.2066514492
155,15,O,13.40697485,14.68294138,11.4341684,-2,0.669737875462,2.32939338684,-4.06809997559,-1.43467950821
155,16,H,12.83532594,11.01255118,11.25128743,1,-0.0192783549428,-0.705615103245,1.07929611206,1.2462952137
155,17,O,10.45302484,14.03282519,11.55921483,-2,-0.00117452442646,-1.81401121616,1.55973935127,-1.46423912048
155,18,O,15.36452141,11.96045335,10.89070363,-2,-0.0341030433774,5.69712638855,0.740414917469,-2.08055090904
155,19,H,13.93918331,11.23756704,12.92802739,1,0.00257464125752,-9.70712566376,5.16352653503,-4.7252497673
155,20,H,10.03529035,13.74791185,12.35555645,1,-0.055297806859,0.195847958326,-0.967411220074,1.23981678486
155,21,H,7.44538453,10.85394853,12.32296426,1,-0.00462663173676,2.67532205582,2.52330088615,-2.47025775909
155,22,O,11.55782528,16.01582268,10.7153912,-2,0.00549744069576,-3.78175377846,2.25399827957,0.879951953888
155,23,H,11.10382581,11.57431095,14.70274099,1,-0.0110194943845,1.46812796593,1.76926445961,-1.57873117924
155,24,O,14.60580943,10.88335642,13.24744323,-2,-0.0470854789019,10.6783208847,-4.95443582535,0.110836349428
155,25,H,11.22377639,13.25826361,8.33203219,1,-0.028441131115,2.51937770844,1.87715268135,0.560608386993
155,26,H,14.46876298,10.84543844,14.11942829,1,0.00741615705192,-0.735846400261,-0.388675928116,5.16328191757
155,27,H,15.8501394,12.21693129,9.99657227,1,-0.00914926826954,-0.72324693203,-0.880317747593,2.81376218796
155,28,O,12.58308073,11.94619935,11.54218487,-2,-0.0202294364572,20.8910675049,-1.36491894722,-16.8207950592
155,29,H,8.76614232,11.54764564,11.19790593,1,-0.000734161585569,-2.87074804306,-1.79738914967,2.13308334351
155,30,H,12.67779502,15.36962627,11.14544218,1,0.0131935328245,-1.14618897438,0.601442813873,-0.548828244209
155,31,H,14.15514815,14.64671643,10.74690465,1,-0.0586974844337,-0.71101385355,0.938175320625,0.980243384838
155,32,H,12.25467243,12.59483809,9.08131774,1,-0.0263884812593,0.853485703468,2.59467744827,-0.747300088406
155,33,O,10.27742076,11.45589423,10.49673003,-2,-0.0318769663572,-10.1257915497,0.50439119339,-0.625655651093
155,34,H,11.257608,13.68956793,11.19377632,1,-0.0231354385614,0.751322746277,-1.09549105167,0.39125084877
155,35,H,12,12,12,1,-0.0318497568369,-19.4136123657,0.416981160641,15.5673570633
155,36,H,11.21237404,16.96762368,10.94624881,1,-0.0294952429831,1.51078689098,-2.48230695724,-0.648581087589
156,0,H,10.37894653,9.26520151,10.37908142,1,-0.0144421402365,0.414873838425,-0.554407179356,-0.86253708601
156,1,H,11.26544218,9.36801981,11.94458859,1,-0.00398168712854,0.77551394701,0.126787379384,-0.318563222885
156,2,O,8.21897682,11.84952509,11.5164988,-2,0.0684896558523,-8.96234226227,-1.00143933296,8.32760047913
156,3,O,12.0365338,9.87382202,12.33950461,-2,-0.061413936317,-2.43561458588,0.110529109836,3.98662590981
156,4,H,10.07741842,12.28345888,10.61164991,1,-0.0107465833426,-0.908780992031,3.98269891739,1.25132775307
156,5,H,10.84500238,15.71550108,10.57275834,1,-0.00601083040237,2.96196317673,-0.249195680022,-0.251630544662
156,6,H,11.50149266,9.9967508,13.27250803,1,-0.00558820553124,2.59378480911,-0.149115458131,-3.00202608109
156,7,H,9.57812354,10.14060444,11.28831974,1,0.003378726542,1.95108318329,-4.8627910614,0.25035738945
156,8,H,11.48577303,11.83744714,10.21638234,1,-0.0181012153625,-1.0679847002,-0.260091304779,0.056827057153
156,9,O,10.02057418,9.02148191,11.2329379,-2,-0.0306837707758,-3.15945410728,4.50664234161,-0.0797019228339
156,10,H,12.26365185,12.78395572,13.35622484,1,-0.0116049349308,-1.29854476452,0.284231096506,0.517646670341
156,11,O,12.20694544,12.20186549,14.11504504,-2,-0.036437228322,1.74006736279,-0.943311452866,1.32040071487
156,12,H,13.37539766,13.82548708,10.89649849,1,-0.0100309327245,-0.158941790462,1.77156889439,1.45824468136
156,13,O,13.64795625,14.86766438,11.10832936,-2,0.653039216995,-1.97260892391,-4.17572593689,2.37290120125
156,14,H,8.98868249,13.63614173,13.58996229,1,-0.0319626070559,0.659456014633,-1.05948317051,0.0935286283493
156,15,H,13.22874013,11.21354853,11.06914805,1,-0.019529260695,-0.47879499197,0.418163776398,0.287641614676
156,16,O,10.68666731,14.17890782,11.24851947,-2,-0.039643868804,-1.37057650089,0.26670986414,0.565588414669
156,17,H,13.94576937,11.41202859,12.60769045,1,-0.000800202600658,2.87313365936,-1.03000330925,1.83953738213
156,18,H,9.00933034,12.43224887,12.4404158,1,0.0148447006941,0.359250485897,0.516017794609,2.06044363976
156,19,H,10.20151094,14.01484031,12.16956037,1,-0.0201979130507,1.87276506424,-1.02173173428,-1.42441642284
156,20,H,7.69894507,10.87332798,11.9037523,1,-0.0593611001968,2.21002745628,3.3844332695,-1.67695701122
156,21,O,11.80123004,16.15543034,10.38706307,-2,0.0442720502615,-3.5180284977,2.39492487907,0.759114265442
156,22,H,11.39813143,11.82071709,14.48715427,1,-0.00893578492105,-0.314427554607,1.22761070728,-1.17738735676
156,23,O,14.85938755,11.08173505,12.98359147,-2,-0.0573119185865,-2.61561584473,0.496043860912,2.27865004539
156,24,H,14.68507383,10.95395246,14.0195769,1,0.00582644715905,0.307121634483,0.49622553587,-3.64503955841
156,25,O,12.89312609,12.12418044,11.25873976,-2,-0.0359819382429,-2.56508755684,0.477990329266,1.57517778873
156,26,H,8.84145318,11.73060919,10.96276204,1,-0.00729349628091,5.92250061035,-2.56745648384,-6.77720880508
156,27,O,9.61141581,12.90563448,13.32745748,-2,-0.152348875999,-1.93160974979,0.804447889328,-1.66382074356
156,28,H,12.83196767,15.54437976,10.96004174,1,0.0226418226957,-1.10163748264,0.828841090202,-1.20060443878
156,29,H,14.32621498,14.78952258,10.50642135,1,-0.0641546398401,3.23915600777,1.2403806448,-2.71842479706
156,30,O,10.51755765,11.60444028,10.22324171,-2,-0.0376214534044,2.25785708427,-3.40250039101,-2.33899784088
156,31,H,11.48445,13.68108552,10.95395383,1,-0.0309978462756,-1.05101072788,0.207864746451,1.1074385643
156,32,H,12,12,12,1,0.00122393295169,3.3077249527,-0.666334927082,-2.49573731422
156,33,H,11.50040067,17.10587958,10.59797483,1,-0.0385341532528,1.46481668949,-1.59854340553,-0.475938051939
157,0,H,11.61357479,9.54645853,11.66725001,1,-0.0191453136504,-4.46398067474,-3.34814500809,-2.93462824821
157,1,O,8.36302246,12.07870296,11.26121237,-2,0.147189229727,0.169781342149,-3.71177244186,-0.75120562315
157,2,O,12.19457526,10.03097226,12.10528776,-2,-0.016758441925,3.01510930061,4.28444671631,6.54079532623
157,3,H,10.3659022,12.46901314,10.61046639,1,-0.000695886090398,0.772896051407,0.229392632842,-0.26575884223
157,4,H,11.11419758,16.06143812,10.21652207,1,0.00487101823092,-4.04423093796,-3.10064840317,0.719568789005
157,5,H,11.79137247,10.3111669,13.05486532,1,-0.00896617397666,1.36895060539,-1.21435761452,-3.41792798042
157,6,H,11.74914084,12.12911321,9.96855089,1,-0.00832878798246,-3.05245089531,-1.63182997704,0.338629603386
157,7,H,12.40862346,12.99305838,13.11883798,1,-0.0126561336219,-0.969983935356,-0.18404135108,0.53132635355
157,8,O,12.40265659,12.41326816,13.90081787,-2,-0.0353784263134,3.35631918907,-0.172576457262,-0.445555776358
157,9,H,13.46760344,14.22977532,10.75260086,1,0.0108006708324,-0.823387563229,-3.68585062027,0.224269926548
157,10,O,13.81418334,15.08226124,10.84318782,-2,0.398941159248,2.1007039547,2.50577259064,-0.19690901041
157,11,H,9.14933076,13.73366691,13.45835516,1,-0.0246332064271,-0.597426235676,0.227571949363,0.456829249859
157,12,H,13.49406466,11.46507337,10.93947639,1,-0.0207608118653,-0.011258026585,-0.282516747713,-0.498193323612
157,13,O,10.84281826,14.36965762,10.99478777,-2,-0.061639264226,-1.11179113388,0.458229571581,1.50020837784
157,14,H,13.94782737,11.64151137,12.40723156,1,0.00793057307601,5.36857366562,-1.28727245331,2.29160046577
157,15,H,9.19756954,12.59262373,12.16872822,1,0.0440178140998,0.327480733395,0.820134401321,2.01103520393
157,16,H,10.40832772,14.27958334,11.96713519,1,-0.0110039748251,1.4708160162,-0.979072451591,-1.96838879585
157,17,H,7.9915569,11.10114046,11.44741165,1,-0.0164589211345,1.10115015507,3.22134661674,-0.188147068024
157,18,O,11.96119648,16.34350912,10.11458136,-2,0.282659828663,3.80091261864,2.17182826996,-0.542531192303
157,19,H,11.59462118,12.18046485,14.28022209,1,-0.0154332406819,-2.53324890137,0.430117726326,0.199331477284
157,20,O,15.03675877,11.32620285,12.77950449,-2,-0.0908644422889,-5.26986980438,0.347900748253,2.74985694885
157,21,H,14.83504129,11.10123435,13.84024656,1,0.000925516709685,0.675616383553,0.960210084915,-4.41169834137
157,22,O,13.13140772,12.35067666,11.03158615,-2,-0.333413481712,-1.74838995934,1.09133648872,0.431593477726
157,23,H,9.03509938,11.841772,10.51932083,1,0.0125217996538,-1.41214239597,0.337779998779,0.886197388172
157,24,O,9.81094357,13.15808421,13.08749518,-2,-0.239213913679,-0.710775613785,-0.99289470911,-2.19105291367
157,25,H,12.86188935,15.79818437,10.74761239,1,0.0595312863588,0.0198632925749,0.000673997448757,-1.25841939449
157,26,H,14.57725725,15.08600412,10.19652449,1,-0.0168694704771,-1.09715223312,0.431156098843,0.890480875969
157,27,O,10.69031092,11.78891542,10.00077307,-2,-0.0730450078845,2.72578811646,1.04721724987,-0.348273843527
157,28,H,11.5694765,13.7399583,10.83279427,1,-0.0108015313745,-0.52028542757,0.200748622417,0.819541215897
157,29,H,12,12,12,1,0.0641602575779,1.35665225983,0.15077984333,-1.27291202545
157,30,H,11.81201611,17.26257672,10.27073806,1,-0.017482727766,0.735686480999,1.67426550388,0.100299783051
158,0,H,14.4706227,10.45630737,11.33150118,1,0.0116528347135,-0.785894811153,-0.847429871559,-0.457378208637
158,1,H,11.67757505,9.62905512,11.39718789,1,0.0263112857938,0.803984642029,1.90818285942,2.18340826035
158,2,O,12.24171031,10.23459112,11.99623694,-2,0.0734915658832,1.37872982025,-2.92539930344,-6.84950304031
158,3,H,10.54280832,12.72135217,10.69437573,1,0.0160938724875,-0.1605040133,-2.97994446754,-3.74242758751
158,4,H,12.01997912,10.59156466,12.76148607,1,0.0164107382298,-2.79350352287,1.18500578403,5.84574556351
158,5,H,11.71313408,12.33174048,9.83946566,1,0.0117904283106,-1.143435359,-1.19484710693,-0.479495108128
158,6,O,14.29121732,9.93701676,10.51162181,-2,-0.0516399182379,1.80560743809,0.632867872715,0.733391940594
158,7,H,12.39312651,13.24295324,13.01931922,1,0.0160794146359,0.241885617375,0.356836915016,0.438930660486
158,8,O,15.70761575,9.14899363,12.79283285,-2,-0.085331723094,4.67579936981,5.88920211792,2.05385971069
158,9,O,12.48646203,12.65206347,13.78635823,-2,-0.00472208112478,-2.04315400124,-0.592774569988,0.478787660599
158,10,H,9.17427498,13.84785071,13.42750718,1,0.017869817093,-0.296105831861,0.261944562197,0.350691348314
158,11,H,13.58759851,11.71833066,10.87061145,1,0.0111531168222,-0.129657074809,-0.54026132822,-1.14763855934
158,12,O,10.8714236,14.58667298,10.85032506,-2,-0.053194642067,0.379072189331,-0.0015018330887,-0.136429354548
158,13,H,14.11164057,11.84194898,12.44300117,1,0.0114553198218,1.8899538517,0.455749094486,-0.0981650948524
158,14,H,9.31256508,12.86428633,12.17635163,1,0.0248553417623,2.28626823425,2.24948215485,3.10299253464
158,15,H,10.59128912,14.53246413,11.76257212,1,0.0116557143629,-0.402771383524,0.611250042915,0.423062860966
158,16,H,15.51330991,10.23271196,13.04775076,1,0.0215865150094,0.753918528557,-5.59966135025,-2.07887864113
158,17,H,11.55718713,12.59888063,14.18863516,1,0.0172706786543,1.8352162838,0.380129784346,-0.890875518322
158,18,O,15.07307729,11.6000509,12.68476213,-2,-0.013049647212,-1.81034624577,1.93257331848,-1.6287099123
158,19,H,14.9762427,8.66346115,12.68112872,1,0.0144095905125,-4.53192090988,-2.35515594482,-0.517531692982
158,20,H,14.8715095,11.31282917,13.5392553,1,0.0228324960917,-0.417586117983,0.182686239481,3.13699483871
158,21,O,13.24182945,12.60919609,10.91309259,-2,-0.374134927988,-3.0884373188,0.0407225750387,2.96419262886
158,22,O,9.88725675,13.43056959,12.94238295,-2,-0.0141821950674,-2.61162734032,-2.92953228951,-2.67065382004
158,23,O,10.75401501,12.00312831,9.88380455,-2,-0.0760221779346,0.615418493748,3.13983249664,3.50171208382
158,24,H,11.4995542,13.85349984,10.8607301,1,0.00938964635134,0.946069896221,0.807254970074,-0.584568917751
158,25,H,12,12,12,1,0.319109022617,3.11903381348,0.506360709667,-3.02143287659
158,26,H,15.24940308,9.73014646,10.47476157,1,0.0188599154353,-0.516125500202,-0.573581874371,-0.910056293011
159,0,H,14.20513666,10.70143143,11.3094483,1,0.013658978045,0.238087713718,-1.97457790375,-2.19311451912
159,1,H,11.63744461,9.84260651,11.34039361,1,0.0323162451386,0.765690982342,2.4791841507,2.51761460304
159,2,O,12.18865187,10.48531018,11.9590803,-2,0.282123833895,-0.0905574113131,0.0963025391102,-1.83940172195
159,3,H,10.61806973,12.84431865,10.68876251,1,0.0149016194046,-1.19656276703,-1.39806103706,-1.76685988903
159,4,H,12.02088447,10.95775008,12.78327453,1,0.02983853966,-1.30571866035,-1.61244368553,1.24912130833
159,5,H,11.55633801,12.4965662,9.77780729,1,0.015096001327,6.07725286484,0.865260541439,-1.55753004551
159,6,O,14.21650433,10.20119626,10.41115943,-2,-0.0531062036753,-1.99016880989,1.38138127327,2.3369743824
159,7,H,12.27672266,13.54973142,13.02085893,1,0.0197030082345,1.21951544285,-0.0874503478408,-0.20555588603
159,8,O,15.63886913,9.47352342,12.69837902,-2,-0.0531715713441,-1.46685659885,-0.696299016476,1.09956753254
159,9,O,12.45332992,12.93284537,13.75870589,-2,-0.020188011229,-4.13782691956,0.626020729542,0.753363072872
159,10,H,9.08504211,13.99869499,13.47683361,1,0.0211508367211,1.70001411438,0.25820761919,-0.326293081045
159,11,H,13.51700434,12.00003161,10.84227986,1,0.00878367573023,0.0767517983913,-0.051068931818,-1.07994902134
159,12,O,10.7886794,14.8448079,10.79193763,-2,-0.0527867078781,1.49876761436,-1.51793253422,-0.185046926141
159,13,H,14.18973466,12.13441932,12.56397405,1,0.0137814618647,-9.47680473328,4.34110927582,-3.08089375496
159,14,H,9.3561474,13.23443161,12.37251119,1,0.0187836401165,-3.13961791992,-4.17925453186,-4.79772949219
159,15,H,10.6440354,14.84564843,11.71938823,1,0.0133953280747,-1.2252112627,1.61740684509,1.48071086407
159,16,H,15.49388305,10.41312672,13.09191716,1,0.017941262573,0.220806360245,-3.61300110817,-1.5848493576
159,17,H,11.48350028,13.08707542,14.15582754,1,0.0175495110452,2.99848294258,-0.88212788105,-0.642369329929
159,18,O,14.99649296,11.91878894,12.67006492,-2,-0.0256570503116,8.53629112244,-1.42018735409,0.911866903305
159,19,H,14.80952958,8.85316352,12.69099898,1,0.0164779890329,2.24105858803,2.39108610153,0.284648984671
159,20,H,14.75725038,11.52832026,13.47785899,1,0.0224700793624,0.534543454647,-0.681210160255,3.11264848709
159,21,O,13.23508555,12.91487321,10.88708341,-2,-0.638709783554,-2.78543591499,-0.489865362644,2.45866656303
159,22,O,9.85134178,13.73940231,12.88103577,-2,-0.0083030834794,0.854853630066,3.52050042152,5.99672889709
159,23,O,10.70726019,12.27095355,9.86904919,-2,-0.0620946958661,-5.50737524033,-0.678341984749,2.64643478394
159,24,H,11.3529469,14.03557224,10.95353959,1,0.0139478258789,0.741390526295,1.53088629246,-1.72946369648
159,25,H,12,12,12,1,0.322144806385,2.37449908257,0.427629470825,-3.18268966675
159,26,H,15.13284466,10.22680059,10.27917559,1,0.0199524704367,2.24415373802,-0.253087997437,-0.676633298397
160,0,O,12.79438501,8.75237069,14.39020721,-2,0.163875982165,-4.73988771439,-6.00933027267,-2.46088385582
160,1,O,11.61372155,12.0971978,10.84928877,-2,0.410732328892,-1.6938931942,0.0238626208156,3.22607779503
160,2,H,10.47724316,11.93628532,14.39054805,1,0.00983605906367,0.0760552659631,-0.174331009388,0.657760083675
160,3,H,13.13051722,13.80031898,11.0119119,1,0.00633251294494,4.23694324493,-2.80314278603,-0.184636682272
160,4,O,11.68094735,13.52546709,13.24371423,-2,0.00339847058058,-1.4591344595,1.45023024082,4.6526684761
160,5,H,10.07385133,14.2315753,11.78607151,1,0.00331614166498,-4.25212621689,-0.686549901962,1.76704216003
160,6,H,13.7342284,11.82061736,14.27659015,1,0.02270446904,-1.91232180595,-2.29999780655,0.892550945282
160,7,H,12.94980005,9.62789557,14.64503664,1,0.0197913870215,-0.697334527969,2.74243855476,-1.31234073639
160,8,O,13.08157115,9.77544962,11.7566903,-2,-0.0313545167446,2.34472894669,0.0798108503222,0.85480427742
160,9,H,13.88702159,9.87053276,11.21135504,1,0.013131024316,-0.532795190811,0.127642586827,0.335808813572
160,10,O,14.78450796,7.92411116,15.73431123,-2,-0.281826168299,-0.229246735573,0.8252800107,-5.275639534
160,11,O,6.83819912,14.18574108,13.41791699,-2,-0.0678384006023,-1.98660981655,-0.151456490159,0.864324688911
160,12,H,13.80538954,12.34477348,11.15763067,1,0.00323828496039,-2.45832061768,-7.40331315994,1.60856819153
160,13,H,8.70383575,13.3292078,11.8312987,1,0.0090649984777,-0.0131390541792,-0.37704128027,-0.751512408257
160,14,H,13.29869951,9.78258428,15.84700991,1,0.0242232456803,3.43978261948,1.98762702942,6.21577453613
160,15,H,11.63828072,13.18643774,14.20014865,1,0.0188710633665,0.926734805107,-0.648090779781,-2.17879772186
160,16,H,11.22311072,14.34758267,13.62221753,1,0.0182417016476,0.314823001623,-0.574006915092,-1.89738631248
160,17,O,10.70149117,9.66079065,12.33492195,-2,-0.0487209782004,1.48092186451,2.42701530457,2.55540370941
160,18,H,9.42634699,12.42304601,13.38468658,1,0.00956193171442,1.36878859997,-2.23203444481,0.88339048624
160,19,H,11.36951613,10.49997355,12.52902612,1,0.0132549218833,-2.56903886795,-3.31144428253,-0.621071457863
160,20,H,10.72441413,9.54951792,11.41430906,1,0.00839176774025,-0.167420729995,-0.55196171999,-1.901948452
160,21,H,12.84325717,14.5954397,12.99964417,1,0.00505511276424,0.400538295507,0.151409938931,0.194013640285
160,22,O,14.03434491,10.07078764,16.6898505,-2,-0.15402624011,-2.30457806587,-2.67611408234,-4.98500061035
160,23,H,13.65446076,8.16218054,15.2058109,1,0.0574420616031,2.83304619789,-1.44837081432,0.940680265427
160,24,H,13.23092034,11.90219234,9.18107936,1,0.00962477177382,-0.217029303312,-3.8788383007,1.22135210037
160,25,H,14.64829783,9.25325217,16.23213431,1,0.00505950301886,-0.836841225624,1.46913540363,2.05561828613
160,26,O,14.04164907,13.14354683,10.95665024,-2,-0.0503077618778,-1.12269091606,10.4231500626,-1.63855433464
160,27,H,15.36127912,8.07834889,14.82732202,1,0.0134982578456,-1.97724640369,-0.866091549397,3.4576022625
160,28,H,12.68160529,10.21890383,9.44477599,1,0.00765506178141,0.767981469631,2.07895851135,-0.708501458168
160,29,O,13.34871627,10.93539305,9.61402487,-2,-0.0305319540203,0.710471570492,1.3493283987,-2.52734279633
160,30,H,12.46358944,9.34293637,11.1978449,1,0.0104381162673,-0.425952851772,-0.780591130257,-0.427785784006
160,31,H,13.29200404,16.14121842,12.960499,1,0.0106636751443,-0.00566729763523,-1.63071966171,-0.697145104408
160,32,H,12.50704237,11.60886095,15.41569174,1,0.0244094617665,2.6070868969,-2.29598283768,-3.36024045944
160,33,O,9.93907441,11.5755226,13.6975086,-2,-0.0379188247025,-2.13693118095,2.31158423424,-0.744875907898
160,34,H,10.98430918,11.32288191,10.68875872,1,-0.00399617105722,0.907449007034,1.60282313824,0.348329693079
160,35,H,11.75532785,8.46860078,13.9382707,1,0.0339885577559,4.71299600601,1.95682024956,2.08303689957
160,36,H,11.22074396,13.06947821,10.14669583,1,-0.201080843806,0.284914255142,-0.715684115887,0.551311612129
160,37,O,9.07373018,14.08684651,12.28635478,-2,-0.00841171294451,4.81096029282,0.553017735481,-2.16744661331
160,38,H,6.4384955,14.03967255,14.36089522,1,0.0139571689069,2.62040948868,0.275881558657,-2.8721909523
160,39,H,7.74083543,14.1882622,12.96211856,1,0.00885725021362,-1.47010946274,0.342492640018,2.73164391518
160,40,O,13.00257403,11.11455098,14.53411951,-2,0.0121160000563,-0.864994168282,6.61051988602,1.90632748604
160,41,O,13.34671253,15.25152205,12.5105747,-2,-0.0486075505614,0.470436930656,2.48681569099,0.20548196137
160,42,H,12,12,12,1,-0.00611010938883,-1.24169313908,0.239305660129,-3.49629354477
161,0,O,12.67679637,8.7135789,14.38452417,-2,-0.0557056590915,-1.49876952171,-1.69556105137,-0.203045457602
161,1,O,11.49757164,12.01894368,10.86324277,-2,0.416009157896,2.58042287827,5.18823862076,3.81140446663
161,2,H,10.34239782,11.79965857,14.49049335,1,0.0101000722498,-1.20343518257,-1.03723156452,-1.14022302628
161,3,H,13.18832293,13.64823962,11.0429651,1,0.00318109616637,-1.96141278744,2.03294157982,-0.00793515518308
161,4,O,11.54355306,13.43544655,13.32315456,-2,-0.00150843709707,0.53689044714,-2.35463690758,5.8637881279
161,5,H,9.95728797,14.14533238,11.80107052,1,-0.00480316579342,-4.91260910034,-0.794676840305,2.10980772972
161,6,H,13.45707366,11.77118514,14.39640928,1,0.0192473344505,1.71111750603,0.600161790848,-0.795670390129
161,7,H,12.68041154,9.64866721,14.70034449,1,0.0119160749018,-0.290589243174,-1.06431269646,-1.78220283985
161,8,O,12.9133496,9.67851457,11.82278738,-2,-0.0348509401083,7.54406785965,0.266869395971,0.94745028019
161,9,H,13.97081069,9.63731956,11.39104368,1,0.0198321305215,-5.10476541519,0.221209973097,1.65338218212
161,10,O,14.62528959,7.84910076,15.8071331,-2,0.0206087678671,1.0813267231,0.201894596219,-2.19285368919
161,11,H,13.53019813,12.16066075,11.22611946,1,0.00498973205686,0.724675834179,0.969110488892,-0.519797503948
161,12,H,8.58925158,13.15005724,11.92868457,1,0.00065428391099,0.314541101456,1.25125098228,0.2512768507
161,13,H,12.90209472,9.72123592,16.07488053,1,0.031052172184,4.97397565842,1.1558316946,4.94106912613
161,14,H,11.60624588,12.97503151,14.35753818,1,0.0220341421664,0.701491355896,1.15108191967,-4.81332492828
161,15,H,10.95685193,14.06500335,13.73624845,1,0.0108707416803,-0.995808601379,1.50004136562,-0.921568512917
161,16,O,10.59640736,9.56323917,12.37499258,-2,-0.0463167019188,-0.963197052479,-0.688639044762,0.747599005699
161,17,H,9.46515464,12.25016437,13.40253249,1,0.00606080330908,-1.57204353809,3.43284964561,-1.49422621727
161,18,H,11.14246191,10.3191254,12.63328128,1,0.00948977097869,-0.301117390394,-0.232268363237,-0.0392867140472
161,19,H,10.59998685,9.52817331,11.43245941,1,0.00782182626426,-0.239139422774,-0.246601700783,-0.830945193768
161,20,H,12.80155776,14.42339021,12.86541764,1,0.00578158721328,-0.33342179656,0.860241949558,1.10082817078
161,21,O,13.88960678,10.00546742,16.75993382,-2,-0.169290974736,-3.42729473114,-2.863270998,-4.53869867325
161,22,H,13.79546532,8.02456877,15.28755436,1,0.0157546922565,-0.71640765667,-0.841137349606,0.439438670874
161,23,H,12.96814996,11.73411722,9.40383276,1,0.00635015591979,-0.520773649216,-0.480985075235,-0.365933924913
161,24,H,14.48398333,9.15645864,16.23341592,1,0.0128818377852,-1.79373240471,2.41003322601,2.65525102615
161,25,O,13.89382907,13.06299039,11.0454094,-2,-0.0485059581697,2.02566289902,-2.91431832314,0.443879514933
161,26,H,15.18180447,8.1366711,15.04464223,1,0.0165178570896,0.476757735014,-0.829948186874,0.759460985661
161,27,H,12.5411775,10.12939648,9.57116869,1,0.00868684984744,0.889389097691,2.0711684227,-0.598097324371
161,28,O,13.22376669,10.84534311,9.66422181,-2,-0.0328490622342,1.00814783573,-2.00689578056,-1.39163804054
161,29,H,12.33527225,9.40600863,11.16585386,1,0.010374231264,-0.90813523531,-1.03136003017,-1.81157588959
161,30,H,13.14196808,16.10865383,12.88797178,1,0.00960788503289,-0.648163795471,-0.353061825037,0.831510603428
161,31,H,12.41700471,11.55692456,15.46391211,1,0.0242659561336,1.90949034691,-2.54397273064,-2.96530008316
161,32,O,9.80034005,11.47311439,13.72030532,-2,-0.0363738313317,1.9624402523,-2.40964889526,3.36726737022
161,33,H,10.85135677,11.41539684,10.66163432,1,-0.0116462558508,-3.05729961395,-2.96662044525,-0.286346316338
161,34,H,11.8374503,8.4545079,13.9041484,1,0.014853511937,1.4162094593,0.867220163345,0.752968132496
161,35,H,11.02366729,13.039827,10.2728386,1,-0.2055567801,0.284128278494,-0.612863004208,0.306108415127
161,36,O,8.89468648,13.99939022,12.34805963,-2,-0.0405248962343,4.37580823898,-0.480113506317,-2.68666005135
161,37,O,12.86371353,11.06315281,14.57428832,-2,0.0200680866838,-3.58458828926,4.38658094406,3.44956421852
161,38,O,13.19917267,15.2292618,12.52978915,-2,-0.0515082031488,1.36493360996,0.378174841404,-1.98738479614
161,39,H,12,12,12,1,0.000430092215538,-1.8487329483,-0.496779382229,-3.05929732323
162,0,O,11.52267346,11.95566385,11.09225896,-2,0.5628079772,-2.02153968811,1.8529099226,-0.26320913434
162,1,H,10.29266919,11.62762806,14.72834804,1,0.00524956546724,0.0513503178954,-0.0620087534189,0.772399365902
162,2,H,13.259279,13.61217575,11.27676677,1,-0.000761626288295,-2.82906961441,2.78921437263,-0.356053709984
162,3,O,11.54866303,13.33367444,13.62775839,-2,-0.00549549609423,-1.79370212555,-0.0702466219664,3.86461091042
162,4,O,12.90621104,9.58112268,12.09910188,-2,-0.038015794009,1.21596956253,-1.26829504967,-2.15575861931
162,5,H,13.88549766,9.40796733,11.86981372,1,0.0100225768983,-2.4337952137,0.467271029949,-0.0193739756942
162,6,H,13.42121074,11.95753006,11.48574268,1,0.0130700170994,2.60573172569,4.15291118622,-0.925425052643
162,7,H,11.73373156,12.81711936,14.48431948,1,0.00911925733089,0.446414977312,0.790959358215,-2.08093738556
162,8,H,10.75460082,13.84572426,14.02937845,1,0.00123905390501,1.81941187382,-0.499770104885,-1.6074950695
162,9,O,10.62683312,9.46225861,12.62712288,-2,-0.0489610508084,-4.67159223557,-6.22713422775,-4.58279132843
162,10,H,9.60719267,12.20885393,13.51839926,1,0.00097556039691,-0.00896794162691,-0.709114849567,0.0844944491982
162,11,H,11.04841556,10.14324054,12.9650997,1,0.00290207751095,3.05199503899,5.02389097214,2.09793186188
162,12,H,10.61871596,9.49154674,11.62145835,1,-0.00736626237631,-0.18843537569,0.0704971626401,2.23381781578
162,13,H,12.8492517,14.27398506,12.99278976,1,0.00779970362782,0.227646365762,3.2916033268,0.673324942589
162,14,H,12.84209766,11.56240044,9.81145846,1,0.000280808657408,-1.11818432808,2.35925984383,-0.773504674435
162,15,O,13.89182179,12.97259496,11.34312136,-2,-0.0519688688219,1.51915919781,-6.91992664337,1.23192977905
162,16,H,12.55740377,10.08007858,9.87732068,1,0.00184616446495,-0.186550304294,0.222827255726,-0.712456583977
162,17,O,13.23924471,10.74724109,9.91704366,-2,-0.0324393063784,2.6263730526,-2.7795650959,-1.10999405384
162,18,H,12.3038645,9.38418187,11.2448773,1,0.0106226205826,2.91222000122,0.237567454576,3.52961707115
162,19,H,13.05499264,16.06639998,13.07413292,1,0.00746942125261,-1.01203691959,0.259901851416,1.24991679192
162,20,O,9.80437766,11.36149038,13.95939875,-2,-0.0310457646847,-0.844403922558,0.74388217926,-0.191711619496
162,21,H,10.72960442,11.35320452,10.8526984,1,-0.106203168631,0.478665173054,0.0903652831912,0.935143113136
162,22,H,11.0104277,12.96694857,10.7552488,1,-0.25403830409,0.419044137001,-0.636219263077,0.330420255661
162,23,O,13.19525032,15.20116428,12.74506116,-2,-0.0522253364325,1.02537107468,-2.75286340714,-1.85983622074
162,24,H,12,12,12,1,-0.00488378852606,-1.29102110863,-0.427973598242,-0.365052103996
163,0,O,11.59820914,11.92099329,11.27508655,-2,0.679027497768,-10.9680261612,-1.84660828114,-11.1769218445
163,1,H,10.31822479,11.49144623,14.93533279,1,0.0184765327722,0.784470140934,0.716369211674,2.0283908844
163,2,H,13.23231076,13.73472146,11.45831529,1,0.0290910117328,3.05502223969,-3.63192820549,0.594549417496
163,3,O,11.6152747,13.24998571,13.90032717,-2,-0.00883669406176,-5.37150859833,5.18121242523,-3.08632230759
163,4,H,11.53700362,14.55850825,10.68810006,1,0.00878350436687,4.77056980133,1.03823065758,-1.15555095673
163,5,O,12.96124775,9.50211934,12.32829402,-2,-0.0364331752062,-7.29796934128,2.67457652092,-0.457444638014
163,6,H,13.75461603,9.1825305,12.30726061,1,0.0179020315409,7.45369100571,-2.90249657631,-0.799335837364
163,7,H,13.53852404,12.00134186,11.65707506,1,0.0135805085301,0.900256156921,0.586840450764,-0.242546230555
163,8,H,11.94987976,12.68512707,14.48342821,1,0.0198625400662,2.00885558128,-3.58256053925,4.27288675308
163,9,H,10.67139818,13.6436194,14.2453519,1,0.0304444078356,3.98459935188,-1.20822775364,-1.11449062824
163,10,O,10.70899132,9.36750946,12.83034036,-2,-0.0537756979465,-0.391567826271,1.42355525494,2.10309267044
163,11,H,9.80256026,12.17850105,13.59610953,1,0.025133382529,0.189879253507,-3.45357608795,2.17437410355
163,12,H,11.137571,10.19175385,13.33778822,1,0.0190403982997,-1.72760546207,-2.85047125816,-2.26133775711
163,13,O,10.66337931,14.52836332,10.85260274,-2,-0.856569886208,-4.06591129303,-3.3296957016,1.83453226089
163,14,H,10.70675717,9.46850725,11.88645414,1,0.015481300652,0.0670128464699,0.148123532534,-0.288696825504
163,15,H,12.9312192,14.27753016,13.12026443,1,0.0134616792202,-0.512393474579,2.00556612015,1.03519403934
163,16,H,12.76880354,11.52200628,10.13324008,1,0.0221162326634,1.97927498817,-2.10482645035,-0.755647361279
163,17,O,13.95719415,12.87779113,11.60589401,-2,-0.050457354635,-2.60464954376,3.30730366707,-0.182417973876
163,18,H,12.6253632,10.00923258,10.10639524,1,0.0190080404282,0.0402576886117,-0.233929783106,-0.896374166012
163,19,O,13.32376139,10.66158494,10.12625438,-2,-0.0423093028367,-0.81840389967,2.0743906498,-1.28614497185
163,20,H,12.48990849,9.36388837,11.45221484,1,0.0215739905834,1.84842395782,-0.300118774176,2.60654878616
163,21,H,12.94558016,16.06300583,13.30288417,1,0.0207372456789,-0.0636554732919,-3.08950543404,-0.542119979858
163,22,O,9.87035178,11.26853827,14.15792767,-2,-0.0272367969155,-1.78632962704,2.83250355721,-3.49392485619
163,23,H,10.68189582,11.2642766,11.07110768,1,0.066670268774,3.7939221859,2.37816357613,1.84768235683
163,24,H,11.11067564,12.90081732,11.26669,1,0.0374742820859,-0.916322350502,2.80620193481,-1.27444124222
163,25,O,13.25955764,15.17999649,12.91034318,-2,-0.0439790636301,0.803210496902,1.63557744026,-0.400819301605
163,26,H,12,12,12,1,0.0417331829667,4.84491348267,-0.274578511715,10.9173002243
164,0,O,11.48131591,11.92274698,11.01524494,-2,0.676034510136,-3.47004699707,-1.37297070026,3.6767282486
164,1,H,10.21896476,11.44812507,14.7794241,1,0.0204452425241,-0.938287675381,-0.257521212101,-1.03501629829
164,2,H,13.20634274,13.68392561,11.24883447,1,0.0265812277794,2.37014079094,-3.10012578964,0.537346422672
164,3,O,11.50843348,13.21020765,13.74287119,-2,-0.00694432109594,2.377784729,-2.08893728256,0.405405282974
164,4,H,11.6538828,14.48639036,10.41132298,1,0.00800614804029,-4.40830135345,0.548746049404,1.48948740959
164,5,O,12.81371901,15.53413058,9.35205199,-2,-0.0350408181548,-2.73402404785,-4.81214666367,-3.02633237839
164,6,H,13.25168389,14.74998992,8.87020766,1,0.0180462691933,0.483312934637,1.98790895939,1.00907444954
164,7,H,11.85757426,15.01915119,9.06458559,1,0.0226997267455,2.51431202888,3.08909583092,1.37817752361
164,8,O,12.83612135,9.46290977,12.13882108,-2,-0.0355136059225,6.62518119812,-1.12072253227,7.56096744537
164,9,H,13.71541578,8.88181125,12.27401374,1,0.0219231285155,-2.98550796509,2.17859792709,-0.690792024136
164,10,H,13.51256663,12.04097116,11.38531092,1,0.0130485482514,-2.42739129066,-6.43457841873,-1.07754981518
164,11,H,12.06614033,12.43727548,14.21632365,1,0.0257914625108,-2.64652013779,2.89057612419,-0.902776539326
164,12,H,10.59941032,13.42560518,14.02900818,1,0.0265603307635,1.03829443455,-0.351283580065,0.532682836056
164,13,O,10.62782325,9.31208816,12.6238584,-2,-0.0583882592618,-0.852695822716,1.11405801773,4.16816282272
164,14,H,9.84606088,12.00774132,13.37908719,1,0.0214736685157,-0.221640467644,-0.216523870826,0.127297520638
164,15,H,10.97506769,10.14294713,13.18019558,1,0.0169999450445,-1.49879467487,-2.95034623146,-2.29005408287
164,16,O,10.56782808,14.50955035,10.62456898,-2,-0.862836718559,4.5883102417,-2.52692627907,0.0489138662815
164,17,H,10.6500038,9.48611988,11.72461379,1,0.0145768523216,0.182002693415,0.425291627645,-2.33644914627
164,18,H,12.79594145,14.37702704,12.89098701,1,0.0108799599111,-1.17259633541,-1.25284850597,1.1285828352
164,19,H,12.65652667,11.42107585,9.99914129,1,0.0185270905495,1.45394182205,-1.22755348682,-0.868057072163
164,20,O,13.85261367,12.8313071,11.44962158,-2,-0.0465943142772,1.07498538494,9.76978683472,0.682136654854
164,21,H,12.53756969,9.91859574,9.87081545,1,0.0189666077495,1.19625365734,0.835219502449,-0.759977519512
164,22,O,13.24171717,10.61592046,9.91124717,-2,-0.0449406802654,-1.76005601883,0.0341140031815,-0.984106302261
164,23,H,12.58701681,9.32930269,11.31880204,1,0.0167990587652,-1.33512163162,-1.33173310757,-5.76533222198
164,24,H,12.63263815,15.96851365,13.14151666,1,0.0216536894441,1.62943565845,-3.07934069633,-1.89066874981
164,25,O,9.76879408,11.21608183,13.92578318,-2,-0.0232489705086,0.265622466803,0.657037079334,1.68815982342
164,26,H,10.55246907,11.23611076,10.92903936,1,0.0604489669204,3.68986415863,2.72473025322,0.9909029603
164,27,H,11.06202529,12.85073591,11.30833199,1,0.0333574637771,-1.33909547329,2.47353863716,-2.31620192528
164,28,O,13.16433117,15.19249843,12.64924049,-2,-0.040083758533,-0.288390606642,4.69944143295,0.926004469395
164,29,H,12,12,12,1,0.0607714727521,-1.41093921661,-1.30452358723,-2.40677261353
165,0,O,11.4054946,11.99814542,10.80881418,-2,0.442313432693,-3.76908755302,0.725929200649,1.2992002964
165,1,H,10.13144385,11.49952618,14.60235162,1,0.00170313380659,-0.704537212849,-0.604565680027,-0.989417076111
165,2,H,13.33835727,13.53976668,11.09973398,1,-0.00971963442862,-5.75711154938,7.20998048782,-3.08470201492
165,3,O,11.46576349,13.23630359,13.62054529,-2,-0.0869628638029,5.78879404068,-1.67417156696,-0.557314693928
165,4,H,13.50059289,11.62111144,14.62114957,1,0.00810896977782,2.81358098984,1.04282844067,-1.2747092247
165,5,O,12.7818874,9.49229215,12.00878755,-2,-0.0349031835794,5.39962339401,-4.16115951538,-1.28745615482
165,6,H,13.60083024,8.74683281,12.22505914,1,0.0102828014642,-3.40025401115,3.36083054543,-0.799975574017
165,7,H,13.43639461,11.88867155,11.10974772,1,0.0107609517872,1.81892597675,4.14880418777,0.815922677517
165,8,H,12.12633618,12.31717673,13.99023817,1,0.0349605679512,-3.05648994446,2.45670104027,-0.385942339897
165,9,H,10.60637363,13.27295459,13.90792142,1,-0.0107502415776,-2.92449498177,0.110078111291,1.58615064621
165,10,O,10.59877748,9.33232871,12.4727172,-2,-0.0610666573048,-3.20974302292,-5.44709634781,-5.11188220978
165,11,H,9.94369966,11.91454055,13.20421145,1,-0.00476173311472,1.00514757633,3.1558701992,-2.97830700874
165,12,H,10.77337695,10.03986689,12.96051616,1,0.00025518424809,1.11933112144,4.58786678314,3.03328967094
165,13,H,10.66645773,9.58779821,11.51520235,1,-0.00174768269062,-0.105708673596,-0.624490976334,1.82708668709
165,14,H,12.64701256,14.46697041,12.76585819,1,0.00444551371038,1.32190740108,0.219985365868,-0.806574702263
165,15,H,12.68349416,11.34863159,9.86881763,1,0.00340297818184,-2.8309032917,3.72708582878,-0.0636534318328
165,16,O,13.80516492,12.88260731,11.33658321,-2,-0.0498855412006,5.28901100159,-11.331328392,2.75980234146
165,17,H,12.55760984,9.90340206,9.63797293,1,0.00950077548623,0.874024927616,1.08396458626,-0.626356601715
165,18,O,13.20866824,10.64224278,9.73333053,-2,-0.0334542058408,2.41431522369,-4.97052097321,-1.92831754684
165,19,H,12.67564039,9.28527722,11.01009241,1,0.0110578332096,0.558038949966,0.43021851778,3.08784127235
165,20,H,12.43625394,15.82160189,12.98781895,1,0.0022224932909,2.12667250633,-0.195299714804,-1.72213351727
165,21,H,12.78806261,11.16616222,15.79934742,1,-0.00687440484762,-1.23836052418,-0.475798100233,-4.69337129593
165,22,O,9.72221119,11.23381146,13.73928585,-2,-0.0322167053819,-1.21383190155,-2.37765979767,4.71233034134
165,23,H,10.57778339,11.34569809,10.85143562,1,-0.038192525506,1.47518146038,1.41333496571,-0.196900501847
165,24,H,11.05036798,12.85057615,11.27840148,1,-0.0365209281445,0.278408825397,-1.07332396507,-1.264149189
165,25,O,12.71175957,11.13570435,14.65871278,-2,0.030732601881,-0.930052518845,-0.359706699848,5.73008346558
165,26,O,13.12171412,15.28612112,12.42713015,-2,-0.0480271801353,-3.53835749626,0.185878500342,2.65898418427
165,27,H,12,12,12,1,-0.114663794637,0.39599147439,-0.56422150135,0.260471254587
166,0,O,11.36564189,12.10399971,10.67664744,-2,0.271100401878,1.30079829693,3.71152186394,-0.744862139225
166,1,H,10.04279697,11.58398702,14.44959171,1,0.00944884121418,0.296301960945,0.0764631852508,1.41608452797
166,2,H,13.28971978,13.68210175,10.88015889,1,0.00141902454197,0.80068820715,-1.40498030186,0.43716275692
166,3,O,11.48958245,13.27989661,13.55061673,-2,-0.0636623501778,-0.610581755638,-1.47753608227,0.960647046566
166,4,H,13.58164816,11.612937,14.56228388,1,0.0230794902891,0.587338209152,1.24771714211,-1.51917171478
166,5,O,12.78959018,9.53945247,11.93415651,-2,-0.0338341593742,1.59948182106,-0.567682921886,-4.54722499847
166,6,H,15.6423569,10.06736347,15.20837341,1,0.0100870709866,-0.530521929264,0.281835377216,-1.05843293667
166,7,H,13.34863312,8.82137972,12.15756497,1,0.0118014700711,1.14198791981,-1.09270977974,1.43660378456
166,8,O,15.39588343,10.1127054,14.25642644,-2,-0.0405977442861,0.340790361166,-0.061220921576,0.72576457262
166,9,H,13.50696164,11.95862393,10.92634669,1,0.015982830897,1.76062321663,3.91981124878,1.43303000927
166,10,H,12.06654199,12.36674567,13.81772991,1,0.0247856900096,-2.10749268532,2.66337370872,-0.149909034371
166,11,H,10.54319217,13.1858635,13.92401518,1,0.00907327234745,2.55386805534,0.705767273903,-0.503863811493
166,12,O,10.60513486,9.36932323,12.36913061,-2,-0.072357609868,-2.06403255463,-0.619517564774,-1.04003834724
166,13,H,10.101349,11.9884264,12.97629819,1,0.01276069507,-0.983070611954,-2.11589217186,1.4715038538
166,14,H,10.61951744,10.16072522,12.93210146,1,0.00496207922697,-0.0674276724458,-0.587634444237,-0.268824160099
166,15,H,10.73434817,9.67802134,11.4529366,1,0.00813187658787,-0.0201663970947,-0.532872140408,1.0504963398
166,16,H,12.59088684,14.55997573,12.66845519,1,0.0135910511017,2.76609444618,0.440596997738,-1.89064109325
166,17,H,12.65957299,11.46237761,9.787287,1,0.0110022425652,-0.133185446262,-0.86874037981,-0.904429495335
166,18,O,13.81191695,12.93451977,11.29070614,-2,-0.0498690977693,-1.31273150444,-2.51501941681,-1.210947752
166,19,H,14.62051886,10.67961838,14.12216273,1,0.0137299243361,0.797817289829,-0.875497758389,-0.0333573445678
166,20,H,12.64477647,9.94176749,9.43231215,1,0.0134142730385,-0.199248582125,0.392867833376,-0.501361429691
166,21,O,13.22602488,10.68716329,9.6094342,-2,-0.0342857837677,0.492204576731,0.260387927294,-0.884388148785
166,22,H,12.80163338,9.27035754,10.9009399,1,0.0159701183438,-0.0686447396874,1.49207007885,3.77796435356
166,23,H,12.39316571,15.72830514,12.83888571,1,0.00725026428699,0.266161382198,2.70883488655,-0.187104538083
166,24,H,12.86988472,11.07341461,15.51641942,1,0.0111738443375,-1.8705534935,-0.438330262899,-0.0741563811898
166,25,O,9.71954927,11.27332929,13.62294887,-2,-0.0244217067957,-0.365573555231,2.27746391296,-2.0295419693
166,26,H,10.69666077,11.51995658,10.82156772,1,0.00975339114666,-3.32413983345,-3.21497631073,0.391421705484
166,27,H,11.06931365,12.87239285,11.20478631,1,0.002570617944,0.281501233578,0.29038721323,-0.491265743971
166,28,O,12.68583078,11.27791537,14.56888868,-2,0.0182184949517,1.34351396561,-0.702661573887,1.9230004549
166,29,O,13.11264019,15.4062358,12.26950221,-2,-0.0506625957787,-3.15732240677,-3.0310292244,2.21193289757
166,30,H,12,12,12,1,-0.149615898728,0.485495328903,-0.362779915333,0.803908705711
167,0,O,12.66693235,8.89855881,14.0294125,-2,-0.0750445723534,2.31087732315,-5.7699637413,-1.51004576683
167,1,O,11.30542899,12.23496474,10.54498638,-2,0.153053820133,-1.06519889832,-0.675115466118,0.428397864103
167,2,H,9.9314883,11.70686338,14.36969067,1,0.021444119513,-0.273666650057,-0.712892651558,-0.420899897814
167,3,H,13.20354665,13.81638283,10.65133311,1,0.0197812374681,2.96664428711,-3.69479608536,2.626486063
167,4,O,11.49215067,13.33303252,13.47250677,-2,-0.0375728607178,-5.69395112991,5.61654186249,-0.550692439079
167,5,H,13.65875184,11.69258684,14.47142433,1,0.0306063145399,-3.58129429817,0.666243374348,-1.01769411564
167,6,H,12.10016767,9.60015812,14.09759061,1,0.0113127101213,-2.30765414238,2.22781085968,-0.713469266891
167,7,O,12.77723327,9.60794728,11.83649357,-2,-0.0335193797946,0.686860024929,3.59604120255,-0.348194986582
167,8,H,15.47592853,10.29592177,15.09647875,1,0.0139918085188,0.563668251038,-0.266843676567,1.36173081398
167,9,H,13.15315523,8.84178774,12.1104938,1,0.0302481185645,3.09152364731,-2.67627358437,1.62322950363
167,10,O,15.33555662,10.22902601,14.16945057,-2,-0.0382144451141,-0.462803125381,0.856645524502,-0.90574836731
167,11,H,13.64820101,12.24430898,10.80146078,1,0.0147612746805,-0.456299513578,-5.0773358345,-3.07208490372
167,12,H,11.88864764,12.56482395,13.66040234,1,0.0159351304173,2.97711062431,-4.58377933502,1.38229084015
167,13,H,10.56950085,13.19786954,13.91105233,1,0.0186623707414,2.61195731163,1.37743711472,-0.967915177345
167,14,O,10.57892173,9.42307035,12.25714454,-2,-0.133541733027,-3.49160909653,1.10714328289,4.22442340851
167,15,H,10.41354136,9.74584402,9.46361641,1,0.0184778887779,0.759077012539,-0.320804029703,-0.484186053276
167,16,H,10.16229025,11.99536321,12.82199175,1,0.0195695236325,-1.23433232307,-1.72903943062,1.85122358799
167,17,H,10.42030478,10.31517611,12.9254398,1,0.0150604322553,0.312647908926,-3.72398853302,-2.29708504677
167,18,H,10.7956424,9.75133079,11.43414213,1,0.0110777206719,1.06774318218,0.766162753105,-2.26120090485
167,19,H,12.63760094,14.6695009,12.47374224,1,0.0138240233064,2.36695575714,-0.0228656064719,-1.57822823524
167,20,H,12.60844637,11.56342775,9.66325657,1,0.0108286179602,1.47787380219,-2.89469909668,-1.12010216713
167,21,O,13.79043412,12.9954446,11.23738728,-2,-0.0416385307908,-1.68851494789,8.74210357666,0.750681638718
167,22,H,14.65002637,10.91038897,14.03276094,1,0.0191573742777,1.03870618343,-1.25661873817,-0.957288682461
167,23,H,11.19129832,8.53346118,8.98067657,1,0.0179198291153,-0.263920843601,-1.31635713577,-0.241906896234
167,24,O,11.28960538,9.45962149,9.1216773,-2,0.0035777464509,-2.54223155975,0.0279993917793,0.161676600575
167,25,H,12.67352965,10.01203728,9.20034209,1,0.00977936387062,0.0766590461135,1.04717338085,-0.0516602732241
167,26,O,13.223005,10.75445536,9.47771465,-2,-0.0689923614264,0.615320682526,2.98251080513,0.231855943799
167,27,H,12.87640964,9.33838272,10.9811917,1,0.0178053472191,0.132482543588,0.590732216835,-4.82132863998
167,28,H,12.34861079,15.82459372,12.70185219,1,0.0111483298242,0.315080821514,2.528236866,-0.282402157784
167,29,H,12.87001603,10.94733934,15.26993963,1,0.0187535732985,-1.40433120728,-0.965007722378,0.714367389679
167,30,O,9.69469316,11.33778694,13.49298231,-2,0.03069922328,0.395725548267,2.89647984505,-0.537824571133
167,31,H,10.63520723,11.56059572,10.77464883,1,0.0193903632462,0.2482380867,0.208262324333,-0.33358669281
167,32,H,12.56997815,8.48854756,13.02927577,1,0.0265595950186,-1.40310037136,1.40876722336,5.95896053314
167,33,H,11.04850886,12.98474076,11.0770371,1,0.00943588837981,-0.164909362793,1.00812399387,0.197715610266
167,34,O,12.63266358,11.43619536,14.47516207,-2,-0.00529179722071,4.72944021225,0.693676590919,1.44396996498
167,35,O,13.06898567,15.5317699,12.11115529,-2,-0.0446488708258,-2.75657868385,-2.41231060028,1.9788069725
167,36,H,12,12,12,1,-0.124397158623,0.0457715727389,-0.249409928918,-0.462237805128
168,0,O,9.21590973,10.49492231,10.14543651,-2,0.0334701016545,-4.18400907516,-0.0144337425008,-5.9610376358
168,1,O,12.62383726,9.00112307,13.91591641,-2,-0.0702430903912,-0.611405909061,-2.56185889244,0.0817585363984
168,2,O,11.21480827,12.37439896,10.44398944,-2,0.0782833248377,-2.64311671257,-1.4369405508,1.87402486801
168,3,H,9.30291472,10.05468543,10.94572971,1,0.0202384963632,-0.661317050457,-2.3347234726,3.54174518585
168,4,H,9.78133501,11.81610966,14.32426064,1,0.0232076793909,-0.386744111776,-1.27014517784,-2.50189089775
168,5,H,13.23435089,13.75351583,10.57457179,1,0.0168888922781,1.53297996521,-1.26626586914,2.00472617149
168,6,O,11.45188613,13.41181119,13.41232169,-2,-0.0665717348456,1.76202511787,2.42549443245,-2.61451554298
168,7,H,8.40038978,10.0571147,9.50545225,1,0.0278930012137,3.3578145504,1.8748061657,3.05124950409
168,8,H,13.52352965,11.83175696,14.3962678,1,0.0275526661426,-1.654935956,0.843347847462,-0.586933970451
168,9,H,11.99605019,9.7465774,13.99575871,1,0.0121898390353,0.288422733545,-1.26476466656,-1.31705248356
168,10,O,12.73580795,9.70243105,11.76276497,-2,-0.0448071360588,3.43976044655,-3.72934126854,-0.200473591685
168,11,H,15.29558171,10.52450478,15.06833027,1,0.0155014004558,0.716408073902,-0.920050859451,-0.356741636992
168,12,H,13.08319499,8.74259708,12.12762586,1,0.0445570126176,0.318914473057,4.25505876541,-2.30457091331
168,13,O,15.24313719,10.3592977,14.10413182,-2,-0.0356869027019,1.03805458546,-0.519837319851,1.98433935642
168,14,H,13.74884243,12.35478101,10.58058775,1,0.0167215298861,0.538488328457,-0.561063051224,0.550104320049
168,15,H,11.83093981,12.56371244,13.61288194,1,0.0160235129297,0.997156560421,-0.618769347668,0.0285236369818
168,16,H,10.67683893,13.33615579,13.86491301,1,0.0139746516943,-3.39417719841,0.798580169678,2.00213551521
168,17,O,10.51095212,9.49831874,12.18413164,-2,-0.108133681118,-2.96795988083,0.889637708664,0.348989367485
168,18,H,10.33677001,9.81404008,9.61342791,1,0.0221071615815,2.61205053329,-0.223714217544,-2.35242486
168,19,H,10.10616582,11.9455171,12.79408552,1,0.0158379413188,1.84322988987,2.36713051796,-1.9360678196
168,20,H,10.2003022,10.28893039,12.83762353,1,0.0138892605901,0.86901730299,-2.35524892807,-1.66347646713
168,21,H,10.88835567,9.84743588,11.35718758,1,0.0189485400915,0.790229618549,-0.348692089319,1.45091366768
168,22,H,12.75460555,14.76516936,12.22812039,1,0.00964220240712,0.420034855604,-0.910130858421,0.0410112440586
168,23,H,12.59025211,11.54204161,9.53329398,1,0.00990462489426,-1.2542039156,0.810461699963,-0.0207355245948
168,24,O,13.72986937,13.09645788,11.20805851,-2,-0.03350661695,-1.47223067284,1.67855012417,-2.30192065239
168,25,H,14.69694877,11.09344704,13.94074808,1,0.0186455957592,-0.729938268661,1.07389378548,-1.95367026329
168,26,H,11.25403687,8.67180138,8.81548761,1,0.0156106520444,-0.189170762897,-0.52261030674,-0.1560587883
168,27,O,11.2785694,9.60181418,9.03049802,-2,-0.0653607174754,-3.8414618969,-1.00577652454,1.10092651844
168,28,H,12.63271915,10.11666072,9.00043182,1,0.0104500353336,0.43542304635,1.27632296085,0.377508401871
168,29,O,13.19114354,10.84569706,9.36984291,-2,-0.0768205076456,2.86285471916,-0.620608389378,-0.72348678112
168,30,H,12.91296427,9.43091152,10.87596156,1,0.0176018383354,0.283000767231,1.11698579788,-2.00951838493
168,31,H,12.27809165,16.09842284,12.6279083,1,0.0132681913674,2.40951538086,-0.825420379639,-2.22180652618
168,32,H,12.77431371,10.80736758,15.12432547,1,0.0260875709355,-1.4678735733,2.32467556,-2.44417381287
168,33,O,9.64345761,11.42417342,13.38254258,-2,0.0125783830881,-2.47592520714,-0.270229458809,5.19582653046
168,34,H,10.51547675,11.59882291,10.70431446,1,0.0213381424546,2.10888957977,3.32036566734,-1.2795996666
168,35,H,12.46893052,8.50481573,12.96910701,1,0.0373584777117,-1.61243748665,1.83133983612,5.7025384903
168,36,H,10.9751914,13.18935648,10.96422157,1,0.0124514568597,0.0920637026429,-1.08111393452,-0.593553006649
168,37,O,12.55818472,11.60302937,14.40577363,-2,0.00389935821295,3.51272583008,-3.73570036888,4.50371932983
168,38,O,12.98745116,15.65945198,11.98148771,-2,-0.0438683107495,-2.88340115547,1.82481122017,2.35296940804
168,39,H,12,12,12,1,-0.0811228752136,0.201251834631,-0.314067482948,-0.693213582039
169,0,O,9.15061807,10.60790062,10.11242959,-2,-0.000802114605904,-1.71007800102,-1.68943274021,0.530867755413
169,1,O,12.57331153,9.09733139,13.86846709,-2,-0.0456188283861,0.472509652376,4.20164012909,6.75628185272
169,2,O,11.11273384,12.50686994,10.41794381,-2,0.032560877502,-0.261015504599,0.998221576214,0.509573459625
169,3,H,9.39030112,10.20792597,11.05594436,1,0.0223437584937,-1.61504530907,-0.015338357538,-1.4303034544
169,4,H,9.60711044,11.86029652,14.25112806,1,0.0193334780633,0.123513422906,0.0956877171993,-0.553243160248
169,5,H,13.30701114,13.65509644,10.60442961,1,0.0161772910506,-4.13066768646,6.1602191925,-5.78181934357
169,6,O,11.41196603,13.50058547,13.40403768,-2,-0.252555042505,0.362399756908,-1.02223265171,-0.724354147911
169,7,H,8.31150001,10.20168816,9.66127709,1,0.0206162538379,2.36185216904,0.996583580971,1.71962702274
169,8,H,13.32775068,12.04468832,14.40100641,1,0.0276172403246,4.50199604034,1.8492064476,-0.369823813438
169,9,H,11.90164102,9.86241763,13.91477153,1,0.0171010699123,1.46425032616,-2.25937843323,-0.902859926224
169,10,O,12.69999126,9.79150667,11.75456675,-2,-0.0251018181443,3.53801012039,-4.20611906052,-5.12695217133
169,11,H,12.99635509,8.84664373,12.07165782,1,0.0267889332026,-0.402179032564,3.05742120743,-0.883530259132
169,12,H,13.842907,12.40894838,10.44275618,1,0.025654066354,-0.1258790344,2.20666480064,4.40684604645
169,13,H,15.16940221,11.34674348,10.20706982,1,0.0184798203409,-0.392082363367,-1.25573945045,1.64781320095
169,14,H,11.84809653,12.4822334,13.65844351,1,0.025782585144,-1.63839542866,3.12161183357,-0.791858613491
169,15,H,10.62348322,13.56029899,13.94314629,1,0.0133263990283,-0.12176836282,0.446247518063,0.268927723169
169,16,O,10.42802455,9.58265556,12.17942072,-2,-0.0639005154371,0.628144800663,-3.76622867584,-4.72959947586
169,17,H,10.36922998,9.85770743,9.70505822,1,0.0259639471769,1.97383499146,0.0882293879986,-3.12053513527
169,18,H,10.10251133,12.02335493,12.76125176,1,0.012906383723,1.2779494524,1.54283988476,-0.443590253592
169,19,H,10.00962272,10.15553097,12.74815388,1,0.0148725509644,-1.25497508049,2.91039323807,2.18587231636
169,20,H,10.99769079,9.91442669,11.40703252,1,0.0237110704184,-0.299967080355,-0.284077018499,2.84445691109
169,21,H,12.86689322,14.80624262,12.04281021,1,0.011206548661,-0.501993894577,1.43546950817,0.893951773643
169,22,H,12.49876434,11.56860505,9.50097008,1,0.0138195361942,-1.37265992165,1.56036233902,0.498424232006
169,23,O,13.65831577,13.20803453,11.23791214,-2,-0.0420321002603,3.93056845665,-7.57336139679,1.72317540646
169,24,H,11.25462304,8.82862731,8.70346459,1,0.0169275645167,-0.312488585711,0.0823947042227,0.047971598804
169,25,O,11.24944997,9.74723691,9.00641216,-2,-0.0379105731845,-3.73284959793,-1.966832757,1.417796731
169,26,O,15.06404126,11.10213472,11.16989202,-2,-0.0534815043211,-0.0456195995212,-1.49661099911,-0.458708018064
169,27,H,12.56889254,10.25891856,8.9071674,1,0.0118829607964,0.756722807884,0.766920387745,0.188911929727
169,28,O,13.16123742,10.93964064,9.32267251,-2,-0.0693704113364,2.4838719368,-0.713272809982,-1.13837206364
169,29,H,12.92676281,9.54724454,10.72575013,1,0.023162253201,-0.97759771347,1.89769792557,2.61913776398
169,30,H,12.27476505,16.36727076,12.59540763,1,0.0159656759351,2.29112768173,-3.13447356224,-2.40755271912
169,31,H,12.60910462,10.80350711,14.98133569,1,0.0377420224249,-0.518108248711,3.61627244949,-2.18050980568
169,32,O,9.58182854,11.51232373,13.34928355,-2,-0.0269795507193,-2.1991956234,-0.963770329952,1.76533067226
169,33,H,10.48790926,11.79194915,10.6322724,1,0.0173786412925,-0.263102144003,1.19684004784,-0.359497904778
169,34,H,12.24635229,8.58490834,13.23361372,1,0.0179222375154,-2.86736106873,-3.39174938202,-3.02120995522
169,35,H,10.88364153,13.36050843,10.88956778,1,0.0178011488169,0.159601330757,-1.57462644577,-0.435184448957
169,36,O,12.48100521,11.75421871,14.41000535,-2,0.161292254925,-1.90993082523,-6.8824634552,4.34604549408
169,37,O,12.89270521,15.79079409,11.92381805,-2,-0.0504017956555,-1.83299994469,1.83225226402,1.70900046825
169,38,H,14.31301735,10.41238117,11.32290658,1,0.0120434574783,1.94870078564,2.23968791962,-0.843205392361
169,39,H,12,12,12,1,-0.032225728035,0.21082495153,-0.107256092131,-0.377319216728
170,0,O,12.81189978,12.20830275,11.49087257,-2,-0.0117853283882,-0.435925990343,-0.188594639301,0.135297209024
170,1,O,11.18711132,13.17406167,14.08229002,-2,-0.0233573839068,-4.30242156982,-1.4248226881,1.10215079784
170,2,H,12.09020701,13.33503987,14.07287668,1,0.00228235684335,2.75074386597,1.31638431549,0.534864902496
170,3,H,15.32964747,13.47175917,10.61299469,1,-0.114953517914,-0.31835526228,-0.53307056427,-0.0584565736353
170,4,O,14.24055557,10.42777109,12.69565548,-2,-0.00654149800539,-3.27546548843,-4.54880523682,-2.00231480598
170,5,O,9.2930362,13.39282157,12.09091174,-2,-0.0342027768493,3.05400133133,-0.509588241577,3.20699667931
170,6,O,13.66293046,11.8631762,9.1940456,-2,-0.0470654144883,1.85438787937,0.129842877388,-1.97129964828
170,7,H,9.71019159,13.66641824,12.94054128,1,0.0103024477139,0.0044125886634,-0.291178643703,-0.685638666153
170,8,O,12.00746049,14.5281127,9.77958713,-2,-0.0755509436131,-2.33436632156,4.62095594406,-0.679268240929
170,9,H,12.94075579,11.68059495,9.77690715,1,0.00248166359961,-1.06834411621,0.266280472279,-0.000227597076446
170,10,H,10.0719929,10.65484164,11.91726286,1,0.0113067552447,2.32212018967,-0.0536653399467,2.13630914688
170,11,H,14.12957052,12.99712183,11.67549739,1,0.0127843767405,-4.84297943115,-3.48725032806,-0.0633497089148
170,12,H,10.22474279,12.18515678,9.7581316,1,0.0110227093101,-0.162215709686,-0.0477938167751,-1.33807313442
170,13,O,10.39600652,12.85182092,10.42100192,-2,-0.015665397048,0.567932128906,-3.76381802559,-1.20924913883
170,14,H,8.4650986,13.70390574,12.16640366,1,0.00791564956307,-4.8552274704,1.72595512867,0.249868169427
170,15,O,11.01089686,10.50934529,12.31867291,-2,-0.0335198864341,-2.07075095177,0.0150460992008,-2.1457233429
170,16,H,14.76459186,9.82413865,12.14455123,1,-0.0478012934327,-0.0214665047824,0.128351122141,0.0274392105639
170,17,O,14.78524586,13.55629613,11.44412001,-2,0.725019335747,5.42907857895,4.32699775696,-1.88691723347
170,18,H,12.31087727,10.65056604,15.92147195,1,0.00213269144297,1.1688284874,1.12716031075,3.23083138466
170,19,H,12.85614662,11.26893432,14.38536127,1,-0.0270942598581,-1.92443048954,-3.7266626358,0.591326117516
170,20,H,13.43009683,12.12575455,8.27610772,1,0.00575217977166,-0.285807013512,-0.327282339334,1.36791396141
170,21,H,13.55794723,11.67827187,11.84848454,1,0.00687136128545,-1.30212903023,-1.47359120846,0.0851995721459
170,22,H,10.5909327,12.1886962,11.13719795,1,0.017172716558,-0.400033921003,1.6577129364,-0.633414149284
170,23,O,12.80206531,14.54203885,12.56394066,-2,-0.0588120929897,-1.23172748089,-0.891174435616,0.258038848639
170,24,H,15.26032247,13.63537387,12.29291118,1,-0.192185863853,1.59831619263,0.0666916817427,0.921144485474
170,25,H,13.01700465,10.06494938,17.19652112,1,0.00434311293066,0.0534040406346,0.620518684387,0.378759801388
170,26,H,11.29278319,11.02081289,13.10761986,1,0.0110886935145,-1.65496563911,-0.560497164726,0.181558310986
170,27,H,12.53654515,13.77417711,11.95944888,1,0.00643265806139,0.356095790863,2.26156377792,0.819499671459
170,28,O,12.16310908,10.43038859,14.57827361,-2,0.0383208841085,3.65191674232,-1.35447537899,-1.75292694569
170,29,O,12.74518817,10.9583247,16.92022423,-2,-0.13236926496,-1.05454146862,-1.56473112106,-2.21603655815
170,30,H,12.63396271,9.41006552,14.3711784,1,-0.00349079445004,-1.60547924042,5.03706645966,0.546909749508
170,31,H,11.41356986,15.50029068,9.78898321,1,0.012922950089,2.69569134712,-4.57858848572,0.0341875180602
170,32,H,12,12,12,1,0.0159956682473,1.08136057854,-0.457511544228,-0.236401826143
170,33,H,11.31131782,13.8128839,9.85477384,1,0.000901859253645,0.882542490959,1.22226035595,0.129687339067
170,34,H,14.77643168,11.07276778,12.96413908,1,-0.0796545743942,4.29881954193,4.12774181366,2.29968643188
170,35,H,13.72951754,14.62534411,12.39448702,1,-0.0113498307765,-0.0903307795525,0.951381385326,-0.0304421354085
170,36,H,10.76378543,13.05785075,14.98069274,1,0.0103500243276,1.46725547314,0.181127369404,-1.32788956165
171,0,O,12.86125575,12.4193186,11.57747903,-2,0.00997725874186,1.11116492748,-0.755415558815,2.81186246872
171,1,O,11.26956601,13.4197142,14.18516951,-2,-0.0317978039384,2.56419539452,-0.168984130025,-1.04320645332
171,2,H,12.33550487,13.60146699,14.00103687,1,0.00245082005858,-3.80599284172,0.0635733678937,1.54193651676
171,3,H,15.51602429,13.89372916,10.9041809,1,-0.0330138280988,0.957631826401,-0.590784728527,-2.78664636612
171,4,O,14.33805722,10.63521738,12.79637769,-2,-0.00100138783455,-2.82346558571,6.90000677109,4.90520954132
171,5,O,9.37044155,13.64722523,12.20290255,-2,-0.0388618707657,-3.34130334854,-0.0138477552682,1.4231954813
171,6,O,13.72259104,12.10220944,9.30890873,-2,-0.0751724913716,-4.4105796814,-1.34613442421,1.86747467518
171,7,H,10.04498216,13.9345607,12.78539858,1,0.0100115947425,0.616615891457,0.972203731537,1.67279660702
171,8,O,12.06659001,14.72936228,9.88311681,-2,-0.0790231600404,3.12507724762,-2.95018625259,-1.16359484196
171,9,H,12.79696256,11.90224233,10.0124065,1,0.0120534561574,4.72763490677,1.03535151482,-2.87417125702
171,10,H,10.14764113,10.8283901,12.15293146,1,0.0102475788444,2.05551671982,-0.291525036097,0.875629663467
171,11,H,14.00609602,13.11530594,11.82419551,1,0.053965382278,-0.437136620283,0.617420852184,-1.83648276329
171,12,H,10.36625782,12.57085451,9.7709868,1,0.0139764435589,0.323236197233,0.239794746041,0.329398691654
171,13,O,10.43622688,13.10323174,10.59099579,-2,-0.0200540721416,1.07839822769,-3.13271284103,-3.09149456024
171,14,H,8.52664242,14.09155489,12.31236977,1,0.0114225521684,0.337810665369,0.302760660648,0.654802441597
171,15,O,11.12264629,10.74571903,12.45045098,-2,-0.0125568285584,-2.62746143341,0.847484350204,-1.32325696945
171,16,H,14.73689179,10.00259106,12.36888682,1,-0.0562058053911,3.93277454376,-5.46770238876,-4.091755867
171,17,O,14.85923292,13.82296518,11.56247644,-2,0.591696083546,0.632849633694,0.865146934986,2.12432694435
171,18,H,12.14061699,10.78530415,15.89057813,1,0.01778986305,2.0326051712,1.10208845139,2.94147443771
171,19,H,13.04764857,11.36232388,14.58384259,1,-0.0504723265767,-2.44677639008,-1.68853580952,0.814727842808
171,20,H,13.25076945,12.0711354,8.46237528,1,0.00511344429106,0.596971988678,0.188876122236,-0.108213424683
171,21,H,13.73575924,12.07643822,12.247063,1,-0.00479894131422,-3.20687747002,-1.78722238541,-1.26999795437
171,22,H,10.67517823,12.4716181,11.29464455,1,0.0173388794065,-0.956158936024,0.448300153017,-0.886425077915
171,23,O,12.88363043,14.77849049,12.65543204,-2,-0.04775801301,-0.0955799967051,1.81766629219,2.42751049995
171,24,H,15.39340834,14.0007145,12.36010103,1,-0.10330915451,-0.1080327034,-0.379186302423,0.664999783039
171,25,H,13.22146234,10.36277944,17.2239109,1,0.000101204961538,-0.468477904797,1.3385103941,0.0521442443132
171,26,H,11.19281991,11.34910958,13.21480487,1,0.0130560323596,-0.535258948803,-0.518996834755,0.762331962585
171,27,H,12.64834264,14.03618104,12.13580088,1,0.00562800839543,-0.592608034611,-0.641763448715,-1.35269987583
171,28,O,12.24349201,10.66139121,14.73210677,-2,0.557976901531,5.0462846756,-2.00660896301,-3.0445933342
171,29,O,12.7926691,11.23597889,17.0122271,-2,-0.690832614899,-0.917438089848,-2.19988250732,-1.51765978336
171,30,H,12.8739418,9.75993811,14.43287125,1,-0.0164052993059,-2.9470436573,3.58778810501,1.31816184521
171,31,H,11.53776605,15.4233054,10.08226629,1,0.00915030576289,-2.45898008347,3.49114751816,0.931463599205
171,32,H,12,12,12,1,0.0200899615884,2.36759161949,0.00065221847035,-0.294334620237
171,33,H,11.60537287,13.95878269,10.29916305,1,0.0025082975626,0.36196950078,0.926331400871,-0.656595230103
171,34,H,14.99183555,11.36621569,13.10142903,1,-0.104806646705,-0.418800473213,-1.64925146103,-0.268798947334
171,35,H,13.80199283,14.94488309,12.46424815,1,-0.00388094596565,-0.446631342173,0.679758310318,-0.179438471794
171,36,H,10.93438447,13.27330353,15.08961667,1,0.00539714377373,1.17625892162,0.163831725717,-0.330041825771
172,0,O,12.7901031,12.64438264,11.70027705,-2,0.273100316525,3.22923278809,0.30853793025,4.84905004501
172,1,O,11.23740726,13.68246279,14.30741894,-2,-0.0288076326251,2.58592009544,-0.0263355486095,-2.21143269539
172,2,H,12.24585654,13.87187918,14.04849545,1,0.0131598860025,-3.10432171822,-0.0726368203759,1.79449367523
172,3,H,15.66183875,14.27913989,11.08146536,1,0.0373471081257,-3.63504290581,-1.39758431911,0.328774213791
172,4,O,14.30147489,10.88070973,12.93292134,-2,0.00019159913063,3.7245426178,0.0622665695846,-0.368826717138
172,5,O,9.32002341,13.92188966,12.34242746,-2,-0.0426153466105,-3.39237642288,3.29814529419,4.43595027924
172,6,H,11.35043776,8.33355257,11.34469729,1,0.0083759278059,2.18434882164,-1.85529875755,0.389125972986
172,7,O,13.68750341,8.4437129,14.11240256,-2,-0.104836449027,-0.667826414108,-0.351099967957,0.868515729904
172,8,O,13.63987213,12.3549022,9.45188035,-2,-0.0709130614996,-6.2649679184,-2.18983960152,-0.701802313328
172,9,H,10.23526575,14.24267664,12.71670892,1,0.0166132263839,-3.58536458015,0.0987884998322,-0.177998676896
172,10,O,12.00843492,14.93459924,10.00978782,-2,-0.0771928280592,0.527193427086,-1.63086080551,2.24230074883
172,11,H,12.7653383,12.18438675,10.1080194,1,0.0181249789894,4.14596843719,0.698465645313,-2.18144035339
172,12,H,10.18630694,11.0141566,12.46661336,1,0.0290173012763,-2.68612241745,-0.958512425423,-1.98187923431
172,13,H,13.79237521,13.31562425,11.88334425,1,0.144644573331,0.30713891983,0.631931424141,-2.43345165253
172,14,H,10.41079939,12.97867768,9.8742799,1,0.0267550889403,0.530906379223,-0.367469727993,0.988291025162
172,15,O,11.89380388,8.14729031,12.53269753,-2,-0.667580842972,-1.33236730099,0.341695636511,-0.418381780386
172,16,O,10.35494669,13.36278822,10.77223034,-2,-0.0367225334048,0.932549238205,0.523620307446,-5.56416893005
172,17,H,10.87877786,9.89318946,10.01141943,1,0.0185990072787,0.882090687752,-1.5231795311,-0.634892106056
172,18,H,8.44302773,14.51447811,12.53707572,1,0.0221356134862,3.93281984329,-1.71670913696,0.052058622241
172,19,H,10.32456797,8.90068952,10.78136889,1,0.0234274715185,0.69640058279,-2.69160652161,-2.17685246468
172,20,O,10.63011446,10.79793196,9.81514335,-2,-0.0396176725626,-1.13699424267,2.32412528992,-1.03497827053
172,21,O,11.10256819,11.00118082,12.6020026,-2,0.015851020813,1.05818891525,2.83603000641,2.8414721489
172,22,H,14.74834011,10.00039418,12.43408111,1,0.0302236489952,-1.7326220274,3.83410072327,1.81166315079
172,23,O,14.8065627,14.10517096,11.7179317,-2,0.209813073277,5.7322769165,1.10598707199,-0.721153974533
172,24,H,12.97424375,12.02781968,8.70020457,1,0.021005410701,2.86546111107,1.04755032063,1.23514509201
172,25,H,13.57658512,12.36218072,12.57823495,1,0.103489078581,-3.37858057022,-2.14218664169,-2.6802752018
172,26,H,10.57749311,12.77637549,11.43863557,1,0.0240261927247,-0.263493418694,-2.46227669716,0.894761443138
172,27,O,12.83834152,15.03479792,12.77786451,-2,-0.0461052656174,0.408229976892,2.13134932518,2.51836800575
172,28,H,15.40859716,14.34694023,12.47577702,1,0.0272514149547,-1.58516800404,-0.651617348194,0.314667403698
172,29,H,9.94415159,10.77429014,9.11093119,1,0.0215288642794,0.820753097534,-0.29259377718,0.753197789192
172,30,H,10.91693333,11.64967679,13.37763058,1,0.0227143913507,1.55859386921,-1.02742254734,-0.433065861464
172,31,H,12.58845099,14.28887465,12.26900553,1,0.0180252306163,-0.314336806536,-0.554277837276,-1.26548099518
172,32,O,11.01223368,8.24993613,10.28720614,-2,-0.183213710785,-2.99071526527,3.39896988869,2.09350466728
172,33,H,14.50920116,8.61611888,13.71791724,1,0.0128742940724,1.93758761883,0.121157199144,-0.304912984371
172,34,H,13.07621855,8.26983503,13.30809742,1,0.0133771672845,-0.686363697052,-0.0189433135092,0.447916150093
172,35,H,11.42426132,15.5338104,10.46656961,1,0.017605599016,-0.403524816036,1.09741568565,-0.324255734682
172,36,H,12,12,12,1,0.0466751903296,0.372819542885,-0.677946567535,0.465153306723
172,37,H,11.18704122,8.4033579,13.14734162,1,0.0168449357152,0.555094122887,-0.191644191742,0.0177577305585
172,38,H,11.79366137,14.17312962,10.71768609,1,0.0117102339864,0.487094193697,1.90455532074,-3.26814007759
172,39,H,15.0577783,11.54156555,13.25109441,1,0.0156808625907,-1.57353794575,-2.94705605507,-0.968126237392
172,40,H,13.73716217,15.3243754,12.5583439,1,0.0171364694834,-1.29223275185,0.000301765277982,-0.33692714572
172,41,H,11.02774804,13.51268779,15.2148993,1,0.0202802252024,0.550617754459,-0.0179607123137,0.846284508705
173,0,O,12.66644757,12.87474598,11.8296013,-2,0.409311890602,1.85137295723,-0.722417116165,4.73046970367
173,1,H,15.64865732,14.5843514,11.25680972,1,-0.0908510088921,-3.69496250153,-1.22392416,0.493962466717
173,2,O,14.21237519,11.1332385,13.05876252,-2,-0.0188643112779,-0.424700111151,-4.76760435104,-2.38120484352
173,3,O,13.47642764,12.60790438,9.57917337,-2,-0.0520718023181,4.3315320015,-1.72838449478,-9.75627613068
173,4,O,11.89236884,15.13414732,10.13699501,-2,-0.0662204176188,-2.33425855637,2.41618323326,5.08183383942
173,5,H,12.85961304,12.51666099,10.12948877,1,0.00282960757613,-6.63159656525,0.0106129553169,8.62536811829
173,6,H,10.04496702,11.16291615,12.6884068,1,-0.0357417091727,0.18905057013,-1.42805695534,-1.98000824451
173,7,H,13.5776698,13.56157412,11.82864986,1,0.0660618767142,0.955696463585,-0.200205639005,-1.03533017635
173,8,H,10.44055087,13.37383528,10.04371519,1,0.00555996596813,0.537737250328,-0.713054060936,-0.495716542006
173,9,O,10.21690005,13.62839473,10.92370023,-2,-0.039657741785,-1.89625716209,0.326839774847,2.23882770538
173,10,H,10.79236138,10.15175127,10.05943705,1,-0.00859465077519,1.0499317646,-3.50541782379,0.393179982901
173,11,O,10.52682658,11.0087698,9.93859608,-2,-0.0224871188402,-1.9416769743,3.26818799973,-1.34598743916
173,12,O,11.02396679,11.27062966,12.7508068,-2,0.0315601825714,-2.364620924,2.06380414963,2.60380077362
173,13,H,14.61899191,10.19934506,12.56147641,1,-0.0430209860206,-1.76374220848,3.79036998749,1.85003530979
173,14,O,14.70622867,14.39616328,11.86621496,-2,0.046814315021,4.5920548439,0.404485017061,-3.14485311508
173,15,O,14.84127331,15.39760163,14.41249691,-2,-0.0272211506963,-0.595667481422,-0.260988503695,-0.916071772575
173,16,H,12.79445091,12.05638374,9.00082531,1,0.00208749528974,2.84712815285,1.3651894331,-0.232901051641
173,17,H,13.20445746,12.53889638,12.78473699,1,-0.0419671982527,-1.44633364677,0.187852874398,-2.60993218422
173,18,H,10.39857364,12.97578037,11.61545499,1,-0.00273647904396,-0.150140821934,-0.0806844308972,-1.26343798637
173,19,O,12.73232971,15.30360476,12.89769767,-2,-0.0623977221549,-1.73446810246,-0.0708206444979,0.451070725918
173,20,H,15.3043556,14.61124083,12.58960377,1,-0.0192721895874,-0.90342772007,-1.04065692425,1.36559653282
173,21,H,15.40573888,15.48881873,15.15195463,1,-0.0175482034683,1.0837392807,0.224254861474,1.26944577694
173,22,H,9.74814375,10.97747097,9.32834446,1,-0.00243524089456,0.99588149786,0.00394807849079,0.776404082775
173,23,H,10.64316208,11.90327568,13.50930021,1,-0.0343924835324,2.72514986992,-0.619197845459,-0.671152830124
173,24,H,12.44927398,14.52785318,12.33708563,1,0.00803782790899,0.799926519394,1.89781749249,1.40592718124
173,25,H,11.20369443,15.77778604,10.83449168,1,0.0151834003627,2.95889019966,-2.30580592155,-3.66026496887
173,26,H,12,12,12,1,0.0223906412721,-0.505749106407,0.179463431239,0.0355251133442
173,27,H,11.9571874,14.50238143,10.94341921,1,0.00698635913432,-0.00958715844899,1.11723196507,-3.08580970764
173,28,H,14.97998421,11.55839018,13.34027713,1,-0.0300233997405,2.31858086586,1.14474070072,0.898024916649
173,29,H,13.57281092,15.69760495,12.62629942,1,-0.00120066106319,-1.08060717583,-0.524178802967,-0.392752826214
173,30,H,15.38803102,15.58165119,13.64072074,1,-0.000119041651487,0.241129666567,0.790404319763,0.752235651016
174,0,O,12.56498096,13.09310039,11.98067041,-2,0.518431723118,1.42666494846,0.152922660112,3.42092895508
174,1,H,14.30583111,9.44694577,9.86590119,1,0.0209312867373,-2.44978475571,0.959076166153,-0.311088323593
174,2,H,6.83429055,10.66812488,10.29484916,1,0.0116519145668,-0.468372166157,0.708540320396,-0.618787288666
174,3,O,14.13509227,11.36198276,13.18165105,-2,-0.0187825709581,-0.391952157021,3.00941419601,2.02979063988
174,4,H,8.39782962,8.366899,11.87819184,1,0.0348220579326,-0.198710247874,-0.444233894348,-0.0549065135419
174,5,O,13.33320711,12.845624,9.68420607,-2,-0.0694822743535,-1.80572199821,0.588954985142,2.06458973885
174,6,O,11.7825446,15.32910873,10.28917822,-2,-0.0450452752411,-2.6480512619,5.10655450821,1.20737922192
174,7,H,12.73466784,12.85265984,10.50370843,1,0.0132111907005,1.74767947197,0.0441027283669,-3.12728071213
174,8,H,9.91983509,11.23562064,12.80615667,1,0.0333980023861,3.72076106071,-0.415711820126,-1.78004479408
174,9,H,13.42245553,13.75166702,11.73745719,1,0.0608070977032,-1.94585978985,-3.12473797798,0.36705571413
174,10,H,10.54580725,13.70476685,10.21859664,1,0.0250561349094,-0.321250677109,-0.543216466904,0.836328923702
174,11,O,10.09822803,13.8793607,11.068792,-2,-0.0492333099246,-0.915878176689,-1.23532915115,2.11753106117
174,12,H,10.79416347,10.14113382,10.15784051,1,0.0064660385251,-0.557947039604,-0.996165692806,0.368616551161
174,13,H,8.46996373,9.88666704,11.0338904,1,0.026822887361,-1.31581413746,-0.195765569806,-2.85534715652
174,14,O,5.91995578,11.0623444,10.25623427,-2,-0.0770422145724,1.75282788277,2.91328167915,-0.390214264393
174,15,H,10.02654781,8.91351359,10.85093702,1,0.0134415142238,-1.68916893005,-0.318073540926,0.796396195889
174,16,O,10.43300949,11.22564337,10.06030893,-2,-0.19311106205,1.89936387539,0.40937051177,0.808156549931
174,17,O,10.95177966,11.53625369,12.91296844,-2,0.0733481496572,-4.85035657883,-0.122728675604,1.4500169754
174,18,H,14.38638602,10.60100436,12.77640362,1,0.0236938297749,0.0483400709927,-4.07422208786,-2.52796053886
174,19,H,12.79744867,12.15305455,9.30616713,1,0.0231022872031,0.333224713802,-0.636098623276,-1.42607700825
174,20,H,12.79145237,12.68074848,12.87795683,1,0.0432954803109,1.13333165646,1.33435595036,-0.519117593765
174,21,H,10.20915285,13.1338022,11.73998684,1,0.0122339315712,-0.302352309227,1.27710068226,-2.58713579178
174,22,O,12.6372179,15.56292775,13.02406501,-2,-0.0429954007268,0.0967429578304,0.325928390026,1.1655292511
174,23,H,9.62327949,11.20169376,9.58787697,1,0.0229852870107,-0.497499406338,0.699217677116,-0.669869363308
174,24,H,8.72907293,9.33983841,12.97220154,1,0.0205205380917,-1.05586075783,0.740040242672,5.19739246368
174,25,O,7.97610481,9.72202211,10.10613,-2,-0.0770081207156,3.14353919029,1.60587453842,-0.990841209888
174,26,O,8.89357185,9.14803743,12.12438931,-2,0.0400417149067,0.987219274044,-1.09650945663,-2.08980488777
174,27,H,10.52032038,12.12435333,13.60589123,1,0.0214141197503,2.29855966568,0.327755272388,-0.246496751904
174,28,H,12.36265255,14.84112163,12.46568373,1,0.0134626850486,-0.236229360104,0.288618534803,0.305700600147
174,29,O,10.87292015,8.84296935,10.51472147,-2,-0.740706264973,3.25996017456,0.99132335186,-1.67981243134
174,30,H,5.48976266,10.30846857,10.50316149,1,0.0169353615493,-2.57403945923,-2.94112420082,0.908205032349
174,31,H,11.14444482,15.91739584,11.00597634,1,0.0258207321167,2.16305661201,-2.08727622032,-3.62695932388
174,32,H,12.6615884,10.14941792,9.79696887,1,0.0216789059341,3.08517098427,-1.53391993046,-0.107771962881
174,33,H,12,12,12,1,0.147829771042,-1.17576575279,1.03718650341,-0.683424293995
174,34,H,8.63672961,10.1365549,9.42224788,1,0.0333187580109,-2.24999666214,-1.90966498852,1.67528581619
174,35,H,12.13742359,14.86567511,10.99900115,1,0.014755975455,1.05105447769,-1.62639307976,0.692998170853
174,36,O,13.68511331,10.19440836,9.60968641,-2,-0.0433073341846,-0.806613028049,-0.26463201642,0.552828371525
174,37,H,15.01617307,11.59069559,13.47058615,1,0.0178574174643,0.322847545147,1.01226699352,0.702855050564
174,38,H,13.40347858,16.016265,12.66809732,1,0.0193790495396,-0.0130118969828,0.0339364856482,-0.374641358852
175,0,O,12.53569579,13.3128314,12.15552147,-2,0.384741693735,-0.641914308071,0.413057386875,-0.823726773262
175,1,H,14.11139943,9.81518075,9.91090322,1,0.0210156086832,6.58972215652,-10.2167339325,2.6863193512
175,2,O,14.12216837,11.60113014,13.32565523,-2,-0.0278725251555,4.05486488342,2.10405468941,1.86827778816
175,3,H,11.34579488,9.15207375,12.12306394,1,0.0177366621792,-1.29401421547,1.03475105762,-2.49480056763
175,4,O,13.52116209,9.18476768,14.54331357,-2,-0.07559864223,-4.26286840439,1.55963802338,1.10146284103
175,5,O,13.2560538,13.08535187,9.80526942,-2,-0.176830738783,-2.30133318901,1.73768615723,4.52427625656
175,6,H,12.69205074,13.18918829,10.83961894,1,0.0369613319635,1.72997665405,-1.35746526718,-7.33822917938
175,7,H,10.03955278,11.2946759,12.874582,1,0.0339195430279,2.95650529861,0.864201128483,-0.587222695351
175,8,H,13.3376184,13.82217546,11.74264884,1,0.0475949756801,-0.434381693602,-1.41067123413,2.23889112473
175,9,H,10.72505864,13.99547314,10.45955123,1,0.0209034848958,-1.77831459045,-0.339532852173,1.78381288052
175,10,O,11.5431141,8.96186816,13.02597618,-2,-0.0305831506848,1.19310748577,-1.28728175163,3.54180908203
175,11,O,10.05615615,14.12114407,11.21854966,-2,-0.0516205765307,1.067689538,1.07031619549,-1.45553874969
175,12,H,10.83071475,10.07885577,10.31337774,1,0.00840474665165,-1.41087973118,1.71604073048,-0.385018885136
175,13,H,9.93126049,8.82432237,10.90564693,1,0.0259076580405,2.97841930389,1.23369562626,-1.20268476009
175,14,O,10.41477407,11.44270727,10.19772987,-2,-0.797378540039,1.3792347908,0.576631486416,0.78963714838
175,15,O,10.93309726,11.80175049,13.09198958,-2,0.13406406343,-2.47505760193,-2.89892363548,-1.29320454597
175,16,H,14.21906252,10.79794011,12.86899221,1,0.0201322734356,-0.316462606192,-1.92372643948,-1.07022428513
175,17,H,12.90827451,12.23155843,9.56198945,1,0.0201175045222,0.0636263638735,-0.265331268311,-0.599744439125
175,18,H,12.50643155,12.86889458,12.99120516,1,0.0377639047801,1.90953910351,0.649892747402,2.14336514473
175,19,H,10.06935115,13.33948248,11.76850118,1,0.0114163123071,0.231218844652,-0.404316455126,-0.778918862343
175,20,H,9.53231019,11.46398791,9.8447703,1,0.0151199474931,-0.394658893347,0.202619567513,-0.29207277298
175,21,H,10.56534607,12.38826303,13.73401987,1,0.0234803594649,0.230843484402,1.51120424271,1.05663788319
175,22,O,10.89215398,9.14657976,10.64734442,-2,-0.0743762254715,-1.97679591179,-3.75895905495,1.40257608891
175,23,H,14.24028613,8.95936847,14.04016148,1,0.0181342437863,2.51539087296,-1.08969247341,-1.90441417694
175,24,H,12.70235376,9.35574797,13.87703301,1,0.0137896947563,3.23184275627,-1.16579186916,1.27278864384
175,25,H,12.79650949,10.39164899,9.92068694,1,0.0200652852654,-5.87628650665,-1.358268857,1.19078302383
175,26,H,12,12,12,1,0.310255110264,-1.25828528404,1.79111456871,0.219335213304
175,27,H,11.19843831,9.38053842,13.81893863,1,0.0230120681226,-1.14711689949,0.174041643739,-0.90094769001
175,28,O,13.64762379,10.46337232,9.73474771,-2,-0.0328738391399,-0.887165129185,10.7317457199,-3.85642528534
175,29,H,15.13557546,11.68438207,13.65618308,1,0.0225978065282,-3.67642188072,0.106036476791,-0.836779773235
176,0,H,16.22472992,10.11185116,11.78220913,1,0.016712103039,0.954765915871,1.86720526218,0.231138750911
176,1,O,12.59414682,13.54008233,12.32361159,-2,0.1183674559,-4.04790401459,-2.30532383919,1.66235089302
176,2,H,14.23046863,9.83477865,10.05992571,1,0.0221090130508,-2.59873771667,3.80496406555,-0.908839643002
176,3,O,14.20679245,11.85208231,13.47302544,-2,-0.0779139399529,0.0560877360404,-3.42635154724,-1.22699010372
176,4,H,14.83415519,9.24924522,11.60963747,1,0.02618534863,-4.75957393646,0.264325320721,0.325262695551
176,5,H,11.34416782,9.5194046,12.20994925,1,0.0134246312082,-0.421916216612,-0.73102337122,2.7173948288
176,6,O,13.25993101,13.33249329,9.93821385,-2,-0.0814614072442,-0.639331102371,-1.93222653866,0.0424291007221
176,7,H,12.83283982,13.44240826,10.81248712,1,0.0125361606479,-0.334130346775,-0.503522396088,-2.81572508812
176,8,O,16.18500049,10.83323636,12.44306916,-2,-0.0741968974471,2.67655968666,2.53175163269,0.741719961166
176,9,H,10.39479222,11.39845947,12.92823166,1,0.0302003584802,-0.972500085831,0.0131680769846,0.0676740333438
176,10,H,13.39089424,13.81871076,11.92094377,1,0.0334424972534,2.8313062191,0.0346181802452,1.36389374733
176,11,H,10.90473582,14.25799215,10.78640998,1,0.0205074846745,-0.69380658865,-0.208973005414,0.228039070964
176,12,O,11.57367556,9.22469612,13.22233227,-2,-0.0868598893285,-0.630446314812,0.238606542349,-1.39770758152
176,13,O,10.11414329,14.3601219,11.34655972,-2,-0.0510119199753,0.131465539336,1.40154969692,-0.390801310539
176,14,H,10.87074379,10.2013833,10.42011409,1,0.0133211389184,-3.05572390556,8.82306957245,-4.07961416245
176,15,H,16.92277022,11.52612691,12.38544816,1,0.0221938490868,-1.6330473423,-1.82453620434,-0.28009942174
176,16,H,16.58249877,8.82578872,10.40093728,1,0.0513141341507,-1.61010420322,-0.784176826477,4.55748176575
176,17,H,10.05991437,8.79285799,10.91031566,1,0.0366415120661,4.34930706024,3.34068036079,-0.916215837002
176,18,O,10.49017594,11.66309583,10.33123013,-2,-0.770147681236,-0.626482784748,0.811826705933,0.0570950508118
176,19,O,10.99579903,12.06227017,13.26105479,-2,0.155584663153,1.07314121723,-0.00612634047866,0.224318698049
176,20,H,14.15308778,10.85748496,12.86991083,1,0.0198332592845,0.0830132886767,3.44165635109,2.41838645935
176,21,H,13.11873481,12.31384698,9.78684332,1,0.0188462734222,0.77833122015,3.26155090332,0.0584087967873
176,22,H,12.41089593,13.07149891,13.20250293,1,0.02904387936,2.45575833321,1.39284324646,-1.42565870285
176,23,H,12.8899774,9.51115521,11.73413461,1,0.0242503248155,4.39273691177,-1.32962715626,1.15951395035
176,24,H,10.00854455,13.51971215,11.76714951,1,0.0140090584755,0.0726685672998,-0.901560246944,-0.180699750781
176,25,H,9.52758809,11.77289322,10.09865796,1,0.0169628225267,1.57149934769,0.107831805944,0.487006515265
176,26,O,13.85778934,9.26183317,12.12704904,-2,-0.182906314731,-1.26702463627,1.13472223282,-1.02295410633
176,27,H,16.08032862,8.5599323,12.35971423,1,0.0539057068527,1.15158677101,-0.203163579106,-3.06593227386
176,28,H,10.69811689,12.73244612,13.92740241,1,0.0308785084635,-0.409723699093,-1.09239375591,-1.05380403996
176,29,O,11.00149417,9.43796794,10.78312888,-2,-0.0246752128005,-1.33709418774,-13.2928094864,4.74927806854
176,30,H,12.77643689,10.56334481,10.08880355,1,0.0216653626412,0.408222138882,-0.337895065546,-0.463630884886
176,31,H,12,12,12,1,0.39246198535,-1.04586291313,2.77694153786,1.2581808567
176,32,H,11.16120157,9.73689609,13.92283404,1,0.0165794137865,0.00897935032845,0.151548519731,-0.38251376152
176,33,O,13.70001496,10.76533928,9.8465424,-2,-0.0352473333478,1.76299846172,-4.02737474442,0.471980959177
176,34,H,15.13449475,11.79082455,13.80188906,1,0.0191157218069,-1.34133625031,-0.0267562940717,-0.461271286011
176,35,O,15.99199059,8.83147117,11.34608422,-2,0.154327914119,2.66624379158,-2.46515774727,-2.74906396866
177,0,H,16.58460115,10.35055282,12.00229802,1,0.010988805443,1.91605257988,-2.20816373825,-2.83037447929
177,1,O,12.70410841,13.69679791,12.47164422,-2,-0.0115629434586,-0.296163439751,-0.335679739714,0.324154466391
177,2,H,14.09885421,8.63200695,9.91257437,1,0.0116130057722,0.37431961298,-0.739612162113,1.88126885891
177,3,O,14.26962819,8.67705752,8.98599243,-2,-0.0390349179506,-1.24906396866,-1.73893296719,-1.30370938778
177,4,H,14.31267344,9.98948027,10.15275506,1,0.0242418572307,-1.88962328434,5.49662256241,-1.08585906029
177,5,O,14.35150566,12.01956543,13.58673858,-2,-0.0687496885657,-5.7306227684,-2.02943062782,-3.47548389435
177,6,O,10.43032953,5.24701572,5.81909826,-2,0.00281658768654,-1.67023134232,3.01561260223,-0.0841814577579
177,7,H,14.9113971,9.48368922,11.70023462,1,0.0165925323963,-4.27960538864,0.721167325974,0.196053653955
177,8,H,11.36743135,9.7910212,12.39053167,1,0.00571362301707,0.549917280674,-1.99513554573,2.58410549164
177,9,H,11.56128116,4.81777512,8.57632877,1,-0.020916312933,0.936881303787,-0.387088298798,1.35433626175
177,10,O,13.32784821,13.50370577,10.0402158,-2,-0.0911865383387,5.48572587967,-3.10585784912,-9.63303375244
177,11,H,12.92886063,13.58409081,10.76411371,1,0.00794075801969,-5.46574163437,1.43228435516,8.69431591034
177,12,O,16.28302505,10.98506974,12.5478726,-2,-0.0482631251216,1.45259928703,5.89881753922,3.23978090286
177,13,H,10.76791524,11.44616554,12.9718,1,0.0177017524838,-1.24797976017,0.913922667503,1.16072869301
177,14,H,13.64546508,13.71853118,12.20723103,1,0.0210623759776,-0.240634322166,-0.451300919056,1.25585412979
177,15,H,11.10569087,14.42035141,11.10012217,1,0.0121571831405,1.36627948284,-0.291086554527,-0.496830374002
177,16,O,11.66572378,9.4183183,13.39146998,-2,-0.0998929291964,-2.39921879768,2.31848621368,-1.44108104706
177,17,H,10.31911602,8.12994616,9.72993679,1,0.0211672000587,2.08696627617,-2.18003559113,-0.398527264595
177,18,O,10.23908521,14.52532032,11.43864248,-2,-0.0579337887466,-2.60311436653,-1.45471775532,1.31101810932
177,19,H,10.84271605,10.6724917,10.35292822,1,-0.00149619579315,-1.12898731232,2.08462929726,0.788582384586
177,20,H,11.08199372,5.49195332,7.17263515,1,0.023301422596,-1.23398864269,0.414221972227,1.6330858469
177,21,O,11.12687835,7.53530111,9.37664788,-2,0.0623121932149,-4.4651017189,-0.0801628604531,0.522869765759
177,22,H,16.97524209,11.70498893,12.4720609,1,0.0158711895347,-1.41441714764,-0.941643297672,0.347621709108
177,23,H,16.63998519,8.74703484,10.60967196,1,0.0269577130675,-1.21327161789,-0.049199488014,3.46031737328
177,24,H,10.42688538,8.86236992,10.86065826,1,0.0133923590183,2.59771752357,3.07868790627,1.31908237934
177,25,O,10.62412097,11.81677297,10.43942605,-2,-0.296986281872,0.318646728992,-0.506031811237,-0.128881469369
177,26,H,13.35528096,8.36154414,8.7807726,1,0.00695285387337,1.14602935314,0.42969506979,-0.720467686653
177,27,O,11.12286096,12.25180805,13.40571908,-2,0.0795027539134,0.584512770176,0.342006742954,0.417064368725
177,28,H,14.16297283,11.08243833,12.98641592,1,0.0156836248934,0.694025456905,3.30105280876,2.32440972328
177,29,H,13.44092774,12.47329706,9.99813909,1,0.0105525590479,0.269685715437,2.74178743362,-0.331567525864
177,30,H,12.49333142,13.24355982,13.33965973,1,0.0155454650521,1.83589911461,0.75435179472,-1.67126381397
177,31,H,11.07983696,4.58654319,6.00332604,1,0.00741303339601,-0.544344782829,-1.92386996746,0.147829070687
177,32,H,12.95466198,9.73519401,11.90786323,1,0.0201959684491,4.87444019318,-1.49098694324,1.11605930328
177,33,H,9.99369178,13.59487454,11.75583061,1,0.00587966106832,0.858812332153,2.07183027267,-0.799807548523
177,34,H,9.68005152,12.03889461,10.36356787,1,-0.000503903254867,0.528931617737,-0.0983347445726,-0.0876788273454
177,35,O,13.98530361,9.4226009,12.24132436,-2,-0.143351331353,-2.63986349106,0.972259640694,-1.23453080654
177,36,H,16.04074756,8.91139587,12.32393774,1,0.0319396480918,1.12305450439,-2.93773436546,5.66970872879
177,37,H,11.35655183,8.26442076,8.81876472,1,0.0118598863482,1.15802824497,0.834302842617,-1.38881361485
177,38,H,10.84463878,12.97176553,14.07785604,1,0.0163238979876,-0.798205554485,-2.31405067444,-1.60165596008
177,39,H,9.52440377,5.40618241,6.27455331,1,0.000366359949112,2.44561743736,-1.69428098202,-0.797662973404
177,40,O,11.1713555,9.62209992,10.91061618,-2,-0.512431681156,-2.02080583572,-3.5976960659,-0.852714240551
177,41,O,10.86505723,5.36761587,8.24281572,-2,0.577717542648,-1.17418825626,1.06496393681,-2.43921256065
177,42,H,12.7924529,10.64614384,10.21825249,1,0.0183353237808,3.98258113861,1.49533689022,-1.39977800846
177,43,H,12,12,12,1,0.190077468753,-0.501085937023,1.80121695995,0.624240219593
177,44,H,11.12749405,10.01623904,13.97442649,1,0.00563889928162,1.03425192833,-1.04992318153,-0.301586300135
177,45,O,13.82024871,10.99041417,9.93793538,-2,-0.0621724203229,-2.51098179817,-5.57264518738,2.08775544167
177,46,H,15.139916,11.81746014,13.93817137,1,0.0109955575317,4.26989030838,-1.10988652706,1.94324660301
177,47,H,10.48603826,6.41559806,8.74640163,1,0.070470020175,2.50919008255,0.055507093668,0.375431895256
177,48,O,16.11771656,9.05340017,11.45593243,-2,0.065200984478,2.31718850136,-0.955343365669,-10.2742729187
178,0,O,12.84495057,13.7701005,12.59510491,-2,-0.00895744562149,5.76505661011,1.20048308372,-2.48430562019
178,1,H,14.33127854,10.34489181,10.16559054,1,0.0130127631128,4.33430862427,-5.93081951141,0.851690590382
178,2,O,14.51036703,12.09356974,13.66008561,-2,-0.029470667243,5.07640218735,4.35734987259,5.50304698944
178,3,H,14.84528062,9.65184866,11.77180911,1,0.0144978016615,1.39355552197,0.733213126659,-1.81105911732
178,4,H,11.43417343,9.86589187,12.64416665,1,0.00340454280376,0.917656004429,-1.97514128685,-0.804765760899
178,5,H,11.72046639,4.83167287,8.73692008,1,-0.0211900174618,-0.952116787434,1.65128040314,0.161831170321
178,6,O,13.44069926,13.58138656,10.09144384,-2,-0.121082901955,-2.32994151115,0.494616061449,3.6193459034
178,7,H,12.80055855,13.67413419,11.05914058,1,0.0152173191309,3.15928578377,-0.712395012379,-4.47446775436
178,8,H,11.07614247,11.46932035,13.05715204,1,0.0255683399737,-0.748491406441,2.05200481415,1.72881960869
178,9,H,13.90469633,13.50277109,12.55510675,1,0.0274222735316,-3.40041851997,1.26263558865,-0.15421693027
178,10,H,11.36644004,14.47664121,11.35759759,1,0.0147878676653,-1.66089177132,0.0940373763442,0.272463053465
178,11,O,11.78234515,9.53538293,13.53010346,-2,-0.074600070715,-2.00553917885,1.95588839054,0.152986511588
178,12,H,10.43812491,8.15882057,9.84295038,1,0.0201166793704,2.13175725937,-2.35963821411,-0.452504813671
178,13,O,10.39095588,14.59426793,11.50131459,-2,-0.0555671602488,0.101665735245,-0.986253201962,0.0844863429666
178,14,H,10.80045141,11.07528676,10.3135489,1,0.00536135584116,0.171816319227,-10.128610611,-1.80449545383
178,15,H,11.16164689,5.57058907,7.394287,1,-0.0423328876495,-0.431504994631,-0.734384894371,1.83015716076
178,16,O,11.301381,7.63735414,9.48268193,-2,-0.00820648670197,-4.06600189209,1.11850118637,-0.471570640802
178,17,H,10.9160129,9.00006055,10.82537128,1,-0.000490058213472,-2.81241869926,-5.17926502228,-0.152090400457
178,18,O,10.78806268,11.89038438,10.52150174,-2,-0.0135791599751,0.73448985815,11.4247760773,2.52809977531
178,19,O,11.28354041,12.35532335,13.52426461,-2,0.0346471071243,0.349411100149,-1.81708776951,-0.895850121975
178,20,H,14.24817042,11.41452055,13.18838202,1,0.012159852311,-2.24154376984,-5.88485956192,-3.79825472832
178,21,H,13.82108427,12.6759266,10.17553872,1,0.00825822912157,-0.43408125639,1.17063558102,-0.164446786046
178,22,H,12.68329348,13.33871912,13.38081147,1,0.0143187530339,-1.00048112869,-1.4148235321,2.55946516991
178,23,H,13.3062632,9.7907691,12.09628675,1,0.0114240664989,-3.27861809731,1.04932820797,-1.62152385712
178,24,H,10.02966581,13.69290005,11.70954588,1,0.00796707160771,0.991843879223,1.51614785194,-0.130039229989
178,25,H,9.90533822,12.21860631,10.61901491,1,0.00926425866783,-0.640828728676,0.182613223791,-0.178941786289
178,26,O,14.13118458,9.50272839,12.32475088,-2,-0.0500420629978,2.33371472359,-2.23638772964,3.71176433563
178,27,H,11.44998466,8.40631818,8.92158759,1,0.0115601606667,1.42970228195,0.365468889475,-0.493812680244
178,28,H,10.95786346,13.03162895,14.14694945,1,0.0129234753549,-1.20313680172,-1.1021105051,-0.390499651432
178,29,O,11.37000152,9.71302742,11.01465102,-2,-0.814271807671,3.49751067162,5.17005681992,0.728365898132
178,30,O,10.99676434,5.47519951,8.41452563,-2,0.767123162746,0.640170931816,-2.31975460052,-3.92514491081
178,31,H,13.04750485,10.7165846,10.23628074,1,0.0139293912798,0.558392703533,1.4982354641,-0.594489812851
178,32,H,12,12,12,1,0.17535738647,-0.746710658073,0.64479970932,-0.419666141272
178,33,H,11.14457363,10.12976574,13.98400374,1,0.0089062936604,0.820592880249,-1.00806832314,1.26785862446
178,34,O,13.96140543,11.11212497,10.01294402,-2,-0.0348962172866,-5.14489030838,3.26286911964,-0.725203156471
178,35,H,15.3417624,11.7198819,14.16311238,1,0.0156473182142,-2.54936790466,1.23615074158,-1.49921631813
178,36,H,10.87385432,6.47504136,8.63845477,1,0.0318114832044,1.23967003822,1.34842050076,2.44617271423
179,0,O,13.03234266,13.80451689,12.74507636,-2,-0.0307017117739,4.68624687195,-2.00665473938,1.61520731449
179,1,H,14.61278194,10.40938673,10.2416505,1,0.0398270115256,1.46899402142,-0.59407299757,-0.524092316628
179,2,O,14.70508958,12.13645129,13.77876741,-2,-0.00761283189058,3.10293388367,-1.21100616455,2.71222996712
179,3,H,14.87187836,9.84526512,11.76939818,1,0.0330989174545,0.91446852684,0.146394342184,-0.458815515041
179,4,H,11.55730289,9.79025257,12.85614104,1,0.0189652629197,0.0810136348009,-1.29647088051,-3.3325676918
179,5,O,13.5741563,13.61574662,10.18827258,-2,-0.116103298962,-2.76770281792,0.400037497282,3.79237747192
179,6,H,12.84627699,13.66833954,11.17445041,1,0.02128181234,4.33044338226,-0.635182201862,-4.62496519089
179,7,H,11.32810797,11.56919812,13.28063296,1,0.0405657701194,-1.65966486931,-1.66417872906,1.01541483402
179,8,H,14.00155955,13.27156895,12.94018552,1,0.0423931851983,-1.66928386688,2.52261090279,-1.64232575893
179,9,H,11.55089611,14.4897009,11.64899146,1,0.0235269889235,-1.52429151535,0.0487541556358,0.184356331825
179,10,O,11.92173863,9.61544429,13.70225318,-2,-0.0482994094491,-0.145636111498,0.814541399479,1.79232537746
179,11,H,10.50319959,8.00958059,9.99324065,1,0.0342306047678,1.00236856937,-1.894947052,-1.14903879166
179,12,O,10.57283873,14.61020968,11.5921682,-2,-0.0402269549668,1.78816437721,2.84615397453,-0.452540457249
179,13,H,10.7830787,11.03516132,10.24016398,1,0.0396142564714,0.896117687225,0.500600516796,1.2408503294
179,14,O,11.49849504,7.70056899,9.617452,-2,-0.0701513960958,-1.82747197151,3.31712031364,-0.285203665495
179,15,H,8.45392705,8.72541,10.59938025,1,0.0755469724536,-0.539089024067,0.775172173977,0.325455307961
179,16,H,11.29772463,8.91062764,10.81457957,1,0.0753280520439,0.367024928331,-0.127948522568,0.41635838151
179,17,O,10.98216057,11.9512519,10.64437388,-2,0.197075217962,0.715218603611,0.659413278103,1.54264163971
179,18,O,11.47408962,12.4065471,13.67012721,-2,0.0554988533258,0.969767987728,0.713067889214,0.0933680459857
179,19,H,14.28117152,11.46799408,13.23741375,1,0.0214708000422,0.380099505186,-1.27851486206,0.166608527303
179,20,H,14.2121786,12.87978156,10.37592685,1,0.0249800086021,-1.12023723125,1.09168851376,-0.074395596981
179,21,H,12.84093826,13.30711628,13.56452021,1,0.0285578072071,-1.43020439148,0.899483561516,-0.273267269135
179,22,H,13.48283978,9.8624684,12.22713919,1,0.0177648924291,-3.03483486176,0.494394212961,-0.744908571243
179,23,H,10.11873497,13.82687822,11.72319729,1,0.0256427153945,-0.889955580235,-2.00735378265,0.712615609169
179,24,O,9.09667219,8.09057981,10.32351457,-2,-0.548995018005,0.847133219242,-0.395956337452,-0.113452702761
179,25,H,10.13057639,12.34800491,10.90990811,1,0.0440590083599,0.387513101101,-0.345848917961,-0.299323379993
179,26,O,14.3051109,9.53083173,12.45219412,-2,-0.036790676415,2.47168660164,-1.01448309422,1.56128156185
179,27,H,11.59847838,8.54071556,9.04570399,1,0.0437375493348,0.321938633919,-2.07587170601,0.739939212799
179,28,H,11.01184767,13.00919513,14.25656223,1,0.0467562265694,-1.23076510429,-0.80540394783,-0.266446143389
179,29,O,11.60862172,9.7727637,11.15804775,-2,-0.593538939953,0.126727849245,0.244610100985,-0.298760503531
179,30,H,13.32797768,10.80772599,10.24491871,1,0.0213188454509,-5.7594666481,-1.66125643253,0.460941761732
179,31,H,12,12,12,1,0.466373085976,-2.04391479492,0.757216930389,-2.66164135933
179,32,H,11.2096071,10.11864755,14.09147078,1,0.0327825956047,-0.281066358089,-0.273558288813,2.15780162811
179,33,O,14.1123083,11.2019178,10.12251674,-2,-0.0239328593016,4.37605237961,1.13741564751,-0.518045842648
179,34,H,15.47686606,11.64292098,14.39669008,1,0.0459566228092,-3.31031417847,1.92002296448,-2.80996203423
