{
  "run_id": "r06_cold_w",
  "trajectory": "/home/kevinsh/mlip/codesVP/6_26_NPT_MACE/expand/MDresults/r06_cold_w/r06_cold_w.xyz",
  "discarded_frames": 0,
  "used_frames": 101,
  "settings": {
    "generated_script": "/home/kevinsh/mlip/codesVP/6_26_NPT_MACE/expand/npt_r06_cold_w.py",
    "target_density_g_cm3": 0.14,
    "target_pressure_GPa": 1.0,
    "target_temperature_K": 854.0
  },
  "estimates": {
    "pressure_GPa": {
      "mean": 0.11484111179015483,
      "std": 0.10724369889524751,
      "naive_se": 0.01067114688164532,
      "block_se": 0.007031178314065179,
      "block_size": 16,
      "n_blocks": 6,
      "tau_int_frames": 1.1875218790208582,
      "tau_se": 0.016445493313635894
    },
    "density_g_cm3": {
      "mean": 0.16429113873760068,
      "std": 0.019573191675566887,
      "naive_se": 0.0019476053648297626,
      "block_se": 0.008096308290882398,
      "block_size": 16,
      "n_blocks": 6,
      "tau_int_frames": 20.095336860440444,
      "tau_se": 0.012347061329927056
    },
    "temperature_K": {
      "mean": 872.1626674780742,
      "std": 48.036720001425714,
      "naive_se": 4.779832289712263,
      "block_se": 13.55068983133306,
      "block_size": 16,
      "n_blocks": 6,
      "tau_int_frames": 7.926384252850695,
      "tau_se": 19.03115812197778
    }
  }
}