frame,atom_index,symbol,x_A,y_A,z_A,formal_charge_e,predicted_charge_e,force_x_eV_A,force_y_eV_A,force_z_eV_A
0,0,H,9.04638977,12.69041951,12.97776359,1,,1.11079919338,1.31099081039,-4.11611223221
0,1,O,12.00387415,11.99911896,10.68902028,-2,,5.4917049408,2.20253324509,-0.0116854310036
0,2,H,10.22830312,10.6984727,9.70881406,1,,-0.331133544445,-1.33283913136,-0.665156185627
0,3,H,14.00025823,13.35300633,11.50542538,1,,0.620510578156,-1.23705375195,-0.678276956081
0,4,O,10.97866385,11.25748,13.29951981,-2,,2.2476978302,-2.05920386314,3.071641922
0,5,H,15.82112532,15.97842313,10.34284957,1,,-2.95249414444,1.04259514809,-0.691572666168
0,6,O,9.96369866,11.25927459,10.41597623,-2,,-3.0768404007,-1.87333762646,1.17626082897
0,7,H,11.3519755,11.6732565,10.03630506,1,,1.17419695854,1.23588895798,0.765317499638
0,8,O,9.3618432,13.00705177,11.99288639,-2,,0.386564195156,1.64306378365,5.19490814209
0,9,O,14.83745983,16.08654433,9.99885862,-2,,4.09757137299,2.00893378258,1.13062083721
0,10,H,14.80853881,15.24095,9.63886689,1,,-0.548591017723,-1.78885579109,-2.37228417397
0,11,H,14.67245584,12.87886678,13.65407252,1,,-0.555833935738,-0.111916959286,-0.0886270552874
0,12,H,10.95254067,12.17837727,13.47765241,1,,-0.392243683338,1.45284450054,-0.300109148026
0,13,O,13.32446879,9.04398124,12.27421419,-2,,-0.0670693963766,-0.167485564947,2.03752970695
0,14,H,10.90453624,15.67634478,12.60716,1,,-0.33876478672,2.49151706696,-0.587876975536
0,15,H,13.56362747,9.87090693,12.79555474,1,,-0.540453970432,-1.8890734911,-0.952454090118
0,16,O,14.19978606,15.18390615,12.28964695,-2,,-3.09593963623,3.09776926041,0.124754555523
0,17,H,13.78443062,16.15102937,12.43821627,1,,1.58666324615,-3.27846336365,-0.576200723648
0,18,O,14.24708423,13.48946884,10.55915739,-2,,0.194263011217,-0.313742130995,0.484579890966
0,19,H,10.88627862,14.5775183,13.5538635,1,,0.0905851349235,-0.316213667393,1.53357708454
0,20,O,9.72445356,13.79012895,9.61162596,-2,,1.71325707436,-7.62634944916,-0.856128454208
0,21,H,12.90524926,12.49931331,10.37194059,1,,-3.32180047035,-1.75222361088,0.322913974524
0,22,H,9.65064036,13.10553721,10.52916952,1,,0.237811222672,0.952119588852,-3.87575674057
0,23,O,10.9954168,14.76282272,12.64360511,-2,,1.29055893421,-1.12628602982,-0.424691408873
0,24,H,13.6731646,14.81825083,11.47399678,1,,0.119419135153,2.13080835342,3.1770029068
0,25,H,10.0047654,10.76535674,11.28169113,1,,0.267883092165,0.635965049267,-1.62183904648
0,26,H,11.58915171,10.965758,14.09064478,1,,-1.94243168831,0.174268081784,-2.38169145584
0,27,H,13.28209377,12.16114818,13.81965431,1,,0.653887629509,0.437791675329,-0.54178583622
0,28,O,13.89275673,12.55739369,13.17444373,-2,,0.045336406678,-0.508221209049,0.826291739941
0,29,H,12,12,12,1,,-0.378741025925,-0.158870607615,-0.823086202145
0,30,H,9.50146159,14.43832449,10.12925478,1,,-2.15260100365,6.79473352432,3.65977334976
0,31,H,14.50632789,14.42576911,10.65081963,1,,0.65467852354,-1.20199215412,-0.583661854267
0,32,H,10.14150509,13.8847987,12.15432366,1,,-2.91669464111,-2.9195599556,-0.183763593435
0,33,H,13.11346635,8.28563039,12.90916784,1,,0.628245234489,2.04986476898,-1.1724126339
1,0,H,8.97480461,12.80929996,12.87306965,1,,0.8780823946,1.15651416779,-2.78063249588
1,1,O,11.90217079,12.06931715,10.55410876,-2,,2.694896698,1.56891989708,0.290602862835
1,2,H,10.16171883,10.75349816,9.52383193,1,,-1.1815212965,0.734603404999,3.09973812103
1,3,H,13.96727324,13.44596543,11.45704084,1,,1.14266490936,-1.07978022099,-1.09122693539
1,4,O,11.63156511,9.68651926,9.62723557,-2,,-0.102586358786,-3.64466094971,-3.81627082825
1,5,O,14.10762601,9.21764874,9.35969156,-2,,0.404087811708,2.71456122398,3.27480006218
1,6,O,10.87723433,11.37470378,13.2649456,-2,,0.793270528316,-2.42925596237,1.42016172409
1,7,H,15.73542402,16.10180106,10.18615888,1,,-1.67298948765,0.943965137005,0.0917340517044
1,8,O,9.86491405,11.3141633,10.34519469,-2,,-3.35228919983,-0.738642573357,-6.13372516632
1,9,H,11.2773047,11.84240799,9.78350125,1,,2.19976615906,1.44814825058,1.9540258646
1,10,H,11.60808398,9.44937698,13.16112257,1,,-1.07907867432,-0.853460550308,3.18331289291
1,11,O,9.32684714,13.05902747,11.93511842,-2,,-3.86381244659,-3.49354362488,2.864153862
1,12,O,14.76164752,16.15377454,9.94402852,-2,,2.94812297821,0.0809610635042,-0.785643458366
1,13,O,11.4649758,9.2146311,14.17450228,-2,,-0.0184222236276,0.951039433479,-2.92664074898
1,14,H,14.79270241,15.2967571,9.51497499,1,,-0.47579446435,0.419613361359,-1.54874169827
1,15,H,11.59169993,7.06201116,13.63484854,1,,-1.4955034256,-0.979777216911,-1.1984525919
1,16,H,14.59294819,12.87223922,13.77269182,1,,-2.52978420258,-0.830078721046,-1.868881464
1,17,H,10.69552378,12.2905243,13.35617157,1,,0.178144678473,0.754351615906,0.401745647192
1,18,H,12.18584946,9.55472978,10.41376318,1,,-0.855997920036,-0.414835780859,-0.501694321632
1,19,O,13.21295014,9.09534033,12.16698153,-2,,-0.283946692944,-0.843340277672,-0.741540551186
1,20,H,14.93163633,9.8014365,9.30715948,1,,-1.89569497108,-1.28217852116,0.18082639575
1,21,H,13.33345359,9.88939445,12.64924508,1,,0.528472423553,1.33040213585,0.553816556931
1,22,O,14.10858481,15.26357454,12.17476066,-2,,0.569872021675,-3.3804693222,-0.771955490112
1,23,H,13.64449427,15.99052871,12.4367023,1,,-1.93703341484,2.959897995,0.83600795269
1,24,O,14.16172655,13.6240473,10.48129845,-2,,-0.476297557354,-2.43513584137,0.624895572662
1,25,H,12.68137763,12.70109291,10.50764164,1,,-1.82148945332,-1.31162023544,-1.61926186085
1,26,H,13.66716017,14.80844322,11.35168525,1,,-0.778114140034,3.03222632408,3.82584285736
1,27,H,10.07887928,10.85218739,11.10332921,1,,0.78964805603,-1.4593244791,2.17044472694
1,28,H,11.37486651,10.89350269,14.01281451,1,,-1.5944814682,1.66971957684,-0.913717925549
1,29,H,13.05848806,12.24298307,13.57337051,1,,1.51568746567,0.767625570297,-0.598920226097
1,30,O,13.86084482,12.5921623,13.09415004,-2,,1.30302286148,-0.0951992198825,2.59640741348
1,31,O,12.3231702,6.83507582,14.16173585,-2,,1.26233935356,-0.253455489874,0.428258776665
1,32,H,12,12,12,1,,0.187211245298,0.125208616257,-0.717748761177
1,33,H,13.57074473,9.61560452,10.25382214,1,,3.25594544411,-1.58704447746,-3.82156181335
1,34,H,11.8173039,8.29891329,14.30091622,1,,0.455606609583,0.743221461773,0.868233144283
1,35,H,11.83651308,8.95779863,8.82406758,1,,-0.213971182704,2.90920186043,3.90120387077
1,36,H,14.38750247,14.54766011,10.52496611,1,,1.36233365536,-0.0549437403679,-0.838990867138
1,37,H,9.87635078,13.76604825,11.99907315,1,,2.40120220184,3.2475438118,0.5109770298
1,38,H,12.90831024,8.46548742,12.83895778,1,,0.758432030678,-0.39097943902,-0.401582837105
2,0,H,8.96436669,12.94400932,12.75648162,1,,-2.87839221954,-0.815949618816,5.6032333374
2,1,O,11.83746161,12.15315833,10.51791379,-2,,0.147963136435,-0.910012125969,-1.18641149998
2,2,H,10.05383791,10.84523126,9.60234736,1,,-0.183620080352,-0.729716181755,0.0609875507653
2,3,H,14.01741449,13.51968023,11.44155345,1,,0.587321400642,-0.859035491943,-0.459940671921
2,4,O,11.52337375,9.77044,9.55872192,-2,,-1.23936486244,2.17505741119,4.17712879181
2,5,O,14.01156364,9.25836812,9.36461645,-2,,0.894641160965,3.88448762894,3.82756781578
2,6,O,10.80660368,11.49372957,13.31831367,-2,,-1.72882676125,3.52011966705,-2.60980367661
2,7,H,15.61627879,16.27891127,10.14159963,1,,2.93786382675,0.733696103096,0.984600841999
2,8,O,9.78409274,11.37568541,10.34457889,-2,,-2.48031544685,-1.55641388893,0.324671924114
2,9,H,11.28753613,12.07347938,9.69751136,1,,1.27385890484,0.888536214828,1.48994171619
2,10,H,11.49029358,9.56016679,13.23515509,1,,-0.576876401901,-0.934094667435,0.930849134922
2,11,O,9.30050799,13.10452572,11.97063193,-2,,1.11944150925,0.0709553956985,-5.10417079926
2,12,O,14.71778475,16.23188424,9.97894398,-2,,-1.79769182205,-2.02392625809,-3.69194984436
2,13,O,11.42381794,9.2932028,14.17776646,-2,,-0.387841165066,0.396239727736,-0.38635545969
2,14,H,14.76169969,15.40673678,9.36599571,1,,-0.272872060537,2.63727712631,0.454970777035
2,15,H,11.46939604,7.02791872,13.51852911,1,,1.56928420067,-1.26802754402,1.14828228951
2,16,O,15.96176593,13.95500436,12.89440952,-2,,0.122374475002,6.49027299881,0.797093272209
2,17,H,14.39871659,12.87593726,13.92359635,1,,-1.32056164742,-0.325602650642,-1.79059100151
2,18,H,10.47620639,12.46423249,13.38061526,1,,1.24526131153,-3.23932552338,0.576963186264
2,19,H,12.11261163,9.70102716,10.3659008,1,,-1.66248226166,-0.0969761833549,-1.64582753181
2,20,O,13.12286221,9.15313195,12.14350507,-2,,-0.374177932739,-0.130814000964,0.292726457119
2,21,H,14.72813804,9.98057736,9.39454321,1,,-1.19884943962,-1.86940467358,-0.826959192753
2,22,H,15.85478777,13.07906163,12.77008554,1,,-0.853933751583,-3.85846090317,-1.1726539135
2,23,H,15.13320922,14.61404156,12.64754716,1,,2.83363413811,-2.98510742188,1.00687193871
2,24,H,13.14598214,9.96973279,12.63119481,1,,0.633827567101,1.0617120266,-0.110185414553
2,25,O,14.04102224,15.33985682,12.14504809,-2,,1.63780772686,6.14098930359,8.39899635315
2,26,H,13.43151805,15.98154056,12.5361567,1,,0.714736521244,-0.044755667448,0.156127870083
2,27,O,14.09799325,13.75944067,10.49853811,-2,,-0.528457343578,-1.79370462894,-0.820071220398
2,28,H,12.39792862,12.8799863,10.63417058,1,,1.31159007549,1.75778567791,-1.53664922714
2,29,H,13.60550219,14.96662826,11.51834302,1,,-4.69661140442,-3.12786340714,-5.27894306183
2,30,H,10.1783339,10.87809722,11.1072205,1,,-0.768211007118,1.10573422909,-1.09260475636
2,31,H,11.10445322,10.9279191,13.98225949,1,,0.160253018141,-0.248725652695,3.20622491837
2,32,H,12.92503252,12.40369845,13.42823168,1,,1.86059761047,0.289483368397,-0.555166661739
2,33,O,13.85293198,12.62933778,13.10596558,-2,,-1.24146580696,-0.567649483681,2.65804171562
2,34,O,12.22608749,6.95010735,14.18293729,-2,,-1.83778548241,0.141916275024,-1.76384925842
2,35,H,12,12,12,1,,0.449115633965,-0.320445477962,0.879651486874
2,36,H,13.55343108,9.6793057,10.26251886,1,,1.94004893303,-2.2327606678,-3.25061297417
2,37,H,11.68164133,8.31660084,14.33360932,1,,0.376167207956,1.09751307964,0.284560739994
2,38,H,11.79175971,9.20703195,8.92847873,1,,1.95844268799,-3.12102985382,-3.04536056519
2,39,H,14.32397755,14.69481816,10.46067996,1,,0.496865272522,-0.570665001869,-0.239357247949
2,40,H,9.80215305,13.87920245,11.9880103,1,,0.981128811836,1.92097604275,0.0648092776537
2,41,H,12.76350331,8.61179006,12.87070235,1,,0.776111960411,-0.682284295559,-0.756837189198
3,0,H,8.87127667,13.01879536,12.90607139,1,,0.662099659443,-0.408568263054,-1.68555140495
3,1,O,11.80458031,12.24340955,10.52251282,-2,,2.90264463425,3.49359607697,-0.196297377348
3,2,H,9.967947,10.89346725,9.71535008,1,,0.775652289391,-2.40193581581,-3.45858001709
3,3,H,14.12985056,13.59285436,11.43969158,1,,0.471620351076,-0.583835184574,1.3321583271
3,4,O,11.43376193,9.87024532,9.5352812,-2,,-0.308152586222,-1.02766442299,-1.75375008583
3,5,O,10.76080281,11.62987832,13.39267545,-2,,0.479845821857,0.213663607836,-0.0836995840073
3,6,H,6.8876523,14.50428252,14.49463575,1,,0.532145798206,-0.320984482765,-0.157269477844
3,7,O,9.72477455,11.44277791,10.37772071,-2,,-2.27720880508,-0.402534335852,4.27308225632
3,8,H,11.36070013,12.34675825,9.69091574,1,,-0.266257613897,0.0219014622271,-0.661050021648
3,9,H,11.37327658,9.62370771,13.36726361,1,,-0.533252775669,0.618712186813,-5.4445681572
3,10,O,9.29586278,13.15218392,12.02236563,-2,,-0.0970515012741,3.23857164383,2.45417690277
3,11,O,11.40831243,9.38544438,14.21209105,-2,,-0.253531694412,-2.37406396866,6.65344905853
3,12,H,8.01102367,14.12044712,13.23466235,1,,-4.38049793243,2.2629532814,1.5470187664
3,13,H,16.93299654,13.38506936,9.09749796,1,,-0.108995065093,-0.257376998663,1.45884203911
3,14,H,11.43853194,6.96964711,13.50305277,1,,1.89005041122,-0.5112606287,1.65654039383
3,15,O,15.95046983,14.06357636,12.90044711,-2,,-2.24394178391,1.17105340958,-1.5910333395
3,16,H,14.13336173,12.90380024,14.0490535,1,,0.929186880589,0.210017725825,-0.191585838795
3,17,H,10.3482994,12.50417358,13.47604737,1,,0.362430810928,-1.38097453117,0.327551841736
3,18,H,11.99058508,9.84884242,10.28274557,1,,1.08561563492,0.175444170833,1.74928331375
3,19,O,13.0555327,9.21949519,12.15079416,-2,,-1.01616406441,1.57453536987,2.54989218712
3,20,H,10.74018463,15.83874917,12.58935126,1,,-0.82246029377,5.77183294296,-1.54930591583
3,21,H,15.71345501,13.13054843,12.7609647,1,,0.841825306416,0.566663384438,-0.0790852680802
3,22,H,15.07521434,14.6104422,12.41609447,1,,3.88947868347,-1.90135598183,2.88991165161
3,23,H,13.0219566,10.10772182,12.65377979,1,,0.772993206978,-1.56233525276,-1.6655652523
3,24,O,14.0057308,15.43272171,12.16931306,-2,,-6.55995368958,4.45298433304,1.28941750526
3,25,H,15.95429849,12.60938869,10.50215823,1,,-0.164714366198,-3.90233850479,1.13081717491
3,26,H,13.25243501,16.03382443,12.65234262,1,,3.33209896088,-1.43749034405,-0.61591899395
3,27,O,14.05867465,13.89521357,10.54905621,-2,,-0.944565057755,0.998299837112,-4.00743865967
3,28,H,10.71602863,14.95060557,13.61015161,1,,0.63597214222,-1.11679339409,-2.06051754951
3,29,O,9.49294295,13.92802242,9.6635465,-2,,1.1617821455,-1.53003668785,1.25526571274
3,30,H,12.18875513,13.15202727,10.69982806,1,,-0.393365979195,-1.88949418068,-0.879043459892
3,31,H,9.79772433,13.17239583,10.49157384,1,,-1.60320806503,2.95039892197,-2.96424865723
3,32,O,16.58536979,13.54007056,10.01728348,-2,,3.36057949066,3.22905397415,-3.60703992844
3,33,O,10.87229187,14.9650445,12.59746387,-2,,0.805370926857,-3.50504755974,3.70657444
3,34,H,13.32098238,15.05296694,11.54445635,1,,1.27803778648,0.107825130224,1.04074513912
3,35,H,10.22860456,10.95994971,11.10663187,1,,-1.44771885872,1.47359323502,-1.01482582092
3,36,O,7.05920379,14.59434955,13.55212399,-2,,3.43069791794,-1.42056488991,-1.44276249409
3,37,H,10.87172233,10.9921326,14.12195476,1,,-0.534627616405,1.0595369339,0.668075680733
3,38,O,15.74684826,11.63341162,10.84132114,-2,,-0.459623456001,0.417573332787,0.329810738564
3,39,H,12.90135757,12.61791199,13.33563082,1,,0.653864860535,-0.512402713299,-0.75441545248
3,40,O,13.86735394,12.67058084,13.15438175,-2,,-2.47645807266,-0.307319104671,1.10486185551
3,41,O,12.14915509,7.0766303,14.23072943,-2,,-2.22623205185,-0.487142533064,-1.93605780602
3,42,H,12,12,12,1,,0.258397221565,-0.520925223827,1.33251476288
3,43,H,9.43236027,14.8953067,9.75779855,1,,0.288611590862,-1.09475231171,0.625354588032
3,44,H,15.85896139,14.10373554,9.80929743,1,,-0.742493748665,0.676967144012,0.0937176644802
3,45,H,11.60110058,8.3060142,14.42001199,1,,0.250156581402,2.22875976562,-0.527069032192
3,46,H,11.90915585,9.32139551,8.919727,1,,-0.0167887620628,-0.281061530113,-0.483376145363
3,47,H,14.8356913,11.74056842,11.06575955,1,,-0.883628904819,-0.974115967751,0.254649400711
3,48,H,14.28886614,14.85526954,10.43191809,1,,0.12661215663,-1.82626521587,0.24033203721
3,49,H,9.88503292,14.17363269,12.06111652,1,,-1.7177323103,-3.03262615204,0.529540419579
3,50,H,12.68409779,8.70181726,12.92729161,1,,1.30085492134,0.057326644659,-1.68352735043
4,0,H,8.80100547,13.06351072,13.0474962,1,,1.99070286751,-0.221011072397,-4.15586566925
4,1,O,11.79362275,12.34858769,10.54371461,-2,,1.47963166237,6.24127674103,-2.35716199875
4,2,H,9.9317391,10.84567298,9.6932724,1,,-0.493824183941,2.16539597511,1.42423820496
4,3,H,14.26805032,13.6789104,11.47970674,1,,-0.103651940823,0.761579871178,-0.348390698433
4,4,O,11.3483438,9.97789625,9.51861183,-2,,2.98493695259,-3.23101663589,-3.90929031372
4,5,O,10.72989484,11.7689983,13.46934053,-2,,2.53639030457,-4.83904075623,3.46782469749
4,6,H,6.83493538,14.55599033,14.53083693,1,,1.02483785152,-0.444772213697,-0.924148201942
4,7,H,15.65910398,16.72966777,10.27634452,1,,-2.96916460991,-0.97606164217,-0.506890416145
4,8,O,9.67191749,11.51506538,10.42908314,-2,,-2.9189209938,-1.91380548477,-5.62991905212
4,9,H,11.42269176,12.60458367,9.6585892,1,,0.0842166990042,-1.54275631905,0.758527755737
4,10,H,11.25903085,9.70639755,13.29562957,1,,0.302088409662,-0.967593073845,2.12825202942
4,11,O,9.30607628,13.22109553,12.08095759,-2,,-1.65403199196,3.54924035072,4.93695926666
4,12,O,14.68643736,16.39734939,10.09752912,-2,,3.32614541054,1.09425449371,-2.17972707748
4,13,O,11.40418925,9.48298464,14.26884508,-2,,-1.25234115124,0.698735356331,-0.660647630692
4,14,H,8.0096645,14.1879594,13.18239253,1,,-4.13154029846,2.17043948174,1.94739532471
4,15,O,8.70862985,10.61675447,12.42240552,-2,,-3.77260780334,-3.71528959274,-2.49806594849
4,16,H,14.7088626,16.08285257,9.1298046,1,,-0.0540856868029,1.1646168232,1.94686162472
4,17,H,16.84833018,13.58552558,9.10335277,1,,0.280117094517,-1.03836631775,1.60822892189
4,18,H,11.49238913,6.92790589,13.59008108,1,,-0.358235895634,-0.640822172165,-0.536488950253
4,19,H,13.89463467,12.96909628,14.1787055,1,,1.43369364738,-0.555828392506,-1.29347729683
4,20,H,10.244132,12.51251184,13.59283417,1,,-1.97098338604,2.81021118164,0.027293972671
4,21,H,11.90210506,10.00885142,10.28376771,1,,0.504988491535,0.226620137691,1.03271687031
4,22,O,12.99503514,9.29799039,12.17130268,-2,,-0.692247569561,0.836329698563,1.14451420307
4,23,H,10.68953666,16.04149317,12.48980739,1,,0.559599518776,-2.32743692398,0.254274189472
4,24,O,12.84587636,8.33830632,8.15220609,-2,,-0.827741980553,-0.115386456251,-1.92894673347
4,25,H,12.94429712,10.17513867,12.61630912,1,,0.784668564796,-0.550407886505,-0.827156662941
4,26,H,15.89070227,12.65759286,10.56747578,1,,0.124363742769,-3.49231314659,0.747572660446
4,27,H,9.53666832,10.52208227,12.78458394,1,,2.50455760956,-0.0773768424988,1.27398860455
4,28,O,14.02898964,14.03027215,10.60101107,-2,,-0.424577653408,0.785808742046,-0.243389725685
4,29,H,10.73152804,14.98029955,13.60881221,1,,0.124250382185,-0.0420081987977,0.43443647027
4,30,O,9.45555444,13.9957144,9.73970491,-2,,0.975332379341,-10.9545106888,1.46805644035
4,31,H,11.99248419,13.36947035,10.72774069,1,,0.37373483181,-3.26848983765,0.192782893777
4,32,H,9.8094767,13.22310933,10.55989026,1,,-1.83024394512,3.20642733574,-2.77298116684
4,33,O,16.57046953,13.62268444,10.06356973,-2,,0.685283303261,5.75056123734,-4.50081920624
4,34,O,10.87081182,15.0480172,12.66402627,-2,,-0.162326753139,3.34134292603,-0.615935444832
4,35,H,8.68422265,9.86814237,11.68740498,1,,-0.189993441105,2.78639888763,2.37283039093
4,36,H,10.19339603,11.13409808,11.06576072,1,,1.50968158245,-0.768800675869,2.65440416336
4,37,O,7.08189501,14.67502775,13.59251818,-2,,2.72121667862,-1.16816055775,-1.28340935707
4,38,H,13.60265963,7.99230631,7.68347489,1,,0.64062076807,-0.05221343413,0.248135209084
4,39,H,10.64753179,11.12626587,14.30901659,1,,0.754029750824,1.83663761616,-2.33044433594
4,40,O,15.75325066,11.67495773,10.88594098,-2,,-2.96497750282,1.13394796848,0.496127635241
4,41,H,12.91190219,12.84277987,13.23817953,1,,0.363742679358,-0.617109417915,-1.31603968143
4,42,O,13.88566063,12.71473806,13.21276609,-2,,-1.71633839607,1.15906906128,2.72499322891
4,43,O,12.07626382,7.21103819,14.27957167,-2,,-0.43879237771,0.941237747669,0.884971857071
4,44,H,12,12,12,1,,0.214470133185,-0.63725990057,1.09134268761
4,45,H,9.47330569,14.85308523,9.70018598,1,,0.579672336578,8.24518013,0.469160497189
4,46,H,15.89304588,14.3606515,9.84600459,1,,1.14836931229,-1.7764673233,1.53086400032
4,47,H,11.56865793,8.28651771,14.49756396,1,,0.991656780243,-0.32864677906,-1.12686729431
4,48,H,12.08449725,9.3937028,8.84848765,1,,-2.95007419586,2.38979196548,3.15186405182
4,49,H,14.77643445,11.79820364,11.05142412,1,,1.54772305489,-1.30955457687,-0.0875449106097
4,50,H,14.26621158,15.00215619,10.44646958,1,,-0.551581859589,-1.89125049114,1.64042770863
4,51,H,9.88465447,14.2797428,12.18066379,1,,-1.41138291359,-3.10673117638,0.143731862307
4,52,H,12.67129768,8.77095482,12.93970677,1,,0.86264705658,-0.252367645502,-0.948289036751
4,53,H,12.26594054,8.57557325,7.38832966,1,,0.426298260689,-0.472249507904,0.779121518135
5,0,H,8.84260575,13.11148362,12.99803879,1,,0.185483053327,0.95160317421,-1.80765604973
5,1,O,11.79607927,12.47244861,10.56653557,-2,,0.857293367386,5.0889415741,-4.42614746094
5,2,H,9.87481573,10.89974902,9.7520009,1,,-0.737277150154,1.9748673439,1.3889837265
5,3,O,11.27666897,10.07687851,9.48798926,-2,,6.33839607239,-2.95919299126,-1.1084138155
5,4,O,10.71281466,11.89092128,13.54967067,-2,,-0.840497791767,0.467332780361,3.30615139008
5,5,O,9.61797406,11.58290514,10.46485612,-2,,-0.897420048714,-2.58685398102,-3.64165401459
5,6,H,9.20694772,12.72014814,14.81023816,1,,6.35876941681,-3.26771831512,3.23555231094
5,7,O,17.2158008,16.0508487,10.93568004,-2,,2.57788014412,-5.18343067169,0.626278102398
5,8,H,11.49219922,12.76674785,9.64474289,1,,0.178803622723,-2.24475479126,1.29126608372
5,9,H,11.16970082,9.75168719,13.32972174,1,,0.69493752718,-0.877021670341,2.73912787437
5,10,O,9.32015587,13.30631493,12.14875516,-2,,0.488972127438,3.05326890945,0.338545322418
5,11,O,11.40512812,9.58525691,14.32036568,-2,,-1.73034691811,2.35180568695,-1.63252329826
5,12,O,8.6620059,10.71041747,12.45524648,-2,,0.266211390495,-2.97753000259,-0.114088609815
5,13,H,16.78542603,13.75897333,9.14798176,1,,0.808662772179,-1.14688074589,0.313633024693
5,14,H,11.50077209,6.90381573,13.65508926,1,,-0.228811115026,0.0365148633718,0.075655721128
5,15,H,13.74011768,13.03895821,14.24289997,1,,1.4427973032,-0.97082811594,-1.65616714954
5,16,H,10.09658771,12.64725332,13.69454413,1,,1.69798398018,-0.774375081062,-1.70688354969
5,17,H,11.822464,10.18260576,10.33585616,1,,-1.32617330551,-0.114194117486,-1.42556226254
5,18,H,7.94920626,12.30793067,14.53682024,1,,0.927933514118,3.67413949966,-0.253055512905
5,19,O,12.93863367,9.38037896,12.19172691,-2,,-0.0835113674402,-1.47122073174,-1.72655463219
5,20,H,16.67134812,15.18037455,10.91495657,1,,1.12023162842,3.04658102989,0.924793601036
5,21,H,12.90048413,10.22687807,12.55727181,1,,0.542179107666,2.02793431282,0.988765597343
5,22,H,15.87825158,12.61208236,10.63042712,1,,0.647395014763,-0.2846596241,-0.0220125764608
5,23,H,9.59070079,10.66981401,12.67599815,1,,-0.0365964062512,1.0902659893,1.38077497482
5,24,H,18.08547203,15.36902282,11.03501419,1,,-2.86811590195,3.52203655243,-0.349492907524
5,25,H,11.81510865,13.43868276,10.76939697,1,,0.437876224518,-1.25407743454,1.19771111012
5,26,O,16.56220653,13.71797808,10.09653673,-2,,-1.40560090542,4.71977710724,-3.39613628387
5,27,H,8.88050848,10.15664349,11.66143774,1,,-2.07620453835,0.849480628967,0.34135389328
5,28,H,10.21748289,11.29546907,11.14789392,1,,0.0536799840629,0.95180606842,0.147067844868
5,29,H,10.4635247,11.37169351,14.35922169,1,,1.5488846302,-0.387485563755,-0.9771925807
5,30,O,15.75391535,11.72042958,10.93638415,-2,,-2.82601308823,-1.34121608734,0.732009589672
5,31,H,12.93644788,13.057244,13.08556688,1,,2.34786987305,-1.09305119514,-0.456405878067
5,32,O,13.90114612,12.75999345,13.27798342,-2,,-3.6355881691,2.13280916214,2.29412841797
5,33,O,12.01013978,7.34806166,14.32972554,-2,,0.513900399208,-0.978486061096,0.213250696659
5,34,H,12,12,12,1,,0.253719180822,-0.939742743969,1.43362426758
5,35,H,15.96847913,14.55896866,9.91833163,1,,0.846061229706,-2.38047456741,0.847558796406
5,36,H,11.58799093,8.25599358,14.53021844,1,,0.185342490673,-0.925342917442,-0.718356907368
5,37,H,12.13255409,9.60843868,8.91746796,1,,-3.8805205822,1.82295870781,1.96459615231
5,38,H,14.77465266,11.80508931,11.04082863,1,,1.06395447254,-1.00013661385,0.338375627995
5,39,H,9.80267937,14.17100733,12.31533251,1,,-1.36660981178,-1.50266718864,-0.237159207463
5,40,O,8.55381219,13.22022338,14.55900577,-2,,-8.71291637421,-0.480886042118,-0.780021548271
5,41,H,12.69795818,8.81814581,12.92958839,1,,0.266986548901,-0.619894981384,0.316280394793
6,0,H,8.87799779,13.14824299,12.91037084,1,,-4.0272102356,-1.50202929974,4.44113922119
6,1,O,11.80599248,12.60569502,10.57941336,-2,,1.40364170074,1.36697292328,-2.62521243095
6,2,H,9.8094702,11.04120432,9.87146867,1,,1.20279252529,-2.64542388916,-3.27885723114
6,3,O,11.22457451,10.16807748,9.44682905,-2,,0.855682790279,-0.134161964059,1.46729898453
6,4,O,10.69856787,12.00897671,13.62397583,-2,,0.978565216064,3.42210054398,-1.6943769455
6,5,O,9.56633754,11.64244884,10.48483938,-2,,-0.478082388639,1.74445748329,3.63585996628
6,6,H,9.28807677,12.67047065,14.88924504,1,,-2.98158192635,3.19636058807,0.352209180593
6,7,O,17.20480794,16.13278128,11.01176715,-2,,2.01019358635,-1.11358106136,0.433958947659
6,8,H,11.59212337,12.79845955,9.66401508,1,,-0.203014224768,-0.868383169174,-0.485894948244
6,9,H,11.11861654,9.76949087,13.51987683,1,,-1.25769019127,0.102012693882,-4.12088871002
6,10,O,9.33375914,13.39279182,12.20657995,-2,,-0.863968610764,-3.17356777191,-8.70860671997
6,11,O,11.40800265,9.69193643,14.35570187,-2,,0.384304821491,1.78053152561,5.00680065155
6,12,O,8.62051706,10.79329547,12.47882744,-2,,4.27191638947,-1.46312081814,2.13729453087
6,13,H,16.75825246,13.88683011,9.16880447,1,,0.875436782837,-1.35451936722,-0.12311270833
6,14,H,11.44861013,6.92936028,13.70267605,1,,0.843809008598,1.51495075226,1.63980650902
6,15,O,7.5764002,10.97577292,14.90851678,-2,,-4.08087587357,-2.68823337555,0.446822285652
6,16,H,13.67849785,13.10314575,14.21104861,1,,0.309771031141,-0.0891014710069,1.28983521461
6,17,H,10.05670683,12.76206197,13.71620332,1,,1.82674658298,-0.638074159622,-1.44192910194
6,18,H,11.66344187,10.35589061,10.30159264,1,,-1.04173409939,-0.0127624720335,0.146440818906
6,19,H,8.02134192,12.16801287,14.35572409,1,,0.744792461395,6.08866882324,1.63146162033
6,20,O,12.88756863,9.45785223,12.19689328,-2,,-0.135168164968,0.453947722912,-0.415411531925
6,21,H,6.59627961,10.88328591,15.3104796,1,,3.58156681061,0.632402420044,-1.34921598434
6,22,H,16.39206644,15.61292289,10.94704424,1,,0.954100012779,0.742644429207,1.03718698025
6,23,H,12.87585895,10.37273284,12.54984988,1,,0.437906295061,-1.30105662346,0.317942410707
6,24,H,15.93306038,12.61758108,10.63969659,1,,0.345202893019,0.465088605881,-0.209055840969
6,25,H,9.68299416,10.87202275,12.67324916,1,,-4.14790248871,0.541246294975,1.09668195248
6,26,H,17.96718297,15.44158493,11.12759937,1,,-2.57522344589,1.87513709068,-0.336075901985
6,27,H,11.68537636,13.486982,10.8790335,1,,-0.149935364723,1.17027544975,1.03241467476
6,28,O,16.55753796,13.82439729,10.11227802,-2,,0.167107075453,1.94863724709,-2.48444700241
6,29,H,7.55903097,10.33674351,14.1453147,1,,0.347145915031,0.793379604816,0.679598450661
6,30,H,8.96064168,10.49221368,11.63992117,1,,-2.19096112251,-0.324268728495,-1.6025197506
6,31,H,10.2445728,11.48548693,11.23671319,1,,-1.73385727406,1.49082159996,-2.45636701584
6,32,H,10.3539198,11.60280472,14.34063549,1,,-0.151974380016,-3.73144626617,3.8401632309
6,33,O,15.74802419,11.76145364,10.98723701,-2,,-0.0237665846944,-1.93633627892,0.58942425251
6,34,H,13.05771487,13.23595378,12.89970033,1,,2.83237075806,-1.59723162651,0.966518998146
6,35,O,13.90788471,12.80777284,13.34228091,-2,,-3.04328107834,1.74651789665,-2.09671974182
6,36,O,11.95412923,7.47504249,14.37372015,-2,,1.79296386242,-7.18656349182,-2.15693068504
6,37,H,12,12,12,1,,0.258410066366,-1.15801990032,1.61836743355
6,38,H,16.06898687,14.64704775,10.00832024,1,,-0.630137264729,-0.238389834762,0.697607576847
6,39,H,11.60034343,8.29665601,14.5229024,1,,-2.1416246891,3.34577512741,0.334924250841
6,40,H,12.04444988,9.92517744,9.08284716,1,,1.33586764336,-0.973921775818,-2.08414745331
6,41,H,14.80931723,11.76111949,11.03576868,1,,-1.14092481136,-0.442471861839,0.374549865723
6,42,H,9.76123954,14.07946291,12.46836952,1,,4.04221343994,7.23270893097,2.38062810898
6,43,O,8.47543025,13.2852003,14.56597864,-2,,0.894178509712,-7.82459688187,0.404781579971
6,44,H,12.73326648,8.83586373,12.94164907,1,,0.30222761631,0.742624223232,-0.329946815968
7,0,O,11.81831918,12.74405495,10.57256721,-2,,0.753692805767,3.12694263458,0.333860099316
7,1,H,9.81194021,11.07674442,9.8230769,1,,-0.0130453780293,0.685935735703,0.145891278982
7,2,O,11.17069222,10.26457428,9.38727294,-2,,0.633218348026,-0.462633192539,-0.360345602036
7,3,H,11.05926514,13.30640908,8.39870124,1,,-3.16617107391,0.424452066422,-2.75023269653
7,4,O,10.68456783,12.13677693,13.66459657,-2,,0.360811948776,-1.18902933598,0.677918195724
7,5,O,9.51466249,11.70962184,10.49446969,-2,,-1.18018782139,0.311284482479,-1.50445830822
7,6,H,11.71027951,12.76183041,9.62836139,1,,-0.292904227972,0.423750698566,-0.112152822316
7,7,H,11.00474685,9.81788051,13.51413363,1,,0.0733353719115,0.148679539561,-0.14638929069
7,8,O,11.41321905,9.80866005,14.3795022,-2,,-0.620075523853,1.54340529442,0.29366594553
7,9,H,10.49823815,14.21614346,7.2173414,1,,-0.741898536682,-2.1734046936,1.27073025703
7,10,O,8.59430311,10.87662394,12.48660632,-2,,3.80599021912,-0.420979470015,0.339557975531
7,11,H,16.75099385,13.97239439,9.12606984,1,,0.323591142893,-0.991760194302,1.15062940121
7,12,H,11.38759974,7.0531049,13.78792397,1,,-0.219783604145,0.0725088268518,0.06623698771
7,13,O,10.23954406,13.37530814,7.74197955,-2,,3.67076301575,2.02170062065,0.925691902637
7,14,H,13.64070222,13.21864339,14.21017144,1,,-0.294733285904,0.238038092852,1.03525447845
7,15,H,10.13844263,12.87569656,13.63586852,1,,-1.43290615082,2.34189081192,-0.442701280117
7,16,H,11.44323664,10.53903854,10.2474232,1,,-0.444400727749,-0.0800647735596,1.77828872204
7,17,H,9.48697569,11.30153044,15.75692514,1,,1.40233325958,-0.459665387869,2.33410263062
7,18,O,12.83731083,9.54043207,12.17493788,-2,,-0.133096396923,0.933588445187,0.483980596066
7,19,O,10.34702821,11.17891165,16.30099635,-2,,0.0786489546299,0.0485234111547,-5.75784492493
7,20,H,12.86050559,10.47774295,12.5458827,1,,0.413944661617,-2.30388092995,0.01893620193
7,21,H,10.95816968,10.941936,15.32692406,1,,-1.78523445129,-0.420918047428,4.85229873657
7,22,H,16.01937404,12.69987376,10.58690206,1,,-1.27180790901,-2.40120792389,1.27995288372
7,23,H,9.57972079,11.1073522,12.7370537,1,,-3.22410154343,-0.417051553726,0.62290585041
7,24,H,11.58308824,13.61804728,11.0243699,1,,0.355244338512,-1.81279742718,-1.92807912827
7,25,O,16.55739129,13.93802701,10.09864101,-2,,1.76426410675,0.207050740719,-2.93142938614
7,26,H,8.9061373,10.81659337,11.52914542,1,,-2.43907999992,-0.167420968413,1.0592713356
7,27,H,10.1764572,11.74585111,11.17709425,1,,0.468671858311,0.404507219791,-0.374431878328
7,28,H,10.26508578,11.67136962,14.4267225,1,,0.897750973701,0.506587386131,-0.984482884407
7,29,O,15.73908251,11.80266051,11.02213488,-2,,0.220935285091,0.796717822552,-0.724787116051
7,30,H,13.30727966,13.36068342,12.73306612,1,,1.56556248665,-1.09631085396,1.51444208622
7,31,O,13.90293467,12.86262021,13.37756334,-2,,-1.17080104351,0.924348831177,-2.36948299408
7,32,O,11.90580079,7.58337446,14.39040159,-2,,0.472451090813,-0.751727342606,-0.0506371855736
7,33,H,12,12,12,1,,0.456604927778,-1.58000183105,1.85229742527
7,34,H,16.11243839,14.74659222,10.08698066,1,,-1.43087029457,2.11510014534,1.14818096161
7,35,H,11.52354415,8.55141457,14.49670236,1,,0.258051693439,-1.3150421381,0.0747121274471
7,36,H,12.07165174,10.21855058,9.12674698,1,,1.22601568699,-0.721813201904,-1.85448551178
7,37,H,14.78160098,11.70371163,11.02447312,1,,0.353027164936,0.230015665293,0.00483022630215
7,38,H,12.77224186,8.89221014,12.93406613,1,,0.306188553572,1.26068091393,-0.971695780754
8,0,O,11.83158041,12.89026154,10.54586918,-2,,0.558606863022,1.51959252357,-1.24660730362
8,1,H,9.84103002,11.11952909,9.71182739,1,,-1.27218174934,2.66181969643,2.30898523331
8,2,O,11.11595021,10.36783076,9.2974136,-2,,5.54630756378,0.830687224865,0.610337018967
8,3,O,10.67428014,12.26021819,13.67188895,-2,,-0.722316026688,-0.0880353152752,0.359568238258
8,4,O,9.45985438,11.78041594,10.47121996,-2,,-0.743312895298,-1.3657412529,-4.43428134918
8,5,H,11.84389385,12.74434262,9.54914653,1,,-0.699334383011,1.72717607021,2.05893921852
8,6,H,10.88386517,9.89546637,13.44838659,1,,1.98652863503,0.823487520218,3.44392728806
8,7,O,11.41756461,9.9394001,14.37391334,-2,,-2.8521695137,0.646652281284,-3.89183449745
8,8,O,8.58107999,10.96449859,12.46595396,-2,,-2.37967252731,-1.46218919754,-1.75376486778
8,9,H,11.29610482,7.19070516,13.8422095,1,,-1.1796387434,-1.17335891724,-1.12178909779
8,10,H,13.58458407,13.39062935,14.2254292,1,,0.524517059326,-1.03679835796,-2.35626602173
8,11,H,10.22829258,13.09411313,13.48812409,1,,-0.321543127298,-0.370251059532,0.692391693592
8,12,H,11.20202066,10.72820855,10.23775384,1,,0.400156855583,-1.51746058464,-1.62056541443
8,13,H,9.45137168,11.47329558,15.87678572,1,,0.73382294178,-0.344074249268,1.18788015842
8,14,O,12.78932342,9.63039197,12.12121632,-2,,0.110788598657,-0.861039102077,-0.964103460312
8,15,O,10.34228336,11.2859415,16.26170105,-2,,0.898742318153,-0.985722780228,-5.00513553619
8,16,H,12.85036371,10.48677786,12.51336754,1,,0.251796662807,0.639612793922,0.796690106392
8,17,H,10.92791311,10.84150801,15.22719172,1,,-1.80019640923,0.171556562185,4.99210739136
8,18,H,16.05662241,12.72731565,10.53558287,1,,-1.92942917347,-3.07836771011,1.61638629436
8,19,H,9.34181492,11.3310003,12.82757841,1,,1.87664222717,0.969728112221,1.09737706184
8,20,H,11.52960486,13.71495045,11.05400466,1,,0.566956162453,-1.4713793993,-2.62438297272
8,21,H,8.7329054,11.14346951,11.43395995,1,,-0.872944772243,-0.580151259899,2.66903400421
8,22,H,10.13487588,12.04725643,11.06825741,1,,1.02520740032,0.299645543098,0.149104893208
8,23,H,10.24341243,11.72660412,14.4330733,1,,0.895693302155,2.14167761803,-1.61730980873
8,24,O,15.72953515,11.85456468,11.02925067,-2,,0.435892820358,2.1136777401,-1.42137598991
8,25,H,13.62469057,13.45680438,12.5990231,1,,0.278714776039,-0.307993710041,1.15368485451
8,26,O,13.89306932,12.92365303,13.37492898,-2,,-0.776982188225,1.31134450436,1.24247312546
8,27,O,11.86328941,7.69169993,14.37652753,-2,,1.25441646576,-0.169138252735,0.933105349541
8,28,H,12,12,12,1,,0.34692054987,-1.27140891552,1.69629216194
8,29,H,11.45393126,8.83525689,14.43603677,1,,0.674426913261,-0.0837996006012,0.863498806953
8,30,H,12.1984709,10.47127209,9.03265798,1,,-4.34423446655,-0.739234685898,0.684862613678
8,31,H,14.75747537,11.67453149,10.98380411,1,,1.49088454247,0.909079790115,-0.238673970103
8,32,H,12.81117349,9.02267043,12.87720681,1,,0.0369328260422,0.140407145023,-0.260556727648
9,0,H,8.74997455,13.17411827,12.69360411,1,,-1.35235381126,-0.713373661041,0.761824786663
9,1,O,11.86101153,13.02222293,10.50205584,-2,,2.34812259674,-3.56186342239,-2.06202936172
9,2,H,9.83458401,11.27457135,9.67095667,1,,-1.59364628792,1.80472040176,1.06466531754
9,3,O,11.09390635,10.4658485,9.18539792,-2,,4.45314407349,1.18748831749,0.789108932018
9,4,O,10.68251663,12.36470086,13.65373638,-2,,1.48317575455,2.71238780022,-2.03299474716
9,5,O,9.42027602,11.83348835,10.4121453,-2,,1.75402057171,0.0463885441422,-1.29603612423
9,6,H,11.99847586,12.79875759,9.54097688,1,,-0.957677423954,1.9572455883,1.68870782852
9,7,H,10.86951864,10.00889995,13.52824031,1,,0.200283318758,1.27333521843,0.0913562774658
9,8,O,9.36974213,13.66080522,12.1916867,-2,,1.70179641247,3.70457029343,1.08875381947
9,9,O,11.4298003,10.06927332,14.33132423,-2,,-1.18413066864,0.407613754272,-0.47961306572
9,10,O,8.5807492,11.04037952,12.41654807,-2,,-1.15003681183,0.443063259125,0.650503396988
9,11,H,10.28718265,5.89324665,15.1421195,1,,0.397489309311,-0.0218276437372,0.346953690052
9,12,H,11.18625826,7.27355227,13.83529184,1,,1.17398142815,0.898701667786,0.463637411594
9,13,H,9.93013444,6.53614604,13.87414075,1,,1.46390998363,1.76257443428,-3.97800445557
9,14,H,10.79225136,16.32809766,10.62708098,1,,-0.417978525162,0.584301352501,1.30477190018
9,15,H,13.54943164,13.53740736,14.10816091,1,,0.663472771645,-0.978938579559,-1.81380605698
9,16,H,10.34474478,13.26875422,13.34248751,1,,0.492556869984,-3.25652360916,1.60739552975
9,17,H,11.00121533,10.84090778,10.13494152,1,,1.37833189964,-1.63390159607,-1.85808372498
9,18,H,9.4423978,11.59603666,16.05242706,1,,-0.776170969009,-0.080589979887,0.109529644251
9,19,O,12.75934906,9.70568225,12.03913646,-2,,0.3186866045,-0.243335187435,-0.310999155045
9,20,O,10.35655895,11.38473761,16.18357221,-2,,1.33712732792,-1.25003600121,-1.15869665146
9,21,H,10.39192941,16.50262567,12.53073907,1,,2.12623643875,-3.66594290733,0.727742135525
9,22,H,12.86789255,10.53742986,12.48725905,1,,0.0610595308244,0.807748913765,0.00224471092224
9,23,H,10.87496358,10.64255643,15.24640067,1,,-0.651226997375,0.74441164732,1.29286873341
9,24,H,9.2124363,11.56720014,12.94847817,1,,-0.404853910208,-0.905024647713,-1.13700413704
9,25,H,10.75814849,15.69959988,13.79025949,1,,0.99397957325,-0.599090576172,-1.37495434284
9,26,H,9.25315992,17.29508422,7.95819497,1,,-0.566356062889,-0.841338336468,-0.643249690533
9,27,O,9.36104762,14.26709504,9.90938144,-2,,2.65543413162,6.56346273422,-0.735680818558
9,28,H,11.54639264,13.77159448,10.93202999,1,,-0.556915640831,2.68850064278,-0.56377196312
9,29,H,9.5681515,13.8990848,10.76401908,1,,-0.891393303871,-0.818764865398,-0.186923861504
9,30,O,10.95909935,15.5271548,12.81039155,-2,,-3.06165504456,4.53308486938,1.86647224426
9,31,H,8.54799857,11.42565922,11.45167936,1,,0.789254248142,-1.10427439213,2.14775753021
9,32,O,9.56504521,6.16669384,14.58948794,-2,,-2.60435295105,-2.20544815063,3.64266109467
9,33,H,10.15807447,12.33992659,10.94111909,1,,-1.77390396595,-1.82032549381,-1.76992058754
9,34,H,10.28139182,11.85739029,14.32070925,1,,-0.681859493256,0.148853927851,1.9660346508
9,35,H,13.94844853,13.54384272,12.50097296,1,,-0.304643690586,-1.28180599213,2.47773313522
9,36,H,11.28927747,16.16272542,9.32466437,1,,2.2215886116,-1.04857397079,2.32259702682
9,37,O,13.89679026,12.97754532,13.35049002,-2,,-0.243856057525,2.17535591125,-0.664386510849
9,38,O,11.8415298,7.79412061,14.34015227,-2,,-0.287878394127,-1.82205653191,-0.609449267387
9,39,H,12,12,12,1,,0.0374437049031,-0.656783461571,0.787027835846
9,40,O,11.63711022,16.05853059,10.30154144,-2,,-0.80879586935,0.671046555042,-3.77889156342
9,41,H,9.89434958,15.23255592,10.13939874,1,,-3.07021832466,-4.59171724319,-1.78239417076
9,42,H,11.45713705,9.02849291,14.38575175,1,,0.847446262836,-0.770877957344,1.24840974808
9,43,H,12.13724015,10.65826771,8.94799795,1,,-4.02074575424,-0.972626566887,1.00558912754
9,44,H,10.54881446,17.32031732,8.83051124,1,,-1.94511914253,1.63430571556,-1.14711129665
9,45,H,10.0163902,14.51398392,12.66771739,1,,-1.76621425152,-0.75505310297,-1.60828268528
9,46,O,9.77096216,17.86446119,8.49646313,-2,,2.26421308517,-0.333514541388,1.57777404785
9,47,H,12.85872909,9.14689241,12.81193516,1,,-0.0907700806856,-0.815553426743,-0.0398359522223
10,0,H,14.81221844,13.76290567,13.51855305,1,,-0.284350633621,0.938488543034,0.257910788059
10,1,O,12.52191997,12.84902002,12.05831545,-2,,-2.90054130554,-0.0525736808777,1.60789680481
10,2,H,13.15487198,10.38885054,10.43237753,1,,-1.1925765276,3.36870670319,-1.3682911396
10,3,H,12,12,12,1,,1.53739905357,-0.0494014918804,-1.88196849823
10,4,H,13.15777592,10.10218723,13.43794259,1,,0.236181780696,-3.28667211533,-1.05592894554
10,5,H,12.6624249,13.54064333,11.40239425,1,,-0.00152498483658,-0.758843839169,-0.764847278595
10,6,H,13.73666696,10.89102692,14.73440827,1,,-1.27876377106,-0.72297257185,-2.03694701195
10,7,H,12.78390745,12.13024452,9.5674276,1,,1.69273209572,-4.46109390259,2.6375579834
10,8,H,12.86273448,8.80803477,10.42431333,1,,-0.315607696772,-0.439991772175,0.415347695351
10,9,H,11.70420811,13.16840115,12.50276231,1,,0.456393003464,1.33233737946,1.02336335182
10,10,O,13.21318112,10.89847925,13.86904597,-2,,1.70254540443,3.41163563728,3.62879943848
10,11,H,10.13483026,13.93825998,14.10232673,1,,0.284593045712,-2.84843993187,-1.15509605408
10,12,H,11.55641635,10.66760549,13.70706071,1,,-0.535264849663,-0.243358045816,-1.09811162949
10,13,O,10.85982586,10.14506316,13.21800261,-2,,-1.14714980125,0.492892861366,4.0116186142
10,14,O,10.32156999,13.02566792,13.65967029,-2,,-1.47961187363,1.67624700069,1.33306765556
10,15,O,10.26479991,10.61670011,10.68487522,-2,,-5.40830087662,0.358344942331,2.34111118317
10,16,O,14.00686945,13.5258488,14.00132867,-2,,2.42316770554,-3.68518686295,-0.472708016634
10,17,H,9.35172091,10.31019903,11.2745635,1,,4.3027920723,0.501794993877,-2.38695406914
10,18,H,14.16605866,12.48554433,13.77386511,1,,-1.61829328537,3.60789966583,0.711306154728
10,19,O,13.29317213,11.39988031,10.23704999,-2,,-0.172299087048,1.61436295509,-2.46687746048
10,20,O,12.66946233,9.16069783,11.31063794,-2,,4.37646722794,-0.510677695274,1.28976655006
10,21,H,9.95252686,11.55257921,10.6959751,1,,1.03356850147,-0.656721591949,-0.518921852112
10,22,H,10.30400854,10.04117626,14.06448143,1,,0.701146602631,-0.341579765081,-2.19263601303
10,23,H,9.56098262,12.4081326,13.82653093,1,,1.17380654812,1.25071644783,-0.2166929245
10,24,H,13.66532037,9.21577489,11.73858507,1,,-3.5865085125,-0.495913565159,-1.64176607132
11,0,H,14.70992147,13.7903991,13.44742272,1,,0.24766638875,1.15926849842,-0.324331432581
11,1,O,12.45542973,12.98082718,12.06949349,-2,,-3.14286851883,-3.30928349495,1.41043174267
11,2,H,13.10962942,10.55375054,10.46169814,1,,-1.46574807167,1.84858965874,-1.8055794239
11,3,H,12,12,12,1,,2.3106584549,2.19754266739,-1.51197516918
11,4,H,13.17769823,10.00268585,13.54262123,1,,-0.124223396182,2.12308168411,0.889425873756
11,5,H,12.47912757,13.65655757,11.39969504,1,,0.175686001778,-0.129005670547,-1.10554611683
11,6,H,12.27522769,8.37635295,12.42549858,1,,1.96499729156,0.119356125593,4.65828514099
11,7,H,13.68447899,11.04551123,14.65742121,1,,-0.959807038307,-0.23134316504,-0.831851243973
11,8,H,12.75240662,12.14619931,9.48929607,1,,1.07112181187,-3.52302789688,2.269759655
11,9,H,12.81426524,8.63196063,10.4574158,1,,-0.979720473289,2.26735424995,2.8750576973
11,10,H,11.62462939,13.15207807,12.53708505,1,,-0.215317115188,1.86170959473,1.301902771
11,11,O,13.11393016,11.0042833,13.85129996,-2,,1.4013607502,-2.52133107185,0.59779971838
11,12,H,9.83148195,13.87348454,13.97240123,1,,-2.1574716568,4.79133892059,1.86106431484
11,13,H,17.44254543,13.98085438,10.77839991,1,,-3.89793205261,2.28904914856,0.494806945324
11,14,H,17.01563125,15.37926177,11.41519795,1,,-1.94077432156,-2.06866550446,-1.49766170979
11,15,H,11.47684033,10.87770924,13.71706871,1,,-1.69842994213,-1.98535382748,-2.00109362602
11,16,O,10.74095563,10.24878852,13.2031186,-2,,0.534021556377,2.36385679245,4.28285694122
11,17,O,10.20770085,13.1341986,13.67742363,-2,,1.64540314674,-4.97694206238,-1.73102378845
11,18,O,10.13440868,10.66926119,10.69143926,-2,,0.69915497303,2.03361058235,-1.30018544197
11,19,O,13.94221647,13.63176016,13.99307174,-2,,1.68601703644,-4.88106441498,0.0379158258438
11,20,O,14.51980955,13.81728851,10.37220373,-2,,-3.52984142303,0.384108394384,-0.832516610622
11,21,O,12.9158409,8.26273018,13.38552459,-2,,-0.376760780811,-0.366527616978,-3.40995359421
11,22,H,9.45098625,10.36224261,11.25324625,1,,-0.674045920372,-0.34952300787,0.910973906517
11,23,H,14.07066642,12.46743674,13.78294027,1,,-1.33488750458,4.70451068878,0.66597366333
11,24,H,15.42985161,13.90083908,10.25535455,1,,1.21327567101,0.459929287434,-0.545617520809
11,25,O,13.17091719,11.51261527,10.21971638,-2,,0.457947283983,1.90643429756,-2.06091809273
11,26,H,12.60887924,8.37571654,14.27242444,1,,-1.29747498035,-0.228225588799,0.411814123392
11,27,H,14.35833057,12.90462454,10.47818721,1,,-0.624403953552,-1.7221531868,0.304574787617
11,28,O,12.6096424,9.29731371,11.30308632,-2,,4.86983156204,-2.76093792915,-3.05536079407
11,29,H,10.17611673,11.64745938,10.84876772,1,,-0.0889572948217,-1.58199822903,-0.218290880322
11,30,H,10.15518081,10.21736118,14.01580695,1,,0.527274012566,-0.508921682835,-1.61500000954
11,31,O,16.50457672,14.59785253,10.93283952,-2,,9.00691795349,0.993511021137,2.05072593689
11,32,H,9.50909946,12.4641418,13.69319707,1,,0.459372460842,0.170242920518,-0.16406686604
11,33,H,13.64490318,9.38116274,11.68322958,1,,-3.76204276085,-0.529190599918,-1.01239669323
12,0,H,14.51182563,13.79032911,13.45755509,1,,-0.665356993675,1.21694600582,0.42283192277
12,1,O,12.26485508,13.05132913,12.18342497,-2,,-5.15369367599,-1.21334600449,-0.159144848585
12,2,H,12.85284187,10.69306343,10.58752092,1,,-1.42418718338,-1.01250064373,-1.0991653204
12,3,H,12,12,12,1,,1.45082676411,3.32828068733,-0.553973317146
12,4,H,13.07227554,9.94169702,13.7787912,1,,-1.19761860371,4.37052822113,0.184722557664
12,5,H,12.17856801,13.72871935,11.39078069,1,,0.444711148739,-2.04925560951,1.65435791016
12,6,H,13.5110275,11.10828354,14.64112835,1,,0.715547084808,0.642525315285,1.51075649261
12,7,H,12.55234727,11.97080891,9.57661853,1,,-1.88986539841,0.617983400822,-3.28377008438
12,8,H,12.5928093,8.52959779,10.76362382,1,,-1.08215045929,2.69174051285,1.84111356735
12,9,H,11.38331885,13.18185086,12.76941626,1,,2.27583622932,0.654101729393,-0.880226016045
12,10,O,12.90039987,11.05533454,13.93023576,-2,,0.847798109055,-5.67641115189,-1.17909395695
12,11,H,9.32877666,13.95300131,13.98538171,1,,2.25024795532,-1.93106091022,-0.568440258503
12,12,H,17.15796497,14.29854609,10.83928527,1,,0.829138636589,-0.991649985313,-0.617408037186
12,13,H,16.62641937,15.36442994,11.52570927,1,,0.549553990364,3.8715763092,2.59710836411
12,14,H,11.17949601,10.91186557,13.70961609,1,,-0.0951010882854,-0.575743198395,-0.703651845455
12,15,O,10.51245677,10.31450364,13.29663508,-2,,1.27255630493,0.824010372162,-0.0626663342118
12,16,O,9.99069703,13.18124353,13.78806419,-2,,-2.85904312134,1.86889052391,0.63981962204
12,17,O,9.89753794,10.67809474,10.78920195,-2,,3.00324964523,4.20669555664,-3.32764911652
12,18,O,13.76273877,13.67531698,14.08147897,-2,,2.46888160706,-3.70234942436,-0.717944204807
12,19,O,14.31561858,13.87519098,10.43432057,-2,,-2.01300978661,-1.5216139555,-0.47798371315
12,20,H,9.3638004,10.31794768,11.41977755,1,,-1.73706769943,-0.85854101181,2.92662382126
12,21,H,13.79493204,12.64179733,13.86221963,1,,-1.10087072849,3.51048707962,0.835311174393
12,22,H,15.26867105,14.05845747,10.33342718,1,,-1.77413010597,-0.716562092304,0.128319293261
12,23,O,12.93371688,11.58599001,10.29396481,-2,,3.25869274139,0.225818306208,2.82959580421
12,24,H,14.07116072,12.9586889,10.74659762,1,,0.896583199501,1.44693803787,-0.801771104336
12,25,O,12.44819336,9.37559007,11.38214319,-2,,-0.493119180202,-4.11166906357,-2.42202997208
12,26,H,10.24365932,11.61900451,11.05348649,1,,-1.42002797127,-3.19492483139,-0.373324722052
12,27,H,9.92084603,10.31464179,14.00638152,1,,-1.89087891579,-0.582528114319,1.6623595953
12,28,O,16.3182072,14.68692526,11.02969006,-2,,1.78495335579,-1.72029232979,-1.03059256077
12,29,H,9.35764044,12.46189826,13.62766143,1,,0.578067183495,0.0716543346643,-0.113389775157
12,30,H,13.33778347,9.47252904,11.62578393,1,,2.16947650909,0.310271382332,1.13930463791
13,0,H,14.21451171,13.68294334,13.52681597,1,,-0.703579068184,1.31581306458,0.82492518425
13,1,O,11.97198205,12.98666588,12.33214559,-2,,-4.11894607544,0.0793894976377,-1.06648945808
13,2,H,12.42463315,10.63836516,10.73719985,1,,-0.76333296299,-0.458674192429,-0.826937496662
13,3,H,12,12,12,1,,-0.20228895545,2.62870144844,0.597067475319
13,4,H,12.80660112,9.94008251,14.05201523,1,,-2.17026472092,3.06777524948,-0.367147803307
13,5,H,11.79403695,13.58012269,11.45449049,1,,0.763681709766,-1.5259346962,2.49653720856
13,6,H,13.30918703,11.05300174,14.72382797,1,,-1.08655250072,0.886876821518,-0.439231514931
13,7,H,12.10451364,11.68611062,9.57309418,1,,0.702399611473,-0.302265077829,1.47000002861
13,8,H,14.45926269,10.47114934,10.14992223,1,,-0.601537823677,-0.639048695564,1.95155882835
13,9,H,12.21836766,8.42056263,11.19591514,1,,-0.64119207859,-1.27423477173,-0.587097585201
13,10,H,15.71059481,10.75944689,9.54022229,1,,1.30579948425,4.5816245079,1.39997136593
13,11,H,11.114054,13.10900703,13.02808801,1,,2.54784917831,-0.356419831514,-2.02262401581
13,12,O,12.59773891,10.96303593,14.03889457,-2,,2.58873510361,-3.51627159119,1.3773124218
13,13,H,16.87033252,14.38639371,10.93581273,1,,4.27918052673,-1.27821588516,-1.02932572365
13,14,H,16.13822253,15.39405356,11.79063568,1,,-0.325315892696,-0.917403697968,-0.909549951553
13,15,H,10.84060839,10.79626968,13.71564973,1,,3.45439100266,2.7702422142,1.69988369942
13,16,O,10.19944043,10.25419661,13.42115845,-2,,-4.92920351028,-3.03064966202,0.00892826914787
13,17,O,9.58756623,10.56785769,10.91175112,-2,,-2.24253034592,-1.30606436729,2.30451345444
13,18,H,13.96480311,9.24368758,13.76679901,1,,1.00733304024,-0.667010724545,-0.235586494207
13,19,O,13.49709909,13.58580321,14.20267867,-2,,3.72570180893,6.6930232048,1.25387203693
13,20,O,14.01327534,13.80164249,10.53445937,-2,,-1.64361214638,-1.80582332611,0.417834401131
13,21,H,14.66097308,10.82292878,11.61631532,1,,0.181636735797,-1.65358030796,-1.431828022
13,22,O,14.60625288,10.00555836,11.02338227,-2,,0.596537709236,1.62088418007,0.738142967224
13,23,H,9.0687005,10.10232813,11.76612088,1,,2.85910630226,2.48509979248,-3.50531768799
13,24,H,13.37696864,12.77450285,13.95794559,1,,-2.41591238976,-7.35140657425,-1.50184452534
13,25,H,14.99353329,14.04428762,10.49940647,1,,-2.59980535507,-1.12656509876,0.520316720009
13,26,O,12.61580721,11.53487461,10.41086178,-2,,-0.804155886173,0.454865992069,-2.17148351669
13,27,H,13.75149025,12.91865924,11.00775007,1,,1.63209247589,2.71539950371,-1.90844845772
13,28,O,12.19224665,9.31354159,11.48277659,-2,,-1.86250901222,-0.341077655554,0.91047847271
13,29,H,15.3152432,9.92870227,14.24531913,1,,-2.81242156029,-2.96514749527,1.09740149975
13,30,H,10.12267916,11.31242507,11.24802147,1,,-0.846670746803,-0.983299791813,0.220691040158
13,31,H,15.65176953,12.23489297,8.79205949,1,,0.473457753658,-0.816989660263,4.70077037811
13,32,H,9.51870645,10.24831521,14.12823869,1,,0.815816164017,-0.00511937215924,-0.711429834366
13,33,O,16.04547531,14.645106,11.15657361,-2,,-1.18558359146,3.21782135963,2.68185997009
13,34,O,15.78318141,11.89254497,9.84891676,-2,,-0.314065158367,-3.32266426086,-6.97776317596
13,35,H,13.09989287,9.45476847,11.63402543,1,,2.36675071716,0.350711345673,0.18361915648
13,36,O,14.56286946,9.19751077,14.52404565,-2,,2.96901035309,2.77563881874,-1.16357898712
14,0,H,13.8761749,13.52805801,13.6349203,1,,-0.201296418905,0.285286009312,0.792807102203
14,1,O,11.64213675,12.83843085,12.47156739,-2,,-2.25455212593,0.00436247885227,-1.19575989246
14,2,H,11.9385114,10.48630792,10.86099646,1,,0.639698505402,0.750742733479,-0.35663074255
14,3,H,12,12,12,1,,-1.09217143059,0.766939878464,1.72974181175
14,4,H,12.36606007,13.84865179,8.65034479,1,,-0.259526014328,4.45373773575,1.3799123764
14,5,H,12.42098852,9.92662364,14.26659657,1,,-1.0215703249,-6.2084851265,0.46130874753
14,6,H,11.40779447,13.26318529,11.59841692,1,,-0.202956482768,0.6202070117,1.33055126667
14,7,H,11.61214111,8.52449786,12.89462955,1,,1.1383497715,0.0366248451173,2.67351412773
14,8,H,13.0753875,10.97308078,14.80490805,1,,-2.52948093414,0.43100053072,-1.80653548241
14,9,O,12.65965259,17.0546037,7.62502234,-2,,-2.58801031113,2.97001886368,0.995211958885
14,10,H,17.64689946,14.51756017,9.86302579,1,,0.139455422759,0.726433336735,-1.08273518085
14,11,H,11.60187551,11.34596266,9.60876419,1,,1.92435240746,0.727095007896,3.22173595428
14,12,H,14.15678209,10.2029793,10.21199169,1,,-0.392624884844,-0.941872119904,2.84479522705
14,13,H,11.76905536,8.1724974,11.58272457,1,,0.661849379539,1.76911377907,-1.41883063316
14,14,H,15.53606872,10.70048088,9.99951272,1,,0.568920016289,3.46981048584,-0.247362792492
14,15,H,10.88483611,12.92899779,13.21457329,1,,2.10419178009,-0.591966986656,-2.24404478073
14,16,O,12.27451175,10.78031177,14.14364882,-2,,2.62945652008,6.78115177155,2.2480225563
14,17,H,16.7475718,14.28170787,11.00801825,1,,-3.34357023239,0.61963301897,1.85045146942
14,18,H,13.00811143,16.29429217,7.9795746,1,,1.74223327637,-2.6744658947,-0.13563850522
14,19,H,13.89825717,13.48376031,9.17936141,1,,0.135493755341,-0.0927896052599,1.61348009109
14,20,H,15.60690532,15.33748009,12.03297882,1,,1.14887452126,-3.29338216782,-3.26120328903
14,21,H,10.65033803,10.70686215,13.78916716,1,,-2.11930775642,-1.6342612505,0.0386729240417
14,22,O,9.85067097,10.10192542,13.53486525,-2,,-1.13642919064,0.971953094006,2.93787956238
14,23,H,14.58473455,12.98591962,12.27192904,1,,0.578861773014,-0.38197261095,-0.259471088648
14,24,O,9.25002624,10.36817714,11.03508273,-2,,-2.50780820847,-2.19698047638,2.06487846375
14,25,H,13.52215872,9.30863072,13.99269915,1,,2.83636951447,-1.72488617897,1.25243782997
14,26,O,13.21098625,13.43208702,14.31932326,-2,,-0.853731513023,-2.02555131912,0.0588997602463
14,27,O,13.67949465,13.64125562,10.63495692,-2,,-0.960486531258,1.79144883156,1.37911224365
14,28,O,18.1292036,13.70201897,9.86110749,-2,,0.341306626797,-0.720629692078,-0.0338694155216
14,29,O,12.12613616,8.1741863,13.71762375,-2,,-2.64993810654,-1.02318692207,-0.842185914516
14,30,O,12.02095639,14.86675264,9.08620853,-2,,-1.06310915947,-2.284719944,-1.30646848679
14,31,H,14.58340739,10.74764752,11.78894158,1,,-1.14472985268,-2.9148979187,-2.23302030563
14,32,O,14.33151534,9.79552211,11.13661388,-2,,0.931440114975,3.62419223785,0.862900614738
14,33,H,8.85461537,9.91852938,11.92653712,1,,1.73419570923,1.78474199772,-3.43941807747
14,34,H,13.0566166,12.19851409,8.80224908,1,,1.77218091488,2.10667991638,-0.394762247801
14,35,H,12.84966377,12.52446823,13.97189487,1,,1.04713273048,3.13420343399,1.20329737663
14,36,H,14.61142532,13.88832896,10.72240487,1,,-0.169670283794,-0.0954550504684,0.62809997797
14,37,O,12.27052034,11.40093259,10.52076549,-2,,-3.35784339905,-2.03802418709,-4.15314340591
14,38,O,13.5175009,13.0381684,8.44695597,-2,,-1.83122348785,-4.17262077332,-4.00178861618
14,39,O,14.64445884,12.15193073,12.7422096,-2,,0.516086697578,-1.21064853668,-0.692577421665
14,40,H,17.9826339,13.2604092,9.00650331,1,,-0.134357050061,0.446209728718,0.64493149519
14,41,H,11.38063919,7.81187052,14.2196981,1,,0.66895532608,0.0916135460138,0.281656712294
14,42,H,13.49253759,12.88699062,11.16621498,1,,0.355306863785,-1.1637223959,-0.0462158024311
14,43,O,11.90335361,9.16782532,11.57237957,-2,,2.23019742966,-1.29706740379,-0.431629180908
14,44,H,14.87710039,9.55634704,14.53289872,1,,11.5478839874,9.94278717041,-1.58978748322
14,45,H,9.93278811,10.87823636,11.42801866,1,,0.658497810364,0.648497581482,0.448217004538
14,46,H,15.24672943,11.94134305,8.99339838,1,,0.325236827135,-0.263536423445,1.23756170273
14,47,H,9.11891238,10.09435816,14.27362403,1,,2.73270559311,0.378226578236,-2.01552629471
14,48,O,15.74220405,14.52854731,11.28052769,-2,,3.84052228928,3.13402581215,2.49800395966
14,49,H,12.72766005,15.5131926,9.15028729,1,,0.0247156769037,-1.10702085495,0.586904346943
14,50,O,15.45452175,11.74558363,9.94256703,-2,,0.714245438576,-2.94608044624,-1.78483510017
14,51,H,13.01374395,9.37654277,11.65624218,1,,-2.57358336449,-1.06840276718,-0.889441251755
14,52,H,11.94648547,17.12193989,8.33506062,1,,0.885259628296,0.424179315567,-1.84430408478
14,53,O,14.27515736,9.03393819,14.61921619,-2,,-12.1859998703,-8.81828975677,0.442198932171
15,0,H,13.56329384,13.43797336,13.73134181,1,,0.425879776478,0.0235564634204,-0.0638341754675
15,1,O,11.31438812,12.73512949,12.58722765,-2,,1.46584975719,-0.962289094925,-1.83023118973
15,2,H,16.12755013,9.78344104,16.89464971,1,,1.73769259453,-1.66110146046,-1.2335703373
15,3,H,11.49613871,10.43543136,10.95680295,1,,1.64424085617,0.430656343699,0.837537765503
15,4,H,12,12,12,1,,-1.64873826504,0.288599252701,1.95106935501
15,5,H,12.09593478,13.74657819,8.73197335,1,,-0.00737632811069,4.84755897522,1.4852565527
15,6,H,11.98262665,9.67868073,14.4373516,1,,-1.21679115295,0.944302260876,-0.343130111694
15,7,H,11.00381814,13.01400225,11.73261587,1,,-1.57827711105,1.29650092125,-0.334841370583
15,8,H,11.27664568,8.58377346,12.92351084,1,,2.94621419907,-0.847600340843,4.57191944122
15,9,H,12.75349708,10.9834358,14.81879622,1,,-2.12113690376,-0.477148264647,-1.31939971447
15,10,O,15.82507701,9.14368491,16.16835035,-2,,-3.06086778641,3.38124370575,7.20032501221
15,11,H,11.2038149,11.13014484,9.80721982,1,,2.26312470436,1.85194969177,1.87330555916
15,12,O,16.71590613,12.21870201,12.2285203,-2,,-0.325905591249,0.378259181976,-0.685481071472
15,13,H,13.84080805,9.93707488,10.37254451,1,,0.0255603156984,0.661463618279,-1.00868725777
15,14,H,11.31849369,8.00081,11.85375034,1,,1.73304319382,3.5337266922,-2.18205547333
15,15,H,10.67751925,12.76508625,13.32114144,1,,-0.0977372527122,-0.202662482858,-0.396711945534
15,16,H,16.19467619,9.65905701,14.96948456,1,,1.70659661293,0.0390033945441,-0.103150099516
15,17,O,11.96566146,10.65953053,14.23223948,-2,,2.6055316925,0.103584706783,2.39841604233
15,18,H,16.46098801,14.24464873,11.136927,1,,-3.48006796837,1.69087135792,1.70655584335
15,19,H,13.58959266,13.25376618,9.47702987,1,,-0.957332968712,-1.08594608307,-2.514295578
15,20,H,17.18037359,12.78876157,11.59967133,1,,-0.371889293194,-0.75768494606,0.399574100971
15,21,H,15.14990377,15.16990325,12.0973067,1,,2.17083477974,-1.85590839386,-2.11039948463
15,22,H,10.38708,10.5861053,13.84701655,1,,-3.08799695969,-2.03992056847,-0.0284533053637
15,23,O,9.50811555,9.99527574,13.63244201,-2,,1.76439189911,1.63210439682,1.09080708027
15,24,H,17.1914251,10.17033039,13.90140754,1,,4.40497112274,-0.417218953371,-1.77472138405
15,25,H,14.31762518,12.91622049,12.33424349,1,,-0.14368981123,-1.71827113628,1.63152527809
15,26,O,16.36311757,10.23075663,14.21267842,-2,,-4.30154657364,1.90271043777,-0.39236086607
15,27,O,8.91641532,10.20560684,11.14306608,-2,,4.29245996475,3.5389456749,-4.5745639801
15,28,H,13.25111986,9.33067493,14.25044595,1,,0.58189791441,-0.270593345165,-0.898780107498
15,29,O,12.92650829,13.31889083,14.41288083,-2,,-2.92584371567,-3.17646312714,0.4940508008
15,30,O,13.3475336,13.53024454,10.71913242,-2,,0.662258207798,2.06467008591,2.22292566299
15,31,H,15.69331581,12.34988204,12.20207269,1,,3.13417601585,-0.943228840828,0.378464311361
15,32,O,11.81922665,8.08357736,13.83413622,-2,,-3.04513454437,0.881424427032,-3.19576978683
15,33,O,11.7232064,14.76846029,9.19367134,-2,,-0.954532206059,-2.15079069138,-1.31999385357
15,34,H,14.45157901,10.55446267,11.82608029,1,,-1.64704072475,-3.00228071213,-2.08651399612
15,35,O,14.06510206,9.6417147,11.23789524,-2,,2.58419179916,2.79907608032,3.14753675461
15,36,H,8.71311365,9.84939065,11.90729962,1,,-2.85228657722,-3.28934383392,5.76564788818
15,37,H,12.67584276,12.00756877,8.9154077,1,,2.56260633469,3.49523735046,-1.47525787354
15,38,H,12.39240551,12.40643912,14.01413104,1,,2.52588129044,4.37975263596,1.67588853836
15,39,H,14.26304464,13.77549338,10.95860402,1,,-0.0976986587048,0.947555780411,-0.641306579113
15,40,O,11.91923184,11.30476087,10.60220892,-2,,-4.09835624695,-2.59199166298,-3.73261332512
15,41,O,13.22714522,12.96073933,8.54168419,-2,,-1.46983671188,-4.84857082367,0.362334251404
15,42,H,14.98976322,9.76920377,16.54474204,1,,1.33985638618,-3.13576483727,-2.33460950851
15,43,O,14.3401087,12.04874366,12.83029403,-2,,-0.170749664307,1.11221969128,-2.13104987144
15,44,H,11.06181872,7.57051282,14.08814596,1,,-0.32955211401,-0.591595172882,1.03288698196
15,45,H,13.25950055,12.82322228,11.30065131,1,,-0.734259366989,-2.30696439743,0.669844150543
15,46,O,11.62918447,9.0644203,11.63987647,-2,,2.25824642181,-2.73824453354,-0.452946662903
15,47,H,14.81682525,9.52951124,14.70687651,1,,-3.78186392784,-2.1329498291,-1.11563014984
15,48,H,9.77610177,10.52004391,11.58333065,1,,-1.67954075336,-0.0311263501644,-1.82448983192
15,49,H,8.85487379,10.01416699,14.35618677,1,,0.97802054882,0.281801134348,-0.399756610394
15,50,O,15.45710717,14.4651081,11.38820819,-2,,1.95796144009,1.52603292465,0.862458348274
15,51,H,12.36710835,15.48686672,9.25173299,1,,0.00333152711391,-0.970145583153,-0.423370957375
15,52,H,12.84455598,9.30047528,11.61417308,1,,-4.894759655,-1.73360943794,0.511039316654
15,53,O,13.96628237,8.89613523,14.68954662,-2,,3.30599021912,1.90660881996,0.658607840538
16,0,H,13.32768956,13.40016078,13.77179149,1,,-0.646916329861,-0.283471465111,1.05715060234
16,1,O,11.03317102,12.68449376,12.65911575,-2,,-1.37247645855,0.383684158325,-3.18502187729
16,2,H,11.17995465,10.46730145,11.06568805,1,,1.31618595123,0.0127742737532,1.41654658318
16,3,H,12,12,12,1,,-0.533037960529,-0.324346929789,1.97353887558
16,4,H,11.93225799,13.88501766,8.8622623,1,,-0.517453789711,2.38752150536,0.389761388302
16,5,H,11.54223693,9.45734294,14.53153854,1,,1.56550931931,4.16435718536,-1.41510117054
16,6,H,10.56462242,12.88088139,11.77440177,1,,0.675591945648,-0.247081771493,2.3022480011
16,7,H,11.14928774,8.66887179,13.11539479,1,,2.09759545326,-1.10019218922,2.44395971298
16,8,H,12.383941,11.03562466,14.77541925,1,,1.04838585854,-0.263494938612,0.950765013695
16,9,H,10.92559794,11.09539603,10.03457564,1,,-1.46761441231,1.01202499866,-2.99751734734
16,10,H,11.66449628,9.69931108,17.31863807,1,,-3.55632996559,0.395226836205,-1.51665902138
16,11,O,16.45152715,12.13442754,12.31127432,-2,,-0.210625350475,4.38614606857,-3.52254533768
16,12,H,13.55778557,9.77701167,10.42351085,1,,0.911463260651,0.499007463455,-0.0295007526875
16,13,H,10.95566126,8.01507609,11.92780363,1,,2.44226741791,3.71386265755,-2.32463216782
16,14,H,10.44839343,12.64731064,13.41728917,1,,-0.480108976364,-0.453428149223,-0.0887967050076
16,15,O,11.70413776,10.59925676,14.28850061,-2,,-1.79658854008,-4.06429576874,0.223254919052
16,16,H,16.07509336,14.29739685,11.28500043,1,,4.3708357811,0.146232277155,0.136281937361
16,17,H,12.52940044,15.29282969,12.50786087,1,,-4.51546144485,-0.3981077075,-0.606227755547
16,18,H,13.27355967,13.03931971,9.63147869,1,,0.0267080664635,0.322235912085,-2.72895550728
16,19,H,16.8672868,12.92780564,11.54603552,1,,-1.3778860569,-3.92475438118,3.28979873657
16,20,H,14.83923272,14.99141232,12.03488566,1,,-0.923164486885,4.62392473221,4.45025253296
16,21,H,14.09835916,12.81734945,12.4129308,1,,-0.383795201778,0.675607800484,0.142980143428
16,22,O,12.67209798,13.25084757,14.46701138,-2,,1.61833906174,2.86742711067,2.14864635468
16,23,O,13.056799,13.48216181,10.77469681,-2,,2.77180194855,-1.05076026917,5.4738445282
16,24,O,10.71720355,9.80593885,16.83370539,-2,,4.42855358124,-0.806403398514,-0.366641461849
16,25,H,15.41428995,12.40984817,12.35923922,1,,4.55959701538,-2.03245162964,0.25195813179
16,26,O,11.54338496,8.05482968,13.90353548,-2,,-3.63619470596,-0.784075498581,-1.07852435112
16,27,O,11.46544125,14.71915595,9.25945384,-2,,-1.19552516937,-0.552390992641,-0.907393991947
16,28,H,14.24885098,10.28752895,11.74412146,1,,0.223180815578,1.31344473362,0.578363239765
16,29,O,13.84274284,9.54947868,11.31859204,-2,,0.432635605335,-1.18001198769,-1.41719698906
16,30,H,12.51475363,12.10978451,8.88496599,1,,-0.0524162650108,-0.104216821492,-1.10277318954
16,31,H,12.14864853,12.5767282,14.1288633,1,,-1.14089941978,-1.384978652,-1.14106452465
16,32,H,14.0064033,13.76506921,11.12572441,1,,-1.61177015305,0.354480773211,-2.0944583416
16,33,O,11.59866643,11.25798132,10.64460044,-2,,-0.483224183321,-1.14931154251,-0.493368655443
16,34,O,12.96861439,12.92182157,8.60328378,-2,,0.821573138237,-2.32354187965,0.68517190218
16,35,O,14.07471596,12.00312857,12.87537599,-2,,-0.016309324652,-0.944537162781,-0.576367974281
16,36,H,10.81219118,7.34630848,13.93690825,1,,1.83127892017,1.45741295815,0.62559235096
16,37,H,13.03781361,12.68814022,11.42867759,1,,-1.04701757431,1.19718134403,-2.11619901657
16,38,O,11.40144541,9.00811286,11.67069447,-2,,1.23394978046,-3.0280418396,-0.421139270067
16,39,O,15.21921961,14.46027062,11.46007804,-2,,-3.13909912109,-3.2933049202,-3.8998067379
16,40,H,12.06173825,15.4632749,9.31172534,1,,0.173883274198,-0.309718132019,-0.0578609257936
16,41,H,12.61739661,9.23163346,11.54868725,1,,-5.67132759094,-1.99317073822,1.9479445219
16,42,O,11.36092324,15.31736299,12.19909444,-2,,1.09947133064,-1.65978932381,2.87001204491
16,43,H,11.04020893,9.73644948,15.8643989,1,,-1.24326324463,0.606900036335,2.72298812866
16,44,H,10.78349006,14.57880087,12.76785419,1,,3.36969804764,3.1364274025,-1.99330687523
17,0,H,13.1140441,13.36691634,13.81339699,1,,-0.321333140135,-0.594857633114,0.588922321796
17,1,O,10.78535102,12.6637374,12.69183384,-2,,-5.25154399872,0.752928495407,0.0658271610737
17,2,H,10.99014033,10.49795946,11.23412751,1,,0.756808400154,0.313352167606,0.17118832469
17,3,H,12,12,12,1,,0.936494648457,-1.46268427372,0.94535112381
17,4,H,11.18760168,9.42595007,14.54190611,1,,1.76664304733,3.32351875305,-0.301750183105
17,5,H,10.17215714,12.76851865,11.86456079,1,,1.68518579006,-0.376457095146,2.33357477188
17,6,H,11.15738119,8.73396507,13.35901994,1,,-0.561150550842,2.16457152367,-3.72654438019
17,7,H,12.08092059,11.12201293,14.78269193,1,,0.83800637722,-0.584009170532,0.872100949287
17,8,H,10.58355919,11.18745116,10.05981631,1,,-0.107614278793,0.540235161781,-1.16699254513
17,9,H,9.13522044,12.58233718,17.67172953,1,,1.32539212704,1.27639961243,0.483268618584
17,10,H,11.38020625,9.74912521,17.19401316,1,,-0.421321034431,-0.00890635885298,1.11732828617
17,11,H,13.36095285,9.71072005,10.39765746,1,,1.38582968712,-0.283497989178,2.82846307755
17,12,H,10.71229282,8.17725469,11.82585397,1,,0.828616797924,-0.63349968195,-0.625281095505
17,13,H,10.20159134,12.55952615,13.51358303,1,,0.752143383026,0.0241148546338,-1.93216371536
17,14,O,11.47014356,10.55834399,14.31731205,-2,,-2.01279044151,-2.83007764816,-0.0109406113625
17,15,H,15.93347844,14.37907622,11.38595755,1,,0.967363059521,0.642525553703,0.757742643356
17,16,O,9.01547022,11.67001132,17.55722737,-2,,-0.727895021439,-3.61369895935,-0.0907411575317
17,17,H,12.02805513,15.17929143,12.55660674,1,,0.690794527531,0.0557172521949,0.0208496674895
17,18,H,12.987265,12.88262652,9.63293825,1,,0.205403983593,1.71357345581,-1.92614984512
17,19,H,14.53510576,15.04918133,12.12139986,1,,1.83895647526,0.346110790968,-0.103771239519
17,20,H,13.90522422,12.79563139,12.45076294,1,,1.11134159565,0.817902088165,-0.193704873323
17,21,O,12.45837918,13.22523542,14.49931464,-2,,2.83981752396,3.98145771027,3.54675507545
17,22,O,12.80574385,13.4617641,10.82297578,-2,,3.13130736351,-0.772389173508,5.03140735626
17,23,O,10.45593014,9.81372529,16.90776622,-2,,3.34570646286,-1.81399393082,-3.52361822128
17,24,O,11.2895041,8.05509615,13.94298199,-2,,-1.12638020515,-6.41950559616,3.81088447571
17,25,H,14.08846057,10.17635866,11.70712061,1,,1.97924828529,4.223757267,1.97426962852
17,26,O,13.64613388,9.47669075,11.37327575,-2,,-2.79456019402,-3.68682527542,-5.38141870499
17,27,H,12.34730797,12.1646125,8.78397472,1,,-4.19154644012,-6.88143444061,-0.371940225363
17,28,H,11.8616557,12.66507666,14.15240039,1,,-2.65726566315,-2.37649464607,-2.27246427536
17,29,H,9.70148717,10.85108921,17.58968566,1,,-1.39184617996,3.58807826042,-0.447109729052
17,30,H,13.73799617,13.79167097,11.15592327,1,,-2.04643082619,-0.324934840202,-2.21880960464
17,31,O,11.31451798,11.23954357,10.66826918,-2,,-1.64399719238,-0.976124405861,-1.04543805122
17,32,O,12.74693171,12.91149879,8.63948252,-2,,3.7821097374,4.63418388367,-0.981257617474
17,33,O,13.83979248,11.98373615,12.8911741,-2,,1.30077815056,-1.71719908714,0.0362925976515
17,34,H,10.69241283,7.21367109,13.75217888,1,,1.81212985516,3.1941177845,0.690478384495
17,35,H,12.82621399,12.62499352,11.43944004,1,,-1.21582376957,2.16204714775,-2.2338078022
17,36,O,11.20912151,8.97492278,11.67436393,-2,,1.11954176426,1.46362102032,-1.12773370743
17,37,O,15.00501666,14.47522391,11.4942204,-2,,-1.96044313908,-0.102489709854,0.0884393453598
17,38,H,12.30820458,9.13970563,11.54034338,1,,-2.78112959862,-1.47519767284,1.2620691061
17,39,O,11.1474468,15.26994569,12.22533818,-2,,0.203856498003,2.37032318115,-0.91003370285
17,40,H,10.80115958,9.76745905,15.88782371,1,,-2.3192281723,0.976334571838,3.04014062881
17,41,H,10.73567918,14.59570479,12.70373847,1,,-1.07117581367,-1.63059341908,0.926319003105
18,0,H,12.93992618,13.31904386,13.85517515,1,,0.413223624229,-0.568887174129,-0.345683723688
18,1,O,10.57095042,12.65561719,12.7122521,-2,,-2.48081898689,0.266089171171,1.71234333515
18,2,H,10.90309702,10.54355016,11.39832908,1,,-0.139594584703,1.06759905815,-1.71885800362
18,3,H,12,12,12,1,,0.190791726112,-1.31967055798,0.461998224258
18,4,H,11.87664144,14.16262459,9.0257638,1,,-3.18345880508,0.226927265525,0.327682286501
18,5,H,10.96853456,9.57064522,14.5461259,1,,1.02389264107,2.37927126884,1.91701340675
18,6,H,9.89297826,12.64635172,12.04259199,1,,-0.180827185512,0.0374050661922,-0.696208000183
18,7,H,11.19776631,8.86229141,13.41444071,1,,0.0767515152693,-2.37331700325,-0.615839838982
18,8,H,11.84318319,11.21008198,14.85638046,1,,-1.08035206795,-3.10506439209,-0.564793884754
18,9,H,10.25153537,11.34101101,9.99102682,1,,2.97433853149,-0.950253367424,3.01076841354
18,10,H,13.28899696,9.67815395,10.46350971,1,,0.330417096615,-0.53324085474,1.78232502937
18,11,H,10.03437197,12.50868622,13.52650279,1,,0.14521330595,0.00993909314275,-0.940685868263
18,12,O,11.27120796,10.51953523,14.33729059,-2,,0.0797848701477,1.38043260574,0.0120177865028
18,13,H,11.71797866,15.06564623,12.66195618,1,,6.03577470779,0.281432062387,2.17322874069
18,14,H,12.78461209,12.81412353,9.57331291,1,,0.808366000652,0.438419729471,1.21679449081
18,15,H,13.75716902,12.85894488,12.45015091,1,,0.495030939579,-2.0155274868,1.18034934998
18,16,O,12.29538465,13.22657191,14.53214563,-2,,-4.38951873779,-1.40134167671,0.736453294754
18,17,O,12.60296418,13.45103543,10.88144679,-2,,0.0226815342903,1.1291539669,1.16203832626
18,18,O,11.07294745,8.05251446,13.98336424,-2,,-0.624872565269,-1.13217222691,-0.923042654991
18,19,O,11.04215041,14.70401051,9.32948142,-2,,2.61262321472,0.884793400764,-1.25142729282
18,20,H,14.03686246,10.27824103,11.77009724,1,,-2.45831394196,-3.16448068619,-1.12943458557
18,21,O,13.47877758,9.40331049,11.40870885,-2,,1.86975026131,3.76484942436,-0.48003077507
18,22,H,12.0371172,11.94121828,8.67452821,1,,1.870844841,4.10459041595,-0.838589966297
18,23,H,11.49865112,12.61244167,14.06035768,1,,4.09471416473,2.80423021317,1.68245911598
18,24,H,13.4471771,13.80374798,11.07355345,1,,1.71610784531,1.35165905952,-0.0777117684484
18,25,O,11.07419032,11.2316229,10.69034193,-2,,-3.30409026146,-0.854965567589,-2.38232135773
18,26,O,12.57832015,12.92348193,8.66281506,-2,,-1.41159391403,-6.37520694733,-3.43565273285
18,27,O,13.6445569,11.97065977,12.8986689,-2,,1.58569586277,1.09912359715,-1.47321784496
18,28,H,10.68240434,7.21780174,13.5572645,1,,0.913719415665,2.61638903618,0.473529219627
18,29,H,12.62563418,12.63190231,11.35710663,1,,-0.456039041281,-0.877655267715,0.432427585125
18,30,H,11.59183569,15.5093268,9.35913151,1,,-1.4538077116,0.306879788637,0.518675148487
18,31,O,10.97026084,15.24358368,12.23912078,-2,,-3.30476546288,3.12958502769,-2.5877392292
18,32,H,10.64784791,14.51456281,12.68082779,1,,-2.79166769981,-2.60698795319,0.661133110523
19,0,H,12.82173767,13.25722709,13.8563171,1,,-0.736562848091,-0.516692578793,1.13761639595
19,1,O,10.38087938,12.65384029,12.72957826,-2,,-0.362457752228,0.0875795632601,-1.18258345127
19,2,H,10.83608826,10.63517259,11.46664632,1,,-1.34878504276,-0.398435086012,-0.841408312321
19,3,H,12,12,12,1,,-1.85131108761,-1.44718265533,1.00146198273
19,4,H,11.8396017,14.16131335,9.05339525,1,,-4.43235206604,1.17360043526,0.80677485466
19,5,H,10.83137933,9.7265564,14.63244239,1,,-1.73776245117,-6.01655864716,3.49081611633
19,6,H,9.63281328,12.52153941,12.15103961,1,,0.0420510992408,0.0852843225002,-1.09314155579
19,7,H,11.56690274,11.19472456,14.92292301,1,,-0.891535282135,-2.64067029953,-0.583631634712
19,8,O,11.36484204,16.82994738,7.77313406,-2,,-0.824134647846,6.94620084763,1.02125883102
19,9,H,10.09912558,11.48075315,10.03834983,1,,1.69188690186,-1.72744178772,2.89698219299
19,10,O,11.5898939,11.51901093,6.50620221,-2,,1.72414898872,-1.79339337349,-3.76169419289
19,11,H,10.74670053,12.87339167,6.86191555,1,,-0.135973632336,1.52432847023,-0.0842433869839
19,12,H,11.31719392,11.56839463,7.36982921,1,,-1.59788954258,-0.285404741764,1.83203125
19,13,O,15.92753224,12.04071141,12.39807592,-2,,-2.65471506119,2.83276677132,-1.64328289032
19,14,H,13.26501664,9.65980381,10.57441967,1,,-0.834837317467,0.0759973376989,-1.94068694115
19,15,H,14.80825052,11.59318165,10.78104611,1,,1.23346602917,0.189730837941,1.63050532341
19,16,H,9.91636618,12.49432169,13.51280077,1,,-1.13569831848,-0.611657619476,2.32679462433
19,17,O,11.10127686,10.49514615,14.35186365,-2,,2.84785985947,8.52685451508,-2.74582123756
19,18,H,11.57092853,16.04654762,7.46082467,1,,1.21431851387,-5.7340669632,-1.87078344822
19,19,H,11.78661453,14.9786371,12.85815758,1,,-4.36935806274,1.93378508091,-3.13571500778
19,20,H,12.66755969,12.78120411,9.57693927,1,,0.671128988266,-0.349458128214,0.750132799149
19,21,H,16.00479128,12.74300131,11.62423238,1,,0.265656262636,-1.94149327278,2.57209444046
19,22,H,13.63088685,12.85601984,12.4955299,1,,-0.957966387272,-1.16838729382,0.338398933411
19,23,O,12.14461842,13.22826459,14.55767588,-2,,-1.95704936981,-0.471745967865,-0.639318466187
19,24,O,12.42170882,13.4503566,10.9409052,-2,,-0.00119513273239,3.0059056282,0.646687507629
19,25,H,14.90070484,12.16578926,12.72887473,1,,3.33327436447,-1.27358174324,-0.288647562265
19,26,H,10.96040791,11.81803629,5.8334615,1,,0.144017904997,-0.500675201416,0.52400970459
19,27,O,10.87879026,14.72036955,9.35340504,-2,,3.54025030136,-0.558742284775,-1.51417851448
19,28,H,13.87149903,10.24124179,11.79166713,1,,-2.34369468689,-3.50043654442,-0.485855519772
19,29,O,13.34374044,9.34665457,11.44165723,-2,,2.50315546989,2.99205994606,3.00237798691
19,30,H,11.85370811,11.94467015,8.57093453,1,,2.44142341614,4.06582117081,0.7790132761
19,31,H,11.40132424,12.73328582,14.05993887,1,,2.71149230003,1.64446210861,1.44559001923
19,32,H,13.29080403,13.84304833,10.97111622,1,,0.794644892216,0.395592182875,-0.160198479891
19,33,O,10.85570974,11.23079507,10.70608392,-2,,-0.589404523373,1.13878810406,-2.71102905273
19,34,O,12.42988517,12.92454761,8.66967507,-2,,-1.53608417511,-4.83145427704,-3.05224370956
19,35,O,13.47443756,11.96675128,12.895417,-2,,1.92043423653,0.943485021591,-0.357448220253
19,36,O,10.49356968,13.7576761,6.58191668,-2,,-0.361367702484,0.975105762482,0.647621035576
19,37,H,12.43194345,12.56735218,11.28070314,1,,0.928203582764,-0.670777320862,-0.00755704194307
19,38,H,16.83123323,10.45732343,9.46331916,1,,-0.0117240399122,0.890163838863,3.07784366608
19,39,H,10.7198459,14.29097287,7.37099858,1,,-0.646514892578,-0.363916605711,-0.417065620422
19,40,H,14.36686573,10.79630615,9.62782659,1,,0.576500177383,-1.60786342621,-1.28804719448
19,41,O,16.92817716,10.78163398,10.44193279,-2,,-1.25766062737,-1.05798101425,-2.38700008392
19,42,H,11.354273,15.56179786,9.39682323,1,,-0.859045863152,-0.250122398138,0.792152762413
19,43,O,14.22410941,11.59675432,10.06764203,-2,,-1.55210661888,1.5660200119,-1.0192553997
19,44,H,16.03564542,10.78008225,10.90847208,1,,2.61931014061,-0.582298278809,-0.936049103737
19,45,O,10.80714045,15.23399416,12.24024007,-2,,3.23943376541,-4.53428649902,5.77301740646
19,46,H,11.07201054,16.81445982,8.66919061,1,,-0.467382311821,-0.122271925211,0.12061175704
19,47,H,10.41740038,14.29077519,12.68992281,1,,1.01191294193,3.96346378326,-2.46690797806
20,0,O,11.64977566,13.3541214,9.94051828,-2,,0.19451674819,-0.470297068357,-2.67260456085
20,1,O,12.83706407,11.95081941,11.72561931,-2,,4.89037036896,-5.11238574982,-4.78037166595
20,2,H,13.96377536,12.07078919,15.25036603,1,,-1.60865628719,2.49936485291,-1.67406201363
20,3,H,9.56413897,11.94093723,14.046581,1,,-0.47582000494,-0.320052325726,-0.313320070505
20,4,O,12.25510791,14.42123252,12.70006029,-2,,-0.934023439884,-2.36763691902,0.516516804695
20,5,H,10.86568729,14.35754264,11.50584525,1,,1.51795077324,0.533485531807,-1.68569242954
20,6,O,10.4620234,12.0296906,13.74871404,-2,,1.27562177181,-0.121543042362,-2.59635448456
20,7,H,10.16589354,13.97941438,12.49767641,1,,-1.26350224018,-0.761705994606,1.82716882229
20,8,O,14.69896134,13.98885091,12.82074765,-2,,0.0278910696507,-0.780910611153,-4.55047464371
20,9,O,10.96885045,9.35755022,12.84581012,-2,,-4.23679924011,-0.478447109461,-2.25348138809
20,10,H,9.78540122,12.25847045,11.23133546,1,,-0.962334036827,-0.258719712496,-1.19679009914
20,11,H,12.8897126,14.98840649,13.01193472,1,,1.86470091343,3.25157022476,0.645990490913
20,12,H,14.25719108,12.95763723,12.22649588,1,,1.37798023224,4.69837617874,1.61310315132
20,13,O,9.53225676,11.29785361,11.25458398,-2,,0.743042469025,-0.678055882454,0.530244588852
20,14,H,13.13983674,11.30742955,14.72160406,1,,-1.98979854584,-1.43204092979,-1.25879096985
20,15,O,13.16742,12.24598156,14.59466651,-2,,3.36672639847,-0.792820394039,3.09249782562
20,16,H,10.49057317,11.77575344,12.72977004,1,,-1.15784096718,0.311594337225,3.91459393501
20,17,H,11.76691921,9.37098649,13.22842571,1,,4.52961206436,0.0997874215245,2.17477440834
20,18,O,10.14036336,13.77183757,11.57764269,-2,,-2.01631116867,0.640030443668,0.935603439808
20,19,H,14.85498143,14.81014833,12.13455115,1,,-0.605343937874,-3.80834817886,2.44083476067
20,20,O,15.38807565,11.12470449,13.38733712,-2,,-2.7953414917,0.142513751984,-1.62127518654
20,21,H,11.03499711,9.89113854,12.05328758,1,,-0.330147773027,0.0129932006821,-0.00578883476555
20,22,H,16.05465456,11.39118306,13.98192697,1,,0.762096464634,1.00469708443,0.824253201485
20,23,H,12.65170493,11.1099401,10.95087199,1,,1.37853312492,3.64481282234,3.1944103241
20,24,H,11.82853428,12.89019426,9.09885076,1,,0.248523548245,0.739258408546,0.797565639019
20,25,H,12,12,12,1,,-5.10067653656,1.11162936687,2.03498268127
20,26,H,12.47395141,13.65307982,10.32364862,1,,0.290659993887,-0.299390286207,-0.0944793224335
20,27,H,8.96302289,10.9059281,10.59117329,1,,0.145826339722,0.853976786137,-0.142377942801
20,28,H,12.73792175,13.7019917,13.18352616,1,,-1.48508024216,-0.189649984241,-0.645813047886
20,29,H,14.63595769,11.81218711,13.28341172,1,,2.34762430191,-1.67208647728,0.949136018753
21,0,O,11.9109327,13.19552669,9.92829427,-2,,-1.22038865089,1.79116141796,1.67017579079
21,1,O,13.08392244,11.79497014,11.70464209,-2,,-3.21352434158,-3.36745405197,-1.13483834267
21,2,H,14.01304,11.90938342,15.19307606,1,,4.9238653183,0.134105414152,5.0171918869
21,3,H,9.72851171,11.70482007,13.99175775,1,,2.28586602211,0.194968730211,-1.38574421406
21,4,H,8.57136812,9.80423712,9.39121412,1,,1.01944088936,2.09300112724,-2.68640947342
21,5,O,12.5512543,14.2509306,12.68615051,-2,,-2.25245642662,0.813899695873,-1.97931671143
21,6,H,14.38403711,15.16172599,13.85407621,1,,-0.970115363598,0.786659002304,-0.092191696167
21,7,H,11.14382528,14.2477955,11.3438972,1,,-1.75601267815,-1.87364649773,0.290879607201
21,8,O,10.67726548,11.91760674,13.70288475,-2,,-1.21263504028,0.297530293465,-0.348781824112
21,9,H,10.40944426,13.60550294,12.56320566,1,,-0.384793877602,0.0400825291872,-2.40574765205
21,10,O,14.93224195,13.81078295,12.78568305,-2,,5.50012969971,7.62681150436,1.64215767384
21,11,O,11.1853251,9.20992909,12.77815047,-2,,0.61772274971,0.288107007742,-1.14407861233
21,12,H,10.00329725,12.18040647,11.13282513,1,,-1.12400734425,-2.72068595886,-0.614168167114
21,13,H,13.09690994,15.01869237,12.82378785,1,,-0.353486984968,-0.85228061676,-0.0210799090564
21,14,H,14.56312365,13.18729944,12.35455516,1,,-3.95018362999,-7.6288766861,-3.62697029114
21,15,O,8.87803239,10.5305027,8.69529245,-2,,-0.63449960947,-1.92147123814,1.99391770363
21,16,O,9.8084721,11.09776019,11.20716432,-2,,-1.25848305225,0.3188341856,-2.16206550598
21,17,H,13.38227015,11.07943726,14.3008174,1,,-0.897442102432,2.53935432434,-0.110635817051
21,18,O,13.39223759,12.05533558,14.60060768,-2,,-3.98379826546,-2.46599411964,-4.84625148773
21,19,H,10.78803731,11.82713681,12.70675526,1,,-1.68663454056,-0.803192734718,2.64752340317
21,20,H,12.02522375,9.08717241,13.26669552,1,,-0.766457796097,0.465347915888,-1.12126731873
21,21,O,10.39100677,13.58935209,11.52910799,-2,,-0.00361131131649,2.19288849831,3.43428945541
21,22,H,14.91994452,14.45272461,12.01677336,1,,0.626633286476,-0.586414813995,1.62523949146
21,23,H,13.0913618,16.18076149,13.57857955,1,,-1.27298986912,0.756277024746,-1.20049893856
21,24,H,11.27344624,9.72339523,11.90879026,1,,0.0572071373463,-1.00987565517,2.26817631721
21,25,O,13.76893898,15.8814406,14.12127353,-2,,3.06029438972,0.328480511904,2.97905492783
21,26,H,9.60605619,11.04425706,9.10975923,1,,-0.626003742218,-0.642991483212,-0.517994999886
21,27,H,13.12212029,10.89568464,11.0111389,1,,-0.602498590946,3.89703369141,3.08008289337
21,28,H,12.20210004,12.88154804,9.14909833,1,,1.54871559143,-1.63709354401,-4.47826480865
21,29,H,12,12,12,1,,5.01866292953,-1.09647154808,-1.84969472885
21,30,H,12.6995055,13.3894543,10.41943816,1,,0.522712826729,-0.13519218564,0.616493582726
21,31,H,9.12414854,10.61743079,10.51280613,1,,2.66341686249,2.96643686295,3.28146982193
21,32,H,12.95579352,13.55490764,13.1648538,1,,0.325356602669,-0.789336800575,1.17934799194
22,0,O,11.89217917,13.10050129,10.0280324,-2,,3.83947277069,-0.344624698162,-4.13483905792
22,1,O,13.04557417,11.68873447,11.78969686,-2,,-2.64274907112,4.18078708649,3.61569786072
22,2,H,13.98539167,11.80718876,15.45381001,1,,-1.14167845249,-0.267067551613,-1.80153250694
22,3,H,9.70252945,11.52097089,13.98031681,1,,1.81079554558,0.390795558691,-0.92509162426
22,4,O,12.56688866,14.13809345,12.77444937,-2,,-1.72187876701,2.62807703018,-2.46367120743
22,5,H,14.21068884,15.06435555,13.8546349,1,,2.41425824165,-3.42466545105,-1.8630143404
22,6,H,11.05242103,14.12025104,11.30785991,1,,-0.936053872108,-1.13977909088,1.05937027931
22,7,O,10.61430296,11.86806519,13.76554307,-2,,-1.89150321484,0.0204935446382,6.45194816589
22,8,H,10.34111768,13.31361005,12.59716296,1,,0.150848910213,1.74278497696,-1.72088766098
22,9,O,14.90565332,13.71716999,12.86885601,-2,,1.06274867058,-2.04680633545,-1.01177608967
22,10,O,11.12541799,9.12566675,12.81390243,-2,,3.05544614792,-1.5014538765,2.7637834549
22,11,H,9.88130018,11.9996113,11.10985851,1,,-0.404209196568,-2.48726224899,-0.19666261971
22,12,H,13.03073736,15.11060265,12.77609889,1,,-1.56641972065,-4.7505812645,0.285587906837
22,13,H,14.34094316,13.08688609,12.36086049,1,,0.382287949324,-1.49052238464,2.08232450485
22,14,O,9.80674946,10.96080999,11.26268338,-2,,0.616074621677,2.09136199951,-0.14977401495
22,15,H,13.29270758,10.99805972,14.00745089,1,,0.45587477088,3.98340535164,3.30086803436
22,16,O,13.33282781,11.91832801,14.70053523,-2,,0.683884859085,-3.51056051254,-1.53480291367
22,17,H,10.72592109,11.90555503,12.89115244,1,,-0.332210928202,-1.11890292168,-4.83416748047
22,18,H,12.03430416,8.91320638,13.39259189,1,,-3.59200286865,1.17586517334,-3.079600811
22,19,O,10.36761815,13.47203478,11.60082669,-2,,-1.42341423035,0.254000246525,1.94990491867
22,20,H,14.73968681,14.15450744,12.06646878,1,,1.07457387447,2.77192783356,-1.40181052685
22,21,H,13.058835,16.12333207,13.64371445,1,,-1.16789889336,0.987842917442,-0.737434923649
22,22,H,11.24250801,9.5670702,11.96485674,1,,0.519018650055,0.0936006605625,0.424381196499
22,23,O,13.71431224,15.73794148,14.15837424,-2,,-0.170777350664,4.74599552155,4.8025226593
22,24,H,13.26876021,10.93423651,11.33165061,1,,-0.45795866847,-2.89177179337,-1.74515271187
22,25,H,12.3861477,12.87342857,9.14531431,1,,-1.68892192841,0.755853772163,2.32543206215
22,26,H,12,12,12,1,,4.00230360031,-2.02113556862,-1.66603302956
22,27,H,12.68674401,13.14540916,10.62414476,1,,-1.24492526054,-0.117376998067,-0.606761693954
22,28,H,9.13459586,10.54604491,10.72921189,1,,-0.192567512393,0.38264760375,-0.222598209977
22,29,H,12.91066475,13.41727848,13.31250648,1,,0.507580459118,0.907071530819,1.0337896347
23,0,O,11.6735658,13.10564152,10.21585303,-2,,4.32176685333,-0.52178800106,-4.44977235794
23,1,O,12.4005521,15.74235313,10.97673979,-2,,3.65388727188,-1.14033997059,2.46815633774
23,2,O,12.78914517,11.69787817,11.98667393,-2,,9.79850387573,0.154637396336,2.41858625412
23,3,H,13.73276436,11.77510122,15.76448559,1,,-2.49870228767,-0.391420662403,-4.48779010773
23,4,H,9.53407355,11.43982712,14.0362573,1,,-0.747987449169,-0.772492349148,0.0139729008079
23,5,O,12.37097923,14.13317572,12.95516148,-2,,-2.26529765129,-2.04482007027,-1.55877113342
23,6,H,13.92223444,14.93255058,13.85246028,1,,-0.580659985542,1.43868350983,0.505171060562
23,7,H,10.71064021,14.05582353,11.43221341,1,,2.35110139847,1.98863101006,0.166502684355
23,8,O,10.33767197,11.92208714,13.94486085,-2,,1.01619875431,1.10584187508,-0.59001994133
23,9,H,10.05980942,13.22975828,12.64082617,1,,-0.015805631876,1.2451184988,4.5266122818
23,10,O,14.67576459,13.72963862,13.05738403,-2,,-0.722721219063,-0.966874361038,-4.08308362961
23,11,O,10.86532614,9.14172934,12.9585936,-2,,0.668182492256,-1.58174240589,2.73972249031
23,12,H,9.51937704,11.80947922,11.17988755,1,,0.359058976173,3.72731208801,-0.905582070351
23,13,H,12.65613663,15.07526595,12.88830786,1,,-0.643357694149,-1.67814326286,1.41652917862
23,14,H,13.80951023,12.83898642,12.43754158,1,,1.67061722279,-0.267664939165,1.45656228065
23,15,O,9.60218264,10.93511682,11.42150737,-2,,3.24576044083,-1.39535236359,1.87331771851
23,16,H,13.00211439,11.23478259,14.02346034,1,,1.02349734306,1.76976299286,3.77405405045
23,17,H,12.78151304,14.8794424,11.45540939,1,,-1.83508169651,2.4099779129,-2.01451897621
23,18,O,13.06323622,11.87213159,14.8897076,-2,,1.47187066078,-1.12260472775,0.563518762589
23,19,H,10.44116403,12.02477107,12.97862357,1,,-0.119973182678,-1.42184317112,1.391933918
23,20,H,11.63313881,15.4812184,10.54315229,1,,-1.80950880051,-0.889312803745,-1.13365602493
23,21,H,11.68321207,8.92208201,13.47385946,1,,-1.23615193367,0.530835449696,-1.27254450321
23,22,O,10.13021041,13.45603131,11.77881473,-2,,-4.2570514679,-1.86779630184,-3.54433822632
23,23,H,14.41695223,14.11056893,12.15573772,1,,1.46279239655,-0.284926354885,2.25321674347
23,24,H,12.72732253,16.24874812,13.75922872,1,,2.88664197922,-1.81344342232,2.08229088783
23,25,H,11.03564954,9.51658443,12.12583211,1,,0.597685754299,0.79466342926,-1.29777121544
23,26,O,13.45393117,15.70794233,14.30897791,-2,,-0.952182531357,2.73044705391,-0.516797780991
23,27,H,13.18658024,10.92325172,11.6792428,1,,-0.679684877396,-1.7458422184,-1.08562898636
23,28,H,12.28352772,13.00049398,9.35692756,1,,-2.39086222649,0.534871160984,2.49995660782
23,29,H,12,12,12,1,,-8.74448204041,1.34367418289,-0.550481081009
23,30,H,12.40971936,12.97855529,10.87395135,1,,-1.04916667938,0.298683822155,-0.726328849792
23,31,H,8.86617488,10.57817913,11.06510575,1,,-3.74516487122,-2.49447536469,-1.62063550949
23,32,H,12.6803808,13.42238118,13.61220256,1,,-0.233722954988,2.32774400711,-0.312383115292
24,0,O,11.82562124,13.06134805,10.4333531,-2,,-1.60664224625,0.267161488533,-0.0951732248068
24,1,O,12.91753424,11.66184966,12.23800456,-2,,1.44648885727,-3.12475609779,0.110693901777
24,2,H,13.72600895,11.67112039,15.89946846,1,,0.127339661121,-0.755966126919,-1.89105916023
24,3,H,9.67761599,11.27550014,14.14994406,1,,1.20224249363,0.694764256477,0.349755614996
24,4,O,12.52507997,14.06932988,13.17251803,-2,,-0.596106350422,-7.5505065918,0.0988513827324
24,5,H,10.83390686,14.03669911,11.62098864,1,,0.0382282137871,-0.0632566064596,1.05760073662
24,6,O,10.42355982,11.93185125,14.16627735,-2,,-1.11774992943,-0.514647960663,-2.79582071304
24,7,H,10.13030779,13.20142415,12.914961,1,,0.0374104380608,2.08667039871,0.975724697113
24,8,O,10.96431436,9.11088843,13.1532857,-2,,-3.71511173248,1.48986744881,-3.7978682518
24,9,H,9.5150119,11.73606469,11.26359045,1,,1.16900932789,0.134221181273,0.364007472992
24,10,H,12.61614843,14.93561097,13.15087183,1,,1.04161274433,6.06768417358,1.05237364769
24,11,H,13.7942217,12.67068809,12.69499793,1,,0.86355060339,0.373760104179,0.0335164368153
24,12,O,11.91489046,9.73133048,9.42894781,-2,,0.0541929528117,2.17155647278,0.145171821117
24,13,O,9.76741625,10.86163023,11.63173492,-2,,-5.28567028046,-0.996723592281,-2.33509397507
24,14,H,13.1089411,11.50600769,14.28209314,1,,0.92486935854,-2.51600384712,-4.25670623779
24,15,O,13.15585216,11.7772874,15.12159253,-2,,-1.00510561466,3.43990588188,6.11909484863
24,16,H,10.51832387,12.0175409,13.1373806,1,,0.279766708612,-1.48611462116,3.31322050095
24,17,H,11.71827615,8.8931645,13.56001141,1,,4.38769769669,-1.31645488739,2.49187517166
24,18,O,10.23833435,13.38640025,11.99022685,-2,,-1.91305398941,-0.491941988468,-1.33046662807
24,19,H,11.47531712,10.37620756,10.08663007,1,,0.926367223263,-1.16451394558,-1.93605792522
24,20,H,11.21667402,9.46194739,12.25927678,1,,-0.606931388378,-0.569245576859,1.58485245705
24,21,H,13.43757094,10.73047305,11.99127785,1,,-2.97396087646,3.45492362976,0.255795061588
24,22,H,12.34329927,10.25930343,8.68346384,1,,-1.14157640934,-0.873855948448,1.91401922703
24,23,H,12.41546819,13.10668099,9.75082901,1,,1.99019277096,0.465194523335,-3.59057450294
24,24,H,12,12,12,1,,0.574691295624,-2.020185709,0.544757902622
24,25,H,12.4403447,12.79030544,11.09043187,1,,1.1535166502,0.272610932589,0.939352095127
24,26,H,8.78128575,10.44448986,11.38781136,1,,4.06318569183,0.754615545273,1.25037884712
24,27,H,12.80064815,13.51615478,13.95166614,1,,-0.318453609943,1.77123641968,-0.572221040726
25,0,O,12.06264434,13.06796415,10.62604865,-2,,0.221689790487,0.697960019112,-2.21791577339
25,1,O,13.15453725,11.66946599,12.47015239,-2,,0.390198856592,-2.56186676025,-0.549017906189
25,2,H,13.88374602,11.57659325,15.98217,1,,5.43527269363,-1.73662352562,3.96334648132
25,3,H,9.90351309,11.19146832,14.28004786,1,,2.31849241257,2.44274950027,1.11890101433
25,4,O,12.75733083,14.02984296,13.35980417,-2,,0.201335862279,3.43448543549,0.772685885429
25,5,H,11.07037092,14.07829003,11.85120261,1,,-1.63099098206,-1.69595086575,1.19698691368
25,6,O,10.60092043,11.99132672,14.35330014,-2,,-3.1835808754,-2.92534351349,0.966166913509
25,7,H,10.29203472,13.34637146,13.21828274,1,,0.389131486416,1.02721452713,-2.99979352951
25,8,O,11.14873881,9.14104795,13.31344213,-2,,4.05783414841,-0.823272943497,0.0254109147936
25,9,H,9.64118213,11.74951486,11.36141894,1,,2.18349432945,-2.60425901413,1.69434976578
25,10,H,12.67308436,15.05779952,13.48066517,1,,0.311025887728,-3.11311721802,-0.487587869167
25,11,H,13.92525622,12.60832345,12.96527657,1,,-0.0888287425041,-0.442868173122,-0.581826627254
25,12,O,12.10572028,9.74975913,9.61765717,-2,,-1.31772971153,2.48140716553,3.66589951515
25,13,O,10.01167017,10.83939958,11.8144819,-2,,-6.84937667847,1.40915989876,-2.70458889008
25,14,H,13.34730485,11.71728126,14.370041,1,,1.00557625294,-0.947096526623,1.10770797729
25,15,O,13.3318485,11.74590765,15.33873839,-2,,-6.44005870819,2.50411319733,-4.84143686295
25,16,H,10.70102437,11.97715621,13.42140196,1,,1.12749695778,-0.340965628624,-1.40787422657
25,17,H,12.06221425,8.84239076,13.72868707,1,,-3.11178970337,0.874293267727,-1.02564847469
25,18,O,10.43033401,13.36666435,12.17302733,-2,,-0.341514497995,1.76302576065,2.28152346611
25,19,H,11.81467493,10.52426424,10.36871666,1,,1.04866659641,-2.93859481812,-3.57627034187
25,20,H,11.45638773,9.45226429,12.42178606,1,,-0.891843676567,-0.420589566231,1.29745399952
25,21,H,13.6556487,10.73969844,12.30297825,1,,-2.01861143112,3.67819070816,0.429960668087
25,22,H,12.5574183,10.17942189,8.8981677,1,,0.0860556513071,0.564708650112,-0.0453468412161
25,23,H,12.72070372,13.28034253,9.97747568,1,,0.21169796586,0.406451672316,-1.14609611034
25,24,H,12,12,12,1,,1.27059340477,-1.59681618214,1.67892181873
25,25,H,12.61975937,12.68978044,11.28218417,1,,1.11900448799,-0.174599185586,0.74716603756
25,26,H,8.9448485,10.37631554,11.75638475,1,,4.74567079544,1.20655405521,0.462612986565
25,27,H,12.99720271,13.75856913,14.25447079,1,,-0.248913288116,-0.168349742889,0.174308657646
26,0,O,12.21490177,13.14687928,10.7392148,-2,,4.9349527359,2.23535490036,-4.36034202576
26,1,O,13.31534538,11.74911324,12.62928419,-2,,0.932981193066,6.58792972565,2.09376907349
26,2,H,14.19347454,11.49511838,16.13834965,1,,-2.5070514679,1.23825418949,-3.60774588585
26,3,H,10.07182744,11.2960257,14.40729223,1,,1.34727239609,1.91121888161,1.41960859299
26,4,O,12.896131,14.06421939,13.46945254,-2,,-0.300326734781,5.30429792404,4.38106060028
26,5,H,11.1662443,14.10854832,12.08180067,1,,0.230180710554,0.019361499697,-0.791418552399
26,6,O,10.69173747,12.11434718,14.46543972,-2,,-2.51589584351,-2.75497817993,0.958677411079
26,7,H,10.39495637,13.62586333,13.27392006,1,,-0.233541950583,-0.783307313919,-1.92890524864
26,8,O,11.26812065,9.2479468,13.39459717,-2,,4.2685508728,-2.55384612083,3.6306180954
26,9,H,9.77795725,11.70713434,11.50492901,1,,1.01370811462,-0.256897568703,0.266368716955
26,10,H,12.61505866,15.12129487,13.72563513,1,,0.824690699577,-3.49364709854,-2.27787160873
26,11,H,13.95742125,12.58692674,13.11691564,1,,-1.93184041977,-2.76365470886,-1.98949146271
26,12,O,12.21208946,9.84956078,9.74478569,-2,,0.0392646640539,0.401169598103,0.807898044586
26,13,O,10.15619582,10.8987805,11.91465671,-2,,-4.49790906906,-0.802701473236,-0.525429129601
26,14,H,13.54284375,11.93182441,14.41611739,1,,0.0318139791489,-1.3615500927,4.31659984589
26,15,O,13.40936801,11.79621235,15.46747216,-2,,2.36927962303,-0.153026640415,-0.0988352894783
26,16,H,10.86101349,11.97652459,13.55110727,1,,1.24341964722,0.371675521135,-1.51010990143
26,17,H,12.23342301,8.88374565,13.8026673,1,,-4.24914169312,1.39861440659,-1.27470731735
26,18,O,10.5396173,13.42572573,12.28779672,-2,,-1.54890799522,2.04950046539,2.9356803894
26,19,H,12.12626949,10.57733798,10.39049596,1,,-0.226706445217,-0.409454911947,-0.681705772877
26,20,H,11.57096408,9.51305556,12.55922404,1,,0.0722009837627,0.7688331604,-2.00880646706
26,21,H,13.72163797,10.95036023,12.55272562,1,,2.15616846085,-3.59280157089,-0.233450993896
26,22,H,12.71596441,10.21965465,9.02310424,1,,0.0663869455457,0.123894579709,-0.124792158604
26,23,H,12.9720646,13.51364519,10.07288405,1,,-3.01339197159,-1.17185366154,2.00538015366
26,24,H,12,12,12,1,,-0.926000058651,-1.93532335758,1.12557995319
26,25,H,12.79718642,12.69803166,11.38956301,1,,-0.406692773104,0.466986387968,-0.566679000854
26,26,H,9.24745166,10.4250166,12.07625251,1,,2.99046278,0.786027312279,-0.328598678112
26,27,H,13.11205616,14.05643791,14.46388554,1,,-0.163928195834,-1.63007521629,-1.63235068321
27,0,O,12.38254293,13.21789356,10.82621598,-2,,3.51565265656,1.86252164841,-2.75221180916
27,1,O,13.4806051,11.83500026,12.77519754,-2,,-0.345585942268,-1.47380161285,-0.766600489616
27,2,H,10.21932851,11.48047654,14.59420886,1,,-1.1185400486,-1.18422663212,1.00453972816
27,3,H,9.1875402,9.81752676,10.0954089,1,,-1.10701286793,-0.0135574862361,-0.491683602333
27,4,O,13.02787244,14.10355093,13.5702544,-2,,-0.682453155518,4.13318967819,4.49445295334
27,5,H,10.61384639,8.15147487,11.92099412,1,,-1.26895666122,-0.719963431358,0.164804026484
27,6,H,11.31030142,14.13055381,12.26857796,1,,1.67176258564,0.294813215733,-2.15255880356
27,7,O,10.78718872,12.22069987,14.55998714,-2,,1.60601699352,-0.309956461191,-2.47994375229
27,8,H,10.4961408,13.8598368,13.22009889,1,,-1.91809904575,-0.324757874012,2.67628026009
27,9,O,11.41413136,9.34536712,13.4645543,-2,,1.07942771912,-0.777081012726,0.419247984886
27,10,H,9.9417072,11.69479811,11.66899744,1,,-2.1040854454,4.29942798615,-1.4282579422
27,11,H,12.56224014,14.97128774,13.83624923,1,,0.267096310854,-1.30563437939,-2.46088504791
27,12,H,13.97510793,12.5049536,13.16957455,1,,1.45904684067,1.26630556583,1.32533764839
27,13,O,9.26000767,10.68057242,9.69453646,-2,,0.552731454372,-0.16367611289,0.235905349255
27,14,O,12.3252995,9.94028962,9.85520601,-2,,1.61805462837,-2.3800368309,-5.08747768402
27,15,O,10.30209317,10.95246322,11.9960693,-2,,3.89987468719,-1.48491501808,0.771562576294
27,16,H,11.08617068,11.99077602,13.58568593,1,,-0.291827440262,1.1592798233,2.74574494362
27,17,O,10.50188339,8.5736277,11.07727966,-2,,0.0195958614349,0.134871423244,-1.73749625683
27,18,H,12.23191871,8.97854708,13.8144033,1,,-0.294312298298,-0.0987698361278,0.478477776051
27,19,O,10.65255596,13.4811847,12.39191891,-2,,-1.37344050407,1.26542830467,-0.63411206007
27,20,H,12.44690197,10.63180943,10.39245301,1,,0.0782904401422,3.97905063629,3.72005748749
27,21,H,11.69272474,9.61564729,12.58706187,1,,-0.372815430164,0.489266484976,-0.341461092234
27,22,H,10.06280889,10.82592439,10.23426757,1,,-0.0415782146156,0.61282479763,-1.14215815067
27,23,H,13.90010612,10.98723107,12.76487809,1,,0.594105005264,-0.304789125919,0.207618415356
27,24,H,12.90574287,10.29276476,9.10631226,1,,-1.35981667042,-1.23773765564,1.15354514122
27,25,H,13.0886342,13.64966379,10.27395693,1,,-1.48147249222,-0.20712672174,0.013993024826
27,26,H,12,12,12,1,,-1.14434146881,-1.81017422676,0.308698773384
27,27,H,13.00753726,12.76458997,11.41282442,1,,-0.418458819389,-0.0563629940152,0.257258713245
27,28,H,9.71379832,8.49083892,10.49679771,1,,1.03287875652,-1.29184150696,1.63122582436
27,29,H,9.64643196,10.46125897,12.3735431,1,,-2.75131440163,-2.18669176102,1.42570185661
27,30,H,13.25222018,14.25264988,14.55256101,1,,0.679577946663,-2.16587948799,-1.5596061945
28,0,O,12.528832,13.22188447,10.90499173,-2,,-0.855877101421,-1.15623104572,0.628633975983
28,1,O,13.61072181,11.84754005,12.90675149,-2,,1.2513064146,-6.1434378624,-0.883991420269
28,2,H,10.22720218,11.55772314,14.82537394,1,,0.66327393055,0.437614381313,-0.0729066431522
28,3,H,9.29860735,9.78285772,10.24074805,1,,-0.805626273155,2.40854167938,-1.85614204407
28,4,O,13.12512836,14.08662878,13.67260576,-2,,0.920888066292,0.738079547882,1.11914587021
28,5,H,11.5234472,14.10434386,12.3518813,1,,-1.28689825535,-2.2942340374,-1.39952540398
28,6,O,10.86931123,12.26171987,14.63635081,-2,,0.199481844902,-0.989606559277,-0.109693139791
28,7,H,10.49418983,13.99021926,13.28308771,1,,-1.16949892044,-1.56378149986,-0.295804291964
28,8,O,11.54498923,9.38647008,13.52321306,-2,,-2.34684610367,1.8770635128,-3.10914611816
28,9,H,9.98051259,11.81626656,11.78104412,1,,0.678701460361,-2.4658780098,1.33717870712
28,10,H,12.45474889,14.72004639,13.81469089,1,,-1.79286813736,1.08021390438,-0.893390238285
28,11,H,14.11455594,12.52166065,13.27507797,1,,1.55340230465,1.43621659279,1.28953051567
28,12,O,9.40050424,10.71336794,9.79112099,-2,,1.11918878555,-3.41687011719,2.07971763611
28,13,O,12.42105884,9.96156224,9.94472455,-2,,2.99042010307,4.17693853378,1.11443758011
28,14,O,10.44018803,10.94065573,12.07104406,-2,,-2.70385670662,0.225700721145,0.671960115433
28,15,H,11.27352023,12.00807405,13.75827431,1,,-0.761514306068,0.351866781712,1.60097897053
28,16,H,12.25763801,8.9718027,13.87414332,1,,3.19173026085,-2.00513219833,1.57560658455
28,17,O,10.74318342,13.47510859,12.48522937,-2,,0.646926283836,4.98570632935,1.13418579102
28,18,H,12.73701739,10.78687166,10.55102269,1,,-1.77165806293,-2.95705747604,-1.45271682739
28,19,H,11.77355697,9.68026582,12.58419246,1,,-0.411548852921,-0.585523247719,2.00879597664
28,20,H,10.25830362,10.75442841,10.29468813,1,,-0.65875518322,0.888665556908,-1.295814991
28,21,H,14.11694932,10.90613922,12.96001299,1,,-1.6277410984,3.74959445,-0.0468562468886
28,22,H,13.03512687,10.28037463,9.22547042,1,,-1.25251865387,-1.22576260567,0.415736794472
28,23,H,13.14034366,13.69835578,10.47151831,1,,2.72078800201,3.56159591675,-3.76694202423
28,24,H,12,12,12,1,,-0.318077594042,-1.53862476349,0.46390709281
28,25,H,13.21695672,12.79302942,11.42112009,1,,-0.235715448856,-0.72674959898,0.943680882454
28,26,H,9.91042259,10.34595227,12.70951192,1,,0.846116364002,1.98550236225,-1.72102284431
28,27,H,13.44092951,14.27752808,14.55543541,1,,1.21677660942,-0.834410667419,0.520455479622
29,0,O,12.66748149,13.15425437,10.98269452,-2,,5.24606657028,2.80117917061,-2.22749400139
29,1,O,13.73807408,11.77448783,13.02233806,-2,,4.58798122406,1.34259736538,1.80622172356
29,2,H,10.22183991,11.58702969,15.02691744,1,,2.83122253418,1.63877940178,-1.51579070091
29,3,H,9.37441952,9.82904259,10.33758276,1,,-0.326440751553,0.580922782421,0.30095410347
29,4,O,13.21559583,14.00696805,13.76547069,-2,,-2.15883660316,2.21723842621,0.0880026817322
29,5,H,11.69100492,13.91146905,12.36562201,1,,-1.735216856,-1.41673326492,-0.757618546486
29,6,O,7.60783292,9.55501785,8.73000279,-2,,2.93464279175,0.179472059011,1.72585296631
29,7,O,10.95673716,12.23999855,14.70294114,-2,,-4.06943416595,-0.190043985844,5.48977327347
29,8,H,10.45076839,13.96691248,13.34813365,1,,0.568649291992,-1.94449949265,-2.05479335785
29,9,H,8.56225646,9.69689747,9.18489434,1,,-3.11954689026,-1.06428301334,-2.93339180946
29,10,O,11.67666848,9.38030504,13.56110487,-2,,2.80013370514,-2.87505507469,3.04087877274
29,11,H,10.02550697,11.78335821,11.95583466,1,,1.83117222786,-3.46464729309,1.23353934288
29,12,H,12.28300071,14.47775624,13.74701525,1,,3.45031738281,-1.40354180336,1.02269244194
29,13,H,7.34757592,10.39051616,9.10942076,1,,-1.09002900124,0.468255996704,-0.265620142221
29,14,H,14.38972663,12.6251732,13.43519079,1,,-2.9168419838,-3.79717135429,-1.75911211967
29,15,O,9.54944392,10.672754,9.88204322,-2,,1.73448801041,-0.93780374527,1.190574646
29,16,O,12.52739377,9.93510986,10.02801575,-2,,1.95599579811,3.77639961243,3.2414727211
29,17,O,10.5795961,10.87516814,12.13869606,-2,,-4.4570646286,0.244525238872,1.67755579948
29,18,H,11.45001644,11.98061083,13.9846257,1,,1.19982171059,-1.69056296349,-2.34273004532
29,19,H,12.46215645,8.8156874,14.00757846,1,,-2.85928297043,2.10724496841,-2.19379687309
29,20,O,10.84165363,13.42090309,12.56926709,-2,,-0.555427968502,4.58923339844,1.64957213402
29,21,H,12.93888108,10.75077482,10.64255561,1,,-2.31902074814,-3.10801029205,-1.5542538166
29,22,H,11.83826261,9.66034783,12.66138581,1,,0.821091413498,-0.181528255343,-0.21995767951
29,23,H,10.44847165,10.67445772,10.30214601,1,,-0.417854964733,0.758116483688,-0.910299360752
29,24,H,14.26656989,10.94862212,13.12683048,1,,-0.495326548815,1.04753518105,-0.0769754648209
29,25,H,13.14254466,10.1762755,9.35008002,1,,0.237561568618,-0.572111546993,-1.54685401917
29,26,H,13.30926891,13.80489636,10.50775949,1,,-2.30080366135,-1.0441775322,0.32488450408
29,27,H,12,12,12,1,,0.211802005768,-1.13377714157,0.249785155058
29,28,H,13.4487456,12.74677991,11.45644415,1,,-1.64604687691,-0.252162158489,0.157999828458
29,29,H,10.19843172,10.2587297,12.94655155,1,,0.902596652508,2.75395750999,-2.92687273026
29,30,H,13.70968229,14.21136797,14.56603189,1,,-0.846367001534,0.570650935173,0.0858006328344
30,0,H,11.52715236,8.04767631,10.94459617,1,,-2.28902983665,-1.93443334103,1.62569665909
30,1,O,12.93546969,8.31714576,10.67535625,-2,,-0.636268973351,1.45509338379,-1.77031552792
30,2,H,14.30367382,10.93317457,13.99123959,1,,-1.30716454983,-0.0602312088013,-3.04668045044
30,3,H,13.54032741,13.01359687,10.59225418,1,,-7.6667766571,2.0660533905,-9.50583648682
30,4,O,11.89689052,8.93055592,13.30529117,-2,,0.226035937667,0.851902842522,-1.48537945747
30,5,H,13.19655303,12.77551512,13.57218416,1,,-0.274091929197,0.768948733807,-0.973377048969
30,6,H,13.73786468,11.04400091,12.41088573,1,,-1.44284629822,2.62900424004,-1.64517736435
30,7,H,10.4104663,13.07582345,13.15867034,1,,0.66524296999,-0.0467366352677,0.499777853489
30,8,H,10.22993541,9.55448554,16.02262171,1,,0.24785579741,-0.961376190186,1.65942800045
30,9,H,11.56547427,13.58235993,8.47129607,1,,1.40146708488,-2.5047621727,1.6674144268
30,10,H,10.32013438,7.19984348,10.74122597,1,,-0.521831870079,-0.317535638809,0.359418213367
30,11,H,10.48247495,13.08001555,10.48458808,1,,-1.02255010605,0.318065941334,-0.194941490889
30,12,H,12.28303925,12.17731512,9.44276157,1,,-0.0440407395363,1.58748865128,-1.23354566097
30,13,O,10.05193829,9.51620967,16.9912335,-2,,1.4417065382,4.8169760704,-2.31159615517
30,14,H,11.90707159,9.26658952,12.37337631,1,,-0.905085206032,0.290117561817,2.07339286804
30,15,H,12.59907446,8.29739107,13.21522148,1,,0.331634581089,-0.605873942375,0.874736189842
30,16,H,9.80841609,8.89888302,17.58634455,1,,-1.05471670628,-3.85179281235,1.72450149059
30,17,H,12,12,12,1,,1.13081359863,2.76005673409,2.75197505951
30,18,H,10.46441203,10.23423705,13.74984694,1,,-0.949567556381,-1.41250920296,0.818726301193
30,19,O,14.15883093,10.571923,13.05242072,-2,,3.40621757507,-3.78337717056,3.51520442963
30,20,H,11.25532106,11.77412731,10.76028986,1,,0.492753773928,-1.8518127203,1.7938388586
30,21,O,11.6772038,12.60934801,8.78411717,-2,,-1.15087652206,0.730238139629,-0.41950789094
30,22,H,11.11393431,12.23562082,14.25341156,1,,0.666936814785,2.42215824127,-1.44318473339
30,23,O,10.76114929,7.58622839,11.50557571,-2,,0.66842186451,0.765809774399,-2.51935195923
30,24,O,11.27033742,13.05184251,13.62847444,-2,,-1.52772343159,-2.41884326935,1.80987739563
30,25,H,15.11067371,13.03342186,11.00906487,1,,-3.06224560738,-0.151598960161,-0.676249146461
30,26,O,9.94188191,10.26341085,14.57703926,-2,,-0.734403729439,0.43449151516,0.390226870775
30,27,O,13.60139003,12.53707701,14.38086303,-2,,0.681977689266,0.0214042961597,2.64938664436
30,28,O,14.11718086,12.91201222,11.14068329,-2,,10.7312364578,-1.71913838387,10.1996278763
30,29,H,11.13114159,13.72453514,11.64182878,1,,-2.28904867172,-0.263756066561,-0.108015194535
30,30,O,10.2178497,13.37112601,11.37219807,-2,,2.1092543602,1.79684603214,-0.961794912815
30,31,H,14.42955825,12.98458787,14.52747879,1,,0.00962920486927,0.413733839989,-0.338099956512
30,32,H,12.91316778,8.7420061,11.50845016,1,,0.86817419529,0.837849020958,0.999101877213
30,33,H,13.72783823,7.85664899,10.65475086,1,,2.18422794342,-1.44198441505,-0.199024647474
30,34,O,11.69692259,11.29966924,11.52444953,-2,,-1.29264199734,-2.76825046539,-4.39332532883
30,35,H,9.33696347,9.52080075,14.85974994,1,,0.907324433327,1.12777471542,-2.1869289875
31,0,H,11.27792832,8.1963676,10.46828598,1,,-1.88589954376,-1.83846485615,1.41263639927
31,1,O,12.73186671,8.36562321,10.25567494,-2,,2.87174296379,0.94034409523,0.859644055367
31,2,H,14.01355896,10.88840025,13.48881126,1,,-0.787472903728,1.9100484848,2.69285440445
31,3,H,13.26424603,13.36685958,9.94380768,1,,3.4790968895,-1.28378474712,2.89171147346
31,4,O,11.69794936,9.02608585,12.92585182,-2,,3.9836807251,-0.978808403015,-4.53579139709
31,5,H,13.9632349,6.00649057,10.45234156,1,,1.9167869091,3.36096096039,-0.573001801968
31,6,H,12.95517212,12.92314157,13.24902753,1,,-0.167677730322,0.212656036019,0.232307419181
31,7,H,13.42302151,11.04324322,11.95398143,1,,0.249207615852,0.606886088848,0.82574814558
31,8,H,10.10405107,13.13171294,12.78299278,1,,2.8562669754,0.747241973877,0.667676508427
31,9,H,11.36904585,13.51604986,8.05712075,1,,0.680291593075,2.8249669075,0.106635391712
31,10,H,9.99199234,7.15153762,10.30551016,1,,1.56311643124,2.35182571411,3.06208896637
31,11,H,10.34681919,13.25200094,9.96840628,1,,-1.82999777794,0.675684571266,2.46379780769
31,12,H,11.96322947,12.21969922,9.07715185,1,,0.608641028404,1.13765799999,-0.0378245413303
31,13,H,11.8626867,9.35987027,11.90562142,1,,-1.93106687069,0.135173052549,4.43362236023
31,14,H,12.53063236,8.40031622,12.80259201,1,,-2.58750963211,1.59130358696,1.72968375683
31,15,H,15.37704077,6.79282213,10.88642335,1,,-2.00948262215,0.44995456934,-1.57033729553
31,16,H,12,12,12,1,,-3.06484031677,-1.78181016445,-4.16016483307
31,17,H,10.31069415,10.36182223,13.38920547,1,,-2.52235794067,-1.80341541767,2.71334481239
31,18,O,13.92899458,10.60151313,12.63818319,-2,,1.29943156242,-3.4659614563,-4.60063552856
31,19,O,11.87451775,5.64546058,9.93638669,-2,,0.247193083167,1.9842993021,0.333664298058
31,20,H,14.88684019,12.3708275,15.08666993,1,,1.03594946861,-1.63565206528,-0.542828083038
31,21,O,14.57220669,6.89289991,10.26191019,-2,,1.22265696526,-4.94326019287,2.20245695114
31,22,H,10.95918087,11.67695485,10.46760907,1,,-3.1001791954,2.12890648842,-2.16709136963
31,23,O,15.03850254,12.92942157,15.81647282,-2,,-2.5914311409,1.20286762714,1.80345869064
31,24,O,11.49558297,12.66802301,8.36755941,-2,,-1.12777042389,-4.10313987732,0.0563076734543
31,25,H,10.88083372,12.36198214,13.67003457,1,,0.519282519817,-1.11921870708,1.63295722008
31,26,O,10.5946397,7.64668313,11.10420237,-2,,-2.03284883499,-1.38397049904,-5.27881622314
31,27,O,11.07079485,13.15619814,13.19812429,-2,,-3.58070611954,0.257454633713,-1.24256825447
31,28,H,14.80182839,13.1624644,10.68812828,1,,1.23527598381,0.793677210808,-0.740057468414
31,29,O,9.6986865,10.31889246,14.24475972,-2,,0.296265214682,0.302799105644,-1.0348149538
31,30,O,13.38209566,12.60588592,14.04432997,-2,,-2.44967937469,-0.52597630024,-0.32755151391
31,31,H,11.36291477,6.51087171,10.5291191,1,,2.74129486084,-2.90964722633,-2.10459470749
31,32,O,13.89554169,12.93686351,10.70977784,-2,,-4.60932970047,0.747599244118,-2.0873901844
31,33,H,10.8636952,13.7707568,11.31697528,1,,-2.50008106232,-0.586669921875,-0.646691441536
31,34,O,9.96814679,13.44887123,10.92871312,-2,,3.44662714005,1.14808189869,-2.99191665649
31,35,H,14.18877739,13.04522514,14.07372847,1,,1.9228874445,1.79297494888,-0.448762625456
31,36,H,12.68085555,8.79459865,11.14351012,1,,1.06351327896,-0.61632245779,-1.75071549416
31,37,H,13.75374095,7.79611246,10.29887965,1,,-3.2067527771,1.660125494,-0.110864035785
31,38,O,11.51065735,11.37024656,11.09885465,-2,,6.04507827759,-1.71687030792,6.23486471176
31,39,H,14.02457813,13.05943175,15.95803656,1,,2.79140901566,0.0760782882571,0.391476869583
31,40,H,9.06327967,9.55561781,14.45475055,1,,2.1183052063,1.55602836609,-1.62509191036
31,41,H,12.52504947,5.87466369,9.18959357,1,,-2.20891785622,0.0973753780127,1.83057069778
32,0,O,12.68841857,8.49061219,10.0234398,-2,,-2.59680151939,-0.0664079785347,-0.145351499319
32,1,H,13.85981501,10.98044109,13.30588639,1,,-0.819316744804,0.60766017437,-0.297365427017
32,2,H,13.23971961,13.75238512,9.52371778,1,,1.77476906776,-2.11894965172,2.83699345589
32,3,O,11.66742042,9.19629505,12.71768944,-2,,2.69146299362,-2.69759130478,0.0910873636603
32,4,H,13.87032005,6.12279757,10.26477207,1,,2.03598451614,3.66149258614,-1.10635328293
32,5,H,12.85860387,13.15586413,13.1054275,1,,0.17129561305,-0.67704975605,1.42386984825
32,6,H,13.25132759,11.17651596,11.72729848,1,,1.24359357357,-0.492398232222,2.26602506638
32,7,H,10.06855155,13.31194744,12.61541806,1,,1.61934840679,1.05387353897,0.191288501024
32,8,H,10.28995269,13.53246747,9.74054635,1,,-1.23983967304,0.402124255896,1.6007566452
32,9,H,11.8563983,9.54242788,11.8614626,1,,-0.977032065392,1.3375813961,-1.00462448597
32,10,H,12.52737692,8.62924645,12.68224689,1,,-2.3638381958,1.28210735321,1.27021920681
32,11,H,15.43498568,6.85941803,10.65266493,1,,-3.07502627373,1.27896511555,-1.99580812454
32,12,H,12,12,12,1,,-1.61758565903,-1.02912199497,-3.26124548912
32,13,H,10.20369407,10.47530437,13.34785494,1,,-0.0262482464314,-1.40632367134,-0.743409872055
32,14,O,13.86103027,10.69660994,12.39323979,-2,,-0.23011110723,-0.262726902962,-1.92843818665
32,15,H,14.5626081,10.29459122,11.00289523,1,,-0.0705666989088,-0.217518225312,-2.64623022079
32,16,H,14.76245214,12.52465826,14.81884994,1,,0.759953558445,-0.750901043415,0.925975680351
32,17,O,14.47976451,7.05808797,10.01667111,-2,,3.06143498421,-7.22897815704,2.56393051147
32,18,H,10.7131448,11.75772564,10.29617036,1,,1.5168466568,-0.393564552069,1.80822443962
32,19,O,14.9647103,13.0498398,15.58803983,-2,,-2.02432751656,1.17182970047,1.3215982914
32,20,H,10.85610189,12.49628063,13.33066108,1,,0.648668050766,-1.67217671871,1.71986961365
32,21,O,11.01922623,13.33582496,12.94854552,-2,,-3.00080275536,0.864387750626,-0.773348867893
32,22,H,14.72755744,13.41959334,10.49975397,1,,-1.08772373199,-0.544204473495,-0.213729515672
32,23,O,9.62388751,10.45000394,14.09495652,-2,,-0.772292852402,1.32698404789,1.66791057587
32,24,O,13.31408456,12.74916814,13.89308533,-2,,0.959553837776,2.71244955063,-2.70547389984
32,25,O,13.82212434,13.03590331,10.46254241,-2,,-0.909120321274,2.80082702637,-2.35257267952
32,26,H,10.64960054,13.85532137,11.14519354,1,,1.23340272903,0.371216475964,0.943846583366
32,27,O,9.8892458,13.60056024,10.66054625,-2,,-0.279805421829,-0.0427106618881,-3.56518936157
32,28,H,14.20322122,13.24148222,13.76635153,1,,-2.1690120697,-0.801314353943,0.159190818667
32,29,H,12.66195087,8.87844189,10.88603523,1,,0.0992229357362,0.0359812155366,-0.0740457028151
32,30,O,14.43817551,10.15686786,9.98893666,-2,,-3.49413847923,2.55259895325,1.23228979111
32,31,H,13.8550242,7.83909239,10.11894803,1,,-0.473351716995,1.17679953575,0.288415372372
32,32,O,11.50043109,11.50975655,10.8732706,-2,,0.565179109573,0.223044991493,1.16732513905
32,33,H,13.31575134,10.53219601,9.8473731,1,,5.17018032074,-1.73670208454,0.449417114258
32,34,H,13.99739405,13.35895742,15.78388823,1,,2.90550518036,-0.805913925171,-0.210569918156
32,35,H,8.95595627,9.75845466,14.16228081,1,,0.770539522171,0.0846299529076,-0.904478311539
33,0,O,14.72554211,15.27769477,12.19387698,-2,,-0.153939068317,0.844808220863,1.33578073978
33,1,H,13.84485742,11.13689655,13.34867241,1,,0.0629424527287,-0.721433281898,-3.53051424026
33,2,H,13.47968235,14.07942035,9.45194434,1,,0.523014068604,-2.34054660797,2.40771389008
33,3,O,11.79498042,9.41448569,12.72022395,-2,,-1.89756286144,-1.85991239548,3.0344285965
33,4,H,12.91214486,13.40564398,13.22037673,1,,-0.609668433666,-0.584103882313,0.661353230476
33,5,H,13.31205316,11.33648183,11.83256954,1,,-0.220188349485,0.519904971123,-0.0306916236877
33,6,H,10.22140025,13.60263537,12.6472877,1,,-2.23575854301,0.673187017441,-0.455158352852
33,7,H,10.35582062,13.86539557,9.76007665,1,,0.896798551083,0.345999121666,-2.27664971352
33,8,H,11.93215566,9.88828896,11.9673188,1,,0.508937060833,1.94181752205,-3.42527079582
33,9,H,12.59534978,8.936847,12.85564644,1,,0.799516797066,-0.376987338066,0.18469402194
33,10,H,12,12,12,1,,-1.70773768425,-0.331101298332,-3.70131635666
33,11,H,10.27270753,10.5743169,13.45205458,1,,1.97514677048,-1.20470261574,-2.61117267609
33,12,O,13.94215676,10.84566264,12.34224545,-2,,0.692051649094,0.428210705519,4.45153045654
33,13,H,14.60417329,10.4957998,10.98593454,1,,0.888254225254,-0.592723608017,-1.82736873627
33,14,H,14.85997386,12.65813701,14.79252419,1,,0.263427853584,0.555741667747,2.12703537941
33,15,H,10.68019595,11.9098489,10.42880833,1,,3.43527984619,-0.371507883072,2.44044828415
33,16,O,15.03487871,13.22583077,15.56829033,-2,,2.89654827118,-1.05266308784,-0.0115863382816
33,17,H,11.0273538,12.59490513,13.2817184,1,,0.447531789541,2.94897174835,-0.410347223282
33,18,O,11.11198625,13.57116234,12.90250441,-2,,0.854604780674,-3.40821909904,2.35100865364
33,19,H,14.8093773,13.70761847,10.46364345,1,,-2.34108877182,-2.55071210861,-0.561402499676
33,20,O,9.7058231,10.63924657,14.15659622,-2,,-2.25042676926,1.15362763405,2.98381233215
33,21,O,13.40017098,12.9554506,13.93976868,-2,,1.17296934128,2.49124193192,-3.15362739563
33,22,O,13.89483481,13.19730061,10.4130476,-2,,2.10362696648,4.77733659744,-1.95731925964
33,23,H,10.65265651,14.00075799,11.20763226,1,,0.903743982315,0.101360663772,0.0356771498919
33,24,H,14.39789366,14.56374928,11.62384145,1,,-1.32709765434,0.631299436092,0.897996425629
33,25,O,9.96200399,13.80272344,10.58811389,-2,,-1.83790946007,-0.0830831378698,1.08743309975
33,26,H,14.08450263,15.72102664,12.82851981,1,,0.895085453987,-1.47019410133,-1.83025026321
33,27,H,14.28449563,13.42550048,13.65464955,1,,-1.97542667389,-1.03216791153,0.903821825981
33,28,O,14.54034081,10.37801309,9.99249212,-2,,-5.0686788559,1.93056201935,1.06163358688
33,29,O,11.64923247,11.70108362,10.85851898,-2,,-1.46060395241,0.217903643847,0.896536111832
33,30,H,13.43147512,10.78753354,9.99553838,1,,4.71283340454,-1.77212679386,-0.736897110939
33,31,H,14.25889602,13.67281498,15.83305393,1,,-1.25191712379,0.194130778313,-0.0330521464348
33,32,H,8.96953002,10.03400504,14.05703817,1,,0.305691629648,-0.00391878187656,-0.308278858662
34,0,H,14.00106868,11.24945537,13.48325454,1,,0.592428803444,-0.282936483622,-0.426396310329
34,1,H,13.89784004,14.3167583,9.73683415,1,,-0.486894100904,-2.89008879662,2.10864925385
34,2,O,12.05306589,9.65864818,12.97868802,-2,,-1.12856674194,1.84190380573,-1.92875027657
34,3,H,13.05499362,13.65370337,13.60189582,1,,-1.00805401802,0.170610770583,0.254495978355
34,4,H,13.50732222,11.56667598,12.17930677,1,,-0.765162527561,1.30916690826,-1.304459095
34,5,H,9.64667394,9.9558207,12.77306363,1,,0.374675452709,-0.759880363941,2.19786214828
34,6,H,10.38735835,13.95066292,12.90546185,1,,0.805692315102,-0.155662804842,0.883543789387
34,7,H,11.88374061,14.1630134,8.18052342,1,,-0.145190507174,-1.91486978531,-0.468788325787
34,8,H,10.62919403,14.20886647,9.9158507,1,,-0.666128337383,-0.267632603645,0.87199151516
34,9,H,12.15405522,13.22507726,9.34403389,1,,-0.638178348541,-1.09890627861,-3.18126583099
34,10,H,12.14324586,10.35485482,12.164578,1,,0.378394246101,-3.55983734131,2.57563066483
34,11,H,12.86066472,9.22586707,13.30839117,1,,-0.308392435312,0.924807012081,-0.95036137104
34,12,H,8.52491954,9.65675929,11.78805767,1,,-0.89386099577,-0.368085205555,0.0819216519594
34,13,H,12,12,12,1,,-0.0455782450736,1.05268085003,2.53042030334
34,14,O,9.39902378,9.98136995,11.89865626,-2,,0.192948788404,0.652564227581,-3.44629073143
34,15,H,10.57829582,10.66024283,13.67124893,1,,-1.30686724186,0.214810982347,3.02182531357
34,16,O,14.16133407,11.02492141,12.54518211,-2,,1.28033268452,-0.199606776237,3.12579774857
34,17,H,14.83805062,10.7061874,11.14750635,1,,2.47465419769,-0.613514304161,3.01809048653
34,18,H,10.95928244,12.06502612,10.95063706,1,,1.14927220345,-0.244051769376,-0.114691704512
34,19,O,11.84715974,13.16742476,8.33060305,-2,,1.01534163952,2.94017982483,3.57761359215
34,20,H,11.36241595,12.8459223,13.46460593,1,,-0.426924109459,2.90584993362,-0.551035344601
34,21,O,11.34491895,13.824005,13.10570549,-2,,-1.43529391289,-2.63317775726,1.1882686615
34,22,H,14.94514982,13.91057092,10.62482449,1,,0.10723541677,-1.44993138313,1.00880968571
34,23,O,9.92577969,10.85976313,14.46778221,-2,,-0.178252369165,-1.40408396721,-2.76319980621
34,24,O,13.62793445,13.19860957,14.22044379,-2,,-0.18852545321,0.135128483176,-0.211419045925
34,25,O,14.11014495,13.40105884,10.60070501,-2,,0.469665765762,4.5970659256,-2.97551870346
34,26,H,10.85090652,14.18045221,11.5001309,1,,-0.941386818886,-0.294575631618,-2.46435260773
34,27,O,10.16795266,14.02862724,10.76187779,-2,,1.41196680069,0.761928796768,0.618049323559
34,28,H,14.41231864,13.53985498,13.82021818,1,,1.70110225677,-0.1287073493,0.211226448417
34,29,O,14.76518044,10.63794775,10.24111799,-2,,4.04906225204,-1.93247354031,-3.20337867737
34,30,O,11.9337519,11.92043482,11.09262846,-2,,-1.58052539825,-0.879226446152,-2.82404327393
34,31,H,13.95096844,10.95231422,10.34983965,1,,-5.77579879761,2.05133461952,-1.51508450508
34,32,H,9.09222003,10.32755053,14.21562498,1,,1.91680788994,1.5192155838,1.05483961105
35,0,H,10.06650009,15.64327363,9.72145298,1,,-1.33420705795,-2.6329729557,-0.128532290459
35,1,H,13.68435584,16.528177,8.43384422,1,,3.39777755737,-1.80269682407,-0.708598017693
35,2,H,14.24626274,11.26868076,13.44696225,1,,0.292241215706,-0.016840107739,2.95272111893
35,3,O,12.33345172,9.88089391,13.02941963,-2,,0.221254646778,0.0442350655794,0.570328950882
35,4,H,13.15525348,13.86295366,13.78452066,1,,1.15751099586,-0.0383233092725,1.02347183228
35,5,O,10.09505649,16.55120969,9.82413877,-2,,-1.83384716511,3.98944711685,5.25783538818
35,6,H,13.70603858,11.83686546,12.24853935,1,,2.13917660713,-1.23310542107,-0.174357712269
35,7,H,9.96064791,10.23349273,12.87281015,1,,-1.80719828606,-0.838158488274,-2.70582771301
35,8,H,10.57957267,14.24308367,13.00708003,1,,3.13880491257,-0.925334751606,1.16063725948
35,9,H,10.95053597,14.47110495,9.89684372,1,,-0.946486830711,-1.81370162964,2.22334957123
35,10,H,12.38953626,10.61508867,12.30575991,1,,1.14117693901,-3.13939809799,1.63881969452
35,11,H,13.18630014,9.48872546,13.52357616,1,,-2.65171432495,1.9555644989,-2.32133483887
35,12,H,8.68885514,10.01163025,11.78334431,1,,0.45882409811,0.0872945934534,0.85084104538
35,13,H,15.10053777,16.90350622,7.63362535,1,,-1.37222373486,-2.95357894897,2.13365054131
35,14,O,12.29918329,16.18347985,8.8017443,-2,,-4.84951305389,2.62643170357,-0.938088178635
35,15,H,9.95500234,16.5822099,10.96861019,1,,0.67674612999,0.106051102281,-4.92958545685
35,16,H,12,12,12,1,,0.833098590374,-0.139734998345,2.54334235191
35,17,O,9.63143623,10.16793726,11.92025156,-2,,1.13415086269,0.433600723743,0.762255549431
35,18,O,14.68219372,16.11796968,8.21733252,-2,,-0.832810103893,4.60752010345,-1.70041799545
35,19,H,11.27321952,16.5910335,9.20070188,1,,3.59319162369,0.0990737080574,-2.4916446209
35,20,H,10.85598826,10.72506931,13.80694492,1,,-1.31403374672,0.602333664894,2.98830270767
35,21,O,14.41074968,11.17557763,12.54990749,-2,,-1.02590084076,2.24113988876,-1.03124690056
35,22,H,15.24529364,10.86601628,11.24008035,1,,0.720030426979,-0.422398626804,-1.6560382843
35,23,H,11.31022901,12.17941997,11.26854733,1,,-1.79051804543,0.305575251579,-2.31577658653
35,24,H,11.70210989,13.18683692,13.43041085,1,,-0.507191359997,-2.80605316162,1.49885463715
35,25,O,11.60449847,14.03787206,13.10668016,-2,,-3.7611913681,3.85084939003,-1.45010352135
35,26,O,10.17938884,11.04532722,14.56072752,-2,,-0.742967665195,-1.9111328125,-3.45896148682
35,27,O,12.59064648,11.61922124,15.76742081,-2,,2.0705974102,1.43075847626,-3.59342288971
35,28,O,13.87912065,13.41302348,14.2911277,-2,,-0.895239830017,0.78075838089,-0.940389037132
35,29,H,11.0477155,14.31861757,11.46229644,1,,0.323316901922,-0.146744579077,-0.770922899246
35,30,O,10.40882947,14.22079108,10.73372291,-2,,1.24641394615,0.191017225385,-1.90904092789
35,31,H,12.24182615,11.37117497,14.84404311,1,,0.582121610641,0.169088572264,2.57231640816
35,32,H,13.37381684,12.24963875,15.41873039,1,,-2.52106380463,-1.90314126015,1.57310044765
35,33,H,14.65461938,13.59100292,13.76978805,1,,0.66300368309,0.00585644459352,-0.120477475226
35,34,O,15.03495958,10.86338155,10.27485843,-2,,1.44601559639,-0.307056069374,0.570848107338
35,35,O,12.24495199,12.1057285,11.10987612,-2,,0.394034177065,-0.253476172686,-0.748746991158
35,36,H,14.17476329,11.19491607,10.43219819,1,,-1.5469918251,0.415989428759,-0.889412045479
35,37,H,9.30450111,10.60797241,14.22747583,1,,2.14632701874,1.38687396049,1.46752595901
35,38,H,12.233914,15.80858287,9.62599393,1,,1.95728421211,-2.04561042786,3.19472455978
36,0,H,10.22724261,15.74876467,9.63041972,1,,-0.929739892483,2.6731133461,-0.553922712803
36,1,O,8.79481586,12.79768913,9.77271603,-2,,5.33246803284,0.214750245214,-2.03005218506
36,2,H,14.44429594,11.24551062,13.30749592,1,,0.630693674088,0.767020225525,-2.92479753494
36,3,O,12.51864443,10.09441112,12.81326318,-2,,-1.0122345686,-7.97815799713,8.06192016602
36,4,H,13.20841003,14.04562112,13.7290719,1,,2.01135802269,0.368015825748,0.054586045444
36,5,O,10.27599702,16.7693121,9.59802358,-2,,-2.1175198555,-1.7935860157,1.64654421806
36,6,H,13.91298656,12.05200359,12.03062921,1,,1.37862682343,-1.17132437229,0.287369340658
36,7,H,9.85126591,13.19913451,9.93823513,1,,-4.63137769699,-0.779131829739,0.319287836552
36,8,H,10.08933981,10.44771038,12.56220592,1,,-0.496861994267,-0.516041398048,-0.154109656811
36,9,H,10.80080012,14.46261674,12.89320961,1,,0.739632487297,-0.505686044693,0.847562968731
36,10,H,11.14287198,14.64218383,9.71040635,1,,0.800987124443,-0.533769547939,-0.97691488266
36,11,H,12.59790689,10.72555311,12.25829467,1,,2.10116386414,5.54257678986,-5.77950286865
36,12,H,13.33413866,9.80252324,13.36065522,1,,-2.42785406113,1.19033837318,-2.12887215614
36,13,H,8.72110866,10.38993972,11.55746481,1,,3.20860886574,0.638243079185,0.974110841751
36,14,H,6.93728494,10.84942712,11.39482818,1,,-2.31782436371,-1.13492131233,-0.547072649002
36,15,O,12.47618246,16.33675275,8.56259278,-2,,-3.37542486191,-0.339102625847,4.01046037674
36,16,H,10.01521532,16.84337557,10.53992387,1,,0.365485370159,0.805645763874,-0.766920506954
36,17,H,12,12,12,1,,1.65027523041,-0.00102545320988,-1.61722636223
36,18,H,9.1088097,12.21020965,13.46881553,1,,1.45561826229,-3.3801817894,2.5515165329
36,19,O,9.78298427,10.34509619,11.67032275,-2,,-0.500951528549,-0.569556891918,-1.3776679039
36,20,H,11.45733689,16.69497308,9.04943628,1,,4.18337726593,-0.127650648355,-2.70271396637
36,21,H,10.98518467,10.80742692,13.81961629,1,,1.56461215019,-1.24906659126,-0.488535434008
36,22,H,9.17619105,12.26755878,9.0122562,1,,-1.76539039612,0.202117681503,0.970098018646
36,23,O,14.56143995,11.32772347,12.27923054,-2,,-0.57844376564,1.51716017723,4.63696956635
36,24,H,15.62941313,10.99928654,11.00653927,1,,-1.92733669281,0.40837931633,-3.59965324402
36,25,H,7.81627825,11.96437511,10.808464,1,,0.259884297848,-0.0982253700495,-0.0122106261551
36,26,H,11.45987497,12.30164166,11.15707138,1,,1.87473070621,0.0897007212043,-2.48677706718
36,27,H,11.91152461,13.39530902,13.19324192,1,,-0.674069523811,-1.08259642124,0.58318567276
36,28,O,11.76152359,14.25185691,12.83074002,-2,,-1.39404714108,1.56986784935,-0.750647187233
36,29,O,10.34381464,11.21699994,14.36323453,-2,,-1.53359818459,0.432209968567,0.890764176846
36,30,O,12.75399099,11.80058114,15.50412275,-2,,-0.233952477574,-0.818180501461,1.03115069866
36,31,O,7.66620793,11.37898302,11.57515023,-2,,-0.633401989937,0.536448955536,0.148810133338
36,32,O,14.02793836,13.62013701,14.08333991,-2,,1.91872000694,0.115992672741,-1.80425238609
36,33,H,11.1797145,14.44884312,11.12091569,1,,1.62784743309,-0.0710531845689,2.14736199379
36,34,O,8.81383068,12.93833749,13.05849618,-2,,0.321507781744,4.99816513062,-4.2211766243
36,35,O,10.56416185,14.4026097,10.42707985,-2,,-0.469113737345,-0.268416643143,-1.21439874172
36,36,H,12.42688593,11.7272984,14.63352702,1,,-1.15898859501,-0.907659053802,-1.11067450047
36,37,H,13.34427477,12.48462322,15.27481407,1,,1.71487832069,1.48136043549,0.526992917061
36,38,H,14.85038823,13.62532028,13.43345881,1,,-3.09448266029,0.316040098667,1.8344810009
36,39,O,15.22246026,11.07811712,10.03531195,-2,,-2.73831343651,1.43902873993,2.04847788811
36,40,O,12.46094913,12.2789556,10.84921576,-2,,-4.08411741257,-0.442275762558,3.7138094902
36,41,H,14.12071343,11.48967639,10.18887213,1,,5.30144786835,-2.20484304428,-0.673601746559
36,42,H,9.50141548,10.87432786,14.03627695,1,,0.178825184703,-0.41062194109,0.753757238388
36,43,H,9.28468927,12.80596903,12.17238008,1,,-1.60827052593,0.314964950085,1.73683464527
36,44,H,12.62444633,15.86861524,9.43966657,1,,1.08256733418,0.761932492256,-1.85435152054
37,0,O,14.98598969,9.0957558,12.41969253,-2,,1.70186710358,1.10249042511,-0.168819144368
37,1,O,8.86338231,13.02153122,9.56801682,-2,,0.00626483559608,-1.08532786369,-1.83448553085
37,2,H,14.60052134,11.22827242,13.10465784,1,,0.0229274630547,2.07729816437,-3.58315086365
37,3,O,12.60445293,10.27108786,12.65340845,-2,,-5.11060714722,1.75980782509,-2.67782211304
37,4,H,14.09164326,12.20897929,11.84794038,1,,-0.950484275818,1.83755683899,-0.412724018097
37,5,H,9.66124296,13.51377357,9.78044203,1,,-0.0629987716675,0.864064157009,0.799575209618
37,6,H,10.10159033,10.6177719,12.29767901,1,,1.33535540104,0.0726979598403,3.25815868378
37,7,H,10.94893923,14.63185611,12.84234789,1,,-2.05417561531,0.431868433952,0.902872920036
37,8,H,11.28684778,14.74439194,9.50145901,1,,0.341149389744,0.215377211571,-1.53590083122
37,9,H,12.81797449,11.02585075,12.02047016,1,,-0.188120216131,-2.41958856583,0.701131463051
37,10,H,13.32654805,10.12027424,13.15169014,1,,3.46042633057,-1.582249403,2.3633711338
37,11,H,8.78687932,10.79843567,11.41486238,1,,4.11417818069,-1.27612471581,0.00416767597198
37,12,H,6.92187624,10.96292972,11.17300835,1,,3.09468340874,2.28202390671,0.67844337225
37,13,H,12,12,12,1,,-0.221633940935,-0.156086802483,2.33367443085
37,14,H,9.11080421,12.21555966,13.25075033,1,,-0.558509111404,2.77450370789,-1.17863965034
37,15,O,9.84311172,10.50351095,11.44552147,-2,,-2.09540677071,-0.305036604404,-3.75329852104
37,16,H,15.02742404,10.0789448,12.16196152,1,,0.105196796358,-3.01802611351,-0.486510753632
37,17,H,11.10180822,10.80473526,13.85162536,1,,0.325908690691,-0.925214290619,-0.266259998083
37,18,H,9.2364729,12.58784711,8.78267048,1,,-0.952673137188,-0.343935996294,0.230249881744
37,19,O,14.61639887,11.47200433,12.05563747,-2,,2.31043243408,-0.602511823177,4.07642507553
37,20,H,7.90021552,12.07265852,10.62063207,1,,0.848044931889,2.68793058395,-3.7693836689
37,21,H,11.57459635,12.41515111,10.91237449,1,,2.16352462769,0.369134366512,-2.5226931572
37,22,H,11.98832146,13.51404874,13.01658885,1,,-0.672408401966,3.05399417877,-1.44378614426
37,23,O,11.82425131,14.45452523,12.58534106,-2,,2.33558750153,-3.12650752068,0.991127371788
37,24,O,10.41694587,11.37750191,14.19077327,-2,,1.01595008373,0.801852047443,1.21150374413
37,25,O,12.82226991,11.96433443,15.27803707,-2,,0.764384150505,0.640985608101,-0.310767292976
37,26,O,7.79503383,11.57475368,11.36096329,-2,,-8.07220363617,-4.71938705444,2.49220061302
37,27,H,11.29150096,14.55626372,10.91361754,1,,-1.43800091743,-0.1844419837,-0.372930765152
37,28,O,8.90237641,13.10356031,12.82999054,-2,,2.25348138809,-0.807953059673,-1.27330970764
37,29,O,10.62855914,14.56629964,10.15036391,-2,,2.21193313599,0.945654988289,2.04203057289
37,30,H,12.46201963,11.99081268,14.39971743,1,,-0.666716635227,-0.565465211868,-0.244513422251
37,31,H,13.32526606,12.77818901,15.2157545,1,,0.318161934614,0.139226287603,0.753581285477
37,32,O,12.57198334,12.43278636,10.63645689,-2,,-2.39419794083,0.0730442106724,0.0508940443397
37,33,H,9.59066792,11.05897699,13.90048228,1,,-1.09622001648,-1.33980488777,0.179147183895
37,34,H,9.33749369,12.97201541,11.90835951,1,,-1.29743313789,0.368514060974,2.57781672478
37,35,H,15.92519079,8.82730978,12.35617638,1,,-0.897667825222,-0.0403620563447,0.188622966409
38,0,O,15.02828857,9.23567975,12.24043243,-2,,-1.61322796345,3.24878573418,0.139719158411
38,1,O,8.88243346,13.20524369,9.42164788,-2,,-3.59871149063,-3.02571439743,-1.52012729645
38,2,O,13.60040549,9.52111663,9.59880113,-2,,2.62772893906,0.0934727191925,0.432950168848
38,3,H,14.72052892,11.2828293,12.82830173,1,,-0.412644743919,2.15126037598,0.599151849747
38,4,O,12.627178,10.41125008,12.55529295,-2,,0.867896139622,1.77930545807,-1.43268871307
38,5,H,14.53852506,7.59425028,9.65847253,1,,0.283391356468,-0.578651785851,0.668314814568
38,6,H,14.16453795,12.40924273,11.70818272,1,,0.422726035118,-0.0334583520889,0.352421224117
38,7,H,9.44147592,13.85042676,9.7542302,1,,2.02577495575,2.03384518623,0.495590686798
38,8,H,10.13472159,10.75261941,12.23817359,1,,0.0801816880703,-0.732768237591,-2.57489585876
38,9,H,13.15437942,9.02101996,8.38978698,1,,-2.61427688599,0.980072021484,-6.71429729462
38,10,H,10.95559087,14.78837799,12.875396,1,,1.74206280708,0.00712208449841,-1.18276298046
38,11,H,11.41174837,14.78273366,9.26050292,1,,-2.2845146656,-0.269030749798,1.20869684219
38,12,H,12.98763777,11.25075923,11.84539034,1,,-1.62413287163,-4.03660488129,2.26581382751
38,13,H,13.42210257,10.34240721,13.10911381,1,,-0.94150352478,-1.05497765541,0.00820043683052
38,14,H,8.9486252,11.16134524,11.33086768,1,,2.64903497696,-2.31823420525,-0.850104629993
38,15,H,7.01419771,11.18273834,11.06754709,1,,1.87873923779,0.935878694057,0.476916134357
38,16,H,16.0950976,7.82383192,10.11457419,1,,0.132069677114,-0.749190807343,0.777073264122
38,17,H,12,12,12,1,,-1.07994198799,0.837077260017,1.39455831051
38,18,H,9.03634994,12.30136968,13.05455451,1,,-0.228036880493,2.9675886631,-1.15263986588
38,19,O,9.85300421,10.62374896,11.27247742,-2,,1.05559039116,0.869451284409,2.78081846237
38,20,H,15.10124554,10.291893,12.04521411,1,,-0.229822009802,-4.5100312233,-1.0902684927
38,21,H,11.19319723,10.72674997,13.92121933,1,,-2.78716564178,2.33087086678,0.274577051401
38,22,H,9.22084296,12.83842503,8.60925544,1,,0.257433742285,0.0957245305181,0.0203543715179
38,23,O,14.63148985,11.57893886,11.91464857,-2,,1.45314645767,2.28742551804,-0.640340089798
38,24,H,7.96788864,12.25977282,10.32294148,1,,0.28932261467,-0.830846190453,2.03008985519
38,25,O,15.38444528,8.01659605,9.52831016,-2,,1.18237555027,-0.0117049366236,-1.68777704239
38,26,H,11.72308532,12.48372678,10.62469786,1,,-3.3507771492,-0.0371266081929,-0.64773529768
38,27,H,11.97736659,13.71040849,12.81974002,1,,0.00778037309647,1.26978290081,-1.0844925642
38,28,O,11.84635555,14.6120052,12.40809431,-2,,-2.06916117668,-1.07450318336,2.37345504761
38,29,O,10.44997746,11.50770946,14.07581504,-2,,0.970930337906,-3.39367771149,-0.557016551495
38,30,O,12.84094983,12.09308966,15.12040587,-2,,1.51818013191,3.91907167435,-1.66283273697
38,31,O,7.85568213,11.71919721,11.22129551,-2,,-6.57709789276,0.732350409031,-3.28556013107
38,32,H,12.65868579,8.15465464,6.73510043,1,,0.299972772598,1.65303611755,1.09958648682
38,33,H,11.2974491,14.61191152,10.76746618,1,,-1.97728121281,0.27105897665,-1.30313754082
38,34,O,8.95172649,13.22948108,12.66440536,-2,,0.0715638846159,-0.456472933292,4.02210760117
38,35,O,10.65554634,14.69352897,9.94455531,-2,,5.49702167511,1.16014325619,0.595080733299
38,36,H,12.42880644,12.15783469,14.19429168,1,,0.845579981804,0.0482418686152,2.37197351456
38,37,H,13.3325197,13.05077,15.25166872,1,,-1.95780646801,-3.7472679615,-0.541359066963
38,38,H,13.20346546,9.75205282,10.48139406,1,,0.940963149071,-0.746698141098,-1.52735710144
38,39,H,14.74551134,9.1887541,9.60301624,1,,-5.20588302612,1.36538016796,0.668285369873
38,40,O,12.62622482,12.54733403,10.50064878,-2,,3.4875369072,0.238429740071,-0.77408349514
38,41,H,9.57003776,11.10484667,13.82157504,1,,1.77568864822,0.0613120943308,1.13804221153
38,42,H,9.27634815,13.13267526,11.81429297,1,,0.814042568207,-0.226348981261,-2.25173974037
38,43,O,12.7623841,9.05543223,7.15430043,-2,,2.14778590202,-2.06771397591,6.13975858688
38,44,H,15.92264436,9.06663112,12.19312896,1,,3.22746515274,-1.43566346169,0.147680029273
39,0,O,15.02076178,9.36584029,12.13729067,-2,,2.01655387878,-7.06899118423,1.46981275082
39,1,O,13.60404198,9.62357698,9.52795512,-2,,-3.00361680984,-1.1138677597,-3.12963032722
39,2,H,14.78340687,11.41683575,12.7273746,1,,0.261492043734,1.22093153,2.51427459717
39,3,O,12.60551381,10.53283331,12.53394526,-2,,4.37517023087,0.47243976593,1.18475306034
39,4,H,14.18111805,12.58446272,11.65325407,1,,1.14680576324,-2.06936240196,0.846103072166
39,5,H,10.14513387,10.83518866,12.15255698,1,,0.206828132272,-0.828141212463,-2.52585506439
39,6,H,13.10724346,9.13036888,8.38315442,1,,-0.397324502468,2.6320168972,-2.55274033546
39,7,H,10.98736423,14.94368766,12.91679277,1,,2.48613452911,0.0478813201189,-2.03321480751
39,8,H,13.03788255,11.26679851,11.85677228,1,,-1.61089253426,-3.3173789978,1.92920899391
39,9,H,13.46494595,10.49614293,13.17336396,1,,-3.82642173767,-0.8674903512,-1.88810777664
39,10,H,9.14960339,11.43144772,11.28113702,1,,0.740375936031,-1.56476998329,-0.687334597111
39,11,H,7.10643044,11.43305602,11.07972566,1,,-6.72218990326,-3.8065776825,-0.761035680771
39,12,H,12,12,12,1,,-1.40166127682,1.87249720097,-0.0417213141918
39,13,O,9.82687862,10.71752956,11.1882018,-2,,2.22368955612,0.594701290131,2.99461698532
39,14,H,15.11631588,10.21626522,11.97889708,1,,-0.272263735533,5.97510719299,-2.30399513245
39,15,H,11.09409758,10.77263139,14.08811785,1,,-1.70599889755,2.56958627701,-0.290900111198
39,16,O,14.60941069,11.66569825,11.85717935,-2,,0.37565985322,4.40475845337,-3.51917791367
39,17,H,8.00823003,12.38915888,10.18065384,1,,-0.933042407036,-2.3510684967,4.16350507736
39,18,H,11.68318262,12.50505049,10.37354704,1,,0.584072589874,0.321182489395,-0.145313948393
39,19,H,11.92806723,13.89671425,12.63780309,1,,0.909557700157,-3.50700426102,0.582792699337
39,20,O,11.82033014,14.74007788,12.32151979,-2,,-3.57182073593,3.79061985016,1.50953555107
39,21,O,10.44966506,11.60284689,14.03072489,-2,,-1.56626820564,-4.51580142975,-0.307578086853
39,22,O,12.81778066,12.2066099,15.04511894,-2,,1.52737605572,2.0978345871,0.788588643074
39,23,O,7.8592399,11.8396852,11.15882639,-2,,4.60387611389,8.10638618469,-3.71058559418
39,24,H,12.56962082,8.30391457,6.66186389,1,,0.575239777565,2.6793847084,1.40468430519
39,25,H,12.41309428,12.27496948,14.16706454,1,,0.223963797092,0.484569251537,0.525449872017
39,26,H,13.2257091,13.1012022,15.33980327,1,,-1.30044960976,-2.42765808105,-1.22927331924
39,27,H,13.11424419,9.79439097,10.36804112,1,,1.32585990429,-0.588931143284,-0.741486907005
39,28,H,14.49238462,9.30316558,9.5090373,1,,0.524580895901,-0.0949960723519,1.11395466328
39,29,O,12.64322869,12.63186594,10.45847895,-2,,-0.492078483105,-0.449728518724,-0.257863938808
39,30,H,9.55428571,11.09065539,13.85005171,1,,2.54834842682,1.87360107899,0.847617864609
39,31,O,12.75593513,9.22917859,7.07000305,-2,,0.865912258625,-3.47317171097,4.0023856163
39,32,H,15.98661727,9.19903377,12.12739412,1,,-0.717470109463,-1.09855651855,0.248530909419
40,0,H,10.51647556,12.09969876,6.47000556,1,,3.78515148163,2.37832975388,1.20144116879
40,1,H,11.16566502,14.25053969,9.35611645,1,,-0.601450681686,-1.51057696342,0.13968154788
40,2,O,7.6554272,12.00865242,12.27526221,-2,,4.4722070694,-1.20488321781,1.22528743744
40,3,O,16.00539792,13.92581498,15.38297271,-2,,-0.878419995308,2.00057530403,-1.54094707966
40,4,H,16.25139955,14.8313303,15.58007863,1,,0.594360411167,0.0989130362868,0.521774291992
40,5,O,11.97296894,8.56191051,8.88353384,-2,,-0.185397624969,2.44102787971,0.766304135323
40,6,H,15.62859563,9.01422896,11.76245783,1,,-4.15833806992,-0.565339326859,-4.07226848602
40,7,O,11.20427411,8.23380193,16.82774755,-2,,-0.986446857452,0.5122590065,-2.66213560104
40,8,H,14.15914252,11.71386238,12.60812816,1,,1.94332921505,-3.74656677246,-0.252596497536
40,9,H,14.20203092,13.75763173,14.77395705,1,,-1.95246839523,0.699397087097,1.02723157406
40,10,O,10.24797823,11.54416797,12.05273363,-2,,5.80904960632,2.83822154999,-0.470287889242
40,11,H,9.44649772,11.22042221,12.00364487,1,,-5.73920583725,-2.31570339203,-1.28122639656
40,12,H,14.68959631,11.03016353,10.05881774,1,,0.119852632284,-1.23276162148,-0.770499110222
40,13,H,11.53948422,9.8788404,10.63662047,1,,0.257035285234,0.178187355399,-0.509970247746
40,14,H,12.03676952,12.87155619,13.31713463,1,,-1.85841393471,0.825162112713,1.36677753925
40,15,O,10.89943839,14.81776896,11.22859136,-2,,-2.95118284225,2.29197645187,2.8651137352
40,16,H,16.82426539,9.60173168,12.00649462,1,,0.791364908218,0.2149091959,0.562917709351
40,17,H,12.14776525,13.19823191,6.92054777,1,,-2.65005159378,-2.14640212059,-1.08540391922
40,18,H,10.24040219,7.38170122,10.18170793,1,,1.41953444481,-2.44950485229,-0.621770977974
40,19,H,13.50482327,12.68222339,13.86201621,1,,0.0726376771927,0.484028548002,0.929468989372
40,20,O,10.98373582,6.74740578,9.87032139,-2,,-8.40890312195,-5.32321214676,4.80920886993
40,21,H,10.99815833,15.59956485,10.74587236,1,,0.0983371809125,1.91432273388,-0.529781937599
40,22,H,12,12,12,1,,2.81519150734,11.7833013535,-9.51240825653
40,23,H,10.43196357,15.00770912,12.19856104,1,,1.45910596848,-1.07530200481,-2.2759847641
40,24,O,12.14438486,9.44795249,11.25327059,-2,,3.40732908249,-1.66942048073,-0.688860297203
40,25,O,11.25790667,13.13406616,13.91916611,-2,,3.4888215065,3.9264087677,-1.09984087944
40,26,H,13.11845829,8.50969411,14.83701208,1,,-2.02388644218,-0.787335455418,-1.30000770092
40,27,O,12.34699021,12.95386015,11.12805742,-2,,-6.68080472946,-12.2142810822,4.5197687149
40,28,H,12.53989933,10.38486123,12.51123882,1,,-0.0835938900709,-2.33129787445,-1.50493335724
40,29,O,10.90244443,13.32165123,9.18997987,-2,,-2.21368694305,3.74911928177,-0.278473138809
40,30,H,11.65378832,8.51960206,15.82765973,1,,-1.10118079185,-1.42853415012,2.31614732742
40,31,O,14.88261286,11.90375112,10.33923524,-2,,-2.13460755348,1.56077885628,0.690296769142
40,32,H,10.87460398,12.32662515,13.95124341,1,,-2.35183954239,-3.28981971741,0.330439448357
40,33,H,15.38426564,14.11130121,14.58560224,1,,3.41323161125,-0.42390859127,1.4936196804
40,34,H,8.28916816,11.20137144,12.4221751,1,,-3.22695302963,1.79156315327,-0.235665053129
40,35,O,10.67197786,10.17477867,14.46126225,-2,,-1.18929934502,1.00599932671,2.3176240921
40,36,H,10.84512624,9.90613326,13.58324838,1,,-0.231933608651,0.494990348816,-1.02327311039
40,37,H,12.00659626,9.29743067,9.57836456,1,,1.17929029465,-2.15726089478,-4.14048671722
40,38,H,11.75488761,8.94430802,14.02776967,1,,2.23316073418,-2.81029272079,1.84435033798
40,39,O,14.91743232,10.94241802,12.67389222,-2,,0.624517083168,0.0286921262741,-1.12645149231
40,40,H,5.44253689,10.52230762,13.10919114,1,,0.820386469364,0.709215164185,-4.13968753815
40,41,H,11.60073945,14.14234199,11.07644417,1,,0.764467537403,-0.547733545303,1.83886051178
40,42,H,13.99973766,12.14783899,10.78483879,1,,1.69757008553,0.323966145515,-1.43246042728
40,43,O,11.33497787,12.56529967,7.0667189,-2,,-0.535017073154,-0.872564077377,-2.47728776932
40,44,O,14.27412164,12.9162723,14.37406007,-2,,-1.02840828896,-2.87501621246,-1.73890757561
40,45,H,10.92338162,13.24471888,8.22931532,1,,0.0864707380533,-1.45693171024,-1.05348014832
40,46,O,5.74730693,10.75693189,12.10185209,-2,,-1.35712087154,-1.2682158947,4.68045902252
40,47,H,12.46022156,8.50844215,8.07296347,1,,0.60219925642,1.14065778255,-0.201627731323
40,48,H,11.85005349,7.81265596,17.40741894,1,,-0.414565443993,-0.381967246532,-0.143144309521
40,49,H,14.91661956,10.83802724,13.60592416,1,,0.260831683874,0.145984187722,1.52742302418
40,50,O,12.76956817,11.09563585,13.00393901,-2,,0.496249079704,3.42769575119,4.40292310715
40,51,H,7.88627782,12.37990567,13.13284362,1,,-0.29171988368,0.997884273529,0.198926955462
40,52,H,13.15967267,9.39636963,10.86920163,1,,-4.10916233063,0.229059398174,0.910191774368
40,53,H,14.73951652,9.96884664,12.34487455,1,,-0.133307784796,3.24963831902,0.926717221737
40,54,H,6.5819514,11.33531771,12.31992921,1,,-2.25656580925,-0.951354265213,-0.832445561886
40,55,H,11.36459706,10.81812856,14.71865183,1,,-0.477322071791,-0.844282269478,-0.544678866863
40,56,O,16.28101122,8.87970486,12.32880392,-2,,4.33946752548,-1.07752096653,2.97949886322
40,57,H,11.48438611,7.36497691,9.5935003,1,,5.64099884033,5.13527297974,-3.06661748886
40,58,H,10.78587421,10.87104232,11.65790887,1,,-0.0254690647125,-0.464826285839,-0.430710852146
40,59,O,12.20227378,8.16569841,14.5259252,-2,,1.73684573174,2.26251077652,-0.453752666712
40,60,H,10.37300734,7.70508309,16.53404058,1,,2.00126314163,0.7755895257,1.16458451748
40,61,H,11.51203995,12.71759155,10.23615722,1,,5.80646562576,-0.192819833755,5.94103717804
41,0,H,10.44571514,11.88772161,6.27555137,1,,3.77996778488,1.78957629204,1.87058842182
41,1,H,11.16392683,13.8790396,9.32105255,1,,-0.622429013252,-1.44323182106,-1.69286847115
41,2,O,7.5364936,11.67959255,12.22445873,-2,,2.35040235519,-4.28742599487,-1.36639690399
41,3,O,15.91755861,13.57419211,15.27589722,-2,,4.02295875549,-0.418986022472,4.00099754333
41,4,H,16.13246239,14.44479522,15.53994868,1,,0.380324721336,1.24110853672,0.32216578722
41,5,H,8.50761106,12.21981044,10.90227331,1,,0.356173306704,1.67865335941,-1.72009849548
41,6,O,11.90665676,8.23870476,8.79262348,-2,,-0.151968538761,-1.21524250507,-1.72524154186
41,7,H,15.45636398,8.73560567,11.45198808,1,,3.00029039383,-1.5467466116,2.47521448135
41,8,H,14.11052581,15.91760524,14.16247278,1,,0.651216924191,-1.31630694866,2.19852590561
41,9,H,14.10151653,11.15051695,12.51284694,1,,-2.28005194664,0.913982868195,-0.305977314711
41,10,H,14.07551616,13.40121894,14.68734974,1,,-2.23726630211,0.730881750584,0.712961435318
41,11,H,13.16903624,15.73876722,15.17084445,1,,-4.73311901093,2.7789106369,2.19815993309
41,12,O,10.23521616,11.20305988,12.01119178,-2,,-5.84978818893,-0.383638888597,1.66084110737
41,13,H,9.24590313,10.85762873,12.01066979,1,,4.299700737,1.20005381107,-0.425133317709
41,14,H,14.50769313,10.66001302,9.95963556,1,,0.802638292313,0.854009270668,-0.0363949425519
41,15,H,11.54383752,9.59082885,10.55375582,1,,-0.605802178383,1.36120462418,-0.586592614651
41,16,H,12.03186391,12.50365141,13.23482126,1,,-2.53802728653,2.00322747231,2.31088447571
41,17,O,10.76895051,14.41977405,11.14859308,-2,,0.292431145906,3.07601165771,1.27189564705
41,18,H,16.85591073,9.14814566,11.90319255,1,,-0.798197984695,-0.937721550465,0.861115217209
41,19,H,12.10846119,12.78021605,6.85803339,1,,-3.02798604965,-1.78441262245,-0.623037934303
41,20,H,10.22630572,6.85489829,10.17665937,1,,-3.12556362152,1.25401806831,1.86505222321
41,21,H,13.38127141,12.2417726,13.76891421,1,,2.87392354012,1.25238060951,1.98824834824
41,22,O,10.9076976,6.42744858,9.76755942,-2,,3.01583480835,-1.31309056282,-1.21452915668
41,23,H,10.87454658,15.26098864,10.67407681,1,,0.883656203747,-0.396921217442,-0.492217153311
41,24,H,12,12,12,1,,1.95702981949,1.56939184666,-4.24816703796
41,25,H,10.24977097,14.76675048,11.89604328,1,,0.217383563519,-1.0059325695,0.257283121347
41,26,O,12.00724257,9.06407674,11.17805058,-2,,-0.024732992053,-1.36726903915,0.750335991383
41,27,O,11.16472231,12.76450755,13.81658091,-2,,2.49129533768,-1.17399382591,-1.62182462215
41,28,O,12.31165681,12.57653329,11.05200333,-2,,-4.40618276596,-3.76803994179,0.695681989193
41,29,H,12.20642761,9.9516834,12.42614197,1,,2.14037561417,2.6636903286,1.75947201252
41,30,O,10.89431958,12.97291911,9.052416,-2,,0.0950257927179,1.39135849476,4.41419887543
41,31,O,13.49408182,14.3351333,12.84419065,-2,,-1.93132948875,-1.51135385036,-5.20426082611
41,32,H,9.35919108,13.02518818,11.75769498,1,,-0.46262472868,0.581663191319,-4.19871997833
41,33,O,14.79773337,11.53904991,10.2833159,-2,,0.266027539968,-1.59480190277,-1.53800988197
41,34,H,10.93004459,11.82619648,13.71163805,1,,-0.752699434757,0.488218963146,0.836593151093
41,35,H,15.38233773,13.58119077,14.55860035,1,,-0.89779561758,-0.0725514441729,-3.56563854218
41,36,H,8.08013709,10.73408492,12.25137091,1,,-2.75350761414,2.75941252708,0.399064391851
41,37,H,11.8759835,8.90963406,9.39651432,1,,0.847501993179,2.73841786385,0.0627847015858
41,38,O,14.84319174,10.61419979,12.61420267,-2,,4.674015522,-5.77920055389,3.65067434311
41,39,H,5.35770151,10.15957505,12.91125025,1,,-0.192937925458,-0.0662569329143,-0.202842488885
41,40,H,11.5098997,13.60074875,11.25727816,1,,-0.240150630474,1.8358052969,-0.0564298331738
41,41,H,13.99161808,11.78906335,10.7143697,1,,-1.1911137104,1.21947789192,0.535744786263
41,42,O,11.2282207,12.2283446,6.98915043,-2,,-0.371371537447,-1.31126666069,-4.30684518814
41,43,O,14.2159807,12.55317621,14.3150758,-2,,-2.95641469955,-4.2887005806,-2.20524287224
41,44,O,9.08987629,12.99140521,10.70874636,-2,,-1.84575164318,-1.36610209942,4.59462976456
41,45,H,10.80426788,12.56634736,8.20061127,1,,0.371716916561,0.583429336548,-1.75101542473
41,46,O,5.65462391,10.39662697,12.02670392,-2,,0.0911991596222,-0.197396248579,0.255456835032
41,47,H,12.32285547,8.18866445,7.97100674,1,,1.04042220116,0.931086361408,-1.33928465843
41,48,H,14.80219366,10.29052434,13.6460781,1,,0.250383913517,1.85853981972,-3.29357218742
41,49,O,13.80055174,15.1269529,15.03208322,-2,,4.54778575897,1.04926526546,-1.52281010151
41,50,O,12.69950494,10.79101824,12.89216107,-2,,-3.87874269485,-2.26514005661,0.0899903178215
41,51,H,7.8354763,12.10907499,12.9688537,1,,0.903216600418,1.82609260082,2.82514810562
41,52,H,12.90690712,8.97105714,10.8520257,1,,0.286647737026,-0.0773692280054,0.244366928935
41,53,H,14.58534873,9.5150771,12.24695226,1,,0.295314759016,2.94249558449,0.761420369148
41,54,H,6.49088157,11.04579668,12.17839432,1,,-3.12808680534,-1.17365503311,-0.170563399792
41,55,O,16.17487768,8.49011264,12.21761446,-2,,-1.40047097206,1.41648578644,-3.8863761425
41,56,H,11.4883374,7.2607777,9.42885244,1,,-1.45303440094,-3.22466278076,0.643183469772
41,57,H,10.71709217,10.51657414,11.65788637,1,,1.6944668293,-2.58814811707,-1.09987545013
41,58,H,12.78680818,14.84406751,12.42722672,1,,-0.0332341939211,-0.430797457695,-0.408860892057
41,59,H,13.77424061,14.90008945,13.48306014,1,,0.862597644329,0.945506453514,2.06836605072
41,60,H,11.35504576,12.30347431,10.28228394,1,,4.14845657349,1.37200582027,2.22778058052
42,0,H,14.68214769,12.80338826,11.01325664,1,,-0.854029417038,1.14473676682,0.377800136805
42,1,H,14.0861004,14.5585024,10.67853584,1,,2.19680166245,-4.45752382278,0.685592770576
42,2,H,8.27298091,11.91239483,10.9733583,1,,-2.12504267693,-1.92986011505,0.00611459463835
42,3,H,14.2711256,15.58389907,14.39609538,1,,0.081426024437,-0.849453985691,1.31650209427
42,4,H,13.75504692,10.59810664,12.57125107,1,,-1.36347699165,0.340007573366,0.378056675196
42,5,H,13.72765461,13.05050119,14.7884319,1,,0.591366410255,-2.47987127304,-0.911139130592
42,6,H,12.86024297,15.49140173,15.1081155,1,,0.949708223343,-1.84619760513,0.883343338966
42,7,O,10.09270427,10.83597367,12.15027302,-2,,-2.49375653267,-4.31550884247,-0.796730399132
42,8,O,15.83368432,13.03664997,7.82946764,-2,,-0.930743932724,0.136789470911,-3.49444103241
42,9,H,16.57321413,12.67053373,7.37776122,1,,0.970658838749,-0.144707083702,0.566742897034
42,10,H,9.1364003,10.48000442,12.17738738,1,,2.17298221588,0.787452459335,-0.0040699467063
42,11,H,14.25106273,10.31257192,10.06191043,1,,0.614218890667,0.291001260281,-0.35087993741
42,12,H,11.7724113,12.21908039,13.45852328,1,,2.45723032951,1.05968010426,-0.271741390228
42,13,O,10.52456076,14.00728881,11.2512434,-2,,0.932643532753,5.25499820709,-1.31991815567
42,14,O,13.59625041,12.49633925,8.73451636,-2,,5.94024467468,0.803440511227,-5.80126094818
42,15,H,13.27240227,11.82370301,13.96102833,1,,-0.0945530831814,0.0396800339222,0.031877502799
42,16,H,10.68147696,14.88209575,10.74011342,1,,0.72804671526,-2.61828899384,0.423226177692
42,17,H,12,12,12,1,,0.0247350633144,-3.34881210327,6.55666542053
42,18,H,9.92245329,14.44816112,11.82231979,1,,-1.17063951492,-0.387720555067,1.51566171646
42,19,O,10.96795591,12.36663894,13.88637206,-2,,-2.72836112976,-3.68579816818,0.449218630791
42,20,O,12.14333069,12.16834759,11.1566834,-2,,-4.65948104858,3.16742372513,-7.51385545731
42,21,H,12.97956511,12.74834092,9.30179461,1,,-3.21014332771,2.17359542847,3.64590167999
42,22,H,11.90389805,9.65378893,12.57886072,1,,2.76243305206,2.79776144028,1.64548826218
42,23,O,13.29291747,13.93102896,12.97125236,-2,,-1.29572713375,3.06271505356,-0.754277944565
42,24,H,9.48341446,12.58575343,11.69084361,1,,-2.54605317116,-0.131576612592,-3.53383302689
42,25,O,14.59983472,11.14407688,10.40890138,-2,,0.779966533184,-1.8811674118,0.260978996754
42,26,H,10.78154419,11.28951131,13.67318078,1,,-0.248154312372,4.37298202515,1.30731022358
42,27,O,14.74832164,13.68817663,10.63520333,-2,,0.181706011295,4.73409748077,-1.0404343605
42,28,H,15.88578361,13.29163309,8.70760489,1,,2.19803333282,0.45055308938,2.94104528427
42,29,O,14.67118187,10.23994672,12.73687148,-2,,1.78016841412,-7.01152515411,2.51918554306
42,30,H,11.40019234,12.98068031,11.60479837,1,,2.44757652283,-0.257584184408,-2.33077812195
42,31,H,13.80169887,11.44779859,10.83140629,1,,-0.889119267464,0.32017749548,-0.0910242274404
42,32,H,14.54574251,13.13083074,8.68279935,1,,-6.33269309998,-3.06945133209,0.526927888393
42,33,O,14.03438389,12.14864919,14.42823452,-2,,0.0333705097437,1.53305220604,2.1093006134
42,34,O,8.82792985,12.61587479,10.77916286,-2,,2.68153190613,1.16257762909,2.91665697098
42,35,H,14.5583509,9.79895463,13.70367545,1,,0.670730113983,2.61211776733,-2.00079917908
42,36,O,13.60227749,14.80535922,15.16230305,-2,,-0.312754958868,4.30365991592,0.0681006908417
42,37,O,12.50079528,10.45215838,12.95952879,-2,,-3.24382996559,-3.68450188637,-0.915797948837
42,38,H,14.33313211,9.24168362,12.39891532,1,,1.46688890457,2.84029340744,-0.0950642228127
42,39,H,10.59451258,10.03232817,11.78195581,1,,-1.35571742058,1.93870937824,0.292335063219
42,40,H,12.51605709,14.35373691,12.51231239,1,,1.37555241585,-0.497470021248,0.751976966858
42,41,H,13.59941213,14.65800494,13.72340098,1,,-1.43794620037,-3.00555992126,-2.56573009491
42,42,H,11.24888601,11.91275237,10.56005401,1,,3.25420355797,0.275076985359,1.61576366425
43,0,H,14.31675881,12.6399026,10.73869128,1,,-0.63055062294,0.373145848513,0.423243492842
43,1,H,13.89748294,14.30169884,10.4164656,1,,1.67913591862,-3.26332426071,0.63855355978
43,2,H,7.92390915,11.71034109,10.80383053,1,,0.359048604965,0.333352923393,-0.0873379856348
43,3,H,13.19534761,10.27969548,12.39824394,1,,-1.34773302078,0.573668003082,-0.015370093286
43,4,H,13.35002915,12.78587299,14.59305893,1,,1.55835533142,-2.19359946251,-0.265983551741
43,5,O,9.9060306,10.64830317,12.02939131,-2,,3.96850800514,-1.62435126305,-1.4571634531
43,6,H,9.09106577,10.3060102,12.09265217,1,,-5.28881072998,-1.39357101917,0.576141238213
43,7,H,13.9803896,10.16165291,9.93168258,1,,-0.127102792263,-1.21456646919,-1.12407565117
43,8,H,11.61194886,12.18039888,13.43029656,1,,1.2866256237,0.67239511013,0.512615561485
43,9,O,10.24995915,13.79950177,11.09845353,-2,,-1.61315798759,5.0267162323,1.92224276066
43,10,O,13.35287987,12.30060759,8.61773786,-2,,-7.99443054199,-4.16432952881,-1.39691877365
43,11,H,13.09671879,11.55873215,13.88102318,1,,-2.33174705505,-1.95364785194,-1.48602962494
43,12,H,10.48755573,14.5759114,10.56574345,1,,0.551433742046,-0.701396107674,-0.261872470379
43,13,H,12,12,12,1,,-0.0668637603521,-1.57341599464,-1.15935730934
43,14,H,9.47332028,14.28206612,11.61205481,1,,1.9771361351,-2.07608175278,-1.09132766724
43,15,O,10.72333895,12.14563171,13.70442114,-2,,-1.6196693182,-1.19866859913,0.69596517086
43,16,O,11.92708619,11.9573725,10.9925639,-2,,1.40274095535,4.6990814209,3.74883174896
43,17,H,12.83772348,12.70496542,9.31477669,1,,0.0138202905655,-0.199139043689,-0.12222314626
43,18,H,11.72809059,9.67600351,12.51598039,1,,-4.11764717102,-5.43257522583,-2.22871088982
43,19,O,13.0463911,13.72307505,12.84090998,-2,,0.449193477631,2.45446610451,1.61769294739
43,20,H,9.37805447,12.33853138,11.13715991,1,,-2.32016968727,-0.461664199829,-0.977902173996
43,21,O,14.36399542,10.9371674,10.2846305,-2,,-0.32744500041,0.0315535366535,2.06105995178
43,22,H,10.55876931,11.18163612,13.42740355,1,,-0.20317196846,2.41088891029,0.90115571022
43,23,O,14.54640656,13.4955422,10.41517292,-2,,0.35250210762,4.83606958389,-0.511389017105
43,24,O,14.46852097,10.03841645,12.60829607,-2,,3.77851915359,0.626290738583,1.20706641674
43,25,H,11.25894588,12.64944045,11.59537732,1,,2.20107007027,-1.61897587776,-2.70930099487
43,26,H,13.53549987,11.3139732,10.70308393,1,,1.14762878418,-0.6828379035,-1.12773346901
43,27,H,14.0353408,12.79659095,8.54083246,1,,6.76845359802,4.54129362106,-0.610652625561
43,28,O,13.80899482,11.93432402,14.29276584,-2,,1.47563719749,3.26699256897,3.36003875732
43,29,O,8.53610672,12.43098664,10.60402744,-2,,-0.292157649994,-0.942171990871,0.454256743193
43,30,H,14.2950243,9.5881584,13.41717685,1,,0.835580587387,0.871823072433,2.78540492058
43,31,O,12.25479224,10.2950624,12.77378107,-2,,3.36729645729,4.55507946014,3.29426956177
43,32,H,14.10950772,9.2707116,12.30063993,1,,-0.19882324338,-3.5462679863,-3.34060239792
43,33,H,10.35862037,9.82894881,11.68298367,1,,-0.443056106567,1.39375805855,-0.0407380759716
43,34,H,12.26851861,14.05246724,12.38614305,1,,-0.125920414925,0.843268871307,0.0808736160398
43,35,H,13.28912222,14.42055819,13.56338342,1,,-0.87210059166,-1.69452238083,-2.31081867218
43,36,H,11.16822137,11.72269495,10.55637242,1,,-3.25212907791,-1.5747385025,-1.95390510559
44,0,H,13.88440719,12.64756796,10.41530342,1,,0.668794155121,1.08642148972,-0.124057732522
44,1,H,13.70112505,14.09221379,10.08987436,1,,-5.33682632446,5.81343412399,0.0668534561992
44,2,H,12.64489775,10.13539389,12.10735458,1,,8.89836120605,-1.33853495121,-5.04726028442
44,3,H,12.98926284,12.62450161,14.31292018,1,,0.10319173336,1.14671111107,1.04954147339
44,4,O,9.670063,10.62149133,11.82486058,-2,,-5.19386005402,-0.785454630852,-0.0285295471549
44,5,H,8.75274729,10.23257421,11.96236942,1,,0.953041613102,1.43183457851,-0.0457623265684
44,6,H,13.63562202,10.09762851,9.71457418,1,,0.957305133343,1.07447707653,-0.108588546515
44,7,H,11.47988567,12.33881763,13.34790142,1,,-4.93304347992,-0.960993409157,1.02356529236
44,8,O,9.91653073,13.76870111,10.8794179,-2,,-4.17062711716,0.681229710579,2.72073698044
44,9,O,13.02787228,12.25695375,8.42098084,-2,,-2.97577428818,2.97448587418,1.20322906971
44,10,H,12.76540982,11.34907879,13.64621296,1,,2.64059019089,0.690588533878,1.26469087601
44,11,H,10.27490267,14.40533503,10.30631114,1,,0.431439042091,1.44533622265,-1.18622493744
44,12,H,12,12,12,1,,1.25587511063,-0.344105124474,-0.573955178261
44,13,H,9.03401171,14.16701965,11.31800107,1,,3.21385097504,-1.25431013107,-1.54579615593
44,14,O,10.41525259,12.08853172,13.45263171,-2,,5.03169488907,9.16075134277,3.99410820007
44,15,O,11.66147832,11.92184408,10.75951827,-2,,-2.21447992325,3.95246458054,1.89473581314
44,16,H,12.54886656,12.83051721,9.29455273,1,,1.38093018532,-2.66777849197,-3.80376839638
44,17,H,11.34777044,9.60851751,12.24929463,1,,0.665109872818,0.801602721214,1.16843032837
44,18,O,12.7363246,13.67755232,12.62977223,-2,,-1.00044023991,-3.60195302963,-4.32153606415
44,19,O,14.06679638,10.89915352,10.09271923,-2,,0.00828043371439,-2.8795633316,0.0266876518726
44,20,H,10.23514226,11.31917599,13.11165709,1,,-1.02675116062,-5.7958612442,-2.51097583771
44,21,O,14.28851057,13.4714145,10.12313056,-2,,6.40193128586,-4.61101341248,1.12134170532
44,22,O,14.21216868,10.00721977,12.4039407,-2,,1.57098722458,-1.9746222496,0.237214580178
44,23,H,10.98087349,12.61151992,11.40391814,1,,1.60239958763,-2.28830313683,-2.93450737
44,24,H,13.27618088,11.29605871,10.4611632,1,,-0.384620338678,-0.16471208632,-0.0330269187689
44,25,H,13.80135795,12.81533896,8.27132036,1,,-0.264840483665,-0.509281873703,0.0542132332921
44,26,O,13.52189434,11.88693421,14.0899235,-2,,-1.6897560358,-2.44679832458,-0.41040340066
44,27,H,14.01650673,9.56310845,13.22385494,1,,0.622187495232,0.579521775246,1.74760198593
44,28,O,11.95270524,10.3179307,12.52744225,-2,,-10.1379299164,-1.47968196869,5.06848239899
44,29,H,13.82091222,9.26845801,11.92721896,1,,1.07773041725,-0.105146571994,-1.36081886292
44,30,H,10.02992699,9.8419393,11.50658423,1,,1.3970760107,-2.01842284203,-1.61540842056
44,31,H,11.9563506,13.9786795,12.18633985,1,,-0.758480548859,0.861968398094,-0.517864763737
44,32,H,12.87961362,14.26089165,13.27565939,1,,1.09366440773,3.82077527046,3.91416954994
44,33,H,10.83834716,11.60780901,10.33755245,1,,0.112991958857,-0.295064896345,-0.387118458748
45,0,H,13.48136057,12.76110462,10.14616688,1,,1.18908286095,0.58398193121,0.0933953523636
45,1,H,13.28958341,14.21504355,9.80939328,1,,2.48277497292,-1.35945546627,0.889437794685
45,2,H,13.682984,14.91097522,14.80792297,1,,4.03511047363,1.25861096382,-0.539309322834
45,3,H,12.11167338,17.31276941,9.18025258,1,,1.40473675728,-0.101624444127,-0.363539814949
45,4,H,12.44291424,10.05312841,11.69215582,1,,-3.03015708923,2.90441703796,3.50407886505
45,5,H,12.61473121,12.63472899,14.13336764,1,,0.230609998107,0.41833460331,0.480774104595
45,6,H,12.16391213,15.33244688,14.1724008,1,,0.0893048048019,2.24764037132,-0.539706647396
45,7,O,9.39828956,10.68587436,11.66824292,-2,,-6.12173366547,-3.77963399887,-1.58136129379
45,8,H,8.38665462,10.29561897,11.87723778,1,,2.79725766182,1.77369201183,-0.47545415163
45,9,H,13.28903854,10.13042378,9.57411921,1,,1.46247911453,1.73234415054,0.343084871769
45,10,H,11.08152471,12.53872441,13.35900201,1,,-4.15586853027,-2.14790773392,-0.568287193775
45,11,O,13.11572787,15.2676413,8.80946108,-2,,0.0491538345814,3.34224152565,-3.26563858986
45,12,H,12.52826952,11.23838288,13.51244929,1,,2.16252350807,1.83803510666,1.12923908234
45,13,H,12,12,12,1,,2.38430142403,-0.0141947865486,0.610458254814
45,14,O,10.10196009,12.14852702,13.2658233,-2,,1.55618786812,2.97416543961,1.78916287422
45,15,O,11.37118977,11.98928499,10.59123796,-2,,-8.03363037109,2.03635501862,-2.22937726974
45,16,H,10.95267259,9.58728735,12.02007186,1,,2.30353283882,2.66481542587,2.44552469254
45,17,H,12.91517467,16.39781969,8.01949446,1,,-0.21758466959,0.893576264381,2.45493888855
45,18,O,12.397457,13.70922795,12.45413763,-2,,-2.392567873,1.79181933403,-0.854367017746
45,19,H,11.85628007,18.13531654,8.01854764,1,,2.60322570801,-0.992095351219,0.12436914444
45,20,O,13.74826922,10.94934567,9.95480708,-2,,0.343540430069,-4.15805435181,-2.54728603363
45,21,H,9.8508113,11.31294126,12.72592119,1,,1.82218182087,1.70704841614,1.32154107094
45,22,O,14.02531618,13.52057403,9.89344942,-2,,-1.8759469986,-0.119183927774,0.679981470108
45,23,H,12.85913715,14.55662911,8.30742669,1,,0.101109966636,-2.62219977379,-2.6746878624
45,24,O,13.93332871,10.06740281,12.2489821,-2,,0.297943919897,-4.85953330994,0.123394697905
45,25,H,10.68615783,12.65624668,11.13215543,1,,2.74081349373,-2.00492596626,-1.54858779907
45,26,H,12.98104572,11.3508039,10.27475488,1,,-1.88321149349,1.10670673847,0.952176451683
45,27,O,13.20171712,11.91742699,13.93703822,-2,,-1.39893233776,-2.98508524895,0.0256042778492
45,28,O,12.66656258,17.60233103,8.39470188,-2,,-3.84781122208,0.313401937485,-1.00543045998
45,29,H,13.75044035,9.63475764,13.17357901,1,,0.509895563126,1.20665597916,-2.57394599915
45,30,O,12.79771572,14.89135497,14.68979698,-2,,-4.30699300766,-2.32331871986,2.42805767059
45,31,O,11.60689721,10.43435485,12.35046286,-2,,-0.159930109978,-7.91042423248,-4.45437765121
45,32,H,12.70029486,16.18306927,10.78299738,1,,-2.5906689167,-1.27376079559,-0.947407960892
45,33,H,13.56939968,9.29812193,11.5201542,1,,2.47993254662,2.25119447708,2.8508515358
45,34,H,11.88220839,15.38331777,9.46197782,1,,0.793944180012,2.43561410904,4.32003307343
45,35,H,9.72879935,9.85369112,11.29182709,1,,0.121627926826,0.767715752125,-0.0196240246296
45,36,H,11.58271111,14.06603562,12.01282108,1,,1.3810210228,0.0978083312511,0.292338967323
45,37,O,11.75724136,15.89860318,10.47063484,-2,,0.276084244251,0.240900427103,-0.488141030073
45,38,H,12.51194055,14.32933661,13.20626941,1,,0.599191248417,-1.14092612267,-1.12790393829
45,39,H,10.46192179,11.55554859,10.125986,1,,3.79746818542,1.20524644852,0.945990979671
46,0,H,13.19532795,12.91981494,9.94203823,1,,0.260173559189,-0.93947571516,0.525290369987
46,1,H,12.99642295,14.42159851,9.59876285,1,,3.7195687294,-2.05886173248,0.630279362202
46,2,O,14.66794136,13.16478736,14.66386554,-2,,1.20717430115,0.186236202717,0.463027477264
46,3,H,14.53594575,14.09278421,14.85824628,1,,1.22767436504,-0.568703174591,-1.05013418198
46,4,H,13.37661662,14.8101417,15.02150159,1,,-0.958534836769,0.662080049515,-1.19377565384
46,5,H,11.7516961,17.25332381,8.95142845,1,,2.62704515457,1.1518163681,0.0172114372253
46,6,O,11.39361382,16.79078425,13.39320006,-2,,3.15393567085,3.67872428894,0.0956571102142
46,7,H,12.16250351,10.15723648,11.50856092,1,,-3.21773290634,2.97769474983,3.52119278908
46,8,H,12.28012969,12.73481142,14.03927273,1,,1.47720479965,-1.82016730309,-0.357981950045
46,9,H,11.96823925,15.62523857,13.88564944,1,,1.76308000088,1.42530941963,2.01474738121
46,10,O,9.13820987,10.79003295,11.55890619,-2,,-4.32131958008,-3.144947052,-2.52164459229
46,11,H,8.2031855,10.50880475,11.79368133,1,,0.909973621368,0.826778352261,-0.215056240559
46,12,H,13.01700976,10.26655967,9.5253033,1,,0.518385648727,-0.299133479595,-0.724911093712
46,13,H,10.21366352,9.36763556,9.9742322,1,,-0.0163511037827,-2.872174263,1.35994684696
46,14,H,10.54648293,12.70262666,13.39399267,1,,5.45616674423,2.3386721611,1.0699955225
46,15,O,12.81940517,15.36281468,8.69367887,-2,,-0.887851595879,2.32676172256,-2.96142888069
46,16,H,12.42986303,11.24754111,13.49676989,1,,-1.23825073242,0.0840199738741,-0.361252069473
46,17,H,12,12,12,1,,0.791504502296,0.682168364525,-0.137721806765
46,18,O,10.35288679,8.55101167,10.62520994,-2,,-4.00107955933,2.87775635719,-2.67490530014
46,19,O,9.83027789,12.26742605,13.14244614,-2,,-6.99666690826,-1.52926301956,-0.279174178839
46,20,H,10.16176365,14.85215375,14.09307284,1,,0.450173437595,-0.505006313324,0.415952384472
46,21,O,11.10087293,12.11150233,10.48192732,-2,,-1.56854522228,-2.00676465034,-4.99922704697
46,22,H,10.78257007,9.77541471,11.94451848,1,,0.388135582209,0.957483768463,2.21073675156
46,23,H,12.45050527,16.47317504,8.00750377,1,,1.44616603851,0.584744751453,1.6845613718
46,24,H,10.10776609,16.42711826,13.79347733,1,,-0.373575657606,-1.58207380772,0.302508920431
46,25,O,12.08551019,13.78985043,12.32646629,-2,,-1.54076981544,3.11812019348,1.40094304085
46,26,H,11.64564694,18.0898285,7.9919578,1,,-2.86900377274,2.98350071907,-2.73807621002
46,27,O,13.46928972,11.03981327,9.86926895,-2,,-1.66764330864,-0.489925891161,-0.617896020412
46,28,H,9.57300891,11.41843532,12.42078985,1,,1.4200142622,0.903380036354,0.7780585289
46,29,H,14.81131558,11.3546354,12.04638917,1,,1.24051427841,2.17997574806,-0.128588691354
46,30,H,14.70452122,12.88270369,13.7026276,1,,-0.153289943933,1.23518884182,1.27425801754
46,31,O,13.79756434,13.61517665,9.72917176,-2,,-2.06271648407,2.24090766907,-0.0345158576965
46,32,H,12.63360738,14.68392523,8.09710951,1,,0.297318845987,-1.66121768951,-2.01834154129
46,33,O,9.593316,15.57050156,13.87693316,-2,,-2.48415756226,0.558640837669,-0.179124653339
46,34,O,13.6827554,10.16365629,12.14328392,-2,,1.36891531944,-3.37944936752,-0.917767882347
46,35,H,10.49858478,12.69511735,10.83150824,1,,-1.25529420376,3.08738970757,2.51392507553
46,36,O,15.39397698,12.18949767,12.15135068,-2,,0.211091339588,-1.22199821472,-2.01059246063
46,37,H,12.63719496,11.49111344,10.18184393,1,,1.13059318066,-0.119362704456,0.0905975699425
46,38,O,12.90732352,11.98348407,13.83732431,-2,,-0.731557667255,0.565228521824,1.75960183144
46,39,O,12.41051145,17.71505715,8.2845126,-2,,-0.449091553688,-4.40587806702,2.2746424675
46,40,H,13.54730913,9.77807915,13.04617912,1,,0.159101769328,-0.0259540975094,-1.44181966782
46,41,O,12.53799514,15.07393266,14.60896385,-2,,-1.35407137871,-0.611148774624,0.696434855461
46,42,O,11.29989901,10.5781189,12.21914909,-2,,2.53065347672,-6.33034944534,-3.3796620369
46,43,H,15.8251542,12.37802482,11.25412518,1,,-1.36025476456,-0.464579105377,2.12170934677
46,44,H,11.24387935,8.55096584,10.48820575,1,,4.30324602127,-1.18315172195,-0.250336229801
46,45,H,12.40551382,16.23286506,10.67137805,1,,-2.32011938095,-0.737870573997,-0.748695254326
46,46,H,13.50692348,9.50657554,11.34073704,1,,1.52587580681,1.65181183815,3.23794603348
46,47,H,11.57361098,15.59513649,9.44091545,1,,0.647478818893,0.252684950829,1.40572309494
46,48,H,9.45419791,9.93710653,11.09747523,1,,-0.638532280922,1.80830979347,1.92490386963
46,49,H,11.28730689,14.20913317,11.91193312,1,,1.1204662323,-0.259853810072,0.467873066664
46,50,O,11.46738272,16.05295838,10.31937933,-2,,-0.0847079604864,1.30265069008,1.7261493206
46,51,H,11.94764681,17.5225051,13.86034977,1,,-1.46441411972,-2.14077663422,-1.33559632301
46,52,H,12.23198047,14.42080944,13.17411056,1,,0.394910544157,-2.84850120544,-2.96047592163
46,53,H,10.31987951,11.62308781,10.04851861,1,,2.26899027824,0.558550477028,0.254827678204
47,0,H,12.99523884,13.03035158,9.80110461,1,,-0.250589728355,-0.839858412743,0.46050581336
47,1,H,12.95024824,14.52672316,9.43262313,1,,2.22994303703,-1.94396138191,0.857731461525
47,2,H,11.51859289,17.2585602,8.78497067,1,,2.29194879532,1.79828262329,0.165446043015
47,3,H,11.76693724,10.41660423,11.56450223,1,,1.61213409901,0.776260852814,0.0973281264305
47,4,H,12.02529701,12.75627745,13.95552143,1,,-0.0955573767424,-1.3027908802,-0.169553786516
47,5,O,8.89746722,10.88051497,11.46072595,-2,,1.6052595377,-0.648183107376,-2.95214772224
47,6,H,8.0543977,10.76795305,11.70338308,1,,-4.98832511902,-0.654424488544,1.22639405727
47,7,H,12.77156632,10.3712436,9.47893763,1,,-0.00222177058458,-1.32898676395,-1.1510001421
47,8,H,10.23518233,12.94379233,13.48293572,1,,-0.352050304413,-1.33716309071,-1.70453262329
47,9,O,12.55144068,15.4653804,8.5941078,-2,,-3.79525756836,0.562685012817,-6.66607475281
47,10,H,12.30300091,11.21443739,13.5002838,1,,-1.59072911739,0.319306492805,0.123733893037
47,11,H,12,12,12,1,,0.885934114456,1.40204310417,-0.601441204548
47,12,O,9.57340341,12.37497618,13.04316754,-2,,-2.36246204376,2.07453393936,2.38136363029
47,13,O,10.86644322,12.22456901,10.3919779,-2,,3.44397330284,5.95020771027,0.300575524569
47,14,H,10.66083359,9.94816902,11.94829047,1,,-4.17912864685,-6.50457572937,0.122259557247
47,15,H,12.13334765,16.51479964,8.10043903,1,,3.02938270569,-3.87028551102,0.938568472862
47,16,O,11.80169423,13.87360754,12.22631011,-2,,0.256073057652,1.19501113892,1.10121798515
47,17,H,11.33825942,18.21116486,7.84736826,1,,1.70173287392,0.614835143089,-0.571741402149
47,18,O,13.22150656,11.12744271,9.81123145,-2,,-1.55609869957,0.57619291544,-0.175314798951
47,19,H,9.43826,11.68869738,12.25708279,1,,2.10364484787,1.01010704041,1.2700946331
47,20,H,14.56116178,11.39918784,12.01716975,1,,1.82174921036,3.56739425659,-0.468386858702
47,21,O,13.59653636,13.71380654,9.59599557,-2,,-0.297121822834,1.63678216934,-0.0766368508339
47,22,H,12.39510322,14.6974265,7.7999617,1,,0.875599741936,3.62640786171,3.67470598221
47,23,O,13.46215869,10.25416877,12.05489856,-2,,0.717872619629,3.52803397179,2.37892317772
47,24,H,10.24279836,12.90096425,10.65414968,1,,0.404016077518,0.725834786892,0.604018092155
47,25,O,15.11728973,12.31231141,12.03711508,-2,,-2.12046337128,-3.52408123016,3.98679733276
47,26,H,12.38345122,11.60918876,10.09799385,1,,1.814858675,-0.34079682827,-0.0114142056555
47,27,O,12.64397162,12.04756961,13.7667094,-2,,2.18973731995,0.714459061623,2.24282002449
47,28,O,12.18370049,17.80957895,8.20656846,-2,,-5.43281745911,-0.514077603817,0.995997786522
47,29,H,13.38162509,9.86391347,12.87747272,1,,0.355099409819,-2.11055350304,2.20355844498
47,30,O,11.0434945,10.70408991,12.10328534,-2,,2.72005701065,1.8883907795,1.31566941738
47,31,H,15.39941554,12.57279164,11.22209951,1,,0.746165394783,0.727815449238,-3.55237317085
47,32,H,13.57047256,9.75559172,11.33702907,1,,1.20706105232,-3.51433587074,-3.72561216354
47,33,H,9.1840815,10.10288394,10.97621739,1,,-0.203975573182,0.077403947711,0.115831442177
47,34,H,11.06270354,14.3317915,11.85065689,1,,-0.504138886929,0.616415381432,-0.248208135366
47,35,H,12.01495087,14.38374946,13.03422112,1,,0.242770403624,-0.0971958935261,-1.00620031357
47,36,H,10.30046835,11.69316865,10.01752171,1,,-4.52407503128,-4.85713338852,-3.48290300369
48,0,H,12.82168615,13.04683528,9.67614609,1,,0.201391100883,0.880942344666,-0.174927666783
48,1,H,13.00891499,14.53492326,9.26497243,1,,-2.91954374313,4.87923431396,-0.673790335655
48,2,O,14.2388811,13.34065688,14.45924761,-2,,0.559903085232,1.65301275253,0.340178787708
48,3,H,14.08103095,14.30489204,14.50152632,1,,0.44330945611,-0.930281877518,0.323970228434
48,4,H,14.1403062,14.42301679,12.89217773,1,,0.127584308386,2.87174081802,-2.48986196518
48,5,H,11.3539599,17.34804986,8.65588226,1,,-0.70263004303,1.00051522255,2.12802743912
48,6,H,11.55803075,10.65337424,11.54632434,1,,4.63418769836,-1.00717377663,-2.42672872543
48,7,H,11.74111023,12.70875141,13.85173255,1,,-1.57754731178,-0.0230476409197,0.463254034519
48,8,H,14.77903373,14.34766878,9.50083616,1,,2.60184335709,1.86708748341,-0.14424367249
48,9,O,14.09075794,14.89106727,11.96200641,-2,,-0.407024055719,-4.73010969162,2.57242107391
48,10,H,12.50431041,10.37426255,9.36731029,1,,1.27046012878,1.22917842865,0.249688833952
48,11,H,9.95164503,13.10305526,13.48077768,1,,-1.9472745657,-2.85168647766,-3.41871547699
48,12,O,12.27825685,15.52119744,8.44859271,-2,,0.3775370121,-5.4201593399,-5.10835123062
48,13,H,12.08227158,11.11743842,13.48009621,1,,-0.574951171875,3.44154572487,1.10609745979
48,14,H,12,12,12,1,,0.484155893326,1.98066449165,-1.16376435757
48,15,O,9.31125896,12.44279246,12.93021669,-2,,-1.44854319096,4.1417593956,6.33871650696
48,16,O,10.64976371,12.30578528,10.28505529,-2,,-4.28908872604,2.66503119469,-2.05089855194
48,17,H,13.96872347,13.89776993,11.63254483,1,,0.0412578135729,3.58110666275,-0.173606365919
48,18,H,10.36112097,9.81596145,11.92551936,1,,1.12163233757,3.29440498352,0.57280421257
48,19,H,12.00130286,16.37094313,8.1623006,1,,1.06990396976,1.36489677429,-2.05030179024
48,20,O,11.52138188,13.91354738,12.10297108,-2,,-0.991509914398,-0.516026735306,-1.15230047703
48,21,H,11.0849077,18.37361603,7.64271057,1,,3.89584851265,-1.58702480793,1.34671354294
48,22,O,12.97495062,11.17695782,9.73480005,-2,,-0.144609898329,-2.92365932465,-2.36251950264
48,23,H,9.40164792,12.02288275,12.1274986,1,,2.1404440403,-0.706040024757,-2.15646743774
48,24,H,14.3200243,11.54425403,11.92734697,1,,0.365454673767,1.07889616489,-0.649871468544
48,25,H,14.43101611,13.11258845,13.5303099,1,,0.0106229186058,-0.338684558868,0.67128431797
48,26,O,13.40000875,13.7742263,9.44630375,-2,,3.14713311195,-7.06519985199,1.60524523258
48,27,H,12.17160517,14.83653828,7.63408098,1,,0.5426030159,2.55173206329,2.70822715759
48,28,O,13.24172614,10.3185352,11.94533757,-2,,1.81083881855,-3.31689405441,0.267054587603
48,29,H,9.93304414,13.13920604,10.50484073,1,,2.75778508186,-3.4943652153,-1.12928271294
48,30,O,14.83704599,12.38556829,11.9106461,-2,,0.792690336704,0.277972638607,-1.26299154758
48,31,H,12.20425594,11.66129712,9.97357339,1,,-1.14497768879,0.921655654907,0.947282791138
48,32,O,12.38831618,12.06823599,13.67517651,-2,,1.7904471159,-4.42608451843,0.551635742188
48,33,O,11.94485515,17.85639725,8.10871046,-2,,-4.15614080429,3.97551679611,-3.1531355381
48,34,H,13.21624007,9.77688042,12.77467916,1,,0.647390246391,0.27468085289,-1.27022624016
48,35,O,10.79835478,10.79393226,11.97396244,-2,,-7.38683414459,-6.24431085587,2.31196689606
48,36,H,15.02536008,12.76004037,10.99691904,1,,-0.362327426672,-1.4592757225,1.68612647057
48,37,O,15.39554714,15.17155515,9.37201506,-2,,0.0911328494549,-0.974406957626,-0.124894805253
48,38,H,16.36112812,15.0523827,9.49029519,1,,-1.46165692806,-0.425124466419,0.0166091397405
48,39,H,11.82277231,16.17584097,10.47601294,1,,-0.791467785835,0.457454770803,0.336410701275
48,40,H,13.68238114,9.80582846,11.19630843,1,,-0.797279953957,0.716335535049,1.85409402847
48,41,H,11.149914,15.74312907,9.23296241,1,,-1.50277745724,0.546040773392,3.04546928406
48,42,H,10.80078508,14.43663515,11.74472932,1,,0.188661336899,0.704084992409,0.315454334021
48,43,O,10.94023245,16.33480465,10.07628471,-2,,0.0772953927517,-1.4170794487,-0.264836341143
48,44,H,11.83900556,14.31300134,12.88830778,1,,0.65081179142,1.30999791622,0.557609736919
48,45,H,10.12393732,11.55371466,9.84602788,1,,0.763861298561,2.19114780426,1.08537375927
49,0,H,9.07061157,18.77419523,10.889305,1,,0.272362560034,-1.00141048431,-0.13542124629
49,1,O,9.33479303,17.85683319,11.13217257,-2,,-2.49681997299,3.2150592804,2.25601267815
49,2,H,12.68189811,13.07377513,9.46646379,1,,-0.460530281067,0.85873913765,-0.250520467758
49,3,H,12.9645312,14.73020035,8.98752913,1,,-0.646288275719,-1.36728990078,0.703523516655
49,4,O,14.05181269,13.4016065,14.25988253,-2,,-1.21073579788,3.46070480347,5.23025512695
49,5,H,13.89264731,14.37573058,14.2602413,1,,0.610545456409,-1.49931693077,0.327868521214
49,6,H,13.8461458,8.0762091,9.71508827,1,,0.494609892368,-0.997750997543,4.47565364838
49,7,H,13.80488098,14.67631642,12.63833933,1,,-0.0232432577759,-0.14524808526,2.86531019211
49,8,H,11.16491055,17.4829011,8.54543905,1,,-1.32756400108,0.195952951908,2.07814407349
49,9,H,11.61839113,10.80163402,11.30008294,1,,-4.60191059113,-1.13989186287,2.76042819023
49,10,H,11.38619656,12.67516109,13.68735879,1,,1.31240999699,-2.07570314407,-0.289232909679
49,11,H,14.61180618,14.34435352,9.25322402,1,,1.62721681595,1.99438476562,-0.144525706768
49,12,O,12.48418359,8.72233751,9.04939155,-2,,-0.366656690836,0.355352282524,-2.85512161255
49,13,O,13.90221365,14.92506275,11.77107154,-2,,-0.842146873474,-2.65910315514,-4.17917251587
49,14,H,12.28090307,10.41295417,9.18811017,1,,0.782711565495,1.54871845245,0.71017318964
49,15,H,12.22309502,8.84173811,8.06937698,1,,1.29497921467,-0.222785353661,2.07527256012
49,16,H,9.59290796,13.12133741,13.23790147,1,,0.717525601387,0.813188552856,0.0681767314672
49,17,H,14.5739758,8.79391063,11.0808177,1,,-0.0686354637146,-2.24996447563,-0.504570066929
49,18,O,12.02482282,15.54609091,8.21067548,-2,,0.506901741028,-3.83991670609,3.14690208435
49,19,H,11.84364675,11.14217695,13.41395717,1,,-0.572728395462,1.66830778122,0.456938564777
49,20,H,12,12,12,1,,0.384673118591,0.699689388275,-0.977458059788
49,21,H,9.80837135,17.31258918,10.51000498,1,,0.770824432373,-0.704051077366,-1.12852585316
49,22,O,9.06886,12.51658346,12.75692168,-2,,-1.53765046597,-0.725623965263,-2.29677033424
49,23,O,10.44822345,12.38706249,10.09568294,-2,,-3.95090556145,1.29972493649,-2.81505298615
49,24,H,13.73120758,13.8665823,11.38951346,1,,0.36612662673,4.721824646,1.56489527225
49,25,H,10.16282365,9.82676893,11.82980294,1,,1.87514281273,4.51445150375,-0.225772187114
49,26,H,11.95773685,16.39798776,7.98990155,1,,0.703470408916,5.57154750824,-2.17814898491
49,27,O,11.26202847,13.94196814,11.89118814,-2,,-0.0584926605225,2.18257665634,1.67358803749
49,28,H,11.04237107,18.49285841,7.43768043,1,,1.79039931297,-1.18644237518,0.752106130123
49,29,O,12.75270623,11.21334704,9.57246647,-2,,-0.985679149628,-1.08297216892,-2.33910417557
49,30,H,9.47484936,12.35353158,11.82017352,1,,-0.401464879513,0.194829970598,3.4198539257
49,31,H,14.03755036,11.70958081,11.71129377,1,,-1.77319157124,-1.805965662,-0.334204018116
49,32,H,14.31209339,13.14754643,13.44975605,1,,1.37864458561,-1.41848707199,-4.43755245209
49,33,O,13.23785425,13.81074934,9.22343033,-2,,1.09953093529,-0.851490020752,0.0970487892628
49,34,H,11.95766472,15.06315506,7.47839946,1,,-0.0985466390848,-3.15588331223,-4.53899335861
49,35,O,13.04318274,10.374601,11.75167341,-2,,3.37730908394,-4.50039958954,1.05970740318
49,36,H,9.78288984,17.88880477,11.97634078,1,,0.122710347176,-0.104604035616,0.235550224781
49,37,H,9.7232954,13.18978222,10.22197408,1,,2.38807439804,-3.23629951477,-1.15614593029
49,38,O,14.58019995,12.45571677,11.6990017,-2,,3.07879257202,3.53829097748,-3.49885368347
49,39,H,11.97771578,11.74784682,9.79100041,1,,-0.00787119567394,0.229565769434,0.455005705357
49,40,O,12.15822425,12.06876365,13.49507258,-2,,-1.4310990572,-0.374070346355,1.29123222828
49,41,O,11.71231128,17.90541958,7.91934059,-2,,-1.05676841736,3.56096172333,-2.73944234848
49,42,H,13.06597792,9.67330095,12.54001424,1,,-0.116800755262,2.14540147781,-2.22666478157
49,43,O,10.56387866,10.86292629,11.77372077,-2,,2.0739068985,-6.82016324997,-1.70785188675
49,44,H,14.67796906,12.86673082,10.7154866,1,,-0.182143270969,-2.23611974716,3.43624925613
49,45,O,15.15954709,15.21161688,9.17129668,-2,,0.105738043785,-1.79418945312,-0.111016131938
49,46,H,16.07140924,14.89667015,9.19127745,1,,-0.207928955555,0.424217581749,-0.0201867185533
49,47,H,11.58630736,16.14690775,10.36345094,1,,-2.87806653976,1.3017616272,-1.08563029766
49,48,H,13.72930447,9.85307259,11.04077172,1,,-3.60249233246,2.55336904526,2.85357904434
49,49,H,13.33674821,9.17775175,9.34197704,1,,-2.40338277817,0.160492300987,-1.68602919579
49,50,H,10.92872066,15.69268653,8.99174757,1,,-1.14564204216,2.75142431259,3.75231361389
49,51,O,13.84271293,8.16284523,10.82581283,-2,,2.55426836014,-0.0547401160002,-2.79410219193
49,52,H,10.54861898,14.54972299,11.55949251,1,,1.33615279198,-0.333801984787,1.07375335693
49,53,O,10.69294055,16.44742639,9.86957824,-2,,3.97870492935,-5.33281898499,-1.16389226913
49,54,H,11.71182032,14.32323174,12.74474311,1,,-1.35262739658,-0.434069007635,-2.8240942955
49,55,H,10.00531891,11.52372222,9.65220038,1,,0.804279923439,3.39003372192,1.82451272011
50,0,O,12.37042635,11.47791842,10.40060451,-2,,4.52899646759,-3.08490395546,-3.93724155426
50,1,O,11.13593479,13.7392142,8.81035378,-2,,-1.33684110641,-2.45316290855,0.773711264133
50,2,H,9.61356179,10.21951275,12.18553039,1,,1.46084618568,1.78283548355,-0.0583720356226
50,3,O,14.60754005,9.49078536,12.16330983,-2,,-2.33560061455,2.33323764801,-0.078573346138
50,4,H,11.87259221,10.77631366,9.98124469,1,,-1.45276021957,0.269363433123,0.24320140481
50,5,H,13.98598247,10.31680114,11.90641752,1,,2.50956773758,-2.88929796219,0.682908535004
50,6,H,11.81514071,12.56730247,13.59127423,1,,1.24739849567,-0.819115638733,-1.21902966499
50,7,H,10.95653522,14.07659662,13.0177731,1,,-0.392179220915,0.298977643251,-0.263362646103
50,8,H,15.22179956,9.16248944,11.50311113,1,,-0.41853171587,0.739425182343,-0.385120302439
50,9,H,10.74673678,9.9096548,11.34479852,1,,0.380278378725,1.43293142319,0.76804536581
50,10,H,11.60897771,13.31717546,9.57981351,1,,-0.779209971428,0.455038487911,-1.1441411972
50,11,H,10.55010235,12.44763644,14.62966971,1,,-0.440852493048,-0.278819561005,1.13456726074
50,12,O,11.30825465,14.65223344,12.29693442,-2,,0.493184804916,0.533957183361,-0.439097046852
50,13,H,14.06655367,14.54132518,12.31192824,1,,0.102691709995,-2.58425045013,-2.67189979553
50,14,H,13.38407132,12.890036,12.60863569,1,,-2.59570026398,-3.40543937683,2.61620569229
50,15,H,10.37956777,13.06680281,8.63335297,1,,2.09701514244,1.89723885059,0.505628943443
50,16,O,10.48036263,12.75131005,13.74446398,-2,,0.407186329365,0.320551991463,-0.186791986227
50,17,O,12.79075934,12.10040943,13.19749215,-2,,-0.0583704449236,3.04255580902,-4.01788854599
50,18,H,10.6166083,15.19927139,11.91648041,1,,-0.0348343104124,-0.312230885029,0.303661197424
50,19,O,14.06085174,13.78183841,11.55936007,-2,,0.416630089283,3.41717195511,2.47699189186
50,20,O,10.45550099,10.69508808,11.87987953,-2,,-2.81581068039,-4.19854021072,-0.453979641199
50,21,H,13.3796511,14.15625252,10.98857976,1,,-0.246778577566,-0.313103467226,0.0987003520131
50,22,H,13.23868994,11.02208915,9.93664557,1,,-2.15291762352,2.60435605049,1.98861682415
50,23,H,12,12,12,1,,1.41659152508,1.21122336388,3.26325941086
51,0,O,12.47124625,11.61350283,10.40417938,-2,,1.19327378273,-5.50197696686,-3.9322681427
51,1,O,11.2721567,13.86052092,8.79042324,-2,,-2.11392784119,-2.71086883545,1.63757109642
51,2,O,8.77552058,13.3697253,11.50326879,-2,,2.69861936569,-7.12187576294,0.499695271254
51,3,H,9.81911066,10.20377551,12.03019391,1,,-1.92199110985,-0.456083238125,1.99053227901
51,4,O,10.39929821,15.93271179,10.58451325,-2,,-3.74684333801,1.69589972496,-0.341399759054
51,5,O,14.71621779,9.55008905,12.09561386,-2,,-1.87518405914,2.00095939636,-0.00744301080704
51,6,H,11.85971807,10.85042366,10.13867471,1,,-0.275993168354,2.62928628922,0.64720582962
51,7,H,14.26695003,10.45640545,11.86741505,1,,1.80583834648,-2.54858636856,0.525460958481
51,8,H,11.91672631,12.65809637,13.49940471,1,,1.47414207458,-1.80192577839,-0.611459553242
51,9,H,8.96390168,12.47011534,10.88319487,1,,-1.01366615295,3.98188734055,1.59001970291
51,10,H,9.65357424,9.689546,10.86300015,1,,0.190167665482,-3.14682888985,-4.14281702042
51,11,H,10.89287129,14.20799945,12.85504989,1,,-0.105344325304,-0.259971439838,0.564468860626
51,12,H,9.8547046,8.24585834,10.98037055,1,,0.114756532013,-2.91124105453,2.07093667984
51,13,H,15.40281913,9.24003193,11.50408671,1,,-0.181088000536,0.789272546768,-0.339349716902
51,14,H,11.08912231,10.02316393,11.35815424,1,,-0.799118638039,2.4623837471,1.90728235245
51,15,H,11.66626668,13.48632269,9.64385109,1,,-0.664575338364,0.364888250828,-1.74155855179
51,16,H,10.74913822,12.60614917,14.62277651,1,,-0.000504821538925,-1.05365264416,3.64500999451
51,17,O,11.44393131,14.72429461,12.27131984,-2,,1.27805495262,-0.183460637927,0.728516817093
51,18,H,14.2927893,14.65098676,12.30028242,1,,-0.699697315693,-3.27774190903,-3.39341282845
51,19,H,9.223231,12.76325087,12.2963416,1,,-1.3610470295,3.14882040024,-1.92016339302
51,20,O,9.85550674,8.74117581,10.21244472,-2,,-0.836550951004,5.3563284874,0.77836060524
51,21,H,9.3926406,15.71227068,10.70291798,1,,3.29262924194,0.0637536346912,-0.999299883842
51,22,H,13.14728909,12.94177968,12.67416252,1,,1.75504755974,1.48263895512,-1.08082938194
51,23,H,10.41045374,13.25683264,8.69151785,1,,2.94448280334,2.17526340485,0.318214029074
51,24,O,10.57953164,12.88892527,13.78322075,-2,,0.00911396741867,0.795290887356,-2.97868061066
51,25,O,12.9380276,12.17330819,13.1449912,-2,,-3.49179649353,-0.439658075571,1.70353960991
51,26,H,10.86939725,15.40643819,11.88071023,1,,0.406118661165,-0.198465466499,-0.0988791584969
51,27,O,14.15703914,13.87059436,11.52035108,-2,,5.359167099,2.09149718285,5.26381158829
51,28,O,10.53935297,10.76238405,11.86387144,-2,,2.295160532,-2.41679549217,-2.02206254005
51,29,H,13.42170186,14.14596953,11.10884714,1,,-4.38717746735,1.69331395626,-2.23365879059
51,30,H,10.88216194,15.33703394,10.00297763,1,,-0.883342981339,-0.516208589077,-0.346569776535
51,31,H,13.15248609,10.95206641,10.04716114,1,,0.429157555103,2.60529375076,0.742491960526
51,32,H,12,12,12,1,,-0.887880504131,1.20856380463,1.5767339468
52,0,H,10.65856998,11.27802543,14.62235187,1,,0.086991071701,-0.83167809248,0.600592970848
52,1,O,12.47884916,11.76828776,10.3498804,-2,,-2.0529665947,-3.16307759285,-2.45286011696
52,2,O,11.30154287,14.00335709,8.72625727,-2,,0.679881095886,-0.0201349612325,2.14402008057
52,3,H,10.02633243,10.81100962,16.09395248,1,,0.732222855091,0.169813454151,-1.18856525421
52,4,O,8.84177439,13.45975428,11.44737219,-2,,1.73846244812,-0.941657066345,3.29956173897
52,5,H,9.84152126,10.2116422,11.95349229,1,,0.252673923969,0.475781440735,1.17737698555
52,6,O,10.41419055,16.05866384,10.5467414,-2,,0.939931631088,2.204682827,-1.4411315918
52,7,O,14.73265989,9.65250284,11.99231443,-2,,1.60687196255,-4.51453208923,0.227174967527
52,8,H,11.1241539,13.95770626,15.24186248,1,,0.503088593483,0.338616013527,1.756939888
52,9,H,11.71842053,11.08969854,10.25044113,1,,0.585737407207,2.93476653099,-0.694739043713
52,10,H,14.52752253,10.49016698,11.76095528,1,,-1.08887958527,4.5218000412,-0.828915834427
52,11,H,11.91577142,12.71319978,13.36363471,1,,2.11208868027,-1.94528150558,0.749846041203
52,12,O,9.88965444,11.04781024,15.15651375,-2,,-0.998957276344,-0.665043890476,0.634358286858
52,13,H,8.92109033,12.79010781,10.78804778,1,,0.0800591409206,-0.681886792183,-0.549095749855
52,14,H,9.7359858,9.79646404,10.70048048,1,,0.114445418119,-1.93429851532,-3.60098409653
52,15,H,10.73820262,14.32661505,12.67436155,1,,2.27882194519,1.55053544044,-1.35259842873
52,16,H,9.3736826,15.25081159,16.5158323,1,,-0.57567358017,0.631935715675,-0.125762045383
52,17,H,9.7668581,8.41515734,11.10711799,1,,0.494782805443,0.652213990688,-4.12745285034
52,18,H,9.44052488,14.40790506,15.35264897,1,,-2.00745582581,2.08937168121,-0.559722959995
52,19,H,15.46306838,9.38589569,11.39544344,1,,-0.81173479557,0.305996328592,0.70502603054
52,20,H,11.28683559,10.32596299,11.43913188,1,,-0.954449415207,-0.141161471605,1.07731842995
52,21,H,11.59801116,13.70751453,9.5828626,1,,0.997469425201,-0.525749206543,0.499453186989
52,22,H,10.83848065,12.74208971,14.68306127,1,,-1.18765723705,0.454389661551,-1.7238432169
52,23,H,10.99599033,15.11928735,5.97747202,1,,-0.962108075619,-1.10134458542,1.10165643692
52,24,O,11.48892079,14.83132707,12.1947841,-2,,-1.3827470541,-0.668459773064,1.53234505653
52,25,H,14.39466253,14.58733673,12.07946197,1,,0.756392538548,3.38144159317,3.15138077736
52,26,H,9.3412837,13.02009083,12.27001063,1,,-1.56733727455,1.3844243288,-2.65995788574
52,27,O,9.87300996,8.92794652,10.14200525,-2,,-1.03991317749,0.32034188509,6.20233201981
52,28,H,9.51068311,15.88832753,10.63558498,1,,-2.08217763901,-0.557709574699,0.106275171041
52,29,O,10.99057675,13.54122029,16.13727037,-2,,-1.25649547577,0.120825365186,-0.410945266485
52,30,O,10.47614347,14.51763695,6.57475643,-2,,-1.57039940357,1.74004459381,-5.001101017
52,31,H,12.91120562,13.14405177,12.62155982,1,,2.90760087967,-0.178825512528,-0.114692941308
52,32,H,10.00205894,13.33268078,16.04458102,1,,2.09623432159,-0.056702952832,1.03036761284
52,33,H,10.46770586,13.56802647,8.69836054,1,,-1.19890487194,-0.536203980446,-0.310081243515
52,34,O,10.58797527,13.06196286,13.75523166,-2,,0.557648837566,-0.929022431374,0.560141921043
52,35,O,12.97560964,12.2759467,13.03658216,-2,,-5.88442611694,1.41382527351,-1.00066816807
52,36,H,10.97488426,14.38904827,7.32286116,1,,2.20271253586,0.0390195399523,1.81231212616
52,37,H,11.04239656,15.63255389,11.73511283,1,,0.781285524368,-1.63517546654,0.8786059618
52,38,O,14.17122585,13.9954914,11.45401621,-2,,-3.79428386688,-2.43518090248,-5.23991155624
52,39,O,10.53804681,10.85813907,11.78614603,-2,,-0.293244838715,-1.40947639942,0.200871765614
52,40,O,8.86983228,15.15818414,15.68964934,-2,,1.53777003288,-1.68250060081,0.127992212772
52,41,H,13.20206946,14.21518859,11.08662755,1,,3.41278839111,-0.326774507761,1.60614347458
52,42,H,10.78294243,15.36932455,9.99525097,1,,-0.115409016609,-0.101168625057,-0.380162358284
52,43,H,13.02476113,11.03277718,10.13572723,1,,3.0005967617,-0.113285571337,-0.659886181355
52,44,H,12,12,12,1,,0.368662893772,2.36650776863,3.24098563194
53,0,H,10.55382045,11.51729608,14.60797429,1,,2.87310266495,0.376044124365,-1.69626784325
53,1,O,12.34210579,11.92037181,10.2408183,-2,,-0.082085929811,-1.89538908005,-0.88401889801
53,2,H,9.98131082,11.22537361,16.03337152,1,,0.000116243958473,-0.238331899047,-2.55113554001
53,3,H,9.72358709,10.24210053,11.91510323,1,,2.27991223335,1.61542844772,-0.588184058666
53,4,O,10.30320327,16.19215352,10.45014237,-2,,-1.06280899048,-0.554560899734,-3.44340348244
53,5,O,18.03734488,9.02356829,8.06714207,-2,,-0.418001383543,-3.55304336548,4.74794483185
53,6,O,14.62680226,9.75446718,11.85337129,-2,,0.814975082874,1.66630196571,-1.52646780014
53,7,H,16.41012826,10.02936842,9.10635784,1,,-1.13103830814,1.32312786579,-0.607143521309
53,8,H,11.0258636,13.99696544,15.11707143,1,,-0.268812417984,0.863841056824,1.83471703529
53,9,H,11.45597506,11.48693249,10.26186719,1,,0.394928902388,1.05220246315,-0.659294068813
53,10,H,16.50990877,10.37423508,10.86232993,1,,0.885784506798,-1.69813978672,-4.38927936554
53,11,H,14.59711753,10.68891037,11.53424498,1,,-0.899439513683,-0.332001626492,1.03183627129
53,12,H,11.76723934,12.70338177,13.23776895,1,,1.45421361923,-0.851034522057,1.12819468975
53,13,O,9.81431416,11.21661464,15.03424747,-2,,-3.30412340164,-2.18018579483,4.68856334686
53,14,H,10.56016725,14.48476985,12.41150585,1,,1.96322631836,1.06965053082,-0.56806230545
53,15,H,16.39310458,10.4599116,16.01082457,1,,2.98816680908,2.58314943314,1.97388720512
53,16,H,15.32537027,9.53477282,11.21837638,1,,-0.747465372086,-1.54270124435,0.410876899958
53,17,H,11.30196097,10.64311529,11.54752338,1,,-0.341933906078,-1.34817802906,0.833216488361
53,18,H,14.72315835,10.37801997,14.84255211,1,,-3.5849199295,0.79835152626,-1.32020246983
53,19,O,16.6508878,9.72699027,9.96570315,-2,,-0.344751536846,1.53102123737,5.49715328217
53,20,H,16.25769206,9.35734865,14.98692372,1,,0.870293319225,-0.795978426933,-0.685417771339
53,21,H,10.73258965,12.90295741,14.55906626,1,,-1.07399952412,0.0986772999167,-1.55128848553
53,22,O,11.39387715,14.94488276,12.06648506,-2,,-0.705086112022,0.237850964069,0.323988229036
53,23,H,14.40861075,14.66412435,11.98116361,1,,-0.309291779995,1.36859738827,1.08109676838
53,24,O,13.73699911,10.58091024,14.44806203,-2,,2.56609678268,-0.918226718903,-1.46354436874
53,25,H,9.35567495,16.04589545,10.47266618,1,,-0.314799100161,0.492163658142,0.430707633495
53,26,O,10.89569338,13.68095363,16.05835078,-2,,-2.12864542007,-0.0715582668781,0.668590605259
53,27,H,12.68695027,13.42193241,12.47213775,1,,2.595256567,-3.99097204208,1.36934375763
53,28,H,9.9013896,13.39712193,16.10028875,1,,2.80026078224,1.17106389999,-0.206230193377
53,29,O,10.46703677,13.23728971,13.67240413,-2,,1.18823301792,-0.838110327721,-0.53607738018
53,30,H,13.83006621,10.55078386,13.43146178,1,,-0.36056137085,0.184675455093,3.1043138504
53,31,H,17.76853625,9.38942946,9.0277903,1,,1.77001702785,-0.762777268887,-3.03567314148
53,32,O,12.85599019,12.3841058,12.8684238,-2,,-8.48129463196,4.84761190414,-3.84155654907
53,33,H,11.10819318,15.77971375,11.53165201,1,,0.436783194542,-2.26186943054,1.78902506828
53,34,O,14.03931532,14.113474,11.32768104,-2,,-2.96238923073,-0.995709359646,-3.25632596016
53,35,O,10.40333995,10.96047761,11.65150133,-2,,-2.66670274734,-1.41642439365,0.389428317547
53,36,O,15.81896877,9.92451926,15.58710556,-2,,-2.41646838188,-2.34934854507,-0.594186067581
53,37,H,13.00378588,14.25850686,11.07175899,1,,3.85052251816,0.232896968722,1.52151012421
53,38,H,10.53813066,15.38742972,9.90150189,1,,0.13398180902,1.4673306942,0.923454999924
53,39,H,18.07618736,8.02023221,8.5048063,1,,0.0486155897379,3.67040300369,-2.505007267
53,40,H,12.9058478,11.11582156,10.14777266,1,,-0.256023555994,1.20196270943,-0.0187436304986
53,41,H,12,12,12,1,,3.94615650177,0.742189586163,2.1796605587
54,0,H,10.36950316,11.71021818,14.44924242,1,,-1.70097947121,-2.16169667244,0.200611963868
54,1,O,12.01210563,12.02358262,10.0534263,-2,,0.779975116253,-1.13734686375,-0.608791947365
54,2,H,9.74972337,11.51243455,15.77945763,1,,-1.23623013496,-1.552038908,-1.45175719261
54,3,H,9.52456302,10.30827099,11.81294934,1,,0.666132628918,0.50039768219,-0.0383245423436
54,4,O,14.34133217,9.82214657,11.64839198,-2,,1.02145254612,4.70229721069,-3.14514541626
54,5,H,10.74222586,14.00951414,14.97125714,1,,-0.479415655136,0.912705183029,0.251794338226
54,6,H,11.02345618,11.88919573,10.11637626,1,,1.59701824188,-0.747276127338,-0.284544855356
54,7,H,14.42015379,10.84719033,11.24210942,1,,-0.932312369347,-3.14468288422,2.4400036335
54,8,H,11.44601818,12.62957171,13.09947467,1,,1.82636594772,0.285385429859,-0.0385877788067
54,9,O,9.52787101,11.34083861,14.84206411,-2,,-0.287538141012,0.620862960815,-0.0504512414336
54,10,H,16.31447164,10.4407867,15.80447267,1,,-1.21256482601,-0.315002679825,-0.563267767429
54,11,H,14.95897854,9.57709258,10.94668533,1,,0.0564498156309,-1.38472223282,0.320665627718
54,12,H,11.07509304,10.81766108,11.61239416,1,,-3.56842207909,-0.319816589355,-0.210558697581
54,13,H,14.42151838,10.43013213,14.63697258,1,,-4.14053535461,1.19629383087,-1.73324346542
54,14,H,16.01042359,9.37098586,14.65321291,1,,-1.8234089613,2.25966954231,2.51454091072
54,15,H,10.38389584,13.01960948,14.28594528,1,,-0.353021174669,-1.65793132782,2.95798921585
54,16,H,14.22535139,14.77619826,11.91222765,1,,-3.1004576683,-2.32783079147,-3.44613432884
54,17,H,10.93006907,12.16331707,16.37603791,1,,1.62000441551,0.791387081146,0.455924957991
54,18,O,13.4075848,10.65943594,14.22879048,-2,,3.16937446594,-1.01950025558,-1.70072197914
54,19,H,12.27660913,11.24793628,16.54104697,1,,-3.73180294037,0.282366961241,-1.01490521431
54,20,O,10.60440166,13.7788291,15.89891902,-2,,-0.1697678864,0.587227165699,2.83162498474
54,21,H,12.39646714,13.51313991,12.31078406,1,,1.13767290115,-4.00325202942,0.916418194771
54,22,H,9.69621231,13.46616808,16.08644768,1,,0.548848807812,1.08675646782,-0.915833353996
54,23,O,10.16015841,13.36731348,13.50600991,-2,,0.367312312126,2.11150932312,-5.43010568619
54,24,H,13.50509289,10.65218294,13.19187802,1,,-0.133951023221,0.00261959433556,3.79940724373
54,25,O,12.51922176,12.45968295,12.60957801,-2,,-3.12399148941,5.30483818054,2.53069829941
54,26,O,13.70900779,14.17832086,11.12079011,-2,,6.36587619781,2.06685781479,2.72216320038
54,27,O,10.07300367,11.02150575,11.43970177,-2,,2.22185659409,-1.01112270355,0.456400603056
54,28,O,11.2528686,11.26917556,16.26344223,-2,,5.46852207184,-1.35455298424,2.59635305405
54,29,O,15.53232102,10.03090118,15.35288506,-2,,4.42458629608,-2.6008348465,-1.27710449696
54,30,H,12.80450133,14.2570204,11.03145699,1,,-2.73149490356,1.06227099895,-0.178341835737
54,31,H,12.60586549,11.19010293,10.06022191,1,,-2.38944840431,1.83721280098,-0.205939501524
54,32,H,12,12,12,1,,-0.156105384231,-0.873050808907,-2.7008357048
55,0,O,11.70773131,12.25713814,10.10130043,-2,,-0.773540854454,2.25922656059,-0.685104727745
55,1,H,9.38236125,10.51786495,11.95227106,1,,-1.60626769066,-0.944368541241,0.330807447433
55,2,O,14.09026978,10.04314368,11.68415919,-2,,1.40763247013,2.27472615242,-3.41571807861
55,3,H,10.70182312,12.36432967,10.14938799,1,,2.33110809326,-1.84627258778,-0.141443446279
55,4,H,14.2165662,10.96768404,11.27331701,1,,-0.639257967472,-1.22155046463,1.72440004349
55,5,H,11.1803586,12.73445176,13.21880028,1,,1.73411691189,-0.655051529408,-0.525438964367
55,6,H,15.38426662,11.91092024,14.32039587,1,,-0.918946862221,2.81722354889,-2.10131716728
55,7,H,14.60261886,9.68552183,10.9088167,1,,-0.724817276001,-0.822197496891,1.43941760063
55,8,H,14.64980907,12.72985299,13.01136893,1,,0.924958705902,-0.583423018456,1.98878645897
55,9,H,10.68957839,11.06540007,11.87811201,1,,-2.13860630989,0.563022792339,-1.30756258965
55,10,H,13.93430883,10.66095444,14.60312322,1,,1.5278968811,-0.648700833321,0.613562166691
55,11,O,15.18888247,12.81538894,13.85146715,-2,,0.36141872406,-1.78668451309,0.0510954856873
55,12,H,13.92538585,14.86618374,11.91204228,1,,-1.84258198738,-0.954338550568,-1.85531544685
55,13,O,13.11340016,10.87293806,14.23361437,-2,,-2.53949427605,-0.000665113329887,4.19472265244
55,14,H,12.18857112,13.59826551,12.41955415,1,,0.578754782677,1.14570403099,-1.36284935474
55,15,H,13.19055721,10.86347745,13.3456831,1,,0.848669707775,-0.231067955494,-4.1080493927
55,16,O,12.19768619,12.68608014,12.59740255,-2,,-2.26864624023,-0.275311291218,5.61495161057
55,17,O,13.4251806,14.37729512,11.16784789,-2,,3.98849391937,1.01688766479,1.20585656166
55,18,O,9.77484114,11.21882407,11.46574299,-2,,2.74682474136,-0.263372153044,1.37323975563
55,19,H,12.50117368,14.43855724,11.21039278,1,,-1.46829009056,0.911265671253,-0.247785508633
55,20,H,12.22075886,11.45373528,10.17701284,1,,-1.29154992104,-0.692835390568,-0.386313587427
55,21,H,12,12,12,1,,-0.237875029445,-0.0622164495289,-2.3999414444
56,0,O,11.46272137,12.57088489,10.3669365,-2,,2.35192203522,2.61248731613,-1.32809507847
56,1,H,10.11546529,10.07012758,13.64790881,1,,2.11519289017,-0.0783414691687,0.23089954257
56,2,H,15.67538245,12.50128504,9.75068171,1,,-2.56065320969,0.091156154871,2.80115795135
56,3,H,9.21245504,10.75260681,12.2943023,1,,-1.55481815338,0.500728964806,-2.37978625298
56,4,H,13.28138423,9.85772513,9.52697597,1,,-2.60987472534,-1.61147665977,2.99942326546
56,5,O,13.90895268,10.34611019,11.94191884,-2,,2.05008196831,-5.28260326385,1.83787202835
56,6,H,10.54807148,12.79167888,10.3760736,1,,-1.00844168663,-1.32784891129,0.0988504141569
56,7,H,14.05041984,11.12993594,11.56382797,1,,1.05888926983,5.47886753082,-1.83926773071
56,8,H,11.02292245,12.97216706,13.49662945,1,,3.37905073166,-0.209225937724,-2.12574720383
56,9,O,12.58492238,9.67058061,10.32419322,-2,,-0.597965240479,3.44177699089,-7.64048480988
56,10,H,10.95750884,9.29416098,11.43264748,1,,0.0841459408402,0.38069024682,0.294589847326
56,11,O,15.03264184,12.39517538,10.57367855,-2,,0.0958107113838,1.73874008656,-2.4834959507
56,12,H,15.06135108,12.22438273,14.55885211,1,,-0.468049436808,1.90498745441,-1.36824321747
56,13,H,14.28691816,9.83906996,11.15455656,1,,-0.527100920677,0.724274396896,2.6831703186
56,14,H,14.30700678,12.93397422,13.25929676,1,,2.20075035095,0.159464031458,3.31497383118
56,15,H,10.27497893,11.38797739,12.28267759,1,,3.10525631905,1.28402197361,0.180505812168
56,16,H,13.6280779,10.92105174,14.87388076,1,,3.11758375168,-1.35250353813,1.33652794361
56,17,H,14.28368686,13.11021925,10.57190199,1,,2.2076292038,-1.3800740242,-0.450565934181
56,18,O,9.30340964,9.75543542,13.97902022,-2,,-3.97425055504,2.85683584213,-0.137026429176
56,19,O,11.13596549,9.30722311,12.38679075,-2,,-0.757977247238,-1.99855041504,-0.398977041245
56,20,O,14.9435999,13.10619457,14.0915654,-2,,-1.42931270599,-1.64345884323,-2.00842666626
56,21,H,13.64623725,14.97214645,12.09947605,1,,4.16965103149,3.6605591774,6.87783813477
56,22,O,12.86950066,11.16520356,14.45838245,-2,,-3.96632003784,0.862823843956,-0.139890477061
56,23,H,10.48693463,8.6324603,12.72815839,1,,1.08095741272,0.930665850639,-0.370578825474
56,24,H,12.07031125,13.86987285,12.66804496,1,,0.7539716959,2.14287376404,-0.46436598897
56,25,H,12.9516702,11.11780929,13.51701267,1,,0.633841693401,-0.431062340736,-0.439905256033
56,26,H,8.73309857,10.58348207,13.68999801,1,,0.941220283508,-2.69509840012,1.81200158596
56,27,O,11.93279502,12.9796802,12.82665961,-2,,-4.52891921997,-2.2655851841,4.70183849335
56,28,O,13.21696578,14.64482175,11.44560349,-2,,-7.66250896454,-2.75573682785,-6.85864162445
56,29,O,9.54714692,11.49285469,11.71573669,-2,,-2.38188290596,-1.76707732677,1.40315580368
56,30,H,12.68083486,8.9633525,10.88479587,1,,1.25841593742,-2.5309317112,1.63648414612
56,31,H,12.15857303,14.741075,11.57728663,1,,4.30072021484,0.142196595669,-1.1240196228
56,32,H,11.82851198,11.71391916,10.47526388,1,,-1.05335342884,-1.68241107464,-0.542340397835
56,33,H,12,12,12,1,,0.176337167621,0.098836004734,-0.109430074692
57,0,O,11.23136845,12.74120268,10.58270635,-2,,2.85455942154,-2.17129611969,-1.51574063301
57,1,H,15.52199755,12.36335276,9.84850071,1,,-3.88716983795,1.78060102463,2.58671689034
57,2,H,8.94641438,10.86572163,12.46665692,1,,-0.869132995605,0.665076434612,-1.86463522911
57,3,H,13.04831635,9.98974428,9.80664582,1,,-1.51988208294,-0.894181966782,1.71076631546
57,4,O,13.73529804,10.48921498,12.1593985,-2,,1.46410214901,1.7841501236,0.901008069515
57,5,H,15.14790802,10.56705473,9.45923117,1,,-1.66064071655,1.08461797237,-2.34112691879
57,6,H,10.33322646,12.96596204,10.56078362,1,,-1.97488200665,-0.363359183073,-0.102680981159
57,7,H,15.90438065,11.42440927,10.76861149,1,,-1.32904028893,-5.03168439865,-2.23978161812
57,8,H,13.93019695,11.37897114,11.71300364,1,,0.102112233639,-2.02584791183,0.584993302822
57,9,H,10.94678734,13.11272444,13.62459596,1,,-0.639728724957,0.083154797554,1.33687782288
57,10,H,16.07115438,13.57074238,16.66197642,1,,-1.63881754875,-0.021026942879,0.786073088646
57,11,O,12.31947518,9.79216152,10.47257612,-2,,-0.218198359013,-1.14746820927,-2.47233724594
57,12,H,10.85284001,9.46857392,11.70932958,1,,-1.28291845322,-0.0630620270967,-4.87565326691
57,13,O,13.4993018,17.20177783,13.35940396,-2,,0.86764395237,0.073283970356,-0.149143844843
57,14,O,12.12447569,15.49309478,14.42113418,-2,,-2.25330781937,-1.48857116699,-1.68344855309
57,15,O,14.79335674,12.55746326,10.71733531,-2,,-1.33155179024,2.44136452675,-1.44457507133
57,16,H,14.72403967,12.42343997,14.70099683,1,,0.32290917635,-2.36662387848,0.675200343132
57,17,H,13.95745803,9.86886229,11.45536065,1,,0.766947865486,0.856872797012,0.877269268036
57,18,H,14.81624564,13.43774944,15.76490006,1,,0.27628993988,1.30513489246,4.30353593826
57,19,O,15.08585404,13.51144363,16.8264328,-2,,1.35778677464,-0.394409388304,-3.86980128288
57,20,H,14.06799384,13.01414741,13.6040574,1,,-1.00881457329,0.327258825302,-0.636301755905
57,21,H,10.00180935,11.62256967,12.63765545,1,,0.641345739365,1.13171827793,-1.49263572693
57,22,H,17.22160036,12.14001968,8.31207722,1,,-0.0726361572742,-1.82531762123,1.62189209461
57,23,O,16.4815625,12.42377704,8.884169,-2,,2.97339677811,1.2228115797,-4.06246900558
57,24,H,13.4940117,10.9745368,15.19274944,1,,-3.64542531967,0.94984805584,-2.82323694229
57,25,H,11.40081671,14.91229071,13.89922699,1,,2.78816056252,3.03104448318,2.22388362885
57,26,H,13.92900344,13.13835077,10.67086071,1,,2.79885101318,-1.09071791172,-0.351444154978
57,27,H,13.36119238,17.97795321,13.9100319,1,,0.0722059831023,0.0328315496445,-0.455984532833
57,28,O,15.68523261,10.46376315,10.18342506,-2,,4.18274497986,0.518193364143,4.87730407715
57,29,H,13.30783224,17.15043348,12.22137205,1,,0.215207651258,0.937640547752,3.64723563194
57,30,O,10.90795295,9.41413878,12.59156468,-2,,-0.116145610809,-1.107899189,6.84367322922
57,31,O,14.69803123,13.24056742,14.27272391,-2,,0.822587013245,1.44921803474,-1.33621668816
57,32,H,12.13103895,16.69917878,10.84575746,1,,0.934275507927,-0.18023891747,0.546543955803
57,33,H,13.5385208,15.04643302,12.51141775,1,,-1.62250614166,-0.698320269585,-2.27794122696
57,34,O,12.61733718,11.3139312,14.62827475,-2,,3.29273939133,-1.69279718399,0.0810662955046
57,35,H,10.28506301,8.81489603,13.07554509,1,,0.939642548561,0.822913169861,-1.57275295258
57,36,H,11.99567232,14.09693637,12.81206286,1,,-1.00328099728,-4.82406806946,1.20368123055
57,37,O,12.94677692,17.13785366,11.15504302,-2,,-1.85329604149,1.58045113087,-5.1666097641
57,38,H,12.73352127,11.18619854,13.58252505,1,,0.265530645847,-0.207709670067,3.46974563599
57,39,O,11.66399694,13.10111807,13.01661576,-2,,0.787774384022,3.91901302338,-0.32836073637
57,40,O,12.99718845,14.75028379,11.67101629,-2,,-0.593439877033,0.844910740852,2.1421148777
57,41,O,9.32176872,11.61415188,11.92520687,-2,,-0.272410780191,-1.95067441463,3.33865690231
57,42,H,12.56900341,9.15072384,11.19694311,1,,-0.0780387818813,1.31023156643,-1.47371411324
57,43,H,11.99137733,14.92143142,11.8356267,1,,3.04793930054,-0.0734384506941,-0.909667849541
57,44,H,12.88750245,18.00833989,10.70723486,1,,0.437651306391,-0.363585978746,0.588684678078
57,45,H,12.6603595,16.23893449,13.8951191,1,,-1.33921813965,-1.38530731201,0.645653188229
57,46,H,16.45616132,13.15707462,8.26268,1,,-1.64038944244,1.28738594055,0.892171502113
57,47,H,11.3819074,11.72537662,10.67657472,1,,-1.35142195225,2.84070324898,-0.993873536587
57,48,H,12,12,12,1,,0.989890992641,-0.912825942039,0.5553855896
58,0,O,11.03821442,12.81180977,10.7683395,-2,,-3.51486086845,-3.25468111038,-1.75768399239
58,1,H,9.83178901,10.01320738,14.03368985,1,,-2.30853223801,1.41055107117,1.10240805149
58,2,H,15.23970989,12.25604788,10.0133411,1,,-3.35634255409,2.34150481224,1.39422488213
58,3,H,8.63875215,10.93174856,12.50201562,1,,-0.310433804989,-0.412461012602,0.315130323172
58,4,H,12.80352847,10.01532116,10.1221219,1,,4.12576580048,1.34661340714,-3.10013008118
58,5,O,13.58970018,10.54897518,12.35297706,-2,,1.29082727432,4.35853052139,1.17299008369
58,6,H,14.88805055,10.65483029,9.61183051,1,,0.757624030113,0.022642403841,0.78277438879
58,7,H,10.03992297,12.99317541,10.73416701,1,,2.48573565483,0.240380913019,-0.00190877914429
58,8,H,15.70579126,11.50477195,10.84957114,1,,-0.611911356449,-5.20672798157,-1.09914076328
58,9,H,13.85156742,11.49646171,11.82994777,1,,-0.498887896538,-4.08635616302,1.41771578789
58,10,H,10.7800095,13.20953251,13.8037022,1,,-1.57447111607,0.814017057419,2.68951463699
58,11,O,12.07915807,9.82312287,10.58602714,-2,,-3.65100240707,-4.22770881653,4.43452835083
58,12,H,10.69679355,9.51249238,11.72927492,1,,-1.03857505322,-0.697048068047,3.55543756485
58,13,H,8.9938139,11.02266584,10.34347141,1,,-2.15426540375,-4.27264738083,0.977511465549
58,14,H,8.2759589,10.0691378,11.37349415,1,,-1.44996523857,-0.583746373653,5.02118206024
58,15,O,14.56929631,12.62792596,10.82898485,-2,,4.2433385849,-0.954361200333,-0.142069935799
58,16,H,14.44131867,12.39946778,14.86965091,1,,0.87745141983,1.69742810726,0.0322591364384
58,17,H,13.67315636,9.83675761,11.75695635,1,,1.43657696247,0.00115128606558,-0.503668487072
58,18,H,13.79660704,13.01811367,13.86203348,1,,-2.10175800323,0.213355839252,-2.00471782684
58,19,H,9.78905097,11.83759531,12.89724076,1,,-1.48980617523,-0.274207830429,-2.76228141785
58,20,H,17.08638967,12.13861054,8.41019799,1,,-2.41169261932,-0.254521936178,2.89210009575
58,21,O,16.2920773,12.4483507,9.06423533,-2,,4.3226480484,1.0655105114,-5.4660987854
58,22,H,13.20597194,11.00600706,15.3653478,1,,-3.19374299049,0.824350953102,-2.71479797363
58,23,H,13.75004961,12.98942911,10.70930907,1,,-3.26037216187,1.84270381927,-1.16514992714
58,24,O,8.88644323,9.9556183,14.41418925,-2,,2.30192399025,-2.03695940971,0.70615953207
58,25,O,15.51196032,10.50288561,10.35328041,-2,,1.18626654148,1.51954269409,1.01665472984
58,26,O,10.71045294,9.42806945,12.78816683,-2,,2.86383414268,1.4434889555,-3.42766594887
58,27,O,14.48066056,13.28772741,14.42029082,-2,,1.34014904499,-1.51296281815,1.82326960564
58,28,H,13.40358718,14.99893962,12.81540546,1,,-2.33546924591,-0.609950125217,-3.85000920296
58,29,O,12.40192645,11.3691033,14.76191918,-2,,2.56398677826,-1.39594268799,3.00539970398
58,30,O,8.46631203,10.06167067,10.51956793,-2,,2.5801858902,1.47376966476,-6.53420639038
58,31,H,10.12267368,8.90693344,13.28553029,1,,-1.36002659798,-2.2802696228,-0.804020404816
58,32,H,11.90078132,14.01795038,12.96851866,1,,-1.56652259827,-2.88852357864,0.874534487724
58,33,H,12.54193583,11.13877091,13.82727084,1,,0.473958194256,-0.346458137035,0.243321865797
58,34,H,8.11864352,11.63743839,8.78921746,1,,0.766998887062,-0.256934374571,2.55343580246
58,35,H,8.33134196,10.65549044,14.18023159,1,,-0.793877601624,1.63543796539,-0.184231728315
58,36,H,9.08226343,12.50109044,8.37709847,1,,0.944823682308,-0.56893157959,3.66526174545
58,37,O,11.43291632,13.13175815,13.17257771,-2,,1.88996338844,1.97535014153,-0.883157908916
58,38,O,12.80535472,14.76312396,11.88598427,-2,,5.77006530762,0.578610181808,3.0891430378
58,39,O,9.12558171,11.64139784,12.1193874,-2,,2.17259788513,2.33400774002,3.48491001129
58,40,H,12.47431163,9.24346884,11.40974082,1,,-2.23283410072,2.26583480835,-2.99938774109
58,41,H,11.94259744,15.04492029,12.01028793,1,,-2.47822403908,1.48945975304,-0.11838183552
58,42,O,8.8769567,12.03855803,9.33212066,-2,,-1.92017793655,2.38292002678,-7.79489517212
58,43,H,16.17436222,13.23850223,8.49232108,1,,-0.851644694805,-0.0400708913803,1.28490495682
58,44,H,10.89596687,11.75150248,10.79784409,1,,0.981110811234,3.73549938202,-0.429927110672
58,45,H,12,12,12,1,,1.08956575394,-0.851192176342,0.20876199007
59,0,O,10.91426782,12.76290667,10.92065788,-2,,-5.02759456635,-2.04353952408,-2.2462272644
59,1,H,9.6778822,9.92321152,14.25740778,1,,-0.154453098774,1.80499744415,-0.181765019894
59,2,H,14.89086041,12.21768476,10.19579727,1,,0.196117311716,0.570744991302,-1.81429696083
59,3,H,8.3583211,10.89406337,12.53366629,1,,1.12319803238,1.66593778133,2.40402197838
59,4,H,12.80328954,10.01179606,10.28374611,1,,-2.69707870483,-0.205280929804,0.187911555171
59,5,O,13.52104324,10.52113387,12.51886257,-2,,0.934260129929,0.71994805336,0.103498086333
59,6,H,14.73644156,10.61822626,9.73761645,1,,2.32986164093,-0.723708152771,2.27413129807
59,7,H,9.91019607,12.90698236,10.90373973,1,,2.13361263275,1.98150539398,0.139165118337
59,8,H,15.55090211,11.23017728,10.88283818,1,,1.08772945404,3.5396528244,2.72341823578
59,9,H,13.8361927,11.32373975,11.96915676,1,,-0.603728890419,-2.31073331833,1.03031086922
59,10,H,10.5330816,13.26290204,14.07653449,1,,4.05766010284,-0.396347820759,-2.8996925354
59,11,O,11.90661265,9.7392082,10.68203294,-2,,2.96404075623,-0.241056606174,-1.57498049736
59,12,H,10.545281,9.38046479,11.8669222,1,,-0.820199429989,-0.357739835978,3.98549127579
59,13,H,11.61987088,14.42572966,9.24617541,1,,2.08914637566,1.26339828968,2.83356118202
59,14,H,9.01495845,10.99637777,10.47412415,1,,-3.84575033188,-5.7197971344,0.491506755352
59,15,H,8.21339103,10.30322994,11.643444,1,,-0.560007691383,-3.62868928909,-5.53402233124
59,16,O,14.42455872,12.58316161,10.91209432,-2,,-1.42890846729,2.20343017578,1.50995457172
59,17,H,14.29019922,12.27071104,15.02219964,1,,0.814438581467,3.72493267059,-1.35226011276
59,18,H,13.51221785,9.70138151,11.99001112,1,,1.27833855152,1.50944638252,0.931293606758
59,19,H,13.49809261,12.93366505,13.9744564,1,,2.37077617645,1.3379676342,1.61457657814
59,20,H,9.56760026,11.94150078,12.99847224,1,,-0.180148929358,-0.738542199135,-0.0534884035587
59,21,H,12.85867788,10.99019932,15.41594578,1,,4.11202526093,-2.77859807014,4.29093551636
59,22,H,13.52876307,12.7946686,10.62734412,1,,0.0265698432922,0.0689246952534,-0.16836348176
59,23,O,8.77962279,9.89257917,14.59524735,-2,,-3.47463870049,1.44670510292,0.660552024841
59,24,O,15.4138219,10.44623122,10.50257818,-2,,-1.8864710331,-5.49753570557,-5.33585739136
59,25,O,10.59780431,9.34245832,12.94865524,-2,,1.3568662405,0.111935019493,-3.29016399384
59,26,O,14.34103164,13.22552689,14.5397719,-2,,-3.03185796738,-4.75036334991,-0.383861899376
59,27,H,13.22067529,14.79964011,12.87780384,1,,0.742779493332,0.520826101303,0.700112700462
59,28,O,12.26941914,11.31859508,14.86802746,-2,,-4.85734367371,3.48767256737,0.231964230537
59,29,O,8.33408101,10.00489966,10.65371404,-2,,2.64065408707,4.02057886124,2.71430110931
59,30,H,9.95180744,8.79636654,13.39547737,1,,-0.254750519991,-0.938004970551,-1.25682508945
59,31,H,11.8241147,13.71461464,13.11721024,1,,3.05774354935,4.77759361267,-1.09273374081
59,32,H,12.43074098,10.94522568,14.0635096,1,,0.576286494732,-1.65636944771,-3.85750722885
59,33,H,8.01831729,11.56574946,8.93668896,1,,0.764595746994,-0.499882012606,2.6369342804
59,34,H,8.1251609,10.67497042,14.37412651,1,,2.88791322708,-2.41583991051,0.814515352249
59,35,H,8.92645395,12.47776972,8.74549096,1,,2.04755520821,1.85013246536,-0.325538992882
59,36,O,11.29072213,13.05202071,13.29130764,-2,,-8.71529769897,-4.21947383881,6.17391252518
59,37,O,12.70904745,14.6680825,12.09340359,-2,,-0.321010410786,0.864349603653,1.36511301994
59,38,O,9.01440396,11.57082392,12.29511434,-2,,0.22521391511,2.22021889687,0.603726744652
59,39,H,12.33639147,9.29151686,11.42998971,1,,-1.657995224,0.0103074237704,-0.0637311190367
59,40,H,11.83826823,15.1278263,12.16544492,1,,1.25084614754,-0.305494844913,-0.352956235409
59,41,H,12.72012003,14.60826473,10.61464335,1,,-0.821769237518,-0.307977497578,-1.43661892414
59,42,O,8.7330242,11.98588796,9.51990644,-2,,-2.82474279404,0.545136332512,-3.80642700195
59,43,H,10.53096753,11.83681913,10.85955217,1,,2.81974363327,0.387528151274,0.116785891354
59,44,O,12.10528993,15.0038088,9.9607966,-2,,-1.70184373856,-0.268027424812,-3.65838766098
59,45,H,12,12,12,1,,0.977618694305,-0.630867242813,0.148012548685
60,0,O,11.51034532,14.19558328,13.28138884,-2,,2.35167694092,1.06879508495,-0.432177752256
60,1,H,14.54650185,9.23570282,12.89353898,1,,0.105631574988,-0.313955008984,0.49782115221
60,2,H,10.68746062,12.65868487,9.88571059,1,,-4.00581550598,-1.5204744339,2.24494028091
60,3,H,9.4915186,15.42114465,11.26387848,1,,-0.0459920614958,-0.725218892097,-0.495816111565
60,4,H,9.18045502,13.32574383,10.27860715,1,,2.32136678696,-4.33644151688,0.937713027
60,5,O,13.97765809,13.77852428,11.79707481,-2,,-0.280179530382,-0.232060432434,0.926462888718
60,6,H,14.33428803,11.2248958,14.73567336,1,,0.130842491984,-0.0298671349883,-0.337382465601
60,7,H,13.85562538,11.52998412,10.18951105,1,,0.0581692457199,-0.90908575058,-1.53130412102
60,8,H,12,12,12,1,,0.887158632278,0.7878023386,0.809770226479
60,9,H,12.46007828,14.12453365,13.06349418,1,,0.413220703602,1.43995368481,-1.62492084503
60,10,H,9.29104519,12.47233401,12.93574188,1,,0.746513485909,-1.99326944351,-0.859454751015
60,11,H,15.86896449,11.40515765,12.25946607,1,,-1.08598601818,2.11467576027,0.663863778114
60,12,H,13.61594269,13.44660434,10.98001197,1,,-0.267349034548,0.378780186176,0.0281938370317
60,13,H,14.56819581,11.21294752,8.66413352,1,,0.817142724991,-1.28927218914,-0.406340062618
60,14,H,11.66002835,13.46937907,13.78981899,1,,-1.18808829784,-3.55677938461,2.89057946205
60,15,O,12.8267132,11.76590777,10.9541414,-2,,6.59968757629,-0.111390054226,7.10101795197
60,16,O,14.51893761,9.90774004,12.2261536,-2,,-2.28775787354,1.93154990673,-0.982287883759
60,17,H,12.05656049,11.75423644,10.60985029,1,,-9.37839889526,-0.763714373112,-6.47358512878
60,18,H,10.65489514,14.85272448,12.35022766,1,,-0.549434661865,-0.667294561863,-0.818327903748
60,19,H,16.51831757,12.700786,12.83996006,1,,0.318518072367,0.5948792696,0.143308490515
60,20,H,10.17358507,9.26889671,17.01800534,1,,0.719652175903,-2.81842708588,-1.28760969639
60,21,O,14.20204622,11.81713295,9.27421371,-2,,-0.114484548569,1.59969592094,0.0920055657625
60,22,H,12.47764174,9.2519561,12.26773491,1,,-0.491195619106,-0.387133896351,-0.975526034832
60,23,O,15.69023308,12.40061347,12.48980393,-2,,2.57783603668,-4.55332708359,0.17439340055
60,24,O,12.844375,9.50806355,16.52870293,-2,,2.60887622833,4.17598676682,1.31488955021
60,25,O,10.66616389,8.45773061,16.58725257,-2,,-0.829523921013,3.74126672745,1.68006896973
60,26,H,12.87306762,11.08281435,14.93199403,1,,-0.290464043617,0.221368104219,-0.636250495911
60,27,O,12.12356432,9.95554869,12.78979874,-2,,-1.11579358578,-2.10990834236,1.91547298431
60,28,H,9.51029788,11.18489531,11.88890466,1,,0.0799774229527,1.56806254387,2.31745004654
60,29,H,14.50108089,12.94049096,12.12785542,1,,-1.20415234566,2.77540135384,-0.657294988632
60,30,O,9.79661873,12.28913799,10.47983471,-2,,1.696428895,6.38278675079,-4.66221094131
60,31,H,13.48033774,10.37679292,12.41553132,1,,4.51151895523,-1.88052117825,-0.0350325480103
60,32,H,13.60341038,9.6550764,17.27680494,1,,-3.04327464104,-0.0379243791103,-2.89442586899
60,33,O,13.55158792,10.86983832,14.29844565,-2,,1.04449558258,1.51830267906,1.22135400772
60,34,H,11.82111138,10.70327639,12.3422107,1,,-1.17475533485,0.921085417271,-1.61503124237
60,35,H,12.46199736,10.43969447,16.12073714,1,,1.87004566193,-3.79819011688,2.53294324875
60,36,H,11.58498084,8.91032601,16.65588702,1,,-1.68386662006,-2.03573274612,-0.139420151711
60,37,O,10.07042476,15.52775041,11.99806425,-2,,-0.795665681362,2.42620158195,0.108366012573
60,38,H,15.02836299,12.61548149,10.02984507,1,,0.737341821194,0.27997931838,-0.476382821798
60,39,O,9.69235535,11.55889985,12.8143777,-2,,-0.763922393322,0.143415242434,-0.259834110737
61,0,O,11.20907533,14.19308188,13.40699503,-2,,1.40870714188,-1.8902810812,1.71211051941
61,1,H,14.39042048,9.07514815,12.98967269,1,,-0.939998447895,2.69999837875,-1.79265975952
61,2,H,10.25859354,12.50090298,10.13038763,1,,4.9043879509,1.04989290237,-2.97483539581
61,3,H,9.22467131,15.40305772,11.42313335,1,,-1.35219573975,-0.65501087904,-2.87311220169
61,4,H,9.0713905,13.21037308,10.41806017,1,,0.952931404114,-3.66566419601,0.996636867523
61,5,O,13.69200051,13.68633721,11.94433119,-2,,0.590460181236,0.894477427006,1.75674271584
61,6,H,14.07337972,11.21806086,14.94426756,1,,-1.66535258293,-0.604718983173,-1.07203137875
61,7,H,13.52902088,11.44565606,10.20941037,1,,0.177020549774,-0.767964959145,0.823666810989
61,8,H,12,12,12,1,,2.45313811302,0.0639930814505,-1.95120596886
61,9,H,12.11639992,14.20007261,13.11973875,1,,1.5242459774,0.717187106609,-0.880508780479
61,10,H,8.90897986,12.29047151,12.90579692,1,,-0.859703302383,1.67634725571,0.297566235065
61,11,H,15.58540496,11.35348038,12.46325274,1,,-0.0647329688072,1.4478302002,0.461910545826
61,12,H,13.25955844,13.4424825,11.15627527,1,,-0.452836960554,-0.122348830104,-1.09678864479
61,13,H,14.29160305,10.96077252,8.9218922,1,,-0.429428309202,1.94447231293,0.98204690218
61,14,H,11.29875617,13.34440659,13.85377397,1,,-0.997198939323,-0.0607661008835,0.293813914061
61,15,O,12.53736887,11.74717913,11.1301037,-2,,-7.88223552704,0.71969127655,2.79734230042
61,16,O,14.23024647,9.86851649,12.34693665,-2,,1.13940620422,-1.61609005928,0.57723492384
61,17,H,11.66984327,11.77293556,10.58312251,1,,2.47218465805,-0.557967662811,0.50804901123
61,18,H,10.51591453,14.92844159,12.32467362,1,,2.2934718132,-2.88184261322,-0.18668627739
61,19,H,16.24397094,12.91588002,12.87411371,1,,-2.16752052307,-2.10816907883,-0.898532152176
61,20,O,13.93688954,11.76880787,9.42081702,-2,,1.98041033745,-1.95792746544,-4.27798175812
61,21,H,12.11586752,9.25320035,12.08029162,1,,-1.05977606773,1.76648914814,2.30621623993
61,22,O,15.43235,12.33256224,12.62898605,-2,,4.10198783875,-1.141898036,1.34422087669
61,23,H,12.54880413,11.00216524,14.98280767,1,,-1.36258149147,0.154486685991,1.16389989853
61,24,O,11.85170008,9.8643614,12.87530543,-2,,-0.922013223171,-2.95933413506,-2.43975806236
61,25,H,9.3163897,11.18212931,12.03152266,1,,0.41405031085,0.613854825497,2.3120136261
61,26,H,14.35006536,12.89339749,12.19170409,1,,-1.64270615578,2.35662913322,-0.64834433794
61,27,O,9.53156732,12.24630696,10.5601388,-2,,-5.96935176849,3.11337733269,0.698517084122
61,28,H,13.35058961,10.33498166,12.57828701,1,,2.19853854179,-1.66912698746,0.483262687922
61,29,O,13.2848617,10.85422924,14.4336575,-2,,3.29283118248,1.35240888596,1.35328638554
61,30,H,11.50040169,10.64585895,12.45682358,1,,-0.760500192642,-0.461320668459,0.0929961502552
61,31,O,9.80095515,15.4311438,12.11561092,-2,,-2.71107292175,4.65198802948,1.67439365387
61,32,H,14.83205191,12.59560792,9.96395672,1,,0.747408390045,0.405636459589,0.00370225310326
61,33,O,9.46011034,11.54335591,12.96764917,-2,,0.588022828102,-2.50832891464,-1.54718470573
62,0,O,10.84358596,14.141156,13.49641232,-2,,3.0224738121,-4.77612161636,2.28678369522
62,1,H,14.10758348,8.98490641,13.00153946,1,,-0.878317594528,1.93617773056,-1.11529064178
62,2,H,10.01738202,12.34101079,10.22104032,1,,0.773132920265,0.0568172633648,-0.780878901482
62,3,H,8.83096614,15.29713996,11.39139682,1,,2.46236252785,-0.143444567919,1.83957970142
62,4,H,8.86770913,12.94189583,10.57463726,1,,-4.4115281105,8.96933555603,0.153271108866
62,5,O,13.34021728,13.54515805,12.05922584,-2,,-3.58712530136,3.98227787018,-1.33978712559
62,6,H,13.66837169,11.13412821,15.07369873,1,,0.00404621474445,0.36646682024,0.468123674393
62,7,H,13.09941946,11.26373162,10.25684285,1,,0.582909584045,1.34148204327,1.05362033844
62,8,H,12,12,12,1,,-2.98887825012,5.19481039047,11.1156387329
62,9,H,11.77282264,14.25130272,13.10888595,1,,-0.816297769547,-0.953689455986,1.35327386856
62,10,H,15.20147437,11.30348688,12.63595861,1,,1.39739632607,-2.76811861992,-0.163794398308
62,11,H,12.79932822,13.38774129,11.23647802,1,,1.71014904976,0.323002874851,1.40305328369
62,12,H,13.97256809,10.74928948,9.20396667,1,,0.258025407791,2.50856256485,-0.123530656099
62,13,H,10.8239878,13.11550117,13.93244605,1,,0.413112699986,4.35863113403,-1.97309327126
62,14,O,12.16328648,11.68034003,11.27215963,-2,,-2.54622364044,-5.8105430603,-13.6997013092
62,15,O,13.88016549,9.77796694,12.43084145,-2,,10.0393848419,-6.1295580864,-3.72776031494
62,16,H,11.29624621,11.70910078,10.52788162,1,,3.06796050072,-0.286966890097,3.40272045135
62,17,H,10.42088413,14.78265261,12.27512106,1,,-4.63886356354,1.43629014492,-1.06849145889
62,18,H,15.7845229,12.99593233,12.88697908,1,,-1.19846320152,-3.62565374374,-0.463330298662
62,19,O,13.6192818,11.67752744,9.52795924,-2,,3.53673291206,-1.52156949043,-2.4870839119
62,20,H,11.64926556,9.28746405,11.98423234,1,,-0.271083682775,0.564714968204,2.88166046143
62,21,O,15.11744567,12.21323302,12.73608393,-2,,1.47031354904,5.31487941742,1.2377204895
62,22,H,12.09333511,10.89882453,15.00485344,1,,1.69343543053,-0.191664755344,-0.375336825848
62,23,O,11.51247896,9.71943823,12.91691436,-2,,-2.4202337265,-0.382161706686,-3.93843388557
62,24,H,14.03722671,12.92485694,12.19290864,1,,1.09380924702,-1.45506858826,-0.0487039983273
62,25,O,9.18103522,12.16404767,10.60689081,-2,,3.09147787094,-8.6823091507,0.445781767368
62,26,H,13.20766434,10.17881559,12.74751583,1,,-7.05908679962,3.72851324081,4.06529903412
62,27,O,12.96092205,10.79531879,14.53542976,-2,,-1.56174683571,0.528462409973,1.09909665585
62,28,H,11.065327,10.52666187,12.53623547,1,,0.290785074234,-1.37647294998,1.20094656944
62,29,O,9.45283759,15.30481942,12.20331367,-2,,-0.242191016674,-0.0129254460335,-2.48958039284
62,30,H,14.46518314,12.41846707,9.74734038,1,,-2.28746914864,-2.49415659904,-0.211772248149
63,0,O,10.62533208,13.88549025,13.1614892,-2,,0.0696220397949,-2.49151110649,0.518728613853
63,1,H,13.9149566,8.77448196,12.57881854,1,,0.946719169617,-3.37638139725,2.23041415215
63,2,H,7.65807528,6.39673097,11.52367883,1,,0.213814765215,-1.78540790081,3.68340492249
63,3,H,10.02723519,12.02391885,9.83513939,1,,-5.33599853516,-0.0532955825329,1.50331711769
63,4,H,8.59084707,12.83894335,10.32051174,1,,1.4475581646,-2.90816164017,-0.32662576437
63,5,O,13.11458949,13.22212042,11.74197199,-2,,-3.1530520916,3.77244520187,-0.00351440906525
63,6,H,13.40252349,10.88505654,14.80836512,1,,0.582880496979,0.759695291519,1.16645646095
63,7,H,12.80482453,10.95970057,9.97517233,1,,1.45665478706,2.78541612625,0.431968688965
63,8,H,12,12,12,1,,-0.529398322105,-1.13954126835,-2.83843517303
63,9,H,11.51630327,14.05985009,12.74776894,1,,-1.09191894531,-1.13775002956,0.961410284042
63,10,H,14.98978154,10.94777287,12.3666046,1,,0.910571694374,0.0539571493864,-0.00926852226257
63,11,O,7.88348964,5.96847,12.51568109,-2,,-1.09260773659,0.998772263527,-3.21208548546
63,12,H,12.5468935,13.15440898,10.94386904,1,,1.61857461929,-0.0261841416359,0.619758009911
63,13,O,10.63154481,7.40216385,10.86539937,-2,,1.41937303543,3.8660030365,1.55049836636
63,14,H,13.82683493,10.47568506,9.06570354,1,,0.591577589512,0.988719463348,-0.782939553261
63,15,H,10.49858377,12.89502426,13.50067155,1,,1.09549307823,3.5755739212,-1.43394303322
63,16,O,11.91682253,11.40897482,10.9499908,-2,,-0.754971861839,-0.749870181084,2.27549147606
63,17,H,8.14228567,8.69090036,11.51910409,1,,1.5451438427,1.37122261524,0.673436760902
63,18,H,8.16278588,5.75444127,10.27410327,1,,1.22101402283,1.00222408772,-1.20286619663
63,19,H,10.8122442,8.06451602,10.16702726,1,,0.17450606823,-1.16696345806,-0.345030635595
63,20,O,13.69370555,9.48506701,12.07665076,-2,,-1.23194992542,4.66400337219,-1.52266180515
63,21,H,9.28997659,6.94523325,10.45867517,1,,1.05957174301,-0.634796559811,-0.326684772968
63,22,H,11.26727863,11.43279968,10.25905826,1,,-1.19481229782,0.471672564745,0.576844573021
63,23,H,15.3794505,12.76559438,12.52005026,1,,1.52507591248,-1.31099939346,0.388378500938
63,24,H,8.12371864,5.0574926,12.29101573,1,,-0.0171793326735,0.360817909241,0.213582068682
63,25,O,13.44926631,11.38848834,9.20152802,-2,,-3.05356025696,-6.02341556549,-1.11169302464
63,26,H,11.35701175,9.17864081,11.61273918,1,,1.6831561327,-1.17308318615,-1.39891779423
63,27,O,14.94485588,11.91598918,12.41919849,-2,,-1.02415812016,0.584771633148,0.0804876983166
63,28,H,10.30990393,8.22352507,11.61189103,1,,1.41318750381,-4.44105148315,-2.99679851532
63,29,O,8.49699146,6.63821437,9.97417056,-2,,-2.69486713409,-1.44234216213,-0.527506411076
63,30,H,11.84136889,10.6186824,14.54801756,1,,1.81508493423,-0.0842679068446,-0.0400235652924
63,31,O,11.30712941,9.38550519,12.51809628,-2,,-1.94694840908,1.37614679337,1.03677654266
63,32,H,13.90309915,12.70317459,11.76267377,1,,0.873334527016,-1.59036540985,-0.461203724146
63,33,O,8.97097131,11.87150976,10.22794538,-2,,3.43421220779,3.23942089081,-1.41180205345
63,34,H,12.92796024,9.95616072,12.64678716,1,,2.50814628601,-1.84005558491,-1.47995495796
63,35,O,12.7715994,10.54680216,14.21123346,-2,,-2.54620051384,-0.0681749582291,-0.175581157207
63,36,H,8.61924097,7.44909476,11.80841147,1,,2.33176040649,2.43785238266,2.1132941246
63,37,H,10.7781953,10.16305574,12.26538343,1,,-0.175305873156,0.347597181797,1.29420661926
63,38,H,14.14349109,11.95042682,9.09607649,1,,2.7933511734,2.46160840988,0.505124986172
63,39,O,8.98909336,8.44956089,11.99231154,-2,,-6.8874540329,-1.67430019379,-0.216043010354
64,0,O,10.40657467,13.64422669,12.96500209,-2,,-2.33141589165,6.02025079727,0.135382056236
64,1,H,13.74409658,8.45548739,12.41656542,1,,-0.150459542871,0.756761074066,-1.0226790905
64,2,O,12.87047383,12.92804962,11.56195625,-2,,2.61022782326,-0.486164569855,2.17572808266
64,3,H,13.15704076,10.7062641,14.73527995,1,,-1.64414870739,-0.596281051636,-1.3483017683
64,4,H,12.50448992,10.81007491,9.94543618,1,,-2.59541392326,1.84935760498,4.49691867828
64,5,H,12,12,12,1,,0.657072544098,0.54564255476,0.344368100166
64,6,H,11.22443773,13.8235648,12.60789288,1,,2.32924079895,-0.386370658875,-0.948526263237
64,7,O,10.48917736,16.25539782,9.81722966,-2,,2.55575418472,-1.27051055431,-0.0400470532477
64,8,H,14.80061894,10.61638489,12.22890822,1,,0.156815707684,1.8968681097,0.148512601852
64,9,H,12.35671947,12.94565847,10.79171155,1,,-0.472016990185,0.284468978643,-2.03990197182
64,10,O,10.38646724,7.13411297,10.65302285,-2,,0.0867961645126,1.5112080574,5.5274887085
64,11,H,13.72197411,10.25806147,9.02401603,1,,0.240813285112,-0.72177118063,-0.0845398679376
64,12,H,10.21704553,12.81545344,13.16042316,1,,-0.576180458069,-5.73199319839,1.04840016365
64,13,O,11.66796632,11.15482896,10.7731015,-2,,5.39397716522,-3.23814058304,1.78541874886
64,14,H,7.98543084,5.55583072,10.08625809,1,,-1.0022572279,-2.15769052505,0.590776383877
64,15,H,10.51272825,7.64291442,9.91352888,1,,0.514482021332,1.53771579266,-3.17034196854
64,16,O,13.499238,9.22765269,11.85376494,-2,,-1.15232801437,0.689339220524,3.56000328064
64,17,H,9.17232346,6.52418834,10.28808559,1,,-2.11777496338,-0.279838562012,-1.13213539124
64,18,O,12.53791489,15.36407653,11.78970582,-2,,0.293643832207,4.80213022232,-1.85074996948
64,19,H,11.12599273,11.20092621,10.10250169,1,,-6.33674192429,0.794008553028,-5.71271038055
64,20,H,15.01750937,12.55456075,12.37959841,1,,1.5333712101,-0.864983916283,0.994588732719
64,21,O,13.26319171,11.10135664,9.01029487,-2,,2.34974479675,-0.507682204247,-2.74043488503
64,22,H,11.17312579,9.04767265,11.29903288,1,,1.61853742599,0.122537977993,-0.00336763262749
64,23,O,14.76314699,11.64083004,12.23763422,-2,,-0.421586811543,-1.22974991798,-0.882211089134
64,24,H,10.20481855,7.9155745,11.40649922,1,,0.490635961294,-3.48855066299,-2.11896371841
64,25,H,11.22729605,15.83344852,9.27242044,1,,-1.72067821026,0.995228052139,0.646745681763
64,26,O,8.27159371,6.37619764,9.78505554,-2,,1.62767136097,1.85243856907,0.0502374768257
64,27,H,10.93898715,16.23734685,10.69539323,1,,-1.2908898592,0.886149287224,-0.815965414047
64,28,H,11.64756583,10.38129758,14.20353049,1,,-0.566159665585,0.339541465044,0.874308347702
64,29,O,11.08981301,9.07848234,12.2560987,-2,,-2.46880602837,0.332926094532,-0.0574879050255
64,30,H,11.88187004,15.2740885,11.10159065,1,,0.364236712456,-1.40265274048,0.718889772892
64,31,H,13.79309859,12.41519988,11.45095935,1,,-2.77124023438,0.22002004087,0.27267023921
64,32,H,12.73932761,9.67990685,12.62154689,1,,3.46321988106,-1.71575593948,-3.02186012268
64,33,O,12.57017278,10.3191724,14.02155404,-2,,1.9073009491,0.548434913158,1.13280880451
64,34,H,12.65249142,14.71755404,12.41864874,1,,0.0512823015451,-2.54148364067,1.18554139137
64,35,H,10.48314326,9.83530328,12.22004111,1,,-0.00537525117397,0.103640891612,0.819442391396
64,36,H,13.96367336,11.62708737,8.59634673,1,,-0.621349871159,0.530952334404,0.481994450092
65,0,O,10.07397733,13.36069742,12.90017998,-2,,-1.83124041557,-0.510537743568,0.714845836163
65,1,H,13.45493902,8.10389278,12.38338917,1,,-0.221682608128,1.97323811054,-2.70237183571
65,2,H,9.25432577,11.42330594,9.70237112,1,,9.42295455933,2.09896278381,-1.98219048977
65,3,H,8.01605977,12.25095632,10.10056619,1,,1.93976187706,-3.64131402969,-0.968406379223
65,4,O,12.51363053,12.5750899,11.52248065,-2,,4.04972171783,1.94751667976,-3.43636465073
65,5,H,12.7247378,10.4695147,14.74132489,1,,-1.37229764462,-0.783019959927,-1.45870828629
65,6,H,12.05125169,10.7047877,10.1808588,1,,2.16887331009,-0.865763306618,-0.539138138294
65,7,H,12,12,12,1,,-1.58564424515,-2.29485702515,1.47352647781
65,8,H,10.95281214,13.50985713,12.58987306,1,,0.307930707932,-0.44650515914,-0.150696456432
65,9,O,10.19743549,15.92261242,9.7723565,-2,,-7.05985784531,3.37581324577,6.99470806122
65,10,H,14.51344276,10.33883388,12.22165546,1,,0.37520635128,0.148937016726,0.723030567169
65,11,H,12.03031994,12.68086338,10.65750818,1,,0.524493873119,0.343076497316,1.25010919571
65,12,H,9.81183858,12.42544147,13.0030456,1,,0.829285621643,0.905590116978,-0.3759958148
65,13,O,11.32073439,10.83829699,10.73784628,-2,,-5.40419387817,-0.659300684929,-4.07487773895
65,14,O,13.18798308,8.92036868,11.77077014,-2,,0.0975838303566,-2.74403476715,4.2374663353
65,15,O,12.16734686,15.0493418,11.73199168,-2,,2.34794926643,2.84823036194,2.74048519135
65,16,H,10.62724246,10.94264827,9.88483429,1,,2.35702419281,-0.817355155945,3.72273540497
65,17,H,14.6290786,12.28432775,12.47541587,1,,0.501033723354,-3.80328273773,0.239334046841
65,18,O,14.46440919,11.30567372,12.18166878,-2,,0.0606428384781,3.62971162796,-1.05295276642
65,19,H,10.80640264,15.63600398,9.29387459,1,,7.73836040497,-3.67141509056,-7.10880088806
65,20,H,10.64734325,15.9743276,10.62989195,1,,-1.18545198441,0.869645118713,-0.0914955213666
65,21,H,11.29438651,10.11701995,14.02254442,1,,0.86800545454,0.184064418077,0.551647365093
65,22,H,11.60768469,14.99737285,11.01450504,1,,-1.29504370689,-1.74342143536,-1.57453680038
65,23,H,13.47137396,12.04453715,11.27704906,1,,-2.20630455017,0.651542544365,1.57374358177
65,24,O,8.44958895,11.30324096,9.86358976,-2,,-11.999212265,1.87864923477,2.8894572258
65,25,H,12.62404154,9.24810422,12.55406174,1,,0.779789805412,0.479637414217,-1.90151154995
65,26,O,12.26332113,10.03708641,13.96320717,-2,,0.0434760153294,0.768489360809,1.41477036476
65,27,H,12.36455223,14.30284279,12.30060159,1,,-0.251162499189,-0.122297361493,-1.10781371593
66,0,O,9.89370822,13.30407323,12.63357458,-2,,0.0288539230824,-3.96026039124,-0.208421051502
66,1,H,13.30655625,8.08922581,12.03991553,1,,0.950532972813,-1.17233896255,-1.29647958279
66,2,H,9.27263868,11.42315304,9.43317175,1,,-4.4725446701,0.13536632061,0.274526357651
66,3,H,7.90311189,11.93414386,9.77728076,1,,-4.96722221375,10.319065094,3.29539632797
66,4,O,12.32666978,12.46465021,11.26173668,-2,,4.79822635651,1.10758280754,-4.68178939819
66,5,H,12.38031714,10.45385886,14.48608329,1,,0.0272837765515,0.150340586901,0.380428761244
66,6,H,11.94252378,10.81703964,10.12286119,1,,1.80722546577,-0.566975831985,-1.19898402691
66,7,H,12,12,12,1,,-1.59420847893,-1.59457612038,0.693998456001
66,8,H,10.86438041,13.39858894,12.38201208,1,,-2.67379832268,-0.288061708212,0.765384197235
66,9,H,14.40405124,10.30006061,12.03662445,1,,0.600617825985,-2.08667778969,1.47987961769
66,10,H,11.84496146,12.62853856,10.33991025,1,,0.172677516937,-0.243615150452,2.95971918106
66,11,H,9.59400676,12.24973925,12.6466913,1,,1.64724898338,4.38054656982,-0.248373433948
66,12,O,11.10180967,10.74905516,10.49210878,-2,,-5.80685710907,-0.988910734653,-2.79738712311
66,13,O,12.7889513,14.13090647,13.70945326,-2,,2.73243522644,1.5745446682,2.51980137825
66,14,O,13.03471655,8.83223413,11.49143696,-2,,3.09234046936,-2.82334852219,-3.72466516495
66,15,O,11.95553126,14.9715258,11.47148786,-2,,0.436459213495,-0.345634222031,0.86435520649
66,16,H,10.41836609,10.87209778,9.66583557,1,,3.37244486809,-1.36887693405,3.13836479187
66,17,H,14.45292581,12.10647749,12.43500681,1,,0.353014528751,-4.11168479919,-0.875940799713
66,18,H,13.05622607,15.09241558,14.23476442,1,,-0.764779925346,-4.6060757637,-2.44130444527
66,19,O,14.3128892,11.21014292,11.91549706,-2,,0.106912434101,5.98164844513,-0.729710161686
66,20,H,11.11102658,10.0929241,13.66550797,1,,2.10207796097,-0.244757562876,0.145222768188
66,21,H,11.4283251,14.87053617,10.66539846,1,,0.395294755697,-0.490388512611,0.752446889877
66,22,H,13.53569715,13.43152838,13.76039358,1,,-1.6760134697,2.62692928314,0.61480396986
66,23,H,13.2351822,11.87998974,10.95751128,1,,-2.16559028625,1.5964550972,1.78334927559
66,24,O,8.25577743,11.22926129,9.55090155,-2,,8.3378868103,-9.82077026367,-3.77057814598
66,25,H,12.66252706,9.08656152,12.23844903,1,,-3.71772623062,3.66246247292,4.85352087021
66,26,O,12.11167834,9.98440217,13.70246581,-2,,-2.40731906891,0.238170608878,-0.179688602686
66,27,H,12.24300232,14.11158875,11.9862694,1,,-0.715474247932,2.93984174728,-2.36787652969
67,0,O,9.88833149,13.43414322,12.19969986,-2,,-1.42930352688,-0.946233332157,-0.310654848814
67,1,H,13.39016313,8.20074805,11.48522668,1,,1.23943245411,-2.53763461113,0.0804920047522
67,2,H,9.294176,11.63926474,8.99762966,1,,-4.84342956543,-0.657690823078,0.233283758163
67,3,H,7.76707967,12.21900792,9.39476638,1,,1.89771389961,-3.06654214859,-1.1641895771
67,4,O,12.32930171,12.56851234,10.81225101,-2,,2.562759161,1.09496355057,-3.9483628273
67,5,H,12.22014936,10.66922424,14.08395572,1,,1.21023631096,-0.382554858923,-0.241112589836
67,6,H,12.12996044,11.08334946,9.75101279,1,,-4.85207748413,-1.83821153641,0.960877120495
67,7,H,12,12,12,1,,-0.766298532486,-0.87266099453,1.51692247391
67,8,H,10.82456916,13.4632291,12.06183072,1,,0.166130691767,-0.0309823006392,0.175239667296
67,9,H,14.50141742,10.39135062,11.73996492,1,,-0.37735503912,1.44773006439,-0.291645169258
67,10,H,11.81131616,12.74135076,9.96871744,1,,0.557826042175,-0.0915599390864,2.04943490028
67,11,H,9.62385218,12.49933968,12.11062042,1,,0.373916774988,0.805289387703,-0.0755641758442
67,12,O,11.03232723,10.86127339,10.07672999,-2,,9.47559356689,-1.23071122169,6.81682300568
67,13,H,11.91366915,12.12873253,15.10896835,1,,-3.42752718925,0.595938384533,0.142439603806
67,14,O,12.77748157,14.23379182,13.31537333,-2,,1.26030242443,4.0588850975,2.38786745071
67,15,O,10.66740595,13.36234685,14.83855474,-2,,-2.25964808464,3.54312801361,-0.512271940708
67,16,O,13.06226679,8.93886127,11.0330491,-2,,-1.50695323944,2.35899662971,2.80748796463
67,17,O,11.91659072,15.09289827,11.04452576,-2,,-1.02243900299,1.19389283657,-1.74458122253
67,18,H,10.53280657,10.93752073,9.41721258,1,,-5.98630142212,0.17011103034,-8.81125068665
67,19,H,14.48549702,11.97071331,12.22230702,1,,0.0795145109296,-1.53559494019,-1.09586310387
67,20,H,13.15950302,15.22103088,13.84487224,1,,-1.21915507317,-4.4951915741,-2.37564611435
67,21,O,14.32631676,11.33427613,11.47735043,-2,,1.2558324337,-0.208169996738,1.31336164474
67,22,H,13.16884995,12.72225578,14.65557088,1,,-0.213970944285,-0.5240483284,0.550189375877
67,23,O,12.79630818,11.97784998,15.147275,-2,,5.04157590866,-1.25047004223,0.312150657177
67,24,H,11.17813127,10.25845523,13.15231287,1,,-0.0946644544601,-0.465263307095,-0.715830922127
67,25,H,11.43913608,14.89814094,10.19293948,1,,0.94189029932,0.25328040123,1.70054197311
67,26,H,13.39671538,13.50758393,13.39039792,1,,0.741140127182,0.691024839878,-0.168214738369
67,27,H,13.10703504,11.94987796,10.55297127,1,,-1.01339280605,1.727237463,1.2467508316
67,28,O,8.25125493,11.33340694,9.06381752,-2,,2.34813070297,4.13963794708,0.798967182636
67,29,H,12.68163739,9.31858702,11.95162132,1,,0.562134027481,-0.148975893855,-3.06577539444
67,30,O,12.1245828,10.1338244,13.27106533,-2,,-1.14242553711,0.417558014393,1.02691507339
67,31,H,12.27180079,14.28349785,11.41254543,1,,0.18773598969,0.162259310484,-0.554102182388
67,32,H,11.51553365,13.61473411,15.10891338,1,,1.17811512947,0.560430109501,0.55816090107
67,33,H,10.47474329,12.48113654,14.88788113,1,,-0.92503798008,-2.93786644936,0.397158950567
68,0,O,9.87066595,13.53225802,11.85714538,-2,,-0.707600653172,4.63547897339,0.600245952606
68,1,H,13.50638837,8.1641222,11.03815495,1,,-1.28765249252,2.30418920517,-1.1012275219
68,2,H,9.29738587,10.99101727,12.62612164,1,,0.957321405411,1.34725737572,3.24091601372
68,3,O,12.32434071,12.64336877,10.45466693,-2,,-1.39756500721,5.27504444122,0.57373893261
68,4,H,12.10159452,10.85786884,13.76501512,1,,1.34030580521,-1.45135033131,-1.74887752533
68,5,H,12.00662165,11.19954907,9.4524055,1,,-4.52557706833,-2.05688095093,0.872076749802
68,6,H,12,12,12,1,,-0.276269108057,-0.0708720684052,1.19032824039
68,7,H,10.7991608,13.50306477,11.86003632,1,,1.65161585808,0.343129485846,0.255550354719
68,8,H,14.58535228,10.5327708,11.51843582,1,,-0.85576236248,0.447261601686,-2.41859865189
68,9,H,11.74302481,12.80780525,9.73348587,1,,-0.484189391136,0.157501176,-0.597377181053
68,10,O,9.56050603,11.34121914,13.59302654,-2,,-1.66406166553,-2.27552962303,-3.45888090134
68,11,H,9.63000652,12.71104933,11.65052828,1,,-1.55458498001,-4.65596389771,-1.37494063377
68,12,O,10.97625869,10.94164933,9.76849128,-2,,1.32980442047,-0.0614529550076,-3.61350655556
68,13,H,11.81194595,12.34908726,14.78839828,1,,2.85151100159,-1.13559985161,0.405952870846
68,14,O,12.74894106,14.31892568,13.01683212,-2,,-2.76092290878,1.54977440834,-0.591690599918
68,15,O,10.65259756,13.45708542,14.49820859,-2,,0.17184689641,0.429420590401,1.07140791416
68,16,O,13.07565792,9.02176044,10.66922607,-2,,-0.0181125029922,-0.69686037302,4.68908309937
68,17,O,11.86125134,15.1878777,10.70104872,-2,,-0.794971585274,3.25575351715,-0.0395167171955
68,18,H,8.82034441,10.9983941,14.09726133,1,,-0.086852028966,-0.0917421877384,0.285450547934
68,19,H,10.42517237,10.96695929,8.92488737,1,,1.22611343861,-0.366499036551,1.62467074394
68,20,H,14.51949293,11.74811524,12.04743721,1,,-0.600252985954,1.35123801231,-1.25847780704
68,21,H,13.19121802,15.0442541,13.38674388,1,,0.974566161633,1.70296216011,0.560858726501
68,22,O,14.3265821,11.42831468,11.13262123,-2,,2.40975213051,-1.94379925728,3.70920944214
68,23,H,13.1719618,12.8595258,14.31694447,1,,-0.708851397038,-2.33597278595,1.64259719849
68,24,O,12.80774934,12.04975712,14.8229822,-2,,-0.836499452591,2.09511709213,-0.891581058502
68,25,H,11.20796277,10.37544024,12.71204499,1,,-0.616682887077,-0.516767978668,-0.507694482803
68,26,H,11.47793556,14.89883615,9.90356353,1,,-0.985562443733,0.134614154696,-1.48572468758
68,27,H,13.29602373,13.6123995,13.08726309,1,,2.6331808567,-2.76614952087,-0.471874535084
68,28,H,12.9552937,12.03166954,10.29539447,1,,3.5105009079,-2.72372817993,-0.595101952553
68,29,H,12.69785832,9.52546427,11.63355225,1,,1.44593155384,-1.9398496151,-3.58585691452
68,30,O,12.12279776,10.25539833,12.93018509,-2,,-0.359159141779,0.713532924652,2.31285572052
68,31,H,12.32374101,14.4349033,10.92536321,1,,1.79958069324,-2.21897006035,1.14650630951
68,32,H,11.5640263,13.6810129,14.81044771,1,,-2.05920362473,0.104779332876,-0.348802298307
68,33,H,10.3491776,12.5198202,14.47810498,1,,0.278302431107,1.46093404293,-0.0917182564735
69,0,O,9.83551419,13.59771274,11.56961894,-2,,0.492876440287,-3.53490138054,-1.2941763401
69,1,H,13.52185766,8.17863148,10.62070367,1,,-1.51974201202,2.43896269798,-0.334158331156
69,2,H,9.3264591,11.22993256,12.37437381,1,,-0.0753046274185,0.407496839762,1.40163969994
69,3,H,10.10322101,13.66817363,7.33308515,1,,1.44415688515,-0.749400258064,1.447655797
69,4,O,12.29682196,12.68624218,10.15985429,-2,,1.52961623669,1.56965982914,0.600189328194
69,5,O,15.12498797,11.77353483,13.55144175,-2,,-0.492281854153,-2.24005770683,2.73650121689
69,6,H,12.03083245,10.95573673,13.43753999,1,,0.830544531345,-1.23901987076,-1.07905340195
69,7,H,11.65282893,11.16600802,9.18149051,1,,9.22485542297,2.04159045219,-3.59193658829
69,8,H,12,12,12,1,,-0.0514123365283,1.50043034554,-0.317854493856
69,9,H,10.84046928,13.50970506,11.72724251,1,,-2.4558095932,0.252127885818,-0.31670409441
69,10,H,14.63080777,10.66435437,11.2334748,1,,0.287535905838,-2.46001148224,-2.01445508003
69,11,H,11.61328435,12.81853918,9.49828121,1,,0.287323504686,-0.656624615192,-0.0814495533705
69,12,O,9.78312292,6.82620056,9.13121397,-2,,4.05666446686,4.15375089645,-1.57152116299
69,13,O,9.52726349,11.38069935,13.32701899,-2,,2.19191265106,0.680537462234,-3.07771158218
69,14,H,9.53554585,12.65720257,11.19771431,1,,1.33581185341,3.52503085136,0.921063125134
69,15,O,10.90841616,10.97726026,9.50903559,-2,,-12.2338256836,-3.0359544754,-1.46435964108
69,16,H,11.82074091,12.43764223,14.55396808,1,,2.14046287537,-1.34472823143,0.463339924812
69,17,O,12.68159824,14.35888817,12.76502594,-2,,0.274767935276,-3.80877017975,-0.165192753077
69,18,H,10.05472195,7.21981921,8.19900581,1,,-1.21602857113,-1.71273851395,2.69108510017
69,19,O,10.61750197,13.50575344,14.20897252,-2,,-0.486083030701,-1.05487561226,0.897702336311
69,20,O,13.0723142,9.06070301,10.37027107,-2,,2.00238108635,-1.86480164528,0.112301260233
69,21,O,11.78594578,15.24715292,10.40881819,-2,,2.60519170761,-1.71484375,0.312490195036
69,22,H,8.88759438,10.98590491,13.81853093,1,,-3.01002693176,-1.97654926777,2.01606106758
69,23,H,10.30599916,10.9216732,8.50445604,1,,1.86610245705,-0.216809764504,4.29063224792
69,24,H,14.5215936,11.58405622,11.84151354,1,,-0.753087997437,2.4681251049,-2.32762289047
69,25,H,13.33761344,14.93783801,13.00232442,1,,2.06195926666,3.44787502289,0.721881210804
69,26,H,10.95487259,9.76176682,10.2520469,1,,-2.17397284508,-4.06405448914,-0.242456704378
69,27,O,14.31175383,11.4706286,10.85187861,-2,,1.56984329224,0.314218819141,3.63598942757
69,28,O,10.79006979,13.40838737,8.02380218,-2,,-2.09141016006,-1.02761387825,-3.04981923103
69,29,H,10.46650839,7.63869387,9.71210449,1,,-3.38251328468,-3.83569717407,-1.97030043602
69,30,H,15.27405307,11.62846583,14.71035067,1,,-1.07721185684,0.156102925539,-5.09624862671
69,31,H,13.13170307,12.84270079,14.10282043,1,,0.986029207706,0.355589300394,-0.192047089338
69,32,O,12.79490198,12.0831002,14.54634463,-2,,-2.6946811676,-0.130142658949,1.11544132233
69,33,H,11.16858295,10.43186228,12.29661722,1,,1.85050272942,-0.639069616795,0.723365545273
69,34,O,10.50767869,8.70459008,10.45008192,-2,,0.366423934698,4.6006975174,4.41158676147
69,35,H,11.44862533,14.86860026,9.61604839,1,,-0.680865883827,0.59580296278,-0.375753134489
69,36,H,13.30796444,13.57879941,12.79345038,1,,-1.30002403259,0.761715292931,-1.00202512741
69,37,H,12.94748111,11.96211047,10.06561931,1,,-0.221970528364,0.59075063467,-0.0417424738407
69,38,H,12.7911818,9.5615849,11.15332501,1,,0.40752184391,-0.847460985184,0.0978082045913
69,39,H,14.47897388,11.05023226,13.15165428,1,,1.70744132996,1.83163356781,2.76994013786
69,40,O,12.10138665,10.33760539,12.64720218,-2,,-2.15246295929,-0.447995305061,1.11186981201
69,41,H,12.44572858,14.45036224,10.56315382,1,,-1.67884397507,2.40879464149,0.234459221363
69,42,H,10.25109269,8.67444446,11.45966857,1,,0.80230396986,-0.337830007076,-3.36713409424
69,43,H,10.93682085,14.20616561,8.46396984,1,,0.158822566271,2.00522685051,0.637967467308
69,44,H,11.50888749,13.74324618,14.58328672,1,,-2.17997074127,-0.0959137678146,-0.578064441681
69,45,H,10.20392683,12.53004572,14.08766644,1,,1.44647908211,2.92974472046,0.200816869736
70,0,O,11.06845769,12.03935615,12.36774247,-2,,3.3065135479,1.05717408657,1.73587608337
70,1,H,10.65500626,8.07219691,8.02237101,1,,-2.16716527939,0.842685699463,-3.70753955841
70,2,H,9.85147959,9.55651975,14.17339894,1,,1.62276017666,0.667791306973,-0.443401664495
70,3,H,11.00843695,9.55782305,9.87460553,1,,2.41823387146,-0.0302021503448,0.165423586965
70,4,H,11.49249953,12.64112489,13.07250006,1,,-1.69893622398,-1.0393999815,-0.780545175076
70,5,O,11.9941028,14.23647569,11.37222738,-2,,9.45187759399,3.87452292442,-2.06228280067
70,6,H,11.58379608,10.38936246,13.53099479,1,,-2.96239900589,-0.347217291594,0.500647246838
70,7,H,9.97333857,10.07049141,9.44395294,1,,2.16408920288,3.16707324982,2.98048400879
70,8,H,10.08901761,13.2712027,9.60978159,1,,-0.603646159172,-0.294892936945,0.698948740959
70,9,O,13.36506639,9.92351153,12.40006824,-2,,-1.63678586483,-2.77190589905,-1.57333028316
70,10,H,13.46133305,12.33971658,9.99609109,1,,-0.650889396667,-0.881895184517,-0.152194529772
70,11,H,12.56183198,11.00630593,10.78732193,1,,3.05436372757,3.56530189514,-0.848312914371
70,12,O,10.53607183,9.87335864,13.51415471,-2,,-1.07914245129,-1.87502729893,-1.84933948517
70,13,H,13.91723915,11.77366985,13.02701707,1,,1.73955130577,-1.52615714073,-1.52815151215
70,14,O,13.29678767,11.86975278,10.82446663,-2,,-1.59478831291,-2.73356485367,-0.623276591301
70,15,H,10.46755748,12.17784901,10.66103566,1,,-2.97428894043,2.0769264698,-0.651520907879
70,16,H,11.24616913,7.31356989,11.01688051,1,,-2.3108420372,-8.11779785156,-0.137895599008
70,17,H,10.22519804,9.53133517,12.57076199,1,,1.42332649231,1.29305624962,2.51671886444
70,18,O,11.11583146,7.84064116,8.75500435,-2,,1.6864836216,-0.545567572117,2.90626764297
70,19,O,13.49439469,12.45608627,13.46847601,-2,,-2.36264491081,1.19217002392,2.33783984184
70,20,H,11.06397681,8.40033361,10.13351239,1,,2.43295717239,-2.14803957939,3.89651799202
70,21,O,9.6762829,12.79474871,10.35976569,-2,,2.5379524231,-1.12934374809,-0.698090195656
70,22,O,10.82195588,10.4239787,10.21040158,-2,,-4.37919425964,-1.56551456451,-3.84739875793
70,23,H,12,12,12,1,,-1.46526384354,-0.206666201353,-0.122446171939
70,24,H,12.68832276,9.817804,13.04568737,1,,-0.00854428857565,0.470368176699,2.0954709053
70,25,H,13.94380678,13.27339296,13.56299905,1,,0.993019282818,0.497436136007,-0.230556115508
70,26,H,12.80830792,9.18817689,11.93674557,1,,2.0605096817,1.10080289841,-0.433688461781
70,27,O,11.562648,8.10281094,11.13383991,-2,,0.485759884119,7.91458034515,-2.0661239624
70,28,H,11.27101955,13.79043081,11.51967595,1,,-5.53385782242,-4.10577869415,1.02446675301
70,29,H,12.863536,13.64379184,11.23451756,1,,-3.94900846481,1.59908163548,0.897434353828
71,0,O,10.79671108,12.18459416,12.4691528,-2,,6.22441959381,0.27144446969,1.34573173523
71,1,H,8.0794206,10.61621784,12.81648525,1,,1.4842761755,0.170104622841,-1.58558928967
71,2,H,9.61293826,9.6353992,14.20562472,1,,2.74008893967,1.23731672764,-0.921134412289
71,3,H,10.78801206,9.79406121,9.85593157,1,,2.15902376175,-0.176704585552,-0.572424769402
71,4,H,11.35261571,12.67879971,13.20266196,1,,-2.19680094719,-1.18299353123,-1.86493754387
71,5,O,11.74585179,14.36005725,11.44817239,-2,,-0.341490209103,0.488332897425,-0.362608104944
71,6,H,11.29609941,10.5616693,13.47184156,1,,-3.45021677017,-0.225400298834,1.35088026524
71,7,H,8.22486188,9.71237196,7.88281452,1,,0.952026963234,2.2340490818,2.85959553719
71,8,O,8.18932973,9.97962669,12.08657576,-2,,-6.02707004547,-1.36269879341,2.88185167313
71,9,H,9.60953602,10.13000759,9.53926824,1,,2.35165405273,3.39714002609,2.49008059502
71,10,H,9.79354687,13.55283743,9.73601254,1,,-0.0616159811616,0.57349807024,-0.567380964756
71,11,O,13.08620553,10.11657138,12.46344099,-2,,-5.28752994537,-4.45704269409,0.702004849911
71,12,H,13.05871933,12.31958469,10.06739108,1,,0.314254552126,3.03097748756,-6.70200634003
71,13,H,12.50565191,11.26681331,10.80566481,1,,-1.61355614662,-2.82540893555,-0.204250067472
71,14,O,10.30463782,10.03143299,13.56877654,-2,,-1.09055173397,-1.77794253826,-2.54562115669
71,15,H,13.68630687,11.85769583,13.04570875,1,,-0.372130870819,1.23929405212,0.678379774094
71,16,O,13.02403828,12.01987462,10.87664729,-2,,2.24614644051,-0.546149253845,5.22096157074
71,17,H,8.8013069,9.91869462,11.43145235,1,,2.59598636627,1.65226352215,-2.17798256874
71,18,H,10.20124892,12.48340583,10.60229684,1,,3.07279777527,-2.67648053169,1.23285675049
71,19,H,10.94659356,7.38201417,11.07120228,1,,1.09760439396,0.27807956934,1.6986758709
71,20,H,9.85801741,9.71867387,12.33657261,1,,2.53601431847,0.435569852591,3.77459073067
71,21,O,13.23385627,12.58066726,13.56088624,-2,,1.53922176361,0.635003447533,0.182198390365
71,22,O,8.50260798,10.35826568,8.66940851,-2,,-0.967777907848,-2.61445307732,-3.32023382187
71,23,H,10.9741848,8.545187,10.34941097,1,,1.32960784435,0.211809962988,2.23733615875
71,24,H,7.80636234,10.27107114,9.31598534,1,,-0.577588379383,0.173037201166,0.325093239546
71,25,O,9.4728738,12.96632725,10.40738525,-2,,-3.70540308952,2.27119731903,-1.13604712486
71,26,O,10.55069885,10.58047922,10.2947989,-2,,-3.8696668148,-1.57023024559,-2.76882362366
71,27,H,12,12,12,1,,-5.09597587585,1.20486271381,1.1203827858
71,28,H,12.30022033,9.9662295,13.15465181,1,,3.14146614075,0.466937124729,-1.28927159309
71,29,H,13.727229,13.43933365,13.5047657,1,,-0.544185757637,-1.66271734238,-0.023072309792
71,30,H,12.45634305,9.3017831,11.92834256,1,,2.69056129456,2.41652154922,0.899414658546
71,31,O,11.35029698,8.26865553,11.24770681,-2,,-1.82915902138,-2.24254322052,-3.15548610687
71,32,H,10.84454195,13.8473088,11.55267008,1,,3.37791204453,0.690089166164,0.0562280192971
71,33,H,12.61483482,13.85816734,11.45965601,1,,-2.82234477997,0.243236750364,0.140606358647
72,0,O,10.86089169,12.26901195,12.47920248,-2,,4.54525852203,-1.92612338066,-1.75759971142
72,1,H,8.23267592,10.71676495,12.85571874,1,,0.911727905273,-0.535884022713,-2.67066478729
72,2,H,9.76101812,9.66909212,14.12918202,1,,2.11607146263,1.20325863361,-0.0242596268654
72,3,H,11.00484911,9.91244165,9.6990946,1,,-0.116009920835,2.43008923531,2.09170818329
72,4,H,11.41512649,12.6135399,13.16725109,1,,-0.329612195492,1.10525739193,1.21214866638
72,5,O,11.80398151,14.42543501,11.42469156,-2,,-6.19168186188,2.13498663902,-1.48118317127
72,6,H,11.09979291,10.66383468,13.3694604,1,,1.36193299294,2.86882448196,1.0907125473
72,7,H,8.31010345,9.66610504,7.96342288,1,,1.39249801636,2.68874549866,2.48081851006
72,8,O,8.24875239,10.10380252,12.05765706,-2,,-0.767811059952,0.423513531685,-1.89686179161
72,9,H,9.60340359,10.28278049,9.60963546,1,,3.91804718971,2.94637608528,2.64606380463
72,10,H,9.77337415,13.79639594,9.72133381,1,,-0.0879610180855,-0.816296696663,0.636377036572
72,11,O,13.10059004,10.23314444,12.43108157,-2,,-3.51718139648,-4.71453857422,-1.21758437157
72,12,H,12.98241689,12.38053777,9.77076989,1,,0.493018656969,-0.0149306952953,4.42947340012
72,13,H,12.6778513,11.28703658,10.67996378,1,,-1.02329957485,-2.42834806442,0.373250722885
72,14,O,10.38373032,10.12474936,13.5179127,-2,,-5.51209163666,-4.78068065643,-2.97784399986
72,15,H,13.74043757,11.94872508,13.01814958,1,,-0.486975848675,0.894522547722,0.707709789276
72,16,O,13.06763212,12.10811863,10.85238914,-2,,1.33461344242,2.52903461456,-6.16270637512
72,17,H,8.87680707,10.23849803,11.19781246,1,,-2.38633131981,0.831176877022,4.2820558548
72,18,H,10.37138709,12.56953598,10.48999356,1,,0.0699172466993,-0.301483541727,-0.14026081562
72,19,H,9.85426653,9.90207914,12.21290594,1,,2.90127921104,-0.667126059532,3.31937623024
72,20,O,13.28751874,12.64230532,13.55959671,-2,,2.06059122086,0.911984026432,-0.507493376732
72,21,O,8.59358004,10.41376916,8.67380339,-2,,0.0280213057995,-3.1633682251,-4.50585985184
72,22,H,7.88394248,10.344829,9.25178412,1,,-2.33655023575,0.291825860739,1.87227964401
72,23,O,9.5735834,13.07904913,10.35713258,-2,,-0.499192893505,1.2492800951,-0.848802447319
72,24,O,10.57657813,10.67183748,10.27735868,-2,,-2.26772332191,-5.41896343231,-5.41235256195
72,25,H,12,12,12,1,,-5.18306493759,1.4440561533,0.736157000065
72,26,H,12.43133579,10.06106502,13.13060482,1,,1.37123632431,0.312157660723,0.591511130333
72,27,H,13.76998652,13.48687652,13.33520033,1,,-0.859451413155,-1.48058724403,0.569921076298
72,28,H,12.52647535,9.47302428,11.85996858,1,,2.71406459808,2.76231122017,1.27363944054
72,29,H,10.88386279,13.83010569,11.49130657,1,,3.96957111359,1.65105485916,0.357104152441
72,30,H,12.57421624,14.01718606,11.63935035,1,,2.37709093094,-2.43012571335,0.933166861534
73,0,O,11.21880244,12.27799004,12.42627091,-2,,-1.69870662689,-0.335786402225,0.98731637001
73,1,H,10.23379432,9.65202468,14.01588334,1,,-0.549106359482,-0.00552800297737,2.29878354073
73,2,H,11.4775736,10.0656146,9.55582483,1,,-2.03569936752,2.19456672668,2.28509426117
73,3,H,11.74709602,12.54311747,13.15737172,1,,0.15256306529,1.33490431309,1.64873194695
73,4,O,12.11820148,14.42745478,11.3380536,-2,,3.49813079834,1.53501057625,0.690693080425
73,5,H,11.25244047,10.88363505,13.23688614,1,,-0.0185314267874,2.48944783211,0.983766853809
73,6,H,8.7622388,9.65911126,8.06159945,1,,0.124437704682,-1.03142571449,-1.03179335594
73,7,H,9.98089472,10.47498391,9.67570113,1,,1.67223250866,0.79501670599,0.842629730701
73,8,H,9.99780905,13.92961397,9.64578375,1,,0.600192904472,-2.01245450974,1.25170373917
73,9,O,13.38306387,10.26847522,12.33547771,-2,,1.97630643845,0.359221190214,-0.986797690392
73,10,H,13.22117105,12.40064536,9.63750621,1,,0.858179807663,-0.0435260236263,4.84574127197
73,11,H,13.04919695,11.08732251,10.50371348,1,,1.48370873928,4.14029836655,1.61743569374
73,12,O,10.72522349,10.1337473,13.40160303,-2,,-0.567994475365,-3.41214847565,-3.54409980774
73,13,H,14.03572306,12.00658048,12.97537222,1,,0.919460892677,-2.44365358353,-1.47494900227
73,14,O,13.39221751,12.13453229,10.75624643,-2,,-1.78800845146,-3.58379817009,-7.6289768219
73,15,H,10.83241825,12.51949538,10.30794658,1,,-3.12375569344,2.22457528114,-0.911613464355
73,16,H,10.12843968,10.03444965,12.16276852,1,,0.0811845064163,-0.110298424959,0.825447142124
73,17,O,13.62336636,12.63570629,13.50061862,-2,,-0.234575256705,1.93863749504,1.77849912643
73,18,O,8.96278683,10.39383822,8.61241876,-2,,-3.31885910034,0.349609851837,2.16557049751
73,19,H,8.13795894,10.35141228,9.23399168,1,,2.14651179314,0.59463518858,-1.56794655323
73,20,O,9.95042525,13.12369983,10.24737278,-2,,1.75900053978,-0.175964206457,-1.00854492188
73,21,O,10.87289452,10.68068854,10.19014327,-2,,1.92568480968,-3.30738544464,-3.04949307442
73,22,H,12,12,12,1,,1.43163180351,-0.65572065115,-2.27165317535
73,23,H,12.9403166,10.07944784,13.10963256,1,,-1.3056255579,-0.683409571648,3.03635144234
73,24,H,14.03032023,13.40783454,13.11851489,1,,0.104602858424,0.807753920555,0.395184576511
73,25,H,12.94803297,9.66770191,11.76895947,1,,-0.629508376122,-1.20337474346,-1.18720972538
73,26,H,11.41703735,13.80954948,11.38355924,1,,-1.0756598711,-0.755900502205,0.466419696808
73,27,H,12.90305748,14.01185971,11.82364383,1,,-2.38779973984,0.996697187424,-1.45629310608
74,0,O,11.41816859,12.37140629,12.58391174,-2,,-2.12771654129,1.96363210678,6.68803882599
74,1,H,9.03744377,10.86845461,12.80655726,1,,-0.769956469536,0.148947417736,0.343998461962
74,2,H,10.51391628,9.69232283,14.19999567,1,,0.230678141117,0.824999392033,-0.64430809021
74,3,H,11.68689705,10.4002532,9.71671143,1,,-0.378617674112,-0.407312065363,-0.687214374542
74,4,H,11.94594202,12.64965218,13.44912473,1,,-0.56392455101,0.286395281553,-3.19628810883
74,5,O,12.29155279,14.52036173,11.45438943,-2,,5.02025508881,1.40305674076,2.56427168846
74,6,H,11.3165075,11.33838816,13.33052075,1,,-2.05711627007,-2.292075634,-0.341449022293
74,7,O,8.80038945,10.29745703,12.07211074,-2,,0.483096271753,1.07137262821,-1.34583330154
74,8,H,10.25005034,10.77382701,9.91600933,1,,-5.92638301849,-0.12342068553,-3.65252733231
74,9,H,10.0751719,14.04835808,9.79332273,1,,1.09360551834,-1.15547728539,0.336911141872
74,10,O,13.52461525,10.39024604,12.44054313,-2,,1.35556042194,0.396601647139,4.85609006882
74,11,H,13.38317972,12.52087651,9.98632372,1,,-0.281354904175,2.15203404427,-2.46354866028
74,12,H,13.34159944,11.21717586,10.61690924,1,,1.33872306347,3.57417726517,1.37288546562
74,13,O,10.91061627,10.21568989,13.47344509,-2,,-0.836502075195,0.0471552610397,-2.8836979866
74,14,H,14.20755351,12.0337841,13.0794011,1,,-0.567274928093,-0.281810969114,0.358613908291
74,15,O,13.56110746,12.23009658,10.83888493,-2,,-0.331620633602,-5.12783145905,-0.193674117327
74,16,H,9.10119122,10.87030328,11.33602517,1,,-1.01377224922,-0.397981464863,0.523069798946
74,17,H,10.95707156,12.65810943,10.27119516,1,,-0.375456094742,1.0485509634,-0.865687429905
74,18,H,10.25932034,10.21212028,12.4429031,1,,2.13132190704,-1.14832925797,4.56502962112
74,19,O,13.80906111,12.71616695,13.64825112,-2,,1.53852009773,0.709054708481,-0.449061870575
74,20,O,10.18749267,13.24569315,10.33909953,-2,,-1.40708565712,0.137868583202,-0.0987153053284
74,21,O,11.02725764,10.76511995,10.29784836,-2,,6.59942436218,0.0031424164772,3.44801902771
74,22,H,12,12,12,1,,3.01329421997,-1.31999945641,-2.10585308075
74,23,H,13.27470935,10.13345997,13.43448977,1,,0.223775073886,0.122336059809,-3.7394452095
74,24,H,14.13647664,13.46579007,13.11935165,1,,-0.0545863360167,-0.0688173025846,0.902616083622
74,25,H,13.14599097,9.84849613,11.79798334,1,,-1.30787205696,-2.044506073,-0.387336760759
74,26,H,11.73312443,13.79567277,11.48837464,1,,-2.24558758736,-1.50781059265,0.0198053792119
74,27,H,12.99972402,14.13665654,12.15913858,1,,-2.7834277153,1.9860470295,-2.92470884323
75,0,O,11.3643261,12.56704286,12.92945854,-2,,0.366878867149,-0.458746820688,4.03784942627
75,1,H,9.0502591,11.12170401,13.09496498,1,,-1.18431997299,-0.920391440392,-0.0698511898518
75,2,H,10.5301192,9.84977353,14.52692264,1,,0.665504574776,1.57743835449,-2.69354438782
75,3,H,11.64173865,10.7993077,10.00299276,1,,1.64423286915,-0.554564833641,-2.61053657532
75,4,H,11.89940316,12.88914702,13.78863664,1,,-0.12843939662,-0.00243365764618,-3.40094804764
75,5,O,12.23954711,14.71445807,11.74431245,-2,,-1.32078540325,-2.51037096977,-0.161783844233
75,6,H,11.06091261,11.8050898,13.57523595,1,,0.102867230773,0.579643309116,-2.40354776382
75,7,H,9.14340034,9.69004614,8.62698351,1,,0.0582911074162,3.19789886475,1.70294165611
75,8,O,8.77557875,10.5363852,12.33918482,-2,,-0.274067044258,1.01845312119,1.66669356823
75,9,H,10.04525513,11.13699027,10.13882372,1,,3.07943844795,-1.11673820019,0.119210526347
75,10,H,9.94329326,14.220968,10.07988948,1,,0.692000806332,0.011777009815,-0.556723415852
75,11,O,13.43173375,10.61360575,12.7251438,-2,,-0.310210824013,-3.33556556702,1.45542764664
75,12,H,13.30614954,12.89127545,10.34556948,1,,-0.584886193275,1.88846814632,-2.66933727264
75,13,H,13.43752351,11.58156891,10.9586365,1,,-0.167391553521,-8.55267333984,-1.67962145805
75,14,O,10.85399425,10.39678589,13.70375435,-2,,1.51258277893,-2.88419675827,5.87157678604
75,15,H,14.09755705,12.12572162,13.36345504,1,,-1.22643435001,1.79863023758,1.36726355553
75,16,O,13.48812889,12.40684757,11.09193697,-2,,1.37020635605,7.08855342865,3.35289335251
75,17,H,8.76630855,11.28979195,11.77909295,1,,-0.357908755541,0.879251003265,-1.86104023457
75,18,H,10.81659507,12.90325964,10.33158611,1,,3.24733304977,-2.33584713936,-2.05034923553
75,19,H,10.21738721,10.39609118,13.03371051,1,,-1.30405640602,-1.26446509361,-2.06603860855
75,20,O,13.75678446,12.89414036,13.95941164,-2,,2.22841739655,0.075822122395,-2.21441364288
75,21,O,9.13647039,10.63461599,9.08380757,-2,,1.52810239792,-3.10186743736,-4.55213737488
75,22,H,8.38953469,10.6476375,9.58956155,1,,-3.55635929108,-0.176503866911,1.80211079121
75,23,O,10.18066897,13.46198692,10.6010383,-2,,-4.69662046432,2.36735081673,2.14932823181
75,24,O,10.9606935,10.95030882,10.58596781,-2,,-2.3451025486,1.04657876492,2.89223837852
75,25,H,12,12,12,1,,-0.76554530859,0.969040155411,2.10607409477
75,26,H,13.39115631,10.26532005,13.78390705,1,,-0.459802687168,0.57006663084,-4.60837459564
75,27,H,14.00187169,13.64483251,13.3377704,1,,-0.273008942604,-1.37626636028,1.45998072624
75,28,H,13.01636403,9.9944043,11.97267279,1,,1.06356918812,1.36039805412,3.56906223297
75,29,H,11.66793238,13.8058816,11.74057226,1,,1.2954685688,3.55441093445,-0.0229035466909
75,30,H,12.72745762,14.47440956,12.53127144,1,,0.100044727325,0.606850624084,0.0685008391738
76,0,O,11.3568588,12.70704754,13.13460515,-2,,0.66354829073,2.7089407444,-0.367545932531
76,1,H,9.02205707,11.26896848,13.25361938,1,,-0.647542417049,-0.442982971668,-0.22842541337
76,2,H,10.59415267,10.01331513,14.57586157,1,,0.446147978306,-0.344651341438,0.848983347416
76,3,H,11.68530551,11.07193827,10.04316965,1,,-2.42839050293,-0.119067758322,1.62528920174
76,4,H,11.92049755,13.07829147,13.83661903,1,,0.175893068314,-0.535657227039,-0.81372320652
76,5,O,12.22471219,14.84404969,11.88824839,-2,,-0.833410978317,-1.42522168159,-1.01049876213
76,6,H,10.81643854,12.13012873,13.61833397,1,,-0.474757403135,-0.965390205383,0.475069463253
76,7,H,9.24144986,9.81228776,8.88233608,1,,-0.12935128808,2.03911066055,1.06493902206
76,8,O,8.79457052,10.72533551,12.46744936,-2,,-2.51476860046,5.04905128479,-1.40808391571
76,9,H,9.96114815,11.36820952,10.18747598,1,,4.66594028473,-2.17378258705,1.96808671951
76,10,H,9.87750842,14.35381161,10.15934423,1,,0.790597677231,-0.897666692734,0.378465205431
76,11,O,13.38225046,10.77543104,12.86985665,-2,,1.21881747246,-3.36115908623,0.712882220745
76,12,H,13.26565467,13.31342702,10.36503345,1,,1.18546867371,-2.82997369766,2.69767212868
76,13,H,13.57661708,11.54386602,11.08712524,1,,-0.0624091923237,3.08143019676,-0.573040485382
76,14,O,10.84908919,10.51962515,13.80968346,-2,,2.35516262054,-1.60583806038,3.58903193474
76,15,H,13.94440784,12.23012975,13.56932084,1,,-0.33604606986,0.611125171185,0.0273379031569
76,16,O,13.45870856,12.54498677,11.21521014,-2,,1.03939127922,1.2906819582,-2.86638450623
76,17,H,8.46064284,11.65109254,11.97311484,1,,1.22054255009,-3.58719491959,1.09819161892
76,18,H,10.82003257,12.99110523,10.16400016,1,,-2.30202722549,2.58194684982,1.99932980537
76,19,H,12.02917648,12.98383285,9.18215423,1,,0.295255273581,-0.735593259335,0.808491647243
76,20,H,10.08387395,10.42108356,13.33247783,1,,-1.98702812195,-1.15570962429,-2.92399978638
76,21,O,13.75249334,13.01517109,14.11742263,-2,,0.824825406075,0.353368490934,0.313850134611
76,22,H,10.68422459,12.37044374,8.47643109,1,,0.576472401619,-0.0598640590906,0.410191625357
76,23,O,9.14592795,10.7467691,9.24908854,-2,,-2.00722885132,-1.67590224743,-2.13889789581
76,24,H,8.33586153,10.75769849,9.77008349,1,,-0.197697490454,-0.351064801216,-0.365737587214
76,25,O,10.20521842,13.62448194,10.72721434,-2,,0.0335272699594,-0.90745818615,-1.68359661102
76,26,O,10.93468845,11.08756781,10.74015491,-2,,-0.966217458248,0.307027727365,-3.46999359131
76,27,H,12,12,12,1,,-1.72538113594,1.65155172348,0.595149338245
76,28,H,13.52798296,10.35213991,13.76237101,1,,-0.638101577759,-0.0120668411255,-2.01962852478
76,29,H,13.90578927,13.72506378,13.487549,1,,0.217633455992,-0.21248832345,0.00763382762671
76,30,H,12.97535698,10.11516679,12.2042807,1,,0.797586917877,1.0746049881,2.56560587883
76,31,H,11.69184723,13.95931784,11.81632582,1,,0.946587204933,1.8878223896,0.507659614086
76,32,O,11.43641667,12.97214391,8.45542337,-2,,-0.337406486273,0.488794088364,-2.40034723282
76,33,H,12.51143048,14.80839963,12.78667768,1,,0.134366899729,0.273276984692,0.576042175293
77,0,O,11.3489913,12.82595634,13.26436292,-2,,-3.9550409317,0.638445198536,-1.14483451843
77,1,H,8.94049616,11.3570955,13.35116951,1,,-0.0968162715435,0.555052399635,0.787878453732
77,2,H,13.05172991,7.98906848,12.95466736,1,,3.20808362961,-1.6147916317,-1.04415535927
77,3,H,10.65085185,10.10857689,14.6029023,1,,0.209761023521,-1.52107453346,2.90681600571
77,4,H,11.60480154,11.2784553,10.11751777,1,,-0.702808380127,-0.20144341886,1.58687567711
77,5,H,11.99387981,13.22251588,13.80226896,1,,0.537482559681,-0.0673549473286,1.92682516575
77,6,O,12.20436657,14.9431339,11.96136391,-2,,4.30598545074,6.37293338776,4.41620731354
77,7,H,10.54208957,12.33251782,13.62258827,1,,2.93004179001,1.31458973885,0.149373620749
77,8,H,9.33110694,9.98312733,9.11233614,1,,0.896076977253,-3.81020617485,-0.804461598396
77,9,O,8.80633842,10.90272418,12.52476065,-2,,-4.21842861176,4.01541519165,-2.22890663147
77,10,H,10.05859105,11.4493062,10.23927458,1,,2.51685857773,-1.39751553535,2.08933758736
77,11,H,9.8451928,14.44745061,10.16422448,1,,0.84315097332,-1.0857077837,1.52019011974
77,12,O,13.33477137,10.90780782,12.94465752,-2,,1.99002718925,3.07721877098,-0.82302570343
77,13,H,13.30914774,13.54149968,10.45155142,1,,0.943217635155,-2.53316473961,1.99879062176
77,14,H,13.70062413,11.55232389,11.11282815,1,,-0.728138327599,3.96070957184,0.0678324699402
77,15,O,10.85180954,10.61383198,13.86107001,-2,,-4.36683130264,-1.517105937,-1.76192474365
77,16,H,13.74990493,12.30989097,13.70200855,1,,-0.127481341362,-0.783516287804,-0.872938275337
77,17,O,13.68356503,7.38793027,12.36208496,-2,,-0.423680603504,-0.364301919937,3.06981372833
77,18,O,13.4228434,12.66310471,11.26329259,-2,,1.0090405941,-0.302384614944,-2.40963292122
77,19,H,8.20895724,11.78536312,12.12508953,1,,2.22768044472,-3.44523334503,0.926126360893
77,20,H,10.68819895,13.16292869,10.04685989,1,,-1.566401124,2.32690048218,3.17577886581
77,21,H,12.02997199,12.98390124,9.35539453,1,,-1.0133651495,-0.285082042217,-1.35264706612
77,22,H,12.18941194,7.91425456,12.08668091,1,,-1.49315655231,3.87312698364,-0.532556653023
77,23,H,9.83501284,10.35297935,13.36985867,1,,4.81792974472,0.251779556274,0.634306132793
77,24,O,13.74909374,13.1080656,14.20733652,-2,,0.565963685513,1.16620528698,2.07493805885
77,25,H,10.53089847,12.54709452,8.63654187,1,,3.53834009171,1.53936958313,-0.581696271896
77,26,O,9.15034607,10.83309065,9.34030934,-2,,-6.17626190186,3.71383476257,1.21706175804
77,27,H,12.25295067,9.02968491,11.01020993,1,,-1.18200945854,0.759316682816,4.03259563446
77,28,H,8.25585711,10.80173563,9.9028352,1,,3.00086069107,-0.0967848449945,-2.13950490952
77,29,O,10.23085564,13.75147051,10.78105503,-2,,-0.820769965649,0.0871121585369,-3.69306826591
77,30,O,10.91006702,11.20452892,10.8207584,-2,,-0.500878036022,0.0515677034855,-3.03512477875
77,31,H,12,12,12,1,,0.0173655748367,0.0987728238106,-1.09642910957
77,32,H,13.62739917,10.3891314,13.62060587,1,,1.70066928864,-2.04706192017,3.58600234985
77,33,H,13.83165417,13.79354954,13.56720823,1,,0.413991868496,0.507438898087,-0.876978039742
77,34,H,12.94560518,10.21389313,12.48464235,1,,-1.99814045429,-1.54022550583,-1.77491688728
77,35,O,12.00668888,9.02721781,12.08487819,-2,,0.0126906633377,-5.21529483795,-5.2672662735
77,36,H,11.73404972,14.20176641,11.81646681,1,,-3.02344322205,-4.44272327423,0.149125307798
77,37,O,11.45598228,13.08629403,8.54408621,-2,,-1.81280267239,-1.85181450844,0.439714789391
77,38,H,14.05869919,6.69461905,12.96021604,1,,-0.541303515434,0.884355783463,-0.828063607216
77,39,H,12.32833768,15.12504869,13.01537957,1,,-0.937460303307,-1.07135868073,-4.48745965958
78,0,O,11.3233973,12.89831938,13.34671749,-2,,-1.96271014214,1.76243174076,0.22714304924
78,1,H,13.07663208,7.90110693,13.01533996,1,,1.53492629528,-0.628066778183,0.538806021214
78,2,H,10.69302762,10.08558056,14.71624202,1,,0.811182260513,1.64670562744,-1.77490925789
78,3,H,11.49322155,11.39522439,10.224973,1,,4.5025434494,0.521761775017,-2.19101285934
78,4,H,12.10785387,13.30047633,13.83734592,1,,-2.5526843071,-1.26627492905,0.358860224485
78,5,O,12.18628149,15.0143395,12.01255694,-2,,0.783250808716,1.89784824848,2.6752076149
78,6,H,10.40427014,12.52471649,13.60380189,1,,3.3383538723,1.49002504349,0.596057534218
78,7,H,10.19510733,11.40568993,10.3305452,1,,-5.78837585449,0.492292225361,-2.71812915802
78,8,H,9.84292681,14.48981909,10.19497978,1,,0.0395610332489,0.802926599979,1.65522694588
78,9,O,13.28526808,11.00227875,12.98062529,-2,,2.88529872894,-4.71366691589,2.03695464134
78,10,H,13.41863041,13.52432426,10.62702748,1,,0.941184282303,-2.3142375946,1.20571708679
78,11,H,13.75393433,11.80970483,11.10881298,1,,-0.469679445028,2.4252166748,-0.142418652773
78,12,O,10.83089876,10.65792774,13.87186005,-2,,-5.97623109818,-4.76858520508,1.69688403606
78,13,H,13.53536903,12.29741305,13.75548915,1,,0.440031290054,1.560947299,0.673925876617
78,14,O,13.69175366,7.46377902,12.39935801,-2,,1.84257125854,-3.06592988968,2.35955405235
78,15,O,13.37578615,12.7296354,11.26824451,-2,,0.624216854572,0.941096067429,-1.80221700668
78,16,H,10.4526771,13.38521369,10.06327101,1,,2.12560486794,-3.84176015854,-3.37242126465
78,17,H,11.99537199,12.92956111,9.42955298,1,,-1.15977871418,0.382649719715,-1.55258572102
78,18,H,12.19948971,8.25521633,12.14719758,1,,0.813490331173,-7.63710260391,0.317244976759
78,19,H,9.85957409,10.2642971,13.41898863,1,,4.02501392365,1.73667430878,1.14756906033
78,20,O,13.73887956,13.15665117,14.26758491,-2,,-0.057536765933,0.414666712284,-1.22719573975
78,21,H,10.52205743,12.74052945,8.71314478,1,,2.78098940849,0.723930060863,-0.86477804184
78,22,H,12.22690323,9.09476547,11.15041073,1,,-0.94642752409,1.36338567734,2.5127081871
78,23,O,10.2488198,13.82768124,10.79059257,-2,,-3.48206543922,3.89804267883,2.50928139687
78,24,O,10.88373288,11.28155266,10.86626056,-2,,-0.31612187624,-2.46068429947,3.87435317039
78,25,H,12,12,12,1,,0.746790111065,-0.490441381931,-0.299182027578
78,26,H,13.76267112,10.31714268,13.60141009,1,,-0.390141844749,2.77537536621,-1.14422297478
78,27,H,13.78216837,13.85732736,13.56660204,1,,0.341425985098,-1.20914244652,0.773404598236
78,28,H,12.80776562,10.17470767,12.6440549,1,,-0.587453901768,2.04311943054,-0.249541550875
78,29,O,12.00503273,9.09528602,12.16808718,-2,,-2.25203180313,5.5218667984,-4.81267929077
78,30,H,11.6283052,14.23195803,11.77681403,1,,0.295092076063,0.967001914978,1.69657731056
78,31,O,11.45831186,13.15024343,8.60242388,-2,,-1.04476714134,-1.59364795685,1.08053398132
78,32,H,14.14619684,6.69468132,12.95197751,1,,-1.50795912743,2.44021463394,-1.78613090515
78,33,H,12.12688146,15.34162145,13.02228916,1,,-0.377561330795,-1.81863808632,-3.99858427048
79,0,O,11.30123999,12.9321829,13.39246848,-2,,4.47140932083,3.00614881516,-0.999136030674
79,1,H,13.19436012,7.73327818,13.10948933,1,,-1.80141723156,1.59416306019,3.27264022827
79,2,H,11.54335209,8.41905612,10.33132808,1,,-2.8541727066,1.91341257095,-2.34073257446
79,3,H,10.76893623,10.09344023,14.72028631,1,,0.665096402168,1.7699213028,-1.58090114594
79,4,H,11.57247696,11.44294331,10.20772126,1,,-0.734968781471,-0.31644743681,2.18105554581
79,5,H,12.13633939,13.27148207,13.89220167,1,,-3.38050866127,-0.783685743809,-0.175829827785
79,6,O,12.17804611,15.053336,12.04365993,-2,,-0.296922534704,-2.97051906586,-3.75806498528
79,7,H,10.44005737,12.72820579,13.58353911,1,,-2.36482405663,-0.44717335701,1.87838339806
79,8,H,9.51796084,9.93131657,9.40983432,1,,-0.496822595596,3.07888174057,-0.42372238636
79,9,H,10.07368727,11.32483081,10.30714563,1,,1.16591393948,-0.0126778036356,1.1027790308
79,10,H,9.84263121,14.5834997,10.27204333,1,,0.295090615749,0.927904069424,1.6273047924
79,11,O,13.25066357,11.04455977,12.9921784,-2,,2.75145149231,-5.55469560623,1.98070216179
79,12,H,13.59042648,13.41278083,10.76286135,1,,2.22939014435,6.38394165039,-4.0247502327
79,13,H,13.83570868,12.09050825,11.04522716,1,,4.15919828415,-5.88607978821,-0.973735928535
79,14,O,10.79894957,10.6468173,13.86123883,-2,,3.02468729019,0.149389475584,6.50920963287
79,15,H,13.35405829,12.28784451,13.80737834,1,,1.6446185112,1.81081223488,0.910224795341
79,16,O,13.71422165,7.49145431,12.41082755,-2,,1.93238019943,-0.925303697586,-2.45110654831
79,17,O,13.32782218,12.75411585,11.24825387,-2,,-5.57095384598,0.338992416859,4.14999580383
79,18,H,10.3052011,13.39422776,9.93457122,1,,0.611376941204,-0.724224328995,1.97368812561
79,19,H,11.93473997,12.86185939,9.39920443,1,,0.313120514154,-0.0133354701102,0.834684669971
79,20,H,12.25223011,8.21366951,12.20714726,1,,-0.442512273788,-0.292413175106,0.520347476006
79,21,H,10.14607656,10.19938932,13.49750661,1,,-4.79971790314,-2.89047718048,-3.86046934128
79,22,O,11.44423216,9.147066,9.56503963,-2,,-2.56065177917,-3.56556534767,2.77058386803
79,23,O,13.73510667,13.16532244,14.29582024,-2,,-0.838799953461,-0.602078676224,-1.40708589554
79,24,H,10.61042149,12.89775193,8.6978919,1,,-3.35354948044,-1.85958504677,-0.462813287973
79,25,O,9.11609178,10.90674728,9.42772207,-2,,1.87026047707,-3.42421007156,-3.3096549511
79,26,H,12.18472912,9.23672504,11.37292753,1,,0.912509202957,2.76664400101,-6.37120580673
79,27,H,8.39525063,10.69898053,9.92948038,1,,-3.51213264465,-0.175902709365,1.98871731758
79,28,O,10.26694687,13.8692638,10.78089647,-2,,-2.70729875565,0.894093692303,-2.26657414436
79,29,O,10.87849368,11.31913534,10.90485122,-2,,0.190463900566,-0.00244203209877,-1.88425505161
79,30,H,12,12,12,1,,0.727713108063,-0.389994829893,0.0594279207289
79,31,H,13.86854631,10.33742789,13.5244604,1,,-1.4256207943,3.48338127136,-1.64741909504
79,32,H,13.76508661,13.83154684,13.56730185,1,,0.267421722412,-0.838325381279,0.673352360725
79,33,H,12.6379865,10.15581465,12.74465827,1,,0.225363224745,2.35545897484,0.273679941893
79,34,O,12.00292859,9.13816021,12.21093183,-2,,-2.52077364922,-2.63773775101,5.36885690689
79,35,H,11.49960242,14.23496303,11.75927257,1,,2.53252410889,3.27994441986,1.86603045464
79,36,O,11.46202342,13.17104332,8.63952843,-2,,3.90631866455,1.38708126545,-2.05703234673
79,37,H,12.32052582,8.95680129,9.58136249,1,,5.29043292999,0.508043587208,-2.3649969101
79,38,H,14.16559123,6.80572031,12.84354434,1,,1.66575098038,-2.00061130524,0.122163705528
79,39,H,11.93191475,15.4195522,12.84241211,1,,-1.19084453583,0.665270745754,2.29565858841
80,0,H,13.17849424,11.40020799,10.92006772,1,,-2.45410680771,0.415843904018,1.82060933113
80,1,O,10.48956519,10.80059329,14.14307913,-2,,-2.87628364563,1.28785586357,-0.817436516285
80,2,H,12.8293237,10.5228173,13.30412338,1,,-0.528816699982,3.00208187103,-3.79569673538
80,3,H,13.28845567,13.42564665,13.68573438,1,,-0.614614486694,2.01081776619,-1.39798128605
80,4,O,13.34131268,12.69850919,14.23288544,-2,,-2.45283317566,-4.27003383636,3.9183216095
80,5,H,11.08819163,8.82972119,8.8917249,1,,0.406341284513,0.783076584339,-3.00450134277
80,6,O,10.58301429,11.08987641,9.84233723,-2,,-0.0631986558437,-2.19846272469,-0.107330575585
80,7,H,11.0140979,9.4741591,7.2123049,1,,0.744198560715,-0.708193361759,3.44584107399
80,8,O,12.35204884,11.27501229,11.50234691,-2,,3.02596497536,-2.61547255516,-0.506782829762
80,9,H,10.30090628,12.5968871,13.42446544,1,,1.13446927071,1.07792520523,-0.630921721458
80,10,H,12.32423958,12.30642689,14.75718844,1,,4.28257369995,3.22299146652,-1.95867025852
80,11,H,14.40246509,12.28620617,12.7307757,1,,-1.02145147324,-0.402833729982,0.335440695286
80,12,H,9.63673524,11.08229154,14.52109659,1,,0.360067546368,-0.810219466686,-0.292656868696
80,13,H,11.13215298,12.94974999,16.3124723,1,,1.03745830059,0.9913803339,0.242418438196
80,14,H,12.85081311,9.85997112,15.16570612,1,,-0.807918787003,0.103616163135,-0.786202192307
80,15,O,10.29805145,13.09679159,11.50606981,-2,,-2.7853307724,-1.28071570396,5.57763576508
80,16,H,12,12,12,1,,0.47957277298,1.2553794384,-0.177121281624
80,17,H,15.29250093,13.13757601,13.55394952,1,,-0.0144724696875,-0.321671009064,-0.0811066478491
80,18,O,11.44572409,9.45546092,8.159613,-2,,-0.698288917542,-1.69367742538,-1.24513530731
80,19,O,12.75308788,9.97790583,14.02071979,-2,,2.07955145836,-3.84979462624,5.41983699799
80,20,O,11.83835055,12.30336177,16.16918097,-2,,-4.81281709671,-2.93687105179,0.299621641636
80,21,H,13.02740599,14.53800301,11.00064954,1,,-1.26485347748,2.3717148304,0.792324066162
80,22,H,10.91407065,11.6112457,15.88240768,1,,3.61655378342,1.5173304081,0.794227659702
80,23,H,13.54743237,13.61316407,10.69088471,1,,2.08923697472,-2.51969623566,-1.86609518528
80,24,H,11.62392751,13.58312331,13.07076372,1,,-2.49669790268,-1.79890108109,2.21695494652
80,25,O,13.1061917,13.73720108,11.48164447,-2,,-0.910405755043,1.14767813683,1.07932078838
80,26,H,10.43222827,13.96015484,11.71556059,1,,0.54717707634,3.50992441177,-0.332486569881
80,27,H,10.9547561,10.36636546,9.20248045,1,,-0.978214800358,2.83563709259,0.961935758591
80,28,H,13.60226245,10.36526513,14.36364067,1,,0.192100673914,0.115033477545,-0.883346557617
80,29,O,15.26440989,12.65014839,12.72880428,-2,,2.60496711731,0.451023370028,-0.86393892765
80,30,O,11.00970811,13.14745357,13.80617227,-2,,0.626722753048,2.27967810631,-1.26086270809
80,31,H,10.89349322,10.18750063,14.69816195,1,,0.601858139038,-1.76242005825,1.00874733925
80,32,H,10.90713897,10.74320221,10.71296986,1,,-0.281188547611,0.810868263245,-1.20216679573
80,33,H,10.44072093,12.73084494,10.73647058,1,,1.23267793655,-2.02089500427,-6.70279693604
81,0,O,15.39352374,10.24092552,14.99559896,-2,,-0.976268649101,-1.35245168209,-1.43076217175
81,1,H,13.12869221,11.55814394,10.81932931,1,,1.65952968597,1.32472300529,-1.20166635513
81,2,O,10.5843506,10.77215733,13.94970955,-2,,-2.32264900208,-0.553957343102,1.50416374207
81,3,H,13.08442691,10.62220298,13.03220975,1,,-1.97106456757,-1.35976648331,1.20666456223
81,4,H,13.26600838,13.48248793,13.64867898,1,,-0.336963236332,0.890979230404,-0.465131163597
81,5,O,13.42077123,12.66082035,14.06080709,-2,,-2.52131128311,-3.80977869034,2.70236301422
81,6,O,10.66142082,11.05592956,9.65896953,-2,,-2.47015380859,3.28658342361,1.06225538254
81,7,O,12.46081765,11.18595985,11.32320838,-2,,-2.93504357338,0.79777687788,5.44563007355
81,8,H,10.33102044,12.46645307,13.32158426,1,,2.91892528534,2.9029686451,-0.436196833849
81,9,H,12.39142465,12.21843347,14.58283793,1,,4.99808263779,3.94752454758,-2.15454530716
81,10,H,14.59144413,12.18035203,12.73170545,1,,-3.7165081501,-1.65518379211,0.854770481586
81,11,H,9.72331772,10.94850005,14.38035151,1,,0.158365190029,-0.291284203529,-0.659240782261
81,12,H,11.30765656,12.96717457,16.29677,1,,1.75837254524,-1.29856681824,-0.870943188667
81,13,H,15.60911965,11.06566977,14.52515157,1,,-0.0774717777967,-0.73302090168,-0.133902460337
81,14,H,14.99891274,9.54350996,14.35196742,1,,1.79677677155,1.78406620026,1.56126153469
81,15,H,12.77201109,9.89143683,14.94312482,1,,0.0757336914539,0.29626083374,-3.08417391777
81,16,O,10.39242612,13.00591065,11.32994432,-2,,-0.00964319333434,-0.606452524662,-4.0962896347
81,17,H,12,12,12,1,,2.04075455666,-3.02574682236,-3.01571702957
81,18,H,15.4677789,13.12170341,13.35985976,1,,-0.0859294161201,-0.970322906971,-1.83264088631
81,19,O,12.83462624,9.87926752,13.87088856,-2,,5.09156799316,2.28435826302,1.62937319279
81,20,O,11.94798839,12.27089426,15.92762603,-2,,-5.44751167297,-1.99413108826,1.53640198708
81,21,H,13.08602949,14.64054424,10.81311093,1,,-0.537815690041,-2.51505756378,2.92382621765
81,22,H,11.13469304,11.55664541,15.63026282,1,,3.13436603546,2.5971133709,1.05298280716
81,23,H,13.77179751,13.54871881,10.38927221,1,,-1.35289812088,-1.08911585808,3.82656383514
81,24,H,11.70096842,13.67724685,12.88957137,1,,-2.8727684021,-2.46262788773,1.90939331055
81,25,O,13.21258995,13.68547571,11.31567508,-2,,1.91750669479,4.67420005798,-6.82618331909
81,26,H,10.51044449,13.96785805,11.42591341,1,,-0.229756832123,-0.880597233772,-0.811329543591
81,27,H,10.93618356,10.3331132,9.22256728,1,,1.33820593357,-3.66493368149,-2.89746665955
81,28,H,13.81362222,10.3836646,14.05914545,1,,-3.1113820076,-1.69326734543,0.0262944996357
81,29,O,15.36401485,12.58217792,12.52162114,-2,,4.96013069153,2.61434555054,0.513440549374
81,30,O,11.14300685,13.08552183,13.59694019,-2,,-0.835870802402,1.18578886986,-1.42980146408
81,31,H,10.9107532,10.05810672,14.50320842,1,,0.178717821836,-0.471612542868,-0.749538362026
81,32,H,10.95840247,10.86223712,10.53965145,1,,0.645330667496,-0.0272757150233,0.89309990406
81,33,H,10.59536166,12.62741337,10.31563254,1,,-0.861355960369,1.86846268177,3.44704389572
82,0,H,12.30230642,13.18353771,8.80682004,1,,-0.965858101845,-0.362696439028,0.221886977553
82,1,H,13.02448929,11.94235979,10.87088404,1,,-1.37392568588,-1.72597539425,1.18705821037
82,2,O,10.56182489,10.91481419,13.95876464,-2,,0.0252663344145,-2.65402603149,3.82256889343
82,3,H,13.0852527,10.8783975,12.91785385,1,,-1.13228559494,-1.24464082718,0.0148910284042
82,4,O,14.57164774,15.30856541,10.29059147,-2,,0.522935390472,0.321113467216,0.858123362064
82,5,O,8.72796904,11.56558884,12.71652099,-2,,-2.66892337799,1.70625376701,-2.00009918213
82,6,O,11.33348029,13.30725402,8.88073224,-2,,-0.370520561934,-0.298313289881,-1.41058349609
82,7,H,14.98385543,13.40799235,8.61788031,1,,-1.20120489597,-0.0256525576115,2.08495616913
82,8,H,13.11197757,13.76017609,13.77558002,1,,1.66299235821,-4.02624797821,1.08962965012
82,9,O,13.38091323,12.77499412,14.09237407,-2,,0.624984443188,3.57280397415,-1.25313007832
82,10,O,10.6174723,11.19358405,9.67822563,-2,,-1.61013627052,-3.00413990021,-0.845157444477
82,11,H,10.83940054,12.38156875,8.86884826,1,,2.10103797913,2.00453448296,-0.775017023087
82,12,O,12.44653231,11.26858276,11.36094073,-2,,0.30960264802,3.39806270599,1.39055871964
82,13,H,10.85653158,7.88640985,15.3911888,1,,0.281249523163,1.69637298584,-1.86650013924
82,14,H,10.41528768,12.62660818,13.36707834,1,,-0.0374880433083,0.659543156624,-0.914220929146
82,15,H,12.55496348,12.47428887,14.54929283,1,,0.850479364395,0.924254000187,-0.352288961411
82,16,H,9.6201125,14.67738577,10.3595229,1,,0.121984034777,-0.703833937645,-1.22099483013
82,17,O,9.23310612,15.52032474,10.14104311,-2,,-0.478188544512,0.376748979092,1.64868140221
82,18,H,14.43577212,12.15303555,12.94279418,1,,4.09255981445,2.86087226868,-1.98217487335
82,19,O,16.86196373,14.54642946,10.25683043,-2,,0.846380531788,1.29629707336,-0.839695572853
82,20,H,14.47954084,12.16662204,8.73911983,1,,-0.205445483327,-4.51729726791,-1.20360529423
82,21,H,9.71863986,10.95064803,14.42532234,1,,-0.712047815323,0.746703743935,-0.985531806946
82,22,H,11.42060674,13.12622102,16.40357671,1,,1.24160218239,-2.37873506546,-1.66383647919
82,23,H,12.57190558,10.11412418,14.9105249,1,,0.778033137321,-0.0689663216472,-2.71871161461
82,24,O,10.37027533,13.07807646,11.33701221,-2,,0.0032799243927,1.4275097847,-4.28251028061
82,25,H,7.83119041,11.99639327,12.78201723,1,,1.33799791336,-0.811648547649,-0.151317581534
82,26,O,14.33199199,12.90872066,9.22448062,-2,,1.94463992119,3.96426582336,-1.98124241829
82,27,H,12,12,12,1,,1.13176655769,-2.03649950027,-1.36871123314
82,28,O,16.02385922,15.3097722,12.9949404,-2,,0.254747748375,0.795554161072,1.5163962841
82,29,H,9.03367113,11.90432217,11.81425633,1,,-0.311765730381,-0.439154475927,1.75970757008
82,30,H,11.82808115,8.53199085,14.24412859,1,,-1.11053645611,-0.0568292140961,0.44991594553
82,31,H,15.50749325,13.20756687,13.30350016,1,,-0.56840056181,-0.482740193605,0.0285319685936
82,32,H,14.97454473,15.84394055,11.00858691,1,,-1.13093614578,0.531844496727,-1.86082744598
82,33,O,12.81772696,9.95687968,13.9171582,-2,,4.73423576355,3.16963124275,1.94352138042
82,34,H,17.68444299,15.14478076,10.18054007,1,,-2.67658615112,-1.18379485607,-0.12937361002
82,35,O,11.92578413,12.39826311,15.88438137,-2,,3.17721271515,7.04848098755,6.21224594116
82,36,H,13.00119685,14.7727839,10.95495021,1,,-0.0690808445215,-3.33088088036,1.79692029953
82,37,H,8.86229608,15.67006754,11.03557739,1,,-0.129954323173,0.600065588951,-0.927401781082
82,38,H,11.39127448,11.77952502,15.63889856,1,,-5.65513801575,-5.38726186752,-2.29200458527
82,39,H,13.82905927,13.57573104,10.45085849,1,,-1.6793037653,0.179358452559,3.60152435303
82,40,H,15.9024486,14.92273249,9.99348158,1,,3.69423794746,-0.853410840034,0.601097404957
82,41,H,16.34551607,14.38691815,13.2250651,1,,-0.643978714943,2.10043525696,-2.2542963028
82,42,H,11.53553845,13.78195286,12.9952121,1,,0.153937876225,1.33048832417,-2.56444144249
82,43,O,13.20136838,13.81444283,11.33419163,-2,,-0.39072778821,2.70347619057,-3.14035844803
82,44,H,10.48720994,14.08127951,11.31120923,1,,0.254287302494,-2.38647699356,0.391654372215
82,45,H,10.85174582,10.32925128,9.30265473,1,,-0.273873507977,0.548238873482,0.115856774151
82,46,H,13.83068646,10.50083565,13.98635054,1,,-2.80570363998,-2.3891723156,0.558954358101
82,47,H,15.69795263,15.56875519,12.11035883,1,,1.49124503136,-2.20578241348,1.75303399563
82,48,O,15.36565066,12.68952718,12.51237913,-2,,-2.8446803093,-3.01685380936,1.57219135761
82,49,O,11.15688381,13.19770247,13.5788898,-2,,-1.44078087807,-0.427420765162,3.14976143837
82,50,H,10.78797728,10.06161734,14.51938334,1,,0.0337491929531,1.5883564949,-2.07019519806
82,51,H,10.91126383,11.14075355,10.59671232,1,,1.00002324581,-0.290529161692,0.198358952999
82,52,H,14.32041045,15.58546346,9.43437238,1,,-0.230641171336,2.14977645874,-1.0991615057
82,53,O,10.92420129,8.59546468,14.66199324,-2,,0.613997042179,-3.42000555992,1.8984401226
82,54,H,10.61505676,12.80724009,10.27815802,1,,-0.566352844238,2.0279417038,4.28692245483
83,0,H,9.73493608,8.72518311,12.52461481,1,,-0.736309051514,-1.21143722534,0.686753094196
83,1,H,12.22972707,13.31173806,8.78713852,1,,0.612598896027,0.360167473555,-0.158040091395
83,2,H,12.86400717,12.32754674,11.03716353,1,,-1.51040482521,-4.30229902267,1.20592498779
83,3,O,10.51901268,11.1279042,14.06477015,-2,,-0.9189042449,-2.19468736649,4.49262809753
83,4,H,12.96733485,11.17902775,12.88460596,1,,-0.0788419693708,-0.795667827129,-0.867785334587
83,5,O,14.50320539,15.48812693,10.34852625,-2,,1.61269259453,0.11875629425,3.97087335587
83,6,O,8.66400011,11.74473486,12.83911199,-2,,-4.90068769455,1.83182835579,1.06283593178
83,7,O,11.30419059,13.47272151,8.94403394,-2,,-0.239870071411,-1.15276241302,-0.686598479748
83,8,H,13.01032842,13.9178257,14.04461638,1,,1.88553857803,-2.00452518463,-0.359073966742
83,9,O,13.32878567,12.97565963,14.19872753,-2,,8.08037471771,4.89834594727,-4.8210515976
83,10,O,10.54977724,11.40097196,9.7841462,-2,,-0.644243299961,-5.303211689,-1.30910968781
83,11,H,11.00015905,12.45272914,9.01478585,1,,0.368493258953,2.30429315567,-0.322928160429
83,12,O,12.4136316,11.43753504,11.49309604,-2,,5.87910652161,-0.259506165981,-5.52405452728
83,13,H,11.51527985,18.37151189,11.99420997,1,,1.82650470734,0.00571513175964,-1.1116604805
83,14,H,10.74476654,8.26758784,15.60386094,1,,0.138932064176,0.709436893463,-1.25791215897
83,15,H,10.47478114,12.86368062,13.40802257,1,,-3.90829658508,-2.52546834946,-1.70449781418
83,16,H,12.64349835,12.81700327,14.66913539,1,,-6.29654026031,-2.49500536919,4.69207286835
83,17,H,9.69070423,14.75638218,10.38413556,1,,-2.08504128456,3.77922725677,-2.29765176773
83,18,O,9.16217028,15.72880346,10.21354927,-2,,1.22629284859,-4.80168628693,2.66545033455
83,19,H,14.44079488,12.35134056,13.13044729,1,,4.09212732315,2.73671007156,-2.80979156494
83,20,O,16.84764809,14.79719097,10.3530669,-2,,-1.9644061327,2.15414333344,-1.1231200695
83,21,H,10.97698698,16.27775968,12.04349331,1,,-4.04518795013,-0.806552767754,0.0353767648339
83,22,O,10.1327667,9.50192727,12.20470027,-2,,0.819566965103,1.47519743443,-1.26937246323
83,23,H,9.66947407,11.05696873,14.53630453,1,,-0.73586076498,1.77647256851,-1.05783855915
83,24,H,11.51517141,13.28759769,16.4878946,1,,-1.25946390629,-0.0287006720901,0.653059840202
83,25,H,12.40544243,10.4176672,14.90745852,1,,0.841136336327,-0.297078549862,-1.33286762238
83,26,O,10.32832524,13.23224942,11.41249509,-2,,-1.25625061989,-0.997878611088,1.18160498142
83,27,H,7.80052102,12.29194825,12.89720473,1,,1.92342698574,-1.68362700939,0.000755347311497
83,28,H,12,12,12,1,,-4.48825740814,4.49992418289,5.17344045639
83,29,O,15.9418599,15.53310277,13.08718682,-2,,1.90770745277,-2.67153596878,5.93853998184
83,30,H,9.0341146,12.18476596,12.10090179,1,,0.979513764381,0.478910446167,-1.55592131615
83,31,H,11.84194258,8.5239214,14.49354068,1,,-1.42706990242,0.746465563774,0.0988091379404
83,32,H,15.52572756,13.35832047,13.35257135,1,,0.0154488831758,0.500829875469,1.37533903122
83,33,O,11.3124677,17.59709198,11.42702328,-2,,-2.53290271759,2.90658187866,4.04796743393
83,34,H,14.86935966,15.98844828,11.16218592,1,,-1.81630325317,-0.347125083208,-2.92355823517
83,35,O,12.79565783,10.12446849,14.04485939,-2,,1.28971385956,0.321620851755,2.08258843422
83,36,H,17.42811393,15.53969102,10.12203943,1,,0.116929508746,-0.606301367283,0.15312255919
83,37,O,11.89099823,12.62107398,15.94210528,-2,,0.500437796116,-1.77858090401,1.7292112112
83,38,H,12.89820627,14.84965088,11.23442963,1,,-1.19739770889,4.09011697769,-1.77036619186
83,39,H,8.96062703,15.62578795,11.20384866,1,,-0.297105789185,1.45168030262,-2.17520642281
83,40,H,10.10224653,10.21563944,12.88587684,1,,-0.00383146107197,-1.24767184258,-1.08438062668
83,41,H,11.37898629,11.83798689,15.65589545,1,,-0.699859321117,1.42214345932,0.406247258186
83,42,H,13.76242293,13.70357037,10.77858748,1,,1.15596616268,0.421382218599,-0.446123421192
83,43,H,15.84463472,15.24501263,10.12008071,1,,3.72760891914,-2.35919928551,0.53955501318
83,44,H,16.25509775,14.51915119,13.35726868,1,,-1.17399930954,4.65108823776,-2.77824401855
83,45,O,10.04874573,15.72051069,12.44824333,-2,,7.7632317543,-0.393585830927,2.35725164413
83,46,H,11.37818786,14.00253531,13.02228069,1,,0.406297206879,0.333606749773,-1.97630155087
83,47,O,13.1673946,14.02689157,11.42867907,-2,,-0.935303092003,-4.78891181946,3.13703727722
83,48,H,10.44805178,14.1401676,11.31368556,1,,0.041453205049,2.99952816963,1.47085034847
83,49,H,10.74489355,10.41923668,9.43505409,1,,-0.721869945526,3.41734290123,1.6927022934
83,50,H,13.66272342,10.57147607,14.0544855,1,,-0.201211228967,-0.75354373455,0.253792196512
83,51,H,15.68136521,15.76971976,12.24889778,1,,0.302071481943,-1.06453895569,-2.42730665207
83,52,O,15.33476245,12.86446855,12.59201462,-2,,-3.36716771126,-3.90053629875,0.987352669239
83,53,H,10.80601211,15.19191776,13.02013056,1,,-4.22365856171,1.52260613441,-0.686180055141
83,54,O,11.14512628,13.38772116,13.65939041,-2,,2.49414515495,2.77057099342,3.69374752045
83,55,H,10.63478151,10.20457165,14.53897132,1,,1.53544461727,0.722514033318,-1.49576163292
83,56,H,10.8465133,11.46687489,10.72265389,1,,0.140707522631,-1.19488096237,-1.21451663971
83,57,H,10.51775157,17.82340218,12.14178055,1,,1.33423066139,-1.87279212475,-3.21194887161
83,58,H,14.27024097,15.82281677,9.53990837,1,,-0.836164772511,2.76212072372,-2.74554634094
83,59,O,10.90904216,8.77810353,14.76579138,-2,,0.804640054703,-3.0343773365,1.91060900688
83,60,H,10.57118771,13.15033841,10.53546977,1,,0.680072963238,-1.29565155506,-3.19078350067
84,0,H,9.9495793,8.7278092,12.50197295,1,,-0.0883791893721,0.216884568334,0.327353656292
84,1,H,12.42012727,13.29194049,8.56889553,1,,0.174015969038,1.38957428932,-0.189599126577
84,2,H,12.87783279,12.37065211,11.03798552,1,,-0.0727784633636,-2.95178222656,0.807869076729
84,3,O,10.6892822,11.15166372,13.97566283,-2,,-1.49669384956,-3.66981363297,4.64395236969
84,4,H,13.02503589,11.28680802,12.6210621,1,,-0.174331486225,-0.233639910817,-2.73815107346
84,5,O,8.80506569,11.7495952,12.75087775,-2,,0.58845949173,0.320538401604,-0.713291406631
84,6,O,11.49375648,13.45378947,8.80625326,-2,,1.74029958248,-1.19000184536,-0.760154187679
84,7,H,13.20279533,13.84034184,14.0724628,1,,-0.497180074453,4.52848434448,-1.0699545145
84,8,O,13.51619551,13.00531422,14.0804041,-2,,3.25254487991,-4.03086996078,0.168479755521
84,9,O,10.69821729,11.40958144,9.68248258,-2,,-1.70117020607,-2.01158380508,-2.86912727356
84,10,H,11.38410153,12.44405997,8.95841559,1,,-1.31548452377,1.27440011501,-0.410281866789
84,11,O,12.61167819,11.42561185,11.41057088,-2,,0.281763195992,4.10285615921,3.84168100357
84,12,H,11.8976507,18.30686897,11.89585828,1,,0.776064634323,-1.41410529613,-2.17160177231
84,13,H,10.60956279,12.81351569,13.15243885,1,,1.67072510719,1.6646412611,1.53372359276
84,14,H,12.63925816,12.82438721,14.82046148,1,,1.13519954681,-0.328005611897,-0.734276473522
84,15,H,11.063903,16.4655725,12.01787758,1,,-2.77713680267,-2.52189970016,0.0684109479189
84,16,O,10.31618539,9.50374268,12.08331878,-2,,0.628679215908,1.42569184303,0.0717020779848
84,17,H,9.80078837,11.05252795,14.40910967,1,,-0.054732978344,1.96838998795,-1.22794222832
84,18,H,11.70626687,13.30503189,16.34970288,1,,-1.35617637634,1.23466765881,1.15087962151
84,19,H,12.50797614,10.52105919,14.6687552,1,,0.301487207413,0.316960394382,0.387691348791
84,20,O,10.49642464,13.20472992,11.28557335,-2,,-0.528733611107,1.17307066917,-0.915934145451
84,21,H,8.08147835,12.31947025,12.77593427,1,,-2.74797463417,1.03019034863,0.557190895081
84,22,H,12,12,12,1,,0.617048859596,-1.36828064919,-0.911713182926
84,23,H,9.29743192,12.31275438,12.12061571,1,,0.22826038301,-0.87091499567,-0.387407004833
84,24,O,11.45314053,17.57836856,11.32464161,-2,,4.37823677063,2.97576785088,-0.116225726902
84,25,O,12.98585426,10.11428678,13.95887598,-2,,-5.79276418686,-3.1488866806,-0.709647119045
84,26,O,12.07642835,12.65983414,15.79866979,-2,,-0.809799253941,-4.55928659439,1.12959718704
84,27,H,12.96317002,14.91935291,11.20517839,1,,1.04301738739,-0.145952984691,-1.25349748135
84,28,H,10.45457113,10.31888693,12.70390244,1,,-0.703958630562,-2.82150197029,-1.87664628029
84,29,H,11.47130108,11.71238176,15.4694382,1,,0.543808400631,2.69872903824,0.763605892658
84,30,H,13.9945415,13.67284588,10.81418593,1,,2.3351354599,0.315252363682,-2.04664802551
84,31,O,10.24220776,15.75774999,12.3765513,-2,,4.6832985878,0.920897960663,0.301846921444
84,32,H,11.48843971,14.06329053,12.71494492,1,,0.277046859264,-3.05826377869,3.18100976944
84,33,O,13.33908718,14.04459182,11.33041612,-2,,-2.73655319214,0.772842347622,2.86490702629
84,34,H,10.63811234,14.15268962,11.21893498,1,,-1.01476752758,1.18510127068,1.4583132267
84,35,H,10.81919191,10.49901739,9.41518231,1,,0.010247386992,-0.129043906927,0.529630899429
84,36,H,13.78206282,10.45168293,13.98210476,1,,6.83987522125,2.64182758331,0.454075336456
84,37,H,10.94109251,15.26736268,12.91340505,1,,-2.55806446075,0.740085721016,0.164739906788
84,38,O,11.34974166,13.40381425,13.54530239,-2,,-2.66938304901,2.05784988403,-3.87861728668
84,39,H,10.75850428,10.19070337,14.28793765,1,,1.65481877327,0.921614050865,-1.19077885151
84,40,H,10.97079622,11.54909469,10.56041636,1,,0.778498530388,-0.856406271458,1.8464653492
84,41,H,10.82381242,17.7446801,11.9432487,1,,-4.82716989517,0.543840050697,1.90411186218
84,42,H,10.7915718,13.23166168,10.38923031,1,,-0.0152995996177,-1.10991692543,-1.98574304581
85,0,H,10.22110927,8.71040393,12.52109403,1,,0.769580245018,2.96682596207,-1.75787055492
85,1,H,13.00125522,12.34564055,11.02240679,1,,0.955197155476,-0.295820623636,-0.147259294987
85,2,O,10.92484728,11.16560136,13.87221947,-2,,-0.927420198917,-3.76822829247,3.15457558632
85,3,H,13.14413888,11.37722345,12.24322187,1,,1.89477467537,-0.907288074493,0.48004040122
85,4,O,9.02197241,11.75419951,12.62963198,-2,,0.470014095306,2.8520181179,-1.55181562901
85,5,H,13.45582627,13.94727473,14.00066327,1,,0.935085773468,-1.13406312466,-0.588278710842
85,6,O,13.77965898,13.01909089,13.93830332,-2,,3.41335344315,1.33556556702,-1.18522286415
85,7,O,10.9141753,11.40921325,9.55125824,-2,,-1.21605753899,2.78956413269,-2.47741532326
85,8,O,12.35159377,7.92110042,11.72247229,-2,,-1.51931381226,1.62977170944,0.350736290216
85,9,O,12.88032753,11.41868384,11.31309508,-2,,-1.57120573521,1.40756988525,1.1759262085
85,10,H,10.90876775,12.83773422,12.93590004,1,,1.44480574131,1.30137813091,2.74672293663
85,11,H,12.82167123,12.8195492,14.88130024,1,,2.13144731522,1.10054838657,-3.56647443771
85,12,O,10.56756053,9.51132095,11.93463135,-2,,-1.97641682625,-2.3008275032,1.26097536087
85,13,H,10.00011179,11.11544403,14.22100542,1,,0.478776991367,1.15186238289,-0.846031427383
85,14,H,11.84980578,13.38489248,16.19172261,1,,0.975888311863,-1.43961930275,-1.60309934616
85,15,H,12.69964962,10.62118024,14.43070439,1,,0.672753989697,0.411697238684,0.297999978065
85,16,O,10.73113796,13.18029287,11.13378735,-2,,1.45009851456,5.61095666885,-5.52425670624
85,17,H,8.30214145,12.38313678,12.62740469,1,,-1.14242839813,-0.344754189253,0.351501464844
85,18,H,13.1860775,8.09560463,12.12217884,1,,0.906588554382,0.0493927672505,0.381616175175
85,19,H,12,12,12,1,,-0.0372350215912,-0.750297605991,-0.989067614079
85,20,H,9.62861415,12.39528882,12.08886847,1,,-1.43200480938,-2.35532617569,0.698855817318
85,21,O,13.22968186,10.09516146,13.83742896,-2,,4.39011287689,0.581805706024,-0.0888415277004
85,22,O,12.32345825,12.6741295,15.63329591,-2,,-6.15906715393,-3.13160943985,7.58968448639
85,23,H,13.1384803,14.9991683,11.05292834,1,,2.54328155518,-2.94742941856,-0.40107986331
85,24,H,10.82492118,10.29921411,12.4443834,1,,-0.705215215683,-0.388146162033,-0.2533159554
85,25,H,11.67096439,11.79229431,15.3182483,1,,1.14007294178,2.7171163559,0.816002309322
85,26,H,14.40996407,13.67817942,10.67470366,1,,-3.04048800468,2.45975589752,1.60098624229
85,27,H,11.69094699,13.95373735,12.54753676,1,,1.07896435261,-0.55284845829,2.63982343674
85,28,O,13.56305418,14.05346664,11.22391144,-2,,0.871035277843,1.09710931778,-1.68924582005
85,29,H,10.87708055,14.22673671,11.22454932,1,,-1.06748723984,-3.17788338661,0.0608541369438
85,30,H,10.96435108,10.52060726,9.36712742,1,,0.314052015543,-3.08526277542,-0.503376483917
85,31,H,14.25290265,10.44133412,13.947029,1,,-4.11550569534,-1.14010798931,-0.114007785916
85,32,H,11.76160266,8.82315009,11.9283021,1,,2.27629375458,-3.06877040863,-1.37721800804
85,33,O,11.61156458,13.42470902,13.39256019,-2,,-3.95420598984,1.24675941467,-3.82414960861
85,34,H,11.03449523,10.15422899,13.99437595,1,,0.767346084118,1.80049264431,-0.227618187666
85,35,H,11.15915008,11.56996487,10.4269549,1,,0.73677700758,-0.555849909782,1.88458585739
85,36,H,11.11370857,13.21658409,10.05894627,1,,-1.75224733353,-1.16605639458,3.2247595787
86,0,H,10.52838828,8.84728136,12.54671549,1,,0.128933295608,2.51237034798,-2.16631269455
86,1,H,13.19638229,12.41755809,11.03161418,1,,0.606582164764,-0.843934297562,-0.0893752872944
86,2,O,11.15872173,11.21306342,13.81917513,-2,,1.0126452446,-3.63997530937,1.75481379032
86,3,H,13.38579351,11.45906924,12.09069211,1,,3.23463726044,-0.775126099586,6.88168811798
86,4,O,9.24694342,11.8081994,12.54139131,-2,,-3.72213935852,3.18284606934,-0.143230080605
86,5,H,11.55981392,14.55154386,16.74383212,1,,-1.95210421085,-0.523736000061,-1.88030016422
86,6,H,13.76603555,14.05580116,13.90412687,1,,1.46222436428,-2.14819049835,-1.03345251083
86,7,O,14.04625643,13.07197457,13.84302899,-2,,1.29540681839,2.70414400101,0.660039365292
86,8,O,11.12934723,11.44943222,9.45984669,-2,,-0.173556476831,-3.34347677231,-0.233250051737
86,9,O,12.58467621,7.97047662,11.62728223,-2,,-2.36034631729,0.517856895924,0.109029874206
86,10,O,13.1381648,11.45756698,11.2571268,-2,,-1.44681811333,1.06454277039,-6.95515012741
86,11,H,11.27403418,12.94577916,12.87998544,1,,-3.07695913315,-3.15181422234,0.162122488022
86,12,H,13.24427461,12.92393821,14.73127289,1,,1.1673014164,-0.52090293169,-1.44348216057
86,13,O,10.814213,9.55337806,11.83003358,-2,,-3.08945703506,-4.34611940384,0.778764724731
86,14,H,10.22715145,11.2463485,14.04575075,1,,-0.45887029171,0.148618549109,-0.237634778023
86,15,H,11.97129613,13.437692,15.98642272,1,,1.46643948555,-2.66850757599,-1.66619253159
86,16,H,12.93261073,10.75894614,14.24372952,1,,1.21250081062,-0.142203629017,-0.244182825089
86,17,O,10.97115462,13.21368822,11.01087267,-2,,1.02877044678,4.29555559158,-4.25747680664
86,18,H,10.45370468,14.30148839,17.49594319,1,,-0.602756142616,-1.59171569347,-4.0059928894
86,19,O,10.68133187,14.07557514,16.42875536,-2,,1.50413179398,3.70904588699,6.85915899277
86,20,H,8.45960785,12.48473904,12.5102604,1,,1.68588209152,-2.46204710007,0.243571639061
86,21,H,13.46237714,8.07279406,11.92096833,1,,1.31472444534,0.526700019836,0.700024247169
86,22,H,12,12,12,1,,-1.16151583195,-0.189515531063,0.0657963007689
86,23,H,9.87854419,12.40319351,12.11822036,1,,0.220230594277,-0.666129350662,-0.557262182236
86,24,O,13.48634279,10.12069646,13.75256492,-2,,3.74079322815,1.34871888161,1.15539979935
86,25,O,12.55078637,12.71385321,15.53126656,-2,,-1.76581263542,0.486155748367,4.3424115181
86,26,H,13.42727626,14.95245551,10.90048784,1,,0.66301959753,0.20216229558,-0.6352622509
86,27,H,11.15022348,10.30313795,12.24491319,1,,0.430977165699,2.15501642227,0.971069812775
86,28,H,11.9150531,12.06427443,15.24438999,1,,-0.32252317667,-0.0356103777885,-0.347588837147
86,29,H,14.67102001,13.849614,10.61820117,1,,-3.34326553345,1.41956591606,1.92171549797
86,30,H,11.98760902,13.86303592,12.49070915,1,,2.75169801712,3.20187997818,-3.89970302582
86,31,O,13.78180455,14.1015825,11.16233798,-2,,2.87876915932,-1.18772065639,-1.74883639812
86,32,H,11.06523904,14.19066272,11.30635375,1,,-0.617594897747,-2.22580623627,-1.00456571579
86,33,H,11.12003972,10.41725212,9.32657208,1,,0.165437489748,3.26188206673,0.420115798712
86,34,H,14.51131812,10.43388514,13.96717207,1,,-4.27324199677,-1.11130833626,-0.685538828373
86,35,H,11.9360425,8.79789763,11.92424319,1,,3.27310800552,-2.68796372414,-1.76717066765
86,36,O,11.85911741,13.48864726,13.27411435,-2,,-0.647535800934,2.29871487617,4.98719120026
86,37,H,11.35329892,10.19722758,13.76991568,1,,-0.404898792505,2.45964717865,0.641595542431
86,38,H,11.33766623,11.58265558,10.41279468,1,,-0.0326040014625,-0.83554983139,-1.34921979904
86,39,H,11.37349249,13.23803578,9.93457106,1,,-1.7922141552,-0.398068070412,3.69667196274
87,0,H,10.81876792,9.11399767,12.53812696,1,,-0.811547398567,0.0383359864354,-0.150163650513
87,1,H,13.41231742,12.5530513,11.049202,1,,0.428395688534,-3.26733589172,0.213217973709
87,2,O,11.37437553,11.29336315,13.79500647,-2,,1.1614382267,-1.13454174995,2.26891303062
87,3,H,13.74813226,11.52489031,12.3118462,1,,-1.22604513168,-0.374164819717,-4.73419523239
87,4,O,9.44432269,11.90942938,12.47635965,-2,,-4.33679771423,-0.364246845245,1.2402639389
87,5,O,11.32527853,11.51133799,9.3995027,-2,,-0.507729232311,-4.25622224808,-0.70454621315
87,6,O,12.78901191,8.06187597,11.55929342,-2,,5.47617816925,-3.77387237549,-0.819087028503
87,7,O,13.36329838,11.5408498,11.21374769,-2,,3.35737276077,2.87508630753,3.35676002502
87,8,H,11.45592417,12.9275342,12.86978219,1,,1.02907013893,0.691212415695,1.5138258934
87,9,O,11.03203422,9.62353604,11.75347361,-2,,-0.847684979439,1.04709482193,0.526451826096
87,10,H,10.4248879,11.39602756,13.88013768,1,,-0.493282318115,-0.541909754276,-0.0667160302401
87,11,H,13.20012838,10.89770281,14.06938237,1,,-0.42092436552,0.180314213037,0.350363403559
87,12,O,11.19389494,13.29844735,10.90630259,-2,,-1.10959780216,-0.358165860176,0.176516741514
87,13,H,8.69540612,12.52855071,12.38993277,1,,0.106607221067,-0.869221687317,0.154396384954
87,14,H,13.78629953,8.12969176,11.79871617,1,,-3.32071065903,0.34945422411,-0.346487283707
87,15,H,12,12,12,1,,-0.54310631752,-1.38288140297,-0.980830907822
87,16,H,10.10298282,12.42913845,12.11847777,1,,1.82456827164,1.31734395027,-1.93257164955
87,17,O,13.73409562,10.19229143,13.69316859,-2,,-4.99880027771,-0.792917668819,-1.76317048073
87,18,H,11.44978522,10.43318917,12.12930686,1,,-0.593881428242,-0.972129821777,-1.21304309368
87,19,H,12.42226964,13.96180707,12.2824506,1,,-0.305713295937,-0.676091074944,3.66026234627
87,20,H,11.19090947,14.10161533,11.37243918,1,,-0.238875925541,2.19465923309,-0.121112674475
87,21,H,11.24728756,10.47407651,9.31255401,1,,0.2998072505,3.26283931732,-0.114864453673
87,22,H,14.52178457,10.42188747,13.99985083,1,,5.93429279327,0.937138676643,2.06429672241
87,23,H,12.2161007,8.7099702,11.86760914,1,,-0.13344463706,1.94549942017,0.445045262575
87,24,O,12.08153464,13.59784025,13.19677899,-2,,1.05103540421,2.94707918167,-1.83411216736
87,25,H,11.63613157,10.36226029,13.64459243,1,,-0.869159817696,0.580220758915,1.06037795544
87,26,H,11.45528302,11.58038058,10.35120165,1,,0.0863351747394,-0.293882995844,-0.566050946712
87,27,H,11.54335926,13.33961556,10.03410135,1,,0.0021996544674,0.691304802895,-1.68374037743
88,0,H,11.00428274,9.37794742,12.58831353,1,,-0.531657457352,-0.833858370781,-0.619488358498
88,1,H,13.59852816,12.62970527,11.10046292,1,,0.379791229963,-1.75982475281,-0.151584908366
88,2,O,11.53817394,11.39082743,13.80137004,-2,,-1.56198012829,1.72791719437,2.60836696625
88,3,H,13.99055699,11.56786301,12.3673161,1,,-1.61532926559,-0.143035694957,-5.34442901611
88,4,O,9.58342823,12.02295421,12.44129178,-2,,2.12786054611,-0.0682474598289,0.0465807616711
88,5,H,12.01088649,14.64445263,16.41365294,1,,-1.28066897392,-0.10473972559,-1.25542426109
88,6,H,14.48787513,14.22498805,13.53204143,1,,-0.301831334829,-0.360583543777,0.694457292557
88,7,O,14.50393804,13.2822183,13.73140806,-2,,3.30612659454,0.981017112732,-2.43432807922
88,8,O,11.46907575,11.5707555,9.37099892,-2,,-0.02476118505,0.835770606995,-1.66135668755
88,9,O,13.53494195,11.64806539,11.21610189,-2,,3.14141964912,1.05670762062,4.59558391571
88,10,H,11.59304672,12.92021606,12.92828756,1,,3.27951002121,3.04247069359,1.20159316063
88,11,H,14.02864028,13.04756043,14.50556273,1,,-1.32057642937,0.206396326423,1.39309227467
88,12,H,15.40604247,13.01060992,12.72956141,1,,4.79871082306,-0.265175998211,-1.65924310684
88,13,O,11.19347247,9.71425008,11.70711968,-2,,0.81158387661,0.693575739861,1.02250957489
88,14,H,10.55738669,11.5118875,13.72358934,1,,0.349960654974,-0.982121944427,-0.112855806947
88,15,H,12.19731147,13.51995573,15.55664252,1,,0.397094547749,0.906116724014,0.296504676342
88,16,H,13.40777801,11.03387706,13.9452966,1,,-0.384064733982,0.387478679419,0.276948809624
88,17,O,11.35661026,13.39637338,10.84150647,-2,,-3.53777575493,0.539284944534,4.54989433289
88,18,H,11.05904259,14.37832649,17.29725568,1,,-1.48804736137,-0.995436191559,-1.19151949883
88,19,O,11.10195684,14.22264959,16.30798944,-2,,1.26633453369,2.9886174202,3.59455776215
88,20,H,8.89701164,12.60282657,12.25749934,1,,-2.51052570343,1.34444379807,-0.345397680998
88,21,H,12,12,12,1,,-0.198071151972,-1.18125796318,-0.585621833801
88,22,H,10.3388821,12.53392546,12.03719254,1,,-1.65254485607,-1.11675989628,-0.440085232258
88,23,H,17.21307807,13.08191806,12.75688779,1,,-3.05862140656,-0.209891438484,-1.98486685753
88,24,O,13.91661243,10.2812043,13.65355616,-2,,1.2129150629,0.39959192276,0.725719869137
88,25,O,12.90093465,12.8927543,15.4553465,-2,,-3.06122159958,-3.66192030907,-0.286879986525
88,26,H,11.65954429,10.5414735,12.00258674,1,,-0.357800275087,-1.23809373379,-1.73533308506
88,27,H,12.07167162,12.36961379,14.97371374,1,,3.83118152618,0.240438014269,1.29162251949
88,28,H,12.81666202,14.0485053,12.22703658,1,,-2.31925535202,-1.66120731831,3.74294233322
88,29,H,11.24156364,14.13185035,11.46094631,1,,0.421315550804,0.530766844749,-1.21383178234
88,30,H,11.31000521,10.66681071,9.29416332,1,,-0.384623408318,-2.48238229752,-1.19669163227
88,31,H,14.72160299,10.48114623,14.17186629,1,,-0.258560448885,-0.710856318474,-0.518886685371
88,32,O,16.40581974,13.02534002,12.09458738,-2,,-0.516766905785,0.167356744409,3.24858093262
88,33,O,12.24676804,13.73036791,13.14303745,-2,,-1.12071859837,1.53805398941,-3.39546132088
88,34,H,11.83814543,10.52761084,13.62085737,1,,0.00361678004265,-1.9809718132,0.23274102807
88,35,H,11.50487786,11.58554992,10.30091032,1,,0.341057300568,0.609796702862,1.65851593018
88,36,H,11.71984592,13.52701533,10.04978989,1,,1.81692361832,1.56056404114,-5.04692649841
89,0,O,13.42952255,8.40310506,16.39566035,-2,,3.31639885902,1.87399220467,2.47852230072
89,1,H,11.05271987,9.59531209,12.683785,1,,-0.126541152596,0.124254271388,-2.98349452019
89,2,H,13.72612788,12.68227705,11.18337164,1,,0.360440403223,1.47475934029,-0.335535228252
89,3,O,11.62568517,11.49779544,13.84503267,-2,,-1.49787998199,-0.220758646727,0.964315950871
89,4,H,14.06454041,11.59105834,12.19816335,1,,-0.506889283657,0.210316687822,-2.37388467789
89,5,O,9.66285777,12.13474793,12.43871084,-2,,-1.2274967432,3.57321405411,-2.12935972214
89,6,H,12.24041135,14.80809511,16.22616585,1,,-4.16192245483,-1.17858242989,0.502593755722
89,7,H,13.98148347,9.20787318,16.13982163,1,,-1.09648776054,-1.15348231792,0.107907481492
89,8,H,14.71973713,14.37860477,13.37695112,1,,-0.27142560482,-3.10621023178,2.01027774811
89,9,O,14.65864812,13.3984159,13.70706019,-2,,0.844790637493,0.875931382179,0.767594993114
89,10,O,11.54552168,11.63028361,9.37806545,-2,,-0.517108678818,-1.1694624424,0.683604478836
89,11,H,13.89937794,8.32679079,17.26656158,1,,-0.997392892838,-0.804372191429,-0.761115670204
89,12,O,13.06501339,8.2446248,11.50263509,-2,,-4.44088077545,1.05336785316,0.356709718704
89,13,O,13.63823542,11.75934861,11.27413322,-2,,1.67438411713,-2.19832158089,2.17650747299
89,14,H,11.71567938,9.72200433,14.85398556,1,,1.17543911934,-1.97129487991,0.433163493872
89,15,H,11.82620282,13.05592882,13.06097425,1,,1.33305823803,0.211944028735,-0.170707136393
89,16,H,14.07152364,13.02797343,14.70826431,1,,0.908655643463,2.9035141468,-3.38231372833
89,17,O,11.28271998,9.81454939,11.70084383,-2,,-2.13371753693,-0.809339046478,3.15918254852
89,18,H,10.66305577,11.57502556,13.58641436,1,,0.369297683239,-0.323516726494,0.304757416248
89,19,H,12.25400423,13.66673778,15.4469744,1,,1.87720704079,-0.724818587303,0.0835634469986
89,20,H,13.52282108,11.17104641,13.88685567,1,,0.354566305876,-0.246255338192,-0.01549561508
89,21,O,11.43763801,13.49505517,10.83347466,-2,,0.531687915325,3.6535141468,-2.53492903709
89,22,H,11.14578567,14.35870012,17.19176474,1,,-0.823621749878,-0.0830033570528,5.53380680084
89,23,O,11.20555313,14.31054062,16.3098792,-2,,3.39793372154,3.4410572052,-4.85956192017
89,24,H,8.94945291,12.79607789,12.1079541,1,,1.14861261845,-2.05719804764,1.19811701775
89,25,H,13.92803364,8.37715242,11.72595908,1,,3.44520759583,0.669303059578,1.04560160637
89,26,H,12,12,12,1,,0.101053640246,-0.663468718529,-0.357004404068
89,27,H,10.42395609,12.60626641,11.95646211,1,,-1.5242729187,-1.3002076149,0.338762521744
89,28,H,12.98431937,8.71523319,15.05237684,1,,-1.69826614857,0.290293246508,-1.46021103859
89,29,O,14.03000837,10.37717192,13.64611693,-2,,5.42256736755,2.206407547,2.69377183914
89,30,O,12.97187367,12.98209115,15.47096792,-2,,-3.29402589798,-2.68143749237,-1.22103977203
89,31,H,11.78167181,10.60939924,11.84201185,1,,0.720788240433,0.942064344883,-0.307630360126
89,32,H,12.20102747,12.41788882,14.89443826,1,,3.52873468399,0.49871969223,2.07921504974
89,33,H,13.01970113,14.05029738,12.41275762,1,,-1.54036319256,-1.33264923096,1.34706687927
89,34,H,11.23926127,14.22008192,11.53555551,1,,1.21628642082,-0.896765768528,-2.30090785027
89,35,H,11.25934168,10.72478558,9.22270069,1,,0.185158669949,0.0010016579181,-0.534367442131
89,36,H,14.91026579,10.55238488,14.38022645,1,,-3.14179468155,-0.643406510353,-3.16380167007
89,37,H,12.46031517,9.03891439,11.94947322,1,,2.81990003586,-3.63361740112,-2.16192102432
89,38,O,12.33630356,13.86650754,13.11413072,-2,,-0.453068196774,3.14374256134,-0.197151362896
89,39,H,11.97717494,10.59320898,13.6672092,1,,-0.0502362325788,0.356410294771,-0.0478867441416
89,40,H,11.49378311,11.63185653,10.35917903,1,,0.206731885672,0.504602193832,-1.55097270012
89,41,O,12.34775385,9.09884253,14.38896934,-2,,-3.00674772263,0.0675683841109,0.659317612648
89,42,H,11.94512781,13.7989399,9.88118475,1,,-2.42876195908,-0.877810835838,3.92493200302
90,0,H,11.91256109,10.39278538,11.66776591,1,,-0.599166214466,-3.00342583656,3.19410943985
90,1,H,14.19252,12.34590078,10.40861688,1,,0.394002258778,0.632669389248,-1.19172477722
90,2,H,9.9545506,11.5086005,11.7174714,1,,0.651563048363,-0.372097969055,-1.27155339718
90,3,O,12.05749611,13.94439457,11.5625274,-2,,4.7847032547,2.7359290123,-2.76420116425
90,4,H,12,12,12,1,,1.10728263855,2.72627568245,-1.04335176945
90,5,H,12.8085263,8.69978261,12.1151081,1,,-0.715970277786,0.794602751732,-0.683338999748
90,6,H,14.48315121,11.68566402,12.9314236,1,,-0.787267684937,0.895581126213,-3.7467854023
90,7,O,14.24535904,12.00689994,11.94077392,-2,,-0.898100316525,2.4305062294,5.48816299438
90,8,H,11.32316706,14.04022392,13.87407083,1,,1.03879725933,-0.839455366135,-0.36399024725
90,9,H,13.40196039,13.06787805,9.18080939,1,,3.01968288422,-1.34737300873,0.930277228355
90,10,O,14.34113992,12.73167415,9.51065837,-2,,-3.31295275688,0.915681242943,-0.636171579361
90,11,O,9.90687226,11.24764925,10.75623645,-2,,-0.566378593445,0.631122410297,1.64164829254
90,12,O,12.07607719,13.39792796,13.76239303,-2,,-0.372900366783,1.79555165768,3.37835335732
90,13,O,12.1559972,10.75680355,9.55846394,-2,,4.80050754547,-1.36906576157,1.86555886269
90,14,H,9.94523586,13.05251068,10.68755029,1,,0.288417518139,0.671816527843,-0.611465811729
90,15,H,13.7007245,12.93444437,12.1750057,1,,2.19384288788,-3.86509847641,-1.04488921165
90,16,H,12.64863536,14.40210042,10.80570432,1,,-2.4429037571,-1.55375123024,1.6780731678
90,17,H,11.05847474,11.50837301,9.20970671,1,,-1.39628791809,1.76722109318,-1.58599293232
90,18,H,12.30328774,9.45276039,10.76174492,1,,-0.150346964598,-2.16250419617,1.50162613392
90,19,O,12.02988212,9.12411906,11.67934586,-2,,1.04417955875,2.31977295876,-2.11003613472
90,20,H,9.22889123,10.61060351,10.84014674,1,,-1.23474097252,-1.09991872311,-0.511123299599
90,21,O,9.44593746,13.85614812,10.86640931,-2,,-1.33443236351,0.545302867889,0.598459362984
90,22,H,10.04013887,11.81235629,8.02208744,1,,0.327666014433,0.407049864531,0.377862334251
90,23,H,12.17633215,9.88811898,9.19910848,1,,-0.298140674829,-1.03174805641,-1.253297925
90,24,H,11.46466373,11.80251569,13.51294847,1,,0.709247469902,-1.14581561089,-3.70391488075
90,25,H,9.91345897,14.6891732,10.80026835,1,,0.465938925743,-0.741532921791,-0.187128305435
90,26,O,11.54119971,11.41605257,12.53129227,-2,,-2.06813001633,-1.71717274189,4.48281097412
90,27,H,12.52992412,13.44715472,14.62088371,1,,-0.278960824013,0.0558829791844,-0.17252150178
90,28,H,12.75447781,14.09375677,12.26883017,1,,-2.0275888443,0.0999134108424,-0.665953457355
90,29,O,10.81018883,12.16775425,8.49092542,-2,,-1.01306915283,0.38951921463,-0.804213285446
90,30,H,13.13070902,10.9027323,9.7566377,1,,-1.3284933567,0.434562176466,-0.785288751125
91,0,H,11.62152253,10.22127975,11.92760221,1,,-0.123619370162,-0.859941363335,2.99151968956
91,1,H,13.99420648,12.17830456,10.62558229,1,,0.545352995396,1.40538764,-4.45066738129
91,2,H,9.7614746,11.31577246,11.84325247,1,,-0.00940798968077,-0.815846920013,-2.84927034378
91,3,O,11.87845387,13.82593055,11.60612295,-2,,2.09900569916,0.246938884258,-0.187062561512
91,4,H,12,12,12,1,,-3.2761425972,-2.45862770081,2.33239889145
91,5,H,12.50871591,8.44254809,12.03653436,1,,3.5984146595,-2.69080972672,2.01250457764
91,6,H,13.88255281,11.60070695,13.06061036,1,,0.601694226265,0.385150700808,-3.52241563797
91,7,O,13.9909804,11.90815242,12.04920845,-2,,-0.225723057985,-0.359450131655,4.91224765778
91,8,H,11.20124824,13.99387693,13.80113313,1,,1.33238065243,-1.72306442261,-0.0605634450912
91,9,H,13.22256988,12.97480737,9.3056128,1,,2.58074116707,-1.45191431046,0.76522821188
91,10,O,14.13011323,12.57685059,9.60075086,-2,,-2.98177862167,0.0187376588583,2.38007378578
91,11,O,9.71545178,11.06767397,10.82976234,-2,,-2.09539270401,-1.06135106087,2.94804668427
91,12,O,11.8961972,13.2493137,13.82701716,-2,,-0.946923494339,2.55469608307,2.49397039413
91,13,O,11.929515,10.54267987,9.60344558,-2,,-1.24857318401,-4.68978738785,-1.89586269855
91,14,H,9.86460997,12.89273294,10.67014228,1,,-2.09504437447,3.24289226532,0.332201510668
91,15,H,13.55746195,12.77490125,12.14189779,1,,0.729036688805,-0.380329847336,-0.322488367558
91,16,H,12.49336381,14.18593714,10.96601695,1,,-0.22273260355,0.305625379086,-0.951070427895
91,17,H,10.84759065,11.43027016,9.35236267,1,,-1.50068569183,1.48361158371,-2.37203574181
91,18,H,12.08045023,9.17306766,10.75988292,1,,-0.722906172276,-0.939805626869,2.10336256027
91,19,O,11.87686457,8.9877899,11.73641658,-2,,-3.27552175522,3.73261809349,-4.4185833931
91,20,H,9.09038832,10.2987064,10.81939677,1,,0.864145636559,1.32247161865,-0.102538391948
91,21,O,9.2246179,13.69397122,10.93607994,-2,,1.50631070137,-1.20461082458,-0.282628774643
91,22,H,9.88885164,11.53693058,8.0623292,1,,-0.283646732569,-0.0664841979742,0.0367401987314
91,23,H,12.08141035,9.65329549,9.179751,1,,-0.582934617996,1.63481271267,-0.112541183829
91,24,H,11.4055943,11.56720112,13.4727253,1,,0.529116511345,0.794553518295,3.3779501915
91,25,H,9.64741732,14.57959688,10.89644102,1,,-0.0473619103432,-1.61160445213,-0.197490438819
91,26,O,11.32831244,11.2682614,12.6243801,-2,,2.1632566452,0.257168352604,-6.85130310059
91,27,H,12.38181374,13.44061532,14.63378311,1,,-0.0538144335151,0.0586318299174,0.333685874939
91,28,H,12.47278864,13.78672748,12.40261684,1,,-1.67088532448,0.678035140038,-0.572036862373
91,29,O,10.53425195,12.02867832,8.56255732,-2,,0.254952788353,0.500232636929,0.639534592628
91,30,H,12.73737468,10.70918568,9.93975999,1,,4.55868625641,1.69206357002,1.48909306526
92,0,H,11.49175213,10.12333527,12.22050618,1,,0.040896743536,2.85419988632,1.28615832329
92,1,H,13.99725101,12.19205276,10.46608221,1,,-0.175027415156,-0.573129117489,0.687973976135
92,2,H,9.71869334,11.20501701,11.69535298,1,,-0.125969648361,0.358410954475,2.59865069389
92,3,O,11.86841103,13.80650961,11.53899547,-2,,-1.06240582466,-0.38441118598,0.322077721357
92,4,H,12,12,12,1,,-2.27664446831,-2.27921843529,0.763033092022
92,5,H,12.53651553,8.15459334,11.92991946,1,,-2.45787382126,3.09693551064,-0.0565342307091
92,6,H,13.48953294,11.60014639,12.93411102,1,,1.15178537369,0.205973207951,-1.87267041206
92,7,O,13.89554163,11.90716232,12.06537977,-2,,1.25852894783,-5.05453824997,2.92447090149
92,8,H,11.30923395,14.06051913,13.62216756,1,,0.932665884495,-2.55415058136,0.462322056293
92,9,H,13.30873084,12.93640768,9.33554603,1,,-2.81794953346,1.13684034348,-0.906069993973
92,10,O,14.0743432,12.52212612,9.59138264,-2,,3.18917608261,-0.640108585358,-0.788981974125
92,11,O,9.68602029,10.98828713,10.80621658,-2,,-2.67685222626,-3.1597738266,-3.6226143837
92,12,O,11.87926662,13.20351414,13.78737571,-2,,-0.582315564156,4.06280612946,2.83694076538
92,13,O,11.86630966,10.41749265,9.53926604,-2,,2.53772830963,-1.2021715641,-0.287831008434
92,14,H,9.84026114,13.00590816,10.57184316,1,,-0.244681715965,0.35475486517,0.0836243331432
92,15,H,13.60937673,12.74374011,11.98726407,1,,-1.03310990334,4.52113199234,-0.291401356459
92,16,H,12.53801823,14.09247048,10.97463784,1,,1.67380023003,1.0504488945,-1.77837872505
92,17,H,12.00528201,8.95475172,10.72895428,1,,-0.674227058887,0.822309672832,-0.455454409122
92,18,O,11.88291648,8.96898349,11.67739612,-2,,2.95212459564,-5.02189254761,0.899893462658
92,19,H,9.10119404,10.14479827,10.69046215,1,,1.68330514431,2.6909942627,0.493767678738
92,20,O,9.16934048,13.62269563,10.89551587,-2,,-0.204660922289,0.711858570576,0.0616159811616
92,21,H,12.13254665,9.59576274,9.03354167,1,,-0.19545340538,1.79073166847,0.422360211611
92,22,H,11.56696063,11.46929046,13.4843698,1,,-0.578532338142,-0.832530379295,-0.241281688213
92,23,H,9.52543114,14.52449095,10.8954702,1,,0.0551181733608,-0.858000516891,-0.138014912605
92,24,O,11.28745904,11.22017823,12.58752077,-2,,2.07624387741,-0.497290253639,-1.05761015415
92,25,H,12.41388686,13.52071881,14.55306724,1,,-0.404059708118,-0.566416025162,-0.568333745003
92,26,H,12.26982418,13.61725698,12.40745706,1,,-0.336170852184,0.489930778742,-0.374346494675
92,27,H,12.70690861,10.69560535,10.03707459,1,,-1.70543909073,-0.523695409298,-1.4033665657
93,0,H,11.56182235,10.22091473,12.4785956,1,,0.0801460593939,2.6624121666,-1.51560807228
93,1,H,14.15124179,12.2808712,10.33129733,1,,-1.22673475742,-2.84063196182,5.40575265884
93,2,H,9.81529988,11.26376158,11.61632066,1,,-0.458870172501,0.231036931276,2.07137393951
93,3,O,12.01702849,13.91693892,11.42053281,-2,,1.63215434551,0.935927629471,-2.42951273918
93,4,H,12,12,12,1,,-1.66181993484,-2.11599326134,-0.363706916571
93,5,H,12.64564927,8.11415189,11.76306229,1,,-2.3299062252,3.94838213921,0.297799289227
93,6,H,13.34905369,11.72087667,12.70100078,1,,0.403863489628,-0.158110588789,0.179593041539
93,7,O,13.96145834,12.0263217,12.03998551,-2,,0.928520381451,2.46965193748,-0.981238543987
93,8,H,11.59640548,14.2409267,13.4440471,1,,0.306832879782,-2.92412471771,0.953689754009
93,9,H,15.54908933,14.94554956,10.9639787,1,,-0.922738671303,-2.19812607765,0.780753910542
93,10,H,13.40987363,13.09349315,9.24937743,1,,0.0820988938212,-0.572574913502,0.425888687372
93,11,H,15.09668159,13.35207771,11.1860845,1,,1.6251168251,0.406759142876,-0.962235689163
93,12,O,14.1894443,12.60145942,9.52500202,-2,,0.890033423901,2.55107331276,-7.16231632233
93,13,O,9.81375169,11.03609435,10.7247155,-2,,-0.324174642563,0.0212832316756,-2.94013309479
93,14,O,12.02510234,13.29856434,13.7029804,-2,,-0.914436340332,5.03610515594,2.10680365562
93,15,O,11.97618437,10.42267429,9.42849706,-2,,2.27461576462,1.350446105,1.44029188156
93,16,H,9.98412549,13.27635926,10.41005382,1,,2.21561074257,-1.77394914627,-1.21992492676
93,17,H,13.76861884,13.05072433,11.80255574,1,,0.0342244654894,-3.13035988808,1.78191232681
93,18,H,12.83817837,14.18866746,10.86311163,1,,-2.0069475174,-0.39723277092,1.88413333893
93,19,H,12.07288918,8.91055217,10.62408869,1,,-0.932149171829,1.43032824993,-0.0475292801857
93,20,O,12.06235471,9.07915756,11.57729747,-2,,3.32967591286,-6.33623123169,0.651250183582
93,21,H,9.30691286,10.26014688,10.53156828,1,,-0.371615171432,-0.335208415985,0.226392835379
93,22,O,9.27156417,13.68255021,10.8063323,-2,,-2.26381087303,2.32450866699,1.23606133461
93,23,H,12.35118238,9.76874974,8.85438328,1,,0.650300979614,-0.104788340628,-0.73989546299
93,24,H,11.87730738,11.49730228,13.48805853,1,,-2.2631149292,-0.434229999781,-2.32682490349
93,25,H,9.5546537,14.60522242,10.8503249,1,,-0.238707870245,-0.357628792524,0.0719414874911
93,26,O,15.09713228,14.24135699,11.52492412,-2,,0.505195975304,2.76622509956,0.203908801079
93,27,O,11.41759059,11.30712173,12.49301143,-2,,2.47768735886,-1.05589282513,4.5133934021
93,28,H,12.58880069,13.68498007,14.39789984,1,,0.225785121322,-0.774703800678,-0.000626891851425
93,29,H,12.22127243,13.61961735,12.34973728,1,,0.692267894745,0.587435781956,-1.59677541256
93,30,H,12.77901004,10.7953462,9.99395025,1,,-2.43910360336,-1.21179008484,-1.94461250305
94,0,H,11.702074,10.42199341,12.72647651,1,,-0.00970228761435,0.83037430048,-3.33629822731
94,1,H,14.30316884,12.28190087,10.53224056,1,,-0.505382835865,1.43368935585,-3.70510149002
94,2,H,9.9102931,11.37692287,11.7149361,1,,-0.566240906715,-1.18516218662,-3.26753520966
94,3,O,12.21256803,14.06474393,11.3704427,-2,,1.17443215847,0.967689990997,-1.62057161331
94,4,O,9.70926077,13.53743112,14.67465952,-2,,0.858182549477,0.38363301754,-3.56951546669
94,5,H,12,12,12,1,,3.38844919205,3.71751046181,-5.22357463837
94,6,H,12.69317671,8.32236487,11.66983916,1,,0.0557674244046,0.680766046047,1.51362943649
94,7,H,13.32160402,11.87935167,12.57150542,1,,0.149612560868,0.0903952866793,0.136420071125
94,8,H,9.46568729,14.06993698,13.84298485,1,,-0.309535503387,-0.84778636694,2.09988951683
94,9,O,14.0697152,12.19087233,12.08858329,-2,,2.62164163589,3.75573730469,-1.59517204762
94,10,H,11.87134571,14.41309576,13.43316846,1,,-0.0149557888508,-2.7067399025,0.839775502682
94,11,H,13.50242477,13.27766193,9.22113297,1,,2.67671203613,-2.37566804886,1.29444015026
94,12,O,14.35139412,12.7252831,9.51554331,-2,,-2.21688985825,0.600090026855,1.79757070541
94,13,O,9.98704862,11.12551004,10.71457586,-2,,0.340616434813,2.03536987305,3.13048410416
94,14,O,12.21319185,13.43990278,13.69821166,-2,,-0.887242615223,4.66772460938,0.841244757175
94,15,O,12.13900998,10.4705484,9.40225854,-2,,-0.726556837559,-2.68888521194,-2.88571548462
94,16,H,10.26294546,13.50554135,10.27228239,1,,-2.82366871834,0.470278739929,1.29255867004
94,17,H,13.98656503,13.24678925,11.8001482,1,,-0.0614532083273,-4.29259538651,1.85251045227
94,18,H,13.09372992,14.31507374,10.92193845,1,,-2.09042978287,-0.506160259247,1.27535247803
94,19,H,10.95977581,11.88654881,9.29578075,1,,-1.5188999176,0.966873407364,-2.9829993248
94,20,H,12.1698255,8.99071375,10.58177005,1,,-0.700733363628,2.1830766201,1.41262853146
94,21,O,12.29923891,9.21123278,11.56164263,-2,,0.829991877079,-3.62072849274,-1.77631735802
94,22,H,9.48817656,10.38618544,10.45131616,1,,-1.06960785389,-1.18783354759,0.0847083926201
94,23,O,9.40792578,13.7820017,10.79809424,-2,,3.04992628098,1.47668671608,-1.0289940834
94,24,H,10.2491608,11.38958733,8.06399464,1,,-0.155885234475,0.101955339313,-0.260714679956
94,25,H,12.65375415,9.99205901,8.72397666,1,,-0.34905937314,0.778888940811,0.277341723442
94,26,H,12.1189286,11.54865344,13.45665396,1,,-1.93440175056,1.13613092899,-2.19018411636
94,27,H,9.61132804,14.75384477,10.89296577,1,,-0.598399162292,-1.57812774181,-0.108763478696
94,28,O,11.59516406,11.4285523,12.49279151,-2,,-2.9987616539,-6.79184055328,11.1397676468
94,29,H,12.81163033,13.82077002,14.33198855,1,,1.01697063446,-0.575880229473,1.13217222691
94,30,H,12.26064906,13.69430586,12.29637359,1,,1.11130547523,0.50682502985,-2.08755755424
94,31,O,10.54607272,12.23744163,8.39327865,-2,,1.21542000771,-0.232409089804,2.24520587921
94,32,H,10.41774397,13.02263232,14.17922603,1,,-1.169506073,0.455613791943,1.62900424004
94,33,H,12.78010163,10.87516733,9.91229337,1,,2.21828317642,1.35050654411,1.64430963993
95,0,H,11.7220088,10.40320768,13.10502891,1,,-0.261176288128,-0.582837641239,-3.33714485168
95,1,H,14.28856524,12.17519839,10.80953892,1,,-0.197878390551,2.04156398773,-3.82225394249
95,2,H,9.82300611,11.26737552,11.91015841,1,,-0.46754014492,-0.21956910193,-0.942071080208
95,3,O,12.27932864,14.04012889,11.58155415,-2,,-3.1819486618,0.265905559063,-1.36044836044
95,4,H,12,12,12,1,,-0.957139611244,-1.79586434364,0.859827876091
95,5,H,12.65619734,8.33411519,11.92245974,1,,2.41075515747,-5.91838788986,2.01351618767
95,6,H,13.23765881,11.87445106,12.73587705,1,,-0.200272381306,0.0481993257999,0.266631960869
95,7,O,14.0517085,12.19314782,12.40080511,-2,,3.62678623199,-2.42490029335,-0.329551517963
95,8,H,11.92687724,14.34999891,13.7746729,1,,-0.211737081409,-1.60258793831,0.430991172791
95,9,H,13.56130991,13.17602689,9.51197241,1,,1.00893628597,-1.15273320675,0.710042655468
95,10,O,14.37629331,12.67734509,9.78049743,-2,,-0.802989959717,-1.05903804302,2.77393627167
95,11,O,10.03546918,11.05400011,10.98449042,-2,,-2.30322027206,-2.64005088806,-0.336842834949
95,12,O,12.26861305,13.41766827,13.96122566,-2,,0.0303691774607,3.61678195,2.37345480919
95,13,O,12.16952031,10.34225434,9.63749222,-2,,2.56824064255,-1.20076596737,-3.44903111458
95,14,H,11.27976532,7.56589263,10.53855075,1,,-1.13791179657,-0.022421002388,-2.05945777893
95,15,H,10.28782249,13.58219383,10.48067518,1,,-2.93502283096,0.0252343770117,1.57984554768
95,16,H,14.08103118,13.09361018,12.19272057,1,,-0.299777537584,1.77835798264,0.1945656389
95,17,H,13.13533876,14.26421678,11.33168389,1,,2.22023963928,0.634409666061,-0.62805056572
95,18,H,10.90621768,11.92629692,9.52061188,1,,-0.982652544975,1.05551421642,-1.80109643936
95,19,H,12.14803816,9.0389424,10.85787516,1,,0.345067918301,1.96639728546,0.371145248413
95,20,O,12.41042468,9.16709705,11.81111763,-2,,-1.13455832005,3.9985871315,-0.695420742035
95,21,H,9.44642938,10.26491952,10.6466857,1,,1.64622354507,2.64999556541,1.24148643017
95,22,O,9.41954945,13.71001704,11.05457971,-2,,3.15900421143,2.24463558197,-1.27233910561
95,23,H,10.30305451,11.27436248,8.4147213,1,,-0.0924016237259,1.10208916664,-0.485369384289
95,24,H,12.81553707,10.0827677,8.88008066,1,,-1.93130993843,0.820359289646,1.78530192375
95,25,H,10.73843931,8.62619493,11.126826,1,,-1.29931402206,1.10069668293,-0.845922768116
95,26,H,12.13023413,11.48980545,13.62665499,1,,-0.338833034039,2.45063447952,0.205549091101
95,27,H,9.52028828,14.69886548,11.207532,1,,-0.504213452339,-1.93516635895,-0.139261424541
95,28,O,11.63368973,11.36373444,12.79346637,-2,,-0.36401951313,-0.953013241291,2.60267543793
95,29,H,12.95015915,13.71631146,14.59759282,1,,-0.0827176272869,-0.816420674324,-0.202895432711
95,30,H,12.22935472,13.63386668,12.43839378,1,,0.62942892313,0.0767903700471,-0.00904920697212
95,31,O,10.50165827,12.20825571,8.63580832,-2,,0.794914364815,-1.52271699905,1.46672654152
95,32,O,10.73076507,8.32787939,10.18909138,-2,,0.556441962719,-2.83011841774,2.27335572243
95,33,H,12.76178911,10.85478382,10.1629827,1,,0.69022589922,0.800439238548,0.567154169083
96,0,H,11.76895671,10.32615491,13.35160641,1,,-0.23727928102,1.44914019108,-2.2163310051
96,1,H,14.29830353,12.21282651,10.88286112,1,,-0.162343680859,-0.568999409676,1.53887224197
96,2,H,9.72453535,11.18136302,12.0787381,1,,-0.935961127281,1.03214740753,2.51573133469
96,3,O,12.37269485,14.04839668,11.80181259,-2,,0.290007650852,1.73149383068,-2.05846595764
96,4,H,12.5699026,6.15572678,10.82241575,1,,0.276741534472,-0.0774238184094,0.470221996307
96,5,H,12,12,12,1,,-0.127835765481,0.652623355389,-2.32111144066
96,6,H,12.77867753,8.14935182,12.27863825,1,,-0.765439987183,4.25101613998,-1.22364807129
96,7,H,13.24184381,11.91302339,12.94642127,1,,-1.75903511047,-0.182633042336,0.214647993445
96,8,O,14.07744153,12.21963347,12.72767086,-2,,4.66727733612,-3.05903339386,-0.522446870804
96,9,H,11.9316282,14.29338209,14.17551161,1,,-0.17953234911,0.184774130583,0.483624666929
96,10,H,13.65555178,13.06642989,9.83751838,1,,-2.58743476868,1.25723338127,-0.705323457718
96,11,O,14.43616205,12.65896926,10.07259419,-2,,2.89577007294,-0.638918459415,-1.12632060051
96,12,O,10.11940585,11.01669138,11.27069951,-2,,-1.82109737396,-3.91851997375,-3.35421395302
96,13,O,12.36195165,13.43690522,14.24231239,-2,,1.59979987144,1.06443488598,3.23586201668
96,14,O,13.29389863,6.1215793,11.46761002,-2,,0.313875883818,1.57289838791,2.27601623535
96,15,H,11.46318673,5.75917522,9.13803376,1,,-0.443724423647,-0.379325658083,-1.44877529144
96,16,O,12.24140362,10.24734366,9.87815276,-2,,4.16669654846,2.71231412888,-0.145768582821
96,17,H,10.22483604,13.70525435,10.793561,1,,2.11320257187,-0.709112048149,-1.70081996918
96,18,H,14.21709552,13.11868186,12.63649584,1,,-0.138214632869,2.21104478836,0.206186413765
96,19,H,13.31427783,14.29158589,11.75420396,1,,-0.898852825165,0.068546757102,-0.315326243639
96,20,H,10.85990045,12.04664923,9.71753279,1,,1.19067966938,0.320366293192,3.17685389519
96,21,H,12.19028854,9.23349902,11.17075705,1,,0.21209436655,-0.281575113535,0.214206814766
96,22,O,12.55606281,9.16909073,12.07298095,-2,,0.708550751209,-4.22110939026,1.91644763947
96,23,H,9.47845772,10.26096055,10.920074,1,,2.27997159958,2.58340835571,0.797105908394
96,24,O,9.47380805,13.676679,11.32270671,-2,,-1.72209334373,1.42741107941,1.66188240051
96,25,H,10.36882856,11.23413234,8.76040695,1,,-0.155094087124,1.56068253517,-0.72766494751
96,26,H,12.92153367,10.2650355,9.14670647,1,,-1.4092297554,-0.589319646358,0.549585103989
96,27,H,12.17955694,11.60605939,13.86858091,1,,0.182725325227,1.63768100739,2.0665473938
96,28,H,9.45655569,14.62261523,11.53555338,1,,-0.548991322517,-0.44632846117,0.268331199884
96,29,O,11.70539771,11.33274125,13.11936329,-2,,-1.58635234833,-4.72919893265,2.8796889782
96,30,H,13.12707816,13.56473356,14.89723874,1,,-1.71751368046,-0.110834337771,-1.45375454426
96,31,H,12.27467946,13.62461993,12.63600053,1,,-0.00650208443403,-0.434691429138,0.48500880599
96,32,H,10.38841468,5.82778804,10.36427223,1,,2.48401498795,0.134519711137,-1.30223035812
96,33,H,12.97699408,6.72752902,12.20479552,1,,0.854597210884,-1.97910046577,-1.45653915405
96,34,O,10.49747745,12.2104808,8.89796151,-2,,-1.11103260517,-1.50548756123,-2.98922395706
96,35,O,11.35152044,5.93428518,10.04742357,-2,,-3.44764041901,0.0845467373729,1.52880263329
96,36,H,12.84354977,10.90806508,10.46460668,1,,-2.4748044014,-2.10467219353,-1.41765928268
97,0,H,11.87599053,10.31886909,13.45659935,1,,0.579993247986,2.42945718765,-0.308866411448
97,1,H,14.32844677,12.23541328,11.04530926,1,,-0.674922287464,-2.23753738403,4.40803146362
97,2,H,9.64407385,11.18247653,12.31191549,1,,2.25219893456,0.630412757397,-1.52907681465
97,3,O,12.51366037,14.10150855,11.96658328,-2,,2.54876661301,1.44840395451,1.26540970802
97,4,H,12.71258839,6.18101698,10.9834322,1,,0.599890768528,0.0788744091988,1.34777569771
97,5,H,12,12,12,1,,-0.123753219843,0.276301771402,-1.41922569275
97,6,H,12.93485179,8.20110475,12.53065208,1,,-0.977925598621,3.93931531906,-1.80340743065
97,7,H,13.27424189,11.98892774,13.13802866,1,,-0.392447203398,-0.156463354826,-0.271403461695
97,8,O,14.16464119,12.27875941,13.00408877,-2,,3.47061443329,1.84712171555,0.274482756853
97,9,H,11.93045562,14.31219307,14.54757949,1,,1.37398958206,-1.27846050262,0.757232785225
97,10,H,16.18811636,14.67913316,12.4812369,1,,-2.5706744194,0.330915957689,1.09183990955
97,11,H,13.65740289,13.06744937,10.06480747,1,,1.8423678875,-0.365177333355,0.345890194178
97,12,H,15.8731914,13.73248409,11.62374157,1,,-2.63392543793,-0.769332528114,-0.011391967535
97,13,O,14.55424007,12.68551655,10.30985901,-2,,-1.04320430756,2.41290974617,-5.14771842957
97,14,O,10.24986171,11.02015692,11.50106899,-2,,-2.83333826065,-0.533253610134,2.70506095886
97,15,O,12.50920577,13.50169066,14.47968174,-2,,0.11747571826,1.35167741776,2.50359511375
97,16,O,13.38469847,6.15044808,11.70081506,-2,,1.39904546738,-1.9911314249,-1.89362823963
97,17,H,11.7782597,5.73211749,9.336159,1,,-0.722700715065,0.0671360641718,0.590326368809
97,18,O,12.37537472,10.20932122,10.07086762,-2,,2.49422168732,3.06219983101,-0.162197619677
97,19,H,10.32340825,13.85487638,10.99184711,1,,0.67253857851,-0.436273932457,-0.41601651907
97,20,H,14.40210056,13.33105347,13.04231311,1,,-0.880362570286,-4.61656093597,0.198765218258
97,21,H,13.52118974,14.38242192,12.11883598,1,,-3.63333368301,-0.497366189957,-1.28196549416
97,22,H,10.92429251,12.22849473,10.01826602,1,,-0.686562299728,0.27587172389,-1.02750182152
97,23,H,12.30970329,9.4736566,11.42951489,1,,0.743436455727,-1.79697930813,1.13291060925
97,24,O,12.75567355,9.20675693,12.29176971,-2,,0.229837402701,-2.73799395561,1.7345802784
97,25,H,9.63663574,10.37674459,11.16641251,1,,0.0303424485028,-0.681616008282,-1.31903576851
97,26,O,9.56935526,13.68996299,11.54638454,-2,,-0.417885124683,0.849349141121,0.447168409824
97,27,H,10.46395742,11.29836441,9.02626057,1,,-0.115535065532,0.14076051116,-0.46711280942
97,28,H,13.01021093,10.49500176,9.39267513,1,,-0.549640595913,-1.20594036579,-1.15659821033
97,29,H,12.30906394,11.86061829,14.17137338,1,,-2.40246963501,-2.2607562542,-1.79254126549
97,30,H,9.4274621,14.59422465,11.83554864,1,,-0.415045440197,-0.0600866116583,0.299635529518
97,31,O,15.29861618,14.21029126,12.29023932,-2,,6.5770277977,2.4841837883,-1.24600553513
97,32,O,11.82105389,11.34201728,13.39616576,-2,,0.345922797918,-1.22588133812,4.17981863022
97,33,H,13.28792013,13.41717705,15.11633071,1,,-1.87216603756,1.03616499901,-1.15271353722
97,34,H,12.37732773,13.67010461,12.85378372,1,,-0.125450730324,0.637390255928,-1.96104025841
97,35,H,10.60687872,5.734189,10.34405293,1,,-3.91697430611,-1.28001403809,0.337207198143
97,36,H,13.15401905,6.77846999,12.31714823,1,,-0.675502598286,1.40133810043,1.85508942604
97,37,O,10.54116584,12.25415344,9.10482143,-2,,0.837258934975,-0.251978814602,1.00796294212
97,38,O,11.45851178,5.97976918,10.22175433,-2,,3.39719963074,1.06232118607,-2.25484633446
97,39,H,12.86487386,10.89734645,10.63824749,1,,-1.8483082056,-1.37930297852,0.139509886503
98,0,H,12.07933004,10.45291232,13.48310541,1,,1.28677165508,-0.102781303227,0.967759847641
98,1,H,14.37898158,12.20577437,11.37174178,1,,1.9812810421,2.66976737976,-3.31377077103
98,2,H,9.73546908,11.26311413,12.41212204,1,,2.49201393127,0.446603089571,-1.5376534462
98,3,O,12.70731552,14.21139208,12.05409949,-2,,0.836255311966,0.399714976549,2.86878299713
98,4,H,12,12,12,1,,0.484369963408,0.723940253258,-1.01740181446
98,5,H,13.10238493,8.4806402,12.61630255,1,,0.484638392925,-9.19736862183,0.88461214304
98,6,H,13.37285717,12.12340913,13.24947637,1,,0.648344039917,0.496475100517,-0.335755884647
98,7,O,14.30950092,12.40066109,13.19926595,-2,,2.43585824966,2.45339798927,0.898093044758
98,8,H,13.75762973,13.1308178,10.19905046,1,,3.24052190781,-0.873736143112,0.668875873089
98,9,O,14.71470394,12.77662113,10.45343098,-2,,-4.97354745865,-1.58825850487,2.45692563057
98,10,O,10.42066282,11.08632779,11.66091253,-2,,-3.55416536331,-0.721865653992,2.60431289673
98,11,O,12.56175303,10.23951503,10.18359289,-2,,1.10478258133,0.488079428673,-4.46612644196
98,12,H,10.52503727,14.05059392,11.08926654,1,,-2.78719449043,-0.891142964363,2.11197280884
98,13,H,14.58116588,13.39929978,13.37045241,1,,-1.32529807091,-3.76927947998,-0.474013864994
98,14,H,13.60105906,14.50999824,12.35250234,1,,-0.941694438457,0.149525165558,-1.65413331985
98,15,H,11.01447376,12.47245912,10.21313914,1,,-1.495667696,-0.748181819916,-3.28468704224
98,16,H,12.51490778,9.66955676,11.65114235,1,,0.616858720779,-2.44497513771,0.75889569521
98,17,O,13.00439284,9.297759,12.43415949,-2,,-1.2316839695,10.5087833405,-0.631664037704
98,18,H,9.82127329,10.47420226,11.24859405,1,,0.134934946895,-0.603294730186,-1.25503540039
98,19,O,9.70493987,13.76093779,11.69167407,-2,,2.30660486221,2.59492778778,-1.22024130821
98,20,H,10.58756327,11.40681092,9.18946323,1,,0.0689653679729,-0.431018173695,-0.0718946680427
98,21,H,13.12667942,10.73925086,9.4962023,1,,-1.28280377388,-2.00692844391,0.117369443178
98,22,H,12.39822976,12.0968243,14.32996027,1,,-1.63694870472,-4.0810213089,-1.5262812376
98,23,H,9.43870599,14.63336936,12.07852406,1,,0.338841825724,-1.24984359741,-0.553682863712
98,24,O,11.98152729,11.41152008,13.59707291,-2,,-0.237063467503,3.89324331284,3.17251157761
98,25,H,12.52148373,13.82193572,12.95600503,1,,-0.862945854664,0.500694394112,-1.88737106323
98,26,O,10.63385357,12.35514286,9.23719076,-2,,1.49736726284,1.18324184418,2.79568481445
98,27,H,12.85743749,10.89545472,10.74885757,1,,0.370602667332,2.20130252838,2.92391681671
99,0,H,12.4095219,10.62826856,13.48544383,1,,1.4855414629,-0.153689742088,1.26932096481
99,1,H,14.57485919,12.3638277,11.48113669,1,,2.10941505432,2.53949689865,-3.54432058334
99,2,H,10.02127005,11.41231339,12.38807607,1,,-2.04225683212,1.32023024559,2.64805245399
99,3,O,12.95304647,14.36459115,12.0766578,-2,,-2.22195124626,-0.284994512796,0.200559586287
99,4,H,13.11035101,6.33225796,11.21748971,1,,-0.754594504833,0.46370819211,-0.445528030396
99,5,H,12,12,12,1,,1.39863705635,1.30558431149,-0.661943018436
99,6,H,13.32194951,8.48927052,12.6421929,1,,-0.584765255451,2.1930603981,-0.799544394016
99,7,H,13.59695947,12.32368768,13.29465704,1,,-0.511941313744,0.132558941841,0.0604480654001
99,8,O,14.51353331,12.56776312,13.32400493,-2,,0.98499506712,-5.55521345139,-1.53685450554
99,9,H,14.0516056,13.21892834,10.28356435,1,,-0.355444788933,0.555570304394,-0.415156275034
99,10,O,14.91252565,12.90632006,10.53737187,-2,,-1.41168105602,-2.8779065609,3.70627403259
99,11,O,10.63955017,11.20358274,11.75971917,-2,,-2.06492400169,-5.04928302765,-4.4734992981
99,12,O,13.73196613,6.36530481,11.92550696,-2,,0.741189360619,1.21161770821,2.12023019791
99,13,O,12.80378109,10.31992054,10.21489724,-2,,1.60839438438,4.19540166855,-1.49909925461
99,14,H,10.65423306,14.26597806,11.23172574,1,,-1.33951258659,-0.538400888443,1.04710221291
99,15,H,14.74951146,13.36801712,13.59756378,1,,1.04157614708,4.90305805206,1.6961877346
99,16,H,13.71637391,14.70091729,12.45980167,1,,2.94135212898,1.61440968513,-0.410805583
99,17,H,11.08816416,12.72446228,10.17948007,1,,0.098731175065,-0.416296392679,0.793281853199
99,18,H,12.78930631,9.77400813,11.82762121,1,,-1.84853577614,-0.573795318604,-2.8113617897
99,19,O,13.30714667,9.46177458,12.50477599,-2,,2.17477989197,-1.69869375229,4.54765319824
99,20,H,10.04435337,10.54702556,11.18507008,1,,2.24277734756,2.19936990738,1.63117575645
99,21,O,9.89700058,13.88263539,11.76271541,-2,,0.900798082352,1.87312185764,-0.0994420424104
99,22,H,10.76060139,11.52699769,9.27857299,1,,0.253270983696,1.0842705965,0.230050563812
99,23,H,13.25380667,10.94603799,9.50995746,1,,-1.17979097366,-2.29552125931,1.46182847023
99,24,H,12.47136725,12.2550217,14.33930546,1,,0.176459908485,-2.51188087463,0.351589739323
99,25,H,9.53951416,14.66923665,12.23380687,1,,0.409348905087,-0.921524047852,-0.613384008408
99,26,O,12.19182631,11.53796892,13.73063003,-2,,-2.25152778625,2.34348773956,0.521809101105
99,27,H,12.68515274,14.04443192,12.94034956,1,,-1.55370259285,-0.539808750153,-0.328750193119
99,28,H,13.57390118,7.16270764,12.51775308,1,,0.19703656435,-2.58192873001,-1.73164248466
99,29,O,10.7857768,12.50389622,9.31262979,-2,,-0.198523059487,-0.701209306717,-1.50530850887
99,30,H,12.91407358,11.02764706,10.92220692,1,,-0.445152312517,-1.23479986191,-1.40892398357
100,0,H,8.36292484,10.9324605,13.55062371,1,,-1.34950101376,-1.10621619225,-1.70896184444
100,1,O,10.01688027,10.14459304,12.61585471,-2,,1.19103610516,-4.26287031174,3.14350891113
100,2,H,14.42047771,13.72285143,11.92298105,1,,-1.01836240292,-1.51515138149,-2.608045578
100,3,H,15.2958136,12.11777599,12.57859593,1,,1.27221918106,1.97103524208,0.0274474974722
100,4,O,12.74818241,9.23046206,14.08094468,-2,,-2.49463510513,0.452737241983,-2.80315732956
100,5,H,13.8508491,11.59046244,12.8640495,1,,3.28467655182,-0.382087886333,-1.17525243759
100,6,H,15.81357936,8.9762185,12.42997432,1,,2.73516058922,-2.84996509552,-10.1000375748
100,7,H,9.96278496,12.15378522,10.8952645,1,,1.99721169472,-2.56845641136,-0.423401474953
100,8,H,12.75604538,12.46200197,10.87318463,1,,-1.49855840206,-0.674029111862,2.28472995758
100,9,O,14.86225501,11.30962586,12.59351413,-2,,-5.28420972824,-0.500577926636,0.5274284482
100,10,H,12.20748332,9.26550676,11.37158264,1,,0.562436938286,1.68260931969,0.469002485275
100,11,H,13.06325006,9.75103564,14.79070708,1,,0.183601230383,0.923696279526,0.942663788795
100,12,O,12.73673522,13.03260093,12.48774422,-2,,-2.7949154377,-3.08226704597,2.40555787086
100,13,H,13.72949646,9.67856056,9.61579093,1,,-2.0559592247,-0.0867955088615,-0.553453445435
100,14,H,9.04348588,15.59244541,13.78573019,1,,-1.19447565079,1.75009870529,0.817483365536
100,15,H,9.77204812,13.54327472,13.97628789,1,,0.422807991505,-2.83695793152,0.660487830639
100,16,O,9.50974013,14.84724808,13.51837096,-2,,1.25152611732,-0.640848636627,-0.731287539005
100,17,H,14.83552425,15.43043057,12.48168238,1,,-0.0811256915331,0.690963029861,0.985594570637
100,18,O,14.99770468,14.00719089,12.57458661,-2,,1.29698634148,1.54753565788,3.98921751976
100,19,O,13.40670092,12.66782481,10.24869748,-2,,-0.705195903778,1.43520724773,-5.75825405121
100,20,H,8.2950152,10.13885287,12.1399668,1,,-1.65580606461,2.60940909386,2.73577260971
100,21,O,12.85307848,10.16465184,9.51974171,-2,,4.06522226334,0.00878661870956,-1.94082379341
100,22,H,9.09897237,12.198255,13.66720674,1,,-2.0763604641,-1.00034356117,-0.879824757576
100,23,O,14.71106565,16.31169677,12.10281786,-2,,-0.363266557455,0.0554955601692,-2.38628697395
100,24,H,15.90254024,13.97185902,12.8504692,1,,0.6261267066,-0.590263068676,-1.07732534409
100,25,H,10.34877052,9.34310782,13.18424825,1,,-0.993760466576,2.49343061447,-1.95563578606
100,26,H,13.42094327,10.05832118,11.91258473,1,,-0.102699115872,-0.283637970686,0.0171761736274
100,27,O,7.73156224,10.79698631,12.7854685,-2,,1.34443116188,-1.37779414654,-0.742140173912
100,28,O,12.47928384,10.15743971,11.73397502,-2,,0.647115647793,-2.25678157806,1.25072407722
100,29,H,11.31826352,11.13707726,10.04436688,1,,-1.45794773102,0.327543735504,1.13220763206
100,30,H,12.66374658,13.15249506,13.51735914,1,,-0.438338160515,-0.38823133707,-3.27494239807
100,31,H,14.64138318,17.241527,12.06852944,1,,0.116935089231,0.740853965282,1.12713623047
100,32,H,12,12,12,1,,1.54393446445,3.27685165405,2.01895236969
100,33,H,12.14669761,9.80047385,13.39711443,1,,2.47091460228,-1.42728090286,2.64774441719
100,34,O,9.91327105,12.46426425,13.98883852,-2,,2.08733463287,3.56168842316,1.06210529804
100,35,H,9.11142556,13.38554829,12.34539384,1,,-0.283586591482,0.156172201037,-3.66014099121
100,36,O,9.18236575,13.43861917,11.27881562,-2,,2.04223585129,-0.139147311449,3.04278159142
100,37,H,15.1370059,9.96086344,13.02557885,1,,1.37865066528,-1.59726929665,1.78174686432
100,38,H,10.65863134,10.45940617,11.92186883,1,,-0.592413425446,-0.575560212135,0.802092790604
100,39,O,10.73201705,11.28306623,10.83710801,-2,,-1.09971928596,4.39898014069,-2.73522996902
100,40,H,13.31939207,11.03257631,9.71313881,1,,-1.2572042942,-0.465252101421,-0.16653123498
100,41,H,12.73526746,12.86541943,9.45309351,1,,2.65176129341,-0.186341524124,2.20607423782
100,42,H,10.10330804,13.83115507,11.31902304,1,,-1.44154775143,-0.0615867897868,-0.357977926731
100,43,O,15.66129268,9.11466301,13.23342817,-2,,-2.93273591995,2.77261829376,8.96107292175
101,0,H,8.65240078,10.8912136,13.5480659,1,,-1.10510063171,-1.02793169022,-0.729655623436
101,1,O,10.17651459,10.06891087,12.62450741,-2,,0.618387877941,1.07748925686,-1.64818847179
101,2,H,14.31790487,13.52718354,11.96920952,1,,2.55912590027,0.750302672386,1.64367246628
101,3,H,15.49469455,12.11744229,12.58448247,1,,-0.423566967249,-1.21561765671,-0.00515999644995
101,4,O,12.96362004,9.12854168,14.12823586,-2,,-1.04573750496,0.699231386185,0.0737276673317
101,5,H,14.06211388,11.52171279,12.90133303,1,,3.21335935593,-0.7863971591,-1.03909087181
101,6,H,15.90821486,8.66383359,12.29247285,1,,0.0425291508436,0.326555669308,2.84065818787
101,7,H,10.15320203,11.86604419,10.91599529,1,,-1.09519040585,0.66030395031,-0.00406487286091
101,8,H,12.88538381,12.39900548,11.0833839,1,,0.801458954811,-0.149627223611,-0.077624976635
101,9,O,15.06392768,11.23255866,12.63617436,-2,,-3.56326079369,3.05647993088,0.447477430105
101,10,H,12.41953389,9.25829309,11.39161947,1,,-0.915132045746,-2.2589776516,-1.19715511799
101,11,H,13.28847297,9.72393717,14.81781412,1,,-0.268244087696,-0.323430776596,-0.317728251219
101,12,O,12.91532786,12.95807483,12.61366071,-2,,-1.36221051216,-1.49472796917,1.84236812592
101,13,H,13.69804562,9.58922274,9.81021035,1,,6.55349445343,-4.34002876282,1.48954844475
101,14,H,9.1880879,15.53343709,13.89068319,1,,0.387334465981,-0.703990221024,0.0314027220011
101,15,H,9.97804028,13.52638036,14.02773584,1,,0.142910376191,-3.66035866737,0.561195492744
101,16,O,9.68966583,14.76465749,13.58202187,-2,,-0.234635278583,1.68540072441,0.150280714035
101,17,H,15.0240134,15.29817841,12.65194503,1,,-1.25008702278,1.95775318146,-0.539922595024
101,18,O,15.12099767,13.92784384,12.62125162,-2,,2.17365002632,-0.110725522041,1.15047585964
101,19,O,13.5756241,12.53907144,10.34928275,-2,,-2.161465168,-0.0846832543612,-1.25185990334
101,20,H,8.49508782,10.13003443,12.23353207,1,,-1.80910778046,2.09324574471,2.4168419838
101,21,O,12.99128502,10.0213574,9.60832915,-2,,-4.33141613007,7.98433303833,-4.19866704941
101,22,H,9.244576,12.03044253,13.82731895,1,,1.27972984314,0.906574487686,0.33336558938
101,23,O,14.89993335,16.2187127,12.1197965,-2,,-0.0815561711788,2.12019205093,-1.25102484226
101,24,H,16.13155062,13.91125556,13.00026302,1,,-3.3704957962,-0.601062774658,-2.05170035362
101,25,H,10.53550648,9.42651468,13.15346614,1,,1.14295148849,-2.8228032589,2.21612215042
101,26,H,13.59341127,9.98445396,11.87170234,1,,0.0121453478932,0.0419716872275,0.406898319721
101,27,O,7.93425818,10.74701634,12.90002168,-2,,0.933545708656,-1.21570050716,-1.44707226753
101,28,O,12.63841066,10.06117307,11.78128986,-2,,1.38133573532,1.97840762138,3.12350964546
101,29,H,11.42714514,11.15011051,10.17383876,1,,-0.522758960724,-0.488808453083,-0.0931226611137
101,30,H,12.80154079,12.8936231,13.61248593,1,,-0.47452929616,0.28550490737,-2.26527881622
101,31,H,14.58640249,17.1872939,12.10816584,1,,0.751680374146,-3.20000553131,1.22719788551
101,32,H,12,12,12,1,,0.0640081465244,0.818382263184,0.175858199596
101,33,H,12.33386901,9.63761574,13.5451343,1,,1.50538229942,-0.511810302734,0.980002164841
101,34,O,10.13226209,12.38243056,14.06155637,-2,,-0.878949224949,2.94604730606,0.0943408757448
101,35,H,9.23454268,13.33805476,12.34030717,1,,-0.467057138681,0.175473496318,1.82365131378
101,36,O,9.36539194,13.33708468,11.42265894,-2,,4.30093288422,1.27448129654,-3.30615282059
101,37,H,15.41437145,9.90795298,12.97052055,1,,1.14721369743,-1.64918911457,1.35732483864
101,38,H,10.88590373,10.49186672,11.84296594,1,,-2.10497617722,-1.29255867004,2.0567650795
101,39,O,10.83826958,11.19516598,10.93330692,-2,,2.64279460907,2.28076171875,-2.22444295883
101,40,H,13.4014892,11.12677486,9.76899657,1,,-1.17559206486,-4.19875717163,-0.146961644292
101,41,H,12.94543777,12.67500644,9.59222301,1,,1.07984173298,0.713024020195,0.575593829155
101,42,H,10.37492574,13.75046211,11.36834932,1,,-4.00702762604,-1.28093504906,0.4832649827
101,43,O,15.79964,9.0135944,13.25347854,-2,,-0.0857172459364,-0.41378903389,-3.70667123795
102,0,H,8.80625738,10.67409036,13.34791755,1,,1.00973713398,-0.0462587103248,1.5329734087
102,1,O,10.23789043,9.85788935,12.46940922,-2,,-0.227778926492,-2.09348225594,1.81829929352
102,2,H,14.23752732,13.24239446,11.96273326,1,,2.65262293816,1.01120901108,1.58613932133
102,3,H,15.57397536,11.95504191,12.42429087,1,,-0.789223909378,-2.58885240555,0.0103333946317
102,4,H,14.32388351,11.30108071,12.7236608,1,,-3.83395624161,0.817781507969,1.07644879818
102,5,H,15.95741936,8.18730049,12.06364417,1,,-0.552335262299,2.93452763557,5.08592414856
102,6,H,10.16052622,11.517742,10.7933976,1,,-5.37749910355,3.94661712646,-0.128534004092
102,7,H,8.80506313,16.48111952,16.12309304,1,,2.04103755951,-1.19370377064,-4.32951164246
102,8,H,13.00077406,12.23252969,11.0941962,1,,1.18078303337,-0.313430309296,-1.46593475342
102,9,O,15.1542944,11.02328866,12.51292566,-2,,4.1431055069,2.5334751606,-1.38916182518
102,10,H,12.50790602,9.00851523,11.20430636,1,,-0.680164813995,0.769084453583,0.343697607517
102,11,O,12.98237589,12.73475087,12.57628646,-2,,-2.58661866188,-1.29088449478,-2.29252934456
102,12,H,13.84628627,9.16900647,9.89105816,1,,-2.87441539764,2.64037179947,-2.11237716675
102,13,H,9.26242014,15.26402858,13.79805065,1,,0.552123486996,-0.0495436266065,-0.135173946619
102,14,H,10.07352884,13.27538606,13.89661344,1,,0.244973286986,-3.49160718918,0.726904690266
102,15,O,9.76789251,14.54260453,13.47970098,-2,,0.622413575649,-0.216323256493,-1.62235641479
102,16,H,15.0512914,15.068316,12.62815618,1,,-1.34992551804,2.43806123734,-2.14012598991
102,17,O,15.14556135,13.71474965,12.51020575,-2,,2.50036048889,-0.189435601234,1.19703793526
102,18,O,13.63817675,12.26873583,10.28260163,-2,,1.21064066887,-0.562597990036,3.80661392212
102,19,H,8.53480488,10.08099073,12.26555341,1,,1.39031362534,-2.56922316551,-3.30675506592
102,20,H,8.32485924,15.87379158,14.73791566,1,,1.12536180019,0.778102040291,1.02330303192
102,21,O,13.01968557,9.76499553,9.52121375,-2,,4.41426992416,1.00622200966,-1.72229790688
102,22,H,9.36422856,11.79311543,13.82855142,1,,1.00335526466,0.955040693283,0.361446321011
102,23,O,9.20878656,16.17223182,15.10779112,-2,,-4.32050704956,2.13962697983,5.26998329163
102,24,O,14.98970083,15.99032597,11.97047252,-2,,-0.916607260704,1.42332005501,0.690074563026
102,25,H,16.14820786,13.65065544,12.8588136,1,,-3.33162164688,-0.37557721138,-1.66727542877
102,26,H,10.66254726,9.2624669,13.05708472,1,,0.47840988636,-0.784624099731,0.832262635231
102,27,H,13.66605256,9.76202815,11.67653505,1,,-0.244981139898,0.421362221241,0.580526590347
102,28,O,8.03840042,10.55337533,12.84480151,-2,,-4.34044075012,2.29305315018,1.7689936161
102,29,O,12.70138,9.83462591,11.67601652,-2,,1.55722856522,-1.65488100052,3.07381296158
102,30,H,11.41894518,11.05508319,10.1444472,1,,1.49413466454,-0.462979853153,-2.25872063637
102,31,H,12.82597411,12.47380964,13.46225739,1,,-0.604150176048,-0.181370258331,1.56070506573
102,32,H,14.42507451,16.85374947,12.03401141,1,,1.63988137245,-3.17463135719,0.679246008396
102,33,H,12,12,12,1,,1.23219323158,1.41837620735,1.02860689163
102,34,O,10.25163114,12.17213594,13.97068348,-2,,-0.372851639986,2.32621765137,0.317088454962
102,35,H,9.26260775,13.18506617,12.28315732,1,,-0.480499267578,0.626848220825,2.21188998222
102,36,O,9.46346293,13.09881107,11.39125438,-2,,1.01006698608,-0.303928673267,-3.96525335312
102,37,H,15.61362371,9.67333866,12.82536046,1,,0.280721545219,-0.0045850276947,-0.0375297144055
102,38,H,10.8896263,10.29543482,11.7416862,1,,-0.687644839287,-1.86130070686,1.96767067909
102,39,O,10.85029976,10.97609741,10.8578178,-2,,4.53638601303,0.410273909569,-2.3742017746
102,40,H,13.33583024,10.87208838,9.66626134,1,,-0.175785169005,-4.76069545746,0.16329921782
102,41,H,13.09517995,12.38507481,9.57680153,1,,-2.49348258972,1.70477628708,-3.57115626335
102,42,H,10.34972022,13.49071016,11.29158534,1,,-0.889264702797,-0.00216774456203,0.4992608428
102,43,O,15.83733122,8.77717062,13.10743563,-2,,0.809635221958,-4.42226219177,-4.69364738464
103,0,O,11.25821383,14.15778722,15.00067892,-2,,-1.21896803379,3.22660422325,-3.62187814713
103,1,H,8.85210016,10.32156175,13.07314005,1,,-1.88847589493,-0.207615107298,0.217054873705
103,2,H,12.10663233,12.0114632,14.77665055,1,,2.16811227798,0.0567231178284,1.9154317379
103,3,O,10.14726989,9.50076031,12.16702708,-2,,-3.85082197189,-8.99480724335,11.4932193756
103,4,H,14.16170043,12.90524722,11.92337118,1,,2.5482711792,0.367696493864,0.644864082336
103,5,H,15.47982221,11.56030554,12.10374627,1,,0.483911603689,-0.923499107361,-0.317011475563
103,6,H,14.23533003,10.98140274,12.43156678,1,,-1.14781045914,-0.265950143337,0.472597211599
103,7,H,9.80213329,11.21117208,10.53250173,1,,3.18573641777,-1.48639631271,0.609544336796
103,8,H,8.79278967,16.09270664,15.67680457,1,,-0.314212828875,0.518058300018,1.12715446949
103,9,H,13.05862386,11.93865205,10.84418146,1,,-1.26936078072,-0.165401920676,0.792592287064
103,10,O,15.10520323,10.67849549,12.22438879,-2,,0.983042359352,-0.21179766953,-0.026482604444
103,11,H,12.4376847,8.625092,10.88332749,1,,-0.349917203188,1.90448582172,1.21008300781
103,12,H,11.21639857,14.08082511,13.90772908,1,,0.321114122868,0.278809845448,4.10349607468
103,13,O,12.88106035,12.36019995,12.37199629,-2,,-5.02741670609,-2.22016787529,0.996805727482
103,14,O,13.01083923,12.47023218,14.98006429,-2,,-4.05303764343,0.228694602847,-3.4841196537
103,15,H,9.17885094,14.83889627,13.54773835,1,,-0.621346652508,1.42937660217,0.352814227343
103,16,H,10.00763705,12.79926571,13.60074057,1,,0.48268944025,-0.304144948721,0.531142950058
103,17,O,9.69659895,14.17401005,13.21358829,-2,,0.317733556032,-2.19749498367,-3.44263982773
103,18,H,14.8586522,14.7897686,12.33149819,1,,0.0858145207167,2.07286143303,-2.20566272736
103,19,O,15.01890339,13.36166312,12.24589731,-2,,-2.73951005936,1.26821088791,-0.12121668458
103,20,H,9.97223535,10.78649821,15.42284273,1,,0.751638114452,1.51744484901,-0.754751563072
103,21,O,13.55051382,11.85229133,10.06779316,-2,,0.666489899158,0.165632650256,-4.7967042923
103,22,H,8.50323203,9.76375778,11.96611023,1,,-1.39581513405,-0.288226425648,-0.725905776024
103,23,O,10.3870818,9.95627961,15.30961886,-2,,1.93887007236,-4.37332820892,-0.265391886234
103,24,H,8.23680047,15.40993762,14.36833503,1,,2.61213541031,1.69227981567,2.51682567596
103,25,H,9.38585731,11.47225021,13.66289688,1,,-2.32773399353,-1.5722219944,-0.780562162399
103,26,O,9.11752378,15.76851775,14.8550607,-2,,-4.16244983673,-0.0901911109686,-1.76572108269
103,27,H,8.47422202,11.71992583,14.80573512,1,,-2.53558754921,-0.620932996273,1.19465482235
103,28,O,14.92553895,15.62253377,11.66693425,-2,,-1.49655401707,0.111615002155,1.55335402489
103,29,H,15.89971937,13.19816374,12.4580348,1,,2.03606176376,-1.32037556171,0.255802005529
103,30,H,10.6479409,8.88937852,12.84794844,1,,-1.62156748772,1.6771042347,-2.83197212219
103,31,H,8.70155739,10.36994264,15.16676536,1,,-3.40988230705,-0.120410889387,0.3105430305
103,32,H,13.57731478,9.40576062,11.35094405,1,,0.333247959614,0.724676728249,0.31318384409
103,33,H,13.02672674,15.39790676,11.30129964,1,,-3.68312144279,-4.06039571762,-2.5617017746
103,34,O,7.97768629,10.22366917,12.63435278,-2,,0.739691019058,0.211236685514,-0.18384604156
103,35,O,12.61522211,9.46799933,11.42147338,-2,,1.44578027725,-3.37212228775,-1.28107976913
103,36,H,11.31522288,10.84209879,9.87381727,1,,-0.639762580395,-0.179080307484,0.451434880495
103,37,O,12.20176265,14.68126087,10.89195633,-2,,4.27858400345,2.21431446075,-1.57148468494
103,38,H,12.70316633,11.89608198,13.2251388,1,,1.66465127468,0.742320358753,-0.0503827035427
103,39,H,14.17331612,16.22020617,11.85017184,1,,1.33375251293,0.00438517332077,0.320341557264
103,40,H,12,12,12,1,,1.09085953236,1.0046492815,0.0683296918869
103,41,O,7.86591561,10.97497653,15.13776076,-2,,4.20619249344,0.848658084869,-0.29536908865
103,42,O,10.22120563,11.82905722,13.72175981,-2,,2.86842441559,2.48643827438,0.084228657186
103,43,H,9.14947058,12.93870168,12.1951532,1,,0.730854034424,-0.211910009384,-3.86182308197
103,44,H,10.6242664,14.98156814,14.93675867,1,,1.97273683548,-2.50599241257,0.931768774986
103,45,O,9.41073755,12.71481354,11.18911653,-2,,-5.70785808563,-1.9367518425,2.63486528397
103,46,H,10.70472174,9.5796045,14.41270613,1,,-1.22793221474,2.34521484375,2.31837630272
103,47,H,10.69669785,9.87099639,11.60506623,1,,5.86225891113,1.99750685692,-3.81012368202
103,48,O,10.72153777,10.61913337,10.61487677,-2,,-1.66041851044,6.03546333313,-6.59582710266
103,49,H,12.55155634,14.40624104,9.92115157,1,,-0.889704465866,1.32968783379,3.73798823357
103,50,H,12.59405719,13.22834531,14.37188765,1,,2.72897148132,-1.32359099388,2.74266505241
103,51,H,12.99976388,12.04212112,9.24963489,1,,1.07207989693,-0.2702254951,1.90092229843
103,52,H,10.18101261,13.1396899,11.08459775,1,,4.32956123352,2.76288414001,-0.450425803661
104,0,O,11.23294027,13.75153933,14.76409199,-2,,0.161794871092,-1.55579543114,-3.18740034103
104,1,H,8.90764167,9.90303768,12.84236326,1,,-2.47290945053,-0.816805005074,-0.718814909458
104,2,H,12.13263041,11.64171154,14.33840168,1,,0.938880503178,-1.42282009125,2.6491394043
104,3,O,10.1200838,9.05831391,11.91864431,-2,,1.09897971153,-3.60882091522,3.80271911621
104,4,H,14.22015771,12.51856062,11.94095429,1,,-5.00733184814,-4.38168096542,-0.320519387722
104,5,H,15.50511901,11.10757253,11.78215512,1,,0.773118972778,0.850870609283,-0.587371170521
104,6,H,14.10979382,10.59128136,12.17206415,1,,4.41759204865,-1.84198975563,-1.13336920738
104,7,H,9.67400655,10.77883943,10.33521612,1,,4.12781572342,-1.96608936787,0.41866838932
104,8,H,13.12586523,11.60184545,10.65774464,1,,-1.18290185928,0.389346450567,0.627557277679
104,9,O,15.13144103,10.27394593,11.94863523,-2,,-4.56681108475,-0.818427145481,1.54403197765
104,10,H,11.24026145,13.42376425,13.78953339,1,,0.204541504383,0.96177315712,2.66751050949
104,11,O,12.84411862,11.91717883,12.19022676,-2,,2.8130838871,-2.89078044891,4.69290208817
104,12,O,12.95621607,12.03577484,14.77945709,-2,,-2.78268694878,-0.424068361521,-2.89773130417
104,13,H,10.01113658,12.30898679,13.32663317,1,,-0.16014277935,1.68202054501,0.151746481657
104,14,H,14.73869093,14.51211678,11.95661139,1,,1.34126257896,-3.63921332359,1.68372368813
104,15,O,14.95731349,12.95472676,12.0013776,-2,,6.92680168152,5.0314002037,0.984289705753
104,16,O,13.53823339,11.37400409,9.85753531,-2,,-0.20361033082,-0.0615940392017,-5.7171087265
104,17,H,8.52164318,9.33293689,11.61381676,1,,-2.81891870499,1.70766067505,2.96349811554
104,18,H,9.39211595,11.04875648,13.47994967,1,,0.467601418495,-0.519262373447,-0.367528855801
104,19,H,8.40988855,11.16644042,14.47989159,1,,-0.474690109491,2.24037408829,-0.330283641815
104,20,O,14.92955065,15.19317926,11.38695573,-2,,-2.42965626717,4.62329387665,-1.06250751019
104,21,H,15.83271557,12.60516872,12.0632486,1,,0.102576620877,-0.533834815025,0.13137383759
104,22,H,10.61034104,8.51904824,12.54171085,1,,-0.337099522352,-0.49792098999,0.0784652531147
104,23,H,8.56220381,9.97439564,15.03309077,1,,1.71726214886,-3.00772476196,1.26846635342
104,24,H,12.84654928,14.94947646,11.041526,1,,-1.89606046677,-2.15635299683,-1.15565228462
104,25,O,7.98790694,9.8349791,12.44004235,-2,,3.0134100914,-1.24183893204,-2.91113805771
104,26,H,11.23980662,10.59090785,9.65858072,1,,-0.817436337471,-0.514049530029,0.727195262909
104,27,O,12.19760171,14.24493054,10.66556389,-2,,-0.134051784873,2.42205858231,4.34592533112
104,28,H,12.71293105,11.2911019,13.00797413,1,,1.22332859039,1.54589295387,-1.81298482418
104,29,H,14.052775,15.5311918,11.69866432,1,,1.49740636349,1.55021548271,-0.89288520813
104,30,H,12,12,12,1,,-6.48259973526,0.812337338924,-2.18387746811
104,31,O,7.86029995,10.53806867,14.88745478,-2,,-1.9907387495,1.0436207056,0.695822834969
104,32,O,10.2741291,11.43001513,13.49076409,-2,,0.614551603794,-0.898151040077,0.684194982052
104,33,H,9.18214578,12.65512534,11.96012375,1,,-0.24288636446,-1.57298707962,-3.5450053215
104,34,H,10.67821768,14.47376676,14.61249272,1,,-1.44287407398,2.31278657913,0.391856610775
104,35,O,9.41428267,12.26351792,11.01004729,-2,,1.78827786446,4.90793037415,2.98075199127
104,36,H,10.78663562,9.47994607,11.34601726,1,,0.151305988431,-0.858653664589,0.737960994244
104,37,O,10.6602352,10.22179503,10.36985712,-2,,-1.32161092758,5.60776519775,-6.43559551239
104,38,H,12.53942635,14.12863604,9.83885659,1,,1.42559981346,-0.642367482185,-3.53912115097
104,39,H,12.58538618,12.74937314,14.19125118,1,,2.86836338043,0.687511324883,1.79268336296
104,40,H,13.02087828,11.66001909,9.00080841,1,,1.54048061371,-0.692631304264,3.10030055046
104,41,H,10.2685065,12.85969708,10.88657926,1,,-2.44901990891,-1.81299841404,-0.321889132261
105,0,O,11.51091462,13.34054041,14.63683296,-2,,1.59558868408,1.66253328323,3.38548469543
105,1,H,9.16496865,9.45540844,12.70447789,1,,0.743302106857,-0.349158763885,0.744843244553
105,2,H,12.48420696,11.18404872,14.16405627,1,,-0.468063980341,-1.3315372467,1.66568350792
105,3,O,10.38597585,8.60411775,11.80027909,-2,,2.62356758118,1.43928384781,-2.32923817635
105,4,H,14.37268228,11.98263976,12.06008716,1,,2.4818212986,1.42573750019,-0.190726786852
105,5,H,15.88093066,10.71147367,11.54272966,1,,-1.05821096897,-1.89832401276,-0.034130115062
105,6,H,14.46361196,10.11775952,11.9630117,1,,3.15392780304,-0.868317186832,-0.943342626095
105,7,H,10.05263402,10.26778946,10.28903106,1,,-1.00251436234,0.696609973907,0.76015996933
105,8,H,9.01727224,15.39124181,15.37101517,1,,1.39667534828,-2.45757818222,-3.64802265167
105,9,H,13.41172648,11.28760644,10.62873745,1,,0.99011516571,-1.22041285038,-3.17066144943
105,10,O,15.43740155,9.86816962,11.78527007,-2,,-1.63617444038,0.536302626133,0.62940210104
105,11,H,11.51527853,12.82578177,13.888881,1,,-0.353852272034,-1.25611329079,-1.83412623405
105,12,O,13.10951372,11.46664203,12.13454805,-2,,-4.49308204651,0.527256667614,-0.0559017062187
105,13,O,13.18820402,11.59889868,14.68161649,-2,,0.456709861755,-3.71640205383,0.613139510155
105,14,H,9.39464874,13.89405178,13.20362676,1,,0.523616731167,-0.236529767513,-0.347070127726
105,15,H,10.28661262,11.97675292,13.15265554,1,,0.505114138126,-0.827178299427,0.665726363659
105,16,O,10.00069411,13.29909739,12.80164347,-2,,-0.515428066254,-0.15313346684,-2.17047715187
105,17,H,14.98568376,14.03726066,11.78752608,1,,2.51033067703,-1.71565937996,-0.371140033007
105,18,O,15.20587717,12.56068709,11.87085424,-2,,2.64972043037,-3.29118680954,0.587097525597
105,19,O,13.82266349,10.89541399,9.74210833,-2,,-0.421515464783,0.101023823023,2.77633619308
105,20,H,8.70299181,8.9861626,11.52552267,1,,-1.8310277462,0.915436506271,1.54605102539
105,21,O,7.21816999,12.42763469,15.15030379,-2,,1.23478341103,-0.996229112148,0.985736250877
105,22,H,8.62100501,14.58038305,14.0534685,1,,-4.46126270294,-0.515164911747,-1.03101968765
105,23,H,9.72883616,10.60605148,13.38318247,1,,2.27246952057,0.189892321825,-0.415188074112
105,24,O,9.36424647,14.81963071,14.49739336,-2,,1.1205278635,5.08420753479,6.55303144455
105,25,H,8.62929003,10.70175713,14.23906806,1,,0.957664012909,0.358977079391,-0.723880767822
105,26,O,15.22154607,14.77326985,11.2177355,-2,,-4.18357801437,2.34246587753,1.44318449497
105,27,H,16.10981596,12.0061877,11.79749138,1,,-3.45838212967,2.76458334923,0.657088339329
105,28,H,10.85467133,8.08949894,12.36412466,1,,1.92819070816,-3.09927225113,2.97255396843
105,29,H,8.76442691,9.44054032,15.0853147,1,,-0.155589953065,0.519080758095,-0.211268350482
105,30,H,12.89355634,14.459715,10.86678364,1,,5.15544223785,8.82385444641,4.858897686
105,31,O,8.30034649,9.44053335,12.34457443,-2,,-0.986846923828,-0.731486797333,-3.05022239685
105,32,H,11.40420887,10.3581098,9.61647011,1,,0.67867577076,0.389499843121,-0.689252376556
105,33,O,12.48626862,13.80887041,10.56365169,-2,,-5.34309196472,-8.39384937286,-4.81392908096
105,34,H,13.05480968,10.76245813,12.80787283,1,,-0.435478687286,0.549062252045,-0.40356785059
105,35,H,14.2949824,14.96713935,11.60972168,1,,2.2083735466,1.71157979965,-1.55766797066
105,36,H,12,12,12,1,,3.08256196976,-1.73219513893,0.340420424938
105,37,O,8.14400484,10.10191062,14.7471178,-2,,-0.875766158104,-1.75523722172,2.10314750671
105,38,H,7.95019114,11.96098273,14.60391601,1,,-2.91320991516,2.58954739571,0.92142868042
105,39,O,10.62748621,11.02581867,13.37171147,-2,,-1.78792262077,0.00256824493408,0.466069191694
105,40,H,9.55062375,12.38262818,11.71149774,1,,-1.72152137756,-0.0621088445187,0.736716985703
105,41,H,10.95311088,14.05902959,14.39909195,1,,-0.409948885441,0.773294866085,0.122767873108
105,42,O,9.71665326,11.81959294,10.94395981,-2,,3.05170702934,3.63247895241,-1.83502662182
105,43,H,11.20863023,9.12969575,11.16722168,1,,-3.77921366692,-2.26782870293,2.52643632889
105,44,O,10.88849852,9.84330599,10.21645583,-2,,2.28669404984,0.959040045738,-3.95893478394
105,45,H,12.88181201,13.827456,9.68635896,1,,-0.232205942273,-0.735298931599,-0.248154863715
105,46,H,13.02262371,12.35591939,14.21268094,1,,1.05895590782,3.92312479019,-0.558529794216
105,47,H,13.41613935,11.27210011,8.99235834,1,,-0.65279084444,0.83386695385,-1.03258430958
105,48,H,6.54874588,13.12386111,15.12868857,1,,0.94290715456,-0.324883937836,-1.5150462389
105,49,H,10.52982887,12.50787961,10.80174294,1,,-2.43276405334,-2.81622314453,-0.92229193449
106,0,O,11.65620765,13.0257578,14.50545472,-2,,-1.46312975883,2.91839504242,-0.102763801813
106,1,H,12.66189994,10.73917963,14.05713314,1,,-0.717003703117,0.452064335346,-0.0919815003872
106,2,H,14.42786314,11.59362631,12.1519356,1,,1.08489263058,1.49319982529,-1.49619781971
106,3,H,16.09144739,10.3363038,11.28351731,1,,-1.16175746918,-1.67126822472,-0.0229419283569
106,4,H,14.75781706,9.71389429,11.6980937,1,,-5.92492198944,1.51962244511,0.0831339657307
106,5,H,11.39422934,14.37438721,12.94591963,1,,0.410064607859,0.875492930412,-1.06862878799
106,6,O,13.0548889,15.9676537,9.95552138,-2,,0.114641904831,2.85936260223,0.921828746796
106,7,H,13.58583456,11.00600475,10.46307904,1,,1.05397474766,-1.78351378441,-2.75851559639
106,8,O,15.60084214,9.55567117,11.60475335,-2,,7.5893702507,-1.67668128014,-0.357999175787
106,9,H,11.61324564,12.26913409,13.88089054,1,,-0.157741516829,1.31469416618,1.46232461929
106,10,O,13.22436934,11.11099066,12.06160804,-2,,1.06600499153,1.42076194286,-1.1321079731
106,11,O,13.28318226,11.24650763,14.56962809,-2,,2.1083650589,2.2028002739,0.452078670263
106,12,H,9.52970905,13.47127759,13.0417898,1,,-1.9977107048,1.36989486217,1.1955499649
106,13,H,10.42699412,11.74835749,12.97590515,1,,1.14342010021,-3.58285665512,0.966572880745
106,14,O,10.16327667,12.95141909,12.62534117,-2,,0.439891695976,-0.218716144562,-1.93683135509
106,15,H,15.22781222,13.49591842,11.63668616,1,,2.40213251114,2.55025815964,-2.67279100418
106,16,O,15.32539912,12.25011687,11.72652649,-2,,-0.548371553421,-3.78545856476,1.84775614738
106,17,O,13.96827655,10.50896543,9.61805081,-2,,-0.99617087841,1.38421726227,2.19952058792
106,18,H,10.03603689,10.26486347,13.25559092,1,,-1.35322797298,-1.84144568443,-0.181429848075
106,19,H,8.75142144,10.37120002,13.96390755,1,,-0.56725615263,-1.64352703094,1.92655181885
106,20,O,15.36276028,14.45062047,11.03712882,-2,,-1.89568448067,-2.17791175842,2.51298832893
106,21,H,12.8808905,16.66790229,10.62821144,1,,0.997143030167,0.947253406048,-2.05020999908
106,22,H,16.11154044,11.67539144,11.54582864,1,,-1.20546352863,1.80749714375,0.56019026041
106,23,H,8.83045065,9.04423196,15.13453075,1,,-1.01245903969,2.84981513023,-2.33006691933
106,24,H,12.99573032,14.36948773,10.86294533,1,,-1.04541122913,-4.31465148926,-1.39773106575
106,25,O,12.62253783,13.44435595,10.43957389,-2,,2.89187908173,3.2545800209,-2.66571331024
106,26,H,13.21661138,10.33703026,12.56200946,1,,-0.404235392809,-1.93260931969,1.161916852
106,27,H,14.49295521,14.63734026,11.42588426,1,,0.807739078999,1.70639109612,-0.592835187912
106,28,H,12,12,12,1,,0.0106213875115,1.09004080296,-0.0680148899555
106,29,O,8.2840918,9.75257176,14.5931414,-2,,0.946492016315,-1.15066349506,0.745134890079
106,30,O,10.83941349,10.71655519,13.23524486,-2,,0.588199973106,3.4931230545,-0.215015470982
106,31,H,9.72584796,12.23705419,11.50460561,1,,-1.84806156158,-1.60511529446,0.389931976795
106,32,H,11.02982559,13.79286782,14.17256777,1,,2.12375259399,-3.34775018692,1.58542490005
106,33,O,9.88834006,11.4771622,10.85529554,-2,,-1.11896038055,1.25870060921,0.166206300259
106,34,H,13.34156978,16.47996601,11.86112078,1,,2.2428290844,-0.0429706573486,2.6301009655
106,35,O,14.12201923,16.49581245,12.51179586,-2,,-2.07927465439,0.609803318977,-0.539625167847
106,36,H,12.40588377,15.4934473,10.41561776,1,,-2.37863397598,-1.93687963486,-0.394267141819
106,37,H,13.08363033,13.57173309,9.43860068,1,,-1.84789824486,-0.681925773621,4.23934078217
106,38,H,13.39092154,12.21969235,14.20765774,1,,-0.719916343689,-3.45246744156,1.01527702808
106,39,H,13.73414348,16.80983437,13.35017723,1,,0.250192075968,-0.331783652306,-0.777118802071
106,40,H,13.64819733,11.04207095,8.9004962,1,,-0.153870210052,0.195081502199,-0.636251688004
106,41,H,10.53178769,12.12239868,10.65865636,1,,2.34643387794,-0.275437623262,-2.6786968708
106,42,O,11.45862155,15.35065303,12.89451652,-2,,0.0105488151312,-1.80493092537,-3.73368930817
106,43,H,11.39568333,15.60669318,13.75178092,1,,-0.0314290821552,1.68551468849,3.83959531784
107,0,O,11.68782653,12.81854604,14.38763269,-2,,-0.65559053421,-0.591369450092,-0.534356474876
107,1,H,12.69063642,10.41591751,13.95429346,1,,0.284155547619,1.74700284004,-0.190181195736
107,2,H,14.38256353,11.39301017,12.17935952,1,,-2.04490017891,-0.736248910427,-2.01491379738
107,3,H,11.60024628,14.17943873,12.94925221,1,,0.356890618801,0.793510913849,-0.861230492592
107,4,O,13.06410757,15.78041139,9.83773542,-2,,-0.329567432404,-0.49492430687,-0.505035459995
107,5,H,13.67878635,10.74287586,10.24339761,1,,-0.320354402065,0.000827550888062,1.51743268967
107,6,H,11.57311121,11.86845001,13.91630775,1,,0.398887902498,3.18069696426,2.07058811188
107,7,O,13.22676293,10.86612761,11.99387744,-2,,3.59475493431,-2.2570142746,0.644208550453
107,8,O,13.27442151,11.00103914,14.47335822,-2,,2.59334254265,2.20237421989,1.90690243244
107,9,H,9.51794183,13.17824391,12.9364069,1,,0.474198043346,-0.331733882427,-0.118558317423
107,10,H,10.47132855,11.56047358,12.83312074,1,,0.841606974602,-1.73770642281,-0.0578716099262
107,11,O,10.21670055,12.6999361,12.4534235,-2,,-2.06506061554,1.43857097626,-0.390130758286
107,12,H,15.46325339,13.07403016,11.41183778,1,,-0.0529045015574,-0.859337568283,-0.159254595637
107,13,O,15.32834308,12.03008145,11.60114056,-2,,-5.0917301178,2.64275026321,3.82241845131
107,14,O,13.99988274,10.22687904,9.51133972,-2,,-0.622967600822,2.3171274662,-3.74654817581
107,15,H,10.18909717,9.96733984,13.1391518,1,,-1.37283205986,-1.13297259808,0.130220979452
107,16,O,15.38680292,14.22280512,10.87696304,-2,,2.84173989296,0.491661608219,-1.67673170567
107,17,H,12.77093108,16.28899567,10.54826985,1,,-0.26553824544,3.61931419373,0.816129148006
107,18,H,15.99808461,11.55562188,11.309808,1,,5.13678312302,-3.82553052902,-2.22468519211
107,19,H,12.94703871,14.20463532,10.82194321,1,,-0.954236626625,-4.9778842926,-1.56568455696
107,20,O,12.65377172,13.18901597,10.32042133,-2,,2.07568979263,4.01694345474,-1.07058155537
107,21,H,13.21104736,9.93848023,12.37479598,1,,0.0896231979132,2.12052297592,-1.11571478844
107,22,H,14.59562315,14.49996478,11.23658804,1,,-1.97573745251,1.09585428238,1.2843477726
107,23,H,12,12,12,1,,-1.21487951279,1.45218873024,0.199545368552
107,24,O,10.94129655,10.51870266,13.10866598,-2,,0.264295399189,1.77886450291,0.416752904654
107,25,H,9.71780124,12.1730059,11.39832887,1,,-0.116860210896,-2.48310899734,0.087468996644
107,26,H,11.04303482,13.48301154,14.04454017,1,,0.663875222206,-1.76326322556,0.977290034294
107,27,O,9.9406064,11.23697587,10.77677901,-2,,-1.39950585365,2.14862251282,-0.208635315299
107,28,H,13.58453343,16.16901365,11.61481674,1,,-2.5643362999,0.039419233799,-2.67080402374
107,29,O,14.11120791,16.24974877,12.32489522,-2,,3.29043006897,1.02782988548,5.08296966553
107,30,H,12.42186589,15.21987504,10.27142493,1,,-1.02071118355,-1.36883723736,-1.70830237865
107,31,H,13.07957803,13.36441324,9.38278144,1,,-1.165817976,-0.623147070408,2.99079966545
107,32,H,13.61760262,12.0174633,14.25608373,1,,-2.2436466217,-4.67640447617,-0.0859459340572
107,33,H,13.71319757,16.71160088,13.09335761,1,,0.111214920878,-0.697632968426,-1.3946441412
107,34,H,13.75693969,10.92313164,8.76579506,1,,0.988055467606,-2.54611635208,1.93507575989
107,35,H,10.55120493,11.85544208,10.40589584,1,,1.47693121433,-0.657072901726,-1.6352853775
107,36,O,11.48940114,15.14180892,12.78125647,-2,,-0.304987847805,-0.980128705502,-1.06520462036
107,37,H,11.63610258,15.5376794,13.61688651,1,,0.299690306187,0.626351892948,1.11814975739
108,0,O,11.61814699,12.7106486,14.27687789,-2,,2.41639256477,-1.88617515564,1.91681814194
108,1,H,12.6313698,10.29609469,13.8276201,1,,0.513068020344,1.6349350214,-0.46742361784
108,2,H,14.12397616,11.2835194,12.12334398,1,,-3.91733646393,-3.21919441223,-1.32820951939
108,3,H,11.69596848,14.15256951,12.91143759,1,,0.315108120441,-0.652463197708,-0.193585827947
108,4,O,12.96978486,15.69386969,9.7288834,-2,,-3.91649460793,-1.98899030685,2.88960123062
108,5,H,13.63611229,10.58997618,10.12766522,1,,-0.52429997921,-0.0523228347301,2.02002072334
108,6,H,11.43560457,11.75733938,14.05431193,1,,0.397440314293,1.35180592537,0.628624737263
108,7,O,11.68531187,15.82727193,14.97339997,-2,,-0.544065475464,3.0298666954,3.71456289291
108,8,O,13.12997533,10.73122011,11.9340215,-2,,3.65026974678,-1.67162585258,0.0494249463081
108,9,O,13.17228635,10.86859075,14.39348458,-2,,0.499887853861,-2.77564358711,3.63530611992
108,10,H,9.4678964,12.97023364,12.8396335,1,,0.583247601986,0.076641201973,-0.295361876488
108,11,H,10.42968502,11.41238013,12.70896588,1,,1.64494299889,-2.77580165863,0.390200614929
108,12,O,10.16190092,12.5551596,12.28736987,-2,,-2.79419851303,2.67885804176,-0.0109087824821
108,13,H,15.56110681,12.84854796,11.16025991,1,,-2.2727856636,-0.466304063797,1.47434508801
108,14,O,15.21608331,11.91748341,11.494394,-2,,5.23166561127,-0.728855490685,-1.94226169586
108,15,H,15.67155704,16.07981511,9.67127798,1,,0.345392227173,0.374372422695,1.8223773241
108,16,O,13.9267314,10.0594111,9.40059473,-2,,0.0513308271766,1.47619104385,-2.58412289619
108,17,H,10.21198252,9.76167437,13.03231539,1,,1.070535779,1.0698530674,0.0298107713461
108,18,H,12.54563143,17.3203154,11.31580139,1,,3.0624525547,-0.295667976141,1.19258117676
108,19,O,16.59078089,16.2657734,10.865888,-2,,-3.38602399826,-0.76106095314,2.49900007248
108,20,O,15.3142279,14.09440277,10.72820294,-2,,-0.478633224964,1.25660061836,-0.020917236805
108,21,H,12.54483137,16.19307547,10.48245934,1,,0.0594420433044,0.467876344919,-1.90187907219
108,22,H,15.97673428,11.43298853,11.01120658,1,,-2.41244745255,-0.0889599621296,1.62270951271
108,23,H,12.74615167,13.85798514,10.69262521,1,,0.0433413796127,-0.551948070526,0.956925332546
108,24,H,14.85436335,15.05748023,8.73757471,1,,0.695598244667,0.96022439003,0.658374071121
108,25,O,12.58646626,13.05431934,10.21209595,-2,,-2.64061307907,-1.54520726204,4.40948629379
108,26,H,13.06235453,9.73399149,12.17542094,1,,0.782265007496,3.11160612106,-0.722568511963
108,27,O,15.53151696,15.74160157,8.84085678,-2,,-1.17082333565,-1.07722568512,-6.45394039154
108,28,H,14.51037611,14.51173126,11.11037249,1,,1.19822716713,-1.12410783768,0.115208610892
108,29,H,12,12,12,1,,-1.13806283474,1.30002725124,0.0848143547773
108,30,O,10.93917507,10.43475484,12.98901442,-2,,-2.67293310165,-0.661445379257,0.804316222668
108,31,H,9.6258728,12.11988695,11.34619071,1,,1.09353232384,-0.694014012814,0.944562375546
108,32,H,10.92694525,13.21000125,13.98386098,1,,-2.60023117065,1.59894657135,-0.750374436378
108,33,H,11.17274396,16.41495554,15.6348377,1,,-0.338429868221,-1.92670416832,-1.74062800407
108,34,O,9.87945135,11.10888745,10.70568,-2,,1.58680069447,1.81806612015,-5.17135238647
108,35,H,15.62283744,16.57436789,11.08466783,1,,3.10195612907,0.314919829369,0.499473571777
108,36,H,13.63511934,15.92872249,11.28489466,1,,-0.345282018185,0.586940586567,0.582724153996
108,37,H,12.43518187,16.39296649,15.17084653,1,,1.4151777029,-0.546760439873,-0.5134973526
108,38,O,14.0071316,16.10884681,12.15853141,-2,,1.91389513016,-0.148528307676,0.868249058723
108,39,H,12.24174573,14.96374557,10.04468559,1,,1.78461551666,1.73459517956,-2.2948577404
108,40,H,11.80069241,17.99162816,10.24184214,1,,-0.420617640018,-0.25059530139,1.46306061745
108,41,H,12.93526149,13.22761978,9.42515439,1,,2.47222185135,0.840782344341,-5.27824020386
108,42,H,13.63216012,11.68123314,14.30830382,1,,-0.249348014593,0.542310535908,-1.35175216198
108,43,H,13.58537272,16.67015886,12.8140666,1,,-0.537816405296,-0.296960324049,-0.774702966213
108,44,H,13.80516718,10.77882536,8.72104535,1,,0.446373015642,-1.62082886696,0.43604195118
108,45,O,11.71514034,17.65122309,11.17336576,-2,,-3.01359510422,2.05086731911,-2.25218868256
108,46,H,16.21353212,15.25898832,10.96539179,1,,1.94150185585,1.91307473183,-0.20313000679
108,47,H,10.55015772,11.68730724,10.09821499,1,,-2.25038552284,-2.62997555733,2.17098140717
108,48,O,11.42029437,15.03184135,12.66420604,-2,,1.37087750435,2.70241498947,2.11167621613
108,49,H,11.76335316,15.60968644,13.58744398,1,,-2.06313681602,-2.45440864563,-3.7393746376
109,0,O,11.4982909,12.67745588,14.17405709,-2,,-2.83814120293,4.69973564148,0.420801281929
109,1,H,12.54461871,10.35639742,13.65614007,1,,0.389541655779,0.439415216446,-1.47847938538
109,2,H,13.7030786,11.16704897,12.00542995,1,,4.61558437347,1.371727705,1.02494239807
109,3,H,13.40065514,13.60183284,13.88443069,1,,0.287086427212,0.115067817271,0.229893311858
109,4,H,11.72925463,14.19980392,12.86014918,1,,-0.404610335827,-0.32378539443,-0.561399698257
109,5,H,13.49428741,10.52968574,10.10987859,1,,0.510398089886,-1.83586370945,-1.72604620457
109,6,H,11.25352876,11.79199433,14.19551471,1,,0.161143109202,-2.52681398392,0.227083325386
109,7,O,12.97600766,10.6802506,11.87546865,-2,,-3.89894676208,-1.79446077347,-3.20916891098
109,8,O,13.01052646,10.80792868,14.32997609,-2,,-1.05893146992,-2.7462117672,4.7848777771
109,9,H,9.42364286,12.84968002,12.74827923,1,,-0.946555256844,0.855612814426,0.258693248034
109,10,H,10.36325757,11.28183312,12.59061764,1,,1.09025144577,-1.27479815483,0.204819589853
109,11,O,10.04146831,12.49614877,12.12494451,-2,,-0.430006146431,3.48451566696,1.60147643089
109,12,H,12.90821333,14.20118509,15.17833964,1,,2.93424415588,-0.376811563969,-1.60103774071
109,13,H,10.76693877,9.37728428,14.22942478,1,,1.21199393272,-1.91289579868,0.257926225662
109,14,O,13.78186866,14.12321991,14.60445898,-2,,-2.99757957458,0.257568836212,1.43403530121
109,15,O,13.79359152,9.97889189,9.28487894,-2,,-0.866149008274,-0.358932256699,4.21874237061
109,16,O,10.93222945,8.37156414,14.12245589,-2,,-4.86074352264,1.93221008778,0.0558903813362
109,17,H,10.24878602,9.72354853,12.90310629,1,,-0.786694288254,-0.648136138916,-1.15227079391
109,18,O,13.2249804,8.21600669,14.67704947,-2,,-1.52768111229,-1.08727967739,-2.827242136
109,19,H,12.23767067,8.39685782,14.53968769,1,,3.28155589104,-1.26679801941,0.546517372131
109,20,H,12.51353035,13.64767132,10.68395395,1,,0.442656159401,5.14868593216,3.72659492493
109,21,O,12.44997065,12.99178721,10.11587767,-2,,0.0575661063194,-5.1968536377,-5.76541042328
109,22,H,12.84796085,9.74770411,11.96030651,1,,1.1154692173,-0.826328754425,0.241830393672
109,23,H,12,12,12,1,,-0.903049826622,1.37747013569,-0.0992829501629
109,24,O,10.86914387,10.43189381,12.87164101,-2,,-0.817531585693,0.569689929485,0.934087276459
109,25,H,13.33000145,8.47482408,15.54138688,1,,0.872509598732,1.07585537434,3.03603839874
109,26,H,9.55219776,12.0597628,11.3222652,1,,0.030117565766,0.380628407001,0.0675782561302
109,27,H,10.60428855,13.10226345,13.91283631,1,,2.78945302963,-0.735537350178,0.984345674515
109,28,O,9.757862,11.0731417,10.62474944,-2,,0.764265954494,-2.05757904053,-6.14752864838
109,29,H,9.96955536,8.16294615,14.0339536,1,,1.17905032635,-0.897945046425,0.267455339432
109,30,H,12.8464856,13.19707223,9.23452191,1,,-0.543070495129,0.203816324472,1.59543895721
109,31,H,13.60628398,11.4844346,14.28184314,1,,1.83415484428,2.36094427109,-1.1772916317
109,32,H,13.8146068,10.6520548,8.67602203,1,,0.245486661792,2.1071126461,-2.70624494553
109,33,H,10.36439568,11.4794056,9.90737795,1,,-1.46902775764,-1.11021053791,1.91131973267
109,34,O,11.29865531,15.01103267,12.55607987,-2,,2.37681150436,2.56169700623,3.86372756958
109,35,H,11.72737251,15.62831208,13.3532586,1,,-1.84062111378,-1.9645127058,-3.44271039963
110,0,O,13.09176223,9.13051814,12.09199503,-2,,-1.20390331745,-0.966168761253,-1.43809175491
110,1,H,12.35343892,12.69833785,9.30261388,1,,-1.60526454449,0.831722259521,-1.22141492367
110,2,H,8.64684465,13.05508309,13.57848681,1,,1.47130179405,-0.567968964577,-0.0628405436873
110,3,H,12.63658762,13.45927564,12.39986547,1,,-1.05929946899,-0.122918903828,-0.536397397518
110,4,H,12,12,12,1,,-0.737166941166,0.586483716965,-2.07325291634
110,5,H,13.5075125,14.5099078,11.71949964,1,,-0.039485167712,0.231983244419,-0.763875365257
110,6,H,11.64119808,10.11444771,9.06757979,1,,-1.91798555851,-0.666089892387,-1.58557724953
110,7,O,12.67127551,13.55413244,9.64731591,-2,,0.499240905046,-2.44777154922,-0.399279803038
110,8,H,13.30698865,9.59135487,12.84938763,1,,2.16820049286,0.696828007698,3.16369867325
110,9,H,14.8057264,11.95754749,10.70460186,1,,-0.189405158162,0.784727334976,0.221527785063
110,10,H,13.29414566,12.91098387,10.03288383,1,,1.06353235245,1.46703362465,1.00391471386
110,11,H,10.92456348,13.22714846,11.25411004,1,,-0.0599589943886,-0.0761463791132,-2.44917345047
110,12,H,12.41009244,9.77831938,11.95137003,1,,-1.0478297472,-0.253894776106,-1.04489791393
110,13,O,12.43269217,10.37310015,9.4650751,-2,,-0.0214661061764,0.413257807493,4.74192523956
110,14,O,14.50032031,11.15422311,11.12403398,-2,,4.91964197159,-2.09376239777,-1.67889463902
110,15,H,10.12461916,12.08296334,13.30766853,1,,-4.26508188248,1.77612662315,0.221680536866
110,16,O,13.56461614,13.72285829,12.26369446,-2,,1.96449875832,1.79840505123,3.00660252571
110,17,O,9.05690066,12.1994388,13.3484325,-2,,2.33067941666,-1.07421386242,-0.0889708697796
110,18,H,13.74405074,14.13493015,13.17958255,1,,0.27436798811,-0.874411523342,-1.35872650146
110,19,H,15.51488899,10.58857176,10.79405595,1,,-4.41919517517,1.65307450294,1.61380636692
110,20,O,11.36834898,12.73496745,11.9020919,-2,,0.162110835314,-1.57920980453,4.70166683197
110,21,H,12.12195746,10.23393124,10.4790504,1,,1.71246743202,0.482914805412,-3.97342967987
111,0,O,13.04428244,9.30983563,12.20430202,-2,,-3.46354937553,1.60556316376,-0.978975355625
111,1,H,12.34921352,12.96223108,9.34910755,1,,-3.45533943176,-4.82718086243,-4.12979984283
111,2,H,8.51472629,13.14091589,13.71048042,1,,0.197282969952,2.51626610756,0.948904931545
111,3,H,12.5923906,13.39241406,12.31831613,1,,0.935775697231,2.15246295929,0.00142124295235
111,4,H,12,12,12,1,,-0.907618880272,0.36252117157,-1.24712991714
111,5,H,13.37890507,14.74840187,11.84826034,1,,-0.13702237606,0.0746742337942,-0.397330403328
111,6,H,11.58968861,10.40518006,9.00534796,1,,0.722899079323,0.213555589318,0.0249332562089
111,7,O,12.64705234,13.69484054,9.71765065,-2,,1.85163712502,4.40170764923,1.85997104645
111,8,H,13.37253025,9.80040195,12.92112903,1,,1.95260179043,0.406612217426,1.82181072235
111,9,H,14.83128085,12.21822919,10.72172118,1,,-1.74505138397,-2.65806436539,2.36479854584
111,10,H,13.17688091,13.12111448,10.24386332,1,,1.61921966076,0.307562828064,1.77920389175
111,11,H,10.83702885,13.61748223,11.47726923,1,,0.249570921063,-0.228692442179,-1.27929615974
111,12,H,13.61387965,13.70612614,15.52442517,1,,-0.184574767947,1.51387369633,-1.32250571251
111,13,H,12.284049,9.99816472,12.12544876,1,,1.40268826485,-2.29471254349,-0.436080217361
111,14,H,14.69455476,14.70455747,15.05179985,1,,-2.287140131,-0.595508337021,-1.06806910038
111,15,O,12.37243777,10.6153876,9.54879229,-2,,-1.82475268841,-0.342220783234,0.498483777046
111,16,O,14.44603635,11.38255123,11.2706977,-2,,6.28302288055,0.875679373741,-3.60699033737
111,17,H,9.86392407,12.17941763,13.41808433,1,,1.33599972725,1.43876111507,0.220530837774
111,18,O,13.52616126,13.94099039,12.34789274,-2,,-0.192193642259,0.189532577991,2.46501803398
111,19,O,8.95438191,12.37941143,13.46491278,-2,,-1.76126456261,-3.79697751999,-1.18287360668
111,20,H,13.64858197,14.31027532,13.46655523,1,,-0.297424554825,-1.28630983829,-1.808396101
111,21,O,14.39608209,14.80985226,17.41077332,-2,,2.16154408455,-1.69289326668,-1.25594782829
111,22,H,15.51155333,10.73383002,10.98939363,1,,-4.44383335114,2.00600099564,1.36743557453
111,23,O,13.71355776,14.48142428,14.89054947,-2,,2.42685627937,-0.824795484543,1.12564468384
111,24,O,11.28807568,12.96532605,12.00767771,-2,,0.490104854107,-1.68546116352,2.66342663765
111,25,H,14.71276676,15.13083446,16.47357268,1,,-0.761128306389,-1.05109226704,3.7919216156
111,26,H,14.86981291,13.91595572,17.66959489,1,,-1.17443025112,2.9981508255,-1.14725518227
111,27,H,12.02641677,10.33902226,10.42967318,1,,1.00611996651,0.2209841609,-1.07285535336
112,0,H,10.26680998,9.79075962,11.22843276,1,,-0.582768321037,-3.06271052361,-3.341121912
112,1,O,13.1834758,9.30373406,12.38097334,-2,,0.960421442986,2.96435022354,3.79012155533
112,2,H,12.35769943,12.80180245,9.27557489,1,,2.36624526978,3.43295145035,2.93828749657
112,3,H,11.46605963,15.67473516,11.51641225,1,,-3.68975138664,-2.0918879509,1.505184412
112,4,H,8.60404746,13.16800742,13.96152845,1,,1.8632516861,-0.653278648853,-0.124359086156
112,5,H,12.72145717,13.21147823,12.2911067,1,,1.44140791893,4.2893781662,1.4920372963
112,6,H,12,12,12,1,,-2.66153979301,1.81574773788,-0.757547616959
112,7,H,13.43951945,14.83445316,11.99037173,1,,0.737931609154,-2.65180683136,1.61636066437
112,8,H,11.71565928,10.51782995,8.97669813,1,,2.09754896164,0.423675119877,1.83983111382
112,9,O,12.82400936,13.6540184,9.86357352,-2,,-0.686481595039,-4.18720436096,-1.15342414379
112,10,H,13.75040949,9.85562376,13.17666127,1,,-2.26674723625,-2.42724609375,-3.60666179657
112,11,H,14.96861223,12.17831155,10.93144313,1,,-0.858249485493,-0.727608203888,0.982967972755
112,12,H,13.34396185,13.16342638,10.59676835,1,,-1.54125165939,1.0717124939,-2.24303483963
112,13,H,10.93603878,13.82045272,11.68395226,1,,2.01397442818,-2.49561786652,1.33301544189
112,14,H,13.6826337,13.69870657,15.6497356,1,,0.359175384045,1.07516241074,-0.622338533401
112,15,H,12.39980326,9.90870884,12.35053793,1,,1.10492658615,-0.883238792419,0.0959878116846
112,16,H,10.02960601,14.97771679,11.10056886,1,,0.368036001921,0.97978502512,0.90040653944
112,17,H,14.77745111,14.63508731,15.13635709,1,,3.40746736526,0.373878479004,0.242852240801
112,18,O,12.50810607,10.67233044,9.70253563,-2,,-0.549695849419,2.02620697021,-6.27619695663
112,19,O,14.60959279,11.42250355,11.46829409,-2,,4.26696538925,-0.617721259594,-1.53712630272
112,20,H,9.91264845,12.16937559,13.61381598,1,,4.38682556152,0.85831964016,0.201112210751
112,21,H,11.12541138,8.76894247,10.32796876,1,,-0.0510000884533,-0.357469856739,-0.028820939362
112,22,H,9.74857781,10.94830489,8.15675862,1,,1.16196680069,-1.84707713127,0.161412388086
112,23,O,13.68276514,13.97146022,12.50965029,-2,,-1.846093297,1.15102052689,0.921691477299
112,24,O,9.04049057,12.35736475,13.64313206,-2,,-6.38047170639,-0.0469024777412,-0.145523756742
112,25,O,10.56695277,15.13788197,11.92164084,-2,,2.09513092041,2.88655757904,-3.38335800171
112,26,H,13.71005045,14.22541287,13.74852731,1,,-0.130948543549,-0.486620485783,-2.97333669662
112,27,H,9.93034201,9.58702554,9.11084757,1,,1.16089236736,1.85640478134,-2.38517284393
112,28,H,15.45804913,10.81676385,11.32947004,1,,-3.04119491577,1.41715097427,0.637756347656
112,29,O,13.88138586,14.51055169,15.12495967,-2,,-3.79271650314,-1.54620206356,0.109639406204
112,30,O,11.42205095,12.98376053,12.19213469,-2,,1.66356492043,-3.52586913109,0.218349218369
112,31,O,10.20068553,9.02978348,10.4165479,-2,,0.214032664895,2.27734351158,4.70227622986
112,32,O,10.32753003,10.12776684,8.26090338,-2,,-2.39474725723,0.799315810204,0.875877559185
112,33,H,12.17553708,10.25157953,10.40480397,1,,-1.19610702991,-2.09049987793,4.01285362244
113,0,O,11.18815099,9.93935227,15.43827675,-2,,-2.86335086823,-2.69018983841,1.6085793972
113,1,H,10.51933501,9.600556,11.26685934,1,,0.85563659668,-0.0673366636038,0.397036850452
113,2,O,13.50773669,9.13938706,12.59489514,-2,,4.83873271942,0.324739992619,2.10577845573
113,3,H,12.62567539,12.62454256,9.35735534,1,,2.82045102119,2.99442744255,3.61401844025
113,4,H,11.60005033,15.68149509,11.81802471,1,,-2.80521869659,-2.51314353943,0.367785483599
113,5,H,8.95731665,13.03111417,14.23384557,1,,1.46136975288,-1.80407595634,-0.79105335474
113,6,H,12.98918929,13.01851427,12.33654986,1,,-1.88268864155,1.56272947788,1.98797357082
113,7,H,12,12,12,1,,-1.27203989029,-1.27944397926,-1.38793408871
113,8,H,9.44550807,10.13598596,12.97881429,1,,1.48962306976,-0.101363919675,1.39192676544
113,9,H,10.33678415,9.35198774,15.58603996,1,,2.40543556213,0.811489105225,-1.31719887257
113,10,H,13.704424,14.66312052,12.20911765,1,,0.606716394424,-1.51395320892,1.51803076267
113,11,O,9.37651563,11.23265151,9.80603282,-2,,-0.0766739919782,0.610940814018,4.36605644226
113,12,H,12.10463985,10.48546315,9.09231106,1,,1.57349848747,0.368330836296,3.41762113571
113,13,O,13.17617173,13.42816944,10.03340633,-2,,-1.52982509136,-2.20766282082,-1.75225186348
113,14,H,14.19822611,9.62009349,13.26364942,1,,-2.97668981552,-1.70683813095,-2.67365646362
113,15,H,13.63128395,13.08864139,10.85691013,1,,-0.808705210686,-0.318958759308,-2.36279034615
113,16,H,11.30293952,13.75866279,11.95650522,1,,1.4393799305,-0.963421046734,1.26882457733
113,17,H,12.70912666,9.59634398,12.61394016,1,,-2.13000822067,1.32780265808,0.668479084969
113,18,H,10.19658337,14.66365978,11.26275606,1,,2.28030228615,2.06023454666,2.60941672325
113,19,O,12.81963519,10.56819536,9.86224598,-2,,-3.1403093338,-1.68854546547,-0.35905200243
113,20,H,10.34850445,12.04114599,13.85635105,1,,-3.66788244247,1.32324445248,-0.0875994116068
113,21,H,10.7232972,9.9171069,14.03995947,1,,-0.407371908426,0.816338658333,0.869695544243
113,22,O,10.36574675,9.82740921,13.17073792,-2,,-1.31948745251,-0.479879379272,-3.69565486908
113,23,H,12.74714429,9.9854312,7.98497055,1,,1.39066028595,-1.7459487915,-1.85120522976
113,24,H,11.59250051,8.56277505,10.30473414,1,,-4.51466369629,1.23840129375,1.72713899612
113,25,H,11.01121501,10.30256363,16.28656511,1,,0.920950293541,1.67969965935,1.37823700905
113,26,O,14.01233598,13.83723426,12.70254916,-2,,-0.274086892605,1.13611698151,1.81262326241
113,27,O,9.28852578,12.16422115,13.84212559,-2,,1.89653015137,0.889599919319,0.782998740673
113,28,O,10.88088279,14.96036459,12.11456734,-2,,-0.674173891544,1.40472221375,-4.08564710617
113,29,H,13.92929605,13.9353475,13.90140959,1,,-0.0835712254047,-0.01973490417,-4.04140090942
113,30,O,11.75013037,12.81687073,12.40054031,-2,,2.31683254242,-0.184276461601,0.55382412672
113,31,H,8.89048944,10.79176377,10.63099392,1,,1.41024947166,1.31062698364,-3.04728960991
113,32,H,10.00820183,11.84434206,10.32625466,1,,-1.45765328407,-1.37146258354,-1.42813014984
113,33,O,10.51249618,8.88945949,10.6297188,-2,,3.84342050552,-2.40359640121,-2.21651697159
113,34,H,12.74989222,8.50498383,8.10240513,1,,0.312747299671,-0.113985478878,-0.446081876755
113,35,H,12.46408236,9.89689694,10.56433496,1,,1.15398550034,2.05942988396,-2.09298563004
113,36,O,13.05547703,9.17615677,7.47691628,-2,,-1.13212013245,1.25494170189,1.19040393829
114,0,O,11.61614521,9.8684431,15.69542869,-2,,-3.34647512436,-0.813230156898,4.58864402771
114,1,H,10.87513262,9.49790381,11.45205652,1,,1.0643402338,3.58650159836,2.96113944054
114,2,O,13.92283081,9.03256197,12.88965347,-2,,-7.44335460663,-3.66024398804,-4.41763353348
114,3,H,13.08909398,12.65407988,9.71047695,1,,0.74973988533,-0.574906587601,1.42340397835
114,4,H,11.71639403,15.64592146,12.21340805,1,,0.158769801259,1.25790512562,-1.05382227898
114,5,H,9.46851141,12.88861257,14.53324886,1,,-0.546467483044,-0.240638494492,-0.217961087823
114,6,H,13.229739,12.97677716,12.5637379,1,,-2.4624838829,-1.21894001961,1.0384645462
114,7,H,12,12,12,1,,0.290372610092,0.688292264938,0.887374699116
114,8,H,9.77930573,10.0466589,13.27737041,1,,3.83491158485,-0.678510427475,1.56103217602
114,9,H,10.75094802,9.24722133,15.63295133,1,,2.86954689026,1.97705841064,0.764667868614
114,10,H,14.07807584,14.52544528,12.55211842,1,,-0.371510386467,1.58653628826,-0.00291268527508
114,11,O,9.77809526,11.13997347,10.04399962,-2,,0.0579760447145,0.843220591545,4.90661144257
114,12,H,12.60122517,10.51392683,9.41667964,1,,-2.81259894371,0.21623930335,-1.9646140337
114,13,O,13.5968283,13.24909084,10.27289451,-2,,-1.2091088295,3.17963886261,-3.93609166145
114,14,H,14.5916698,9.38724284,13.29378659,1,,5.0557308197,3.77591562271,3.80736017227
114,15,H,13.9541626,13.05669802,11.08362182,1,,1.0032184124,-2.19452428818,1.9617344141
114,16,H,11.81775604,13.66696434,12.35474597,1,,0.13630476594,-0.83711373806,0.780599296093
114,17,H,12.99979436,9.3985278,12.98438716,1,,2.08997678757,-0.153664380312,0.469170898199
114,18,H,10.57614929,14.50598239,11.64058208,1,,2.18194508553,2.19237470627,1.98117780685
114,19,O,13.20153262,10.51816417,10.09521076,-2,,1.27300775051,-2.69880580902,4.77809524536
114,20,H,10.67303977,12.03162392,14.19053877,1,,-3.09569072723,-0.444736242294,-0.759242892265
114,21,H,11.32391535,9.77158816,14.3391482,1,,-2.38065242767,1.17545759678,-3.01561141014
114,22,O,10.8011331,9.77657978,13.39014726,-2,,-1.44153141975,0.00945404171944,-0.151252120733
114,23,H,13.109741,9.69962685,8.3219009,1,,0.000453103333712,2.41082644463,-0.142957210541
114,24,H,11.9323436,8.46304463,10.44261603,1,,-4.10116672516,1.49856007099,2.27904772758
114,25,H,11.43716457,10.36187432,16.63008585,1,,0.728549003601,-1.67445921898,-3.52586841583
114,26,O,14.41286007,13.75947755,12.97428472,-2,,1.30462265015,-1.39921402931,1.53770172596
114,27,O,9.621895,12.03041878,14.11446021,-2,,3.30567407608,1.02317905426,0.934730529785
114,28,O,11.26814521,14.83972765,12.36440584,-2,,-3.4768307209,-1.78516626358,-1.59839558601
114,29,H,14.23692353,13.72333616,13.94980341,1,,0.147730976343,0.564651370049,-1.50167346001
114,30,O,12.1674763,12.70673196,12.68216403,-2,,1.85283684731,-1.13993895054,-1.29561305046
114,31,H,9.12101906,10.71588038,10.8389733,1,,3.11408638954,2.03784942627,-3.34598636627
114,32,H,10.54679385,11.71248715,10.55315457,1,,-3.39604139328,-2.38206171989,-1.70334911346
114,33,O,10.91318157,8.79348719,10.90800912,-2,,3.15248131752,-6.31035375595,-5.36223506927
114,34,H,13.26144618,8.44424444,8.36177737,1,,0.202724695206,-3.13345241547,0.719464540482
114,35,H,12.89718267,9.69311272,10.70510753,1,,1.26071834564,3.20550823212,-1.9657984972
114,36,O,13.46424271,9.08092771,7.72301719,-2,,0.248193740845,0.110791444778,-1.4194008112
115,0,O,12.00736263,9.79498111,15.93155606,-2,,0.733256995678,0.716478765011,2.0912771225
115,1,H,10.65141424,14.13975111,10.29353895,1,,0.377737164497,-1.92689275742,-1.96385455132
115,2,H,11.2528508,9.5517302,11.77078447,1,,1.50651848316,-3.72729444504,-2.02868580818
115,3,H,13.44783064,12.57877391,10.05151353,1,,-4.58150196075,-5.16052150726,-2.172519207
115,4,H,11.84129247,15.68090619,12.52311691,1,,-0.22107540071,-1.61331129074,-0.798811018467
115,5,H,11.72235088,13.67883684,9.25888755,1,,0.225391939282,0.0197700634599,-0.218573689461
115,6,O,10.92478362,13.36787727,9.68496851,-2,,-1.78565132618,3.39959192276,3.05608654022
115,7,H,9.9347037,12.767889,14.78722568,1,,-2.10868930817,0.322158098221,-0.0326761081815
115,8,H,13.40884589,12.89530969,12.83269946,1,,4.13241529465,-0.263502597809,-0.316368699074
115,9,H,12,12,12,1,,0.667283654213,0.0936552882195,0.342815160751
115,10,H,10.29532859,9.93166904,13.62428226,1,,-1.0242806673,0.467680335045,0.954116404057
115,11,H,11.25628711,9.24713585,15.69660247,1,,-0.666994512081,-0.148061230779,1.42047142982
115,12,H,7.50689319,11.40588744,12.52117463,1,,4.26800823212,0.493251621723,-3.42323684692
115,13,O,10.15394158,11.05553096,10.27051172,-2,,-3.73093223572,-0.0436123013496,0.2205529809
115,14,H,12.18932326,11.54343562,8.57106153,1,,-1.57280874252,0.0877187401056,-0.0388077683747
115,15,H,12.92177517,10.5398046,9.61961949,1,,-0.74708712101,-1.05351567268,-0.506118476391
115,16,H,11.36222454,17.54002768,13.22363551,1,,-0.188891291618,-0.263657957315,-0.62930804491
115,17,H,8.3449731,11.4349533,10.85456136,1,,-1.38067400455,1.20217084885,2.60610437393
115,18,O,13.98931433,13.08589268,10.47905778,-2,,5.80360269547,7.08588266373,3.14348745346
115,19,H,14.29019269,12.93628866,11.3764017,1,,-0.626395702362,-1.12543642521,-1.00288295746
115,20,H,13.23599984,12.16638273,8.24464194,1,,7.67777347565,-0.814665913582,-1.5500729084
115,21,H,12.29582096,13.5412864,12.76060265,1,,-1.00542473793,-0.489479392767,0.345078349113
115,22,H,10.99874241,14.43536825,12.04763926,1,,-4.89653491974,-1.55996382236,-4.05343437195
115,23,O,8.49832242,11.55190667,11.85544403,-2,,-5.22178602219,-0.478214144707,1.57602715492
115,24,O,13.56198112,10.46625392,10.3131907,-2,,1.69708931446,1.94971489906,0.278269290924
115,25,H,10.82723986,11.99323114,14.47955814,1,,5.00211429596,-1.59782409668,-0.594128727913
115,26,H,11.78391055,9.71625515,14.49501536,1,,-2.07906961441,1.18964493275,-3.55914545059
115,27,O,11.20841718,9.72923453,13.57295169,-2,,3.14909934998,-0.949744701385,0.963111996651
115,28,O,11.30968672,16.96161262,13.97401873,-2,,0.0449888333678,-1.57956647873,1.21284413338
115,29,H,12.04693899,8.44077155,10.67892676,1,,2.14542627335,-0.0399213731289,-1.04159736633
115,30,H,11.85136871,10.33408917,16.75912316,1,,-0.119106292725,-1.2258348465,-1.70414566994
115,31,H,11.01538175,10.70414426,8.54664387,1,,0.0808244645596,-1.06137681007,-1.5136783123
115,32,O,9.94107615,11.90527277,14.35590367,-2,,-3.02787423134,1.66387414932,0.728685081005
115,33,O,12.41292422,12.44123225,8.28819867,-2,,-4.20087242126,0.326378822327,-0.299889326096
115,34,O,11.62099604,14.71644633,12.57759525,-2,,4.53436851501,4.42959833145,3.77080368996
115,35,H,10.78478209,10.09535049,9.69154951,1,,1.54069948196,-2.5131342411,-0.903192698956
115,36,O,12.56228283,12.59919455,12.92755735,-2,,-2.8778014183,-1.2426649332,0.862426877022
115,37,H,9.46071957,10.75857497,10.88719199,1,,1.9733735323,-0.246314749122,0.556124687195
115,38,H,10.88253632,11.49131473,10.63695898,1,,0.843345284462,1.33795726299,1.11236429214
115,39,O,11.29687164,8.68105945,11.13895246,-2,,-3.56004476547,2.31541204453,3.67793035507
115,40,O,11.40525408,9.8790057,8.89155089,-2,,-0.183736085892,1.09751200676,-1.64182639122
115,41,H,13.38387581,9.6467055,10.70694564,1,,-0.308370560408,-1.51881623268,0.793522119522
115,42,H,11.22371968,15.96945067,13.82510675,1,,-0.287714481354,2.44487380981,0.280855566263
116,0,O,12.30904964,9.65158387,16.05199145,-2,,3.97902059555,-2.53117752075,-3.43760943413
116,1,H,10.97099425,13.97469013,10.35295829,1,,-1.38314247131,-1.33400142193,-0.63885807991
116,2,H,11.60390825,9.37914514,11.90447835,1,,0.834347844124,-3.68207979202,-2.41197681427
116,3,H,6.1423625,10.93092702,10.51737974,1,,-0.466114044189,-1.15444564819,0.633798122406
116,4,H,13.49679846,12.19418145,10.17180354,1,,3.51725053787,2.89398312569,2.90264439583
116,5,H,11.88900219,15.62007695,12.67327483,1,,0.265804350376,-3.78530716896,-0.386342525482
116,6,H,12.04958271,13.68837701,9.57148642,1,,-2.67791891098,-3.51841640472,-0.997174978256
116,7,O,11.15812042,13.20592803,9.7739721,-2,,0.514599025249,1.45692193508,2.1215634346
116,8,H,10.19905872,12.63397994,14.93121751,1,,-2.07700252533,-1.56655299664,-0.983719050884
116,9,H,13.78109366,12.70342464,12.97004585,1,,-0.41951662302,-1.43148946762,0.347482204437
116,10,H,12,12,12,1,,-0.395343989134,-0.279234915972,-0.758697748184
116,11,H,10.66413615,9.78397304,13.91697598,1,,-1.58330452442,0.49098816514,0.170907884836
116,12,H,11.59624585,9.16285778,15.73873657,1,,-2.25521183014,-1.3587230444,0.353135704994
116,13,H,7.96932825,11.20552357,12.39126541,1,,-0.250060260296,0.305958360434,1.36196625233
116,14,O,10.4306666,10.90244919,10.37954892,-2,,-0.293400764465,-0.0923068523407,-4.52500629425
116,15,H,12.50078616,11.40256809,8.77495145,1,,-1.87696909904,0.180814638734,-0.234941154718
116,16,H,13.07661909,10.46347225,9.68088388,1,,2.19404840469,-2.07997512817,2.4430270195
116,17,H,11.55839202,17.61909587,13.5039257,1,,-0.290522038937,-3.39101696014,0.982460379601
116,18,H,8.57518109,11.0922663,10.94753002,1,,-0.345033317804,1.6792113781,3.17169833183
116,19,O,14.2984337,12.87543031,10.58298623,-2,,-2.07036972046,-1.1720212698,0.546533823013
116,20,H,14.5183194,12.69253304,11.5652517,1,,-0.9675334692,-0.27334445715,-3.27947616577
116,21,H,13.69339467,11.85168229,8.45254242,1,,-1.94827699661,2.41701173782,-1.48614418507
116,22,H,12.5758221,13.3860486,13.06448676,1,,-0.311058402061,-1.88187766075,0.234561368823
116,23,O,6.27356835,10.2087761,11.18267508,-2,,1.00257205963,1.92604768276,-0.76178085804
116,24,H,11.10020233,14.24307278,12.15671641,1,,1.19186306,0.269683331251,0.980281710625
116,25,O,8.79603587,11.35238731,11.95441689,-2,,-1.62420153618,-0.222084373236,-2.64323544502
116,26,O,13.83330745,10.35562619,10.41880655,-2,,-1.40966105461,1.33083224297,-1.97971248627
116,27,H,11.12084891,11.7863935,14.63752786,1,,0.517557740211,-1.82181835175,-1.16250431538
116,28,H,12.04432822,9.67291155,14.41203938,1,,1.49604225159,0.662740826607,0.609493494034
116,29,O,11.53496845,9.61166258,13.63728713,-2,,0.152705460787,-0.830072522163,-2.00376820564
116,30,O,11.52034348,16.7809611,14.10099445,-2,,0.437858223915,4.5388674736,0.532771348953
116,31,H,12.26543423,8.3417934,10.71765385,1,,2.47900485992,-0.0217010825872,-1.79403209686
116,32,H,12.73047319,14.71969236,10.29797953,1,,0.549663186073,0.223798960447,-0.699673712254
116,33,H,12.12449372,10.19006703,16.71453285,1,,-1.74195146561,3.49508285522,4.582239151
116,34,H,7.10776559,10.56532154,11.5644809,1,,-1.55736756325,-1.37781071663,-0.370119869709
116,35,H,11.29464155,10.58104316,8.47190571,1,,0.825744271278,-2.79693698883,-0.0536206960678
116,36,O,10.16148535,11.7199284,14.48121464,-2,,1.45330047607,3.80824565887,2.25745820999
116,37,O,12.70738811,12.2701502,8.41328378,-2,,5.50234746933,-2.58469963074,-0.220101952553
116,38,O,11.89281529,14.53524178,12.68481912,-2,,-2.21699666977,4.95244216919,-1.78796803951
116,39,H,11.02910817,10.09401118,9.79732771,1,,1.26719248295,-3.08129024506,-1.85293471813
116,40,O,12.84719988,12.4140302,13.05354449,-2,,2.17335891724,1.83207678795,1.52085626125
116,41,H,9.73535146,10.72190776,10.88573515,1,,-1.41002357006,-1.58376455307,3.72182369232
116,42,H,12.16717518,16.00449438,9.80442349,1,,0.320175647736,-2.13113641739,-1.58990800381
116,43,H,11.18860565,11.30586202,10.6648976,1,,1.8468657732,2.64380121231,2.13762021065
116,44,O,11.57035612,8.50832848,11.26757676,-2,,-3.26717615128,2.53630208969,4.47956466675
116,45,O,11.6803793,9.74872596,8.97738047,-2,,-1.33470535278,2.96529793739,-1.89812529087
116,46,H,13.77726088,9.44059332,10.64323287,1,,-0.0719711333513,-0.71397125721,0.14973577857
116,47,H,11.46396027,15.85317662,13.97086482,1,,-0.486235022545,-0.729628682137,-0.636950552464
116,48,O,12.28826891,15.03621192,9.46998517,-2,,2.20974588394,6.81677818298,2.3527598381
117,0,H,11.15292219,13.75693562,10.36394083,1,,-2.65651798248,1.55718231201,1.46538281441
117,1,H,11.9718024,9.03527654,11.93292647,1,,1.03848111629,2.62439727783,1.7076921463
117,2,H,6.27654508,10.66277279,10.61995396,1,,-1.06922376156,1.31332969666,-1.73348045349
117,3,H,13.68778019,11.93398985,10.40262919,1,,3.97273445129,3.12217736244,1.158400774
117,4,H,11.93549221,15.37790427,12.77813863,1,,1.049680233,-2.48823547363,-0.280159235001
117,5,H,12.20970258,13.53069913,9.81095618,1,,-0.736172556877,-3.00370597839,-1.68298459053
117,6,O,11.36854435,13.03365585,9.85111171,-2,,1.06972384453,-2.54018259048,-0.256840467453
117,7,H,10.34077259,12.44868565,15.01521457,1,,-0.803964793682,-1.72628319263,-0.861033678055
117,8,H,14.21897148,12.44177198,13.06536213,1,,-5.16751861572,-0.937369227409,0.473130464554
117,9,H,12,12,12,1,,-0.691472768784,-0.0758073106408,-0.716465175152
117,10,H,8.28126124,11.05043012,12.37307869,1,,-5.12708950043,0.0665664374828,5.1694226265
117,11,H,15.06283502,14.3605993,13.26122161,1,,0.495771169662,-2.37992763519,0.326795518398
117,12,O,10.67913365,10.73769892,10.45335207,-2,,0.427461862564,1.95490050316,2.01025795937
117,13,H,11.74425627,17.53980039,13.79619583,1,,-0.19148004055,-3.65488243103,0.208526432514
117,14,H,8.74529627,10.80602765,11.18125039,1,,-0.175320416689,0.66793525219,-1.32271850109
117,15,O,14.56501932,12.64937108,10.67173448,-2,,-4.16855287552,-2.93565225601,-1.53315603733
117,16,H,14.67405791,12.42418879,11.60050069,1,,0.149911552668,0.0154285915196,-0.497055888176
117,17,H,12.76203637,13.18551116,13.35070411,1,,1.29486203194,-3.3950343132,-0.548709571362
117,18,O,6.52076666,10.03306965,11.25054239,-2,,2.33496928215,-0.154913187027,2.05204892159
117,19,H,11.1788653,14.0438936,12.25287726,1,,4.03731775284,0.544563055038,2.28584194183
117,20,O,9.06799256,11.14139146,12.01913406,-2,,2.5650434494,1.05220532417,-1.54784989357
117,21,H,11.44367628,11.47047632,14.74027374,1,,-4.0492978096,-0.503831624985,-1.16700696945
117,22,O,11.70013911,16.59852607,14.20251703,-2,,0.244168221951,7.45242214203,1.72000336647
117,23,H,12.65912196,8.21708472,10.64278397,1,,-3.99799203873,1.00822401047,3.41460394859
117,24,H,13.01828306,14.53319771,10.29176065,1,,1.59290719032,-0.560766220093,0.754013299942
117,25,H,7.31532719,10.49804059,11.64987924,1,,-2.67411375046,-1.74625897408,-0.716933310032
117,26,H,11.58934727,10.28428176,8.40107698,1,,0.804101109505,-0.855136752129,0.0637050047517
117,27,O,15.30387155,13.38007234,13.38844096,-2,,-1.2913621664,1.52872669697,4.14895009995
117,28,O,10.35647524,11.53502547,14.58801699,-2,,4.90339374542,2.29094552994,1.9553835392
117,29,O,12.1307472,14.35741756,12.76691924,-2,,-5.85426807404,3.32514238358,-3.24559497833
117,30,H,14.80777209,13.11016589,14.37646772,1,,2.3469004631,1.46373987198,-3.7388715744
117,31,H,11.27490152,9.95159576,9.80815634,1,,1.24850678444,-2.10052871704,-1.47767484188
117,32,O,13.09748077,12.21560626,13.16001671,-2,,4.22778463364,2.18974542618,1.99596905708
117,33,H,9.88998471,10.59251195,11.05925823,1,,4.73251962662,-0.257746547461,-0.561164855957
117,34,H,12.43445864,15.65776478,9.85174282,1,,-0.949588894844,11.4275875092,2.69991207123
117,35,H,11.56427951,11.24901212,10.78257427,1,,-4.51655340195,-1.43878626823,-0.826815724373
117,36,O,11.79739854,8.33165109,11.38860333,-2,,2.90901732445,-3.97888660431,-4.69380092621
117,37,O,11.91985712,9.61719382,9.03575566,-2,,0.330690532923,0.449735671282,-1.74209666252
117,38,H,11.67362892,15.70879976,14.0861378,1,,-0.273807287216,-3.44723081589,-0.998603224754
117,39,O,12.48432216,14.87713482,9.58574902,-2,,2.61834907532,-5.87378931046,-3.46102190018
118,0,H,11.10462875,13.61315514,10.40949339,1,,-0.150340303779,-1.99948549271,-1.14264154434
118,1,O,9.25840175,14.58869553,7.83742633,-2,,-2.36090421677,0.346697330475,-0.635003268719
118,2,H,6.2672373,10.46653757,10.60180473,1,,1.43733382225,-1.60087275505,2.08017969131
118,3,H,14.0509112,11.85116022,10.66648579,1,,-3.14482903481,-2.12069320679,-2.15573835373
118,4,H,2.05915454,14.33454389,11.7375306,1,,1.16972851753,2.02664208412,-0.536771595478
118,5,H,7.38476714,12.53320865,9.67029766,1,,0.375742912292,-1.43111515045,0.263315707445
118,6,H,11.99108265,15.04290532,12.81643777,1,,0.249094322324,3.81241130829,-0.239769726992
118,7,H,12.3296779,13.24021608,9.90927579,1,,5.66183948517,1.60654008389,-0.634432971478
118,8,O,11.53163853,12.8496424,9.89100697,-2,,-2.62825632095,2.24788331985,2.0756342411
118,9,H,10.40588994,12.21344931,15.02747574,1,,0.0128247514367,0.746316432953,0.51385819912
118,10,H,14.41347221,12.12929839,13.12198697,1,,-5.11345529556,-0.166049182415,1.2439416647
118,11,H,12,12,12,1,,-0.894937574863,-0.0183941926807,-0.569031536579
118,12,H,8.29039961,10.92338832,12.58223639,1,,4.18248081207,0.474592089653,-0.569959461689
118,13,O,10.88186761,10.57415818,10.48958818,-2,,1.03433656693,1.79881834984,2.89018964767
118,14,H,11.91221765,17.31935526,14.03975217,1,,0.480840414762,1.19618010521,-1.53798985481
118,15,H,8.84987133,10.52424962,11.31045957,1,,-0.793333292007,-0.255395323038,-1.75763833523
118,16,H,8.31280115,14.49867289,7.45702103,1,,2.36774253845,0.181312382221,0.868312597275
118,17,O,14.761956,12.41303765,10.71938727,-2,,1.55475664139,1.95402336121,-1.53849446774
118,18,H,14.79718088,12.13177176,11.58733118,1,,1.67992210388,0.12980645895,3.07360267639
118,19,H,8.80798534,11.83912742,9.09239602,1,,1.67100226879,0.388095080853,0.547338962555
118,20,O,5.84952527,13.48392748,8.02341739,-2,,0.725105583668,-1.47630095482,3.59319448471
118,21,H,12.92989836,12.84951559,13.57134383,1,,1.0792286396,-0.455096065998,-0.33106008172
118,22,H,8.15685091,14.4512115,9.72362024,1,,-3.66240763664,0.278924584389,0.38910639286
118,23,O,6.72041912,9.85102196,11.28685431,-2,,-4.27855587006,-1.2781778574,-3.09707999229
118,24,H,4.17466128,15.12297924,10.9870343,1,,2.72585773468,1.18599188328,0.303682327271
118,25,H,11.40819071,13.87608561,12.42508182,1,,1.98609375954,-0.717932760715,0.818562865257
118,26,H,10.57781651,12.82715329,8.89320229,1,,-2.24997520447,-2.70485830307,0.832258701324
118,27,O,9.29878749,10.9297196,12.03663305,-2,,-6.60231590271,0.916494846344,4.47340488434
118,28,H,8.34008043,11.3024073,6.36618485,1,,-1.26420986652,-0.514908671379,1.13404381275
118,29,H,11.51916356,11.12841026,14.76568543,1,,-2.8632273674,0.677855789661,-0.345663487911
118,30,O,7.09938531,14.48497981,9.98547461,-2,,5.44106864929,0.467206716537,-1.55812692642
118,31,H,5.6343469,14.96717995,10.87918583,1,,1.02310669422,0.200516685843,-0.133057147264
118,32,H,8.59899997,11.53769049,7.77740438,1,,0.582323729992,0.304752349854,0.0460121780634
118,33,O,2.56650452,15.17329412,11.94035754,-2,,-0.923818230629,-1.2612850666,0.838007450104
118,34,O,11.82819634,16.42638873,14.26225859,-2,,-0.956603109837,-3.25222969055,2.33077025414
118,35,H,7.34506224,10.36818477,11.66067967,1,,1.9110352993,2.21377038956,1.29384183884
118,36,H,11.83729619,9.9255465,8.27648696,1,,-0.495570391417,0.694131374359,-1.36994934082
118,37,O,10.51634665,11.35332738,14.65642816,-2,,2.92878127098,-1.30923330784,-0.125028312206
118,38,H,2.94272636,15.71967318,11.23921345,1,,-1.31729638577,-0.410509973764,-0.14191699028
118,39,O,12.29876979,14.18284517,12.7971896,-2,,-2.88859605789,-2.15703678131,-1.44847941399
118,40,O,7.90338799,11.17607086,7.25781522,-2,,0.812375664711,-0.579634726048,-4.42683982849
118,41,H,9.38335557,13.70451329,8.32895668,1,,-1.34629154205,2.03257608414,-1.53012096882
118,42,H,11.46497738,9.72165175,9.74941332,1,,0.118341654539,-0.435431629419,-0.512671113014
118,43,H,5.98858157,13.6087477,10.43882395,1,,-0.347127079964,-1.01260113716,3.25086855888
118,44,H,6.30512104,13.67159058,9.05415498,1,,-1.29973399639,0.424118548632,-5.08995819092
118,45,H,5.6671298,12.49973548,8.02599137,1,,-0.129716932774,2.10287737846,-0.646352887154
118,46,O,13.30155741,12.01570289,13.22439865,-2,,5.78665304184,-0.377644240856,1.00168299675
118,47,H,6.47149652,11.63468281,8.77505365,1,,4.13733959198,-0.851046383381,1.82007598877
118,48,H,10.16609588,10.43621271,11.19563597,1,,3.65280818939,0.152739986777,-0.831512212753
118,49,O,5.67918068,13.1926894,11.31529512,-2,,-1.30548214912,-2.69247531891,-1.87137675285
118,50,H,11.71329309,11.14551688,10.87667124,1,,-3.78008913994,-2.2903342247,-1.29128265381
118,51,O,12.10759341,9.48167931,9.04842296,-2,,2.69044661522,-2.3642950058,-0.859871089458
118,52,O,7.41291665,11.57151231,9.37904299,-2,,-4.9079580307,1.87973427773,0.576893389225
118,53,O,5.03851422,15.67392597,10.99105277,-2,,-3.53423404694,0.190449133515,-0.126771271229
118,54,O,9.52699848,12.55197936,8.95684383,-2,,0.739964365959,-0.143480718136,-0.175101801753
118,55,H,11.84090681,15.44114117,14.13786743,1,,0.413531005383,2.26050519943,0.124231517315
118,56,H,5.92513169,13.71604965,12.04815684,1,,0.607555866241,0.984554588795,0.846681237221
119,0,H,11.00623979,13.39955508,10.3683381,1,,2.92698144913,-1.82465076447,-0.590026497841
119,1,O,9.40083614,14.45044159,7.8385266,-2,,-1.14173400402,-1.86040890217,0.726143062115
119,2,H,14.18344301,11.65984051,10.79627614,1,,-3.4655418396,-1.7852563858,-1.92597579956
119,3,H,12.03139125,14.89669875,12.78670375,1,,1.10707211494,0.790906906128,-0.467265188694
119,4,H,12.58133856,12.98541139,9.90424262,1,,-1.19082438946,0.274546325207,0.0568501651287
119,5,O,11.63943442,12.66988269,9.90335402,-2,,1.70069336891,4.10755586624,2.38832950592
119,6,H,9.85495301,14.26212576,4.63602843,1,,0.0532935112715,0.461869359016,1.20814681053
119,7,H,14.35217511,11.81456993,13.16416299,1,,4.62785053253,0.639162778854,0.60640078783
119,8,H,12,12,12,1,,-0.282171010971,-0.233199089766,-0.113263450563
119,9,H,8.46872866,10.86609126,12.76149116,1,,4.25906515121,-0.426838159561,-2.52422571182
119,10,O,11.04740923,10.42239777,10.49498324,-2,,-0.682577490807,-1.0351446867,-1.38644337654
119,11,H,12.11640887,17.18220388,14.15786844,1,,0.818481385708,-1.27550959587,-0.638768792152
119,12,H,8.92677343,10.22915249,11.31037808,1,,1.53827476501,1.32535767555,1.71983921528
119,13,H,8.47715825,14.24058409,7.51898474,1,,1.13614737988,0.548817753792,1.27781260014
119,14,O,14.91964016,12.19530808,10.72900254,-2,,1.8665702343,-0.049697458744,3.26454758644
119,15,H,14.99396148,11.84000902,11.6845732,1,,1.72521686554,1.8061914444,-1.9148671627
119,16,H,9.03124907,11.69625771,9.24812672,1,,1.48746776581,0.51690018177,1.09160375595
119,17,H,13.09470672,12.49517261,13.75050876,1,,0.182727813721,1.79483652115,1.03330588341
119,18,H,11.64456493,13.64411068,12.57400719,1,,-4.73069381714,-3.50190210342,-1.49326407909
119,19,H,10.62412571,12.77534288,9.15741255,1,,-0.914171338081,-3.58275270462,-0.124803803861
119,20,O,9.46563159,10.7277877,12.03108118,-2,,-8.51153564453,-0.427255958319,2.81698966026
119,21,H,8.45760208,10.97888182,6.30390966,1,,-1.14726483822,0.395944833755,3.46080088615
119,22,H,8.6463135,11.49413916,7.81512473,1,,0.988168239594,0.631978750229,-0.851189255714
119,23,H,9.21104529,14.30667217,6.23770795,1,,1.92017292976,0.301534891129,-1.54553604126
119,24,O,11.91106206,16.24830621,14.28671472,-2,,-2.02895736694,0.597845733166,1.25699055195
119,25,O,9.19340884,14.02630209,5.29351457,-2,,-1.28023922443,-0.910025417805,-0.816694378853
119,26,H,12.01567967,9.59684917,8.06878711,1,,0.144423499703,-0.630361795425,2.69602417946
119,27,O,12.41775714,14.01078199,12.78610779,-2,,3.03614473343,3.68581104279,1.29292142391
119,28,O,8.05251767,11.00741128,7.27255694,-2,,-0.0538084357977,-1.14876031876,-3.64195680618
119,29,H,9.59509196,13.48127692,8.38127484,1,,-2.58385133743,4.22687530518,-2.73625278473
119,30,H,11.55085025,9.49376943,9.68989715,1,,0.513123512268,0.077524587512,-1.41202449799
119,31,O,13.47047741,11.81769818,13.24844784,-2,,-3.96108937263,-3.18019199371,-0.608202278614
119,32,H,10.56034749,10.2696294,11.25549602,1,,-1.67262935638,-1.2061984539,2.20317339897
119,33,H,11.65377091,10.96971535,10.91460535,1,,2.18440055847,1.767344594,-0.0836132317781
119,34,O,12.25931547,9.34466323,9.01999287,-2,,1.53579163551,-1.1404607296,-3.88409519196
119,35,O,9.66285519,12.39839333,8.98947739,-2,,-1.39503526688,-0.621190190315,-0.553434967995
119,36,H,12.00446805,15.29931611,14.16440047,1,,1.29005777836,0.888800501823,0.212023317814
120,0,H,14.06234227,12.98841558,9.82387302,1,,1.30983042717,1.23444008827,0.0626731216908
120,1,H,10.2999977,14.1648548,12.77566692,1,,-0.657377421856,2.22315526009,-0.929875731468
120,2,O,10.11455812,11.28146014,12.89848303,-2,,-2.19631385803,1.0162768364,2.78410339355
120,3,H,12.82276709,13.17878755,9.54170127,1,,-1.90048825741,0.798449277878,-0.645352900028
120,4,O,13.54263175,13.79639742,9.62177083,-2,,0.753962278366,-2.03302621841,0.426128923893
120,5,H,12.63564287,12.99370009,14.88497743,1,,-0.684141755104,-1.96918678284,-1.89139175415
120,6,H,12.00033869,12.38209287,11.16520304,1,,-0.360794693232,-0.220539942384,0.855410814285
120,7,H,11.24671662,10.40627576,12.66643816,1,,1.31157183647,-2.45592784882,-0.295968770981
120,8,O,11.80377764,9.5661993,12.58213266,-2,,0.906627953053,0.526857972145,-1.99255037308
120,9,H,10.26910432,12.49891657,10.6596205,1,,-3.35682201385,-0.876454472542,1.49777400494
120,10,O,13.06467095,10.59083201,9.61314961,-2,,0.188137888908,0.282237350941,3.04098367691
120,11,H,12,12,12,1,,1.13856172562,0.447808802128,-0.660812199116
120,12,O,11.03406596,12.67095885,10.21712504,-2,,2.88193559647,0.779348254204,-2.11695885658
120,13,H,10.61481885,11.97834673,12.54973422,1,,0.887267589569,1.36120223999,-1.84529078007
120,14,H,13.09869957,12.57670677,13.51521616,1,,-0.584934949875,-0.527809679508,0.631863951683
120,15,H,10.2466999,11.61275858,13.82571397,1,,-0.585633218288,-1.5377446413,-0.477610051632
120,16,H,10.57619643,13.39480572,13.68312864,1,,-0.415253639221,3.73057985306,2.32662725449
120,17,O,12.48949941,15.11798218,14.29459219,-2,,-0.128184974194,-0.085007250309,-2.35486745834
120,18,O,12.46778228,12.24099069,14.19158666,-2,,1.14644217491,2.63575410843,1.44883465767
120,19,H,11.46396973,14.97598483,13.9042867,1,,2.41519236565,0.45251595974,2.07007074356
120,20,H,12.150487,10.72402821,9.99386075,1,,1.23914086819,-0.135697975755,-2.60586738586
120,21,H,13.43835214,10.48434952,8.74478658,1,,-1.51080024242,0.0381708294153,-0.619777202606
120,22,H,12.27463663,9.57461565,11.6918133,1,,-0.88338047266,-0.128497511148,2.01745486259
120,23,O,10.30019851,14.49404351,13.69796348,-2,,-0.427786529064,-5.90449476242,-1.96784567833
120,24,H,12.60578432,15.15937971,15.22173469,1,,-0.486759066582,0.347589850426,1.24224352837
121,0,H,14.20797036,13.1175404,9.93744146,1,,-3.54338598251,2.54988360405,-1.3067150116
121,1,H,16.00955448,12.39383566,9.54135597,1,,-1.77349805832,-6.23844861984,-4.49541473389
121,2,H,10.43535845,14.26101508,12.83898204,1,,-0.921276092529,1.9373254776,0.786938667297
121,3,O,10.05363174,11.34143378,13.05150568,-2,,-1.1181371212,3.36354875565,0.825185835361
121,4,H,12.73761742,13.2199487,9.52149006,1,,-0.601463198662,-0.0821155458689,-0.0611575506628
121,5,O,13.43520118,13.83468176,9.7389077,-2,,2.83989953995,-2.5435552597,0.839884757996
121,6,H,12.39364822,13.05851285,15.16666796,1,,0.904650270939,-2.37381005287,-4.25662326813
121,7,H,11.93132773,12.39287382,11.32814446,1,,0.494556099176,-0.479989439249,1.59065198898
121,8,H,11.06379402,10.29878441,12.81734384,1,,0.279934465885,-0.00323203206062,-0.511557638645
121,9,H,14.71470153,10.36465961,10.98448938,1,,0.206443160772,0.487904399633,2.72261571884
121,10,O,11.73617068,9.62315301,12.71037146,-2,,1.16630530357,-1.72544682026,0.0606037974358
121,11,H,10.01459586,12.51743772,10.80887945,1,,2.71526026726,0.561300992966,-1.8264040947
121,12,O,12.93573637,10.62801266,9.75404243,-2,,0.321600496769,-0.00925846397877,0.941735982895
121,13,O,16.27139481,13.05985342,10.01228322,-2,,-1.50261592865,7.19848537445,5.27750587463
121,14,H,15.31742915,13.43332577,10.31842149,1,,4.56416797638,-0.398533761501,-0.604549348354
121,15,H,12,12,12,1,,0.930825233459,0.269881218672,-0.445583641529
121,16,O,10.9277495,12.74793291,10.35920528,-2,,-3.93792772293,-0.285583972931,0.540026903152
121,17,H,10.43484984,12.15970427,12.66777901,1,,-0.165975540876,-1.1791498661,-0.902845442295
121,18,H,13.00824845,12.47867258,13.45689786,1,,-1.99739158154,0.0278826653957,4.31964302063
121,19,H,14.68086062,11.75574866,11.00205479,1,,0.744406461716,-1.52817809582,3.36346459389
121,20,O,14.84680195,11.03563736,11.75423068,-2,,-1.00013566017,0.676574468613,-5.4128370285
121,21,H,10.09219283,11.76403266,13.92950698,1,,-0.303591758013,-1.66367506981,0.377229869366
121,22,H,10.42118306,13.55529085,13.95664364,1,,-0.264105618,1.71259498596,1.65282869339
121,23,O,12.38198019,15.19015117,14.47171412,-2,,0.0386653468013,-0.0269114375114,-0.720757424831
121,24,O,12.38295642,12.315699,14.34766209,-2,,1.04790174961,2.40242385864,0.0993903949857
121,25,H,11.44611249,15.04906228,13.9608521,1,,2.45932888985,1.04143071175,2.88007116318
121,26,H,12.06645939,10.85901201,10.30059558,1,,2.02654409409,-0.426970899105,-3.39467430115
121,27,H,13.22194218,10.52923682,8.79436584,1,,-2.38810968399,0.435088694096,1.79676818848
121,28,H,12.21458312,9.5973842,11.88111027,1,,-0.244413524866,0.24556478858,0.187321692705
121,29,O,10.19840792,14.52495422,13.7932241,-2,,-0.302280187607,-3.98627758026,-3.48321390152
121,30,H,12.35257065,15.50131638,15.38851148,1,,-0.676181197166,0.0412472784519,-0.839533925056
122,0,H,14.08411801,13.38035931,9.98009805,1,,-1.91911792755,0.20142441988,-1.15901017189
122,1,H,15.76051464,12.30998201,9.36715346,1,,1.08670330048,3.62771081924,3.46918439865
122,2,O,9.902401,11.42099206,13.18499233,-2,,-0.959530949593,4.18390989304,-1.74854052067
122,3,H,12.47903597,13.26750781,9.47360598,1,,2.71429872513,1.56237626076,1.45279717445
122,4,O,13.2533085,13.87584274,9.8337889,-2,,-1.77734839916,-1.64738059044,-0.828283905983
122,5,H,12.12258838,13.03130966,15.20246972,1,,1.04980289936,0.534126400948,-1.13546657562
122,6,H,11.79301615,12.3935764,11.52461275,1,,0.0063299536705,1.10333812237,-0.601754784584
122,7,H,10.79220945,10.20516267,12.90844011,1,,-0.133910104632,0.609614610672,-0.737754881382
122,8,H,14.53430732,10.58978793,11.04261726,1,,0.439509928226,-1.28712964058,1.39168465137
122,9,O,11.5863477,9.6928352,12.81892071,-2,,0.48341345787,-1.86501395702,2.77077698708
122,10,H,9.82831724,12.56001746,10.8901039,1,,2.17832279205,0.593827009201,-1.46224617958
122,11,O,12.71948705,10.67834954,9.87742008,-2,,3.05677103996,-1.31156694889,-1.0057311058
122,12,O,16.06359259,13.13138411,10.14820732,-2,,1.18070721626,-4.06265544891,-4.36268043518
122,13,H,15.27616266,13.43497888,10.52147833,1,,-1.17518734932,0.760001659393,1.2047958374
122,14,H,12,12,12,1,,1.25337672234,-1.3667011261,1.79470491409
122,15,O,10.72483577,12.83062525,10.47823686,-2,,-3.29036569595,-0.252155542374,0.0628969669342
122,16,H,9.20143011,13.81271093,15.6156714,1,,-0.687154531479,-3.10985565186,-1.41843771935
122,17,H,10.15950119,12.30873923,12.70135524,1,,-0.348425298929,-2.93060088158,0.89714550972
122,18,H,12.72282051,12.40784366,13.6189588,1,,-0.477055460215,1.06311488152,2.34655761719
122,19,H,14.25877343,11.9001831,11.15006432,1,,1.46152043343,-2.13570308685,3.99549126625
122,20,O,14.66310464,11.12365178,11.85885385,-2,,-2.12207078934,3.0602555275,-4.86026477814
122,21,H,9.87411991,11.85834433,14.03743501,1,,0.909221410751,-0.779861092567,0.600270271301
122,22,O,12.21453117,12.40699279,14.47800332,-2,,-0.386544704437,-1.51924288273,-0.936828315258
122,23,H,12.00046083,10.99192537,10.39768342,1,,-1.49842429161,0.77842438221,-0.892520308495
122,24,H,12.80159187,10.60579065,8.90328919,1,,-1.59894728661,0.521591305733,1.39735555649
122,25,H,12.05522611,9.63291113,12.03712256,1,,0.774344086647,0.139677882195,-2.31341218948
122,26,H,8.74885063,12.40219733,14.83683271,1,,-5.52298212051,-1.91992175579,-4.29913330078
122,27,O,9.25996662,12.81268071,15.39730909,-2,,5.30274295807,5.44839477539,6.37840366364
123,0,H,10.27288746,14.80175225,12.92547375,1,,0.496778309345,-0.748126804829,0.94578742981
123,1,O,9.67974884,11.61574864,13.16376892,-2,,-1.65288424492,1.58223187923,-0.932309746742
123,2,H,11.86274684,13.21381256,15.05139347,1,,0.50420075655,4.85468864441,2.96937847137
123,3,H,11.56899231,12.57540832,11.48175163,1,,1.22350955009,-0.774468719959,1.32544362545
123,4,H,10.44766599,10.23899391,12.7960113,1,,1.88236141205,-0.430266916752,-0.748365461826
123,5,H,14.30584427,10.86416763,11.01657115,1,,0.500746846199,-2.96333575249,-2.04628324509
123,6,O,11.37019463,9.86615448,12.7863198,-2,,0.409040689468,-0.753230333328,-0.457135736942
123,7,H,9.6986027,12.71732238,10.79026207,1,,-5.40616607666,-2.12209892273,1.97847104073
123,8,O,12.443042,10.82851533,9.84888622,-2,,1.97211122513,-1.58490967751,-1.10604667664
123,9,H,12,12,12,1,,-0.740933835506,1.17024254799,-0.750748753548
123,10,O,10.44627706,13.00989985,10.44927786,-2,,4.70641994476,2.12919998169,-2.59167170525
123,11,H,8.87143073,14.04323484,15.47297251,1,,-1.12951385975,-3.17600154877,-0.37804466486
123,12,H,9.77560713,12.41681207,12.6074712,1,,0.129351943731,-0.819593846798,0.655317604542
123,13,H,12.38127788,12.50309072,13.71718737,1,,4.27481365204,0.464174240828,-6.46100234985
123,14,H,13.85412212,12.01970799,11.3648763,1,,0.609549582005,0.347124099731,1.5590583086
123,15,O,14.40124328,11.32681531,11.80273261,-2,,-0.773821294308,2.56474590302,0.551894187927
123,16,H,9.63924576,12.02197447,14.02822447,1,,1.03855597973,-0.468916505575,0.0828801691532
123,17,H,9.9168545,14.01783094,14.53214023,1,,1.04588353634,1.43306064606,-4.06169128418
123,18,O,11.97171247,12.58949838,14.45333467,-2,,-4.47231435776,-5.24704885483,4.08969402313
123,19,H,11.77539747,11.2878392,10.28907163,1,,-1.8382191658,1.36549949646,0.547577798367
123,20,H,12.23505197,10.79793496,8.91733577,1,,-0.230327174067,0.123860314488,-0.0131800659001
123,21,H,11.85195025,9.77305421,11.93203289,1,,-1.28338551521,0.158977746964,0.959089338779
123,22,O,9.75644632,14.69814138,13.7362807,-2,,-0.550924539566,-0.132924169302,1.38139486313
123,23,H,8.41624587,12.48058648,14.73082687,1,,0.812139868736,2.65025472641,1.99314785004
123,24,O,9.03064445,13.02520104,15.36598034,-2,,-1.52697241306,0.376861333847,0.507345914841
124,0,O,14.02901023,10.68365972,14.54814815,-2,,-0.733717799187,-0.0339141897857,-2.57405090332
124,1,O,9.51711059,11.71640061,13.18954117,-2,,-1.2692810297,-1.03554725647,1.02842319012
124,2,H,11.72644333,13.54382715,15.06531936,1,,1.16855692863,-2.95370054245,-3.05142784119
124,3,H,11.46961941,12.56030498,11.58155729,1,,1.51582288742,-0.811070084572,1.17035067081
124,4,H,10.25232516,10.1550428,12.68518752,1,,1.93243503571,-0.220845296979,0.0773403644562
124,5,H,14.16469194,10.90857703,10.96950819,1,,-0.109364017844,0.750058889389,1.11637794971
124,6,H,14.13783424,10.87073152,13.55395049,1,,-0.41354778409,-0.56477534771,2.04983472824
124,7,O,11.22117062,9.94574887,12.80211315,-2,,-0.0893426164985,-0.691601276398,-1.49015855789
124,8,H,9.43955464,12.6950456,10.84447867,1,,0.76812595129,0.504192829132,-0.969109654427
124,9,O,12.23707175,10.87803924,9.86588398,-2,,-4.73781013489,2.36241579056,-1.62780189514
124,10,H,12,12,12,1,,-1.36335539818,1.15533804893,-0.602026104927
124,11,O,10.24831558,13.09156844,10.46513886,-2,,-1.26922774315,-0.7791056633,0.248845726252
124,12,H,9.45003488,12.39954266,12.56515967,1,,0.0283099114895,1.51345968246,-0.361705780029
124,13,H,12.30308963,12.54791268,13.61536344,1,,-1.06544494629,1.34576642513,2.97816610336
124,14,H,13.52817801,12.07322815,11.70507559,1,,-0.926777839661,1.16650438309,-0.476354897022
124,15,O,14.20046855,11.44051031,11.80170333,-2,,1.70425450802,-1.87474870682,-0.80360686779
124,16,H,9.53788954,12.08824422,14.07811428,1,,0.357947289944,0.0533543527126,-0.451774597168
124,17,H,13.17984534,10.1709955,14.64233307,1,,1.56331849098,1.52432835102,-1.37739706039
124,18,O,13.59733106,9.43250561,16.52050561,-2,,2.98712849617,2.85769081116,-2.59781742096
124,19,H,12.94819286,9.49132456,15.84791847,1,,-0.766618609428,-0.0640062987804,-0.333384633064
124,20,O,11.77873949,12.65535838,14.4859896,-2,,-0.227721661329,1.89582550526,0.90731304884
124,21,H,11.50777594,11.56572084,10.2542611,1,,2.53915309906,-1.77346777916,-0.730856359005
124,22,H,11.72593268,10.88206669,8.97365476,1,,1.91897392273,-0.596487164497,1.82950329781
124,23,H,13.2233873,8.92360336,17.12075468,1,,-2.55868983269,-3.80387926102,4.75259542465
124,24,H,11.65158974,9.82261246,11.91324616,1,,-0.953126072884,0.0742138102651,1.28872191906
125,0,O,13.9421791,10.69244641,14.59302819,-2,,-0.915810108185,-0.676158845425,-1.08848297596
125,1,O,9.46439263,11.71357128,13.26521078,-2,,-1.53577375412,0.526671290398,-1.52073645592
125,2,H,11.77720579,13.665076,14.99175907,1,,0.155027210712,-4.60558891296,-2.29425096512
125,3,H,11.54010675,12.3646475,11.79865102,1,,-1.4795396328,1.50654351711,-0.262599647045
125,4,H,10.26204149,9.9636072,12.61703633,1,,-0.42169970274,0.368406713009,0.891012847424
125,5,H,14.14084297,10.87294597,10.98330911,1,,-1.17539703846,2.37596988678,2.19465398788
125,6,H,13.93593661,10.78500014,13.60526331,1,,-1.48862600327e-05,-0.258140206337,0.972311377525
125,7,O,11.18717016,9.93122836,12.86090147,-2,,-0.377382487059,-0.622585773468,0.560512661934
125,8,H,9.32839316,12.6080178,10.93869592,1,,2.5789475441,1.39854228497,-1.75188136101
125,9,O,12.13134289,10.8374447,9.92526187,-2,,-6.35797119141,3.67000150681,-1.93692564964
125,10,H,14.78933882,10.68501289,8.77447017,1,,0.465948045254,0.47287350893,1.85711479187
125,11,H,12,12,12,1,,0.75794506073,-1.1705955267,0.673273801804
125,12,O,10.16839469,13.06825553,10.53290711,-2,,-2.49174642563,-1.81382393837,1.11363589764
125,13,O,14.89539414,11.0243576,9.71336627,-2,,4.66765546799,-1.54022336006,-1.951867342
125,14,H,9.24665856,12.36917069,12.55003131,1,,0.592781484127,-0.548356294632,2.47422385216
125,15,H,12.31329899,12.55810941,13.67102122,1,,-2.40716314316,0.65362405777,4.12585067749
125,16,H,13.29067187,12.08889167,12.06070707,1,,3.40569257736,-2.72338294983,-1.82877612114
125,17,O,14.11660099,11.45389805,11.85545768,-2,,-1.91478943825,0.785807132721,1.26294255257
125,18,H,9.60720228,12.0872697,14.14376313,1,,0.277137219906,0.477143764496,-0.757374644279
125,19,H,13.22658906,10.04920977,14.84637632,1,,1.61683797836,1.79451775551,-1.98404312134
125,20,O,13.50213166,9.45272752,16.6254233,-2,,3.09052419662,-0.991803407669,4.42711257935
125,21,H,12.83852032,9.46518266,16.01777713,1,,-3.29280900955,-0.576373457909,-1.32114648819
125,22,O,11.69867958,12.62583117,14.56907549,-2,,2.00527238846,4.23418092728,-1.04906129837
125,23,H,11.45480952,11.68236009,10.23621564,1,,2.98082685471,-2.40337991714,0.0345449149609
125,24,H,11.43099421,10.83200448,9.14633482,1,,2.66245007515,-1.26542806625,1.37049007416
125,25,H,13.30544374,8.85075919,17.37432906,1,,-0.253902733326,0.65119600296,-1.18063282967
125,26,H,11.51966895,9.77487431,12.00491123,1,,1.61317110062,-0.351442873478,-1.53372573853
125,27,H,15.94467846,10.8574526,10.01834144,1,,-4.24621772766,0.631806492805,-1.49617564678
126,0,O,13.79413138,10.83534776,14.5740598,-2,,0.422439694405,0.225777104497,0.610657691956
126,1,O,9.34162551,11.837154,13.27456602,-2,,-1.47056555748,0.556579649448,-1.2558324337
126,2,H,11.77146223,13.68246007,14.74002634,1,,-0.83855843544,-0.533956885338,1.03451406956
126,3,H,11.35392403,12.43912634,11.88558241,1,,1.30510830879,-0.68956130743,0.403169453144
126,4,H,10.18445469,9.9235046,12.5270205,1,,-0.464167058468,0.558183670044,1.61212968826
126,5,H,14.00661453,11.07259717,10.99568766,1,,-1.65672850609,1.68747115135,1.76792681217
126,6,H,13.66273686,10.82678313,13.63455198,1,,0.28849837184,-0.0709510147572,-0.890359759331
126,7,O,11.08721683,10.04850576,12.85872795,-2,,-0.462652504444,-1.30767583847,-1.87882232666
126,8,H,9.31111352,12.75161259,10.89867356,1,,-3.23860502243,-2.0113055706,1.26143538952
126,9,O,11.94228765,10.93702461,9.91700638,-2,,-2.51643371582,3.02343225479,0.16111959517
126,10,H,12,12,12,1,,-2.54515051842,1.19717872143,-0.204260885715
126,11,O,10.01958862,13.16264422,10.54649928,-2,,3.37769031525,1.75210738182,-1.76777255535
126,12,H,9.01608239,12.4675493,12.58219505,1,,0.635914802551,-0.439989805222,2.14444994926
126,13,H,12.14175124,12.72237367,13.87313597,1,,1.39750528336,-1.57748401165,-2.16412091255
126,14,H,13.17263057,12.11958176,12.26393985,1,,2.30029010773,-1.90771532059,-2.62024998665
126,15,O,13.96290911,11.59889076,11.85431671,-2,,0.77078962326,0.111402884126,0.75309073925
126,16,H,9.63310046,12.26592053,14.09400939,1,,0.139522835612,0.270905077457,-0.802946925163
126,17,H,13.25444468,10.11637274,14.87537461,1,,-0.437841773033,-0.331542372704,0.301617443562
126,18,O,11.5609125,12.73797632,14.5860083,-2,,-0.784856975079,2.45057225227,1.76602828503
126,19,H,11.46066879,11.83344349,10.15402771,1,,1.98277258873,-1.50119483471,0.615187287331
126,20,H,11.20164286,10.85286389,9.31536939,1,,0.169759958982,-1.5808365345,-1.04379010201
126,21,H,11.39670792,9.82835565,11.96880999,1,,1.6252682209,0.118603408337,0.19682918489
127,0,O,13.82588637,10.97157529,14.56766131,-2,,1.08071327209,1.06679582596,-0.953268945217
127,1,O,9.38775478,11.94472283,13.29247748,-2,,0.0793759077787,-0.840620160103,1.55576574802
127,2,H,11.90732342,13.70376108,14.555632,1,,-0.487496376038,3.34890627861,1.61465716362
127,3,H,11.3460427,12.50722661,11.97019891,1,,1.6058024168,-0.873107194901,0.182022243738
127,4,H,10.24859224,9.91165574,12.52707754,1,,0.728271901608,1.02002716064,1.63504767418
127,5,H,13.96988076,11.31249344,11.02512448,1,,-1.79019248486,0.212517291307,-0.178529337049
127,6,H,13.56763287,10.87725231,13.63114852,1,,0.341649472713,0.361327409744,0.841183304787
127,7,O,11.15817838,10.15157359,12.86319774,-2,,-1.18983709812,-2.22961735725,-4.43785572052
127,8,H,9.31713338,12.81218496,10.94401022,1,,-0.590043127537,-0.543468773365,0.0786700844765
127,9,O,11.92041589,11.03169426,9.92056748,-2,,0.536806941032,-1.16873717308,-0.399212658405
127,10,O,12.82370707,8.91599362,14.26190502,-2,,-0.185115635395,-0.735364675522,-0.0879644751549
127,11,H,12,12,12,1,,-2.45311832428,1.39820766449,-0.0307050086558
127,12,O,10.05911643,13.24480023,10.56929242,-2,,0.612308263779,0.499592065811,-0.545345067978
127,13,H,8.9938783,12.5568399,12.72338896,1,,-0.927104055882,1.60077178478,-0.77762979269
127,14,H,12.24329754,12.78111698,13.96337698,1,,1.13350939751,-2.64398860931,-1.64976334572
127,15,H,13.36906397,12.07543197,12.3941446,1,,-4.51695728302,1.9556851387,1.83767938614
127,16,O,13.98357403,11.73199673,11.87481755,-2,,7.38310337067,-2.16113519669,-1.93191623688
127,17,H,9.82409831,12.46282138,13.99935404,1,,0.149217262864,-0.458549618721,-0.649716854095
127,18,H,13.41687292,10.1666867,14.90683068,1,,-0.688545584679,0.897902548313,0.944719195366
127,19,O,11.59223082,12.84123645,14.6205901,-2,,-0.945440292358,-0.332605719566,0.678956031799
127,20,H,12.0725301,8.36683342,14.64134502,1,,2.5743932724,0.423117011786,-0.992242217064
127,21,H,11.71492437,11.93026923,10.11032779,1,,-0.301025986671,1.36178934574,0.560113012791
127,22,H,11.14334565,10.78189373,9.43876292,1,,-0.391417622566,-0.420028686523,-0.454527914524
127,23,H,11.53003543,9.8611648,11.95066958,1,,0.385810822248,0.904267072678,2.32429242134
127,24,H,13.7805428,9.18669216,13.98424394,1,,-2.14466834068,-2.64368438721,0.835572123528
128,0,O,14.04655577,11.03708418,14.57787812,-2,,-0.090020313859,-0.784953594208,-0.807317614555
128,1,O,9.61965937,11.97225011,13.33356617,-2,,-0.984088420868,1.74431025982,-0.0930587053299
128,2,H,12.19252544,13.84789602,14.51482577,1,,-2.21139073372,-2.52485251427,1.57073068619
128,3,H,11.5805053,12.4648391,12.06018172,1,,-1.11102986336,1.55151772499,0.113227553666
128,4,H,10.5263221,9.88861661,12.626733,1,,-0.335050344467,0.608595907688,0.555043101311
128,5,H,14.04349216,11.45415359,11.00003107,1,,-1.28149867058,0.615002214909,1.8147714138
128,6,H,13.68220106,10.8742849,13.66587881,1,,0.708765029907,0.0602492205799,1.53547596931
128,7,O,11.41162155,10.17477606,12.87488064,-2,,-0.14281950891,-1.23547172546,-1.63920378685
128,8,H,9.45559175,12.79072464,11.03275046,1,,2.68399143219,1.1590076685,-1.39912104607
128,9,O,12.08769512,11.04839713,9.94278468,-2,,-0.550876498222,-1.0151976347,-0.754850625992
128,10,O,13.07326584,8.94478044,14.2989535,-2,,-4.19288682938,-1.93645381927,1.09930491447
128,11,H,12,12,12,1,,0.8611587286,-1.06973409653,-0.0373325422406
128,12,O,10.29319402,13.25338104,10.6115325,-2,,-2.61683559418,-1.04630577564,1.06851649284
128,13,H,9.12721428,12.66211226,12.85377614,1,,-0.0361322313547,-0.62152993679,0.391320228577
128,14,H,12.62219091,12.61096088,13.94292364,1,,-3.78213095665,-0.481048882008,3.5647008419
128,15,H,13.59714068,12.04910901,12.6245503,1,,-0.120321273804,-0.276200473309,-2.06219649315
128,16,O,14.20646354,11.78645214,11.91668801,-2,,1.94751513004,-0.188765987754,-0.300635159016
128,17,H,10.18041655,12.56709124,13.87991484,1,,0.33534476161,-0.979742228985,-0.0812395736575
128,18,H,13.7097311,10.17289409,14.98171201,1,,-0.0477806515992,2.60589838028,0.063540443778
128,19,O,11.8058493,12.86769212,14.67581148,-2,,5.56823062897,3.49532938004,-4.40328741074
128,20,H,12.22764852,8.3741493,14.6697817,1,,3.94797992706,1.27872264385,-1.33988726139
128,21,H,12.12673832,12.02662675,10.10520697,1,,-1.53314340115,-1.51704204082,-0.60288631916
128,22,H,11.24489325,10.62809509,9.54912515,1,,2.02790904045,2.25877451897,1.03313791752
128,23,H,11.86520306,9.85862134,12.06870812,1,,0.294132471085,0.434543848038,0.689539194107
128,24,H,13.9979305,9.09125477,14.11329657,1,,0.660978734493,-2.13465261459,0.0217079669237
129,0,O,14.19186744,11.20912739,14.60979506,-2,,-0.551590263844,-1.41259527206,0.497068554163
129,1,O,9.77346159,12.10965898,13.39850768,-2,,-1.83806276321,3.57590341568,-0.801063656807
129,2,H,12.30647436,13.99826648,14.58966851,1,,-1.37383580208,-3.14853286743,0.798992276192
129,3,H,11.5886039,12.67838529,12.15652011,1,,1.24741697311,-1.45660233498,-0.392400503159
129,4,H,10.70611155,10.02070058,12.77177966,1,,-1.0479195118,-0.1984718889,-0.248939409852
129,5,H,13.99859235,11.69541935,11.01588565,1,,0.265042692423,0.837270617485,4.04219007492
129,6,H,13.76307864,10.98005388,13.78494564,1,,0.366670250893,-0.312774032354,-0.607279360294
129,7,O,11.58936301,10.3035857,12.90752449,-2,,0.892284154892,0.315221488476,1.80206847191
129,8,H,9.69786006,12.98767348,11.06619494,1,,-1.30454945564,-0.91928935051,0.681832849979
129,9,O,12.18149916,11.16924881,9.98816255,-2,,2.37126469612,0.876437604427,0.315215319395
129,10,H,12,12,12,1,,-0.720779657364,2.05266213417,0.65508723259
129,11,O,10.44561246,13.36504741,10.68608218,-2,,1.0605558157,1.24940276146,-1.07652378082
129,12,H,9.19557917,12.86864844,13.02070678,1,,0.866632699966,-2.30453443527,0.907544016838
129,13,H,12.74576071,12.53365855,14.11817737,1,,-3.51650977135,1.52412056923,3.26885938644
129,14,H,13.72211014,12.15364297,12.7988798,1,,1.59936308861,-0.424437254667,-4.18021059036
129,15,O,14.3587657,11.94805179,11.98574691,-2,,-1.56913292408,-0.218707755208,-0.658898115158
129,16,H,10.45413586,12.72378054,13.77303065,1,,0.143816158175,-1.33712029457,0.183137476444
129,17,H,13.89501872,10.39394889,15.06691841,1,,0.391877293587,0.954474329948,0.33422985673
129,18,O,11.96180071,13.01077347,14.73904363,-2,,4.46698951721,2.16600608826,-3.37615442276
129,19,H,12.37212932,12.1805005,10.08756062,1,,-2.46765351295,-2.86893320084,-0.746885120869
129,20,H,11.36395539,10.71313903,9.73541944,1,,0.0922054052353,1.78952932358,0.0131115019321
129,21,H,12.14294559,9.97605797,12.23418698,1,,0.625914692879,-0.739030063152,-1.41098237038
130,0,H,12,12,12,1,,-1.31874704361,-2.51476764679,-0.674094736576
130,1,O,11.69216462,11.01392729,12.19471064,-2,,0.328981459141,3.59657526016,0.25947201252
130,2,H,12.63781539,11.48067152,13.44335317,1,,-0.244760528207,0.886293411255,5.50856399536
130,3,H,13.9107461,14.24671068,12.75883531,1,,-1.51489257812,-0.563998937607,0.432143807411
130,4,H,15.3708204,11.03927268,12.69293113,1,,-3.77445650101,-2.7433359623,0.495482414961
130,5,O,12.50565121,11.78274056,14.51379909,-2,,-0.249204128981,0.351748347282,-4.00573921204
130,6,H,8.59512084,13.63379513,9.41617767,1,,-0.590461730957,-1.2314414978,0.0689664259553
130,7,H,11.63020478,14.63956893,13.3729428,1,,0.324350476265,-0.755334377289,-0.73180103302
130,8,H,13.65142755,10.4630823,12.09873561,1,,5.54631519318,0.0641318783164,4.12875509262
130,9,H,13.59668225,11.17102484,10.39185621,1,,0.523723959923,-6.75047016144,-5.27282905579
130,10,O,10.74646407,14.97639996,13.25540304,-2,,-3.575756073,-0.229218110442,-0.752191781998
130,11,H,13.12562306,15.00357416,14.08386262,1,,-0.320515304804,-0.991903483868,-0.866846203804
130,12,O,8.79290922,12.76059956,9.81966881,-2,,-0.534909188747,2.0571539402,-0.654234707355
130,13,H,10.82548274,10.88034205,11.86999389,1,,-1.82937932014,0.85138130188,-0.432789444923
130,14,H,9.86317547,13.20468259,10.22130942,1,,1.69638538361,-2.26165676117,0.645071923733
130,15,H,11.94307278,9.71298123,12.02755445,1,,0.836515665054,-2.37282943726,-0.16774456203
130,16,H,11.96128598,12.59785701,14.36384923,1,,0.845974326134,-1.37386393547,0.509636223316
130,17,O,12.99028525,14.06027061,13.06671717,-2,,2.67033839226,1.34509253502,0.268242567778
130,18,H,10.09365452,14.31953863,12.83192127,1,,2.29296946526,1.32983624935,1.31333339214
130,19,H,14.07067884,12.48736371,10.34703342,1,,-2.57662534714,-2.13685870171,3.1660630703
130,20,H,10.88599595,14.1494046,10.80575104,1,,0.687727749348,4.01772403717,1.35789322853
130,21,O,14.57151272,10.36065133,12.92194061,-2,,-1.03653824329,2.19861412048,-4.06447696686
130,22,O,10.97655153,13.27351482,10.61307125,-2,,-1.02517163754,-2.6850540638,-1.16567313671
130,23,O,13.46174447,11.77851241,10.97467505,-2,,2.83813524246,9.91218280792,0.634796261787
131,0,H,12,12,12,1,,-0.231219679117,0.989323198795,-1.69978952408
131,1,O,9.34677691,12.036848,13.33966224,-2,,-2.75664114952,2.05798864365,-0.697480976582
131,2,O,11.87200831,11.07038803,12.18075737,-2,,-5.71725606918,-2.30357432365,-0.346192538738
131,3,H,12.72357703,11.51255719,13.65554735,1,,0.250727295876,-2.13246107101,-3.17750072479
131,4,O,14.06530223,10.56307906,8.96398208,-2,,-0.663599550724,-0.258180916309,-1.06189799309
131,5,H,14.03620163,14.32316661,12.71847254,1,,-3.0349354744,-0.81062078476,1.32764410973
131,6,H,9.44365231,11.9724374,14.39218415,1,,-1.02541077137,2.15774226189,-2.94320392609
131,7,O,10.2180589,11.64491224,15.44448234,-2,,4.17501163483,0.99521446228,2.22068190575
131,8,H,15.23343671,11.25154154,12.55780011,1,,-1.31579339504,-2.6260008812,1.54021930695
131,9,O,12.6916285,11.8138911,14.50620858,-2,,-1.40103816986,4.56587982178,3.74979114532
131,10,H,8.51615406,13.58923829,9.4665856,1,,-0.396500736475,-0.108949549496,-0.182946383953
131,11,H,11.82981086,14.76201199,13.34536317,1,,0.472017943859,-0.69769525528,-0.881686031818
131,12,H,13.89359352,10.55334421,12.28709538,1,,3.28244304657,-0.597337782383,2.69674158096
131,13,H,10.10986961,10.98056261,14.80296311,1,,0.458156496286,-2.6916270256,-0.251238912344
131,14,H,13.7555775,11.23677523,10.15823592,1,,-1.03496074677,1.23307049274,1.28107047081
131,15,O,10.92810845,15.03987454,13.31948176,-2,,-1.5831207037,2.51832675934,0.894734978676
131,16,H,13.11595764,14.93395733,14.17619289,1,,0.277344197035,-0.782528996468,-0.758658707142
131,17,H,8.58817731,12.69123861,13.09507652,1,,2.07879590988,-2.09460353851,0.832749724388
131,18,O,8.94718813,12.81649447,9.82370611,-2,,-1.30916631222,0.221612662077,-0.464061915874
131,19,H,10.84537603,10.77119192,11.83960492,1,,2.94654369354,3.10019159317,1.63118338585
131,20,H,14.97287822,10.23333891,9.31050357,1,,-2.10756492615,0.224830448627,-2.46768474579
131,21,H,10.14819412,13.34806227,10.2127403,1,,0.682928562164,-2.57237911224,-0.50861543417
131,22,H,11.98310892,9.85807899,12.04598689,1,,1.61761546135,-2.17438220978,-0.107976973057
131,23,H,12.33109537,12.74630247,14.28820144,1,,1.48321866989,-1.99678850174,0.717158198357
131,24,O,13.10003134,14.07856234,13.09560587,-2,,4.02059841156,1.27424144745,-0.525892138481
131,25,H,10.35206511,14.3913299,12.97356813,1,,-0.353247106075,-1.42311382294,-0.220227777958
131,26,H,14.17434176,12.64819645,10.52692094,1,,-1.35026192665,-1.33444333076,1.26814508438
131,27,H,10.83100416,14.20858325,10.93299642,1,,1.9945936203,-0.0957139804959,0.750563025475
131,28,H,11.27685279,11.83659042,15.19244223,1,,-3.17265939713,-1.03161859512,0.815125346184
131,29,O,14.74163743,10.42537211,12.96094861,-2,,-1.5243036747,2.89438033104,-4.08313512802
131,30,H,13.44455464,10.63389349,8.08108561,1,,3.29927301407,-0.863191962242,2.7195687294
131,31,O,11.11746953,13.33397009,10.59326937,-2,,-0.753306746483,2.57345628738,0.527785122395
131,32,O,13.63022264,11.90719683,10.95547346,-2,,2.69172024727,1.78895306587,-2.59497261047
132,0,H,12,12,12,1,,-0.239778876305,-1.1314675808,-1.31710517406
132,1,O,9.47866474,12.00196299,13.39350957,-2,,-1.56511032581,2.74275135994,-0.476910531521
132,2,O,15.87657779,8.50076279,13.97447475,-2,,1.64204525948,1.52696251869,-2.83662796021
132,3,H,16.80698027,8.83134305,13.80491501,1,,-1.31994771957,-1.05672073364,0.920471668243
132,4,O,12.0207142,11.02419411,12.25663555,-2,,-4.73907804489,-4.3132724762,-0.535517275333
132,5,H,6.89694646,12.81549799,13.69524965,1,,-0.221760869026,-1.45918512344,-0.768269062042
132,6,H,12.81976458,11.36901053,13.77515356,1,,-0.549239754677,-1.44925439358,-1.70376098156
132,7,O,14.14853467,10.55308717,9.09766075,-2,,6.09253311157,-0.79395711422,4.42267036438
132,8,H,7.56209974,13.90975377,13.47160748,1,,1.19302034378,3.30017518997,0.614988088608
132,9,H,14.03031909,14.30655417,12.81500298,1,,-0.0720284581184,-0.166125863791,-0.00195270776749
132,10,H,9.50087041,12.24053593,14.39204808,1,,0.282440423965,0.0278176367283,-2.34717488289
132,11,O,10.35046194,11.61892704,15.54679651,-2,,2.18226742744,0.886142551899,2.10278820992
132,12,H,15.02744324,11.27217959,12.58233691,1,,1.46890819073,-0.815495848656,1.07989394665
132,13,O,12.86036903,11.77688336,14.60222346,-2,,0.0696666091681,3.81862187386,2.39512443542
132,14,H,10.51670373,12.28799869,9.16407593,1,,1.59011912346,-3.67946863174,-1.24197244644
132,15,H,8.40159762,13.44798628,9.57780448,1,,1.40579867363,-1.44926702976,0.606157779694
132,16,H,12.05158789,14.76216258,13.33897088,1,,-3.49926614761,0.71570956707,-0.961801290512
132,17,H,14.22729975,10.55708506,12.63543132,1,,-10.7080602646,-0.0674929618835,-5.99583816528
132,18,H,10.00934001,10.94735452,14.95565094,1,,1.06247758865,-0.58448278904,0.0711878240108
132,19,H,10.74465619,11.6792611,7.84579935,1,,0.216813892126,-0.682159364223,-0.72071069479
132,20,H,13.85611008,11.25533861,10.02997473,1,,-0.240919068456,2.07122325897,2.43922376633
132,21,O,7.39415895,13.1764513,12.9457859,-2,,-2.45053815842,-0.655834197998,-0.15931519866
132,22,O,11.08231019,15.02818986,13.47409951,-2,,0.861241459846,1.35732650757,0.396373033524
132,23,H,13.17442938,14.56614279,14.08595265,1,,0.941558480263,-1.21127200127,-1.23608458042
132,24,H,8.79136506,12.69755555,12.95970568,1,,2.07189249992,-2.90173482895,1.17404782772
132,25,O,9.08198166,12.79471971,9.91851352,-2,,-3.12880659103,1.25814223289,-1.12029838562
132,26,H,10.97812195,10.70668663,11.94572233,1,,2.1598572731,3.0469865799,1.34303951263
132,27,H,15.22139467,10.24743681,9.27342127,1,,-4.25002765656,0.832786500454,-1.51048064232
132,28,H,10.4089431,13.26651171,10.27167191,1,,-2.60279178619,-0.761054873466,-1.25730097294
132,29,H,12.03228189,9.9951984,12.16126092,1,,1.99783480167,1.74045944214,-0.11050850153
132,30,H,12.77273912,12.74600874,14.31759824,1,,0.412642836571,-2.71597409248,0.776675283909
132,31,O,13.20311024,14.02480784,13.22790616,-2,,2.21710014343,1.24626910686,1.55446445942
132,32,H,10.58737448,14.29648389,13.15365012,1,,-0.52802413702,-1.17919874191,-0.0346173048019
132,33,H,14.22654339,12.70525063,10.85024061,1,,2.75127315521,4.74545860291,-1.64134287834
132,34,H,10.89409967,14.17726828,11.19617343,1,,2.09028077126,-2.60156059265,-1.22342801094
132,35,H,11.37390544,11.83145758,15.40780664,1,,-2.78152227402,-1.56436467171,-0.440007060766
132,36,H,15.49033093,9.13639761,13.20144265,1,,0.657591700554,-2.25657224655,2.67503714561
132,37,O,14.89220399,10.42124076,13.08083853,-2,,8.36726570129,2.36465859413,3.8650457859
132,38,H,13.65316679,10.44285555,8.3570115,1,,-1.73322606087,-0.708087265491,-3.49633216858
132,39,O,11.2434102,13.32065276,10.6668984,-2,,2.40295052528,4.59768915176,4.16614294052
132,40,O,13.7914836,11.95911767,11.02365056,-2,,-1.83631253242,-5.43265151978,-0.494152247906
132,41,O,11.03334694,11.41897458,8.71956904,-2,,-1.67113947868,3.35747432709,1.0281778574
133,0,H,12,12,12,1,,0.544806301594,-1.99968194962,-0.363123595715
133,1,O,9.57225236,11.94206308,13.53769543,-2,,-1.95849680901,3.07244420052,-0.531191706657
133,2,O,15.97266987,8.47896827,14.16695896,-2,,-1.83091890812,-0.318909943104,-0.199206769466
133,3,H,16.85869948,8.60021681,13.98534974,1,,3.42783021927,-0.438837349415,0.035103559494
133,4,O,12.11450566,10.93766255,12.42579385,-2,,-3.21859073639,2.47728824615,-0.292910635471
133,5,H,12.88082105,11.12559284,13.84430445,1,,0.0512415021658,3.14512109756,4.79168605804
133,6,O,14.21125,10.50562379,9.33676908,-2,,4.95512485504,-1.76018404961,-0.68970990181
133,7,H,14.01653341,14.28076701,12.98895191,1,,1.05460417271,0.2685546875,-0.367970645428
133,8,H,9.68455588,10.90739688,10.05668588,1,,-1.7409311533,1.3299382925,-0.846473634243
133,9,H,9.50804681,12.48071379,14.35802459,1,,0.613415420055,-1.13263940811,-0.170519083738
133,10,H,14.91426958,11.26310516,12.74168059,1,,2.48955273628,-1.16901302338,1.29695880413
133,11,O,12.99149252,11.7172394,14.7997605,-2,,-0.168861746788,-1.01141953468,-3.49643564224
133,12,H,10.43908933,11.89390279,9.53205727,1,,2.61217594147,-1.73490643501,-2.84955716133
133,13,H,8.32398846,13.20673247,9.78945434,1,,2.22512483597,-1.16294360161,0.439051181078
133,14,H,12.11032263,14.76277512,13.36570812,1,,-1.83290278912,0.695518016815,0.201532423496
133,15,H,14.0481213,10.48554645,12.81879393,1,,2.23922801018,-2.44528865814,2.04815912247
133,16,H,10.82299259,11.70438834,8.02105979,1,,1.00044584274,-1.13152849674,2.28987836838
133,17,H,9.39133247,10.18552081,11.4748351,1,,1.07506585121,0.305981427431,-2.94656276703
133,18,H,13.89960246,11.36690635,10.11467649,1,,0.404136031866,2.09112930298,3.34552645683
133,19,O,11.193985,14.98393515,13.7155256,-2,,-1.50616931915,-2.40461802483,-1.69107055664
133,20,H,13.27187115,14.19748318,14.21676475,1,,0.474071681499,3.96767520905,10.9729633331
133,21,H,8.98519424,12.57440144,12.9938172,1,,1.26783764362,-1.87423944473,0.492913067341
133,22,O,9.16931333,12.74581362,10.1022356,-2,,-4.03905391693,1.04078030586,-0.595886409283
133,23,H,11.1527585,10.74010472,12.17497152,1,,0.584485650063,1.3118571043,0.448520183563
133,24,H,15.30118541,10.26794226,9.25718134,1,,-4.68878507614,1.01960301399,0.326538324356
133,25,H,10.48291149,13.08493802,10.35163706,1,,0.992167294025,1.50876665115,1.2376601696
133,26,H,12.14098367,10.01558161,12.3422789,1,,1.57404720783,-2.62168002129,-0.924722671509
133,27,O,9.93680241,10.2088594,10.58905576,-2,,-0.698039650917,-3.5294277668,5.69420909882
133,28,H,13.21112271,12.62990856,14.46259083,1,,-0.415185809135,-3.02189064026,0.671328186989
133,29,O,13.2695307,13.93254628,13.44445034,-2,,0.852876603603,-3.53050947189,-11.026884079
133,30,H,10.75208054,14.10689498,13.38262866,1,,0.979673147202,2.47023868561,1.40024995804
133,31,H,14.3536607,12.9061527,11.19914025,1,,-1.47377228737,-3.21323776245,-0.738249540329
133,32,H,11.07694189,13.97207035,11.49529972,1,,0.25453838706,-0.491732180119,-0.803344666958
133,33,H,15.69587466,9.24681085,13.59031852,1,,-0.451644450426,-1.53406429291,0.933771312237
133,34,O,15.02233884,10.39395575,13.30137762,-2,,-5.48313140869,5.52799224854,-4.7480096817
133,35,H,13.74654929,10.20807396,8.56798166,1,,-0.423695236444,-0.0856489241123,-0.547902643681
133,36,O,11.33955174,13.28930269,10.84593455,-2,,0.3774292171,0.694974184036,1.111795187
133,37,O,13.91161101,11.96308267,11.18240216,-2,,1.93309521675,2.48562860489,-1.83429396152
133,38,O,11.09615312,11.3064633,8.93420186,-2,,-2.05279397964,3.19890999794,-2.07381987572
134,0,H,12,12,12,1,,0.781534910202,-0.712340712547,-0.14720928669
134,1,O,9.61353102,11.91647021,13.74683763,-2,,-0.531625151634,2.4361474514,1.58451986313
134,2,O,16.01292601,8.48314313,14.42825815,-2,,3.45636916161,-4.23241519928,1.18528258801
134,3,H,16.98834946,8.38439028,14.24161532,1,,-1.63997876644,-0.333008229733,0.527671039104
134,4,O,12.14167288,10.88775406,12.66216277,-2,,1.38507378101,-2.3917722702,-0.575499534607
134,5,H,12.89754954,11.07060425,14.21192983,1,,0.24606820941,2.41274452209,2.87285995483
134,6,O,14.23303024,10.47801335,9.64363413,-2,,-0.0268225967884,-3.51801037788,-5.60974788666
134,7,H,14.03473193,14.32600095,13.20071983,1,,-1.53203845024,-1.07662463188,1.79361462593
134,8,H,9.66188383,10.91357625,10.27314626,1,,-1.44224381447,-1.27265620232,0.845111966133
134,9,H,9.47365694,12.6827898,14.37852651,1,,1.06978869438,-1.91535329819,0.46206587553
134,10,H,14.90051478,11.25908555,13.00732225,1,,1.99926137924,-1.7318392992,1.56494247913
134,11,O,13.06704356,11.67892951,15.05382564,-2,,0.232324957848,-0.440081238747,-2.07793426514
134,12,H,10.42076346,11.45678785,9.83158604,1,,1.38061261177,1.52583861351,-1.38777732849
134,13,H,8.3026048,12.94691221,10.0815433,1,,0.302519738674,0.203221514821,-0.350076764822
134,14,H,12.04141119,14.84024,13.46151516,1,,-0.196214571595,0.580040693283,0.980300426483
134,15,H,13.87869418,10.32779024,13.10508436,1,,2.91298794746,-0.793381273746,1.61638307571
134,16,H,10.91158277,11.71392166,8.36258016,1,,0.309188842773,-0.578731119633,1.59188330173
134,17,H,9.35418448,10.23073204,11.44697093,1,,-3.62442684174,-0.595433413982,4.20395278931
134,18,H,13.91107228,11.61161385,10.39736711,1,,0.495771944523,1.85477530956,2.89318442345
134,19,O,11.23864461,14.95493835,14.01057402,-2,,-1.46434390545,-1.77309060097,-1.64225327969
134,20,H,13.36028999,14.11505039,14.92374212,1,,-0.225237458944,-0.258024275303,-3.71332883835
134,21,H,9.10423932,12.4195301,13.12760678,1,,-0.590407192707,-0.481290996075,-2.24511408806
134,22,O,9.19121198,12.72685148,10.35117373,-2,,-1.20690536499,-0.548285365105,0.341916739941
134,23,H,11.21804296,10.87207648,12.49921576,1,,-2.04745841026,-0.444066494703,0.535221338272
134,24,H,15.18277613,10.36024917,9.3556506,1,,-1.46714293957,0.421842783689,0.89124917984
134,25,H,10.45454859,12.97583444,10.53029829,1,,1.35957157612,2.17311859131,2.06149196625
134,26,H,12.29322432,9.85329484,12.54665551,1,,-0.250719726086,2.96101784706,-0.353816151619
134,27,O,10.00287585,10.19349531,10.84124606,-2,,1.76971411705,-0.932653903961,-1.48788690567
134,28,H,13.58277189,12.45477608,14.68243751,1,,-1.02651917934,-2.30815577507,0.458995372057
134,29,O,13.27860802,13.84988887,13.69587333,-2,,3.35553479195,1.81041169167,1.12699973583
134,30,H,10.89555635,14.05348227,13.71539033,1,,0.0830022245646,1.65965080261,1.28990697861
134,31,H,14.38268874,12.99922488,11.56502815,1,,-1.71561837196,-4.15508127213,-1.54258418083
134,32,H,11.24963618,13.78417876,11.8476824,1,,-1.1455104351,1.67998933792,1.86292231083
134,33,H,15.87620739,9.33403848,14.11708817,1,,-0.962786078453,2.76228427887,-0.988343238831
134,34,O,15.07864682,10.41076406,13.57772174,-2,,-5.85194253922,4.33409500122,-4.7256937027
134,35,H,13.73080678,10.02890869,8.78101064,1,,1.44219708443,1.90539622307,3.53542518616
134,36,O,11.38583085,13.28555547,11.0974578,-2,,0.547523260117,-2.97707176208,-2.98354434967
134,37,O,13.97932187,11.99907462,11.40737646,-2,,1.8078250885,3.80809545517,-0.242933809757
134,38,O,11.09823187,11.23019406,9.21434643,-2,,2.0110707283,0.940696597099,-4.15215730667
135,0,H,12,12,12,1,,-0.689641356468,-0.214860111475,0.905568420887
135,1,O,13.46202247,12.89077904,8.955327,-2,,-4.03224897385,-1.19309425354,-0.0643103122711
135,2,O,12.0923104,10.90592762,12.90741174,-2,,-1.27248311043,-2.26120471954,-1.67000222206
135,3,H,12.8377164,11.17770213,14.70004159,1,,-2.66006088257,-5.51862764359,-7.14711761475
135,4,H,14.13619443,13.29360737,9.48622957,1,,-0.5015386343,0.509618401527,0.673255801201
135,5,H,13.93936015,14.41740675,13.4882283,1,,-2.52323675156,-1.6817908287,2.07621073723
135,6,H,9.46203546,10.95952446,10.56695643,1,,0.535849332809,-1.27039217949,1.34211480618
135,7,O,13.06769248,11.70195134,15.31904021,-2,,5.19963312149,7.26751089096,6.50130844116
135,8,H,10.38760299,11.1997414,10.09982331,1,,-1.32739377022,1.10979199409,1.40381336212
135,9,H,8.21373817,12.78418474,10.36877443,1,,0.283709645271,0.531719088554,-0.208045810461
135,10,H,10.9344502,11.77125762,8.76037914,1,,-0.618850409985,1.05381631851,-1.45388364792
135,11,H,9.08269732,10.32922355,11.60131035,1,,2.50634241104,-1.75830972195,0.554808735847
135,12,H,13.87942794,11.98990771,10.7921594,1,,-0.605226933956,-0.487565398216,-6.01118564606
135,13,H,13.38844393,14.09607309,15.33056116,1,,-0.23314294219,-0.562127709389,-3.25374794006
135,14,O,9.13481554,12.76841523,10.61470621,-2,,-1.14368259907,-0.988698482513,0.00505673885345
135,15,H,11.08050747,11.0429421,12.87688869,1,,2.36667919159,-1.54109585285,0.254598736763
135,16,H,10.39188733,13.0270254,10.83241428,1,,1.35471892357,1.56499767303,2.11516785622
135,17,H,12.35371228,9.79531275,12.74673438,1,,-1.6335568428,4.57598876953,0.380020081997
135,18,O,9.99569984,10.23825187,11.10553377,-2,,-7.1500415802,0.754283487797,2.5337305069
135,19,H,13.82531562,12.28642147,14.91399437,1,,-2.75848388672,-1.76071071625,1.01084268093
135,20,O,13.21831758,13.83409697,13.97181748,-2,,2.86812353134,2.54627108574,0.858345687389
135,21,H,14.25730367,12.95039532,11.87410157,1,,0.644160747528,2.36253452301,0.226988464594
135,22,H,12.43545602,12.76450067,9.37198344,1,,4.67683124542,0.762114286423,-0.654169023037
135,23,H,11.31670513,13.75048355,12.28758456,1,,-0.563184261322,-1.35111069679,-2.68831014633
135,24,O,11.35808434,13.33417039,11.35678941,-2,,0.196312785149,-0.39074832201,1.25086641312
135,25,O,13.97534033,12.11074698,11.64935721,-2,,0.674038887024,-2.02267169952,5.77177047729
135,26,O,11.03426736,11.22038284,9.50037923,-2,,6.40637302399,-0.0356383025646,-4.7136964798
136,0,H,12,12,12,1,,-1.95058250427,-0.244973540306,0.280738949776
136,1,H,15.01439991,14.65544394,10.18980899,1,,-7.0547542572,5.78593349457,3.43592381477
136,2,O,13.32489806,12.9652958,9.1868777,-2,,-3.56681537628,-1.07360172272,1.6260342598
136,3,O,11.97250221,10.9331459,13.14503982,-2,,-1.87949442863,-1.35589647293,0.68413490057
136,4,H,14.05048579,13.21768302,9.79093715,1,,-1.41339254379,-0.227412432432,-0.116415917873
136,5,H,9.19765719,10.9967052,10.92005805,1,,2.16902589798,-1.30745959282,1.71291255951
136,6,H,15.21727609,13.64697381,9.01882651,1,,1.67504310608,2.3722448349,2.78155612946
136,7,H,10.25118989,11.06798131,10.42953495,1,,1.63441300392,1.19021356106,-1.08145809174
136,8,O,15.61787841,14.17651772,9.8638991,-2,,6.14072322845,-7.55992031097,-6.56491374969
136,9,H,8.05493041,12.70043793,10.63663268,1,,1.75788605213,0.899741172791,0.361869603395
136,10,H,10.83309995,11.87793434,9.08129369,1,,-0.631771802902,-0.107511863112,0.0305404067039
136,11,H,8.79515383,10.39158016,11.87106365,1,,3.98348236084,-1.55783081055,-0.312222719193
136,12,H,13.76171515,12.34831893,10.93957843,1,,0.317644745111,-0.591338276863,1.29759407043
136,13,O,9.00838163,12.81642036,10.87760054,-2,,-3.28528594971,-1.30961108208,-0.752627253532
136,14,H,10.93965369,11.14872085,13.29965671,1,,4.0330414772,-1.82981944084,-1.1571085453
136,15,H,10.34380902,13.16326013,11.24563595,1,,1.30437242985,0.573086619377,1.53071022034
136,16,H,12.24186412,9.94970339,12.95798197,1,,-1.80383658409,2.91465091705,0.672288298607
136,17,O,9.90155832,10.29532221,11.37362693,-2,,-10.114361763,0.803237318993,3.3264131546
136,18,H,14.10053273,13.07232626,12.21502821,1,,0.638061761856,2.18084669113,0.907419204712
136,19,H,12.2845616,12.67198182,9.75444552,1,,4.30022382736,0.94825720787,-1.51657640934
136,20,H,11.30378214,13.70089736,12.60566155,1,,-0.668776333332,-1.52499651909,-3.47827005386
136,21,O,11.26333376,13.38856955,11.61902039,-2,,0.347786843777,1.60957074165,2.11020493507
136,22,O,13.90445494,12.22881294,11.90693073,-2,,0.471892029047,-1.72898077965,-1.75865912437
136,23,O,10.92733405,11.22253174,9.77322719,-2,,3.59547567368,1.14157140255,-4.0200881958
137,0,H,12,12,12,1,,0.466699123383,-0.610959947109,-1.43990671635
137,1,H,12.82002215,15.67850388,10.46040822,1,,2.51073241234,0.03040137887,-1.01735329628
137,2,H,14.71366167,14.87651058,10.55932904,1,,3.23483610153,-2.83114814758,-2.96770167351
137,3,O,13.14583298,13.01785036,9.40877755,-2,,-2.82818317413,-1.6156771183,2.08631467819
137,4,H,12.43462084,15.52316126,7.4122566,1,,0.305339664221,0.0819608271122,-1.61880707741
137,5,O,11.81745606,10.94625987,13.3656876,-2,,-2.50973629951,8.70404434204,4.43122673035
137,6,H,12.99937751,15.46772209,8.93618554,1,,2.45710945129,-0.194060951471,3.85170888901
137,7,H,13.8691086,13.13769942,10.0731696,1,,-0.514723062515,0.498001366854,-1.58033919334
137,8,O,13.89686766,10.54923374,10.52699169,-2,,1.33962035179,-0.921923995018,-3.44596529007
137,9,H,8.99972949,11.03881454,11.27984003,1,,2.68621349335,-2.60553574562,1.19926548004
137,10,H,14.95726049,13.79180924,9.4085112,1,,-0.106790497899,0.146280303597,-1.13676726818
137,11,O,11.8228388,15.28167695,8.0820082,-2,,-0.992367267609,-0.0218299329281,0.459099501371
137,12,H,10.15924466,11.01274624,10.69700049,1,,0.883788108826,0.302626430988,-0.426398217678
137,13,O,15.47402977,14.19227668,10.08024635,-2,,-0.320626497269,1.63392519951,3.43339109421
137,14,H,10.63582703,11.92896584,9.37313682,1,,-0.127131327987,-1.00661015511,0.827087104321
137,15,H,8.63089955,10.40254546,12.22576361,1,,3.0629556179,-1.35883545876,-0.393768370152
137,16,H,13.62011399,12.61961643,11.1048899,1,,0.382955491543,-2.0840344429,5.48872756958
137,17,H,10.91914484,11.14907821,13.70392885,1,,1.21287882328,-1.49666976929,-0.760116696358
137,18,H,14.70857733,10.91098478,9.98138739,1,,-2.58965778351,-1.22043943405,1.64696741104
137,19,H,10.26899,13.29666563,11.68535904,1,,-3.00378346443,-0.537833869457,-0.510513484478
137,20,H,12.02135355,10.15488058,13.14722661,1,,1.13447070122,-7.98693418503,-2.03484272957
137,21,O,9.74707507,10.33180051,11.63746689,-2,,-9.7708978653,2.11848807335,3.03989338875
137,22,H,11.42544038,14.42606788,7.85900468,1,,0.690677940845,0.327391326427,0.130969971418
137,23,H,13.94681946,13.322716,12.59334283,1,,-0.285243272781,-4.02745676041,-1.69181537628
137,24,O,13.68099656,15.60173113,9.90235628,-2,,-6.86713314056,1.99830150604,-1.35884702206
137,25,H,12.36835839,12.61863738,10.05145902,1,,2.40508127213,0.875197768211,-2.04539680481
137,26,H,11.24547071,13.59571062,12.76873319,1,,0.319225221872,0.115242160857,2.25177240372
137,27,H,13.32345203,10.07536813,9.83625581,1,,1.38836729527,1.2347612381,1.39572930336
137,28,O,11.1469153,13.42151075,11.87264345,-2,,2.1259355545,1.90195119381,-1.74781620502
137,29,O,13.80319375,12.32402113,12.14666906,-2,,0.525042295456,6.19177913666,-1.23263990879
137,30,O,10.81012421,11.21133944,10.01935087,-2,,2.78434324265,2.35959768295,-4.8331580162
138,0,H,12,12,12,1,,0.016713142395,-1.18399918079,-0.680389106274
138,1,H,12.5894295,15.57275093,10.72413549,1,,4.46655702591,0.55288374424,-1.58442592621
138,2,H,14.45959789,15.01625076,10.78042201,1,,1.17269062996,-1.52210760117,-3.14556193352
138,3,O,12.96169055,13.05491713,9.58995002,-2,,1.76212501526,2.1560997963,-3.30792760849
138,4,O,11.66142928,10.97246575,13.54073888,-2,,2.71337842941,-1.98764932156,-1.05892312527
138,5,H,13.00273876,15.49109432,9.21648505,1,,3.33237266541,0.255532234907,3.28344488144
138,6,H,13.66499372,13.07617177,10.22323377,1,,2.17607760429,1.04240489006,-0.684283256531
138,7,O,13.75612097,10.55413798,10.75071231,-2,,-4.20858287811,-3.64447212219,-1.49516069889
138,8,H,8.94233746,11.10347287,11.59076867,1,,1.48475527763,-0.958557605743,-0.400235712528
138,9,H,14.69039906,13.95536412,9.6513908,1,,-0.614033699036,-0.462023198605,-1.95268321037
138,10,H,10.12592873,11.02268612,10.87732492,1,,-0.738659143448,-0.366600006819,1.42446601391
138,11,O,15.33369097,14.19414484,10.25830686,-2,,0.999808549881,1.20641517639,3.3398296833
138,12,H,10.40295457,11.89689199,9.65353156,1,,-0.12138556689,0.642136991024,-0.664387881756
138,13,H,8.61970348,10.38163335,12.59235699,1,,3.65141057968,-1.6609801054,-1.35223031044
138,14,H,13.52878209,12.77227179,11.50323769,1,,-0.515922427177,0.44155216217,-1.75988018513
138,15,H,10.9001867,11.08780044,14.05046067,1,,-1.7632830143,-0.826730728149,0.993297338486
138,16,H,14.4199353,10.98326564,10.27600789,1,,1.59139728546,0.883973360062,-1.45950722694
138,17,H,10.02466473,13.37301904,12.018761,1,,2.80544233322,0.341032505035,0.125875934958
138,18,H,11.82802102,10.02699861,13.19430553,1,,-0.985978126526,2.55236196518,1.12725067139
138,19,O,9.56155678,10.35218155,11.86593249,-2,,-8.51936531067,0.997448682785,5.01753139496
138,20,H,13.7614353,13.36512633,12.84136099,1,,0.216128349304,-3.63157510757,-1.54710423946
138,21,O,13.58672488,15.65656287,10.15731661,-2,,-8.67484474182,0.753507375717,-0.0207948088646
138,22,H,12.5373439,12.58007289,10.20145443,1,,-4.93202018738,-3.74960041046,2.66832327843
138,23,H,11.21495519,13.50036607,13.00095247,1,,0.284864604473,-0.185057610273,0.653753638268
138,24,H,13.09470155,10.07613524,10.03717753,1,,2.69946146011,2.12955904007,2.53441166878
138,25,O,11.04649366,13.43844033,12.0717629,-2,,-3.72580575943,1.28542518616,-0.724082350731
138,26,O,13.70195063,12.42503673,12.32980527,-2,,1.66589438915,4.03112697601,5.30917549133
138,27,O,10.7109849,11.19494976,10.20286841,-2,,3.76080226898,0.907892763615,-4.6397819519
139,0,H,12,12,12,1,,-0.43835234642,-1.32271325588,-0.429015994072
139,1,H,12.59258514,15.45299984,10.83046804,1,,2.6219162941,0.674520850182,-0.595293045044
139,2,H,14.29054922,15.04742417,10.79071283,1,,-0.141126811504,0.300465643406,-1.56143712997
139,3,O,12.80832642,13.05751189,9.67563381,-2,,-0.334406018257,-2.21027445793,2.15057301521
139,4,O,11.54162784,10.9576431,13.61675482,-2,,-1.5421295166,-3.44440817833,1.27732086182
139,5,H,13.11769751,15.45808673,9.49800904,1,,0.203525274992,-0.567610323429,-2.16562342644
139,6,H,13.59708317,13.03926261,10.23369284,1,,1.08431553841,0.767084777355,-0.906513750553
139,7,O,13.62672531,10.51035688,10.87785033,-2,,0.427847623825,-0.410085946321,1.78109169006
139,8,H,8.98368071,11.20158173,11.77529458,1,,0.0988236069679,-0.793686568737,0.0129111707211
139,9,H,14.43973533,14.07656194,9.66519655,1,,3.23721551895,-0.285930454731,1.12492275238
139,10,H,10.09884633,11.01174067,11.04271338,1,,1.64147043228,-0.450156390667,-0.358885169029
139,11,O,15.22047983,14.15784986,10.35953695,-2,,-1.71722626686,-0.794872522354,-1.33039259911
139,12,H,10.17993347,11.85360084,9.82230734,1,,0.785968780518,-0.347143888474,-0.309077382088
139,13,H,8.7880662,10.29694673,12.83604921,1,,1.33749771118,-0.955451607704,-1.00376832485
139,14,H,13.45139364,12.94807067,11.6808598,1,,-0.502423882484,1.52697515488,-3.30539226532
139,15,H,10.79532338,10.96856015,14.325992,1,,2.19483828545,-0.712178468704,-2.06638479233
139,16,H,14.24184728,11.03625991,10.40639254,1,,0.935308158398,0.523009300232,-0.695941090584
139,17,H,9.8654235,13.37355294,12.21272892,1,,4.60089588165,0.432467281818,0.00506621599197
139,18,H,11.61741391,9.95603901,13.19590399,1,,-0.553827702999,4.05491113663,1.78011631966
139,19,O,9.37583528,10.32823847,12.01863401,-2,,-4.38069629669,0.660780131817,3.35429382324
139,20,H,13.58731117,13.21715999,12.96743903,1,,0.333275735378,2.90371847153,3.30606269836
139,21,O,13.49043015,15.67322042,10.32405729,-2,,-3.76209163666,1.44605374336,4.358543396
139,22,H,12.5019437,12.34120142,10.33852004,1,,-1.43988645077,0.666824996471,-2.26655721664
139,23,H,11.23844151,13.37797153,13.2058527,1,,-1.07311499119,-0.122053749859,-3.77182197571
139,24,H,13.03608618,10.158165,10.25990327,1,,-1.2996430397,-0.707053482533,-1.53867781162
139,25,O,10.9715526,13.41119301,12.17611942,-2,,-4.24666213989,1.01428186893,3.92514109612
139,26,O,13.62643163,12.49249763,12.43584158,-2,,1.76177120209,-3.2199845314,1.55548238754
139,27,O,10.65554692,11.14276544,10.28247213,-2,,0.166918188334,1.37251007557,-2.32674384117
140,0,H,12.99668529,7.77847522,9.1832732,1,,2.12030172348,-0.569423556328,-0.174713432789
140,1,H,12.51370525,14.80119402,12.2355016,1,,-4.23670101166,-3.30960273743,3.02117371559
140,2,O,14.8656014,12.8434,10.36370365,-2,,-3.3036775589,-2.73549580574,0.0136296469718
140,3,H,12.20934644,10.04107563,14.00637586,1,,2.1339969635,6.99031066895,-0.323945701122
140,4,H,11.4164415,8.68422877,9.73931083,1,,0.386403769255,2.0884039402,-0.579756081104
140,5,H,15.01187591,10.82957108,14.56589326,1,,-4.83374929428,0.0202244073153,0.061802148819
140,6,H,15.25121548,14.08314542,11.07756629,1,,0.646816492081,0.712417960167,0.398287296295
140,7,H,9.36109165,9.75070512,13.25679752,1,,-0.810218036175,-3.05328273773,2.27339887619
140,8,O,12.61977183,12.56029429,9.19712531,-2,,-0.621078431606,-1.39932060242,0.251010894775
140,9,O,10.14969662,10.9311895,8.99673678,-2,,1.2534583807,1.29981923103,-0.283432871103
140,10,O,9.95686817,13.20911838,12.72804445,-2,,-1.66185903549,0.998465001583,0.654700815678
140,11,H,14.88705231,14.94992117,12.31882109,1,,2.63216400146,-0.334368884563,-2.31286978722
140,12,H,14.47212916,12.72242378,9.46665182,1,,0.763831138611,0.243431225419,1.23330354691
140,13,O,13.89439721,10.84263157,14.5647291,-2,,6.00891971588,1.5977241993,0.180883646011
140,14,H,11.3043268,14.91202631,10.4278509,1,,1.37698996067,9.16882324219,0.979426622391
140,15,H,10.35719973,13.77108545,10.86231304,1,,-1.47611343861,0.239926785231,1.90604782104
140,16,H,9.1808135,13.59323841,13.23005926,1,,1.50780797005,-0.778404653072,-0.929323196411
140,17,H,14.02929299,12.45500164,10.87711813,1,,2.64481544495,1.18941605091,-1.3631067276
140,18,H,10.83078499,11.61320934,8.72179767,1,,-1.20219528675,-1.51289331913,0.251127779484
140,19,H,12.75041496,12.97953158,8.35341258,1,,-0.820776998997,0.536888480186,-0.111141562462
140,20,H,12.30638914,11.66833729,14.74559042,1,,1.98472523689,0.642843067646,0.603426873684
140,21,H,13.62647167,9.95096204,14.45924532,1,,0.0718499198556,-1.79091358185,0.0306226015091
140,22,O,13.16594211,15.32730466,11.96204045,-2,,1.51602995396,1.70561289787,-6.43939399719
140,23,H,14.47425838,7.3487088,9.96947959,1,,-2.46166539192,0.156227499247,-2.2070953846
140,24,O,15.65596418,14.78428217,11.63440771,-2,,-1.78532445431,0.756408035755,2.49318218231
140,25,H,12.94568798,15.02763797,10.92255403,1,,2.25894141197,1.56566548347,3.88656067848
140,26,H,13.69609458,10.60582765,11.84466241,1,,-1.77355575562,0.316745132208,-0.479146301746
140,27,O,12.29511863,9.14617654,9.88756095,-2,,-3.39038896561,-2.18607449532,-1.46830248833
140,28,H,11.19779983,12.57864038,14.1817055,1,,-0.311187744141,2.06494164467,-1.07271432877
140,29,O,11.82532304,9.27291993,14.0050461,-2,,-2.19420099258,-9.01674747467,-4.39723491669
140,30,O,9.75400205,9.88687539,12.43887041,-2,,-0.0072517991066,-0.49486091733,-1.84438323975
140,31,H,12,12,12,1,,-0.485479712486,0.938300430775,0.295330941677
140,32,O,11.08206413,14.11059332,10.38300893,-2,,-1.16055142879,-9.08118915558,-2.30844783783
140,33,O,12.74323915,10.77004285,11.60343743,-2,,2.12895321846,-1.34883499146,-0.577138483524
140,34,H,11.88485055,9.05816403,12.93279485,1,,-0.64268887043,1.02820336819,4.60635519028
140,35,H,11.83293211,12.85164966,9.75173312,1,,1.4251229763,0.851460814476,-1.39864885807
140,36,O,11.42086329,11.73784724,14.48700161,-2,,-2.05831813812,-1.73485994339,0.780967116356
140,37,H,9.55740363,10.69909207,12.83435853,1,,0.851657390594,3.65467691422,-0.978176951408
140,38,H,12.52802013,10.24090583,10.74475113,1,,0.724406719208,1.58531665802,2.14931082726
140,39,O,13.81175161,7.22675928,9.18778311,-2,,1.56732559204,-0.68931812048,1.39350032806
140,40,H,12.54190265,8.42832448,10.4452302,1,,1.55937099457,-0.387480705976,1.65368247032
140,41,H,10.46259654,10.70648556,9.87792231,1,,-0.326906591654,0.0708184987307,0.131241887808
141,0,H,12.44980558,14.91526049,12.46039894,1,,1.77173542976,0.955786466599,-0.896457910538
141,1,O,14.87405309,12.93338677,10.41129056,-2,,-0.107237368822,-0.40515345335,3.17600154877
141,2,O,13.62651993,14.82636158,8.58464013,-2,,1.41449952126,2.39373874664,3.201431036
141,3,H,12.13047853,10.30013264,13.88186111,1,,-1.43089199066,-2.48619651794,1.24374115467
141,4,H,11.50281299,8.69023053,9.8842314,1,,-0.838943362236,0.51809066534,-0.32595911622
141,5,H,9.26170027,9.71036515,13.27869897,1,,1.75607705116,-0.93480014801,-2.06869077682
141,6,H,12.90705891,14.54925066,8.10762794,1,,-1.57741832733,-0.31827300787,-2.55507302284
141,7,O,12.63520914,12.70906307,9.26692652,-2,,-1.15764141083,-4.86745738983,4.1243391037
141,8,O,9.97834051,13.27230885,12.74507138,-2,,-0.0907042250037,0.340187758207,0.383105814457
141,9,H,6.68408193,14.77306206,12.8261574,1,,-0.0716683864594,-0.147308036685,-0.0666339844465
141,10,H,14.51827462,12.83969897,9.55265207,1,,-0.743432879448,-0.225639343262,-0.790127873421
141,11,H,11.48963431,15.07562671,10.44010285,1,,-1.70525300503,-2.66692304611,0.388689637184
141,12,H,10.41839283,13.88888416,10.98998847,1,,-0.851428806782,0.596292555332,1.48240566254
141,13,H,9.21624236,13.67394871,13.17405082,1,,0.471565008163,-0.610523223877,-0.606286883354
141,14,H,14.06603265,12.71375908,10.98055315,1,,1.88331270218,0.607184886932,-1.61656963825
141,15,H,12.70706014,13.12640052,8.48040274,1,,-0.912839889526,1.51331818104,-2.87551617622
141,16,H,12.27888663,11.75119389,14.97828887,1,,-0.185010239482,0.829547166824,0.206463009119
141,17,O,13.2290696,15.38934333,12.01681695,-2,,-2.69688510895,-2.08744621277,-2.90913295746
141,18,H,13.05873676,15.07576105,10.9953889,1,,1.50266325474,0.98985683918,3.95329523087
141,19,H,13.65177166,10.99026733,12.00819278,1,,-0.0841882899404,-0.282560497522,-0.464379072189
141,20,O,12.3257049,9.16866074,9.95282168,-2,,0.515588402748,-2.14034867287,-0.284981310368
141,21,H,11.11642636,12.68859576,14.2497296,1,,0.932537794113,-1.30328130722,-0.0295053869486
141,22,O,11.81073864,9.3372508,14.09945394,-2,,2.336602211,1.34961879253,-6.30262851715
141,23,O,9.80292253,9.95746334,12.45328273,-2,,-3.99808216095,4.78801441193,4.06190299988
141,24,H,14.49214157,14.87586423,8.23360715,1,,0.589011788368,-0.143430814147,-1.25254130363
141,25,H,12,12,12,1,,-0.47258067131,0.681624531746,0.2823343575
141,26,O,7.23652716,13.99662766,12.96870862,-2,,2.5585000515,1.75636339188,2.16842913628
141,27,O,11.15912938,14.10583381,10.44089837,-2,,0.700701117516,3.03111958504,-0.942820549011
141,28,O,12.7750616,10.84924452,11.63460404,-2,,0.821393668652,-1.18207013607,-0.748974740505
141,29,H,11.87782837,9.18235296,12.96760366,1,,-0.747531056404,-0.0128293335438,5.15489768982
141,30,H,11.85288237,12.82191508,9.91512609,1,,1.86925697327,0.550742149353,-2.60489845276
141,31,O,11.44425399,11.77901122,14.5066853,-2,,-0.670821070671,1.33932673931,0.189636975527
141,32,H,9.45682939,11.11479577,12.86923284,1,,2.19703221321,-3.61431694031,-2.59880876541
141,33,H,12.77457917,10.24311089,10.77429633,1,,-0.193889454007,2.00039958954,2.1054418087
141,34,H,12.76807605,8.53996699,10.55011787,1,,0.336390286684,0.350510418415,-0.378434032202
141,35,H,8.01050681,14.41230798,13.55683122,1,,-3.12041902542,-1.16316390038,-1.80369448662
142,0,O,14.87502459,13.06775188,10.47008272,-2,,4.05952548981,-0.107679158449,-1.87293744087
142,1,H,8.31937785,11.2842829,11.64788318,1,,-0.564594507217,0.124598369002,0.42231041193
142,2,O,13.61433235,14.91159474,8.66589314,-2,,1.68384790421,1.66713833809,-0.607368767262
142,3,H,11.96216847,10.51626144,13.81642308,1,,-1.02972924709,-3.58041858673,2.98174524307
142,4,H,8.68598772,12.49691348,12.5211847,1,,-1.49736070633,-1.33788299561,-1.07235217094
142,5,H,9.22789785,9.66836176,13.24466723,1,,2.56435203552,1.53800404072,-3.00015473366
142,6,H,12.95833611,14.60860694,8.03009093,1,,0.989176154137,1.11913871765,-0.581761419773
142,7,O,12.64320407,12.88909552,9.35808225,-2,,2.77030301094,-2.76931715012,-5.33959293365
142,8,O,10.10260864,11.05673992,9.04782535,-2,,-0.657405257225,-1.3607660532,4.1832857132
142,9,O,9.99518278,13.38611174,12.7670749,-2,,3.29830121994,-0.530650377274,-0.991965055466
142,10,H,6.88964275,14.99844683,12.94557087,1,,-0.0689562261105,-0.261220693588,-0.06381970644
142,11,H,14.50225317,13.00922028,9.57474968,1,,-0.191696181893,-0.0529947504401,1.18723881245
142,12,H,11.59028104,15.260691,10.47448969,1,,-1.59789979458,-4.83265590668,0.315900027752
142,13,H,10.42492267,14.07862195,11.16923678,1,,2.29223394394,0.576844274998,-1.39892458916
142,14,H,9.26528146,13.78384154,13.11800609,1,,-1.8122792244,1.91891050339,1.13787174225
142,15,H,14.15581556,13.05604781,11.0149234,1,,-2.84234762192,0.112708218396,1.53213202953
142,16,H,10.91796593,11.44154867,8.73688393,1,,0.606168746948,0.0801938250661,0.48713478446
142,17,H,12.59655754,13.38599708,8.46247128,1,,-1.12263584137,-2.27639865875,3.55965185165
142,18,H,12.23454166,11.93385127,15.1981065,1,,-2.34651327133,0.279811859131,-1.78235375881
142,19,H,13.58519938,11.39547795,12.16977546,1,,-0.998391628265,-1.90495920181,-1.8904542923
142,20,H,11.08540694,12.79231415,14.29652215,1,,1.01509308815,-1.78145933151,0.168288558722
142,21,O,11.79323896,9.45472391,14.1791548,-2,,1.75712966919,4.40137529373,-1.10581088066
142,22,O,9.83668319,10.09507621,12.48622386,-2,,-4.20180130005,5.05605792999,3.76681518555
142,23,H,14.54634624,14.88274188,8.32979204,1,,-1.6948158741,0.0173111334443,-0.000787436962128
142,24,H,12,12,12,1,,-1.49795806408,0.952080488205,0.20394179225
142,25,O,7.26289354,14.10810993,13.01114965,-2,,2.21960735321,1.76357805729,1.681163311
142,26,O,11.23484106,14.15318742,10.50364867,-2,,-2.5271821022,5.85606050491,2.72786855698
142,27,O,12.80034118,10.98341125,11.67281193,-2,,2.15567564964,-1.78239905834,-0.945041537285
142,28,O,7.97361148,11.81196737,12.38249267,-2,,-0.492459833622,0.70693230629,-0.859811246395
142,29,H,11.84190469,9.33851748,13.25143538,1,,-0.400240749121,-2.26493048668,-1.64728164673
142,30,H,11.94330753,12.92105173,9.9671955,1,,-1.61126172543,0.734839081764,0.154025837779
142,31,O,11.45907997,11.87669447,14.52592789,-2,,1.41299033165,2.62419462204,1.94631886482
142,32,H,9.4499992,11.35908888,12.77119823,1,,3.68308734894,-8.42339324951,-1.01616239548
142,33,H,12.99044641,10.31980179,10.86179689,1,,-0.0273919999599,2.70662474632,2.81239652634
142,34,H,8.13550418,14.32402174,13.51824019,1,,-3.38091516495,-0.134782940149,-0.777580142021
142,35,H,10.18940429,10.79222164,10.10166648,1,,0.0563440620899,1.16550755501,-4.3139295578
143,0,O,14.86165249,13.28460675,10.56175748,-2,,-0.808423697948,0.408353447914,-0.148873180151
143,1,H,8.34852074,11.44771943,11.80339365,1,,-1.15277338028,0.410606205463,-1.02223432064
143,2,H,11.69375073,10.62648948,13.94541598,1,,-0.0471064038575,-1.74202251434,2.27840852737
143,3,H,8.74743316,12.63810556,12.70403373,1,,-2.63849306107,-1.68897986412,-1.1450278759
143,4,H,8.63308503,10.08482935,11.56241409,1,,-0.4747133255,-1.81801724434,-3.04683184624
143,5,H,9.29094317,9.76734431,13.14986314,1,,0.561004579067,0.817296206951,0.416605532169
143,6,O,12.63709971,13.14315245,9.4784828,-2,,3.31628155708,-1.19474291801,-6.52312850952
143,7,O,10.0528703,11.23200423,9.11838582,-2,,0.198344051838,-0.512987315655,3.45922708511
143,8,H,13.40691501,15.59623252,14.50113445,1,,0.309711009264,-0.604988098145,-1.09927129745
143,9,O,9.99650855,13.57993469,12.82724789,-2,,-0.328191459179,0.703537225723,0.667999744415
143,10,H,7.08115868,15.33340793,13.10109007,1,,0.0221148971468,-3.09197378159,-0.241356909275
143,11,H,14.42387342,13.2652506,9.65651263,1,,0.530918717384,-0.108607590199,2.16896128654
143,12,H,11.5404726,15.29043434,10.55645441,1,,-0.24457013607,-2.58067512512,-0.133176997304
143,13,H,10.52610108,14.3660325,11.29183188,1,,1.1831035614,-0.645071566105,-0.85490000248
143,14,H,12.93654619,13.88848844,13.95207469,1,,0.741040468216,4.65097141266,2.70196175575
143,15,H,7.99430345,9.31699101,10.18141885,1,,-0.786907911301,-1.89894747734,-0.209164083004
143,16,O,8.36409357,10.06884195,10.56234629,-2,,0.716553509235,2.34364914894,2.51207208633
143,17,H,9.20181659,14.04408516,13.14265451,1,,1.91289305687,-0.155109018087,-0.715470612049
143,18,H,14.08358145,13.48969956,11.14238101,1,,1.2624464035,-0.244043409824,-1.28545176983
143,19,H,10.93769392,11.4445791,8.81397162,1,,0.177355825901,0.00829193647951,0.522216439247
143,20,H,12.39603468,13.60780467,8.60605794,1,,0.0620693266392,-1.30106699467,2.52299976349
143,21,H,12.02221441,12.22835614,15.3661413,1,,-0.515018463135,-0.325411140919,-0.673558831215
143,22,H,13.44860628,11.78898758,12.31579032,1,,0.275073230267,-2.54232501984,-1.94523310661
143,23,H,11.08572708,12.8913848,14.37669419,1,,-1.15186679363,2.11402487755,-0.782694458961
143,24,O,11.75383379,9.67383029,14.29878613,-2,,0.289031505585,2.84768414497,1.9588341713
143,25,O,9.8338591,10.33285083,12.5723458,-2,,-0.334695279598,2.95729827881,0.219764262438
143,26,H,12,12,12,1,,-0.0233461856842,-2.07556772232,-1.46718549728
143,27,O,7.2698811,14.30621956,13.09746623,-2,,-5.19297599792,4.40340518951,-2.04441761971
143,28,O,11.28109847,14.30514645,10.61726496,-2,,-3.54269790649,5.5773601532,3.43310523033
143,29,O,12.80219374,11.21402986,11.75826455,-2,,0.0603788495064,2.15106272697,1.95822799206
143,30,O,7.94739776,12.00575095,12.4652833,-2,,1.60818338394,1.8705381155,1.00682687759
143,31,H,11.79015115,9.45642318,13.43051775,1,,0.256428092718,-2.91855573654,-4.01962995529
143,32,H,11.92619376,13.16867083,10.07065785,1,,-1.46063876152,0.0316304564476,0.458468675613
143,33,O,11.45497996,12.0704124,14.5837447,-2,,1.61492538452,-0.0710103809834,1.65453886986
143,34,H,9.51877287,11.41039313,12.66847167,1,,1.72354114056,-4.78526306152,0.741852402687
143,35,H,13.14165001,10.52451838,11.01276148,1,,-0.655426204205,2.41535210609,1.59192490578
143,36,H,8.05779362,14.34679428,13.48966799,1,,3.49880456924,0.0701313763857,3.24233961105
143,37,O,12.97481611,14.75685331,14.67478977,-2,,-1.11241436005,-4.14987897873,-1.60248708725
143,38,H,10.05487476,10.98802734,10.1876903,1,,0.150055557489,0.674050092697,-4.55624103546
144,0,O,10.88533248,8.6484258,11.95491019,-2,,-1.94354057312,0.593102693558,2.04594516754
144,1,H,10.71152891,9.44603527,12.60725088,1,,0.753038644791,-1.81796216965,-2.47047662735
144,2,O,14.82337782,13.62724301,10.73000106,-2,,-2.46900177002,1.88640189171,1.9956805706
144,3,H,11.37662735,10.84325969,14.27705352,1,,-1.0147151947,3.15022468567,-0.588746488094
144,4,H,11.53612187,9.18340319,10.64661683,1,,1.05915021896,0.907866179943,0.229961693287
144,5,H,12.72804358,6.92374421,11.74962547,1,,-2.2988781929,-7.25786161423,-3.57038974762
144,6,H,9.34127431,10.02491265,13.17459896,1,,-1.8115477562,0.154688060284,0.902182459831
144,7,O,12.61704446,13.51237129,9.66525379,-2,,1.18817842007,-2.88188171387,-1.02751612663
144,8,O,9.98030277,11.53309715,9.28068439,-2,,2.22797107697,1.52980661392,-6.66375494003
144,9,O,9.97550237,13.89941654,12.96961245,-2,,-0.830414712429,0.802103757858,0.613015055656
144,10,H,7.26153771,15.69497304,13.32099556,1,,-0.828715443611,-3.25981521606,-0.492042660713
144,11,H,14.31503844,13.64598833,9.89807625,1,,0.399731427431,-0.446799576283,0.401836633682
144,12,H,11.45448845,15.41755967,10.69509167,1,,2.93893051147,8.18602848053,-2.44400477409
144,13,H,10.64419008,14.72906259,11.44615684,1,,-3.20580625534,-0.925472915173,3.25671267509
144,14,H,9.18898047,14.42841568,13.2063966,1,,1.8309327364,-0.964358091354,-1.03212165833
144,15,H,14.01255307,14.02763091,11.28979911,1,,3.08301329613,-1.41195082664,-1.69577717781
144,16,O,13.06793941,7.61480554,12.11784739,-2,,2.35569930077,6.49958515167,3.34589481354
144,17,H,10.95593465,11.59260239,8.98551909,1,,-2.36671304703,-0.394011378288,1.36974000931
144,18,H,12.16664553,13.8333942,8.9274728,1,,-0.667103886604,0.728186547756,-2.39107513428
144,19,H,11.73736908,12.63641544,15.5861939,1,,0.583984017372,-0.583277583122,0.690087497234
144,20,H,12.16101794,8.13133477,12.10548395,1,,1.09890055656,-0.145952180028,0.671476840973
144,21,H,13.29339388,12.18064924,12.4878797,1,,1.68297338486,-0.610452711582,-0.00413236021996
144,22,O,12.35451548,9.6770177,10.34104238,-2,,-3.81067991257,1.54857754707,-4.98463439941
144,23,H,11.00142551,13.20682241,14.47610204,1,,-0.684096097946,0.478028297424,-1.11103737354
144,24,O,11.69074003,10.02637846,14.50526744,-2,,1.49668705463,-6.52335500717,-3.63068366051
144,25,O,9.80709327,10.70697071,12.74008614,-2,,4.80499601364,-13.7706317902,-0.484370470047
144,26,H,12,12,12,1,,-5.24562883377,0.952816724777,-1.15326666832
144,27,O,7.23805495,14.64069979,13.25784466,-2,,0.528570532799,4.28051280975,0.393736511469
144,28,O,11.29466951,14.59725525,10.82327385,-2,,-3.14227151871,-4.08223247528,2.33236980438
144,29,O,12.78062316,11.58658568,11.93366043,-2,,5.38643264771,-2.25664949417,0.273319154978
144,30,H,11.76097683,9.56014246,13.47526985,1,,0.674195587635,1.56614673138,4.77471446991
144,31,H,11.81523658,13.55334324,10.28152406,1,,2.14836072922,-0.99113792181,-0.906237840652
144,32,O,11.43450863,12.39304885,14.72008484,-2,,-0.0164643973112,1.67595267296,0.499947726727
144,33,H,9.62456722,11.4503627,12.69001184,1,,-4.70902109146,15.239068985,-0.157715141773
144,34,H,13.22149617,10.90799841,11.23407144,1,,-2.06967997551,2.93246555328,1.66143918037
144,35,H,12.97725286,9.41011272,10.9030307,1,,3.70221590996,-2.74586200714,3.08559799194
144,36,H,8.09425383,14.53255551,13.67859303,1,,-1.0536403656,-0.805528223515,0.833176016808
144,37,H,9.92018685,11.37233803,10.14239312,1,,0.2239561975,-1.2363692522,5.43114805222
145,0,O,11.07245218,8.99368601,12.17288196,-2,,-0.243766143918,-0.836620509624,1.349416852
145,1,H,13.12056327,11.76520444,9.29659655,1,,1.33219599724,-0.720657944679,-3.16466593742
145,2,H,14.33078746,11.85807469,8.19687763,1,,-2.51172065735,-0.82154405117,0.495492577553
145,3,H,10.9947856,9.87944576,12.58476083,1,,0.125735387206,-0.511472046375,-0.93574243784
145,4,H,8.42217565,12.10184351,12.13548404,1,,-0.800826370716,-0.414409518242,-0.647308111191
145,5,H,11.26262786,11.17365858,14.66411461,1,,2.09288620949,-3.25062704086,-0.498499214649
145,6,H,11.82748205,9.47295042,11.09483945,1,,0.104802250862,-0.00284151732922,-0.340014368296
145,7,H,8.87741984,13.0922978,13.11750823,1,,0.271122962236,1.41958737373,0.770227432251
145,8,H,9.55690632,10.25231674,13.35317658,1,,-0.661549031734,1.86634218693,-0.221335381269
145,9,O,12.84153853,13.83631473,9.90921856,-2,,-0.0353756844997,-1.93407988548,-3.37308573723
145,10,O,10.16134228,11.8127384,9.47905307,-2,,0.772559702396,0.501691222191,-1.06329095364
145,11,H,11.72314085,15.86330079,10.79281836,1,,-0.308541119099,-3.6801571846,0.812332749367
145,12,H,10.85355469,14.98863733,11.77976965,1,,0.404183536768,-0.0395312607288,-0.55825984478
145,13,H,11.11916903,11.72521423,9.25389857,1,,-1.21958863735,-0.188673973083,0.585908532143
145,14,H,12.19205504,14.01761069,9.18762746,1,,1.74318027496,-0.366111576557,-0.4646037817
145,15,O,13.40026601,11.46171461,8.32679714,-2,,1.348279953,1.61932516098,2.354139328
145,16,H,13.4656555,12.51071804,12.74790511,1,,0.5079600811,0.667938709259,0.53666639328
145,17,O,12.57893394,9.94278506,10.58595869,-2,,1.22292423248,0.110178291798,-0.2934717834
145,18,O,11.87428098,10.33349696,14.75435643,-2,,-0.527993857861,-0.31416785717,-2.83219504356
145,19,O,10.04280871,11.01972652,12.96174022,-2,,0.471741318703,3.45663261414,-0.868704199791
145,20,H,12,12,12,1,,2.53585147858,-0.185710608959,0.509640097618
145,21,O,11.54372719,14.85619977,11.09444214,-2,,-4.07504034042,7.32491016388,3.57868385315
145,22,O,13.01622931,11.93045458,12.16719277,-2,,-1.83248209953,-1.69948756695,-1.90629780293
145,23,O,8.10479594,12.63368629,12.85686816,-2,,-1.07587003708,0.2980209589,-0.308832287788
145,24,H,11.99608251,9.70703423,13.8144986,1,,-0.98397898674,3.03642702103,3.89418339729
145,25,H,12.04849817,13.86220044,10.50482635,1,,2.14768242836,-1.17040514946,0.0426818132401
145,26,H,9.80749343,12.07556487,12.80759284,1,,0.255862414837,-5.00792694092,1.3764308691
145,27,H,13.49554864,11.31813101,11.49859944,1,,-1.33457291126,1.79307031631,1.40124845505
145,28,H,13.28532822,9.73212218,11.21798154,1,,-0.227165520191,-0.4751047194,-0.671010196209
145,29,H,10.02928156,11.70171833,10.41131501,1,,0.501502871513,-0.474594712257,0.440263986588
146,0,O,11.22802128,9.33031126,12.37143501,-2,,-0.717056632042,-2.99440789223,0.883211255074
146,1,H,11.24388516,10.25622976,12.47603693,1,,-1.05469465256,1.68823432922,1.42790794373
146,2,H,8.47157712,12.41739416,12.23870567,1,,-0.252721995115,0.818264126778,1.17660176754
146,3,H,12.05995089,9.75760719,11.51028789,1,,2.30370020866,-0.201533913612,-3.50796461105
146,4,H,9.0851189,13.39824104,13.32632992,1,,-1.80154061317,-0.0663131251931,-0.291472613811
146,5,H,9.7323248,10.54103619,13.54470894,1,,0.849110722542,2.45846271515,-1.11660444736
146,6,O,13.03130455,14.13353854,10.12220295,-2,,0.647421121597,-1.89433050156,-6.51252651215
146,7,O,10.3169884,12.08882424,9.64673897,-2,,-2.76355600357,0.421703159809,4.60234451294
146,8,H,11.93491986,16.18525394,10.906574,1,,-0.945719897747,-4.53140735626,2.11579394341
146,9,H,11.00829311,15.1687915,12.09876284,1,,2.39667749405,0.745301783085,-2.65675973892
146,10,H,11.2169196,11.86876784,9.52426458,1,,1.55732131004,-0.600926041603,0.289407014847
146,11,H,12.31124018,14.1659637,9.37459655,1,,2.80191850662,-0.202034294605,1.19004440308
146,12,H,13.64587329,12.86685511,13.05219201,1,,-0.44759324193,-1.37964582443,-1.76607477665
146,13,O,12.77026853,10.20780854,10.80753008,-2,,3.5397105217,-1.25055003166,3.79682302475
146,14,O,10.25260368,11.32972096,13.15938053,-2,,-0.615316689014,0.455983757973,1.05367231369
146,15,H,12,12,12,1,,0.064230799675,0.442810595036,0.275573730469
146,16,O,11.7529609,15.12991101,11.35273416,-2,,-5.16526079178,6.81217384338,4.23334217072
146,17,O,13.2176808,12.26157983,12.37322581,-2,,-0.0297698676586,0.842754602432,1.52474212646
146,18,O,8.27099184,12.92598397,13.05759197,-2,,-0.371397197247,0.774327337742,-0.634145796299
146,19,H,12.33444064,14.10481508,10.74411338,1,,0.219190374017,-0.910722255707,1.5383605957
146,20,H,9.96948835,12.61055857,12.97891966,1,,1.44003713131,-2.86462044716,0.283210337162
146,21,H,13.73725524,11.75817176,11.73027154,1,,0.241523683071,0.962532520294,0.335691601038
146,22,H,13.59741063,10.01831321,11.51190875,1,,-3.30735874176,0.456167757511,-3.46208286285
146,23,H,10.11926888,11.99947084,10.75277985,1,,1.41114532948,0.0177746266127,-4.77909564972
147,0,O,11.26529145,9.64269586,12.52003512,-2,,-0.364104628563,1.330067873,0.653489947319
147,1,H,13.39120484,12.45420747,9.47006657,1,,0.581911385059,-0.124547764659,-0.24180278182
147,2,H,14.53441492,12.36416328,8.49141661,1,,3.32986831665,1.16542458534,-0.368536114693
147,3,H,11.30580679,10.66536729,12.37656192,1,,-2.04311347008,-2.39940285683,2.21075868607
147,4,H,10.60117338,10.59388886,9.99236707,1,,-0.970904350281,-1.59224200249,0.0251199230552
147,5,O,15.22836185,14.538996,11.30817295,-2,,-1.98462593555,1.89113330841,-0.135792583227
147,6,H,8.36521478,12.74766283,12.33840228,1,,0.327621281147,0.733962416649,1.06432592869
147,7,H,12.17727424,10.01942507,11.76152893,1,,2.17724180222,-1.17024159431,-3.09811162949
147,8,H,9.16982794,13.7217343,13.45936897,1,,-2.66987204552,-0.856922447681,-0.973944962025
147,9,O,10.46701821,9.63435827,9.89169151,-2,,1.6004178524,0.626003146172,-1.89562296867
147,10,H,9.84038206,10.90976228,13.68656972,1,,-0.340726613998,0.454424440861,-0.0752727091312
147,11,O,13.09719328,14.39421536,10.26593227,-2,,0.395104140043,-2.24459695816,-2.18524765968
147,12,O,10.34802654,12.35135405,9.77956345,-2,,0.755558133125,-0.226318925619,2.88268756866
147,13,O,10.47954368,14.72857027,13.47376208,-2,,-2.68161678314,2.47756719589,-0.501854360104
147,14,H,14.55063254,14.38630259,10.54667272,1,,1.74148964882,0.0450059249997,1.6815135479
147,15,H,11.93644546,16.24070739,11.0999101,1,,-0.383317559958,-0.0432680025697,0.307565510273
147,16,H,11.13273233,15.28379869,12.27803625,1,,0.997114896774,0.533424139023,-0.47077947855
147,17,H,9.74037268,9.33468568,10.37756241,1,,-1.27309799194,-0.195044562221,1.23471295834
147,18,H,9.80683014,15.47485179,13.22097385,1,,1.71831202507,-2.12357997894,1.30792856216
147,19,H,14.67624469,15.28133662,11.7409923,1,,1.6953343153,-1.8112642765,-0.76204419136
147,20,H,11.27490518,11.99942248,9.74711459,1,,-1.03793716431,0.909457325935,-0.0682737603784
147,21,H,12.48863249,14.2764715,9.54659263,1,,-0.229981988668,-0.0529094338417,-0.778364181519
147,22,O,13.68328834,12.09306016,8.62145397,-2,,-3.71552014351,-1.09120476246,0.494941622019
147,23,H,13.66912818,13.14929376,13.269471,1,,-0.033136844635,-1.45427536964,-2.13046503067
147,24,O,12.84784568,10.45873121,10.99172683,-2,,2.02782058716,-0.927903056145,1.79382872581
147,25,O,10.34049166,11.63711895,13.30556346,-2,,0.0480457544327,5.58437538147,-0.387950927019
147,26,H,12,12,12,1,,-1.38076865673,0.492424219847,-0.710139632225
147,27,O,11.83063664,15.41412155,11.56963642,-2,,-2.49424433708,1.59858071804,2.50611233711
147,28,O,13.29002862,12.57776826,12.5302062,-2,,1.53400397301,1.11663937569,1.79148924351
147,29,O,8.31686045,13.20032718,13.20377169,-2,,0.136571884155,1.3084448576,0.0936569571495
147,30,H,12.49881305,14.30125217,11.05170999,1,,1.27620005608,0.0113772675395,-0.889704346657
147,31,H,10.06599636,12.88745623,13.1692074,1,,1.58916199207,-5.80893182755,0.628680586815
147,32,H,13.91326282,12.18896053,11.87493968,1,,-0.228439077735,1.30134534836,1.26360249519
147,33,H,13.63914473,10.31980548,11.5826263,1,,-0.861923694611,0.245391786098,-1.57518386841
147,34,H,10.14479713,12.28147963,10.78981386,1,,0.761555433273,0.297604799271,-2.69132423401
148,0,O,11.24351552,9.94072677,12.64406992,-2,,-1.61874985695,1.18027627468,0.556842684746
148,1,H,13.40895917,12.83861732,9.65916655,1,,1.40005421638,-1.94169259071,-3.64220237732
148,2,H,14.60784881,12.60459968,8.66284937,1,,0.749735474586,0.169203996658,-0.161579221487
148,3,H,11.21402885,10.92810012,12.35307991,1,,-1.09298825264,-2.62863302231,1.94997751713
148,4,H,10.57401049,10.86652242,10.16402776,1,,-1.10226464272,-3.58672332764,-0.252714365721
148,5,H,12.25880679,10.24358965,11.84414008,1,,1.59288418293,-0.835897147655,-2.3056807518
148,6,H,13.020364,7.98319242,12.74832234,1,,-2.17345666885,-4.17052841187,-0.783118844032
148,7,O,10.47243254,9.86196576,10.03776644,-2,,1.66412067413,2.4565384388,-1.83529210091
148,8,H,9.87493406,11.27508889,13.84272987,1,,-1.32138729095,-0.339349031448,0.805349469185
148,9,O,13.10154144,14.61876493,10.3813326,-2,,0.738388061523,0.50438529253,4.42980384827
148,10,O,10.32301556,12.59681059,9.89319448,-2,,4.8656578064,-0.501925945282,-7.59897708893
148,11,H,9.82940783,9.49231699,10.5869339,1,,-1.29528486729,-0.275062084198,1.44816434383
148,12,O,13.51317453,8.7171588,12.85586943,-2,,1.13268887997,4.71539783478,1.84934818745
148,13,H,11.25106883,12.16675529,9.94201247,1,,-1.80797052383,1.59026515484,-0.811769068241
148,14,H,12.62286935,14.36494495,9.63132848,1,,-1.87405872345,-0.307770520449,-1.20161795616
148,15,O,13.69002555,12.3780263,8.70386312,-2,,-1.86977052689,1.63471126556,3.68171405792
148,16,H,12.7323231,9.37308374,13.07807591,1,,1.75016665459,-1.5907279253,-0.240384370089
148,17,H,13.59185771,13.34677364,13.41118953,1,,1.30122196674,0.711380362511,1.10073018074
148,18,O,12.85972233,10.69597577,11.15592886,-2,,-4.00778627396,0.658204734325,-3.46696591377
148,19,O,10.36795667,11.94792295,13.42270167,-2,,1.23325765133,2.34735012054,-0.925131797791
148,20,H,12,12,12,1,,-1.5681552887,0.666022360325,-0.699212431908
148,21,O,13.29837788,12.87838193,12.66328753,-2,,1.88301122189,-0.565502166748,-2.13071203232
148,22,H,12.64425315,14.48955191,11.30711846,1,,0.929486274719,-0.0402301773429,-3.38284015656
148,23,H,10.15256153,12.87859382,13.39312929,1,,-0.98912101984,-0.305786818266,0.831406474113
148,24,H,14.03941608,12.62651776,12.00458526,1,,-1.72681367397,1.09458041191,2.17157959938
148,25,H,13.62498668,10.61805535,11.57644043,1,,5.78331851959,-0.680974423885,2.24591398239
148,26,H,10.11730303,12.55526724,10.71483075,1,,-2.57618451118,0.042487770319,8.36736679077
149,0,O,11.13069092,10.22858448,12.760842,-2,,-0.128483831882,-4.59806060791,2.47390508652
149,1,H,13.41356132,13.11998107,9.66268452,1,,0.0533671751618,-1.27712392807,-1.37171244621
149,2,H,14.65188959,12.84582974,8.85151621,1,,-3.86660671234,-0.955238461494,-0.808383226395
149,3,H,10.97212479,11.04636801,12.41980455,1,,-1.13949084282,2.65035057068,-0.889370799065
149,4,H,10.39056351,10.97735488,10.3402552,1,,-0.281577169895,2.21069025993,0.00926131755114
149,5,H,12.23201763,10.40325189,11.87070766,1,,-0.394289553165,-2.37666368484,0.689851820469
149,6,H,9.68714802,8.42784386,12.48655926,1,,1.24197363853,-1.10773456097,0.537390649319
149,7,H,12.8019091,8.04933678,12.96993194,1,,2.82532572746,3.49416542053,-0.088004373014
149,8,O,10.39500427,10.0816014,10.16383739,-2,,-1.5030579567,-3.41603159904,0.375434875488
149,9,H,9.76755731,11.60299796,14.0494586,1,,0.843048512936,1.00047230721,-0.827046871185
149,10,O,13.01629946,14.81702398,10.49548736,-2,,0.700894594193,0.235268503428,-1.98820710182
149,11,O,10.2222159,12.82998482,9.98122094,-2,,-1.05572140217,0.337204754353,3.07686519623
149,12,H,9.78620562,9.66801296,10.9025044,1,,2.24409723282,1.43825137615,-1.50415015221
149,13,O,13.41337103,8.9549193,12.98604275,-2,,-0.572097182274,-5.9703540802,0.110337331891
149,14,H,11.07381525,12.41004129,10.10734956,1,,0.64810860157,0.262461543083,-0.382561206818
149,15,H,12.60210244,14.44679736,9.64011957,1,,-0.147310882807,0.988475203514,2.81937217712
149,16,O,13.5912253,12.65606047,8.78785063,-2,,4.16251564026,1.87088012695,2.07919025421
149,17,H,12.73250935,9.54163005,13.21545936,1,,-1.65586137772,1.65710139275,0.706526398659
149,18,H,13.44065835,13.5618372,13.62267928,1,,0.525767505169,-0.0236725658178,-0.195366233587
149,19,O,12.76367814,10.93093812,11.30436163,-2,,5.8851518631,1.96987771988,-1.83519077301
149,20,O,10.31319445,12.24121787,13.52646772,-2,,0.726522386074,-6.68234491348,-0.164488911629
149,21,H,12,12,12,1,,-0.678207814693,1.28615128994,-0.396928548813
149,22,H,8.96166663,8.33443305,11.07044184,1,,-0.744204580784,-3.58290100098,-3.27526712418
149,23,O,13.21352962,13.16284525,12.77910448,-2,,1.02414429188,0.454646527767,-0.0175798088312
149,24,H,12.72430844,14.67891775,11.4079064,1,,-0.915589511395,-0.845384061337,-1.01416516304
149,25,O,9.15499388,8.78064425,11.81354581,-2,,-2.01040649414,3.28101825714,3.18023610115
149,26,H,10.06703991,13.04728877,13.67374436,1,,-2.46752309799,7.30008029938,1.63099658489
149,27,H,13.99851195,13.07508982,12.19376611,1,,-0.738573312759,0.363777816296,0.990448832512
149,28,H,13.73669827,10.89742045,11.66974127,1,,-3.39105510712,-0.212175965309,-1.19762575626
149,29,H,9.88181297,12.82475049,10.95554794,1,,0.809138298035,0.246812850237,-2.723767519
150,0,H,11.12179256,8.66724338,10.51562371,1,,-1.5697748661,0.911126852036,1.27779197693
150,1,H,15.15843677,9.63954681,12.02723331,1,,1.30245828629,1.53576231003,2.41214990616
150,2,H,12.49297959,9.45660568,11.74158852,1,,-0.693993628025,-0.992289185524,2.01952075958
150,3,O,8.65305983,11.50148406,11.83777751,-2,,4.3295416832,-1.57571434975,-4.31568908691
150,4,O,12.42530445,9.98222973,12.57330366,-2,,-0.872062325478,0.197342693806,1.79176235199
150,5,H,11.12156819,12.07515692,9.40831042,1,,-1.94412732124,-1.25275921822,1.78776693344
150,6,O,15.01122425,11.96924733,15.54571481,-2,,-1.36975860596,-0.997930884361,1.44075775146
150,7,H,11.77172919,9.910492,13.37087829,1,,1.59751844406,-1.15894556046,-2.98963880539
150,8,H,10.62282332,9.7661276,11.55859128,1,,0.884994387627,0.762312173843,-0.271994620562
150,9,H,11.82940789,11.42324823,10.51902104,1,,-4.04251146317,0.78779053688,-1.49417209625
150,10,O,14.70566933,9.28114186,11.31320264,-2,,-2.58335042,-6.218501091,-4.22661161423
150,11,O,10.45012244,8.90385193,11.22285269,-2,,0.137717872858,-2.24888372421,-1.52330970764
150,12,O,14.83801918,9.62192802,15.14058841,-2,,-0.556109905243,-4.26930999756,1.08002281189
150,13,H,12.26777422,12.90267575,13.98021589,1,,1.11277294159,-1.30384933949,0.634150028229
150,14,H,14.77328187,8.60562909,15.0708032,1,,0.077539741993,2.6335644722,0.259844362736
150,15,O,12.54758852,11.94997077,14.08912594,-2,,1.23629748821,3.14203882217,0.895837068558
150,16,H,13.89201328,13.56002161,11.2891475,1,,1.1674028635,1.25738215446,-0.369184941053
150,17,O,14.13734104,14.52010698,11.34659652,-2,,2.15085172653,0.342040121555,-1.28650164604
150,18,H,9.99787972,13.4613221,13.48707384,1,,-0.216575101018,0.947506427765,-0.0703035444021
150,19,H,12.90475622,10.97885426,11.31926953,1,,2.28897666931,-0.272523641586,0.778798103333
150,20,O,11.09333349,14.06411727,11.443101,-2,,2.37980294228,0.383254468441,-2.0534017086
150,21,H,14.35230794,11.20870994,15.57307085,1,,0.985682487488,3.04195356369,-0.209007129073
150,22,H,14.69097232,11.62789349,12.57545238,1,,1.94045162201,-3.94724416733,1.66103136539
150,23,H,9.39653119,12.22936851,12.84443407,1,,-2.43446803093,-0.966240525246,-3.26250314713
150,24,H,11.17945975,13.29157508,11.93468776,1,,-1.72612917423,-1.93859505653,2.75315189362
150,25,H,14.65780926,9.87034497,16.0674231,1,,0.630033254623,-0.997001171112,-0.523389875889
150,26,H,8.00523493,11.02711006,12.19046098,1,,-5.56184673309,-2.37151145935,2.96088886261
150,27,H,14.92465308,12.20598449,14.63776496,1,,0.0921042859554,0.579231798649,-0.807735085487
150,28,H,11.7315012,11.61282329,13.82218611,1,,-2.13745498657,-0.934706270695,-0.357812464237
150,29,O,15.28633898,10.73113988,12.9209677,-2,,-0.906222403049,4.58087253571,2.52517056465
150,30,H,15.17416502,10.4490385,13.94631715,1,,0.0713872015476,1.24760365486,-3.28337430954
150,31,O,13.08708546,11.90758944,11.18427486,-2,,-0.926244676113,0.657243072987,0.165641993284
150,32,H,9.14857766,10.63778545,11.56310765,1,,-0.662714242935,2.84302902222,-0.257334411144
150,33,O,9.89986805,12.52504302,13.52981207,-2,,3.39967870712,1.13315427303,5.03134727478
150,34,H,15.01521427,14.79359338,10.83487436,1,,-3.11622619629,-1.73370099068,1.67936229706
150,35,O,10.77137489,11.54819522,10.22151562,-2,,5.00238990784,0.555755853653,-2.15204334259
150,36,H,11.85404982,13.6258244,10.96502055,1,,-0.834544241428,2.48277902603,-0.91926920414
150,37,H,12,12,12,1,,1.08578896523,0.396345585585,-0.0874193608761
150,38,H,14.6411615,8.27275925,11.49399307,1,,0.280722469091,2.76161718369,-0.694300055504
151,0,H,11.16840373,8.66401783,10.45408723,1,,1.88347268105,-0.0279099047184,-2.91218423843
151,1,H,12.44195029,9.31835469,11.47945072,1,,-0.370930194855,1.20249640942,5.4465098381
151,2,O,8.78365545,11.47688001,11.67526494,-2,,-0.526431679726,-6.15009880066,-1.5795340538
151,3,O,12.54762495,9.87253211,12.42794355,-2,,5.54338169098,-0.646402657032,-10.1721496582
151,4,H,11.16493809,12.14325573,9.39111723,1,,-1.99869465828,-1.6773853302,1.66025781631
151,5,H,11.85462668,15.2352008,11.27047387,1,,0.14179828763,1.92361855507,-1.99149167538
151,6,H,12.06966263,9.80011498,13.13715124,1,,-4.50261688232,-2.05265712738,5.43151473999
151,7,H,10.5746011,9.64354981,11.44416943,1,,1.0702662468,5.25503826141,1.61700177193
151,8,H,11.83995651,11.39595713,10.29330832,1,,2.97061109543,-0.280262827873,1.24892771244
151,9,O,10.57825379,8.83667931,11.11224654,-2,,-3.64549636841,-5.97273445129,0.691191256046
151,10,H,8.39967103,11.08997562,14.07299374,1,,-2.82118964195,-4.87986564636,-0.312488377094
151,11,H,12.36661947,12.77222575,13.67893265,1,,1.59156382084,-0.390127122402,0.96614408493
151,12,O,7.78839746,10.04774487,13.91791893,-2,,4.65962028503,4.01035022736,-2.29549789429
151,13,O,12.68896401,11.8914212,13.9973478,-2,,-2.85525941849,0.890046656132,-0.70497739315
151,14,H,13.91889715,13.42182178,11.15194758,1,,2.30694174767,3.52064871788,-0.357638090849
151,15,O,14.25641701,14.47623135,11.20321935,-2,,-2.07269644737,-3.36597776413,0.836786150932
151,16,H,10.06106273,13.46737147,13.36459063,1,,-0.519139885902,-1.13854622841,0.0306860525161
151,17,H,13.01235485,10.907173,11.04017796,1,,1.20257413387,0.273601382971,1.03906369209
151,18,O,11.22167124,13.99714831,11.30265004,-2,,1.45962560177,-1.56041097641,0.287862211466
151,19,O,12.04839917,18.4515633,10.49010331,-2,,-0.991337060928,4.06364440918,3.61873841286
151,20,H,9.32193369,12.07277863,12.64677162,1,,2.2976899147,1.68033444881,1.38024806976
151,21,H,11.27892647,13.20016093,11.86721615,1,,-1.61187314987,0.451489746571,0.896103799343
151,22,H,8.19757288,10.83936778,12.20362327,1,,-0.222391098738,2.14914441109,-0.898648798466
151,23,O,12.33879597,15.99040728,10.52552921,-2,,-1.52543723583,-0.985140144825,2.02024412155
151,24,H,11.76908874,11.54206495,13.77634328,1,,1.67621994019,0.0958001613617,1.16256654263
151,25,H,12.85236671,17.94281676,10.64689383,1,,0.948212862015,1.2512254715,0.240612193942
151,26,H,8.31427652,9.71909537,13.0682746,1,,-1.6589615345,0.162106215954,3.35759210587
151,27,O,13.25197802,11.83016149,11.0872841,-2,,1.3067792654,0.964883089066,-1.69527280331
151,28,H,9.37682167,10.64143401,11.32026373,1,,-1.71592736244,3.83241081238,0.256967425346
151,29,O,10.0401319,12.48451106,13.37890324,-2,,-0.921056032181,0.617316961288,0.168681427836
151,30,H,13.2137524,15.46203218,10.63268522,1,,-0.583591878414,1.78924250603,0.0773887187243
151,31,H,15.00678311,14.7890462,10.71624804,1,,0.698239147663,-0.94379389286,-0.548812627792
151,32,O,10.94024956,11.45093518,10.12435451,-2,,-1.71320104599,2.10374379158,-4.1150188446
151,33,H,12.02470875,13.62497967,10.90760315,1,,-0.144185960293,0.991860151291,-1.32880425453
151,34,H,12,12,12,1,,-0.82402741909,-0.243478477001,0.699320495129
151,35,H,11.9850616,17.01206892,10.70756353,1,,0.53656566143,-3.51047062874,-0.293600440025
151,36,H,11.89798141,19.16804934,11.403611,1,,0.930882692337,-3.40374040604,-3.92828822136
152,0,H,11.18862171,8.68258283,10.29341743,1,,-1.55554246902,0.789974987507,1.06938886642
152,1,H,15.27107733,9.82872239,11.77478752,1,,-0.953636884689,-3.37346720695,-1.20169878006
152,2,H,12.25584261,9.26556693,11.51819975,1,,0.191867604852,0.0590732097626,2.90413951874
152,3,O,8.78691815,11.4459765,11.57736053,-2,,-4.29865932465,-2.80476379395,2.43391180038
152,4,O,12.55549428,9.77026733,12.3296033,-2,,-1.19842135906,-0.501578867435,1.08695101738
152,5,H,10.98102164,12.16341846,9.55155646,1,,-1.05282104015,0.347562074661,-0.272801548243
152,6,H,11.89835699,15.12202115,11.01458774,1,,-0.309367746115,3.60836434364,-0.710843503475
152,7,H,12.02256784,9.64204872,13.17567828,1,,0.932377874851,-0.51997178793,-2.49535322189
152,8,H,10.46994255,9.78988778,11.48555979,1,,1.22302544117,-4.14833879471,-2.21388983727
152,9,H,11.88863891,11.34043963,10.19903908,1,,2.17747735977,0.0630077123642,0.629274427891
152,10,O,14.78865985,9.18076217,11.08803845,-2,,-0.0869383811951,0.613428473473,-1.56259071827
152,11,O,10.56709214,8.76197991,11.07400769,-2,,-0.400167822838,2.59092521667,0.422826617956
152,12,H,8.33783744,10.88664005,13.87909382,1,,-1.45605587959,-1.55679965019,1.30332100391
152,13,H,12.41786354,12.65244117,13.48352084,1,,1.31357395649,-0.0220701545477,1.01888859272
152,14,O,7.82628296,10.00759538,13.81098951,-2,,1.04053175449,2.92416286469,0.372906088829
152,15,O,12.69672104,11.84752443,13.9659563,-2,,-3.02772855759,0.0246977210045,-0.422880351543
152,16,H,13.93059236,13.48361373,11.06208066,1,,1.48138964176,1.16418254375,-0.614185869694
152,17,O,14.23727297,14.43661617,11.12960359,-2,,-2.34821605682,-0.937059879303,1.16588199139
152,18,H,9.95458179,13.46246746,13.29692459,1,,-0.156441837549,-2.14997529984,0.317160785198
152,19,H,13.07039522,10.83068904,10.8689515,1,,1.68614768982,0.811297297478,1.09981358051
152,20,O,11.22336676,13.93906876,11.22772223,-2,,0.785470426083,-3.72645139694,1.93860185146
152,21,H,14.77577997,11.29249711,12.46755504,1,,-0.763697564602,0.518310129642,-0.140929505229
152,22,O,12.055278,18.40158431,10.38912231,-2,,0.903948903084,2.46806788445,4.42271947861
152,23,H,9.21609855,11.99098366,12.54734757,1,,3.73946475983,2.03872084618,1.16660416126
152,24,H,11.17128461,13.11927879,11.94762833,1,,-0.463842540979,2.75218677521,-2.32794380188
152,25,H,8.20833584,10.75174256,12.23702951,1,,0.740071117878,2.36900544167,-3.10211157799
152,26,O,12.32237295,15.92701503,10.44465483,-2,,0.62006932497,-1.38134562969,0.828025221825
152,27,H,11.75083648,11.46751489,13.83926225,1,,2.42807006836,0.519946575165,1.06997323036
152,28,O,15.39491918,10.64050836,12.78866573,-2,,1.26371908188,1.90254807472,1.0540356636
152,29,H,12.93178844,17.97177687,10.62990572,1,,-0.953254759312,1.4822974205,-0.575523614883
152,30,H,15.26887297,10.61066388,13.72569393,1,,-0.142001718283,-0.231708943844,0.596133589745
152,31,H,8.38151033,9.68521478,13.12717547,1,,0.650971412659,-2.02608251572,-0.560439407825
152,32,O,13.28325783,11.7723029,11.06101696,-2,,1.52177035809,-0.0457095205784,-1.52667272091
152,33,H,9.39117442,10.84452452,11.16960043,1,,0.811165750027,0.0633632540703,-1.06868886948
152,34,O,10.05528232,12.45600738,13.30045005,-2,,-2.30247473717,1.50503754616,-0.753375351429
152,35,H,13.34933198,15.31382831,10.5251364,1,,-1.28602147102,1.60628211498,0.587785184383
152,36,H,14.92859469,14.74348354,10.59514366,1,,1.75739884377,-0.612864911556,-1.1663132906
152,37,O,10.97318547,11.37125664,10.08467669,-2,,-2.04406189919,-0.129750177264,-1.30369520187
152,38,H,12.07937878,13.66281745,10.83417243,1,,-1.13283967972,-0.449070841074,-0.0518903881311
152,39,H,12,12,12,1,,-0.75127351284,-0.716583788395,0.087367027998
152,40,H,14.87127278,8.22360146,11.0877765,1,,0.637937426567,0.590213418007,0.635351955891
152,41,H,12.03197243,16.91611557,10.62601309,1,,0.104859918356,-3.21655035019,-0.383226037025
152,42,H,11.86472331,18.97739915,11.31429894,1,,0.672158002853,-2.26251268387,-3.75600814819
153,0,H,11.05587994,8.76906343,10.22003846,1,,-3.12600898743,0.246422186494,3.7389550209
153,1,H,15.0360871,9.79070028,11.71935779,1,,0.726737260818,-1.41248548031,0.972136378288
153,2,H,11.90976732,9.23938527,11.75091282,1,,-1.50339365005,-2.37592792511,-2.08297157288
153,3,O,8.63991431,11.43730317,11.58582699,-2,,-3.66833472252,-0.206811487675,0.963689684868
153,4,O,12.43023016,9.69856749,12.3332331,-2,,-1.13524913788,0.76821821928,6.87949895859
153,5,H,10.59622483,12.24505299,9.83366552,1,,0.941419243813,-1.70721912384,0.572915554047
153,6,H,11.73852369,15.15829215,10.84177001,1,,-2.43444347382,0.252840816975,1.59243154526
153,7,H,11.83065921,9.5239432,13.2263939,1,,2.71229028702,0.746524333954,-3.43456315994
153,8,H,10.30091511,9.72552533,11.50135527,1,,0.623026311398,-3.60001325607,-1.90189361572
153,9,H,11.94830673,11.29364228,10.24488973,1,,-4.23181629181,1.60477435589,-0.282967507839
153,10,O,14.62668466,9.17731529,11.09619148,-2,,-0.679807603359,-4.20994615555,-3.4891576767
153,11,O,10.41868647,8.72952796,11.13863637,-2,,1.47575068474,2.71938848495,-2.55826973915
153,12,H,12.39197318,12.58382127,13.41662984,1,,0.530346691608,-0.625210702419,1.12918508053
153,13,O,12.56319105,11.83531793,14.02394586,-2,,1.02018690109,1.3594070673,-0.0448267757893
153,14,H,13.85025577,13.58123208,11.03454797,1,,-0.754490673542,-4.86288261414,-1.06830334663
153,15,O,14.07401371,14.43300577,11.15408541,-2,,2.7543053627,7.17808151245,-2.54807424545
153,16,H,9.68870365,13.41938197,13.33107247,1,,0.171948939562,-1.12607634068,0.641735434532
153,17,H,13.07182494,10.82467135,10.84721046,1,,1.58477020264,0.0408064164221,1.27976775169
153,18,O,11.0916429,13.90332531,11.25173492,-2,,-0.120377153158,-2.6495552063,1.66935908794
153,19,H,14.43941766,11.37399973,12.42851995,1,,2.91185426712,-2.85486316681,1.87167060375
153,20,H,9.14928465,12.04634744,12.60559981,1,,3.3920507431,1.73076558113,2.33468937874
153,21,H,10.90089922,13.19796811,12.04620855,1,,0.454206615686,2.06800031662,-2.5236685276
153,22,H,8.13558227,10.83854288,12.18215545,1,,0.624764740467,-0.0904363393784,-1.45643615723
153,23,O,12.17731866,15.88877409,10.45777999,-2,,2.58123397827,1.68373906612,-2.63676810265
153,24,H,11.70638256,11.441986,14.0397123,1,,-0.878781557083,-0.266213625669,0.281789422035
153,25,O,15.26525106,10.63422347,12.85227758,-2,,-3.09995508194,4.44700908661,3.53512001038
153,26,H,15.099776,10.65318374,13.92219444,1,,0.405308932066,-0.01966461353,-4.45066642761
153,27,O,13.17477465,11.7518527,11.13324594,-2,,0.654853820801,0.244609475136,-1.14354801178
153,28,H,9.32446588,11.07447536,11.05986001,1,,1.15331673622,-0.89724111557,-0.903735995293
153,29,O,9.93460814,12.46126007,13.31723567,-2,,-2.46669697762,1.01200938225,-1.51686728001
153,30,H,13.29075906,15.25203056,10.57535323,1,,0.703622996807,-0.733611047268,1.68967878819
153,31,H,14.84444622,14.6875362,10.47964506,1,,-1.90938317776,-1.42018437386,2.17224264145
153,32,O,10.86142823,11.32352073,10.13659359,-2,,2.24874210358,0.889501690865,-0.791282653809
153,33,H,11.95758731,13.68577521,10.84194693,1,,-1.14753723145,-1.06703853607,0.756845593452
153,34,H,12,12,12,1,,-0.0378578305244,-0.95343452692,-0.59574508667
153,35,H,14.84346939,8.14783449,11.04312865,1,,-0.172924995422,4.1514339447,0.849892616272
153,36,H,11.91916176,16.7847559,10.63223234,1,,-0.303678303957,-0.0647186040878,0.498139947653
154,0,H,10.67994124,8.91375072,10.39115708,1,,-2.41776609421,-0.739076137543,3.0328605175
154,1,H,11.35958982,9.17516512,11.97720023,1,,2.90115571022,0.485682547092,0.0147736817598
154,2,O,12.15598804,9.68909241,12.46370466,-2,,-2.36984205246,-1.89438080788,-1.63522672653
154,3,H,10.10454688,12.31709163,10.25495974,1,,2.83561849594,-3.81749248505,-0.0823278278112
154,4,H,11.27474124,15.24306899,10.85671677,1,,-1.02128767967,0.657196342945,0.557445764542
154,5,H,11.59931292,9.54872843,13.20573252,1,,0.454637408257,0.413630247116,2.48948478699
154,6,H,10.00449297,9.57320636,11.52252869,1,,-2.25613212585,8.70697498322,1.83456325531
154,7,H,11.64474073,11.35656791,10.36838169,1,,-3.23380565643,1.2756947279,-0.368497014046
154,8,O,10.13091795,8.76582507,11.301224,-2,,3.13535404205,-8.04031467438,-5.91711950302
154,9,H,12.24031159,12.57215231,13.49523802,1,,-0.468829810619,-0.481011331081,1.03936171532
154,10,O,12.28870638,11.88733052,14.17937728,-2,,1.76702857018,0.868739962578,0.0818149447441
154,11,H,13.56945387,13.51206057,11.06654401,1,,0.318088203669,1.99135971069,0.577492535114
154,12,O,13.77305921,14.51245993,11.27339717,-2,,1.82152545452,-0.929624021053,-3.90105676651
154,13,H,9.27438181,13.4178,13.4959007,1,,0.427973866463,-0.0895769894123,1.04419398308
154,14,H,12.99054697,10.88041685,10.99389105,1,,0.0883650481701,0.0950107425451,1.21196126938
154,15,O,10.81281229,13.92094252,11.38114517,-2,,-1.86359667778,0.682147502899,-0.364582657814
154,16,H,14.16987995,11.30689801,12.61326355,1,,3.02684092522,-2.44021129608,1.93728554249
154,17,H,9.07353314,12.22541906,12.81989459,1,,-2.22801971436,-2.2856118679,-2.47056722641
154,18,H,10.49840524,13.44108528,12.14977277,1,,0.656582951546,-0.622247576714,0.281486779451
154,19,O,11.901685,15.90743137,10.56322329,-2,,0.49078810215,1.44677042961,-1.37004733086
154,20,H,11.47118453,11.45645344,14.35554778,1,,-1.01382613182,0.240861982107,-0.289676189423
154,21,O,14.97610396,10.70732581,13.02547753,-2,,-2.60483455658,2.26237678528,-0.803357005119
154,22,H,14.82078712,10.72120721,13.99026556,1,,-0.115721553564,0.0920655876398,-0.989513635635
154,23,O,12.91616776,11.79881992,11.31083862,-2,,-1.71342682838,2.01458716393,1.03733801842
154,24,O,9.66719516,12.52891354,13.43473059,-2,,1.19783210754,2.3867816925,1.59613704681
154,25,H,13.04592628,15.26259612,10.81333946,1,,1.08542346954,-1.23857021332,1.25838327408
154,26,H,14.57612778,14.62033649,10.53316631,1,,-2.12937021255,-0.226672515273,2.43311023712
154,27,O,10.60964536,11.33928949,10.28998891,-2,,-0.850680589676,2.52997517586,-0.254864692688
154,28,H,11.63342029,13.68600049,10.98358751,1,,0.912920773029,-1.31924951077,0.201670914888
154,29,H,12,12,12,1,,3.12032794952,-1.96162199974,-2.30555677414
154,30,H,11.6076007,16.7933027,10.76375302,1,,0.0466760024428,-0.0641942173243,0.123029962182
155,0,H,10.18616701,9.09307828,10.69802516,1,,0.914957225323,-0.475888907909,-2.19556188583
155,1,H,10.90230966,9.2278878,12.21930417,1,,3.48613071442,0.852503657341,0.0279069840908
155,2,O,7.98134255,11.65885625,11.84839417,-2,,-0.39740473032,-1.5339281559,0.707863926888
155,3,O,11.79997135,9.76807744,12.6459279,-2,,-1.50040614605,-2.06639051437,-3.83524370193
155,4,H,9.70380088,12.32097409,10.7104353,1,,3.46745872498,-1.8800855875,-1.28230214119
155,5,H,10.67438438,15.42438776,10.96859327,1,,3.17004776001,1.72279310226,-0.607531785965
155,6,H,11.27235636,9.7311091,13.37904911,1,,-0.919805288315,0.656717538834,4.35965585709
155,7,H,14.54490185,12.07088452,10.55514399,1,,-4.71528053284,0.51314675808,-0.982743144035
155,8,H,9.51090954,9.85696314,11.64701965,1,,-0.181024447083,-2.28459048271,0.0796454101801
155,9,H,11.13275025,11.55570165,10.52742743,1,,6.92282438278,1.66657626629,0.575481057167
155,10,O,9.77800978,8.8766089,11.50509371,-2,,-2.02557754517,2.47107696533,1.39302563667
155,11,O,12.17588713,13.56574194,8.69281279,-2,,-3.80031514168,-5.12328338623,0.145835325122
155,12,H,11.98466652,12.64904094,13.6671232,1,,-0.989500284195,0.298129558563,-0.248087882996
155,13,O,11.94700563,12.03267151,14.38569904,-2,,-0.668210864067,-1.68859362602,2.06673908234
155,14,H,13.18834727,13.58355749,11.18198414,1,,-0.079258069396,2.67769908905,1.15527069569
155,15,O,13.40697485,14.68294138,11.4341684,-2,,1.77239918709,-3.62326312065,-1.72521042824
155,16,H,12.83532594,11.01255118,11.25128743,1,,-0.763399839401,1.80456542969,1.52762567997
155,17,O,10.45302484,14.03282519,11.55921483,-2,,-2.11313438416,0.763176679611,-0.990635752678
155,18,O,15.36452141,11.96045335,10.89070363,-2,,5.78097629547,0.617825508118,-2.52171373367
155,19,H,13.93918331,11.23756704,12.92802739,1,,-9.16121768951,4.98287582397,-4.53809738159
155,20,H,10.03529035,13.74791185,12.35555645,1,,0.455111205578,-0.770324349403,0.7616096735
155,21,H,7.44538453,10.85394853,12.32296426,1,,2.61493968964,2.5573220253,-2.43127822876
155,22,O,11.55782528,16.01582268,10.7153912,-2,,-5.29432964325,2.84406042099,0.583160161972
155,23,H,11.10382581,11.57431095,14.70274099,1,,1.68202638626,1.86591184139,-1.58390402794
155,24,O,14.60580943,10.88335642,13.24744323,-2,,10.0758876801,-4.7641043663,-0.257076621056
155,25,H,11.22377639,13.25826361,8.33203219,1,,2.85075998306,2.02892351151,0.601311385632
155,26,H,14.46876298,10.84543844,14.11942829,1,,-0.712910056114,-0.393755733967,5.33479881287
155,27,H,15.8501394,12.21693129,9.99657227,1,,-0.82234287262,-0.922821760178,3.11446142197
155,28,O,12.58308073,11.94619935,11.54218487,-2,,14.5171089172,-2.2975153923,-12.6713962555
155,29,H,8.76614232,11.54764564,11.19790593,1,,-3.26278471947,-1.71140038967,2.40180063248
155,30,H,12.67779502,15.36962627,11.14544218,1,,0.721529006958,-0.739426612854,-0.00715087354183
155,31,H,14.15514815,14.64671643,10.74690465,1,,-0.970646500587,1.04295086861,1.22864842415
155,32,H,12.25467243,12.59483809,9.08131774,1,,0.938669264317,3.03567314148,-0.772730350494
155,33,O,10.27742076,11.45589423,10.49673003,-2,,-10.1296806335,0.881385684013,-0.624144256115
155,34,H,11.257608,13.68956793,11.19377632,1,,0.903500914574,-0.782498121262,0.648283421993
155,35,H,12,12,12,1,,-13.1841583252,0.432701051235,11.2706661224
155,36,H,11.21237404,16.96762368,10.94624881,1,,1.41706359386,-2.65814495087,-0.708980202675
156,0,H,10.37894653,9.26520151,10.37908142,1,,0.364344358444,-0.672230482101,-0.638945102692
156,1,H,11.26544218,9.36801981,11.94458859,1,,0.904797673225,0.16963738203,-0.282732725143
156,2,O,8.21897682,11.84952509,11.5164988,-2,,-9.26968002319,-1.65810453892,7.45902824402
156,3,O,12.0365338,9.87382202,12.33950461,-2,,-2.75592303276,-0.151449769735,4.31369972229
156,4,H,10.07741842,12.28345888,10.61164991,1,,-0.72527307272,3.93674850464,1.11258804798
156,5,H,10.84500238,15.71550108,10.57275834,1,,3.45189380646,0.246106445789,-0.371649593115
156,6,H,11.50149266,9.9967508,13.27250803,1,,2.82923555374,-0.154422879219,-3.23432779312
156,7,H,9.57812354,10.14060444,11.28831974,1,,1.68115520477,-4.48940515518,0.366727799177
156,8,H,11.48577303,11.83744714,10.21638234,1,,-1.23767232895,-0.290548861027,0.227657526731
156,9,O,10.02057418,9.02148191,11.2329379,-2,,-2.89176893234,4.22431612015,-0.402287483215
156,10,H,12.26365185,12.78395572,13.35622484,1,,-1.19286775589,0.226487621665,0.610154986382
156,11,O,12.20694544,12.20186549,14.11504504,-2,,1.46776342392,-0.947945594788,1.16871416569
156,12,H,13.37539766,13.82548708,10.89649849,1,,0.00429567694664,2.89828300476,1.50980257988
156,13,O,13.64795625,14.86766438,11.10832936,-2,,-2.2437953949,-4.30865192413,1.65754401684
156,14,H,8.98868249,13.63614173,13.58996229,1,,0.851561546326,-1.23601770401,0.111191853881
156,15,H,13.22874013,11.21354853,11.06914805,1,,-0.638513803482,0.834253489971,0.330486655235
156,16,O,10.68666731,14.17890782,11.24851947,-2,,-1.70012068748,-0.284191459417,0.852397799492
156,17,H,13.94576937,11.41202859,12.60769045,1,,3.06060862541,-1.02732467651,1.9917883873
156,18,H,9.00933034,12.43224887,12.4404158,1,,1.20986878872,1.18995594978,3.48199892044
156,19,H,10.20151094,14.01484031,12.16956037,1,,2.20561885834,-0.744483470917,-1.92688322067
156,20,H,7.69894507,10.87332798,11.9037523,1,,2.25575017929,3.47680354118,-1.65713644028
156,21,O,11.80123004,16.15543034,10.38706307,-2,,-5.47788667679,3.33323431015,0.138408482075
156,22,H,11.39813143,11.82071709,14.48715427,1,,-0.102157264948,1.31527638435,-1.16142559052
156,23,O,14.85938755,11.08173505,12.98359147,-2,,-2.81793308258,0.457799077034,2.32920575142
156,24,H,14.68507383,10.95395246,14.0195769,1,,0.328303188086,0.551395475864,-3.82266139984
156,25,O,12.89312609,12.12418044,11.25873976,-2,,-2.54182529449,-0.277171730995,1.51419067383
156,26,H,8.84145318,11.73060919,10.96276204,1,,5.70561265945,-2.2320561409,-6.60581636429
156,27,O,9.61141581,12.90563448,13.32745748,-2,,-2.72306156158,0.469877541065,-2.26073050499
156,28,H,12.83196767,15.54437976,10.96004174,1,,1.21889674664,-1.03305506706,-0.447657704353
156,29,H,14.32621498,14.78952258,10.50642135,1,,2.60187673569,1.43259382248,-2.1530277729
156,30,O,10.51755765,11.60444028,10.22324171,-2,,2.33304786682,-3.39898061752,-2.38358783722
156,31,H,11.48445,13.68108552,10.95395383,1,,-0.931920945644,0.596123337746,1.34383714199
156,32,H,12,12,12,1,,3.3267827034,-0.639241755009,-2.59435510635
156,33,H,11.50040067,17.10587958,10.59797483,1,,1.44898593426,-1.81361031532,-0.576198935509
157,0,H,11.61357479,9.54645853,11.66725001,1,,-4.262403965,-3.33347940445,-2.8173148632
157,1,O,8.36302246,12.07870296,11.26121237,-2,,-0.295600265265,-4.574259758,-1.81205415726
157,2,O,12.19457526,10.03097226,12.10528776,-2,,2.80383825302,3.62156105042,6.53746604919
157,3,H,10.3659022,12.46901314,10.61046639,1,,0.724751591682,0.189075931907,-0.436142206192
157,4,H,11.11419758,16.06143812,10.21652207,1,,-3.56780433655,-2.66050720215,0.629808247089
157,5,H,11.79137247,10.3111669,13.05486532,1,,1.57626581192,-1.4506868124,-3.64611721039
157,6,H,11.74914084,12.12911321,9.96855089,1,,-3.37523508072,-1.62828755379,0.428244590759
157,7,H,12.40862346,12.99305838,13.11883798,1,,-0.924971938133,-0.330062150955,1.21398091316
157,8,O,12.40265659,12.41326816,13.90081787,-2,,3.43518209457,0.375779688358,-0.202859669924
157,9,H,13.46760344,14.22977532,10.75260086,1,,-0.619267940521,-2.35838937759,0.0213445499539
157,10,O,13.81418334,15.08226124,10.84318782,-2,,1.80283379555,1.87375843525,0.00759848952293
157,11,H,9.14933076,13.73366691,13.45835516,1,,-0.4017380476,0.117534533143,0.348823189735
157,12,H,13.49406466,11.46507337,10.93947639,1,,-0.102688789368,0.0745019465685,-0.48045372963
157,13,O,10.84281826,14.36965762,10.99478777,-2,,-1.28695178032,-0.445079684258,1.87016272545
157,14,H,13.94782737,11.64151137,12.40723156,1,,4.55583333969,-0.965372562408,2.22155761719
157,15,H,9.19756954,12.59262373,12.16872822,1,,2.03527450562,2.55027294159,4.79350471497
157,16,H,10.40832772,14.27958334,11.96713519,1,,1.73523390293,-0.701465725899,-2.45381712914
157,17,H,7.9915569,11.10114046,11.44741165,1,,1.09044289589,3.40682697296,-0.262565016747
157,18,O,11.96119648,16.34350912,10.11458136,-2,,2.34737968445,2.80155229568,-1.25442945957
157,19,H,11.59462118,12.18046485,14.28022209,1,,-2.26450753212,0.487058490515,0.168396532536
157,20,O,15.03675877,11.32620285,12.77950449,-2,,-4.99063587189,0.130032837391,3.00867080688
157,21,H,14.83504129,11.10123435,13.84024656,1,,0.750795543194,1.09296298027,-4.82151222229
157,22,O,13.13140772,12.35067666,11.03158615,-2,,0.451782286167,0.312469750643,-0.62902712822
157,23,H,9.03509938,11.841772,10.51932083,1,,-1.83633780479,0.388253629208,1.01082634926
157,24,O,9.81094357,13.15808421,13.08749518,-2,,-2.13421583176,-2.14556217194,-3.51263952255
157,25,H,12.86188935,15.79818437,10.74761239,1,,1.36482930183,-0.860544264317,-0.831135869026
157,26,H,14.57725725,15.08600412,10.19652449,1,,-1.25654387474,0.44162902236,0.944901287556
157,27,O,10.69031092,11.78891542,10.00077307,-2,,3.3098654747,1.06225323677,-0.369878619909
157,28,H,11.5694765,13.7399583,10.83279427,1,,-0.513986885548,0.728977143764,1.00221848488
157,29,H,12,12,12,1,,-0.948600172997,0.286984890699,-0.816556811333
157,30,H,11.81201611,17.26257672,10.27073806,1,,0.797183454037,1.51221072674,0.138998031616
158,0,H,14.4706227,10.45630737,11.33150118,1,,-0.811603307724,-1.09870374203,-0.598956942558
158,1,H,11.67757505,9.62905512,11.39718789,1,,0.999582648277,1.97829556465,2.52975201607
158,2,O,12.24171031,10.23459112,11.99623694,-2,,1.74472677708,-4.9182009697,-7.19734382629
158,3,H,10.54280832,12.72135217,10.69437573,1,,-0.0106354653835,-3.04935455322,-3.7029747963
158,4,H,12.01997912,10.59156466,12.76148607,1,,-2.89803647995,1.50708699226,5.32720947266
158,5,H,11.71313408,12.33174048,9.83946566,1,,-1.37431550026,-1.29203093052,-0.347130894661
158,6,O,14.29121732,9.93701676,10.51162181,-2,,2.04398560524,0.984439492226,0.851954936981
158,7,H,12.39312651,13.24295324,13.01931922,1,,0.0184917747974,-0.184950515628,0.609549164772
158,8,O,15.70761575,9.14899363,12.79283285,-2,,4.68531131744,5.82165336609,2.03715705872
158,9,O,12.48646203,12.65206347,13.78635823,-2,,-1.70209479332,0.179053485394,1.31396436691
158,10,H,9.17427498,13.84785071,13.42750718,1,,-0.17565920949,0.179090753198,0.227192550898
158,11,H,13.58759851,11.71833066,10.87061145,1,,-0.401019692421,-0.342592835426,-1.06770467758
158,12,O,10.8714236,14.58667298,10.85032506,-2,,0.505614340305,-0.0274762958288,-0.121406599879
158,13,H,14.11164057,11.84194898,12.44300117,1,,1.97993850708,0.395450413227,0.37383005023
158,14,H,9.31256508,12.86428633,12.17635163,1,,2.42754817009,2.26034641266,3.20143890381
158,15,H,10.59128912,14.53246413,11.76257212,1,,-0.313640862703,0.444641321898,0.30484777689
158,16,H,15.51330991,10.23271196,13.04775076,1,,0.826100707054,-5.79207229614,-2.03408741951
158,17,H,11.55718713,12.59888063,14.18863516,1,,2.10815024376,0.297972202301,-1.11059892178
158,18,O,15.07307729,11.6000509,12.68476213,-2,,-2.05367803574,2.05094885826,-1.78231823444
158,19,H,14.9762427,8.66346115,12.68112872,1,,-4.51533222198,-2.23549628258,-0.51419711113
158,20,H,14.8715095,11.31282917,13.5392553,1,,-0.60311794281,0.310704529285,2.87126016617
158,21,O,13.24182945,12.60919609,10.91309259,-2,,0.375702947378,0.913300931454,-0.0339668393135
158,22,O,9.88725675,13.43056959,12.94238295,-2,,-2.86065387726,-2.77150464058,-2.64104294777
158,23,O,10.75401501,12.00312831,9.88380455,-2,,0.671138346195,3.28227472305,3.13517379761
158,24,H,11.4995542,13.85349984,10.8607301,1,,0.786066055298,0.76149636507,-0.322294026613
158,25,H,12,12,12,1,,-0.784353494644,0.896205723286,-0.431436300278
158,26,H,15.24940308,9.73014646,10.47476157,1,,-0.668215572834,-0.550578057766,-0.877871453762
159,0,H,14.20513666,10.70143143,11.3094483,1,,0.137165948749,-2.44913697243,-2.31847429276
159,1,H,11.63744461,9.84260651,11.34039361,1,,1.16399145126,2.69232058525,3.23706483841
159,2,O,12.18865187,10.48531018,11.9590803,-2,,0.392275214195,-3.94533872604,-2.57768058777
159,3,H,10.61806973,12.84431865,10.68876251,1,,-1.03100097179,-1.59502649307,-1.85871088505
159,4,H,12.02088447,10.95775008,12.78327453,1,,-1.45237827301,-1.94550848007,0.684500575066
159,5,H,11.55633801,12.4965662,9.77780729,1,,5.46773052216,0.738053381443,-1.52876448631
159,6,O,14.21650433,10.20119626,10.41115943,-2,,-1.78305232525,1.9419041872,2.44261431694
159,7,H,12.27672266,13.54973142,13.02085893,1,,0.998271167278,-0.414474874735,0.0627845972776
159,8,O,15.63886913,9.47352342,12.69837902,-2,,-1.50181341171,-0.536443650723,1.19742703438
159,9,O,12.45332992,12.93284537,13.75870589,-2,,-3.89726853371,1.44642138481,1.5292993784
159,10,H,9.08504211,13.99869499,13.47683361,1,,1.88266921043,0.196544378996,-0.493278592825
159,11,H,13.51700434,12.00003161,10.84227986,1,,-0.277607411146,0.0717110037804,-1.0130045414
159,12,O,10.7886794,14.8448079,10.79193763,-2,,1.77769684792,-1.54351222515,-0.0948513448238
159,13,H,14.18973466,12.13441932,12.56397405,1,,-8.80176353455,3.90203952789,-2.32357358932
159,14,H,9.3561474,13.23443161,12.37251119,1,,-2.96685647964,-4.13678264618,-4.64047527313
159,15,H,10.6440354,14.84564843,11.71938823,1,,-1.17851424217,1.36682665348,1.32705807686
159,16,H,15.49388305,10.41312672,13.09191716,1,,0.317790538073,-3.94378185272,-1.63075852394
159,17,H,11.48350028,13.08707542,14.15582754,1,,3.21502709389,-0.952804803848,-0.723473787308
159,18,O,14.99649296,11.91878894,12.67006492,-2,,7.96250343323,-1.05366969109,0.836453914642
159,19,H,14.80952958,8.85316352,12.69099898,1,,2.23030734062,2.4439432621,0.24355854094
159,20,H,14.75725038,11.52832026,13.47785899,1,,0.240875050426,-0.430172502995,2.57789993286
159,21,O,13.23508555,12.91487321,10.88708341,-2,,-0.0755893588066,0.527351677418,-0.0321485549212
159,22,O,9.85134178,13.73940231,12.88103577,-2,,0.495916426182,3.62866020203,5.99758052826
159,23,O,10.70726019,12.27095355,9.86904919,-2,,-5.16745662689,-0.424157381058,2.34058785439
159,24,H,11.3529469,14.03557224,10.95353959,1,,0.371971786022,1.70626235008,-1.55148994923
159,25,H,12,12,12,1,,-0.54254168272,2.96095204353,-1.09354734421
159,26,H,15.13284466,10.22680059,10.27917559,1,,2.02165007591,-0.25218129158,-0.596597790718
160,0,O,12.79438501,8.75237069,14.39020721,-2,,-4.40405082703,-5.31206655502,-2.03370690346
160,1,O,11.61372155,12.0971978,10.84928877,-2,,-1.09880757332,-1.8234487772,2.97976303101
160,2,H,10.47724316,11.93628532,14.39054805,1,,0.0135498642921,-0.213793873787,0.549440085888
160,3,H,13.13051722,13.80031898,11.0119119,1,,4.36474657059,-2.87040233612,-0.0367120355368
160,4,O,11.68094735,13.52546709,13.24371423,-2,,-1.47923064232,1.6821410656,4.59522724152
160,5,H,10.07385133,14.2315753,11.78607151,1,,-4.11936950684,-0.675472140312,1.93344497681
160,6,H,13.7342284,11.82061736,14.27659015,1,,-2.10913348198,-2.39109349251,0.985993266106
160,7,H,12.94980005,9.62789557,14.64503664,1,,-0.515299379826,2.48116636276,-1.23285019398
160,8,O,13.08157115,9.77544962,11.7566903,-2,,2.30692839622,0.199531912804,0.8211145401
160,9,H,13.88702159,9.87053276,11.21135504,1,,-0.719610512257,0.066070869565,0.384412527084
160,10,O,14.78450796,7.92411116,15.73431123,-2,,-1.04070353508,1.13962566853,-5.70578575134
160,11,O,6.83819912,14.18574108,13.41791699,-2,,-1.77742028236,-0.131866037846,0.731528759003
160,12,H,13.80538954,12.34477348,11.15763067,1,,-2.31638836861,-7.01086330414,1.53712904453
160,13,H,8.70383575,13.3292078,11.8312987,1,,0.0985586643219,-0.241972997785,-0.634709477425
160,14,H,13.29869951,9.78258428,15.84700991,1,,2.71733641624,1.67826342583,5.43937826157
160,15,H,11.63828072,13.18643774,14.20014865,1,,0.930691421032,-0.702118635178,-2.20160794258
160,16,H,11.22311072,14.34758267,13.62221753,1,,0.303601115942,-0.818324446678,-1.88746464252
160,17,O,10.70149117,9.66079065,12.33492195,-2,,1.56603050232,2.68087053299,2.31807780266
160,18,H,9.42634699,12.42304601,13.38468658,1,,1.51018941402,-2.4296913147,1.05505812168
160,19,H,11.36951613,10.49997355,12.52902612,1,,-2.67856216431,-3.68166184425,-0.533893227577
160,20,H,10.72441413,9.54951792,11.41430906,1,,-0.205245226622,-0.508914649487,-1.77916574478
160,21,H,12.84325717,14.5954397,12.99964417,1,,0.525871455669,0.228478044271,0.0724369734526
160,22,O,14.03434491,10.07078764,16.6898505,-2,,-1.34387159348,-3.36987066269,-5.07412242889
160,23,H,13.65446076,8.16218054,15.2058109,1,,4.12176704407,-2.01761293411,1.39986658096
160,24,H,13.23092034,11.90219234,9.18107936,1,,-0.0909804701805,-3.78754138947,1.20922923088
160,25,H,14.64829783,9.25325217,16.23213431,1,,-1.16604089737,2.25356149673,2.63539791107
160,26,O,14.04164907,13.14354683,10.95665024,-2,,-1.23405218124,10.0887107849,-1.60699951649
160,27,H,15.36127912,8.07834889,14.82732202,1,,-2.18046522141,-0.914695262909,3.57314538956
160,28,H,12.68160529,10.21890383,9.44477599,1,,0.839215040207,2.08687973022,-0.578146278858
160,29,O,13.34871627,10.93539305,9.61402487,-2,,0.199706375599,1.48255348206,-2.46350860596
160,30,H,12.46358944,9.34293637,11.1978449,1,,-0.289653003216,-0.811571598053,-0.345825910568
160,31,H,13.29200404,16.14121842,12.960499,1,,0.039492495358,-1.81134235859,-0.771691679955
160,32,H,12.50704237,11.60886095,15.41569174,1,,2.50737905502,-2.14335846901,-3.14479017258
160,33,O,9.93907441,11.5755226,13.6975086,-2,,-2.15226411819,2.49811983109,-0.806769371033
160,34,H,10.98430918,11.32288191,10.68875872,1,,1.12887251377,1.80030620098,0.30985891819
160,35,H,11.75532785,8.46860078,13.9382707,1,,4.06497192383,1.70291888714,1.85368812084
160,36,H,11.22074396,13.06947821,10.14669583,1,,-0.252405792475,0.303176641464,-0.0755401849747
160,37,O,9.07373018,14.08684651,12.28635478,-2,,4.77938175201,0.483149766922,-2.46673226357
160,38,H,6.4384955,14.03967255,14.36089522,1,,2.6367020607,0.266055613756,-2.84635400772
160,39,H,7.74083543,14.1882622,12.96211856,1,,-1.90768432617,0.332052767277,2.99460315704
160,40,O,13.00257403,11.11455098,14.53411951,-2,,-0.64894849062,6.89806652069,1.52209019661
160,41,O,13.34671253,15.25152205,12.5105747,-2,,0.291243642569,2.54701113701,0.346564143896
160,42,H,12,12,12,1,,-1.21604716778,0.768973886967,-3.02107262611
161,0,O,12.67679637,8.7135789,14.38452417,-2,,-1.68019545078,-1.41916871071,-0.133839473128
161,1,O,11.49757164,12.01894368,10.86324277,-2,,2.0465054512,3.51413345337,2.66146159172
161,2,H,10.34239782,11.79965857,14.49049335,1,,-1.28141474724,-1.06217193604,-1.24999320507
161,3,H,13.18832293,13.64823962,11.0429651,1,,-1.69910502434,1.65789592266,0.0935993716121
161,4,O,11.54355306,13.43544655,13.32315456,-2,,0.355483919382,-1.78776800632,5.09282684326
161,5,H,9.95728797,14.14533238,11.80107052,1,,-4.57417345047,-0.63329488039,2.27794885635
161,6,H,13.45707366,11.77118514,14.39640928,1,,1.46714305878,0.456187188625,-0.704702198505
161,7,H,12.68041154,9.64866721,14.70034449,1,,-0.135085508227,-1.03619146347,-1.73854899406
161,8,O,12.9133496,9.67851457,11.82278738,-2,,7.14046096802,0.430787265301,0.886459589005
161,9,H,13.97081069,9.63731956,11.39104368,1,,-4.87226343155,0.2165569067,1.54122495651
161,10,O,14.62528959,7.84910076,15.8071331,-2,,0.876071989536,0.253255933523,-2.56002950668
161,11,H,13.53019813,12.16066075,11.22611946,1,,0.84888458252,1.3424448967,-0.567911505699
161,12,H,8.58925158,13.15005724,11.92868457,1,,0.284499496222,1.43305373192,0.383400917053
161,13,H,12.90209472,9.72123592,16.07488053,1,,3.54782176018,0.724781870842,3.95032167435
161,14,H,11.60624588,12.97503151,14.35753818,1,,0.78267210722,0.846782684326,-4.22801733017
161,15,H,10.95685193,14.06500335,13.73624845,1,,-0.850313484669,1.30161368847,-0.83970785141
161,16,O,10.59640736,9.56323917,12.37499258,-2,,-0.968781590462,-0.464411973953,0.574963569641
161,17,H,9.46515464,12.25016437,13.40253249,1,,-1.39065158367,3.16715431213,-1.23387479782
161,18,H,11.14246191,10.3191254,12.63328128,1,,-0.345874845982,-0.547470152378,-0.0360130481422
161,19,H,10.59998685,9.52817331,11.43245941,1,,-0.21220253408,-0.231054842472,-0.656327724457
161,20,H,12.80155776,14.42339021,12.86541764,1,,-0.282853752375,0.976393640041,1.07801711559
161,21,O,13.88960678,10.00546742,16.75993382,-2,,-1.59566783905,-3.28104448318,-4.3858833313
161,22,H,13.79546532,8.02456877,15.28755436,1,,-0.464251756668,-0.997133135796,0.563117921352
161,23,H,12.96814996,11.73411722,9.40383276,1,,-0.3913230896,-0.705374598503,-0.311892569065
161,24,H,14.48398333,9.15645864,16.23341592,1,,-2.25910663605,3.36920976639,3.39076137543
161,25,O,13.89382907,13.06299039,11.0454094,-2,,1.83433437347,-2.88766050339,0.519956827164
161,26,H,15.18180447,8.1366711,15.04464223,1,,0.351588785648,-0.892897486687,0.883713245392
161,27,H,12.5411775,10.12939648,9.57116869,1,,0.981746256351,2.08525681496,-0.512660861015
161,28,O,13.22376669,10.84534311,9.66422181,-2,,0.483223974705,-1.65562796593,-1.34303498268
161,29,H,12.33527225,9.40600863,11.16585386,1,,-0.844738602638,-1.05625557899,-1.73107671738
161,30,H,13.14196808,16.10865383,12.88797178,1,,-0.638118982315,-0.477110296488,0.842111885548
161,31,H,12.41700471,11.55692456,15.46391211,1,,1.87307834625,-2.43065023422,-2.75921821594
161,32,O,9.80034005,11.47311439,13.72030532,-2,,1.90647637844,-2.14074707031,3.18711805344
161,33,H,10.85135677,11.41539684,10.66163432,1,,-2.5617609024,-2.9316534996,-0.290226876736
161,34,H,11.8374503,8.4545079,13.9041484,1,,1.58644747734,0.828569233418,0.876981854439
161,35,H,11.02366729,13.039827,10.2728386,1,,0.186609268188,0.114148795605,0.260332256556
161,36,O,8.89468648,13.99939022,12.34805963,-2,,4.06876659393,-0.771070361137,-2.79633188248
161,37,O,12.86371353,11.06315281,14.57428832,-2,,-3.38756561279,4.27298641205,3.19916963577
161,38,O,13.19917267,15.2292618,12.52978915,-2,,1.24690008163,0.271626502275,-1.99432885647
161,39,H,12,12,12,1,,-1.43326807022,0.145917832851,-2.18986678123
162,0,O,11.52267346,11.95566385,11.09225896,-2,,-3.28805065155,1.43297278881,-1.02090251446
162,1,H,10.29266919,11.62762806,14.72834804,1,,-0.0745443925261,-0.0986687466502,0.609613001347
162,2,H,13.259279,13.61217575,11.27676677,1,,-2.48964309692,2.62858438492,-0.295167565346
162,3,O,11.54866303,13.33367444,13.62775839,-2,,-1.92921972275,-0.0275346636772,3.91238975525
162,4,O,12.90621104,9.58112268,12.09910188,-2,,1.20043230057,-1.24612379074,-2.38171601295
162,5,H,13.88549766,9.40796733,11.86981372,1,,-2.59838819504,0.489585876465,0.00198435783386
162,6,H,13.42121074,11.95753006,11.48574268,1,,2.77884626389,4.08066177368,-0.947398841381
162,7,H,11.73373156,12.81711936,14.48431948,1,,0.392574667931,0.939311027527,-2.19667601585
162,8,H,10.75460082,13.84572426,14.02937845,1,,2.04378318787,-0.667975187302,-1.5921254158
162,9,O,10.62683312,9.46225861,12.62712288,-2,,-4.75251483917,-6.3075466156,-4.94471359253
162,10,H,9.60719267,12.20885393,13.51839926,1,,0.0638747140765,-0.86995613575,0.303466141224
162,11,H,11.04841556,10.14324054,12.9650997,1,,3.07979273796,5.03734302521,2.07500624657
162,12,H,10.61871596,9.49154674,11.62145835,1,,-0.0827270150185,0.0109469592571,2.56023812294
162,13,H,12.8492517,14.27398506,12.99278976,1,,0.296471297741,3.39242863655,0.694199621677
162,14,H,12.84209766,11.56240044,9.81145846,1,,-1.05698299408,2.14567255974,-0.82565176487
162,15,O,13.89182179,12.97259496,11.34312136,-2,,1.48035478592,-6.5863237381,1.27541649342
162,16,H,12.55740377,10.08007858,9.87732068,1,,0.025157019496,0.368813872337,-0.686586976051
162,17,O,13.23924471,10.74724109,9.91704366,-2,,2.31480169296,-2.74861097336,-1.075776577
162,18,H,12.3038645,9.38418187,11.2448773,1,,3.08448982239,0.196541577578,3.73347711563
162,19,H,13.05499264,16.06639998,13.07413292,1,,-1.01272284985,0.238751545548,1.2978502512
162,20,O,9.80437766,11.36149038,13.95939875,-2,,-0.836600065231,0.925220549107,-0.22232888639
162,21,H,10.72960442,11.35320452,10.8526984,1,,1.57853972912,0.312329083681,1.66750526428
162,22,H,11.0104277,12.96694857,10.7552488,1,,1.04567158222,-0.685033977032,0.989921450615
162,23,O,13.19525032,15.20116428,12.74506116,-2,,0.994083166122,-2.84487009048,-1.98185360432
162,24,H,12,12,12,1,,-2.25747919083,-0.116519480944,-0.95017015934
163,0,O,11.59820914,11.92099329,11.27508655,-2,,-9.51572990417,1.77585494518,-8.47830200195
163,1,H,10.31822479,11.49144623,14.93533279,1,,0.663036286831,0.647802948952,1.91013741493
163,2,H,13.23231076,13.73472146,11.45831529,1,,3.28967523575,-3.90524125099,0.695315718651
163,3,O,11.6152747,13.24998571,13.90032717,-2,,-5.45987796783,5.61163330078,-2.83778905869
163,4,H,11.53700362,14.55850825,10.68810006,1,,4.42373657227,0.972143054008,-1.10842359066
163,5,O,12.96124775,9.50211934,12.32829402,-2,,-7.03601646423,2.44606661797,-0.476094722748
163,6,H,13.75461603,9.1825305,12.30726061,1,,7.25851821899,-2.8107419014,-0.800691604614
163,7,H,13.53852404,12.00134186,11.65707506,1,,0.771410226822,0.67183637619,-0.258458971977
163,8,H,11.94987976,12.68512707,14.48342821,1,,1.93446731567,-3.56616973877,4.03655385971
163,9,H,10.67139818,13.6436194,14.2453519,1,,4.22047758102,-1.45015120506,-1.06477344036
163,10,O,10.70899132,9.36750946,12.83034036,-2,,-0.328465640545,1.33209657669,2.18195772171
163,11,H,9.80256026,12.17850105,13.59610953,1,,0.189640656114,-3.59261369705,2.13925027847
163,12,H,11.137571,10.19175385,13.33778822,1,,-1.73762881756,-3.1161570549,-2.63563680649
163,13,O,10.66337931,14.52836332,10.85260274,-2,,-4.16964435577,-1.34022784233,1.25480031967
163,14,H,10.70675717,9.46850725,11.88645414,1,,0.148846894503,0.306282073259,-0.0539898723364
163,15,H,12.9312192,14.27753016,13.12026443,1,,-0.411294311285,1.87927210331,1.02526926994
163,16,H,12.76880354,11.52200628,10.13324008,1,,1.65268564224,-2.28770756721,-0.568888485432
163,17,O,13.95719415,12.87779113,11.60589401,-2,,-2.3417365551,3.52302956581,-0.118199728429
163,18,H,12.6253632,10.00923258,10.10639524,1,,0.148850262165,-0.00707489997149,-0.820544600487
163,19,O,13.32376139,10.66158494,10.12625438,-2,,-0.605972409248,1.89133310318,-1.48423171043
163,20,H,12.48990849,9.36388837,11.45221484,1,,1.76263070107,-0.220443546772,2.73708820343
163,21,H,12.94558016,16.06300583,13.30288417,1,,0.0862607359886,-3.11061239243,-0.476266682148
163,22,O,9.87035178,11.26853827,14.15792767,-2,,-1.79140424728,2.97907733917,-3.24088048935
163,23,H,10.68189582,11.2642766,11.07110768,1,,2.3209798336,1.38407468796,1.25302577019
163,24,H,11.11067564,12.90081732,11.26669,1,,0.681757628918,-1.35816454887,-0.648613810539
163,25,O,13.25955764,15.17999649,12.91034318,-2,,0.438057154417,1.74907815456,-0.583381354809
163,26,H,12,12,12,1,,3.40673971176,-0.40427583456,8.42176818848
164,0,O,11.48131591,11.92274698,11.01524494,-2,,-2.94356322289,1.66026008129,4.14312839508
164,1,H,10.21896476,11.44812507,14.7794241,1,,-1.04257750511,-0.285133570433,-1.19040822983
164,2,H,13.20634274,13.68392561,11.24883447,1,,2.73952078819,-3.73178195953,0.731470346451
164,3,O,11.50843348,13.21020765,13.74287119,-2,,2.35127949715,-1.65606343746,0.590719461441
164,4,H,11.6538828,14.48639036,10.41132298,1,,-4.21395587921,0.850764095783,1.22165417671
164,5,O,12.81371901,15.53413058,9.35205199,-2,,-3.25329637527,-5.39533996582,-2.89457154274
164,6,H,13.25168389,14.74998992,8.87020766,1,,0.539461016655,2.09410762787,1.15624594688
164,7,H,11.85757426,15.01915119,9.06458559,1,,2.72659683228,3.22104287148,1.25325775146
164,8,O,12.83612135,9.46290977,12.13882108,-2,,6.78339195251,-1.44548380375,7.28966617584
164,9,H,13.71541578,8.88181125,12.27401374,1,,-3.16838216782,2.30408763885,-0.701646089554
164,10,H,13.51256663,12.04097116,11.38531092,1,,-2.53984689713,-6.13090848923,-1.00325608253
164,11,H,12.06614033,12.43727548,14.21632365,1,,-2.70768594742,2.86231374741,-1.17002534866
164,12,H,10.59941032,13.42560518,14.02900818,1,,1.12649989128,-0.499620437622,0.59026581049
164,13,O,10.62782325,9.31208816,12.6238584,-2,,-0.801798641682,1.05536150932,4.12365055084
164,14,H,9.84606088,12.00774132,13.37908719,1,,-0.155510514975,-0.49091526866,0.179347962141
164,15,H,10.97506769,10.14294713,13.18019558,1,,-1.50973415375,-3.20086574554,-2.67599105835
164,16,O,10.56782808,14.50955035,10.62456898,-2,,4.24433422089,-0.929363012314,-0.500557780266
164,17,H,10.6500038,9.48611988,11.72461379,1,,0.272087067366,0.564224779606,-1.98586654663
164,18,H,12.79594145,14.37702704,12.89098701,1,,-1.10230875015,-1.38160705566,1.21340203285
164,19,H,12.65652667,11.42107585,9.99914129,1,,1.2018635273,-1.42933797836,-0.630921602249
164,20,O,13.85261367,12.8313071,11.44962158,-2,,1.36921799183,10.2175598145,0.497397542
164,21,H,12.53756969,9.91859574,9.87081545,1,,1.26653444767,1.03821825981,-0.675422847271
164,22,O,13.24171717,10.61592046,9.91124717,-2,,-1.58868455887,-0.0573157295585,-1.24489188194
164,23,H,12.58701681,9.32930269,11.31880204,1,,-1.33526039124,-1.20906209946,-5.38230895996
164,24,H,12.63263815,15.96851365,13.14151666,1,,1.74077630043,-3.11633586884,-1.8127207756
164,25,O,9.76879408,11.21608183,13.92578318,-2,,0.223779648542,0.915231704712,1.87091481686
164,26,H,10.55246907,11.23611076,10.92903936,1,,2.07797932625,1.61031866074,0.642558276653
164,27,H,11.06202529,12.85073591,11.30833199,1,,-0.172581374645,-0.901335656643,-2.01844263077
164,28,O,13.16433117,15.19249843,12.64924049,-2,,-0.581883430481,4.79397583008,0.710482478142
164,29,H,12,12,12,1,,-1.54625320435,-1.32699692249,-2.32713055611
165,0,O,11.4054946,11.99814542,10.80881418,-2,,-4.84715557098,0.906106233597,1.7778788805
165,1,H,10.13144385,11.49952618,14.60235162,1,,-0.859215974808,-0.637273073196,-1.13273382187
165,2,H,13.33835727,13.53976668,11.09973398,1,,-5.30254459381,6.65967273712,-2.85921192169
165,3,O,11.46576349,13.23630359,13.62054529,-2,,6.12203502655,-2.39188218117,-0.748021960258
165,4,H,13.50059289,11.62111144,14.62114957,1,,2.54001116753,0.877938687801,-1.02515053749
165,5,O,12.7818874,9.49229215,12.00878755,-2,,5.33382606506,-4.30500936508,-1.50245475769
165,6,H,13.60083024,8.74683281,12.22505914,1,,-3.44703149796,3.41820812225,-0.769927382469
165,7,H,13.43639461,11.88867155,11.10974772,1,,1.8331669569,4.19479799271,0.750694036484
165,8,H,12.12633618,12.31717673,13.99023817,1,,-3.43651866913,3.2403409481,-0.374252557755
165,9,H,10.60637363,13.27295459,13.90792142,1,,-2.84355640411,0.165682062507,1.69518375397
165,10,O,10.59877748,9.33232871,12.4727172,-2,,-3.19388437271,-5.26187467575,-5.29685783386
165,11,H,9.94369966,11.91454055,13.20421145,1,,0.912823796272,2.99343848228,-2.72706413269
165,12,H,10.77337695,10.03986689,12.96051616,1,,1.12072968483,4.46857738495,2.88874650002
165,13,H,10.66645773,9.58779821,11.51520235,1,,-0.0354979597032,-0.680591821671,2.07470703125
165,14,H,12.64701256,14.46697041,12.76585819,1,,1.46224987507,0.417603433132,-0.897882163525
165,15,H,12.68349416,11.34863159,9.86881763,1,,-2.89293694496,3.60482788086,0.0781776160002
165,16,O,13.80516492,12.88260731,11.33658321,-2,,4.9005651474,-10.7969818115,2.62319803238
165,17,H,12.55760984,9.90340206,9.63797293,1,,1.04726815224,1.28935098648,-0.530259728432
165,18,O,13.20866824,10.64224278,9.73333053,-2,,2.16728186607,-4.97223377228,-1.92078435421
165,19,H,12.67564039,9.28527722,11.01009241,1,,0.622457146645,0.569789886475,3.26380777359
165,20,H,12.43625394,15.82160189,12.98781895,1,,2.21847629547,-0.274021208286,-1.78375005722
165,21,H,12.78806261,11.16616222,15.79934742,1,,-1.09287786484,-0.420330584049,-4.57768154144
165,22,O,9.72221119,11.23381146,13.73928585,-2,,-0.963298797607,-2.16748094559,4.59450244904
165,23,H,10.57778339,11.34569809,10.85143562,1,,2.44495725632,2.00827336311,0.0057140365243
165,24,H,11.05036798,12.85057615,11.27840148,1,,0.52683454752,-1.70013570786,-1.68782365322
165,25,O,12.71175957,11.13570435,14.65871278,-2,,-0.732599616051,-0.427189469337,5.48251628876
165,26,O,13.12171412,15.28612112,12.42713015,-2,,-3.7512524128,0.0127094238997,2.75307226181
165,27,H,12,12,12,1,,0.14568811655,-0.792311668396,-0.154342532158
166,0,O,11.36564189,12.10399971,10.67664744,-2,,0.454655051231,3.81528902054,-1.03322458267
166,1,H,10.04279697,11.58398702,14.44959171,1,,0.124504312873,-0.0398026704788,1.3473136425
166,2,H,13.28971978,13.68210175,10.88015889,1,,1.00803136826,-1.54016447067,0.527126789093
166,3,O,11.48958245,13.27989661,13.55061673,-2,,-1.00276970863,-1.8041779995,1.12649321556
166,4,H,13.58164816,11.612937,14.56228388,1,,0.361780643463,0.945060074329,-1.38600933552
166,5,O,12.78959018,9.53945247,11.93415651,-2,,1.57307338715,-0.872806191444,-4.54784059525
166,6,H,15.6423569,10.06736347,15.20837341,1,,-0.562339961529,0.281125575304,-1.20020258427
166,7,H,13.34863312,8.82137972,12.15756497,1,,1.05085122585,-0.885887503624,1.35709965229
166,8,O,15.39588343,10.1127054,14.25642644,-2,,0.138000875711,0.107525706291,0.793089389801
166,9,H,13.50696164,11.95862393,10.92634669,1,,1.63981866837,3.95018792152,1.37356638908
166,10,H,12.06654199,12.36674567,13.81772991,1,,-2.3393330574,3.23957061768,-0.151160687208
166,11,H,10.54319217,13.1858635,13.92401518,1,,2.89885616302,0.889497935772,-0.542423009872
166,12,O,10.60513486,9.36932323,12.36913061,-2,,-2.04881286621,-0.289900124073,-1.0590775013
166,13,H,10.101349,11.9884264,12.97629819,1,,-1.1525490284,-2.31470584869,1.68173503876
166,14,H,10.61951744,10.16072522,12.93210146,1,,-0.00468326732516,-0.861987054348,-0.499654471874
166,15,H,10.73434817,9.67802134,11.4529366,1,,0.00941783748567,-0.64287686348,1.24959266186
166,16,H,12.59088684,14.55997573,12.66845519,1,,2.87706327438,0.870834827423,-2.02166676521
166,17,H,12.65957299,11.46237761,9.787287,1,,-0.183098599315,-0.919380903244,-0.608109354973
166,18,O,13.81191695,12.93451977,11.29070614,-2,,-1.35821378231,-2.33722043037,-1.35146331787
166,19,H,14.62051886,10.67961838,14.12216273,1,,1.02205240726,-0.981901049614,0.0691429376602
166,20,H,12.64477647,9.94176749,9.43231215,1,,-0.0546652674675,0.519623279572,-0.468881517649
166,21,O,13.22602488,10.68716329,9.6094342,-2,,0.279070347548,0.224751666188,-0.897334218025
166,22,H,12.80163338,9.27035754,10.9009399,1,,0.00195318460464,1.60425710678,3.84204912186
166,23,H,12.39316571,15.72830514,12.83888571,1,,0.582242846489,2.35821557045,-0.446305930614
166,24,H,12.86988472,11.07341461,15.51641942,1,,-1.75060915947,-0.308753728867,-0.530663013458
166,25,O,9.71954927,11.27332929,13.62294887,-2,,-0.0230400785804,2.62141561508,-2.21090698242
166,26,H,10.69666077,11.51995658,10.82156772,1,,-2.94543409348,-2.82063007355,0.359710007906
166,27,H,11.06931365,12.87239285,11.20478631,1,,0.206632509828,0.151821136475,-1.0129776001
166,28,O,12.68583078,11.27791537,14.56888868,-2,,1.6275459528,-0.874486446381,2.46109056473
166,29,O,13.11264019,15.4062358,12.26950221,-2,,-3.58647680283,-3.14329862595,2.53615474701
166,30,H,12,12,12,1,,1.15647578239,-0.941195964813,1.24373757839
167,0,O,12.66693235,8.89855881,14.0294125,-2,,2.11028671265,-5.60810089111,-0.973511219025
167,1,O,11.30542899,12.23496474,10.54498638,-2,,-2.54927492142,-0.257443666458,-1.18873643875
167,2,H,9.9314883,11.70686338,14.36969067,1,,-0.441267669201,-0.795952558517,-0.519674658775
167,3,H,13.20354665,13.81638283,10.65133311,1,,2.86234354973,-3.54767274857,2.49841666222
167,4,O,11.49215067,13.33303252,13.47250677,-2,,-6.13781833649,5.38148975372,-0.215840548277
167,5,H,13.65875184,11.69258684,14.47142433,1,,-3.47115039825,0.397773146629,-1.03169929981
167,6,H,12.10016767,9.60015812,14.09759061,1,,-2.0589261055,1.99075615406,-0.721957206726
167,7,O,12.77723327,9.60794728,11.83649357,-2,,0.429944694042,3.46076536179,-0.373720824718
167,8,H,15.47592853,10.29592177,15.09647875,1,,0.506900429726,-0.266985535622,1.15535628796
167,9,H,13.15315523,8.84178774,12.1104938,1,,3.03110647202,-2.6487865448,1.41234898567
167,10,O,15.33555662,10.22902601,14.16945057,-2,,-0.589535474777,1.09310150146,-0.780296862125
167,11,H,13.64820101,12.24430898,10.80146078,1,,-0.539716422558,-4.78083324432,-2.96715450287
167,12,H,11.88864764,12.56482395,13.66040234,1,,2.72196364403,-4.02839374542,1.30426561832
167,13,H,10.56950085,13.19786954,13.91105233,1,,2.97138857841,1.52361941338,-1.08670043945
167,14,O,10.57892173,9.42307035,12.25714454,-2,,-3.28739261627,0.889694571495,3.7069478035
167,15,H,10.41354136,9.74584402,9.46361641,1,,0.872753977776,-0.343602597713,-0.651365399361
167,16,H,10.16229025,11.99536321,12.82199175,1,,-1.53509163857,-1.91511082649,2.16626906395
167,17,H,10.42030478,10.31517611,12.9254398,1,,0.11494782567,-3.2399790287,-1.97259616852
167,18,H,10.7956424,9.75133079,11.43414213,1,,0.984320282936,0.575126469135,-2.00744915009
167,19,H,12.63760094,14.6695009,12.47374224,1,,2.43322205544,0.415897548199,-1.7057890892
167,20,H,12.60844637,11.56342775,9.66325657,1,,1.45401775837,-2.99116134644,-0.883567929268
167,21,O,13.79043412,12.9954446,11.23738728,-2,,-1.37244307995,8.44338226318,0.678269743919
167,22,H,14.65002637,10.91038897,14.03276094,1,,1.23760330677,-1.37550735474,-0.799391269684
167,23,H,11.19129832,8.53346118,8.98067657,1,,-0.243203788996,-1.12158370018,-0.213611483574
167,24,O,11.28960538,9.45962149,9.1216773,-2,,-2.77780103683,-0.173372924328,0.24877718091
167,25,H,12.67352965,10.01203728,9.20034209,1,,0.24051360786,1.19572257996,-0.0806723088026
167,26,O,13.223005,10.75445536,9.47771465,-2,,0.502063035965,2.97172021866,0.0990005135536
167,27,H,12.87640964,9.33838272,10.9811917,1,,0.255179107189,0.525906085968,-4.76998949051
167,28,H,12.34861079,15.82459372,12.70185219,1,,0.62560915947,2.18455433846,-0.529340565205
167,29,H,12.87001603,10.94733934,15.26993963,1,,-1.3455388546,-0.775339782238,0.423871338367
167,30,O,9.69469316,11.33778694,13.49298231,-2,,1.05983030796,3.06964468956,-0.936087727547
167,31,H,10.63520723,11.56059572,10.77464883,1,,0.620164036751,0.614808917046,-0.478903710842
167,32,H,12.56997815,8.48854756,13.02927577,1,,-1.34949374199,1.39034211636,5.77145195007
167,33,H,11.04850886,12.98474076,11.0770371,1,,-0.0353525280952,0.669623315334,-0.0879447162151
167,34,O,12.63266358,11.43619536,14.47516207,-2,,4.74499416351,0.493600428104,1.83287155628
167,35,O,13.06898567,15.5317699,12.11115529,-2,,-3.15707349777,-2.58382749557,2.31158304214
167,36,H,12,12,12,1,,1.11192834377,-0.833875775337,1.36656975746
168,0,O,9.21590973,10.49492231,10.14543651,-2,,-4.006316185,0.124143064022,-5.25845146179
168,1,O,12.62383726,9.00112307,13.91591641,-2,,-0.685062050819,-2.42145514488,0.511165559292
168,2,O,11.21480827,12.37439896,10.44398944,-2,,-3.82060003281,-0.97882771492,0.505687654018
168,3,H,9.30291472,10.05468543,10.94572971,1,,-0.851727664471,-2.18125343323,3.21674013138
168,4,H,9.78133501,11.81610966,14.32426064,1,,-0.513246655464,-1.40019416809,-2.62826752663
168,5,H,13.23435089,13.75351583,10.57457179,1,,1.69844865799,-1.49771690369,2.08825969696
168,6,O,11.45188613,13.41181119,13.41232169,-2,,1.69885873795,2.32665777206,-2.34117722511
168,7,H,8.40038978,10.0571147,9.50545225,1,,3.00738239288,1.67222416401,2.74993276596
168,8,H,13.52352965,11.83175696,14.3962678,1,,-1.75505197048,0.650848507881,-0.664146065712
168,9,H,11.99605019,9.7465774,13.99575871,1,,0.505171060562,-1.50212800503,-1.3457659483
168,10,O,12.73580795,9.70243105,11.76276497,-2,,3.2999048233,-4.03571224213,-0.612338125706
168,11,H,15.29558171,10.52450478,15.06833027,1,,0.669654369354,-0.959143519402,-0.595571935177
168,12,H,13.08319499,8.74259708,12.12762586,1,,0.264505982399,3.99773836136,-1.81846904755
168,13,O,15.24313719,10.3592977,14.10413182,-2,,0.924540758133,-0.241196021438,2.17053747177
168,14,H,13.74884243,12.35478101,10.58058775,1,,0.468415915966,-0.283450961113,0.699234127998
168,15,H,11.83093981,12.56371244,13.61288194,1,,0.598587453365,0.0374276638031,-0.140941053629
168,16,H,10.67683893,13.33615579,13.86491301,1,,-3.3941655159,0.918678760529,2.04244852066
168,17,O,10.51095212,9.49831874,12.18413164,-2,,-2.97182250023,0.920324981213,0.0689462423325
168,18,H,10.33677001,9.81404008,9.61342791,1,,2.95452022552,-0.481869846582,-2.77538156509
168,19,H,10.10616582,11.9455171,12.79408552,1,,1.74298739433,2.2543554306,-1.80065846443
168,20,H,10.2003022,10.28893039,12.83762353,1,,0.724972963333,-2.20869588852,-1.51234292984
168,21,H,10.88835567,9.84743588,11.35718758,1,,0.781920731068,-0.477276206017,1.60235500336
168,22,H,12.75460555,14.76516936,12.22812039,1,,0.475769817829,-0.722462773323,-0.0731685906649
168,23,H,12.59025211,11.54204161,9.53329398,1,,-1.26548314095,0.76803123951,0.137728616595
168,24,O,13.72986937,13.09645788,11.20805851,-2,,-1.25921487808,1.83363246918,-2.7253818512
168,25,H,14.69694877,11.09344704,13.94074808,1,,-0.583888173103,0.932107567787,-1.84593379498
168,26,H,11.25403687,8.67180138,8.81548761,1,,-0.174712896347,-0.382238864899,-0.123589240015
168,27,O,11.2785694,9.60181418,9.03049802,-2,,-4.02592849731,-1.15689611435,1.23156261444
168,28,H,12.63271915,10.11666072,9.00043182,1,,0.59612351656,1.44776034355,0.396222770214
168,29,O,13.19114354,10.84569706,9.36984291,-2,,2.72893095016,-0.700111329556,-0.915180206299
168,30,H,12.91296427,9.43091152,10.87596156,1,,0.313367486,1.32954394817,-2.02354335785
168,31,H,12.27809165,16.09842284,12.6279083,1,,2.47992944717,-0.841930031776,-2.26893758774
168,32,H,12.77431371,10.80736758,15.12432547,1,,-1.421256423,2.34891986847,-2.54934930801
168,33,O,9.64345761,11.42417342,13.38254258,-2,,-2.04289889336,-0.0786209404469,5.1586933136
168,34,H,10.51547675,11.59882291,10.70431446,1,,2.51749372482,3.703312397,-1.29034900665
168,35,H,12.46893052,8.50481573,12.96910701,1,,-1.48167324066,1.91975498199,5.3634223938
168,36,H,10.9751914,13.18935648,10.96422157,1,,0.203302890062,-1.38463461399,-0.847166419029
168,37,O,12.55818472,11.60302937,14.40577363,-2,,3.90915226936,-3.99274039268,4.83085346222
168,38,O,12.98745116,15.65945198,11.98148771,-2,,-3.01935839653,1.64529800415,2.50059938431
168,39,H,12,12,12,1,,0.708463788033,-0.902205526829,0.881719708443
169,0,O,9.15061807,10.60790062,10.11242959,-2,,-1.89808523655,-1.88466358185,0.923495650291
169,1,O,12.57331153,9.09733139,13.86846709,-2,,0.398502826691,3.98499488831,6.8855638504
169,2,O,11.11273384,12.50686994,10.41794381,-2,,-1.12070679665,1.32064557076,-0.173963099718
169,3,H,9.39030112,10.20792597,11.05594436,1,,-1.96104931831,0.232756733894,-1.89390444756
169,4,H,9.60711044,11.86029652,14.25112806,1,,0.0885820016265,-0.0129505544901,-0.62117600441
169,5,H,13.30701114,13.65509644,10.60442961,1,,-4.07844543457,6.08745288849,-5.69081401825
169,6,O,11.41196603,13.50058547,13.40403768,-2,,0.614435791969,-1.92688882351,-0.218866556883
169,7,H,8.31150001,10.20168816,9.66127709,1,,2.39919543266,1.03968822956,1.75213599205
169,8,H,13.32775068,12.04468832,14.40100641,1,,4.01718616486,1.76977133751,-0.449571251869
169,9,H,11.90164102,9.86241763,13.91477153,1,,1.70671820641,-2.38657951355,-0.932021558285
169,10,O,12.69999126,9.79150667,11.75456675,-2,,3.72751617432,-4.64780759811,-5.55339622498
169,11,H,12.99635509,8.84664373,12.07165782,1,,-0.48045361042,3.1325917244,-0.796261072159
169,12,H,13.842907,12.40894838,10.44275618,1,,-0.11618411541,2.18457841873,4.33847904205
169,13,H,15.16940221,11.34674348,10.20706982,1,,-0.356926172972,-1.23636829853,1.82487654686
169,14,H,11.84809653,12.4822334,13.65844351,1,,-2.47778940201,4.53312730789,-1.04382109642
169,15,H,10.62348322,13.56029899,13.94314629,1,,0.084810718894,0.570784270763,0.247156977654
169,16,O,10.42802455,9.58265556,12.17942072,-2,,0.490225762129,-3.74723339081,-4.94868087769
169,17,H,10.36922998,9.85770743,9.70505822,1,,2.39059066772,-0.179329782724,-3.64458370209
169,18,H,10.10251133,12.02335493,12.76125176,1,,1.26995158195,1.45273149014,-0.383933097124
169,19,H,10.00962272,10.15553097,12.74815388,1,,-1.30463290215,2.80348587036,2.15823078156
169,20,H,10.99769079,9.91442669,11.40703252,1,,-0.26213696599,-0.437730669975,3.08823633194
169,21,H,12.86689322,14.80624262,12.04281021,1,,-0.415550589561,1.67914557457,0.752318441868
169,22,H,12.49876434,11.56860505,9.50097008,1,,-1.27217745781,1.43314230442,0.522697627544
169,23,O,13.65831577,13.20803453,11.23791214,-2,,4.15195131302,-7.18339729309,1.56759178638
169,24,H,11.25462304,8.82862731,8.70346459,1,,-0.317263960838,0.236756816506,0.0795442089438
169,25,O,11.24944997,9.74723691,9.00641216,-2,,-4.131960392,-2.14106750488,1.67619776726
169,26,O,15.06404126,11.10213472,11.16989202,-2,,-0.145329937339,-1.53204894066,-0.523231327534
169,27,H,12.56889254,10.25891856,8.9071674,1,,0.966585278511,1.00222682953,0.19718593359
169,28,O,13.16123742,10.93964064,9.32267251,-2,,2.21649932861,-0.789262294769,-1.33532214165
169,29,H,12.92676281,9.54724454,10.72575013,1,,-0.883352160454,2.01972723007,2.75825214386
169,30,H,12.27476505,16.36727076,12.59540763,1,,2.33188295364,-3.10483336449,-2.44940662384
169,31,H,12.60910462,10.80350711,14.98133569,1,,-0.449728697538,3.26825141907,-1.96010756493
169,32,O,9.58182854,11.51232373,13.34928355,-2,,-2.07362031937,-0.663323998451,1.87341141701
169,33,H,10.48790926,11.79194915,10.6322724,1,,0.190934896469,1.574685812,-0.363007426262
169,34,H,12.24635229,8.58490834,13.23361372,1,,-2.73930692673,-3.21106052399,-2.79477906227
169,35,H,10.88364153,13.36050843,10.88956778,1,,0.241529867053,-1.81754398346,-0.660627305508
169,36,O,12.48100521,11.75421871,14.41000535,-2,,-1.37126040459,-6.69095993042,4.30067253113
169,37,O,12.89270521,15.79079409,11.92381805,-2,,-1.9379349947,1.52918338776,1.86657869816
169,38,H,14.31301735,10.41238117,11.32290658,1,,1.97722744942,2.29101324081,-0.856705605984
169,39,H,12,12,12,1,,0.529568731785,-0.553688883781,0.481556653976
170,0,O,12.81189978,12.20830275,11.49087257,-2,,-1.1583917141,-0.65802192688,0.502352178097
170,1,O,11.18711132,13.17406167,14.08229002,-2,,-4.09401226044,-1.46117806435,1.24753010273
170,2,H,12.09020701,13.33503987,14.07287668,1,,2.4333255291,1.40535187721,0.412225097418
170,3,H,15.32964747,13.47175917,10.61299469,1,,-0.775231719017,-0.278849929571,0.771360754967
170,4,O,14.24055557,10.42777109,12.69565548,-2,,-2.59026575089,-4.50621795654,-1.69056296349
170,5,O,9.2930362,13.39282157,12.09091174,-2,,2.98274230957,-0.535081386566,3.34216213226
170,6,O,13.66293046,11.8631762,9.1940456,-2,,1.80250179768,-0.067501693964,-2.29273486137
170,7,H,9.71019159,13.66641824,12.94054128,1,,0.0327345728874,-0.283772230148,-0.785878419876
170,8,O,12.00746049,14.5281127,9.77958713,-2,,-2.51679491997,4.66741895676,-0.677054524422
170,9,H,12.94075579,11.68059495,9.77690715,1,,-1.03340315819,0.36315125227,-0.10037752986
170,10,H,10.0719929,10.65484164,11.91726286,1,,2.36571383476,-0.1046474576,2.13949632645
170,11,H,14.12957052,12.99712183,11.67549739,1,,-3.52287435532,-1.9388051033,-0.653837025166
170,12,H,10.22474279,12.18515678,9.7581316,1,,-0.113258302212,0.0354026518762,-1.24662780762
170,13,O,10.39600652,12.85182092,10.42100192,-2,,0.684494376183,-4.00079488754,-1.2615172863
170,14,H,8.4650986,13.70390574,12.16640366,1,,-4.94389533997,1.79537129402,0.250881969929
170,15,O,11.01089686,10.50934529,12.31867291,-2,,-2.2628903389,-0.173370093107,-1.83617186546
170,16,H,14.76459186,9.82413865,12.14455123,1,,-0.229612484574,0.367830246687,0.256151944399
170,17,O,14.78524586,13.55629613,11.44412001,-2,,6.13692092896,2.66859388351,-0.677582859993
170,18,H,12.31087727,10.65056604,15.92147195,1,,1.07375812531,1.08245682716,3.16422319412
170,19,H,12.85614662,11.26893432,14.38536127,1,,-2.27525949478,-3.83962631226,0.558048248291
170,20,H,13.43009683,12.12575455,8.27610772,1,,-0.294352859259,-0.352754026651,1.52785503864
170,21,H,13.55794723,11.67827187,11.84848454,1,,-1.84116101265,-1.11470341682,-0.319683074951
170,22,H,10.5909327,12.1886962,11.13719795,1,,-0.375335633755,1.81083190441,-0.645709812641
170,23,O,12.80206531,14.54203885,12.56394066,-2,,-1.32125782967,-1.04397392273,0.816727280617
170,24,H,15.26032247,13.63537387,12.29291118,1,,1.43191289902,0.443034946918,-0.345086276531
170,25,H,13.01700465,10.06494938,17.19652112,1,,-0.0118648037314,0.754506111145,0.339507550001
170,26,H,11.29278319,11.02081289,13.10761986,1,,-1.71201610565,-0.651952207088,-0.101667620242
170,27,H,12.53654515,13.77417711,11.95944888,1,,0.293054759502,2.33052182198,0.793355941772
170,28,O,12.16310908,10.43038859,14.57827361,-2,,3.83135700226,-0.784050583839,-1.57719302177
170,29,O,12.74518817,10.9583247,16.92022423,-2,,-0.898793935776,-1.68226003647,-2.21138310432
170,30,H,12.63396271,9.41006552,14.3711784,1,,-1.51668167114,4.60582876205,0.477474868298
170,31,H,11.41356986,15.50029068,9.78898321,1,,2.76116323471,-4.7918176651,0.0387426130474
170,32,H,12,12,12,1,,1.2838408947,-0.327730894089,-0.535465717316
170,33,H,11.31131782,13.8128839,9.85477384,1,,0.989897072315,1.42689538002,0.0819213837385
170,34,H,14.77643168,11.07276778,12.96413908,1,,4.09013175964,3.65405368805,2.00039315224
170,35,H,13.72951754,14.62534411,12.39448702,1,,-0.296406984329,1.02645766735,-0.328420221806
170,36,H,10.76378543,13.05785075,14.98069274,1,,1.59021139145,0.159403055906,-1.43345522881
171,0,O,12.86125575,12.4193186,11.57747903,-2,,-0.317613244057,-1.42431426048,3.52883195877
171,1,O,11.26956601,13.4197142,14.18516951,-2,,2.52566957474,-0.162298992276,-0.719208836555
171,2,H,12.33550487,13.60146699,14.00103687,1,,-3.99306988716,0.0925694555044,1.26911437511
171,3,H,15.51602429,13.89372916,10.9041809,1,,0.243425667286,-0.657801270485,-2.11962532997
171,4,O,14.33805722,10.63521738,12.79637769,-2,,-1.88421702385,7.6280670166,5.5603518486
171,5,O,9.37044155,13.64722523,12.20290255,-2,,-3.69072651863,0.168288856745,1.6478894949
171,6,O,13.72259104,12.10220944,9.30890873,-2,,-4.19431686401,-1.42490983009,1.25396704674
171,7,H,10.04498216,13.9345607,12.78539858,1,,0.674514532089,0.958293735981,1.55711865425
171,8,O,12.06659001,14.72936228,9.88311681,-2,,3.03980493546,-2.96847295761,-1.14660298824
171,9,H,12.79696256,11.90224233,10.0124065,1,,4.32911872864,0.904586553574,-2.76589488983
171,10,H,10.14764113,10.8283901,12.15293146,1,,2.11064624786,-0.317929834127,0.905291557312
171,11,H,14.00609602,13.11530594,11.82419551,1,,1.65937256813,1.79085958004,-2.02070665359
171,12,H,10.36625782,12.57085451,9.7709868,1,,0.399936258793,0.428508162498,0.529830574989
171,13,O,10.43622688,13.10323174,10.59099579,-2,,1.10553658009,-3.2469022274,-3.50276565552
171,14,H,8.52664242,14.09155489,12.31236977,1,,0.473812580109,0.252178311348,0.656262993813
171,15,O,11.12264629,10.74571903,12.45045098,-2,,-3.13500881195,0.488173693419,-1.03201413155
171,16,H,14.73689179,10.00259106,12.36888682,1,,3.96673798561,-5.16811752319,-3.94289588928
171,17,O,14.85923292,13.82296518,11.56247644,-2,,0.823088467121,-0.422893792391,2.630671978
171,18,H,12.14061699,10.78530415,15.89057813,1,,1.67704796791,0.480086773634,-0.854692697525
171,19,H,13.04764857,11.36232388,14.58384259,1,,-2.7413687706,-1.95362389088,0.509865880013
171,20,H,13.25076945,12.0711354,8.46237528,1,,0.659917235374,0.198626309633,0.12334074825
171,21,H,13.73575924,12.07643822,12.247063,1,,-3.9162311554,-0.57556951046,-2.28451371193
171,22,H,10.67517823,12.4716181,11.29464455,1,,-0.848046302795,0.445351928473,-0.783429861069
171,23,O,12.88363043,14.77849049,12.65543204,-2,,-0.31476265192,1.70645940304,2.95332384109
171,24,H,15.39340834,14.0007145,12.36010103,1,,0.149540439248,0.0306389480829,0.443632334471
171,25,H,13.22146234,10.36277944,17.2239109,1,,-0.658503890038,1.60124802589,-0.127464383841
171,26,H,11.19281991,11.34910958,13.21480487,1,,-0.417092561722,-0.667578697205,0.600333452225
171,27,H,12.64834264,14.03618104,12.13580088,1,,-0.708847045898,-0.567125678062,-1.40959405899
171,28,O,12.24349201,10.66139121,14.73210677,-2,,4.52944564819,-0.879998922348,-0.164175510406
171,29,O,12.7926691,11.23597889,17.0122271,-2,,-0.0948258042336,-1.99014854431,0.129017800093
171,30,H,12.8739418,9.75993811,14.43287125,1,,-2.51546573639,2.90529417992,1.03061294556
171,31,H,11.53776605,15.4233054,10.08226629,1,,-2.4379298687,3.38783335686,0.920863807201
171,32,H,12,12,12,1,,3.09711170197,0.234671130776,-0.874554097652
171,33,H,11.60537287,13.95878269,10.29916305,1,,0.274405449629,0.967134237289,-0.679887890816
171,34,H,14.99183555,11.36621569,13.10142903,1,,-0.758418917656,-2.95965957642,-0.749332070351
171,35,H,13.80199283,14.94488309,12.46424815,1,,-0.356215834618,0.568554162979,-0.51244276762
171,36,H,10.93438447,13.27330353,15.08961667,1,,1.24353075027,0.149922057986,-0.56052094698
172,0,O,12.7901031,12.64438264,11.70027705,-2,,0.114970445633,-0.809332728386,4.2015171051
172,1,O,11.23740726,13.68246279,14.30741894,-2,,2.30054402351,-0.106402546167,-1.83475399017
172,2,H,12.24585654,13.87187918,14.04849545,1,,-3.04912638664,-0.078552544117,1.42629790306
172,3,H,15.66183875,14.27913989,11.08146536,1,,-3.69320487976,-1.31477713585,0.417302429676
172,4,O,14.30147489,10.88070973,12.93292134,-2,,4.33477592468,-1.18230068684,-0.300492614508
172,5,O,9.32002341,13.92188966,12.34242746,-2,,-3.88431549072,3.62860584259,4.860414505
172,6,H,11.35043776,8.33355257,11.34469729,1,,1.34614682198,-1.84639406204,-2.53264355659
172,7,O,13.68750341,8.4437129,14.11240256,-2,,-1.37441837788,-0.842185914516,-0.0174698829651
172,8,O,13.63987213,12.3549022,9.45188035,-2,,-6.56548404694,-2.64215540886,-1.30309653282
172,9,H,10.23526575,14.24267664,12.71670892,1,,-3.41476488113,0.0282624959946,-0.347380638123
172,10,O,12.00843492,14.93459924,10.00978782,-2,,0.113687902689,-1.45806074142,2.33366394043
172,11,H,12.7653383,12.18438675,10.1080194,1,,4.33985757828,1.03732275963,-1.47832024097
172,12,H,10.18630694,11.0141566,12.46661336,1,,-2.53793144226,-0.764698863029,-1.95968484879
172,13,H,13.79237521,13.31562425,11.88334425,1,,0.353410124779,0.084313750267,-1.72937548161
172,14,H,10.41079939,12.97867768,9.8742799,1,,0.636523723602,-0.00841647386551,1.16781663895
172,15,O,11.89380388,8.14729031,12.53269753,-2,,-1.6595313549,0.115998126566,0.614228904247
172,16,O,10.35494669,13.36278822,10.77223034,-2,,0.526497006416,0.245736122131,-6.06316280365
172,17,H,10.87877786,9.89318946,10.01141943,1,,0.703862309456,-0.422788858414,-0.910371005535
172,18,H,8.44302773,14.51447811,12.53707572,1,,4.19452953339,-1.92444658279,-0.00991740822792
172,19,H,10.32456797,8.90068952,10.78136889,1,,0.772036254406,-2.59042072296,-2.69523048401
172,20,O,10.63011446,10.79793196,9.81514335,-2,,-1.2148412466,1.28368878365,-0.975743532181
172,21,O,11.10256819,11.00118082,12.6020026,-2,,-0.264733582735,1.33689522743,3.62045907974
172,22,H,14.74834011,10.00039418,12.43408111,1,,-1.53327965736,4.22968578339,1.83758974075
172,23,O,14.8065627,14.10517096,11.7179317,-2,,6.46567726135,1.39693701267,-0.464007943869
172,24,H,12.97424375,12.02781968,8.70020457,1,,3.13006019592,1.17770004272,1.11404967308
172,25,H,13.57658512,12.36218072,12.57823495,1,,-2.48705053329,-0.238336235285,-2.14458942413
172,26,H,10.57749311,12.77637549,11.43863557,1,,0.0733502134681,-2.41623830795,0.971303701401
172,27,O,12.83834152,15.03479792,12.77786451,-2,,0.0989869385958,2.2331764698,2.74195337296
172,28,H,15.40859716,14.34694023,12.47577702,1,,-1.70229518414,-0.6685333848,0.141560018063
172,29,H,9.94415159,10.77429014,9.11093119,1,,0.922043204308,-0.179737210274,0.841701984406
172,30,H,10.91693333,11.64967679,13.37763058,1,,1.79220128059,-0.943590044975,-0.744286954403
172,31,H,12.58845099,14.28887465,12.26900553,1,,-0.312667042017,-0.848991155624,-1.40108799934
172,32,O,11.01223368,8.24993613,10.28720614,-2,,-2.65065383911,3.24429893494,4.43003511429
172,33,H,14.50920116,8.61611888,13.71791724,1,,1.6752409935,0.228842958808,-0.128969714046
172,34,H,13.07621855,8.26983503,13.30809742,1,,0.654010295868,0.322426706553,1.51945900917
172,35,H,11.42426132,15.5338104,10.46656961,1,,-0.169127166271,0.888070583344,-0.460039377213
172,36,H,12,12,12,1,,2.48669958115,1.25954389572,-0.454495847225
172,37,H,11.18704122,8.4033579,13.14734162,1,,0.864146351814,-0.171333804727,-0.0636110678315
172,38,H,11.79366137,14.17312962,10.71768609,1,,0.895639777184,1.89819824696,-3.1141295433
172,39,H,15.0577783,11.54156555,13.25109441,1,,-1.83487558365,-3.02608156204,-1.2273144722
172,40,H,13.73716217,15.3243754,12.5583439,1,,-1.11686635017,-0.222023457289,-0.502186775208
172,41,H,11.02774804,13.51268779,15.2148993,1,,0.670269966125,0.0660959035158,0.623008489609
173,0,O,12.66644757,12.87474598,11.8296013,-2,,1.56264722347,-0.956857800484,4.78395080566
173,1,H,15.64865732,14.5843514,11.25680972,1,,-4.11243677139,-1.28315031528,0.267512440681
173,2,O,14.21237519,11.1332385,13.05876252,-2,,0.189054459333,-5.6802983284,-2.481590271
173,3,O,13.47642764,12.60790438,9.57917337,-2,,3.82680702209,-2.07136487961,-9.91923713684
173,4,O,11.89236884,15.13414732,10.13699501,-2,,-2.6181435585,2.55716967583,5.35978412628
173,5,H,12.85961304,12.51666099,10.12948877,1,,-6.1768040657,0.0895222127438,8.3347492218
173,6,H,10.04496702,11.16291615,12.6884068,1,,0.774389982224,-1.34063887596,-1.89681005478
173,7,H,13.5776698,13.56157412,11.82864986,1,,-0.322154760361,-1.20472431183,-1.23257958889
173,8,H,10.44055087,13.37383528,10.04371519,1,,0.581872284412,-0.624558746815,-0.258249461651
173,9,O,10.21690005,13.62839473,10.92370023,-2,,-2.08552312851,0.391792058945,2.06042265892
173,10,H,10.79236138,10.15175127,10.05943705,1,,1.01573801041,-3.38956212997,0.342736661434
173,11,O,10.52682658,11.0087698,9.93859608,-2,,-2.17547988892,3.14912629128,-1.48087239265
173,12,O,11.02396679,11.27062966,12.7508068,-2,,-4.00441503525,1.7573107481,3.71090745926
173,13,H,14.61899191,10.19934506,12.56147641,1,,-1.9748237133,4.34439516068,2.17982172966
173,14,O,14.70622867,14.39616328,11.86621496,-2,,6.90426921844,1.45553016663,-2.74268746376
173,15,O,14.84127331,15.39760163,14.41249691,-2,,-0.264505624771,-0.148769587278,-0.74727845192
173,16,H,12.79445091,12.05638374,9.00082531,1,,3.02544951439,1.59900212288,0.103589326143
173,17,H,13.20445746,12.53889638,12.78473699,1,,-1.82906150818,0.51368033886,-2.67428612709
173,18,H,10.39857364,12.97578037,11.61545499,1,,0.0325356014073,-0.111712321639,-1.33254289627
173,19,O,12.73232971,15.30360476,12.89769767,-2,,-1.51636171341,0.246252804995,0.59541451931
173,20,H,15.3043556,14.61124083,12.58960377,1,,-1.45900452137,-1.15736484528,1.13753604889
173,21,H,15.40573888,15.48881873,15.15195463,1,,0.982549488544,0.227151572704,1.18712902069
173,22,H,9.74814375,10.97747097,9.32834446,1,,1.17853069305,-0.0259638875723,0.87647241354
173,23,H,10.64316208,11.90327568,13.50930021,1,,2.97291231155,-1.06349372864,-1.35545909405
173,24,H,12.44927398,14.52785318,12.33708563,1,,0.62303096056,1.46677267551,1.18887042999
173,25,H,11.20369443,15.77778604,10.83449168,1,,3.0531668663,-2.42587256432,-3.81370377541
173,26,H,12,12,12,1,,0.623143017292,1.43313443661,-0.359218299389
173,27,H,11.9571874,14.50238143,10.94341921,1,,0.213557183743,0.969374120235,-3.10397529602
173,28,H,14.97998421,11.55839018,13.34027713,1,,2.19208741188,1.08544063568,0.789139866829
173,29,H,13.57281092,15.69760495,12.62629942,1,,-1.18673038483,-0.573662281036,-0.417482167482
173,30,H,15.38803102,15.58165119,13.64072074,1,,-0.0262966156006,0.772339463234,0.897937715054
174,0,O,12.56498096,13.09310039,11.98067041,-2,,1.5641824007,0.861415147781,2.71883487701
174,1,H,14.30583111,9.44694577,9.86590119,1,,-2.4552731514,1.06936776638,-0.293670684099
174,2,H,6.83429055,10.66812488,10.29484916,1,,-0.947198629379,1.00638067722,-0.575650691986
174,3,O,14.13509227,11.36198276,13.18165105,-2,,-0.210356727242,2.72032427788,2.12919926643
174,4,H,8.39782962,8.366899,11.87819184,1,,-0.313759982586,-0.260304063559,0.152770221233
174,5,O,13.33320711,12.845624,9.68420607,-2,,-2.12053513527,0.0654746443033,1.56003582478
174,6,O,11.7825446,15.32910873,10.28917822,-2,,-2.91930484772,5.1098575592,1.55977833271
174,7,H,12.73466784,12.85265984,10.50370843,1,,1.99666523933,0.548649787903,-1.96521425247
174,8,H,9.91983509,11.23562064,12.80615667,1,,3.8046734333,-0.173904746771,-1.37922239304
174,9,H,13.42245553,13.75166702,11.73745719,1,,-1.17714989185,-2.38289308548,0.431575119495
174,10,H,10.54580725,13.70476685,10.21859664,1,,-0.237118288875,-0.246703013778,1.1578681469
174,11,O,10.09822803,13.8793607,11.068792,-2,,-1.18342328072,-1.61063122749,1.67077660561
174,12,H,10.79416347,10.14113382,10.15784051,1,,-1.32456254959,2.50982403755,-0.154643207788
174,13,H,8.46996373,9.88666704,11.0338904,1,,-1.68756580353,-0.0242340564728,-2.84267425537
174,14,O,5.91995578,11.0623444,10.25623427,-2,,2.06616973877,2.56164550781,-0.407248675823
174,15,H,10.02654781,8.91351359,10.85093702,1,,-1.54453587532,-0.29919719696,0.863578677177
174,16,O,10.43300949,11.22564337,10.06030893,-2,,2.32228946686,-1.94007503986,0.766010224819
174,17,O,10.95177966,11.53625369,12.91296844,-2,,-6.37123250961,-0.24622386694,2.11515426636
174,18,H,14.38638602,10.60100436,12.77640362,1,,0.100154995918,-3.88013219833,-2.45895051956
174,19,H,12.79744867,12.15305455,9.30616713,1,,0.599224984646,-0.457409650087,-1.41338050365
174,20,H,12.79145237,12.68074848,12.87795683,1,,0.982300460339,1.49819910526,-1.02458488941
174,21,H,10.20915285,13.1338022,11.73998684,1,,0.0199597235769,1.37158226967,-2.4159617424
174,22,O,12.6372179,15.56292775,13.02406501,-2,,0.0262027233839,0.762071013451,1.10794377327
174,23,H,9.62327949,11.20169376,9.58787697,1,,-0.555703997612,0.399423480034,-0.717303991318
174,24,H,8.72907293,9.33983841,12.97220154,1,,-0.857065141201,0.883651554585,4.97812223434
174,25,O,7.97610481,9.72202211,10.10613,-2,,3.56198596954,1.52077770233,-1.24335181713
174,26,O,8.89357185,9.14803743,12.12438931,-2,,0.949803769588,-1.65203177929,-1.91472291946
174,27,H,10.52032038,12.12435333,13.60589123,1,,2.45691490173,0.0383249521255,-0.509215474129
174,28,H,12.36265255,14.84112163,12.46568373,1,,-0.0651676356792,0.0097504556179,0.301354169846
174,29,O,10.87292015,8.84296935,10.51472147,-2,,3.13519763947,-0.42445731163,-1.534917593
174,30,H,5.48976266,10.30846857,10.50316149,1,,-2.52920341492,-2.78893041611,0.904016256332
174,31,H,11.14444482,15.91739584,11.00597634,1,,2.3633491993,-2.26159572601,-3.73268914223
174,32,H,12.6615884,10.14941792,9.79696887,1,,3.52417850494,-1.00342857838,-0.133435934782
174,33,H,12,12,12,1,,-0.667416572571,-0.10719203949,-0.656990766525
174,34,H,8.63672961,10.1365549,9.42224788,1,,-2.38122105598,-1.71808934212,1.72612345219
174,35,H,12.13742359,14.86567511,10.99900115,1,,1.03688108921,-1.56079566479,0.520243167877
174,36,O,13.68511331,10.19440836,9.60968641,-2,,-0.967925131321,-0.684853076935,0.442283928394
174,37,H,15.01617307,11.59069559,13.47058615,1,,0.174810811877,1.00720345974,0.587491214275
174,38,H,13.40347858,16.016265,12.66809732,1,,-0.169225201011,-0.220841437578,-0.319330185652
175,0,O,12.53569579,13.3128314,12.15552147,-2,,0.76180177927,3.93379497528,-1.31533539295
175,1,H,14.11139943,9.81518075,9.91090322,1,,6.1773724556,-9.56820774078,2.60901355743
175,2,O,14.12216837,11.60113014,13.32565523,-2,,4.3346657753,1.89619469643,1.98576569557
175,3,H,11.34579488,9.15207375,12.12306394,1,,-0.885052084923,1.23710739613,-1.43998157978
175,4,O,13.52116209,9.18476768,14.54331357,-2,,-4.46831274033,1.32551264763,0.959980130196
175,5,O,13.2560538,13.08535187,9.80526942,-2,,-2.60522913933,1.4208753109,3.6168255806
175,6,H,12.69205074,13.18918829,10.83961894,1,,1.71252799034,-1.43327176571,-6.04844427109
175,7,H,10.03955278,11.2946759,12.874582,1,,3.20912122726,1.08281588554,0.203360721469
175,8,H,13.3376184,13.82217546,11.74264884,1,,-0.949467360973,-1.30477941036,3.26632785797
175,9,H,10.72505864,13.99547314,10.45955123,1,,-1.59956717491,-0.182138770819,2.19452881813
175,10,O,11.5431141,8.96186816,13.02597618,-2,,0.8696808815,-1.59731841087,2.98477554321
175,11,O,10.05615615,14.12114407,11.21854966,-2,,0.65415841341,0.599526226521,-1.94410562515
175,12,H,10.83071475,10.07885577,10.31337774,1,,-1.09203386307,0.724735021591,0.0155651792884
175,13,H,9.93126049,8.82432237,10.90564693,1,,3.1969833374,1.25503134727,-1.22950410843
175,14,O,10.41477407,11.44270727,10.19772987,-2,,0.145983994007,0.992480456829,0.00418616831303
175,15,O,10.93309726,11.80175049,13.09198958,-2,,-4.5819849968,-2.42634153366,-0.00447361636907
175,16,H,14.21906252,10.79794011,12.86899221,1,,-0.375258713961,-1.61123919487,-1.04528260231
175,17,H,12.90827451,12.23155843,9.56198945,1,,0.42004263401,-0.106305778027,-0.569440841675
175,18,H,12.50643155,12.86889458,12.99120516,1,,1.99729800224,0.0616495832801,1.16847193241
175,19,H,10.06935115,13.33948248,11.76850118,1,,0.54385393858,-0.146968245506,-0.561171770096
175,20,H,9.53231019,11.46398791,9.8447703,1,,-0.0650421604514,0.152130901814,-0.331314861774
175,21,H,10.56534607,12.38826303,13.73401987,1,,0.0685325935483,1.03864550591,1.06036639214
175,22,O,10.89215398,9.14657976,10.64734442,-2,,-2.5792787075,-3.15470695496,0.838157236576
175,23,H,14.24028613,8.95936847,14.04016148,1,,2.37005519867,-0.909417271614,-1.87077665329
175,24,H,12.70235376,9.35574797,13.87703301,1,,3.57852339745,-1.07533931732,1.37527525425
175,25,H,12.79650949,10.39164899,9.92068694,1,,-5.51450824738,-1.15527415276,1.50053048134
175,26,H,12,12,12,1,,0.24969099462,-1.34842419624,-1.38553416729
175,27,H,11.19843831,9.38053842,13.81893863,1,,-1.13023257256,0.37870323658,-1.06286358833
175,28,O,13.64762379,10.46337232,9.73474771,-2,,-0.584734737873,9.85561943054,-4.04488801956
175,29,H,15.13557546,11.68438207,13.65618308,1,,-3.85959124565,0.064909145236,-0.930013597012
176,0,H,16.22472992,10.11185116,11.78220913,1,,1.28338670731,2.28128838539,0.34010463953
176,1,O,12.59414682,13.54008233,12.32361159,-2,,-2.87597942352,0.730985939503,2.10764789581
176,2,H,14.23046863,9.83477865,10.05992571,1,,-2.44460248947,3.61551380157,-0.77330583334
176,3,O,14.20679245,11.85208231,13.47302544,-2,,0.454550623894,-3.8281390667,-1.13653671741
176,4,H,14.83415519,9.24924522,11.60963747,1,,-3.13343644142,-0.0290420651436,-0.544258654118
176,5,H,11.34416782,9.5194046,12.20994925,1,,-0.0861206054688,-0.557834625244,3.22732901573
176,6,O,13.25993101,13.33249329,9.93821385,-2,,-0.906426489353,-2.20697331429,-0.601472496986
176,7,H,12.83283982,13.44240826,10.81248712,1,,-0.295442909002,-0.57613503933,-1.91693520546
176,8,O,16.18500049,10.83323636,12.44306916,-2,,2.82491707802,2.60813808441,0.567111849785
176,9,H,10.39479222,11.39845947,12.92823166,1,,-0.689213037491,0.181473433971,0.545388758183
176,10,H,13.39089424,13.81871076,11.92094377,1,,2.49400782585,0.27009510994,1.82986855507
176,11,H,10.90473582,14.25799215,10.78640998,1,,-0.611756086349,-0.181653365493,0.585723161697
176,12,O,11.57367556,9.22469612,13.22233227,-2,,-0.809455275536,0.0303553938866,-1.46943414211
176,13,O,10.11414329,14.3601219,11.34655972,-2,,-0.131657063961,0.970587015152,-0.836808264256
176,14,H,10.87074379,10.2013833,10.42011409,1,,-2.75247097015,8.35017204285,-3.93136453629
176,15,H,16.92277022,11.52612691,12.38544816,1,,-1.7643352747,-2.02469611168,-0.302179008722
176,16,H,16.58249877,8.82578872,10.40093728,1,,-0.758152246475,-0.341964006424,2.92976808548
176,17,H,10.05991437,8.79285799,10.91031566,1,,3.912753582,2.96927690506,-0.82324898243
176,18,O,10.49017594,11.66309583,10.33123013,-2,,-2.11468267441,1.45957660675,-0.595671951771
176,19,O,10.99579903,12.06227017,13.26105479,-2,,-0.491657733917,1.15916085243,2.03911995888
176,20,H,14.15308778,10.85748496,12.86991083,1,,-0.0958439260721,4.06048488617,2.65284609795
176,21,H,13.11873481,12.31384698,9.78684332,1,,1.02681016922,3.45837235451,0.282232522964
176,22,H,12.41089593,13.07149891,13.20250293,1,,2.32488369942,1.08143520355,-2.21933031082
176,23,H,12.8899774,9.51115521,11.73413461,1,,4.20860624313,-1.07231998444,1.07588911057
176,24,H,10.00854455,13.51971215,11.76714951,1,,0.400320649147,-0.621586561203,0.117045365274
176,25,H,9.52758809,11.77289322,10.09865796,1,,1.90373170376,0.0104243271053,0.211880505085
176,26,O,13.85778934,9.26183317,12.12704904,-2,,-2.03705239296,0.686622738838,-0.430225998163
176,27,H,16.08032862,8.5599323,12.35971423,1,,0.972983181477,-0.107678085566,-2.78561878204
176,28,H,10.69811689,12.73244612,13.92740241,1,,-0.688769459724,-1.45986843109,-0.936074495316
176,29,O,11.00149417,9.43796794,10.78312888,-2,,-1.21135675907,-12.736536026,4.34320354462
176,30,H,12.77643689,10.56334481,10.08880355,1,,0.786313772202,-0.278381645679,-0.111840590835
176,31,H,12,12,12,1,,0.418493419886,-1.16971695423,-1.31080806255
176,32,H,11.16120157,9.73689609,13.92283404,1,,0.13482940197,0.211490094662,-0.624103724957
176,33,O,13.70001496,10.76533928,9.8465424,-2,,1.35168457031,-3.90164446831,0.106234893203
176,34,H,15.13449475,11.79082455,13.80188906,1,,-1.61370301247,-0.00892139971256,-0.510806262493
176,35,O,15.99199059,8.83147117,11.34608422,-2,,1.0138425827,-3.03236055374,-1.10136902332
177,0,H,16.58460115,10.35055282,12.00229802,1,,2.13555335999,-2.18891954422,-2.88661122322
177,1,O,12.70410841,13.69679791,12.47164422,-2,,0.613964915276,1.2718334198,0.962667644024
177,2,H,14.09885421,8.63200695,9.91257437,1,,0.384752213955,-0.770999312401,1.5987341404
177,3,O,14.26962819,8.67705752,8.98599243,-2,,-1.46007704735,-1.646235466,-1.09257268906
177,4,H,14.31267344,9.98948027,10.15275506,1,,-1.74671423435,5.15223026276,-0.96809887886
177,5,O,14.35150566,12.01956543,13.58673858,-2,,-5.61271476746,-2.17665863037,-3.28650999069
177,6,O,10.43032953,5.24701572,5.81909826,-2,,-2.1176404953,2.62846565247,-1.06750571728
177,7,H,14.9113971,9.48368922,11.70023462,1,,-4.03443050385,0.800999104977,-0.247641682625
177,8,H,11.36743135,9.7910212,12.39053167,1,,0.818614959717,-1.85380649567,3.14599204063
177,9,H,11.56128116,4.81777512,8.57632877,1,,0.42865383625,-0.176979899406,1.01765632629
177,10,O,13.32784821,13.50370577,10.0402158,-2,,5.15426254272,-3.35525512695,-9.40804195404
177,11,H,12.92886063,13.58409081,10.76411371,1,,-5.28891468048,1.40290474892,8.60160636902
177,12,O,16.28302505,10.98506974,12.5478726,-2,,1.54382252693,6.19359397888,3.17071676254
177,13,H,10.76791524,11.44616554,12.9718,1,,-1.11261594296,1.62517404556,1.52196729183
177,14,H,13.64546508,13.71853118,12.20723103,1,,-0.565449655056,-0.347800910473,1.46502804756
177,15,H,11.10569087,14.42035141,11.10012217,1,,1.26420021057,-0.289333701134,-0.307708501816
177,16,O,11.66572378,9.4183183,13.39146998,-2,,-2.44245791435,2.46290779114,-1.88685011864
177,17,H,10.31911602,8.12994616,9.72993679,1,,2.24465703964,-2.91637182236,-1.30477666855
177,18,O,10.23908521,14.52532032,11.43864248,-2,,-2.54187750816,-1.79869651794,1.09105885029
177,19,H,10.84271605,10.6724917,10.35292822,1,,-0.360573172569,-0.735877990723,2.27610635757
177,20,H,11.08199372,5.49195332,7.17263515,1,,-1.47151279449,0.248640716076,3.49012231827
177,21,O,11.12687835,7.53530111,9.37664788,-2,,-4.34910488129,1.49388659,1.29426515102
177,22,H,16.97524209,11.70498893,12.4720609,1,,-1.52894890308,-1.12602829933,0.385373264551
177,23,H,16.63998519,8.74703484,10.60967196,1,,-0.930620253086,0.00864642858505,3.09466171265
177,24,H,10.42688538,8.86236992,10.86065826,1,,3.32125210762,3.40572690964,1.04289865494
177,25,O,10.62412097,11.81677297,10.43942605,-2,,-0.519345581532,0.416278123856,-0.778076648712
177,26,H,13.35528096,8.36154414,8.7807726,1,,1.32446837425,0.28932633996,-0.710664331913
177,27,O,11.12286096,12.25180805,13.40571908,-2,,-0.584909558296,1.25594842434,2.44410967827
177,28,H,14.16297283,11.08243833,12.98641592,1,,0.593597173691,3.44750499725,2.24371242523
177,29,H,13.44092774,12.47329706,9.99813909,1,,0.19590999186,2.97325468063,-0.106029927731
177,30,H,12.49333142,13.24355982,13.33965973,1,,1.75288367271,0.682860314846,-2.24981880188
177,31,H,11.07983696,4.58654319,6.00332604,1,,-0.686951518059,-1.51427519321,0.301670968533
177,32,H,12.95466198,9.73519401,11.90786323,1,,4.38987255096,-1.22265267372,0.852794826031
177,33,H,9.99369178,13.59487454,11.75583061,1,,1.01797497272,2.24865341187,-0.695439338684
177,34,H,9.68005152,12.03889461,10.36356787,1,,0.532657504082,-0.395373791456,-0.304930061102
177,35,O,13.98530361,9.4226009,12.24132436,-2,,-2.66152000427,0.632240593433,-0.781559824944
177,36,H,16.04074756,8.91139587,12.32393774,1,,1.19053888321,-2.96105766296,5.57371473312
177,37,H,11.35655183,8.26442076,8.81876472,1,,0.952263772488,0.620732724667,-1.25079631805
177,38,H,10.84463878,12.97176553,14.07785604,1,,-0.975780010223,-2.77487969398,-1.71265387535
177,39,H,9.52440377,5.40618241,6.27455331,1,,2.81748247147,-1.66772627831,-0.783519923687
177,40,O,11.1713555,9.62209992,10.91061618,-2,,-3.27766990662,-1.38679623604,-1.70235431194
177,41,O,10.86505723,5.36761587,8.24281572,-2,,-0.591873884201,1.58125913143,-2.70044136047
177,42,H,12.7924529,10.64614384,10.21825249,1,,3.99927735329,1.5572783947,-1.17904686928
177,43,H,12,12,12,1,,1.04258012772,-0.812990903854,-1.42316854
177,44,H,11.12749405,10.01623904,13.97442649,1,,1.11718797684,-1.13722658157,-0.316376328468
177,45,O,13.82024871,10.99041417,9.93793538,-2,,-2.47320151329,-5.358045578,1.89586913586
177,46,H,15.139916,11.81746014,13.93817137,1,,4.14169692993,-1.02763795853,1.91696596146
177,47,H,10.48603826,6.41559806,8.74640163,1,,2.50598359108,-1.60806810856,-0.539931416512
177,48,O,16.11771656,9.05340017,11.45593243,-2,,1.85079479218,-1.15065431595,-9.69656944275
178,0,O,12.84495057,13.7701005,12.59510491,-2,,6.32740783691,1.97346758842,-2.23311376572
178,1,H,14.33127854,10.34489181,10.16559054,1,,4.4108338356,-5.8300948143,0.724743843079
178,2,O,14.51036703,12.09356974,13.66008561,-2,,5.22429227829,3.88491344452,5.52277088165
178,3,H,14.84528062,9.65184866,11.77180911,1,,1.32912826538,0.7410415411,-1.7598490715
178,4,H,11.43417343,9.86589187,12.64416665,1,,1.18437123299,-1.85326600075,0.231994211674
178,5,H,11.72046639,4.83167287,8.73692008,1,,-1.27812361717,1.85871505737,-0.0895429849625
178,6,O,13.44069926,13.58138656,10.09144384,-2,,-2.44033336639,0.298818796873,3.83956694603
178,7,H,12.80055855,13.67413419,11.05914058,1,,3.39413762093,-0.596214294434,-4.66313171387
178,8,H,11.07614247,11.46932035,13.05715204,1,,-1.1780718565,2.97000789642,2.45060658455
178,9,H,13.90469633,13.50277109,12.55510675,1,,-3.7418961525,1.40306329727,-0.144174709916
178,10,H,11.36644004,14.47664121,11.35759759,1,,-1.69968605042,0.0111560374498,0.38000112772
178,11,O,11.78234515,9.53538293,13.53010346,-2,,-2.34462094307,2.05689907074,-0.63351637125
178,12,H,10.43812491,8.15882057,9.84295038,1,,2.13227033615,-3.0396528244,-1.1619579792
178,13,O,10.39095588,14.59426793,11.50131459,-2,,0.0230925157666,-1.19258224964,0.0174282006919
178,14,H,10.80045141,11.07528676,10.3135489,1,,-0.0727586746216,-8.64619350433,-1.93675708771
178,15,H,11.16164689,5.57058907,7.394287,1,,-0.468425154686,-0.675770998001,2.1184296608
178,16,O,11.301381,7.63735414,9.48268193,-2,,-3.95847320557,3.04073429108,0.900057733059
178,17,H,10.9160129,9.00006055,10.82537128,1,,-2.67307710648,-5.52654361725,-0.4994148314
178,18,O,10.78806268,11.89038438,10.52150174,-2,,-0.233441591263,10.0438938141,1.58216094971
178,19,O,11.28354041,12.35532335,13.52426461,-2,,-0.455100178719,-1.44124102592,0.556852221489
178,20,H,14.24817042,11.41452055,13.18838202,1,,-2.20608711243,-5.50207424164,-3.69649124146
178,21,H,13.82108427,12.6759266,10.17553872,1,,-0.554068624973,1.56885612011,-0.0836849734187
178,22,H,12.68329348,13.33871912,13.38081147,1,,-1.01625752449,-1.47900533676,2.23372745514
178,23,H,13.3062632,9.7907691,12.09628675,1,,-2.65818691254,1.12319386005,-1.41878962517
178,24,H,10.02966581,13.69290005,11.70954588,1,,1.16138887405,1.71704304218,-0.106501996517
178,25,H,9.90533822,12.21860631,10.61901491,1,,-0.697121918201,0.185604810715,-0.44593000412
178,26,O,14.13118458,9.50272839,12.32475088,-2,,1.75786185265,-2.24373698235,3.44483375549
178,27,H,11.44998466,8.40631818,8.92158759,1,,1.30954289436,-0.0472040176392,-0.687954425812
178,28,H,10.95786346,13.03162895,14.14694945,1,,-1.34342324734,-1.62817180157,-0.384694844484
178,29,O,11.37000152,9.71302742,11.01465102,-2,,3.60679936409,5.03843402863,1.28152680397
178,30,O,10.99676434,5.47519951,8.41452563,-2,,0.844492673874,-1.10345542431,-3.44622087479
178,31,H,13.04750485,10.7165846,10.23628074,1,,1.0995644331,1.99562501907,-0.632676184177
178,32,H,12,12,12,1,,1.44777369499,-0.6569185853,-1.43945336342
178,33,H,11.14457363,10.12976574,13.98400374,1,,0.99798732996,-1.10987734795,1.30443918705
178,34,O,13.96140543,11.11212497,10.01294402,-2,,-5.51769638062,2.6226978302,-0.597929656506
178,35,H,15.3417624,11.7198819,14.16311238,1,,-2.67892074585,1.34945511818,-1.55875778198
178,36,H,10.87385432,6.47504136,8.63845477,1,,0.964824855328,-1.31161630154,1.03140330315
179,0,O,13.03234266,13.80451689,12.74507636,-2,,5.34815740585,-1.29508781433,2.03985643387
179,1,H,14.61278194,10.40938673,10.2416505,1,,1.43975818157,-0.45535749197,-0.520506739616
179,2,O,14.70508958,12.13645129,13.77876741,-2,,3.4480073452,-1.62228608131,2.80753016472
179,3,H,14.87187836,9.84526512,11.76939818,1,,0.728670120239,0.161775171757,-0.26073589921
179,4,H,11.55730289,9.79025257,12.85614104,1,,0.275403231382,-1.02920162678,-3.03187131882
179,5,O,13.5741563,13.61574662,10.18827258,-2,,-2.87248444557,0.379412889481,4.24319267273
179,6,H,12.84627699,13.66833954,11.17445041,1,,4.81258916855,-0.675508499146,-5.10363292694
179,7,H,11.32810797,11.56919812,13.28063296,1,,-1.66311979294,-0.713211596012,0.703915297985
179,8,H,14.00155955,13.27156895,12.94018552,1,,-2.26773500443,2.78456997871,-1.87868583202
179,9,H,11.55089611,14.4897009,11.64899146,1,,-1.53194904327,-0.258342266083,0.290268629789
179,10,O,11.92173863,9.61544429,13.70225318,-2,,-0.516579091549,0.419554829597,1.6580696106
179,11,H,10.50319959,8.00958059,9.99324065,1,,1.95618009567,-1.97548663616,-1.46375060081
179,12,O,10.57283873,14.61020968,11.5921682,-2,,1.53993201256,2.95386505127,-0.474966108799
179,13,H,10.7830787,11.03516132,10.24016398,1,,0.539984941483,2.02485990524,1.45360350609
179,14,O,11.49849504,7.70056899,9.617452,-2,,-2.50984692574,3.05377626419,-0.693107187748
179,15,H,8.45392705,8.72541,10.59938025,1,,-0.229739904404,0.422209978104,0.212881550193
179,16,H,11.29772463,8.91062764,10.81457957,1,,1.23138952255,0.605136871338,0.921516597271
179,17,O,10.98216057,11.9512519,10.64437388,-2,,-2.46269726753,-0.382229089737,-2.06713533401
179,18,O,11.47408962,12.4065471,13.67012721,-2,,0.118660449982,1.35413324833,1.77619922161
179,19,H,14.28117152,11.46799408,13.23741375,1,,0.304299980402,-0.863435149193,0.265103161335
179,20,H,14.2121786,12.87978156,10.37592685,1,,-1.36632323265,1.42043817043,-0.0629971697927
179,21,H,12.84093826,13.30711628,13.56452021,1,,-1.70366489887,0.979449272156,-0.704945087433
179,22,H,13.48283978,9.8624684,12.22713919,1,,-2.80697464943,0.659648299217,-0.673715054989
179,23,H,10.11873497,13.82687822,11.72319729,1,,-0.528661549091,-1.98486161232,0.667270720005
179,24,O,9.09667219,8.09057981,10.32351457,-2,,-0.0532429218292,-0.264563530684,-0.0296166390181
179,25,H,10.13057639,12.34800491,10.90990811,1,,0.665739536285,-0.507981002331,-0.710930228233
179,26,O,14.3051109,9.53083173,12.45219412,-2,,2.28548979759,-1.1444838047,1.20615172386
179,27,H,11.59847838,8.54071556,9.04570399,1,,0.304091751575,-2.25896573067,0.825015306473
179,28,H,11.01184767,13.00919513,14.25656223,1,,-1.06734919548,-1.21200585365,-0.122691676021
179,29,O,11.60862172,9.7727637,11.15804775,-2,,-0.357570171356,-0.956700801849,-0.27933678031
179,30,H,13.32797768,10.80772599,10.24491871,1,,-5.70696783066,-1.22001218796,0.715772628784
179,31,H,12,12,12,1,,1.59163761139,-0.579274535179,-0.144131302834
179,32,H,11.2096071,10.11864755,14.09147078,1,,0.056661747396,-0.238825842738,1.99455046654
179,33,O,14.1123083,11.2019178,10.12251674,-2,,4.39539146423,0.522032797337,-0.729217410088
179,34,H,15.47686606,11.64292098,14.39669008,1,,-3.39713907242,1.89695906639,-2.8289244175
