frame,atom_index,symbol,x_A,y_A,z_A,formal_charge_e,predicted_charge_e,force_x_eV_A,force_y_eV_A,force_z_eV_A
0,0,H,9.04638977,12.69041951,12.97776359,1,0.219410166144,0.751115739346,1.29641544819,-4.01638889313
0,1,O,12.00387415,11.99911896,10.68902028,-2,-0.319606482983,6.19797134399,2.70425319672,4.4138250351
0,2,H,10.22830312,10.6984727,9.70881406,1,0.247096627951,-0.569504141808,-1.73384988308,-0.961008250713
0,3,H,14.00025823,13.35300633,11.50542538,1,0.223001465201,0.870441436768,-0.999299108982,-0.532233059406
0,4,O,10.97866385,11.25748,13.29951981,-2,-0.363818466663,3.02824807167,-1.69186735153,2.22706985474
0,5,H,15.82112532,15.97842313,10.34284957,1,0.246961534023,-2.74872231483,1.19832801819,-0.70750784874
0,6,O,9.96369866,11.25927459,10.41597623,-2,-0.379650533199,-1.97513377666,-1.57181465626,1.08401179314
0,7,H,11.3519755,11.6732565,10.03630506,1,0.214769721031,-0.335510641336,0.638547599316,0.610252737999
0,8,O,9.3618432,13.00705177,11.99288639,-2,-0.427317172289,1.06178331375,1.5906150341,5.56071281433
0,9,O,14.83745983,16.08654433,9.99885862,-2,-0.423649251461,3.83374619484,1.65620100498,1.53934812546
0,10,H,14.80853881,15.24095,9.63886689,1,0.239323496819,-0.463692873716,-1.738240242,-2.74794888496
0,11,H,14.67245584,12.87886678,13.65407252,1,0.248207956553,-0.290299594402,0.00847849622369,-0.0463624447584
0,12,H,10.95254067,12.17837727,13.47765241,1,0.242770373821,-0.822632789612,1.65858757496,0.143606156111
0,13,O,13.32446879,9.04398124,12.27421419,-2,-0.503341317177,-0.219043418765,0.171865105629,1.81730210781
0,14,H,10.90453624,15.67634478,12.60716,1,0.27669942379,-0.437722414732,2.89853477478,-0.734000742435
0,15,H,13.56362747,9.87090693,12.79555474,1,0.268547058105,-0.284931510687,-2.02227401733,-0.77410119772
0,16,O,14.19978606,15.18390615,12.28964695,-2,-0.436740905046,-3.19277334213,2.73755741119,0.0109217688441
0,17,H,13.78443062,16.15102937,12.43821627,1,0.237836807966,1.63393270969,-3.26501488686,-0.704265654087
0,18,O,14.24708423,13.48946884,10.55915739,-2,-0.409552276134,-0.776376903057,-1.00224781036,0.760782241821
0,19,H,10.88627862,14.5775183,13.5538635,1,0.277240723372,0.019159860909,-0.283815085888,1.81429481506
0,20,O,9.72445356,13.79012895,9.61162596,-2,-0.551937699318,2.05032253265,-7.96782255173,-0.395909070969
0,21,H,12.90524926,12.49931331,10.37194059,1,0.247163027525,-2.55200624466,-1.21754193306,0.292367100716
0,22,H,9.65064036,13.10553721,10.52916952,1,0.198732823133,-0.0457795932889,1.56799352169,-4.30606174469
0,23,O,10.9954168,14.76282272,12.64360511,-2,-0.285743057728,1.26142704487,-1.65499901772,-0.491577386856
0,24,H,13.6731646,14.81825083,11.47399678,1,0.215953171253,0.172119274735,2.45689201355,3.29225492477
0,25,H,10.0047654,10.76535674,11.28169113,1,0.255838871002,-0.0993055850267,0.50899296999,-1.55938231945
0,26,H,11.58915171,10.965758,14.09064478,1,0.237163200974,-1.9088742733,0.0306701958179,-2.1499273777
0,27,H,13.28209377,12.16114818,13.81965431,1,0.254832208157,0.813396453857,0.402195006609,-0.157063364983
0,28,O,13.89275673,12.55739369,13.17444373,-2,-0.393849611282,-0.629928410053,-0.657778739929,0.317975819111
0,29,H,12,12,12,1,0.294348418713,-0.509366154671,-0.791339099407,-4.91447591782
0,30,H,9.50146159,14.43832449,10.12925478,1,0.237513929605,-2.23230600357,6.81475114822,3.53748416901
0,31,H,14.50632789,14.42576911,10.65081963,1,0.195299625397,0.889019966125,-0.883684754372,-0.703588366508
0,32,H,10.14150509,13.8847987,12.15432366,1,0.162484005094,-3.09468173981,-2.71270108223,-0.437751442194
0,33,H,13.11346635,8.28563039,12.90916784,1,0.254012256861,0.605906188488,1.85341107845,-1.0826574564
1,0,H,8.97480461,12.80929996,12.87306965,1,0.239339083433,0.680420875549,1.09637212753,-2.67390346527
1,1,O,11.90217079,12.06931715,10.55410876,-2,-0.355809628963,3.6545727253,1.88221228123,3.01718330383
1,2,H,10.16171883,10.75349816,9.52383193,1,0.226905375719,-1.17283689976,0.320061653852,2.84150075912
1,3,H,13.96727324,13.44596543,11.45704084,1,0.226384416223,1.30576753616,-0.919646859169,-1.2171536684
1,4,O,11.63156511,9.68651926,9.62723557,-2,-0.43417981267,-0.272524505854,-2.8914437294,-3.84328126907
1,5,O,14.10762601,9.21764874,9.35969156,-2,-0.502406954765,0.0151492357254,2.86340379715,3.2984058857
1,6,O,10.87723433,11.37470378,13.2649456,-2,-0.402613461018,1.90924704075,-1.09493613243,-0.271118342876
1,7,H,15.73542402,16.10180106,10.18615888,1,0.245568662882,-1.45740628242,1.08121013641,0.147129699588
1,8,O,9.86491405,11.3141633,10.34519469,-2,-0.465672433376,-2.64502859116,0.072867937386,-6.18236160278
1,9,H,11.2773047,11.84240799,9.78350125,1,0.23242482543,0.809738218784,0.809890985489,1.68555676937
1,10,H,11.60808398,9.44937698,13.16112257,1,0.238409951329,-0.958400726318,-1.74898386002,3.3173186779
1,11,O,9.32684714,13.05902747,11.93511842,-2,-0.446811765432,-3.56378936768,-3.64250135422,2.67273068428
1,12,O,14.76164752,16.15377454,9.94402852,-2,-0.421029627323,2.6955640316,-0.278155863285,-0.508048474789
1,13,O,11.4649758,9.2146311,14.17450228,-2,-0.476064234972,-0.504040062428,3.518679142,-3.21248745918
1,14,H,14.79270241,15.2967571,9.51497499,1,0.238328427076,-0.436894506216,0.398236751556,-1.78423583508
1,15,H,11.59169993,7.06201116,13.63484854,1,0.200124263763,-1.75826489925,-0.685028970242,-1.39422404766
1,16,H,14.59294819,12.87223922,13.77269182,1,0.240074634552,-2.38406419754,-0.791273713112,-1.76998615265
1,17,H,10.69552378,12.2905243,13.35617157,1,0.239565357566,-0.33622854948,1.1060551405,0.745616436005
1,18,H,12.18584946,9.55472978,10.41376318,1,0.220116704702,-0.810365080833,-0.856081783772,-0.359043329954
1,19,O,13.21295014,9.09534033,12.16698153,-2,-0.418516337872,-0.19312132895,-0.307829916477,-1.48297905922
1,20,H,14.93163633,9.8014365,9.30715948,1,0.238429263234,-1.69895267487,-1.22778689861,0.196478441358
1,21,H,13.33345359,9.88939445,12.64924508,1,0.251170217991,0.65984582901,1.13723802567,0.82498139143
1,22,O,14.10858481,15.26357454,12.17476066,-2,-0.480469912291,0.670432031155,-3.8010058403,-1.19510400295
1,23,H,13.64449427,15.99052871,12.4367023,1,0.250761270523,-2.04663491249,3.12816953659,0.803826749325
1,24,O,14.16172655,13.6240473,10.48129845,-2,-0.409591168165,-1.11174738407,-2.53838729858,1.12409424782
1,25,H,12.68137763,12.70109291,10.50764164,1,0.22568333149,-1.21465778351,-0.876574039459,-1.78417742252
1,26,H,13.66716017,14.80844322,11.35168525,1,0.212377250195,-0.663910150528,3.2020611763,4.04235696793
1,27,H,10.07887928,10.85218739,11.10332921,1,0.240289479494,0.716240048409,-1.81080448627,2.21601581573
1,28,H,11.37486651,10.89350269,14.01281451,1,0.23124012351,-1.27863848209,0.391031235456,-0.403787016869
1,29,H,13.05848806,12.24298307,13.57337051,1,0.248712226748,1.6331911087,0.674559175968,-0.305501878262
1,30,O,13.86084482,12.5921623,13.09415004,-2,-0.395825892687,0.41648170352,-0.184457957745,1.83544051647
1,31,O,12.3231702,6.83507582,14.16173585,-2,-0.776386260986,1.42972099781,1.02444577217,0.430711299181
1,32,H,12,12,12,1,0.249708086252,-0.86192971468,-0.569010138512,-1.82329165936
1,33,H,13.57074473,9.61560452,10.25382214,1,0.229821443558,3.60123920441,-1.84673404694,-3.83031725883
1,34,H,11.8173039,8.29891329,14.30091622,1,0.143350660801,1.18292546272,-1.69861400127,0.971753001213
1,35,H,11.83651308,8.95779863,8.82406758,1,0.244302392006,-0.191483348608,2.82493805885,3.93830227852
1,36,H,14.38750247,14.54766011,10.52496611,1,0.19660961628,1.45259606838,0.0738916769624,-0.878782689571
1,37,H,9.87635078,13.76604825,11.99907315,1,0.253322720528,2.25220274925,3.54489469528,0.494079977274
1,38,H,12.90831024,8.46548742,12.83895778,1,0.222357690334,0.47558388114,-1.38096213341,0.316302537918
2,0,H,8.96436669,12.94400932,12.75648162,1,0.250209867954,-3.1838092804,-0.914534032345,5.76774835587
2,1,O,11.83746161,12.15315833,10.51791379,-2,-0.33518627286,1.18308138847,-1.06684374809,2.39665651321
2,2,H,10.05383791,10.84523126,9.60234736,1,0.214191824198,-0.126740902662,-1.12708461285,-0.325366139412
2,3,H,14.01741449,13.51968023,11.44155345,1,0.216998249292,0.92956507206,-0.703449368477,-0.503420114517
2,4,O,11.52337375,9.77044,9.55872192,-2,-0.448753833771,-1.44946622849,3.00974011421,4.3760676384
2,5,O,14.01156364,9.25836812,9.36461645,-2,-0.473246157169,0.501553952694,3.93025493622,3.7803542614
2,6,O,10.80660368,11.49372957,13.31831367,-2,-0.401245594025,-0.735692322254,4.94937372208,-4.10818099976
2,7,H,15.61627879,16.27891127,10.14159963,1,0.258750081062,3.1782553196,0.826302111149,1.05251121521
2,8,O,9.78409274,11.37568541,10.34457889,-2,-0.468509554863,-1.92975950241,-0.811137318611,0.528913974762
2,9,H,11.28753613,12.07347938,9.69751136,1,0.239182114601,0.305352240801,0.437363684177,1.18500494957
2,10,H,11.49029358,9.56016679,13.23515509,1,0.236390307546,-0.530039548874,-1.66907155514,1.1006872654
2,11,O,9.30050799,13.10452572,11.97063193,-2,-0.445635199547,1.57876944542,-0.0318311303854,-5.36045217514
2,12,O,14.71778475,16.23188424,9.97894398,-2,-0.414100915194,-2.15550947189,-2.41983747482,-3.37012028694
2,13,O,11.42381794,9.2932028,14.17776646,-2,-0.48013523221,-0.873250186443,3.28807258606,-0.70302271843
2,14,H,14.76169969,15.40673678,9.36599571,1,0.249790593982,-0.233811035752,2.693836689,0.276081055403
2,15,H,11.46939604,7.02791872,13.51852911,1,0.190091386437,1.27605712414,-0.97663974762,0.942759692669
2,16,O,15.96176593,13.95500436,12.89440952,-2,-0.554931461811,-0.208555042744,6.46014356613,0.717880606651
2,17,H,14.39871659,12.87593726,13.92359635,1,0.231691539288,-1.18090164661,-0.308230310678,-1.54481887817
2,18,H,10.47620639,12.46423249,13.38061526,1,0.244742512703,0.9922773242,-3.15565276146,0.616191923618
2,19,H,12.11261163,9.70102716,10.3659008,1,0.225526303053,-1.60878407955,-0.499659895897,-1.4825412035
2,20,O,13.12286221,9.15313195,12.14350507,-2,-0.418582886457,-0.206634044647,0.433505326509,-0.487438738346
2,21,H,14.72813804,9.98057736,9.39454321,1,0.232185915112,-1.01532578468,-1.79673397541,-0.771270036697
2,22,H,15.85478777,13.07906163,12.77008554,1,0.239657312632,-0.678900897503,-4.05036354065,-1.14748990536
2,23,H,15.13320922,14.61404156,12.64754716,1,0.169154450297,2.80060005188,-2.8050096035,0.936363339424
2,24,H,13.14598214,9.96973279,12.63119481,1,0.242913544178,0.708842992783,0.833554387093,0.138191342354
2,25,O,14.04102224,15.33985682,12.14504809,-2,-0.329501658678,2.05709576607,5.95015287399,8.23197460175
2,26,H,13.43151805,15.98154056,12.5361567,1,0.262505531311,0.563890337944,0.151404216886,0.314964085817
2,27,O,14.09799325,13.75944067,10.49853811,-2,-0.441146105528,-0.95879805088,-1.9950889349,-0.577726125717
2,28,H,12.39792862,12.8799863,10.63417058,1,0.2326592803,1.63875424862,2.22465372086,-1.6259932518
2,29,H,13.60550219,14.96662826,11.51834302,1,0.223581448197,-4.91449737549,-2.99181962013,-5.51162481308
2,30,H,10.1783339,10.87809722,11.1072205,1,0.23242379725,-0.935301482677,0.700832903385,-1.02082073689
2,31,H,11.10445322,10.9279191,13.98225949,1,0.225009575486,0.574463129044,-1.63314950466,3.49192667007
2,32,H,12.92503252,12.40369845,13.42823168,1,0.237563729286,1.88638651371,0.314405500889,-0.0532640516758
2,33,O,13.85293198,12.62933778,13.10596558,-2,-0.387459844351,-1.75423574448,-0.553137540817,1.77955675125
2,34,O,12.22608749,6.95010735,14.18293729,-2,-0.720683932304,-1.7030621767,1.43863964081,-1.62983739376
2,35,H,12,12,12,1,0.204254731536,-1.0907253027,-0.584151446819,-1.07216060162
2,36,H,13.55343108,9.6793057,10.26251886,1,0.217188760638,2.21481513977,-2.42200684547,-3.21452188492
2,37,H,11.68164133,8.31660084,14.33360932,1,0.134466826916,1.05801737309,-1.72237956524,0.289910286665
2,38,H,11.79175971,9.20703195,8.92847873,1,0.245081096888,2.03933930397,-3.35766291618,-3.20588254929
2,39,H,14.32397755,14.69481816,10.46067996,1,0.190496385098,0.651332557201,-0.482766270638,-0.196157500148
2,40,H,9.80215305,13.87920245,11.9880103,1,0.259539484978,0.854090690613,2.11022925377,0.0245102718472
2,41,H,12.76350331,8.61179006,12.87070235,1,0.212872192264,0.481260061264,-1.6742259264,-0.036143258214
3,0,H,8.87127667,13.01879536,12.90607139,1,0.207191616297,0.26288241148,-0.527899563313,-1.34585809708
3,1,O,11.80458031,12.24340955,10.52251282,-2,-0.312954932451,3.7641017437,2.88173651695,3.21820950508
3,2,H,9.967947,10.89346725,9.71535008,1,0.208801150322,0.744552850723,-2.75332212448,-3.85024833679
3,3,H,14.12985056,13.59285436,11.43969158,1,0.215109676123,0.767193078995,-0.465998917818,1.23381447792
3,4,O,11.43376193,9.87024532,9.5352812,-2,-0.446415901184,-0.558119595051,-0.269698441029,-1.67350399494
3,5,O,10.76080281,11.62987832,13.39267545,-2,-0.415873587132,1.20293998718,1.22017014027,-1.47774481773
3,6,H,6.8876523,14.50428252,14.49463575,1,0.252915948629,0.520970702171,-0.371016591787,0.036084163934
3,7,O,9.72477455,11.44277791,10.37772071,-2,-0.440522104502,-1.63195621967,0.461574316025,4.47484397888
3,8,H,11.36070013,12.34675825,9.69091574,1,0.225464269519,-0.961820781231,-0.273468196392,-0.994309306145
3,9,H,11.37327658,9.62370771,13.36726361,1,0.234192922711,-0.512432456017,0.132945120335,-5.4240603447
3,10,O,9.29586278,13.15218392,12.02236563,-2,-0.446252167225,1.03119277954,4.24102640152,2.49356651306
3,11,O,11.40831243,9.38544438,14.21209105,-2,-0.510448634624,-0.899525761604,1.38816428185,6.22088432312
3,12,H,8.01102367,14.12044712,13.23466235,1,0.251601219177,-4.56913566589,2.25649428368,1.63687682152
3,13,H,16.93299654,13.38506936,9.09749796,1,0.262182563543,-0.0375981405377,-0.276037573814,1.37054204941
3,14,H,11.43853194,6.96964711,13.50305277,1,0.196675866842,1.56833052635,-0.357931703329,1.42192912102
3,15,O,15.95046983,14.06357636,12.90044711,-2,-0.553819358349,-3.07260322571,1.55934357643,-1.81911277771
3,16,H,14.13336173,12.90380024,14.0490535,1,0.230069428682,0.949925899506,0.178377121687,0.121020302176
3,17,H,10.3482994,12.50417358,13.47604737,1,0.242211699486,0.204482495785,-1.27056121826,0.424768954515
3,18,H,11.99058508,9.84884242,10.28274557,1,0.238872647285,1.24837613106,-0.271669179201,1.91228210926
3,19,O,13.0555327,9.21949519,12.15079416,-2,-0.458503007889,-0.8261500597,2.18675732613,1.82409656048
3,20,H,10.74018463,15.83874917,12.58935126,1,0.257058590651,-0.934156119823,5.9714050293,-1.58570635319
3,21,H,15.71345501,13.13054843,12.7609647,1,0.2122605443,0.949405193329,0.389580011368,-0.12476439774
3,22,H,15.07521434,14.6104422,12.41609447,1,0.157118231058,4.70981502533,-2.45995235443,3.02864146233
3,23,H,13.0219566,10.10772182,12.65377979,1,0.231570526958,0.748792171478,-1.81705141068,-1.41784930229
3,24,O,14.0057308,15.43272171,12.16931306,-2,-0.322635322809,-6.83909749985,4.80936336517,1.11636269093
3,25,H,15.95429849,12.60938869,10.50215823,1,0.116512447596,0.0921046882868,-3.19194889069,0.936497569084
3,26,H,13.25243501,16.03382443,12.65234262,1,0.251198291779,3.5176782608,-1.62060618401,-0.665413081646
3,27,O,14.05867465,13.89521357,10.54905621,-2,-0.394130676985,-1.05556595325,0.801748275757,-3.62573385239
3,28,H,10.71602863,14.95060557,13.61015161,1,0.264781475067,0.418536633253,-1.15739643574,-1.7631316185
3,29,O,9.49294295,13.92802242,9.6635465,-2,-0.560280799866,1.75197637081,-2.15442848206,1.42724323273
3,30,H,12.18875513,13.15202727,10.69982806,1,0.238992363214,-0.308979839087,-1.40679883957,-1.01282286644
3,31,H,9.79772433,13.17239583,10.49157384,1,0.240265458822,-2.17973446846,3.00674080849,-3.36153507233
3,32,O,16.58536979,13.54007056,10.01728348,-2,-0.318257808685,2.81571507454,2.71698713303,-3.34738993645
3,33,O,10.87229187,14.9650445,12.59746387,-2,-0.265172094107,1.51229643822,-3.31828474998,3.77682089806
3,34,H,13.32098238,15.05296694,11.54445635,1,0.235819026828,1.1146171093,0.237684845924,1.10364151001
3,35,H,10.22860456,10.95994971,11.10663187,1,0.230269134045,-1.79109537601,1.17773938179,-0.95103764534
3,36,O,7.05920379,14.59434955,13.55212399,-2,-0.516912698746,3.60064268112,-1.37247085571,-1.7252959013
3,37,H,10.87172233,10.9921326,14.12195476,1,0.225489363074,-0.04584389925,-0.544012069702,1.01733279228
3,38,O,15.74684826,11.63341162,10.84132114,-2,-0.55839240551,-0.322924822569,0.136365652084,0.27804851532
3,39,H,12.90135757,12.61791199,13.33563082,1,0.230706289411,0.525411605835,-0.387695610523,-0.326574712992
3,40,O,13.86735394,12.67058084,13.15438175,-2,-0.371904879808,-2.66788458824,-0.319340348244,0.382034808397
3,41,O,12.14915509,7.0766303,14.23072943,-2,-0.657559812069,-2.30561161041,1.05904090405,-1.63264203072
3,42,H,12,12,12,1,0.185429543257,-0.658661365509,-0.485002338886,-0.715273559093
3,43,H,9.43236027,14.8953067,9.75779855,1,0.230453878641,0.224577844143,-0.852332115173,0.634398043156
3,44,H,15.85896139,14.10373554,9.80929743,1,0.262184053659,-0.562703847885,0.81571906805,0.0325095281005
3,45,H,11.60110058,8.3060142,14.42001199,1,0.10545091331,1.15672755241,-1.56447255611,-0.398101657629
3,46,H,11.90915585,9.32139551,8.919727,1,0.244982674718,0.0652001276612,-0.453643321991,-0.544387221336
3,47,H,14.8356913,11.74056842,11.06575955,1,0.234601080418,-0.937274634838,-0.949438214302,0.289694219828
3,48,H,14.28886614,14.85526954,10.43191809,1,0.2454893291,0.120947085321,-1.78602075577,0.257096767426
3,49,H,9.88503292,14.17363269,12.06111652,1,0.182501420379,-2.86110091209,-4.2290725708,0.111180692911
3,50,H,12.68409779,8.70181726,12.92729161,1,0.201612472534,0.950584471226,-0.721393883228,-0.997925341129
4,0,H,8.80100547,13.06351072,13.0474962,1,0.198475927114,1.83402073383,-0.18289847672,-4.30701446533
4,1,O,11.79362275,12.34858769,10.54371461,-2,-0.278161346912,2.23809242249,5.30531692505,1.11216056347
4,2,H,9.9317391,10.84567298,9.6932724,1,0.197110593319,-0.62721580267,1.72062933445,1.18189120293
4,3,H,14.26805032,13.6789104,11.47970674,1,0.215043544769,0.0770247578621,0.691296935081,-0.153135612607
4,4,O,11.3483438,9.97789625,9.51861183,-2,-0.483234673738,2.7608487606,-2.70636963844,-3.88253855705
4,5,O,10.72989484,11.7689983,13.46934053,-2,-0.391521632671,3.55967330933,-4.22999191284,2.05768322945
4,6,H,6.83493538,14.55599033,14.53083693,1,0.248670637608,1.05376029015,-0.534465789795,-0.757935225964
4,7,H,15.65910398,16.72966777,10.27634452,1,0.268594861031,-2.7967312336,-0.9202491045,-0.46783003211
4,8,O,9.67191749,11.51506538,10.42908314,-2,-0.458674103022,-2.27606892586,-0.831742465496,-5.29129219055
4,9,H,11.42269176,12.60458367,9.6585892,1,0.212267622352,-0.40747410059,-1.50434434414,0.298223406076
4,10,H,11.25903085,9.70639755,13.29562957,1,0.226628109813,0.218120858073,-1.50367069244,2.32180309296
4,11,O,9.30607628,13.22109553,12.08095759,-2,-0.444275379181,-0.869723141193,4.10757827759,5.55111312866
4,12,O,14.68643736,16.39734939,10.09752912,-2,-0.365885287523,3.07904672623,0.887072503567,-2.04312348366
4,13,O,11.40418925,9.48298464,14.26884508,-2,-0.565897405148,-1.80333709717,3.27114343643,-1.30178129673
4,14,H,8.0096645,14.1879594,13.18239253,1,0.24492007494,-4.46502065659,2.19343209267,2.19506883621
4,15,O,8.70862985,10.61675447,12.42240552,-2,-0.461237698793,-3.73621535301,-3.12830042839,-2.7553768158
4,16,H,14.7088626,16.08285257,9.1298046,1,0.267760634422,-0.0444103293121,1.17467153072,1.77850794792
4,17,H,16.84833018,13.58552558,9.10335277,1,0.256924510002,0.367903321981,-0.999516010284,1.41049909592
4,18,H,11.49238913,6.92790589,13.59008108,1,0.229445278645,-0.509148359299,-0.648297786713,-0.651689589024
4,19,H,13.89463467,12.96909628,14.1787055,1,0.227123588324,1.37775218487,-0.569717824459,-1.015188694
4,20,H,10.244132,12.51251184,13.59283417,1,0.232233703136,-2.20447325706,3.01098394394,0.290331631899
4,21,H,11.90210506,10.00885142,10.28376771,1,0.220816507936,0.59018266201,-0.155457362533,1.2011487484
4,22,O,12.99503514,9.29799039,12.17130268,-2,-0.468544900417,-0.407478272915,1.12001514435,0.378421127796
4,23,H,10.68953666,16.04149317,12.48980739,1,0.266663759947,0.477735459805,-2.21570420265,0.116168782115
4,24,O,12.84587636,8.33830632,8.15220609,-2,-0.367667645216,-1.01481854916,0.00692309718579,-1.83135437965
4,25,H,12.94429712,10.17513867,12.61630912,1,0.235922202468,0.60919302702,-0.641812264919,-0.500086128712
4,26,H,15.89070227,12.65759286,10.56747578,1,0.13232204318,0.245880901814,-3.16283512115,0.670491337776
4,27,H,9.53666832,10.52208227,12.78458394,1,0.217760398984,2.62143802643,-0.499539971352,1.42282879353
4,28,O,14.02898964,14.03027215,10.60101107,-2,-0.460140705109,-0.746292054653,0.584456086159,-0.295167773962
4,29,H,10.73152804,14.98029955,13.60881221,1,0.268875479698,0.0223622396588,-0.1303537637,0.670886933804
4,30,O,9.45555444,13.9957144,9.73970491,-2,-0.598566949368,1.51690840721,-10.1789464951,1.39593482018
4,31,H,11.99248419,13.36947035,10.72774069,1,0.231354787946,0.259891360998,-2.94516706467,0.0144631713629
4,32,H,9.8094767,13.22310933,10.55989026,1,0.257178723812,-2.3080136776,2.92389917374,-3.17441225052
4,33,O,16.57046953,13.62268444,10.06356973,-2,-0.35299217701,0.430219352245,5.51117324829,-4.22760725021
4,34,O,10.87081182,15.0480172,12.66402627,-2,-0.280826449394,0.356559932232,3.62070989609,-0.459585011005
4,35,H,8.68422265,9.86814237,11.68740498,1,0.229751139879,-0.231775924563,2.49406480789,2.36880373955
4,36,H,10.19339603,11.13409808,11.06576072,1,0.223191678524,1.27110278606,-1.03398525715,2.67429733276
4,37,O,7.08189501,14.67502775,13.59251818,-2,-0.525077998638,2.98168039322,-1.10450339317,-1.65322601795
4,38,H,13.60265963,7.99230631,7.68347489,1,0.26733648777,0.816600382328,-0.118687205017,0.270643532276
4,39,H,10.64753179,11.12626587,14.30901659,1,0.226973563433,1.04031634331,0.656797647476,-1.97222554684
4,40,O,15.75325066,11.67495773,10.88594098,-2,-0.560629844666,-2.76437520981,1.02017116547,0.416366487741
4,41,H,12.91190219,12.84277987,13.23817953,1,0.234238103032,0.160352319479,-0.432782441378,-0.898030102253
4,42,O,13.88566063,12.71473806,13.21276609,-2,-0.400567948818,-1.72654390335,1.04869747162,2.05662178993
4,43,O,12.07626382,7.21103819,14.27957167,-2,-0.60725414753,-0.426200181246,1.61038672924,0.921517372131
4,44,H,12,12,12,1,0.200102418661,-0.49935516715,-0.269427120686,-0.880263268948
4,45,H,9.47330569,14.85308523,9.70018598,1,0.243314027786,0.536421775818,7.32559013367,0.450913965702
4,46,H,15.89304588,14.3606515,9.84600459,1,0.265373468399,1.28029739857,-1.74508333206,1.46356523037
4,47,H,11.56865793,8.28651771,14.49756396,1,0.0911125391722,1.49501645565,-2.08943104744,-0.952666223049
4,48,H,12.08449725,9.3937028,8.84848765,1,0.181255504489,-2.84206938744,2.3561732769,3.11446094513
4,49,H,14.77643445,11.79820364,11.05142412,1,0.227145537734,1.39178061485,-1.33509945869,-0.0691446661949
4,50,H,14.26621158,15.00215619,10.44646958,1,0.16945168376,-0.442737042904,-1.52108061314,1.55817341805
4,51,H,9.88465447,14.2797428,12.18066379,1,0.17683134973,-2.36509251595,-4.17661762238,-0.198846980929
4,52,H,12.67129768,8.77095482,12.93970677,1,0.205403268337,0.499166965485,-0.635469198227,-0.320270657539
4,53,H,12.26594054,8.57557325,7.38832966,1,0.273582696915,0.345219314098,-0.489635825157,0.696801841259
5,0,H,8.84260575,13.11148362,12.99803879,1,0.170554220676,-0.165777787566,0.89719158411,-1.32734048367
5,1,O,11.79607927,12.47244861,10.56653557,-2,-0.241161048412,1.30931484699,3.63888430595,-0.886677145958
5,2,H,9.87481573,10.89974902,9.7520009,1,0.189883708954,-0.818406164646,1.66987335682,1.23939085007
5,3,O,11.27666897,10.07687851,9.48798926,-2,-0.390964627266,6.25703668594,-2.62977480888,-1.23518109322
5,4,O,10.71281466,11.89092128,13.54967067,-2,-0.364490628242,-0.129572510719,0.976305603981,2.10665488243
5,5,O,9.61797406,11.58290514,10.46485612,-2,-0.472786724567,-0.458649247885,-1.89877283573,-3.29746747017
5,6,H,9.20694772,12.72014814,14.81023816,1,0.248485073447,6.48220682144,-3.37355732918,3.56484556198
5,7,O,17.2158008,16.0508487,10.93568004,-2,-0.478841930628,2.37261009216,-5.08645868301,0.502301096916
5,8,H,11.49219922,12.76674785,9.64474289,1,0.226971849799,-0.0620364025235,-2.22444796562,0.700958192348
5,9,H,11.16970082,9.75168719,13.32972174,1,0.211488515139,0.595327556133,-1.0832092762,3.06892681122
5,10,O,9.32015587,13.30631493,12.14875516,-2,-0.434802353382,0.708068490028,2.47666072845,-0.116217002273
5,11,O,11.40512812,9.58525691,14.32036568,-2,-0.632916927338,-2.00548028946,2.90943098068,-2.26193213463
5,12,O,8.6620059,10.71041747,12.45524648,-2,-0.445800065994,0.120513066649,-2.28958845139,-0.46378839016
5,13,H,16.78542603,13.75897333,9.14798176,1,0.264720857143,0.970961272717,-1.21444034576,0.0600257739425
5,14,H,11.50077209,6.90381573,13.65508926,1,0.247942626476,-0.328918576241,-0.115594811738,-0.0845842584968
5,15,H,13.74011768,13.03895821,14.24289997,1,0.227806672454,1.36576116085,-1.01103341579,-1.44715583324
5,16,H,10.09658771,12.64725332,13.69454413,1,0.196312367916,1.68547809124,-0.659134030342,-1.66973388195
5,17,H,11.822464,10.18260576,10.33585616,1,0.227865844965,-1.17462861538,-0.514623820782,-1.24365246296
5,18,H,7.94920626,12.30793067,14.53682024,1,0.260667622089,0.869304358959,3.62391591072,-0.24203915894
5,19,O,12.93863367,9.38037896,12.19172691,-2,-0.481867522001,0.198303759098,-1.41004252434,-2.52731370926
5,20,H,16.67134812,15.18037455,10.91495657,1,0.203608110547,1.14070749283,3.06543827057,1.05831515789
5,21,H,12.90048413,10.22687807,12.55727181,1,0.249475836754,0.277409315109,2.1712949276,1.38857495785
5,22,H,15.87825158,12.61208236,10.63042712,1,0.167473658919,0.765506148338,0.0565692782402,-0.167654573917
5,23,H,9.59070079,10.66981401,12.67599815,1,0.206001773477,0.254013001919,0.662700533867,1.6067854166
5,24,H,18.08547203,15.36902282,11.03501419,1,0.229152351618,-2.62872290611,3.4192712307,-0.317026495934
5,25,H,11.81510865,13.43868276,10.76939697,1,0.239039599895,0.35448807478,-0.679812133312,1.21481895447
5,26,O,16.56220653,13.71797808,10.09653673,-2,-0.326122075319,-1.6109085083,4.65356111526,-3.12208986282
5,27,H,8.88050848,10.15664349,11.66143774,1,0.215940639377,-2.01805496216,0.57472205162,0.354433953762
5,28,H,10.21748289,11.29546907,11.14789392,1,0.223268091679,-0.298818647861,0.509045302868,0.203828409314
5,29,H,10.4635247,11.37169351,14.35922169,1,0.213238686323,1.80659556389,-1.10618185997,-0.89286917448
5,30,O,15.75391535,11.72042958,10.93638415,-2,-0.532665193081,-2.67308926582,-1.52324199677,0.719260692596
5,31,H,12.93644788,13.057244,13.08556688,1,0.234787911177,2.14014482498,-0.920054197311,-0.235368281603
5,32,O,13.90114612,12.75999345,13.27798342,-2,-0.423577487469,-3.68391299248,1.90702867508,1.76832818985
5,33,O,12.01013978,7.34806166,14.32972554,-2,-0.538803100586,0.79148119688,-1.21184277534,0.20304132998
5,34,H,12,12,12,1,0.171731233597,-0.343392014503,-0.120761200786,-0.129123091698
5,35,H,15.96847913,14.55896866,9.91833163,1,0.272939801216,0.813544034958,-2.34842658043,0.860093772411
5,36,H,11.58799093,8.25599358,14.53021844,1,0.123900011182,0.169798791409,-0.132322058082,-0.645075082779
5,37,H,12.13255409,9.60843868,8.91746796,1,0.228635042906,-4.05701446533,1.83564722538,2.07514357567
5,38,H,14.77465266,11.80508931,11.04082863,1,0.239680767059,0.94599634409,-1.02545583248,0.352009266615
5,39,H,9.80267937,14.17100733,12.31533251,1,0.220302194357,-1.25744891167,-1.25337147713,-0.177691608667
5,40,O,8.55381219,13.22022338,14.55900577,-2,-0.364946603775,-8.61518192291,-0.480095505714,-1.34002017975
5,41,H,12.69795818,8.81814581,12.92958839,1,0.217871248722,-0.0645546838641,-0.735298335552,0.782265305519
6,0,H,8.87799779,13.14824299,12.91037084,1,0.188832372427,-4.35613107681,-1.54029881954,4.72184610367
6,1,O,11.80599248,12.60569502,10.57941336,-2,-0.271857172251,1.73951435089,0.337050944567,0.506840348244
6,2,H,9.8094702,11.04120432,9.87146867,1,0.201515704393,1.1313072443,-2.93810725212,-3.47946691513
6,3,O,11.22457451,10.16807748,9.44682905,-2,-0.43340370059,0.482826352119,0.227410584688,1.42429172993
6,4,O,10.69856787,12.00897671,13.62397583,-2,-0.359409987926,1.72011315823,3.33419966698,-2.77391672134
6,5,O,9.56633754,11.64244884,10.48483938,-2,-0.446958452463,-0.0340861827135,2.27826476097,3.83650398254
6,6,H,9.28807677,12.67047065,14.88924504,1,0.209796726704,-3.09319019318,3.20972752571,0.522180318832
6,7,O,17.20480794,16.13278128,11.01176715,-2,-0.501408576965,1.89004194736,-1.05580484867,0.293787419796
6,8,H,11.59212337,12.79845955,9.66401508,1,0.237502530217,-0.31156951189,-1.13565075397,-1.0158700943
6,9,H,11.11861654,9.76949087,13.51987683,1,0.221109002829,-1.50093519688,0.0816659927368,-4.45835638046
6,10,O,9.33375914,13.39279182,12.20657995,-2,-0.448366641998,-0.521248996258,-3.49221038818,-8.89559841156
6,11,O,11.40800265,9.69193643,14.35570187,-2,-0.665190577507,0.339736551046,1.94165158272,4.89559793472
6,12,O,8.62051706,10.79329547,12.47882744,-2,-0.425828933716,3.95221877098,-1.02719712257,1.90548598766
6,13,H,16.75825246,13.88683011,9.16880447,1,0.263005912304,1.02436196804,-1.40170407295,-0.43173801899
6,14,H,11.44861013,6.92936028,13.70267605,1,0.251574456692,0.716276705265,1.33459460735,1.44596612453
6,15,O,7.5764002,10.97577292,14.90851678,-2,-0.32629057765,-3.65431857109,-1.74274599552,0.204576909542
6,16,H,13.67849785,13.10314575,14.21104861,1,0.240818470716,0.247628882527,-0.129035323858,1.49474787712
6,17,H,10.05670683,12.76206197,13.71620332,1,0.194218248129,1.58543848991,-0.148995399475,-1.50786685944
6,18,H,11.66344187,10.35589061,10.30159264,1,0.236763805151,-0.938415408134,-0.373561501503,0.266872644424
6,19,H,8.02134192,12.16801287,14.35572409,1,0.195153474808,-0.207965046167,3.00417995453,1.20349681377
6,20,O,12.88756863,9.45785223,12.19689328,-2,-0.4865655303,-0.0579107925296,0.638234555721,-0.949866652489
6,21,H,6.59627961,10.88328591,15.3104796,1,0.249090135098,3.37791872025,0.609304964542,-1.23322367668
6,22,H,16.39206644,15.61292289,10.94704424,1,0.248911052942,0.933386027813,0.787199795246,1.12874484062
6,23,H,12.87585895,10.37273284,12.54984988,1,0.246660679579,0.159678190947,-1.12270081043,0.612203001976
6,24,H,15.93306038,12.61758108,10.63969659,1,0.176478952169,0.384892910719,0.646775245667,-0.289296209812
6,25,H,9.68299416,10.87202275,12.67324916,1,0.194885522127,-3.77969145775,0.212120980024,1.40487778187
6,26,H,17.96718297,15.44158493,11.12759937,1,0.254261791706,-2.44070196152,1.77670073509,-0.298512458801
6,27,H,11.68537636,13.486982,10.8790335,1,0.247719809413,-0.306232124567,1.55410397053,1.21168720722
6,28,O,16.55753796,13.82439729,10.11227802,-2,-0.363010436296,0.0728683695197,1.8586294651,-2.16681003571
6,29,H,7.55903097,10.33674351,14.1453147,1,0.260592460632,0.433412492275,0.683515548706,0.593206465244
6,30,H,8.96064168,10.49221368,11.63992117,1,0.196171373129,-2.03448653221,-0.463928461075,-1.54484462738
6,31,H,10.2445728,11.48548693,11.23671319,1,0.232293426991,-2.17601442337,1.0602170229,-2.44034862518
6,32,H,10.3539198,11.60280472,14.34063549,1,0.220260962844,0.0809703618288,-4.44045305252,3.97335577011
6,33,O,15.74802419,11.76145364,10.98723701,-2,-0.546785235405,0.0697545260191,-2.04572224617,0.593432188034
6,34,H,13.05771487,13.23595378,12.89970033,1,0.240733608603,2.77948188782,-1.43124520779,1.08507597446
6,35,O,13.90788471,12.80777284,13.34228091,-2,-0.444388538599,-3.16023278236,1.53637349606,-2.5470085144
6,36,O,11.95412923,7.47504249,14.37372015,-2,-0.515554368496,2.18419933319,-7.60593700409,-2.15130853653
6,37,H,12,12,12,1,0.132340341806,-0.111748151481,-0.260205805302,0.366066634655
6,38,H,16.06898687,14.64704775,10.00832024,1,0.254851609468,-0.653901815414,-0.0931155160069,0.734287559986
6,39,H,11.60034343,8.29665601,14.5229024,1,0.152827948332,-2.29368662834,4.60651302338,0.376471817493
6,40,H,12.04444988,9.92517744,9.08284716,1,0.24095068872,1.45775640011,-1.10965394974,-2.11850094795
6,41,H,14.80931723,11.76111949,11.03576868,1,0.253775715828,-1.18716466427,-0.474678993225,0.370453357697
6,42,H,9.76123954,14.07946291,12.46836952,1,0.242535620928,3.98667788506,7.33307027817,2.38112425804
6,43,O,8.47543025,13.2852003,14.56597864,-2,-0.472864687443,2.03075456619,-5.6564874649,0.677841901779
6,44,H,12.73326648,8.83586373,12.94164907,1,0.222251117229,0.038412772119,0.637934923172,0.071510463953
7,0,O,11.81831918,12.74405495,10.57256721,-2,-0.286565363407,1.0305814743,2.17215943336,3.16118144989
7,1,H,9.81194021,11.07674442,9.8230769,1,0.209412544966,-0.0501245856285,0.363015592098,-0.201766341925
7,2,O,11.17069222,10.26457428,9.38727294,-2,-0.409062445164,0.265346080065,-0.135411784053,-0.352813482285
7,3,H,11.05926514,13.30640908,8.39870124,1,0.24324336648,-3.06575107574,0.507346630096,-2.87919592857
7,4,O,10.68456783,12.13677693,13.66459657,-2,-0.342434853315,1.60990905762,-1.05023992062,-0.813787579536
7,5,O,9.51466249,11.70962184,10.49446969,-2,-0.404656887054,-0.759842395782,0.684895515442,-1.45857107639
7,6,H,11.71027951,12.76183041,9.62836139,1,0.229102864861,-0.166306331754,-0.0695232003927,-0.358652204275
7,7,H,11.00474685,9.81788051,13.51413363,1,0.22362010181,-0.0673729926348,-0.154308453202,-0.0360327810049
7,8,O,11.41321905,9.80866005,14.3795022,-2,-0.526110947132,-0.789122641087,2.57833099365,0.0518649816513
7,9,H,10.49823815,14.21614346,7.2173414,1,0.235160276294,-0.69631934166,-1.99838900566,1.14877009392
7,10,O,8.59430311,10.87662394,12.48660632,-2,-0.499038815498,3.79442286491,-0.0694957375526,0.061392813921
7,11,H,16.75099385,13.97239439,9.12606984,1,0.273386627436,0.431247532368,-1.01041960716,0.970797836781
7,12,H,11.38759974,7.0531049,13.78792397,1,0.244107544422,-0.336420863867,-0.0668669044971,-0.0874451473355
7,13,O,10.23954406,13.37530814,7.74197955,-2,-0.447151988745,3.45936536789,1.80112290382,1.02916038036
7,14,H,13.64070222,13.21864339,14.21017144,1,0.249058797956,-0.332505166531,0.214812874794,1.23648512363
7,15,H,10.13844263,12.87569656,13.63586852,1,0.245221152902,-1.61312282085,2.56965923309,-0.332080602646
7,16,H,11.44323664,10.53903854,10.2474232,1,0.238333657384,-0.472817569971,-0.368690431118,1.87997841835
7,17,H,9.48697569,11.30153044,15.75692514,1,0.209236651659,1.18354856968,-0.574027955532,2.4325325489
7,18,O,12.83731083,9.54043207,12.17493788,-2,-0.469007015228,0.0265418589115,1.35640072823,-0.127633720636
7,19,O,10.34702821,11.17891165,16.30099635,-2,-0.481649816036,-0.486875236034,0.703577876091,-5.28640842438
7,20,H,12.86050559,10.47774295,12.5458827,1,0.238879531622,0.132701933384,-2.23335123062,0.306265115738
7,21,H,10.95816968,10.941936,15.32692406,1,0.191205590963,-0.634499788284,-1.72444927692,4.10866069794
7,22,H,16.01937404,12.69987376,10.58690206,1,0.161427631974,-1.22537446022,-2.28645157814,1.21917438507
7,23,H,9.57972079,11.1073522,12.7370537,1,0.190214902163,-3.25169181824,-0.764704346657,0.590062558651
7,24,H,11.58308824,13.61804728,11.0243699,1,0.254659712315,0.18959826231,-1.44326519966,-1.73849737644
7,25,O,16.55739129,13.93802701,10.09864101,-2,-0.360609769821,1.76814460754,-0.103776372969,-2.75323939323
7,26,H,8.9061373,10.81659337,11.52914542,1,0.169095486403,-2.30682182312,-0.295656979084,1.23551464081
7,27,H,10.1764572,11.74585111,11.17709425,1,0.240466833115,0.00164316594601,0.118003755808,-0.242961853743
7,28,H,10.26508578,11.67136962,14.4267225,1,0.20768404007,0.778427660465,-0.0565351843834,-0.639791429043
7,29,O,15.73908251,11.80266051,11.02213488,-2,-0.549705326557,0.314230114222,0.891099691391,-0.693113923073
7,30,H,13.30727966,13.36068342,12.73306612,1,0.247414886951,1.4866476059,-0.878168880939,1.44726753235
7,31,O,13.90293467,12.86262021,13.37756334,-2,-0.452672541142,-1.33449983597,0.619661927223,-2.76960420609
7,32,O,11.90580079,7.58337446,14.39040159,-2,-0.510255873203,0.720633208752,-0.898363351822,-0.151065543294
7,33,H,12,12,12,1,0.145824074745,0.0997607186437,-0.591789007187,0.910930633545
7,34,H,16.11243839,14.74659222,10.08698066,1,0.274954617023,-1.5075802803,2.37566995621,1.1787378788
7,35,H,11.52354415,8.55141457,14.49670236,1,0.097483754158,0.313714206219,-0.586822926998,0.161532625556
7,36,H,12.07165174,10.21855058,9.12674698,1,0.24312902987,1.33580172062,-0.824973225594,-1.87840569019
7,37,H,14.78160098,11.70371163,11.02447312,1,0.255304634571,0.279558449984,0.151237770915,-0.0142197534442
7,38,H,12.77224186,8.89221014,12.93406613,1,0.22129330039,-0.124775156379,1.07868814468,-0.31502366066
8,0,O,11.83158041,12.89026154,10.54586918,-2,-0.29040825367,0.780126869678,0.37116086483,1.56581091881
8,1,H,9.84103002,11.11952909,9.71182739,1,0.213861629367,-1.30372941494,2.4378592968,1.9594656229
8,2,O,11.11595021,10.36783076,9.2974136,-2,-0.361896276474,5.71560287476,1.05251371861,0.607718288898
8,3,O,10.67428014,12.26021819,13.67188895,-2,-0.359104037285,0.577507555485,-0.104483544827,-1.25779676437
8,4,O,9.45985438,11.78041594,10.47121996,-2,-0.377662956715,-0.543643176556,-1.23569047451,-4.27831983566
8,5,H,11.84389385,12.74434262,9.54914653,1,0.249836936593,-0.566034495831,1.4200438261,1.75931990147
8,6,H,10.88386517,9.89546637,13.44838659,1,0.232945144176,1.78996956348,0.380022823811,3.49759054184
8,7,O,11.41756461,9.9394001,14.37391334,-2,-0.362282574177,-2.81375336647,3.22117686272,-3.86784982681
8,8,O,8.58107999,10.96449859,12.46595396,-2,-0.515506267548,-2.28695106506,-1.24195599556,-2.0841012001
8,9,H,11.29610482,7.19070516,13.8422095,1,0.232900649309,-1.24132978916,-1.18623542786,-1.07414698601
8,10,H,13.58458407,13.39062935,14.2254292,1,0.246821567416,0.499017179012,-1.00869762897,-2.18854379654
8,11,H,10.22829258,13.09411313,13.48812409,1,0.245098218322,-0.485191822052,-0.140464216471,0.824974834919
8,12,H,11.20202066,10.72820855,10.23775384,1,0.237272471189,0.270794689655,-1.77623915672,-1.46568179131
8,13,H,9.45137168,11.47329558,15.87678572,1,0.213206827641,0.522673904896,-0.368394970894,1.13010239601
8,14,O,12.78932342,9.63039197,12.12121632,-2,-0.456549823284,0.0392897501588,-0.469361782074,-1.50051033497
8,15,O,10.34228336,11.2859415,16.26170105,-2,-0.507739961147,0.372321039438,-0.216148108244,-4.13399791718
8,16,H,12.85036371,10.48677786,12.51336754,1,0.238717600703,0.261520147324,0.864144384861,1.15017104149
8,17,H,10.92791311,10.84150801,15.22719172,1,0.164435848594,-0.705375134945,-1.24233877659,3.61851406097
8,18,H,16.05662241,12.72731565,10.53558287,1,0.250876009464,-1.85365915298,-2.96769714355,1.54579877853
8,19,H,9.34181492,11.3310003,12.82757841,1,0.204414099455,1.87995994091,0.882780432701,1.04898953438
8,20,H,11.52960486,13.71495045,11.05400466,1,0.253398537636,0.464016228914,-1.13778936863,-2.58138632774
8,21,H,8.7329054,11.14346951,11.43395995,1,0.142149671912,-0.902706980705,-0.655225872993,2.69163966179
8,22,H,10.13487588,12.04725643,11.06825741,1,0.243399307132,0.631796836853,0.16163122654,0.305310636759
8,23,H,10.24341243,11.72660412,14.4330733,1,0.209821328521,0.635613977909,1.7988820076,-0.961222827435
8,24,O,15.72953515,11.85456468,11.02925067,-2,-0.502697527409,0.432369202375,2.10365724564,-1.27423250675
8,25,H,13.62469057,13.45680438,12.5990231,1,0.250920772552,0.407818615437,0.000195913016796,1.0853716135
8,26,O,13.89306932,12.92365303,13.37492898,-2,-0.444734275341,-1.12350153923,0.910922944546,0.833825945854
8,27,O,11.86328941,7.69169993,14.37652753,-2,-0.556890368462,1.00537848473,1.52592039108,0.659898996353
8,28,H,12,12,12,1,0.117405653,-0.0721962302923,-0.0340474843979,0.72995197773
8,29,H,11.45393126,8.83525689,14.43603677,1,0.0654373168945,1.0484944582,-3.01162266731,0.929458856583
8,30,H,12.1984709,10.47127209,9.03265798,1,0.234866499901,-4.62539148331,-0.820657491684,0.705169916153
8,31,H,14.75747537,11.67453149,10.98380411,1,0.264498770237,1.41876637936,0.81380957365,-0.316794902086
8,32,H,12.81117349,9.02267043,12.87720681,1,0.223187461495,-0.22957354784,-0.327672243118,0.335500746965
9,0,H,8.74997455,13.17411827,12.69360411,1,0.233443498611,-1.42541265488,-0.653214335442,0.81193202734
9,1,O,11.86101153,13.02222293,10.50205584,-2,-0.357624202967,2.41588044167,-4.40137338638,-0.203519850969
9,2,H,9.83458401,11.27457135,9.67095667,1,0.200259461999,-1.68986284733,1.67487835884,0.777028560638
9,3,O,11.09390635,10.4658485,9.18539792,-2,-0.411070674658,4.42086553574,1.38709592819,0.840944468975
9,4,O,10.68251663,12.36470086,13.65373638,-2,-0.417878508568,2.76323652267,2.47292041779,-3.30801391602
9,5,O,9.42027602,11.83348835,10.4121453,-2,-0.398655593395,2.27766871452,0.707069039345,-1.16219985485
9,6,H,11.99847586,12.79875759,9.54097688,1,0.24845379591,-0.882163226604,1.69419717789,1.59801268578
9,7,H,10.86951864,10.00889995,13.52824031,1,0.249932378531,0.177621334791,0.790806829929,0.429460138083
9,8,O,9.36974213,13.66080522,12.1916867,-2,-0.383302807808,2.84852218628,4.70091438293,1.26986348629
9,9,O,11.4298003,10.06927332,14.33132423,-2,-0.321826040745,-1.25767791271,2.24942851067,-0.819317340851
9,10,O,8.5807492,11.04037952,12.41654807,-2,-0.508496403694,-0.889290988445,0.494112670422,0.470763981342
9,11,H,10.28718265,5.89324665,15.1421195,1,0.262475967407,0.589926421642,0.0876896828413,0.393957108259
9,12,H,11.18625826,7.27355227,13.83529184,1,0.205837994814,1.23047208786,0.858584523201,0.449077218771
9,13,H,9.93013444,6.53614604,13.87414075,1,0.261673748493,1.63811612129,1.96788918972,-3.98838305473
9,14,H,10.79225136,16.32809766,10.62708098,1,0.22666721046,-0.498278409243,0.878570973873,1.48943126202
9,15,H,13.54943164,13.53740736,14.10816091,1,0.259642601013,0.543464779854,-0.91516661644,-1.68812596798
9,16,H,10.34474478,13.26875422,13.34248751,1,0.211043566465,0.191876381636,-3.14516544342,1.62902879715
9,17,H,11.00121533,10.84090778,10.13494152,1,0.242110550404,1.4070892334,-1.96043777466,-1.78925001621
9,18,H,9.4423978,11.59603666,16.05242706,1,0.23080021143,-0.847311317921,-0.219989418983,0.0130745247006
9,19,O,12.75934906,9.70568225,12.03913646,-2,-0.465704202652,0.0997626036406,0.00533470511436,-0.748197853565
9,20,O,10.35655895,11.38473761,16.18357221,-2,-0.587689936161,1.66949796677,-0.985764861107,-1.83724141121
9,21,H,10.39192941,16.50262567,12.53073907,1,0.250985980034,2.30994653702,-3.91232395172,0.715906500816
9,22,H,12.86789255,10.53742986,12.48725905,1,0.237475767732,0.279178917408,0.985501348972,0.339317142963
9,23,H,10.87496358,10.64255643,15.24640067,1,0.155755415559,-0.984018981457,0.721229910851,1.63368475437
9,24,H,9.2124363,11.56720014,12.94847817,1,0.199671238661,-0.446502000093,-0.915476083755,-1.19429171085
9,25,H,10.75814849,15.69959988,13.79025949,1,0.238589808345,0.920475959778,-0.736619412899,-1.0506349802
9,26,H,9.25315992,17.29508422,7.95819497,1,0.27307510376,-0.698636472225,-0.946629941463,-0.79474812746
9,27,O,9.36104762,14.26709504,9.90938144,-2,-0.459980458021,2.81922864914,6.14200401306,-1.09350061417
9,28,H,11.54639264,13.77159448,10.93202999,1,0.248308971524,-0.596473157406,2.98922419548,-0.526624619961
9,29,H,9.5681515,13.8990848,10.76401908,1,0.159016817808,-1.10254776478,-0.620424151421,0.342595487833
9,30,O,10.95909935,15.5271548,12.81039155,-2,-0.228791713715,-3.10730028152,4.89442539215,1.34187448025
9,31,H,8.54799857,11.42565922,11.45167936,1,0.169662058353,0.492627590895,-1.14233469963,2.33838129044
9,32,O,9.56504521,6.16669384,14.58948794,-2,-0.512192845345,-3.05811548233,-2.4491276741,3.70532011986
9,33,H,10.15807447,12.33992659,10.94111909,1,0.229913175106,-2.40439343452,-2.08970713615,-1.94617033005
9,34,H,10.28139182,11.85739029,14.32070925,1,0.207055881619,-0.78982681036,-0.205132484436,2.7036819458
9,35,H,13.94844853,13.54384272,12.50097296,1,0.259600400925,-0.134794771671,-1.0389559269,2.44058775902
9,36,H,11.28927747,16.16272542,9.32466437,1,0.221327245235,2.31814265251,-1.12783420086,2.03536081314
9,37,O,13.89679026,12.97754532,13.35049002,-2,-0.471665173769,-0.607620298862,1.80056166649,-1.06655287743
9,38,O,11.8415298,7.79412061,14.34015227,-2,-0.61430990696,-0.238231867552,-0.945100069046,-0.969360411167
9,39,H,12,12,12,1,0.0815010666847,-0.255441606045,0.494718849659,0.377456575632
9,40,O,11.63711022,16.05853059,10.30154144,-2,-0.364401757717,-0.783331334591,0.413650006056,-3.54041337967
9,41,H,9.89434958,15.23255592,10.13939874,1,0.193783789873,-3.13349914551,-4.7162976265,-1.68561804295
9,42,H,11.45713705,9.02849291,14.38575175,1,0.117739588022,0.88043910265,-2.66333031654,1.19810569286
9,43,H,12.13724015,10.65826771,8.94799795,1,0.240088820457,-4.03000307083,-1.0368642807,0.954054117203
9,44,H,10.54881446,17.32031732,8.83051124,1,0.26125767827,-1.85793888569,1.72035229206,-1.20846581459
9,45,H,10.0163902,14.51398392,12.66771739,1,0.198958605528,-2.5893778801,-1.93245589733,-1.76307761669
9,46,O,9.77096216,17.86446119,8.49646313,-2,-0.500245690346,2.24561357498,-0.170857518911,1.69343209267
9,47,H,12.85872909,9.14689241,12.81193516,1,0.227727711201,-0.23160238564,-1.2005777359,0.391375184059
10,0,H,14.81221844,13.76290567,13.51855305,1,0.235210686922,0.0240903124213,1.0752453804,0.293953478336
10,1,O,12.52191997,12.84902002,12.05831545,-2,-0.156528055668,-2.17212247849,0.169477328658,1.91339600086
10,2,H,13.15487198,10.38885054,10.43237753,1,0.185769617558,-1.35836970806,2.99013614655,-1.32450485229
10,3,H,12,12,12,1,0.279347151518,1.32613396645,-1.01741909981,-2.24568986893
10,4,H,13.15777592,10.10218723,13.43794259,1,0.258336365223,0.284564942122,-3.47589826584,-1.09785401821
10,5,H,12.6624249,13.54064333,11.40239425,1,0.28601616621,0.189967468381,-0.710411310196,-1.17815816402
10,6,H,13.73666696,10.89102692,14.73440827,1,0.25871104002,-1.17477500439,-0.717927277088,-1.71571266651
10,7,H,12.78390745,12.13024452,9.5674276,1,0.228465050459,1.7897361517,-4.83264017105,2.39620065689
10,8,H,12.86273448,8.80803477,10.42431333,1,0.23489522934,-0.301956415176,-0.697008252144,0.261678665876
10,9,H,11.70420811,13.16840115,12.50276231,1,0.24615368247,-0.220887631178,1.4811681509,1.79929971695
10,10,O,13.21318112,10.89847925,13.86904597,-2,-0.379759073257,1.52057301998,3.71635317802,3.25991177559
10,11,H,10.13483026,13.93825998,14.10232673,1,0.256723940372,0.179702296853,-2.66222333908,-0.999094128609
10,12,H,11.55641635,10.66760549,13.70706071,1,0.189417123795,-0.599278151989,-0.425330847502,-0.914900302887
10,13,O,10.85982586,10.14506316,13.21800261,-2,-0.434036940336,-0.810926139355,0.780626058578,3.60039615631
10,14,O,10.32156999,13.02566792,13.65967029,-2,-0.40112131834,-0.90307366848,1.75203239918,0.876740753651
10,15,O,10.26479991,10.61670011,10.68487522,-2,-0.415349036455,-4.89858293533,0.39041018486,2.55733823776
10,16,O,14.00686945,13.5258488,14.00132867,-2,-0.469811737537,1.74524784088,-3.90410280228,-1.07961952686
10,17,H,9.35172091,10.31019903,11.2745635,1,0.219157278538,4.15226411819,0.452903389931,-2.39795422554
10,18,H,14.16605866,12.48554433,13.77386511,1,0.219204112887,-1.37449610233,3.4391283989,0.968789041042
10,19,O,13.29317213,11.39988031,10.23704999,-2,-0.468012601137,-0.499823063612,2.63738179207,-1.79250669479
10,20,O,12.66946233,9.16069783,11.31063794,-2,-0.346669226885,4.43884181976,0.045234143734,1.29367685318
10,21,H,9.95252686,11.55257921,10.6959751,1,0.236062839627,0.640943348408,-0.523984253407,-0.653368532658
10,22,H,10.30400854,10.04117626,14.06448143,1,0.223126903176,0.547474384308,-0.40292775631,-1.96382701397
10,23,H,9.56098262,12.4081326,13.82653093,1,0.263481587172,1.0180760622,1.14276278019,-0.189907431602
10,24,H,13.66532037,9.21577489,11.73858507,1,0.251209259033,-3.54332542419,-0.702986001968,-1.66828346252
11,0,H,14.70992147,13.7903991,13.44742272,1,0.23441401124,0.584659516811,1.20818126202,-0.376842975616
11,1,O,12.45542973,12.98082718,12.06949349,-2,-0.178578257561,-2.66663312912,-3.40005087852,1.7835906744
11,2,H,13.10962942,10.55375054,10.46169814,1,0.200826302171,-1.45688486099,1.1048002243,-1.65377783775
11,3,H,12,12,12,1,0.289430558681,2.42803764343,1.52181732655,-1.84255099297
11,4,H,13.17769823,10.00268585,13.54262123,1,0.226333528757,-0.146157220006,1.36790144444,0.783143877983
11,5,H,12.47912757,13.65655757,11.39969504,1,0.271888792515,0.503316700459,0.273828029633,-1.73927545547
11,6,H,12.27522769,8.37635295,12.42549858,1,0.235585749149,1.62490653992,0.0684389844537,4.16102409363
11,7,H,13.68447899,11.04551123,14.65742121,1,0.237913385034,-0.871682524681,-0.230621322989,-0.463560074568
11,8,H,12.75240662,12.14619931,9.48929607,1,0.241601109505,1.10990977287,-3.52824950218,1.93088626862
11,9,H,12.81426524,8.63196063,10.4574158,1,0.253079652786,-1.00939869881,2.24910354614,2.96791005135
11,10,H,11.62462939,13.15207807,12.53708505,1,0.233937263489,-0.808570683002,2.00214505196,1.98474550247
11,11,O,13.11393016,11.0042833,13.85129996,-2,-0.359697312117,1.33855593204,-2.05039477348,0.24775980413
11,12,H,9.83148195,13.87348454,13.97240123,1,0.257713973522,-2.24707150459,4.98218345642,1.97976958752
11,13,H,17.44254543,13.98085438,10.77839991,1,0.262517213821,-4.10305452347,2.56589269638,0.559986412525
11,14,H,17.01563125,15.37926177,11.41519795,1,0.252660244703,-1.86777257919,-1.99809086323,-1.51072943211
11,15,H,11.47684033,10.87770924,13.71706871,1,0.186738669872,-1.99652969837,-2.28946566582,-1.93335998058
11,16,O,10.74095563,10.24878852,13.2031186,-2,-0.430724799633,1.04138147831,2.72566127777,4.00761079788
11,17,O,10.20770085,13.1341986,13.67742363,-2,-0.420646607876,2.17421555519,-4.97285938263,-2.16431999207
11,18,O,10.13440868,10.66926119,10.69143926,-2,-0.479239404202,1.15877366066,2.11104869843,-1.22222507
11,19,O,13.94221647,13.63176016,13.99307174,-2,-0.495661735535,1.13275563717,-5.69570827484,-0.515511512756
11,20,O,14.51980955,13.81728851,10.37220373,-2,-0.519424915314,-4.38791418076,0.387775570154,-0.347798764706
11,21,O,12.9158409,8.26273018,13.38552459,-2,-0.507001757622,-0.0175030715764,0.365230798721,-2.97084617615
11,22,H,9.45098625,10.36224261,11.25324625,1,0.245868369937,-0.942615032196,-0.477221935987,0.97765648365
11,23,H,14.07066642,12.46743674,13.78294027,1,0.208028644323,-1.22968089581,5.27403211594,0.991485774517
11,24,H,15.42985161,13.90083908,10.25535455,1,0.195036903024,1.65532386303,0.546903252602,-0.54591858387
11,25,O,13.17091719,11.51261527,10.21971638,-2,-0.449765056372,0.0978596806526,2.78649616241,-1.31894421577
11,26,H,12.60887924,8.37571654,14.27242444,1,0.246342748404,-1.27732920647,-0.411183893681,0.408449858427
11,27,H,14.35833057,12.90462454,10.47818721,1,0.215577095747,-0.364246606827,-1.95788967609,0.0571415945888
11,28,O,12.6096424,9.29731371,11.30308632,-2,-0.288255631924,5.19947576523,-2.36377453804,-3.12488007545
11,29,H,10.17611673,11.64745938,10.84876772,1,0.252194821835,-0.412883758545,-1.4150993824,-0.354647934437
11,30,H,10.15518081,10.21736118,14.01580695,1,0.216263115406,0.392394840717,-0.537919640541,-1.4034485817
11,31,O,16.50457672,14.59785253,10.93283952,-2,-0.379942536354,8.98238658905,0.501194655895,1.91084063053
11,32,H,9.50909946,12.4641418,13.69319707,1,0.268696725368,0.287977159023,0.0536074787378,-0.132736563683
11,33,H,13.64490318,9.38116274,11.68322958,1,0.276289105415,-3.90600204468,-0.767711520195,-1.13062667847
12,0,H,14.51182563,13.79032911,13.45755509,1,0.238371655345,-0.278028398752,1.2811871767,0.376633048058
12,1,O,12.26485508,13.05132913,12.18342497,-2,-0.193817913532,-4.61944246292,-1.26835727692,-0.138372838497
12,2,H,12.85284187,10.69306343,10.58752092,1,0.207150369883,-1.33590972424,-1.5366537571,-1.02535533905
12,3,H,12,12,12,1,0.289962768555,1.68307602406,3.06140613556,-0.800271868706
12,4,H,13.07227554,9.94169702,13.7787912,1,0.257856935263,-1.26899051666,4.55753993988,0.202122077346
12,5,H,12.17856801,13.72871935,11.39078069,1,0.272518903017,0.567226290703,-2.03423929214,1.43598651886
12,6,H,13.5110275,11.10828354,14.64112835,1,0.233083605766,0.789855182171,0.692572891712,1.79535722733
12,7,H,12.55234727,11.97080891,9.57661853,1,0.264064729214,-1.75609767437,0.519080340862,-3.43725180626
12,8,H,12.5928093,8.52959779,10.76362382,1,0.246758446097,-1.10730564594,2.51096773148,1.7553678751
12,9,H,11.38331885,13.18185086,12.76941626,1,0.238596439362,1.56583702564,0.818321764469,-0.30244538188
12,10,O,12.90039987,11.05533454,13.93023576,-2,-0.343064427376,0.75821685791,-5.75488090515,-1.6475584507
12,11,H,9.32877666,13.95300131,13.98538171,1,0.246563360095,2.14108419418,-1.73045146465,-0.479946583509
12,12,H,17.15796497,14.29854609,10.83928527,1,0.281509965658,1.05104863644,-1.03538930416,-0.662501215935
12,13,H,16.62641937,15.36442994,11.52570927,1,0.280670702457,0.656935274601,4.01787424088,2.62100458145
12,14,H,11.17949601,10.91186557,13.70961609,1,0.205964744091,-0.0832942575216,-0.745994865894,-0.489076584578
12,15,O,10.51245677,10.31450364,13.29663508,-2,-0.449217170477,1.54756593704,1.11697673798,-0.400153875351
12,16,O,9.99069703,13.18124353,13.78806419,-2,-0.383460730314,-2.17601013184,1.83821511269,0.193821966648
12,17,O,9.89753794,10.67809474,10.78920195,-2,-0.508358955383,3.34243702888,4.29513406754,-3.34295320511
12,18,O,13.76273877,13.67531698,14.08147897,-2,-0.486210644245,1.76619052887,-3.83124923706,-1.19875860214
12,19,O,14.31561858,13.87519098,10.43432057,-2,-0.551105737686,-2.91130757332,-1.65182042122,-0.0277534872293
12,20,H,9.3638004,10.31794768,11.41977755,1,0.251399546862,-1.93745172024,-1.01886665821,3.06130886078
12,21,H,13.79493204,12.64179733,13.86221963,1,0.2102753371,-0.852369368076,3.34192633629,1.0942991972
12,22,H,15.26867105,14.05845747,10.33342718,1,0.192241132259,-1.18363857269,-0.516860365868,0.2019187361
12,23,O,12.93371688,11.58599001,10.29396481,-2,-0.462339937687,2.72825908661,1.03489327431,3.41223287582
12,24,H,14.07116072,12.9586889,10.74659762,1,0.223617881536,1.2101984024,1.31140160561,-1.00070059299
12,25,O,12.44819336,9.37559007,11.38214319,-2,-0.362602293491,-0.604029536247,-3.64996480942,-2.3820912838
12,26,H,10.24365932,11.61900451,11.05348649,1,0.254552900791,-1.6693700552,-3.10937976837,-0.474854022264
12,27,H,9.92084603,10.31464179,14.00638152,1,0.237231791019,-2.02408647537,-0.654782772064,1.76974332333
12,28,O,16.3182072,14.68692526,11.02969006,-2,-0.405112892389,1.2404409647,-1.96503090858,-1.15084052086
12,29,H,9.35764044,12.46189826,13.62766143,1,0.261429011822,0.397086024284,-0.081441603601,-0.097409799695
12,30,H,13.33778347,9.47252904,11.62578393,1,0.251470565796,2.36187314987,0.18786740303,1.13849937916
13,0,H,14.21451171,13.68294334,13.52681597,1,0.247782498598,-0.294966846704,1.39367902279,0.827324569225
13,1,O,11.97198205,12.98666588,12.33214559,-2,-0.163888037205,-4.70664691925,0.854974925518,-0.296655476093
13,2,H,12.42463315,10.63836516,10.73719985,1,0.179584145546,-0.818046748638,-0.900992155075,-0.689875304699
13,3,H,12,12,12,1,0.271466493607,0.0935603752732,1.53155052662,-0.0110038816929
13,4,H,12.80660112,9.94008251,14.05201523,1,0.223371624947,-2.10575866699,2.70109367371,-0.390156537294
13,5,H,11.79403695,13.58012269,11.45449049,1,0.284802109003,0.811679005623,-1.61363816261,2.38116765022
13,6,H,13.30918703,11.05300174,14.72382797,1,0.223496794701,-0.884826421738,0.924335956573,-0.11509552598
13,7,H,12.10451364,11.68611062,9.57309418,1,0.244146957994,0.698742806911,-0.3093726933,1.14959704876
13,8,H,14.45926269,10.47114934,10.14992223,1,0.228852957487,-0.513563513756,-0.686242938042,1.59456646442
13,9,H,12.21836766,8.42056263,11.19591514,1,0.247189894319,-0.695444464684,-1.44103991985,-0.696153223515
13,10,H,15.71059481,10.75944689,9.54022229,1,0.230292633176,1.44207882881,5.19180250168,1.47642433643
13,11,H,11.114054,13.10900703,13.02808801,1,0.295090436935,3.33672571182,-0.307295680046,-2.52948784828
13,12,O,12.59773891,10.96303593,14.03889457,-2,-0.372352868319,2.23839354515,-2.98294663429,0.893218576908
13,13,H,16.87033252,14.38639371,10.93581273,1,0.28467965126,4.51498889923,-1.31021404266,-1.10272622108
13,14,H,16.13822253,15.39405356,11.79063568,1,0.277865886688,-0.25892111659,-0.71389067173,-0.833245158195
13,15,H,10.84060839,10.79626968,13.71564973,1,0.223410770297,3.60600948334,2.61298656464,1.89243912697
13,16,O,10.19944043,10.25419661,13.42115845,-2,-0.451168179512,-4.69015026093,-2.7791659832,-0.354833990335
13,17,O,9.58756623,10.56785769,10.91175112,-2,-0.509454071522,-2.00055170059,-1.22548472881,2.16597080231
13,18,H,13.96480311,9.24368758,13.76679901,1,0.255083322525,0.977744281292,-0.789424300194,-0.369579732418
13,19,O,13.49709909,13.58580321,14.20267867,-2,-0.501765310764,3.09555840492,6.91836023331,0.970676839352
13,20,O,14.01327534,13.80164249,10.53445937,-2,-0.558149755001,-2.49497747421,-1.95258378983,0.787901520729
13,21,H,14.66097308,10.82292878,11.61631532,1,0.249573513865,0.328541278839,-1.58260798454,-1.27761101723
13,22,O,14.60625288,10.00555836,11.02338227,-2,-0.418896704912,0.297941744328,1.60026228428,0.768371462822
13,23,H,9.0687005,10.10232813,11.76612088,1,0.234426349401,2.65883708,2.31582832336,-3.34587168694
13,24,H,13.37696864,12.77450285,13.95794559,1,0.223382681608,-2.24219703674,-7.76939964294,-1.3785982132
13,25,H,14.99353329,14.04428762,10.49940647,1,0.177129507065,-1.95353901386,-0.864245653152,0.62626773119
13,26,O,12.61580721,11.53487461,10.41086178,-2,-0.396733671427,-1.09672951698,1.11459577084,-1.20863616467
13,27,H,13.75149025,12.91865924,11.00775007,1,0.218131393194,1.85699701309,2.64619898796,-1.97382426262
13,28,O,12.19224665,9.31354159,11.48277659,-2,-0.387066602707,-1.87752616405,0.114124774933,0.874260604382
13,29,H,15.3152432,9.92870227,14.24531913,1,0.252001821995,-2.61006331444,-2.93763065338,1.10027444363
13,30,H,10.12267916,11.31242507,11.24802147,1,0.247774720192,-0.922527730465,-0.946036219597,0.242316946387
13,31,H,15.65176953,12.23489297,8.79205949,1,0.220216602087,0.55340641737,-0.834493339062,4.44717025757
13,32,H,9.51870645,10.24831521,14.12823869,1,0.246081277728,0.620839357376,-0.0608212649822,-0.544703722
13,33,O,16.04547531,14.645106,11.15657361,-2,-0.395066559315,-1.71797323227,2.88281846046,2.50803256035
13,34,O,15.78318141,11.89254497,9.84891676,-2,-0.377444386482,-0.517324149609,-3.95059776306,-6.81471347809
13,35,H,13.09989287,9.45476847,11.63402543,1,0.20655234158,2.51855373383,0.261446505785,0.257391303778
13,36,O,14.56286946,9.19751077,14.52404565,-2,-0.460400462151,2.75113511086,2.89406609535,-1.03060019016
14,0,H,13.8761749,13.52805801,13.6349203,1,0.222846567631,0.626733541489,-0.145247608423,0.253660082817
14,1,O,11.64213675,12.83843085,12.47156739,-2,-0.196907937527,-2.73429131508,0.974658727646,-0.342033565044
14,2,H,11.9385114,10.48630792,10.86099646,1,0.176440238953,0.537897109985,0.528143048286,-0.399807423353
14,3,H,12,12,12,1,0.243182361126,0.00784119963646,-0.858769893646,0.688881397247
14,4,H,12.36606007,13.84865179,8.65034479,1,0.171988710761,0.0387205667794,4.03847503662,1.12121200562
14,5,H,12.42098852,9.92662364,14.26659657,1,0.196327030659,-1.07544255257,-6.66747188568,0.39198243618
14,6,H,11.40779447,13.26318529,11.59841692,1,0.271633297205,-0.182407438755,0.809437036514,0.81987786293
14,7,H,11.61214111,8.52449786,12.89462955,1,0.191849470139,1.24560892582,0.0348778963089,2.66397762299
14,8,H,13.0753875,10.97308078,14.80490805,1,0.231396973133,-2.1454436779,0.77765417099,-1.68871426582
14,9,O,12.65965259,17.0546037,7.62502234,-2,-0.53255879879,-2.57404112816,3.13922166824,0.778132140636
14,10,H,17.64689946,14.51756017,9.86302579,1,0.26413667202,0.020687604323,0.849567770958,-1.05820524693
14,11,H,11.60187551,11.34596266,9.60876419,1,0.222653150558,2.31905770302,0.607735097408,3.56397938728
14,12,H,14.15678209,10.2029793,10.21199169,1,0.237559944391,-0.288124978542,-0.946227550507,2.77597618103
14,13,H,11.76905536,8.1724974,11.58272457,1,0.236569881439,0.613793969154,1.71099305153,-1.38431489468
14,14,H,15.53606872,10.70048088,9.99951272,1,0.216221690178,0.606861889362,3.41014647484,-0.201175957918
14,15,H,10.88483611,12.92899779,13.21457329,1,0.290257841349,2.28869628906,-0.53121227026,-2.24213194847
14,16,O,12.27451175,10.78031177,14.14364882,-2,-0.360315442085,1.84800231457,6.88370227814,1.84808158875
14,17,H,16.7475718,14.28170787,11.00801825,1,0.243924334645,-3.48340344429,0.614667654037,2.02328515053
14,18,H,13.00811143,16.29429217,7.9795746,1,0.251504957676,1.85897004604,-2.89562296867,-0.0650181174278
14,19,H,13.89825717,13.48376031,9.17936141,1,0.200239285827,0.252298057079,0.248665452003,2.24521303177
14,20,H,15.60690532,15.33748009,12.03297882,1,0.260903418064,1.21292960644,-3.44767642021,-3.24159359932
14,21,H,10.65033803,10.70686215,13.78916716,1,0.21472927928,-1.8304271698,-1.68186366558,0.173239275813
14,22,O,9.85067097,10.10192542,13.53486525,-2,-0.443890571594,-0.99777930975,1.01802194118,2.67737555504
14,23,H,14.58473455,12.98591962,12.27192904,1,0.169362455606,0.989850342274,-0.323686331511,-0.147543609142
14,24,O,9.25002624,10.36817714,11.03508273,-2,-0.524577856064,-2.6796412468,-2.06914925575,1.90392184258
14,25,H,13.52215872,9.30863072,13.99269915,1,0.23056140542,3.3307723999,-1.79266393185,1.10888886452
14,26,O,13.21098625,13.43208702,14.31932326,-2,-0.545796334743,-2.15734219551,-1.83848655224,0.344720751047
14,27,O,13.67949465,13.64125562,10.63495692,-2,-0.459697306156,-1.70042967796,1.7197971344,0.554943084717
14,28,O,18.1292036,13.70201897,9.86110749,-2,-0.488571941853,0.590047478676,-0.79586148262,-0.0240316540003
14,29,O,12.12613616,8.1741863,13.71762375,-2,-0.452561438084,-2.55474805832,-0.655365884304,-0.910245299339
14,30,O,12.02095639,14.86675264,9.08620853,-2,-0.544491410255,-1.30299687386,-2.15422725677,-0.990814208984
14,31,H,14.58340739,10.74764752,11.78894158,1,0.214770033956,-0.78559422493,-1.24790096283,-1.21585965157
14,32,O,14.33151534,9.79552211,11.13661388,-2,-0.414925903082,0.0824478119612,2.58615684509,0.539686560631
14,33,H,8.85461537,9.91852938,11.92653712,1,0.229252547026,1.62255263329,1.63697123528,-3.33535194397
14,34,H,13.0566166,12.19851409,8.80224908,1,0.245317012072,1.83460187912,2.05258488655,-0.43799251318
14,35,H,12.84966377,12.52446823,13.97189487,1,0.211725711823,1.80257809162,2.99678373337,1.37853288651
14,36,H,14.61142532,13.88832896,10.72240487,1,0.182239204645,0.523816466331,0.0244807582349,0.896852731705
14,37,O,12.27052034,11.40093259,10.52076549,-2,-0.355891495943,-4.24730396271,-1.47028899193,-3.63560700417
14,38,O,13.5175009,13.0381684,8.44695597,-2,-0.404837548733,-2.22027564049,-4.09971141815,-4.32288265228
14,39,O,14.64445884,12.15193073,12.7422096,-2,-0.700111269951,-0.449253290892,-1.96308708191,-0.681145310402
14,40,H,17.9826339,13.2604092,9.00650331,1,0.271006435156,-0.184521317482,0.387780964375,0.560635209084
14,41,H,11.38063919,7.81187052,14.2196981,1,0.234822899103,0.46948030591,-0.0820741206408,0.410124480724
14,42,H,13.49253759,12.88699062,11.16621498,1,0.211003750563,0.590720176697,-1.14628863335,0.378485143185
14,43,O,11.90335361,9.16782532,11.57237957,-2,-0.393507599831,1.51647722721,-1.15716946125,-0.521041870117
14,44,H,14.87710039,9.55634704,14.53289872,1,0.27080476284,11.3507909775,9.71467399597,-1.69547474384
14,45,H,9.93278811,10.87823636,11.42801866,1,0.238612160087,0.80976742506,0.585219919682,0.547669708729
14,46,H,15.24672943,11.94134305,8.99339838,1,0.226017221808,0.315702974796,-0.296275615692,1.06098628044
14,47,H,9.11891238,10.09435816,14.27362403,1,0.233301073313,2.53380012512,0.381551146507,-1.85620689392
14,48,O,15.74220405,14.52854731,11.28052769,-2,-0.390058606863,3.65202260017,3.27087569237,2.07518935204
14,49,H,12.72766005,15.5131926,9.15028729,1,0.218584448099,0.191142037511,-1.09058237076,0.633817017078
14,50,O,15.45452175,11.74558363,9.94256703,-2,-0.427035808563,0.686127543449,-2.78819060326,-1.91561985016
14,51,H,13.01374395,9.37654277,11.65624218,1,0.216440156102,-1.17198836803,-0.788822770119,-0.925441205502
14,52,H,11.94648547,17.12193989,8.33506062,1,0.243464812636,0.75375187397,0.485138356686,-1.74879479408
14,53,O,14.27515736,9.03393819,14.61921619,-2,-0.55591404438,-12.3590936661,-8.55405902863,0.567719340324
15,0,H,13.56329384,13.43797336,13.73134181,1,0.231003776193,1.02142643929,-0.274153143167,-0.447694718838
15,1,O,11.31438812,12.73512949,12.58722765,-2,-0.236348390579,1.07891452312,-0.970250189304,-1.70667099953
15,2,H,16.12755013,9.78344104,16.89464971,1,0.239462286234,2.69597411156,-1.58837091923,-0.909577727318
15,3,H,11.49613871,10.43543136,10.95680295,1,0.184887051582,1.35591185093,0.0456291772425,0.72430819273
15,4,H,12,12,12,1,0.26856637001,-0.804416894913,-0.438443213701,1.04092025757
15,5,H,12.09593478,13.74657819,8.73197335,1,0.15778504312,0.583380222321,3.93847680092,1.04518151283
15,6,H,11.98262665,9.67868073,14.4373516,1,0.20543025434,-1.23126339912,0.260016918182,-0.2870888412
15,7,H,11.00381814,13.01400225,11.73261587,1,0.267773479223,-1.49931943417,1.51714944839,-1.05947673321
15,8,H,11.27664568,8.58377346,12.92351084,1,0.209553524852,2.6652777195,-0.280025064945,4.04616451263
15,9,H,12.75349708,10.9834358,14.81879622,1,0.239544704556,-1.88101947308,-0.482579886913,-1.32617878914
15,10,O,15.82507701,9.14368491,16.16835035,-2,-0.347530603409,-3.2399315834,3.43974852562,7.19615888596
15,11,H,11.2038149,11.13014484,9.80721982,1,0.21841275692,2.02621626854,1.65576958656,1.75434112549
15,12,O,16.71590613,12.21870201,12.2285203,-2,-0.535213589668,0.30371800065,0.295804649591,-0.68846654892
15,13,H,13.84080805,9.93707488,10.37254451,1,0.250402837992,0.104317083955,0.681671857834,-1.19905459881
15,14,H,11.31849369,8.00081,11.85375034,1,0.247012734413,1.88326370716,3.77305722237,-2.61304187775
15,15,H,10.67751925,12.76508625,13.32114144,1,0.270587742329,-0.151614457369,-0.128194779158,-0.00512356683612
15,16,H,16.19467619,9.65905701,14.96948456,1,0.161544114351,1.56070780754,-0.0942838564515,0.0406951457262
15,17,O,11.96566146,10.65953053,14.23223948,-2,-0.372769445181,1.79979920387,0.68364751339,2.00719594955
15,18,H,16.46098801,14.24464873,11.136927,1,0.261845827103,-3.27415895462,1.62828969955,1.631051898
15,19,H,13.58959266,13.25376618,9.47702987,1,0.154240787029,-0.956040382385,-0.58076941967,-1.57724833488
15,20,H,17.18037359,12.78876157,11.59967133,1,0.234654396772,-0.272819250822,-0.625615537167,0.283230423927
15,21,H,15.14990377,15.16990325,12.0973067,1,0.27137774229,2.02797150612,-1.82932078838,-2.0189871788
15,22,H,10.38708,10.5861053,13.84701655,1,0.213896989822,-2.83418607712,-2.10790657997,0.103218957782
15,23,O,9.50811555,9.99527574,13.63244201,-2,-0.456988215446,1.95166456699,1.64418303967,0.988644421101
15,24,H,17.1914251,10.17033039,13.90140754,1,0.251196742058,4.48431253433,-0.300429940224,-1.83537876606
15,25,H,14.31762518,12.91622049,12.33424349,1,0.165482491255,0.267730891705,-1.51532781124,1.4060382843
15,26,O,16.36311757,10.23075663,14.21267842,-2,-0.502655029297,-4.35531759262,1.65845727921,-0.239232420921
15,27,O,8.91641532,10.20560684,11.14306608,-2,-0.523195505142,4.10992574692,3.80826616287,-4.83663988113
15,28,H,13.25111986,9.33067493,14.25044595,1,0.209758877754,1.32828533649,-0.288043856621,-0.84046792984
15,29,O,12.92650829,13.31889083,14.41288083,-2,-0.559210419655,-4.22748470306,-3.43237686157,0.515487670898
15,30,O,13.3475336,13.53024454,10.71913242,-2,-0.386316031218,-0.00969821959734,2.10048151016,1.26889526844
15,31,H,15.69331581,12.34988204,12.20207269,1,0.191157698631,2.1461019516,-0.822417318821,0.592550218105
15,32,O,11.81922665,8.08357736,13.83413622,-2,-0.482345581055,-2.80125904083,1.0503821373,-2.7722992897
15,33,O,11.7232064,14.76846029,9.19367134,-2,-0.587321400642,-1.32208263874,-1.67914140224,-0.798278748989
15,34,H,14.45157901,10.55446267,11.82608029,1,0.247139886022,-1.46998202801,-2.08046555519,-1.26105678082
15,35,O,14.06510206,9.6417147,11.23789524,-2,-0.371021091938,0.440604925156,1.761282444,3.35902571678
15,36,H,8.71311365,9.84939065,11.90729962,1,0.228806450963,-2.92285442352,-3.45689678192,5.90845012665
15,37,H,12.67584276,12.00756877,8.9154077,1,0.244022905827,3.10219430923,4.32049703598,-2.03663492203
15,38,H,12.39240551,12.40643912,14.01413104,1,0.221224591136,3.54393601418,4.74256896973,2.27417421341
15,39,H,14.26304464,13.77549338,10.95860402,1,0.188591480255,0.741149544716,1.14276075363,-0.165996134281
15,40,O,11.91923184,11.30476087,10.60220892,-2,-0.326898217201,-3.92370200157,-1.8896099329,-2.18239498138
15,41,O,13.22714522,12.96073933,8.54168419,-2,-0.454571545124,-2.47329258919,-5.71392869949,0.0492345690727
15,42,H,14.98976322,9.76920377,16.54474204,1,0.265326142311,0.624637782574,-3.23589777946,-2.74733710289
15,43,O,14.3401087,12.04874366,12.83029403,-2,-0.610263228416,-0.946401417255,0.485102444887,-2.510160923
15,44,H,11.06181872,7.57051282,14.08814596,1,0.224266380072,-0.454821586609,-0.716139793396,1.06232535839
15,45,H,13.25950055,12.82322228,11.30065131,1,0.223665326834,-0.50032800436,-2.41497302055,1.22306954861
15,46,O,11.62918447,9.0644203,11.63987647,-2,-0.404325962067,-0.439792007208,-3.54000163078,-0.0248504318297
15,47,H,14.81682525,9.52951124,14.70687651,1,0.220941483974,-3.69004058838,-1.84950900078,-1.42102527618
15,48,H,9.77610177,10.52004391,11.58333065,1,0.229220718145,-1.59216928482,-0.255500793457,-1.72590398788
15,49,H,8.85487379,10.01416699,14.35618677,1,0.235007166862,0.796241402626,0.304160088301,-0.263355761766
15,50,O,15.45710717,14.4651081,11.38820819,-2,-0.362360805273,1.79374301434,1.51275885105,0.535915970802
15,51,H,12.36710835,15.48686672,9.25173299,1,0.233134165406,0.167943194509,-0.851397752762,-0.427773684263
15,52,H,12.84455598,9.30047528,11.61417308,1,0.200696721673,-0.282511174679,-0.69373357296,-0.0147425532341
15,53,O,13.96628237,8.89613523,14.68954662,-2,-0.548286557198,2.9511551857,1.68554389477,0.885860025883
16,0,H,13.32768956,13.40016078,13.77179149,1,0.235263630748,-0.124090127647,-0.645054757595,0.753415822983
16,1,O,11.03317102,12.68449376,12.65911575,-2,-0.284863948822,-0.627601742744,-0.186507120728,-4.1731004715
16,2,H,11.17995465,10.46730145,11.06568805,1,0.194069981575,1.14207530022,-1.07021653652,1.95895218849
16,3,H,12,12,12,1,0.308851838112,-0.775690555573,-0.107095174491,1.09832239151
16,4,H,11.93225799,13.88501766,8.8622623,1,0.158107817173,-0.161842823029,2.15670347214,0.335293740034
16,5,H,11.54223693,9.45734294,14.53153854,1,0.194919928908,1.53436541557,3.7378950119,-1.18315887451
16,6,H,10.56462242,12.88088139,11.77440177,1,0.270452260971,0.547503948212,-0.105990797281,1.98735713959
16,7,H,11.14928774,8.66887179,13.11539479,1,0.212557479739,1.9730232954,-0.847972691059,1.93675434589
16,8,H,12.383941,11.03562466,14.77541925,1,0.225799322128,1.12674176693,-0.268291860819,0.902712523937
16,9,H,10.92559794,11.09539603,10.03457564,1,0.22498126328,-1.82977867126,1.27604758739,-3.3495721817
16,10,H,11.66449628,9.69931108,17.31863807,1,0.235544905066,-3.45323133469,0.378931820393,-1.49572849274
16,11,O,16.45152715,12.13442754,12.31127432,-2,-0.536422371864,0.785492420197,4.83689498901,-4.28002166748
16,12,H,13.55778557,9.77701167,10.42351085,1,0.266246169806,0.898826539516,0.506650030613,-0.243760749698
16,13,H,10.95566126,8.01507609,11.92780363,1,0.237878233194,2.52576851845,3.92444300652,-2.58099651337
16,14,H,10.44839343,12.64731064,13.41728917,1,0.247538596392,-0.395515084267,-0.628100454807,0.364343106747
16,15,O,11.70413776,10.59925676,14.28850061,-2,-0.467519968748,-2.09574127197,-3.91416931152,-0.0912561565638
16,16,H,16.07509336,14.29739685,11.28500043,1,0.268107235432,4.31584501266,0.247494384646,0.0309509988874
16,17,H,12.52940044,15.29282969,12.50786087,1,0.222689151764,-6.06699419022,-0.374767899513,-0.925583422184
16,18,H,13.27355967,13.03931971,9.63147869,1,0.137964397669,-0.183207020164,0.719794273376,-1.93763375282
16,19,H,16.8672868,12.92780564,11.54603552,1,0.218415617943,-1.56368482113,-4.69882965088,3.92707037926
16,20,H,14.83923272,14.99141232,12.03488566,1,0.289761543274,-1.09118592739,4.61152029037,4.56431055069
16,21,H,14.09835916,12.81734945,12.4129308,1,0.173814743757,0.107281312346,1.26810240746,-0.103853017092
16,22,O,12.67209798,13.25084757,14.46701138,-2,-0.520451784134,0.826045632362,3.06573653221,2.08852791786
16,23,O,13.056799,13.48216181,10.77469681,-2,-0.375008314848,1.90533995628,-1.39610803127,5.2864408493
16,24,O,10.71720355,9.80593885,16.83370539,-2,-0.512483358383,4.21690177917,-0.808740139008,-0.220120102167
16,25,H,15.41428995,12.40984817,12.35923922,1,0.176852852106,3.31761264801,-1.83487379551,0.474128425121
16,26,O,11.54338496,8.05482968,13.90353548,-2,-0.4070327878,-3.31184625626,-0.525876998901,-0.820540189743
16,27,O,11.46544125,14.71915595,9.25945384,-2,-0.547972202301,-1.37709581852,-0.630510032177,-0.622040331364
16,28,H,14.24885098,10.28752895,11.74412146,1,0.272505521774,0.415920823812,1.9236689806,1.08427250385
16,29,O,13.84274284,9.54947868,11.31859204,-2,-0.343263268471,-1.8579890728,-2.2403011322,-1.25102746487
16,30,H,12.51475363,12.10978451,8.88496599,1,0.23688095808,-0.0305182840675,-0.102643094957,-1.21314561367
16,31,H,12.14864853,12.5767282,14.1288633,1,0.204877063632,-0.630163013935,-1.55788362026,-0.67985534668
16,32,H,14.0064033,13.76506921,11.12572441,1,0.189863711596,-1.13571739197,0.35011947155,-1.71769595146
16,33,O,11.59866643,11.25798132,10.64460044,-2,-0.339088261127,0.562652289867,-0.367734223604,1.38539683819
16,34,O,12.96861439,12.92182157,8.60328378,-2,-0.48511749506,0.651029527187,-2.47682833672,-0.256723046303
16,35,O,14.07471596,12.00312857,12.87537599,-2,-0.616832494736,-1.31965625286,-1.55158770084,-0.978480160236
16,36,H,10.81219118,7.34630848,13.93690825,1,0.234080180526,1.66227149963,1.37548112869,0.678945958614
16,37,H,13.03781361,12.68814022,11.42867759,1,0.22052501142,-0.159111052752,1.22770237923,-1.57617652416
16,38,O,11.40144541,9.00811286,11.67069447,-2,-0.459895014763,-1.41285395622,-3.39177083969,0.0797960534692
16,39,O,15.21921961,14.46027062,11.46007804,-2,-0.37590944767,-3.07969617844,-3.17607784271,-4.21747875214
16,40,H,12.06173825,15.4632749,9.31172534,1,0.239338293672,0.284712284803,-0.1566503793,-0.116667956114
16,41,H,12.61739661,9.23163346,11.54868725,1,0.203069880605,-0.95864802599,-0.891471326351,1.24985158443
16,42,O,11.36092324,15.31736299,12.19909444,-2,-0.469734311104,2.5484161377,-1.70811140537,3.10065889359
16,43,H,11.04020893,9.73644948,15.8643989,1,0.226029679179,-1.1182166338,0.640025615692,2.56772732735
16,44,H,10.78349006,14.57880087,12.76785419,1,0.214607775211,3.41224932671,3.41695308685,-1.82061374187
17,0,H,13.1140441,13.36691634,13.81339699,1,0.234566822648,0.17670340836,-0.883220911026,0.20608484745
17,1,O,10.78535102,12.6637374,12.69183384,-2,-0.321482241154,-2.94238305092,-0.239575326443,-1.71568989754
17,2,H,10.99014033,10.49795946,11.23412751,1,0.198610648513,0.568677008152,-0.455208390951,0.281455457211
17,3,H,12,12,12,1,0.229808717966,-0.835162222385,0.0316857621074,0.995748341084
17,4,H,11.18760168,9.42595007,14.54190611,1,0.21033065021,2.06650710106,4.44030046463,-0.111736729741
17,5,H,10.17215714,12.76851865,11.86456079,1,0.256348788738,1.6998295784,-0.295157849789,2.32694172859
17,6,H,11.15738119,8.73396507,13.35901994,1,0.228720650077,-0.55076032877,2.14288163185,-4.15552520752
17,7,H,12.08092059,11.12201293,14.78269193,1,0.223647207022,0.883469939232,-0.591614425182,0.824795603752
17,8,H,10.58355919,11.18745116,10.05981631,1,0.227878153324,-0.326227039099,0.704020917416,-1.1051183939
17,9,H,9.13522044,12.58233718,17.67172953,1,0.260428726673,1.28812336922,1.28301954269,0.519018650055
17,10,H,11.38020625,9.74912521,17.19401316,1,0.253777474165,-0.195202246308,-0.0457555316389,1.11862659454
17,11,H,13.36095285,9.71072005,10.39765746,1,0.266131043434,1.50222933292,-0.282862782478,2.6614420414
17,12,H,10.71229282,8.17725469,11.82585397,1,0.241048038006,0.685889065266,-0.601171791553,-0.655262410641
17,13,H,10.20159134,12.55952615,13.51358303,1,0.240726009011,0.981690406799,-0.230923205614,-1.65808141232
17,14,O,11.47014356,10.55834399,14.31731205,-2,-0.462903678417,-2.56443548203,-4.22555971146,-0.0161068290472
17,15,H,15.93347844,14.37907622,11.38595755,1,0.275141894817,1.07574772835,0.587332308292,0.747129738331
17,16,O,9.01547022,11.67001132,17.55722737,-2,-0.592932760715,-0.68087208271,-3.66514134407,-0.179800570011
17,17,H,12.02805513,15.17929143,12.55660674,1,0.254210263491,0.871667146683,0.139804601669,0.0945916026831
17,18,H,12.987265,12.88262652,9.63293825,1,0.144396007061,0.439876556396,1.76469063759,-1.49637329578
17,19,H,14.53510576,15.04918133,12.12139986,1,0.28921058774,1.79748308659,0.275778770447,-0.0356523357332
17,20,H,13.90522422,12.79563139,12.45076294,1,0.174712374806,1.47479307652,1.67831718922,-0.635373592377
17,21,O,12.45837918,13.22523542,14.49931464,-2,-0.510528802872,2.17264795303,4.1671667099,3.64830684662
17,22,O,12.80574385,13.4617641,10.82297578,-2,-0.396751493216,1.60530281067,-0.860307335854,4.77994346619
17,23,O,10.45593014,9.81372529,16.90776622,-2,-0.40082347393,3.02014899254,-1.77901983261,-3.53280138969
17,24,O,11.2895041,8.05509615,13.94298199,-2,-0.379981279373,-1.00371706486,-5.98685216904,3.85545492172
17,25,H,14.08846057,10.17635866,11.70712061,1,0.268207848072,2.08556437492,4.53943729401,2.24928283691
17,26,O,13.64613388,9.47669075,11.37327575,-2,-0.374284982681,-3.7278137207,-3.94272565842,-5.39431095123
17,27,H,12.34730797,12.1646125,8.78397472,1,0.247500255704,-4.30518531799,-7.12625408173,-0.459329813719
17,28,H,11.8616557,12.66507666,14.15240039,1,0.208972930908,-2.26779055595,-2.54382658005,-1.91249144077
17,29,H,9.70148717,10.85108921,17.58968566,1,0.196065694094,-1.38880479336,3.57815933228,-0.372908502817
17,30,H,13.73799617,13.79167097,11.15592327,1,0.183684259653,-1.45324242115,-0.165023297071,-1.73426008224
17,31,O,11.31451798,11.23954357,10.66826918,-2,-0.367344915867,-0.154152438045,-0.310672879219,0.533789694309
17,32,O,12.74693171,12.91149879,8.63948252,-2,-0.57370942831,3.78604316711,4.8184170723,-1.43144607544
17,33,O,13.83979248,11.98373615,12.8911741,-2,-0.671406567097,-1.15697860718,-2.51099419594,-0.659662783146
17,34,H,10.69241283,7.21367109,13.75217888,1,0.249666661024,1.6960760355,3.06776094437,0.643560349941
17,35,H,12.82621399,12.62499352,11.43944004,1,0.209155738354,0.00940646231174,1.48625302315,-1.32163047791
17,36,O,11.20912151,8.97492278,11.67436393,-2,-0.460645258427,0.64731323719,1.58824360371,-0.888345420361
17,37,O,15.00501666,14.47522391,11.4942204,-2,-0.395377218723,-2.28840088844,-0.155789241195,-0.22945317626
17,38,H,12.30820458,9.13970563,11.54034338,1,0.196585267782,-1.43881714344,-1.22184598446,1.12902247906
17,39,O,11.1474468,15.26994569,12.22533818,-2,-0.53156042099,0.11849886179,2.20750999451,-1.07070684433
17,40,H,10.80115958,9.76745905,15.88782371,1,0.236609578133,-2.2084851265,1.05436730385,3.06819176674
17,41,H,10.73567918,14.59570479,12.70373847,1,0.233590364456,-1.16525816917,-1.43564546108,1.08868193626
18,0,H,12.93992618,13.31904386,13.85517515,1,0.220370933414,0.875717461109,-0.719733774662,-0.737268924713
18,1,O,10.57095042,12.65561719,12.7122521,-2,-0.306605398655,-1.10401678085,-0.523395061493,0.431875288486
18,2,H,10.90309702,10.54355016,11.39832908,1,0.244810178876,-0.267146646976,0.654211103916,-1.54853272438
18,3,H,12,12,12,1,0.161296784878,0.252981692553,-0.351949423552,1.18819642067
18,4,H,11.87664144,14.16262459,9.0257638,1,0.156215757132,-3.02987217903,0.132620871067,0.189968794584
18,5,H,10.96853456,9.57064522,14.5461259,1,0.207512915134,1.07835543156,2.7012887001,2.02134680748
18,6,H,9.89297826,12.64635172,12.04259199,1,0.246112719178,-0.168387711048,0.148404598236,-0.978945732117
18,7,H,11.19776631,8.86229141,13.41444071,1,0.261264592409,0.195574864745,-2.39382529259,-0.681632816792
18,8,H,11.84318319,11.21008198,14.85638046,1,0.232109263539,-1.04067611694,-3.03146696091,-0.599168181419
18,9,H,10.25153537,11.34101101,9.99102682,1,0.237756863236,2.91780352592,-0.661199271679,3.04537343979
18,10,H,13.28899696,9.67815395,10.46350971,1,0.242898672819,0.384065449238,-0.553533256054,1.62506318092
18,11,H,10.03437197,12.50868622,13.52650279,1,0.23628616333,0.373409926891,-0.182513415813,-0.538820028305
18,12,O,11.27120796,10.51953523,14.33729059,-2,-0.450165659189,-0.151023179293,1.03948533535,-0.0288960039616
18,13,H,11.71797866,15.06564623,12.66195618,1,0.245921835303,6.48717498779,0.318415075541,2.33762645721
18,14,H,12.78461209,12.81412353,9.57331291,1,0.183331176639,0.863678693771,0.64723020792,1.48258328438
18,15,H,13.75716902,12.85894488,12.45015091,1,0.179750829935,0.893182337284,-1.59003019333,1.12471318245
18,16,O,12.29538465,13.22657191,14.53214563,-2,-0.499373823404,-5.30731582642,-1.70010495186,0.672512829304
18,17,O,12.60296418,13.45103543,10.88144679,-2,-0.34409058094,-0.835167586803,1.13338792324,0.924794733524
18,18,O,11.07294745,8.05251446,13.98336424,-2,-0.45941016078,-0.667978584766,-1.0592880249,-0.922440350056
18,19,O,11.04215041,14.70401051,9.32948142,-2,-0.479246556759,2.33210539818,0.62667965889,-1.05683791637
18,20,H,14.03686246,10.27824103,11.77009724,1,0.228409662843,-2.31772637367,-2.87603902817,-0.881846904755
18,21,O,13.47877758,9.40331049,11.40870885,-2,-0.483769506216,1.57023406029,3.72716164589,-0.499391496181
18,22,H,12.0371172,11.94121828,8.67452821,1,0.237700641155,2.1227684021,4.44340753555,-0.994168758392
18,23,H,11.49865112,12.61244167,14.06035768,1,0.199715942144,4.79182815552,3.10450363159,2.26556611061
18,24,H,13.4471771,13.80374798,11.07355345,1,0.242983385921,1.50224578381,0.993677198887,0.162883967161
18,25,O,11.07419032,11.2316229,10.69034193,-2,-0.349383801222,-2.41320896149,-0.482105314732,-1.42096114159
18,26,O,12.57832015,12.92348193,8.66281506,-2,-0.405597746372,-1.69852757454,-6.6628446579,-3.48001122475
18,27,O,13.6445569,11.97065977,12.8986689,-2,-0.581126570702,-1.16021466255,0.834955096245,-2.80409932137
18,28,H,10.68240434,7.21780174,13.5572645,1,0.259719848633,0.896540701389,2.48438239098,0.457099825144
18,29,H,12.62563418,12.63190231,11.35710663,1,0.20808172226,0.387124955654,-1.38319659233,0.830144882202
18,30,H,11.59183569,15.5093268,9.35913151,1,0.215909004211,-1.23731219769,0.501009643078,0.461953252554
18,31,O,10.97026084,15.24358368,12.23912078,-2,-0.504505813122,-3.53691530228,3.21353292465,-2.94233012199
18,32,H,10.64784791,14.51456281,12.68082779,1,0.215116620064,-2.98930001259,-2.53312921524,0.893647968769
19,0,H,12.82173767,13.25722709,13.8563171,1,0.219925135374,-0.264715075493,-0.615336060524,0.912481129169
19,1,O,10.38087938,12.65384029,12.72957826,-2,-0.294700026512,-0.342730522156,0.0115945190191,-1.6591091156
19,2,H,10.83608826,10.63517259,11.46664632,1,0.243921086192,-1.43788897991,-0.654848575592,-0.591425180435
19,3,H,12,12,12,1,0.133903563023,1.23285102844,-0.481637626886,1.52262127399
19,4,H,11.8396017,14.16131335,9.05339525,1,0.153766304255,-4.29907798767,0.972209692001,0.74807369709
19,5,H,10.83137933,9.7265564,14.63244239,1,0.25384414196,-1.72754609585,-6.0766043663,3.48707389832
19,6,H,9.63281328,12.52153941,12.15103961,1,0.252205729485,0.0353222005069,0.043580673635,-1.3544754982
19,7,H,11.56690274,11.19472456,14.92292301,1,0.247621953487,-0.773570001125,-2.54063630104,-0.547496914864
19,8,O,11.36484204,16.82994738,7.77313406,-2,-0.526485562325,-0.851424992085,7.20798873901,0.92913877964
19,9,H,10.09912558,11.48075315,10.03834983,1,0.243750751019,1.69891679287,-1.4213180542,2.89803743362
19,10,O,11.5898939,11.51901093,6.50620221,-2,-0.437834233046,2.04105210304,-1.87182796001,-3.99924969673
19,11,H,10.74670053,12.87339167,6.86191555,1,0.191398158669,-0.133950844407,1.41759037971,-0.0200801752508
19,12,H,11.31719392,11.56839463,7.36982921,1,0.249296575785,-1.78053855896,-0.266248703003,1.95093905926
19,13,O,15.92753224,12.04071141,12.39807592,-2,-0.445740789175,-2.08582901955,2.64328718185,-1.99376749992
19,14,H,13.26501664,9.65980381,10.57441967,1,0.233827784657,-0.775591671467,0.149658888578,-2.19939160347
19,15,H,14.80825052,11.59318165,10.78104611,1,0.202707856894,1.34676158428,0.409756690264,2.15352773666
19,16,H,9.91636618,12.49432169,13.51280077,1,0.241488680243,-0.964846313,-0.711238920689,2.75534892082
19,17,O,11.10127686,10.49514615,14.35186365,-2,-0.4671895504,2.63885426521,8.41722393036,-2.781863451
19,18,H,11.57092853,16.04654762,7.46082467,1,0.274985969067,1.3198851347,-5.99730205536,-1.95855987072
19,19,H,11.78661453,14.9786371,12.85815758,1,0.194132715464,-4.132147789,1.79525268078,-2.74754858017
19,20,H,12.66755969,12.78120411,9.57693927,1,0.186992004514,0.645503759384,0.107422962785,0.889851570129
19,21,H,16.00479128,12.74300131,11.62423238,1,0.221911400557,0.316760361195,-1.86282849312,2.52544140816
19,22,H,13.63088685,12.85601984,12.4955299,1,0.19257953763,-0.232208743691,-0.823233664036,0.442448854446
19,23,O,12.14461842,13.22826459,14.55767588,-2,-0.483187735081,-2.38730955124,-0.354897946119,-0.523839592934
19,24,O,12.42170882,13.4503566,10.9409052,-2,-0.354320496321,-0.643384099007,2.57389998436,0.528666853905
19,25,H,14.90070484,12.16578926,12.72887473,1,0.161309882998,2.71729063988,-1.06082189083,-0.262080818415
19,26,H,10.96040791,11.81803629,5.8334615,1,0.252976447344,0.00531813269481,-0.46228569746,0.430816411972
19,27,O,10.87879026,14.72036955,9.35340504,-2,-0.447000861168,3.48396539688,-0.840561151505,-1.42144405842
19,28,H,13.87149903,10.24124179,11.79166713,1,0.224055081606,-2.24263501167,-3.41131162643,-0.316352456808
19,29,O,13.34374044,9.34665457,11.44165723,-2,-0.490661472082,2.34893774986,2.96943879128,3.06068062782
19,30,H,11.85370811,11.94467015,8.57093453,1,0.219632834196,3.04774141312,4.837931633,1.08955848217
19,31,H,11.40132424,12.73328582,14.05993887,1,0.192537307739,2.83789515495,1.68653726578,1.6873395443
19,32,H,13.29080403,13.84304833,10.97111622,1,0.241589516401,0.501884758472,-0.128212541342,0.238140195608
19,33,O,10.85570974,11.23079507,10.70608392,-2,-0.379757225513,-0.221331626177,1.21477103233,-2.5064034462
19,34,O,12.42988517,12.92454761,8.66967507,-2,-0.360029131174,-2.177339077,-5.60927343369,-3.08405184746
19,35,O,13.47443756,11.96675128,12.895417,-2,-0.470254063606,-1.56693255901,0.748157680035,-1.82759976387
19,36,O,10.49356968,13.7576761,6.58191668,-2,-0.5000898242,-0.392255187035,0.954735517502,0.451942443848
19,37,H,12.43194345,12.56735218,11.28070314,1,0.199679583311,0.86990326643,-1.36597073078,0.226456314325
19,38,H,16.83123323,10.45732343,9.46331916,1,0.242173492908,-0.0302515812218,0.835252046585,2.91145658493
19,39,H,10.7198459,14.29097287,7.37099858,1,0.224849119782,-0.63208168745,-0.179033726454,-0.21842622757
19,40,H,14.36686573,10.79630615,9.62782659,1,0.233935654163,0.520417809486,-1.67838251591,-1.4046728611
19,41,O,16.92817716,10.78163398,10.44193279,-2,-0.489385962486,-1.11682856083,-1.06002342701,-2.35158491135
19,42,H,11.354273,15.56179786,9.39682323,1,0.195566371083,-0.643988490105,-0.279186815023,0.850438654423
19,43,O,14.22410941,11.59675432,10.06764203,-2,-0.390115916729,-1.86382830143,1.67708015442,-1.26984477043
19,44,H,16.03564542,10.78008225,10.90847208,1,0.232314422727,2.50268220901,-0.51031845808,-0.775873422623
19,45,O,10.80714045,15.23399416,12.24024007,-2,-0.451814234257,3.03348493576,-4.43655538559,5.18504190445
19,46,H,11.07201054,16.81445982,8.66919061,1,0.257730424404,-0.546168208122,-0.0199421588331,0.230692148209
19,47,H,10.41740038,14.29077519,12.68992281,1,0.171957567334,1.12097394466,4.04647064209,-2.29107165337
20,0,O,11.64977566,13.3541214,9.94051828,-2,-0.466386109591,0.0161293074489,-0.474792033434,-2.43208599091
20,1,O,12.83706407,11.95081941,11.72561931,-2,-0.381013393402,4.82021999359,-5.52625846863,-5.24905109406
20,2,H,13.96377536,12.07078919,15.25036603,1,0.214466482401,-1.30306816101,2.58201241493,-1.42305231094
20,3,H,9.56413897,11.94093723,14.046581,1,0.228482097387,-0.655747890472,-0.354103535414,-0.294612050056
20,4,O,12.25510791,14.42123252,12.70006029,-2,-0.444823265076,-1.29636585712,-2.35407018661,0.264662504196
20,5,H,10.86568729,14.35754264,11.50584525,1,0.226218640804,1.61077427864,0.713623940945,-1.82118475437
20,6,O,10.4620234,12.0296906,13.74871404,-2,-0.476629585028,1.37149655819,-0.11946888268,-2.62522530556
20,7,H,10.16589354,13.97941438,12.49767641,1,0.232635140419,-1.34250831604,-0.774656891823,2.15605759621
20,8,O,14.69896134,13.98885091,12.82074765,-2,-0.451452672482,-0.152791857719,-1.07394337654,-4.06498003006
20,9,O,10.96885045,9.35755022,12.84581012,-2,-0.54963862896,-4.36425113678,-0.622157335281,-2.17091417313
20,10,H,9.78540122,12.25847045,11.23133546,1,0.203589886427,-0.921239554882,-0.0732748359442,-1.16886377335
20,11,H,12.8897126,14.98840649,13.01193472,1,0.223996222019,2.08399605751,3.48339819908,0.722723543644
20,12,H,14.25719108,12.95763723,12.22649588,1,0.215026184916,1.64143025875,4.91511058807,1.57294607162
20,13,O,9.53225676,11.29785361,11.25458398,-2,-0.47914659977,0.792848587036,-0.680150032043,0.605912268162
20,14,H,13.13983674,11.30742955,14.72160406,1,0.22577662766,-2.12811207771,-1.81818890572,-1.28294670582
20,15,O,13.16742,12.24598156,14.59466651,-2,-0.386082053185,3.33738875389,-0.536049485207,2.90887975693
20,16,H,10.49057317,11.77575344,12.72977004,1,0.20329156518,-1.20626997948,0.386047333479,3.9249150753
20,17,H,11.76691921,9.37098649,13.22842571,1,0.272106796503,4.66687583923,0.061804279685,2.29877352715
20,18,O,10.14036336,13.77183757,11.57764269,-2,-0.435540735722,-1.99689590931,0.40379011631,0.691426813602
20,19,H,14.85498143,14.81014833,12.13455115,1,0.208646431565,-0.610071480274,-3.67215275764,2.06189489365
20,20,O,15.38807565,11.12470449,13.38733712,-2,-0.528417170048,-2.80836963654,-0.0437523983419,-1.71881651878
20,21,H,11.03499711,9.89113854,12.05328758,1,0.251796424389,-0.395513474941,0.076804690063,-0.168367117643
20,22,H,16.05465456,11.39118306,13.98192697,1,0.253443002701,0.870777904987,1.10324597359,0.915434956551
20,23,H,12.65170493,11.1099401,10.95087199,1,0.232118874788,1.40731990337,3.97358703613,3.39521288872
20,24,H,11.82853428,12.89019426,9.09885076,1,0.239808231592,0.289884477854,0.63916349411,0.643797397614
20,25,H,12,12,12,1,0.226587936282,-5.10535097122,1.1851541996,2.04073739052
20,26,H,12.47395141,13.65307982,10.32364862,1,0.246225342155,0.432506680489,-0.207565143704,-0.0959345698357
20,27,H,8.96302289,10.9059281,10.59117329,1,0.248721763492,0.0844142735004,0.771500945091,-0.202719703317
20,28,H,12.73792175,13.7019917,13.18352616,1,0.213336139917,-1.41074442863,-0.30910769105,-0.495685249567
20,29,H,14.63595769,11.81218711,13.28341172,1,0.232856333256,2.27123737335,-1.65555083752,1.01106333733
21,0,O,11.9109327,13.19552669,9.92829427,-2,-0.469498515129,-1.3532422781,1.72982263565,1.68358743191
21,1,O,13.08392244,11.79497014,11.70464209,-2,-0.417490899563,-3.05259895325,-3.49095344543,-1.27648329735
21,2,H,14.01304,11.90938342,15.19307606,1,0.237579762936,4.96090078354,0.107933722436,5.02726697922
21,3,H,9.72851171,11.70482007,13.99175775,1,0.226440370083,2.14252352715,0.164586216211,-1.45023524761
21,4,H,8.57136812,9.80423712,9.39121412,1,0.245467156172,1.0049751997,2.00140929222,-2.59886217117
21,5,O,12.5512543,14.2509306,12.68615051,-2,-0.45481723547,-2.20807051659,0.762405276299,-1.9852912426
21,6,H,14.38403711,15.16172599,13.85407621,1,0.241258338094,-0.911829710007,0.611579835415,-0.183942064643
21,7,H,11.14382528,14.2477955,11.3438972,1,0.243184030056,-1.80651009083,-1.72877061367,0.255363047123
21,8,O,10.67726548,11.91760674,13.70288475,-2,-0.449026286602,-1.13108468056,0.284175753593,-0.0811487287283
21,9,H,10.40944426,13.60550294,12.56320566,1,0.232072427869,-0.379771620035,0.0651246383786,-2.37054133415
21,10,O,14.93224195,13.81078295,12.78568305,-2,-0.432286351919,5.43663311005,8.16581726074,2.29580545425
21,11,O,11.1853251,9.20992909,12.77815047,-2,-0.535426080227,0.41326457262,0.157730638981,-1.04359483719
21,12,H,10.00329725,12.18040647,11.13282513,1,0.185240328312,-1.13084292412,-2.44357323647,-0.60408192873
21,13,H,13.09690994,15.01869237,12.82378785,1,0.198005989194,-0.0841739028692,-0.616804301739,-0.0542019344866
21,14,H,14.56312365,13.18729944,12.35455516,1,0.232855170965,-4.2611823082,-8.15784740448,-4.04716968536
21,15,O,8.87803239,10.5305027,8.69529245,-2,-0.493032246828,-0.750833451748,-1.91485595703,1.83925712109
21,16,O,9.8084721,11.09776019,11.20716432,-2,-0.486701369286,-1.318775177,0.166914820671,-2.21575975418
21,17,H,13.38227015,11.07943726,14.3008174,1,0.239890992641,-0.867699384689,2.37506437302,-0.160887673497
21,18,O,13.39223759,12.05533558,14.60060768,-2,-0.443966537714,-3.98249459267,-2.26811814308,-4.80118989944
21,19,H,10.78803731,11.82713681,12.70675526,1,0.207690253854,-1.80749177933,-0.770981132984,2.57577991486
21,20,H,12.02522375,9.08717241,13.26669552,1,0.259525537491,-0.619753420353,0.441689133644,-1.03438401222
21,21,O,10.39100677,13.58935209,11.52910799,-2,-0.412302285433,0.181433707476,1.93762564659,3.41621017456
21,22,H,14.91994452,14.45272461,12.01677336,1,0.242194235325,0.648565411568,-0.457514047623,1.46295762062
21,23,H,13.0913618,16.18076149,13.57857955,1,0.259645432234,-1.42911934853,0.91442066431,-1.2543104887
21,24,H,11.27344624,9.72339523,11.90879026,1,0.251116216183,0.0587135441601,-0.952673375607,2.10782790184
21,25,O,13.76893898,15.8814406,14.12127353,-2,-0.514739990234,3.02903079987,0.258545726538,2.97027659416
21,26,H,9.60605619,11.04425706,9.10975923,1,0.260850608349,-0.438055962324,-0.534125506878,-0.404092371464
21,27,H,13.12212029,10.89568464,11.0111389,1,0.213183030486,-0.703780055046,4.13655853271,3.19635152817
21,28,H,12.20210004,12.88154804,9.14909833,1,0.246983140707,1.61200797558,-1.61671900749,-4.45113420486
21,29,H,12,12,12,1,0.226876586676,5.03242826462,-1.09659457207,-2.09010601044
21,30,H,12.6995055,13.3894543,10.41943816,1,0.240814477205,0.608454287052,-0.150727972388,0.647161006927
21,31,H,9.12414854,10.61743079,10.51280613,1,0.209956735373,2.65141630173,2.93424201012,3.33392095566
21,32,H,12.95579352,13.55490764,13.1648538,1,0.208456978202,0.456964015961,-1.01538813114,1.29565155506
22,0,O,11.89217917,13.10050129,10.0280324,-2,-0.445572316647,3.62876987457,-0.32019546628,-3.93967270851
22,1,O,13.04557417,11.68873447,11.78969686,-2,-0.444796323776,-2.91806840897,4.16550827026,3.47280502319
22,2,H,13.98539167,11.80718876,15.45381001,1,0.228991627693,-1.01374614239,-0.323435842991,-1.69381737709
22,3,H,9.70252945,11.52097089,13.98031681,1,0.236047044396,1.69311535358,0.360540807247,-0.915725708008
22,4,O,12.56688866,14.13809345,12.77444937,-2,-0.472300291061,-1.28646767139,2.89906740189,-2.43676042557
22,5,H,14.21068884,15.06435555,13.8546349,1,0.241126313806,2.46877551079,-3.68496823311,-1.95296430588
22,6,H,11.05242103,14.12025104,11.30785991,1,0.247861966491,-0.948569536209,-0.919811010361,1.05102646351
22,7,O,10.61430296,11.86806519,13.76554307,-2,-0.448547005653,-1.84909808636,-0.00358310015872,6.51800537109
22,8,H,10.34111768,13.31361005,12.59716296,1,0.224885374308,0.18380227685,1.74433088303,-1.65474820137
22,9,O,14.90565332,13.71716999,12.86885601,-2,-0.445583045483,0.932658195496,-2.00958108902,-0.469686806202
22,10,O,11.12541799,9.12566675,12.81390243,-2,-0.517857670784,2.96159148216,-1.60539138317,2.96857070923
22,11,H,9.88130018,11.9996113,11.10985851,1,0.205045729876,-0.449616849422,-2.31884884834,-0.245384022593
22,12,H,13.03073736,15.11060265,12.77609889,1,0.214988648891,-1.55021357536,-4.99016475677,0.223397925496
22,13,H,14.34094316,13.08688609,12.36086049,1,0.217623084784,0.146728083491,-2.00990343094,2.03242230415
22,14,O,9.80674946,10.96080999,11.26268338,-2,-0.485055655241,0.650579810143,2.04273843765,-0.0497195087373
22,15,H,13.29270758,10.99805972,14.00745089,1,0.242711141706,0.494258671999,4.22816371918,3.54667425156
22,16,O,13.33282781,11.91832801,14.70053523,-2,-0.446451246738,0.540961265564,-3.68112063408,-1.88323688507
22,17,H,10.72592109,11.90555503,12.89115244,1,0.21354906261,-0.240397378802,-1.07922279835,-4.77948379517
22,18,H,12.03430416,8.91320638,13.39259189,1,0.24475312233,-3.58717775345,1.16868579388,-3.09699654579
22,19,O,10.36761815,13.47203478,11.60082669,-2,-0.447324037552,-1.2854090929,0.0745666623116,1.9287917614
22,20,H,14.73968681,14.15450744,12.06646878,1,0.232120782137,1.09771573544,3.37875247002,-1.82328176498
22,21,H,13.058835,16.12333207,13.64371445,1,0.260669529438,-1.42691147327,1.21007335186,-0.845118284225
22,22,H,11.24250801,9.5670702,11.96485674,1,0.250511467457,0.552958607674,0.144633635879,0.2379078269
22,23,O,13.71431224,15.73794148,14.15837424,-2,-0.507621407509,-0.136585429311,4.64022064209,4.82879209518
22,24,H,13.26876021,10.93423651,11.33165061,1,0.244188696146,-0.412129938602,-2.74548697472,-1.68111765385
22,25,H,12.3861477,12.87342857,9.14531431,1,0.223952054977,-1.53799414635,0.676982939243,2.16212749481
22,26,H,12,12,12,1,0.261875033379,4.2077460289,-1.9813503027,-1.78735995293
22,27,H,12.68674401,13.14540916,10.62414476,1,0.226170748472,-1.17257595062,-0.137045100331,-0.47185793519
22,28,H,9.13459586,10.54604491,10.72921189,1,0.237233012915,-0.283186286688,0.239793404937,-0.329748749733
22,29,H,12.91066475,13.41727848,13.31250648,1,0.206804603338,0.538488805294,0.836050629616,1.08616018295
23,0,O,11.6735658,13.10564152,10.21585303,-2,-0.415898442268,4.26458024979,-0.648859798908,-4.05540657043
23,1,O,12.4005521,15.74235313,10.97673979,-2,-0.509626984596,3.74376416206,-1.17077350616,2.66663551331
23,2,O,12.78914517,11.69787817,11.98667393,-2,-0.344622313976,10.0181045532,-0.633426845074,2.00866484642
23,3,H,13.73276436,11.77510122,15.76448559,1,0.224116772413,-2.44611310959,-0.473170340061,-4.50313949585
23,4,H,9.53407355,11.43982712,14.0362573,1,0.233743324876,-0.903448760509,-0.834291219711,0.0335884578526
23,5,O,12.37097923,14.13317572,12.95516148,-2,-0.432509630919,-2.73705029488,-2.45210576057,-1.70071268082
23,6,H,13.92223444,14.93255058,13.85246028,1,0.208324685693,-0.419787466526,1.35164570808,0.411418169737
23,7,H,10.71064021,14.05582353,11.43221341,1,0.243254795671,2.19784903526,2.20281553268,0.0906147435308
23,8,O,10.33767197,11.92208714,13.94486085,-2,-0.457572191954,1.1533396244,1.10933852196,-0.473922938108
23,9,H,10.05980942,13.22975828,12.64082617,1,0.220278531313,-0.0434010960162,1.36836254597,4.43958187103
23,10,O,14.67576459,13.72963862,13.05738403,-2,-0.531993746758,-1.98869287968,-3.26428699493,-4.73693847656
23,11,O,10.86532614,9.14172934,12.9585936,-2,-0.528933167458,0.465556442738,-1.55464053154,2.83565354347
23,12,H,9.51937704,11.80947922,11.17988755,1,0.225480630994,0.29268977046,3.7140622139,-0.965784490108
23,13,H,12.65613663,15.07526595,12.88830786,1,0.203299105167,-0.248454421759,-1.70102632046,1.80037927628
23,14,H,13.80951023,12.83898642,12.43754158,1,0.25898039341,3.06348657608,1.96691966057,2.77785396576
23,15,O,9.60218264,10.93511682,11.42150737,-2,-0.449992328882,3.31173443794,-1.37637865543,1.91148304939
23,16,H,13.00211439,11.23478259,14.02346034,1,0.231303542852,1.09667849541,1.75934720039,4.06175947189
23,17,H,12.78151304,14.8794424,11.45540939,1,0.231753543019,-1.66238379478,2.59879660606,-2.39694237709
23,18,O,13.06323622,11.87213159,14.8897076,-2,-0.443631649017,1.32122063637,-1.10406208038,0.500830888748
23,19,H,10.44116403,12.02477107,12.97862357,1,0.206914871931,-0.0911675542593,-1.48934841156,1.26105034351
23,20,H,11.63313881,15.4812184,10.54315229,1,0.243060797453,-2.00933885574,-0.857265651226,-1.33565318584
23,21,H,11.68321207,8.92208201,13.47385946,1,0.260254442692,-1.08581519127,0.439198672771,-1.16647398472
23,22,O,10.13021041,13.45603131,11.77881473,-2,-0.472673714161,-4.42517280579,-1.98874282837,-3.41040873528
23,23,H,14.41695223,14.11056893,12.15573772,1,0.211905270815,1.59692251682,0.370891064405,1.61199712753
23,24,H,12.72732253,16.24874812,13.75922872,1,0.236547619104,2.85475754738,-1.6995704174,1.96087944508
23,25,H,11.03564954,9.51658443,12.12583211,1,0.256702840328,0.600665807724,0.800067126751,-1.49594211578
23,26,O,13.45393117,15.70794233,14.30897791,-2,-0.515013575554,-1.08272719383,2.63029193878,-0.493968337774
23,27,H,13.18658024,10.92325172,11.6792428,1,0.270321756601,-0.389296233654,-1.8225543499,-1.03965985775
23,28,H,12.28352772,13.00049398,9.35692756,1,0.218520909548,-2.19683933258,0.468294680119,2.33462023735
23,29,H,12,12,12,1,0.254162698984,-9.16002845764,1.74184381962,-0.316008031368
23,30,H,12.40971936,12.97855529,10.87395135,1,0.207112625241,-1.12586271763,0.539276599884,-1.05954778194
23,31,H,8.86617488,10.57817913,11.06510575,1,0.24227014184,-3.74912166595,-2.52221679688,-1.62642121315
23,32,H,12.6803808,13.42238118,13.61220256,1,0.214158326387,-0.216649219394,2.53156685829,0.0699193626642
24,0,O,11.82562124,13.06134805,10.4333531,-2,-0.403453350067,-1.4912186861,-0.0315834507346,0.554650306702
24,1,O,12.91753424,11.66184966,12.23800456,-2,-0.22539678216,4.60963916779,-1.30027627945,1.46062016487
24,2,H,13.72600895,11.67112039,15.89946846,1,0.262953817844,0.201675906777,-0.745810806751,-1.55496907234
24,3,H,9.67761599,11.27550014,14.14994406,1,0.222526848316,0.987148404121,0.579538762569,0.422057032585
24,4,O,12.52507997,14.06932988,13.17251803,-2,-0.406001716852,0.558071792126,-8.62716674805,-0.351745903492
24,5,H,10.83390686,14.03669911,11.62098864,1,0.239873856306,-0.0582535639405,0.291091859341,0.953888356686
24,6,O,10.42355982,11.93185125,14.16627735,-2,-0.422093629837,-0.734851539135,-0.425679653883,-2.79101657867
24,7,H,10.13030779,13.20142415,12.914961,1,0.208742842078,-0.138962060213,2.24218392372,1.12157392502
24,8,O,10.96431436,9.11088843,13.1532857,-2,-0.496943086386,-3.71939849854,1.83667135239,-3.69635987282
24,9,H,9.5150119,11.73606469,11.26359045,1,0.21658295393,0.942637681961,0.175481021404,0.195121660829
24,10,H,12.61614843,14.93561097,13.15087183,1,0.257768332958,1.09674143791,6.30723237991,0.928724944592
24,11,H,13.7942217,12.67068809,12.69499793,1,0.433235347271,-2.59656500816,-1.16635298729,-0.753293037415
24,12,O,11.91489046,9.73133048,9.42894781,-2,-0.503166556358,0.23427298665,2.13803982735,0.444224238396
24,13,O,9.76741625,10.86163023,11.63173492,-2,-0.361769855022,-4.96608638763,-0.940663933754,-2.16865110397
24,14,H,13.1089411,11.50600769,14.28209314,1,0.248605191708,0.737456560135,-2.77474403381,-3.86427426338
24,15,O,13.15585216,11.7772874,15.12159253,-2,-0.472134500742,-0.824413120747,3.65231871605,5.36963701248
24,16,H,10.51832387,12.0175409,13.1373806,1,0.198204174638,0.0859665572643,-1.55539560318,3.09332346916
24,17,H,11.71827615,8.8931645,13.56001141,1,0.260696589947,4.44732809067,-1.56839621067,2.58624362946
24,18,O,10.23833435,13.38640025,11.99022685,-2,-0.42361998558,-1.65228736401,-0.800753116608,-1.25893044472
24,19,H,11.47531712,10.37620756,10.08663007,1,0.251871466637,0.673545002937,-1.18944370747,-2.0207016468
24,20,H,11.21667402,9.46194739,12.25927678,1,0.242475152016,-0.683393001556,-0.718307375908,1.37706422806
24,21,H,13.43757094,10.73047305,11.99127785,1,0.275865197182,-2.69319009781,3.06635713577,0.273603290319
24,22,H,12.34329927,10.25930343,8.68346384,1,0.251495063305,-1.10559892654,-0.85338562727,1.63271081448
24,23,H,12.41546819,13.10668099,9.75082901,1,0.247881188989,2.09908866882,0.528381228447,-3.85328674316
24,24,H,12,12,12,1,0.243661656976,-0.270430237055,-1.59371244907,0.477615743876
24,25,H,12.4403447,12.79030544,11.09043187,1,0.197256937623,0.862254142761,0.993845283985,0.00536020100117
24,26,H,8.78128575,10.44448986,11.38781136,1,0.220590412617,4.0033864975,0.686109125614,1.24454057217
24,27,H,12.80064815,13.51615478,13.95166614,1,0.234292477369,-0.604565143585,1.79442250729,0.172268360853
25,0,O,12.06264434,13.06796415,10.62604865,-2,-0.385363042355,-0.236055418849,0.066476687789,-1.37759196758
25,1,O,13.15453725,11.66946599,12.47015239,-2,-0.22598901391,2.32996416092,0.620203375816,1.20502376556
25,2,H,13.88374602,11.57659325,15.98217,1,0.264226704836,5.28664493561,-1.68307471275,3.96082854271
25,3,H,9.90351309,11.19146832,14.28004786,1,0.220476299524,2.1208615303,2.2907166481,1.13725209236
25,4,O,12.75733083,14.02984296,13.35980417,-2,-0.35812291503,0.821655094624,2.68373203278,0.486355900764
25,5,H,11.07037092,14.07829003,11.85120261,1,0.236953407526,-1.73249948025,-1.39754426479,1.23696005344
25,6,O,10.60092043,11.99132672,14.35330014,-2,-0.413905024529,-2.80180072784,-2.77552843094,1.01111459732
25,7,H,10.29203472,13.34637146,13.21828274,1,0.215747624636,0.273531258106,1.09220004082,-2.9148273468
25,8,O,11.14873881,9.14104795,13.31344213,-2,-0.464002728462,3.94591879845,-0.498624950647,0.0866882354021
25,9,H,9.64118213,11.74951486,11.36141894,1,0.223443806171,1.91577494144,-2.5593290329,1.50354230404
25,10,H,12.67308436,15.05779952,13.48066517,1,0.240686669946,0.333143681288,-2.72394442558,-0.505423367023
25,11,H,13.92525622,12.60832345,12.96527657,1,0.37031981349,-3.20914030075,-2.71339988708,-2.03266978264
25,12,O,12.10572028,9.74975913,9.61765717,-2,-0.502323269844,-1.32029163837,2.47531819344,4.03525447845
25,13,O,10.01167017,10.83939958,11.8144819,-2,-0.349110543728,-6.94312429428,1.28359293938,-2.54890990257
25,14,H,13.34730485,11.71728126,14.370041,1,0.236782178283,0.80985558033,-1.02908587456,1.66530656815
25,15,O,13.3318485,11.74590765,15.33873839,-2,-0.488788336515,-6.09327507019,2.56279063225,-5.25114250183
25,16,H,10.70102437,11.97715621,13.42140196,1,0.194678485394,0.863097190857,-0.326031893492,-1.55593204498
25,17,H,12.06221425,8.84239076,13.72868707,1,0.239225745201,-2.96922779083,0.622831523418,-0.908257305622
25,18,O,10.43033401,13.36666435,12.17302733,-2,-0.425052762032,0.295854061842,1.17107117176,2.2390601635
25,19,H,11.81467493,10.52426424,10.36871666,1,0.245988190174,0.945355057716,-3.07002091408,-3.79866266251
25,20,H,11.45638773,9.45226429,12.42178606,1,0.236210972071,-0.882461428642,-0.641526758671,1.12969529629
25,21,H,13.6556487,10.73969844,12.30297825,1,0.256340533495,-1.93523108959,3.00377631187,0.181826680899
25,22,H,12.5574183,10.17942189,8.8981677,1,0.250728905201,0.185659348965,0.606979310513,-0.329519152641
25,23,H,12.72070372,13.28034253,9.97747568,1,0.248004704714,0.457448124886,0.372301280499,-1.25023066998
25,24,H,12,12,12,1,0.301795780659,1.3731842041,-1.390411973,1.70399582386
25,25,H,12.61975937,12.68978044,11.28218417,1,0.185581579804,1.45574891567,0.817685127258,-0.222276628017
25,26,H,8.9448485,10.37631554,11.75638475,1,0.212690904737,5.07245540619,1.34069943428,0.476744771004
25,27,H,12.99720271,13.75856913,14.25447079,1,0.232775330544,-0.363046258688,-0.201852083206,0.63579416275
26,0,O,12.21490177,13.14687928,10.7392148,-2,-0.35911077261,3.55915212631,0.405446141958,-2.53508281708
26,1,O,13.31534538,11.74911324,12.62928419,-2,-0.247572362423,-0.769997775555,6.64905405045,1.83958935738
26,2,H,14.19347454,11.49511838,16.13834965,1,0.232055708766,-2.33788967133,1.17570269108,-3.43176293373
26,3,H,10.07182744,11.2960257,14.40729223,1,0.22089035809,1.13734149933,1.72644579411,1.43185782433
26,4,O,12.896131,14.06421939,13.46945254,-2,-0.305716395378,-0.312414050102,5.29719686508,4.09979295731
26,5,H,11.1662443,14.10854832,12.08180067,1,0.230522915721,0.300617724657,0.35585257411,-0.705254971981
26,6,O,10.69173747,12.11434718,14.46543972,-2,-0.424717783928,-2.09941601753,-2.47883629799,0.813242375851
26,7,H,10.39495637,13.62586333,13.27392006,1,0.22286427021,-0.263235330582,-0.786825478077,-1.72378671169
26,8,O,11.26812065,9.2479468,13.39459717,-2,-0.448329240084,4.19002437592,-2.17637133598,3.60647106171
26,9,H,9.77795725,11.70713434,11.50492901,1,0.233698397875,0.786488652229,-0.121835380793,0.0591154322028
26,10,H,12.61505866,15.12129487,13.72563513,1,0.227065682411,0.892637372017,-3.54498434067,-2.25510525703
26,11,H,13.95742125,12.58692674,13.11691564,1,0.287822037935,-2.57174348831,-2.87605762482,-2.53738856316
26,12,O,12.21208946,9.84956078,9.74478569,-2,-0.501631677151,-0.0362684652209,0.405522853136,1.12687420845
26,13,O,10.15619582,10.8987805,11.91465671,-2,-0.358319282532,-3.59282279015,-0.246319770813,-0.504243612289
26,14,H,13.54284375,11.93182441,14.41611739,1,0.215983048081,0.0819497406483,-1.43742692471,5.17616987228
26,15,O,13.40936801,11.79621235,15.46747216,-2,-0.44859662652,2.15637111664,-0.0700423270464,-0.727977991104
26,16,H,10.86101349,11.97652459,13.55110727,1,0.200741916895,1.03198385239,0.342742204666,-1.44257807732
26,17,H,12.23342301,8.88374565,13.8026673,1,0.236790582538,-4.16653776169,1.18328511715,-1.18282425404
26,18,O,10.5396173,13.42572573,12.28779672,-2,-0.404227614403,-0.627754807472,0.707373082638,2.53308796883
26,19,H,12.12626949,10.57733798,10.39049596,1,0.261298388243,-0.267292141914,-0.471854716539,-0.832120537758
26,20,H,11.57096408,9.51305556,12.55922404,1,0.240697979927,0.146207988262,0.42158728838,-2.08804321289
26,21,H,13.72163797,10.95036023,12.55272562,1,0.264290928841,2.07545614243,-3.78896617889,-0.421604394913
26,22,H,12.71596441,10.21965465,9.02310424,1,0.256761938334,0.198225051165,0.103872127831,-0.406069040298
26,23,H,12.9720646,13.51364519,10.07288405,1,0.240693733096,-2.68950414658,-1.2362729311,1.97202682495
26,24,H,12,12,12,1,0.292100727558,-0.110592052341,-0.0595051385462,0.943354964256
26,25,H,12.79718642,12.69803166,11.38956301,1,0.183170244098,0.587930500507,1.47828304768,-1.32622337341
26,26,H,9.24745166,10.4250166,12.07625251,1,0.226153254509,2.82169532776,0.547143518925,-0.217755720019
26,27,H,13.11205616,14.05643791,14.46388554,1,0.224619761109,-0.120611801744,-1.50420928001,-1.26376104355
27,0,O,12.38254293,13.21789356,10.82621598,-2,-0.354170948267,1.69396162033,-0.563180983067,-0.823952019215
27,1,O,13.4806051,11.83500026,12.77519754,-2,-0.309283107519,-3.18179178238,-1.94046199322,-2.0593996048
27,2,H,10.21932851,11.48047654,14.59420886,1,0.23793181777,-1.37006282806,-1.36817491055,1.07901895046
27,3,H,9.1875402,9.81752676,10.0954089,1,0.21814134717,-1.30497777462,-0.24598993361,-0.542597591877
27,4,O,13.02787244,14.10355093,13.5702544,-2,-0.317222654819,-0.669524788857,3.82296800613,4.13048410416
27,5,H,10.61384639,8.15147487,11.92099412,1,0.244620546699,-1.3084372282,-0.940237522125,0.250051081181
27,6,H,11.31030142,14.13055381,12.26857796,1,0.226343244314,1.73871254921,0.779557466507,-2.13895225525
27,7,O,10.78718872,12.22069987,14.55998714,-2,-0.460065484047,1.88612473011,-0.0900531336665,-2.84360957146
27,8,H,10.4961408,13.8598368,13.22009889,1,0.229431718588,-2.00074625015,-0.369973570108,3.08823895454
27,9,O,11.41413136,9.34536712,13.4645543,-2,-0.429651916027,0.869201898575,-0.324712067842,0.328070342541
27,10,H,9.9417072,11.69479811,11.66899744,1,0.235756516457,-2.47645425797,4.57125711441,-1.65927064419
27,11,H,12.56224014,14.97128774,13.83624923,1,0.23110088706,0.00309574790299,-0.717012882233,-2.49570941925
27,12,H,13.97510793,12.5049536,13.16957455,1,0.247844159603,1.42057061195,1.80391097069,1.3685669899
27,13,O,9.26000767,10.68057242,9.69453646,-2,-0.473145186901,0.702531933784,0.169711664319,0.412972867489
27,14,O,12.3252995,9.94028962,9.85520601,-2,-0.443710386753,1.34556746483,-2.51743292809,-4.86958789825
27,15,O,10.30209317,10.95246322,11.9960693,-2,-0.354737073183,5.19220256805,-0.773480117321,0.677164852619
27,16,H,11.08617068,11.99077602,13.58568593,1,0.220192551613,-0.440512776375,1.10119390488,3.07235169411
27,17,O,10.50188339,8.5736277,11.07727966,-2,-0.409268319607,0.0643931627274,0.5206797719,-1.74890577793
27,18,H,12.23191871,8.97854708,13.8144033,1,0.250752866268,-0.126612052321,-0.332741081715,0.57980543375
27,19,O,10.65255596,13.4811847,12.39191891,-2,-0.38347029686,-0.329797923565,-0.289217710495,-1.35783743858
27,20,H,12.44690197,10.63180943,10.39245301,1,0.255523383617,0.243342787027,4.0904712677,3.70558714867
27,21,H,11.69272474,9.61564729,12.58706187,1,0.237176299095,-0.310251533985,0.101471029222,-0.332784384489
27,22,H,10.06280889,10.82592439,10.23426757,1,0.213257759809,0.025239340961,0.591231286526,-1.25278496742
27,23,H,13.90010612,10.98723107,12.76487809,1,0.270509541035,0.733066320419,-0.729930698872,0.142508238554
27,24,H,12.90574287,10.29276476,9.10631226,1,0.239856719971,-1.20453238487,-1.25810027122,0.843700230122
27,25,H,13.0886342,13.64966379,10.27395693,1,0.24097314477,-1.20613479614,-0.224703639746,-0.0111559480429
27,26,H,12,12,12,1,0.223423421383,0.208293408155,0.911430299282,0.227000311017
27,27,H,13.00753726,12.76458997,11.41282442,1,0.193983837962,0.454595446587,0.40955093503,0.175720244646
27,28,H,9.71379832,8.49083892,10.49679771,1,0.241912290454,1.00166583061,-1.5945879221,1.60677802563
27,29,H,9.64643196,10.46125897,12.3735431,1,0.243810772896,-2.60034942627,-2.35066747665,1.50914669037
27,30,H,13.25222018,14.25264988,14.55256101,1,0.23218241334,0.947620689869,-2.24277329445,-1.06061828136
28,0,O,12.528832,13.22188447,10.90499173,-2,-0.343270897865,-2.43650460243,-3.89730548859,2.55634737015
28,1,O,13.61072181,11.84754005,12.90675149,-2,-0.32752352953,-0.439250081778,-6.28809690475,-1.94094741344
28,2,H,10.22720218,11.55772314,14.82537394,1,0.242850959301,0.418789684772,0.24928574264,0.0469571426511
28,3,H,9.29860735,9.78285772,10.24074805,1,0.23077711463,-0.909927487373,2.00696659088,-1.77764201164
28,4,O,13.12512836,14.08662878,13.67260576,-2,-0.349930137396,0.92508661747,0.489895820618,0.729173958302
28,5,H,11.5234472,14.10434386,12.3518813,1,0.220840215683,-1.37782073021,-1.80374157429,-1.22237086296
28,6,O,10.86931123,12.26171987,14.63635081,-2,-0.454776525497,0.372567296028,-0.761498034,-0.491797119379
28,7,H,10.49418983,13.99021926,13.28308771,1,0.224864259362,-1.20934677124,-1.50820541382,0.0592813640833
28,8,O,11.54498923,9.38647008,13.52321306,-2,-0.451913535595,-2.61906719208,2.4034075737,-3.36073040962
28,9,H,9.98051259,11.81626656,11.78104412,1,0.248395711184,0.174204170704,-2.30378198624,1.02754402161
28,10,H,12.45474889,14.72004639,13.81469089,1,0.244461849332,-1.85984802246,1.39717411995,-0.744755923748
28,11,H,14.11455594,12.52166065,13.27507797,1,0.23672541976,1.52481460571,1.82862079144,1.33575892448
28,12,O,9.40050424,10.71336794,9.79112099,-2,-0.461562722921,1.13393568993,-2.97434186935,2.11430358887
28,13,O,12.42105884,9.96156224,9.94472455,-2,-0.410852700472,2.65488672256,4.15901994705,1.47645235062
28,14,O,10.44018803,10.94065573,12.07104406,-2,-0.341541349888,-0.456710964441,1.68058776855,0.611749351025
28,15,H,11.27352023,12.00807405,13.75827431,1,0.227226287127,-0.776146888733,0.185980096459,1.75331950188
28,16,H,12.25763801,8.9718027,13.87414332,1,0.259171754122,3.30537295341,-2.20341587067,1.68747544289
28,17,O,10.74318342,13.47510859,12.48522937,-2,-0.355289041996,1.85992312431,3.44684076309,0.384468525648
28,18,H,12.73701739,10.78687166,10.55102269,1,0.241127744317,-1.48546969891,-2.97768139839,-1.61724376678
28,19,H,11.77355697,9.68026582,12.58419246,1,0.250389277935,-0.287713527679,-1.05400538445,2.06424498558
28,20,H,10.25830362,10.75442841,10.29468813,1,0.214047282934,-0.584065198898,0.780833184719,-1.48675477505
28,21,H,14.11694932,10.90613922,12.96001299,1,0.260089337826,-1.60033047199,3.49923419952,-0.0492627099156
28,22,H,13.03512687,10.28037463,9.22547042,1,0.233026474714,-1.07130777836,-1.19497048855,0.14240641892
28,23,H,13.14034366,13.69835578,10.47151831,1,0.247542798519,2.84308171272,3.61787796021,-3.77841973305
28,24,H,12,12,12,1,0.22026565671,-0.95388174057,0.732284426689,-0.0440130420029
28,25,H,13.21695672,12.79302942,11.42112009,1,0.205965638161,0.541851401329,-0.486390829086,1.09938704967
28,26,H,9.91042259,10.34595227,12.70951192,1,0.244053512812,0.957524895668,1.72394871712,-1.40207719803
28,27,H,13.44092951,14.27752808,14.55543541,1,0.244839116931,1.35535156727,-0.748522400856,0.827144861221
29,0,O,12.66748149,13.15425437,10.98269452,-2,-0.30795788765,3.46298456192,-0.0787347257137,-0.285254865885
29,1,O,13.73807408,11.77448783,13.02233806,-2,-0.357378959656,3.70233631134,1.90941822529,1.29612565041
29,2,H,10.22183991,11.58702969,15.02691744,1,0.246866762638,2.61551713943,1.53349471092,-1.34428417683
29,3,H,9.37441952,9.82904259,10.33758276,1,0.235665619373,-0.588847517967,0.159906893969,0.312413990498
29,4,O,13.21559583,14.00696805,13.76547069,-2,-0.37071365118,-2.19010996819,1.98539817333,-0.339216768742
29,5,H,11.69100492,13.91146905,12.36562201,1,0.219149827957,-1.75207388401,-0.881002008915,-0.552537500858
29,6,O,7.60783292,9.55501785,8.73000279,-2,-0.501328825951,3.22409534454,0.19765265286,1.89719557762
29,7,O,10.95673716,12.23999855,14.70294114,-2,-0.458239227533,-3.92100524902,-0.0958969444036,4.93092536926
29,8,H,10.45076839,13.96691248,13.34813365,1,0.230825990438,0.44659692049,-1.94563257694,-1.72283685207
29,9,H,8.56225646,9.69689747,9.18489434,1,0.17912837863,-3.37726593018,-1.38941192627,-3.22165679932
29,10,O,11.67666848,9.38030504,13.56110487,-2,-0.431996881962,2.49387526512,-2.35670280457,2.72693943977
29,11,H,10.02550697,11.78335821,11.95583466,1,0.245810583234,1.40399384499,-3.47390580177,1.04782259464
29,12,H,12.28300071,14.47775624,13.74701525,1,0.247201830149,3.45434880257,-1.20376956463,1.18966639042
29,13,H,7.34757592,10.39051616,9.10942076,1,0.24337759614,-1.2949038744,0.601444959641,-0.289253175259
29,14,H,14.38972663,12.6251732,13.43519079,1,0.253568381071,-3.22246384621,-3.8431828022,-1.82970046997
29,15,O,9.54944392,10.672754,9.88204322,-2,-0.393698424101,2.05413937569,-0.431878834963,1.51806116104
29,16,O,12.52739377,9.93510986,10.02801575,-2,-0.407746821642,1.66489970684,3.86426472664,3.57111954689
29,17,O,10.5795961,10.87516814,12.13869606,-2,-0.365481168032,-1.71722579002,2.5138669014,1.60567772388
29,18,H,11.45001644,11.98061083,13.9846257,1,0.238138660789,1.22192645073,-1.77653813362,-2.2407951355
29,19,H,12.46215645,8.8156874,14.00757846,1,0.252554804087,-2.85004782677,1.97411680222,-2.0712556839
29,20,O,10.84165363,13.42090309,12.56926709,-2,-0.362533688545,0.566396772861,3.14610934258,1.03332483768
29,21,H,12.93888108,10.75077482,10.64255561,1,0.239436328411,-2.02630472183,-3.30593252182,-1.76945817471
29,22,H,11.83826261,9.66034783,12.66138581,1,0.2475476861,1.0165116787,-0.640109181404,-0.183417499065
29,23,H,10.44847165,10.67445772,10.30214601,1,0.229547232389,-0.376460254192,0.689362049103,-1.24463403225
29,24,H,14.26656989,10.94862212,13.12683048,1,0.241938233376,-0.515171825886,0.76644808054,-0.0970410183072
29,25,H,13.14254466,10.1762755,9.35008002,1,0.235696539283,0.403126627207,-0.561305880547,-1.75527143478
29,26,H,13.30926891,13.80489636,10.50775949,1,0.237109676003,-2.14199995995,-0.91991186142,0.286834537983
29,27,H,12,12,12,1,0.228208750486,-1.58170485497,0.328051626682,-0.393461346626
29,28,H,13.4487456,12.74677991,11.45644415,1,0.213668882847,-0.696568727493,0.0613955520093,0.222392857075
29,29,H,10.19843172,10.2587297,12.94655155,1,0.242341667414,1.20304250717,2.53418779373,-2.65287280083
29,30,H,13.70968229,14.21136797,14.56603189,1,0.249291926622,-0.681637585163,0.638797879219,0.354448527098
30,0,H,11.52715236,8.04767631,10.94459617,1,0.168764084578,-2.35150575638,-1.88259196281,1.68288302422
30,1,O,12.93546969,8.31714576,10.67535625,-2,-0.406900674105,-0.776061654091,1.42368078232,-1.87194955349
30,2,H,14.30367382,10.93317457,13.99123959,1,0.236453101039,-1.2759578228,-0.0195158366114,-2.94524025917
30,3,H,13.54032741,13.01359687,10.59225418,1,0.28110820055,-9.01746845245,2.3456492424,-10.7499780655
30,4,O,11.89689052,8.93055592,13.30529117,-2,-0.441217005253,0.202329605818,0.815156817436,-1.44507610798
30,5,H,13.19655303,12.77551512,13.57218416,1,0.252900242805,-0.288496047258,0.903198838234,-1.05330646038
30,6,H,13.73786468,11.04400091,12.41088573,1,0.23844102025,-1.58109152317,2.74355888367,-1.75793588161
30,7,H,10.4104663,13.07582345,13.15867034,1,0.221889421344,0.517729282379,-0.00018759816885,0.442960858345
30,8,H,10.22993541,9.55448554,16.02262171,1,0.2318675071,0.312703222036,-0.864304363728,1.43158376217
30,9,H,11.56547427,13.58235993,8.47129607,1,0.260708212852,1.45869731903,-2.54976606369,1.68154156208
30,10,H,10.32013438,7.19984348,10.74122597,1,0.224784851074,-0.568017065525,-0.363161832094,0.223271101713
30,11,H,10.48247495,13.08001555,10.48458808,1,0.223057836294,-1.12397348881,0.343749284744,-0.372890740633
30,12,H,12.28303925,12.17731512,9.44276157,1,0.26027739048,-0.0691260844469,1.72458159924,-1.30448937416
30,13,O,10.05193829,9.51620967,16.9912335,-2,-0.590270161629,1.28248620033,4.60973834991,-2.13115715981
30,14,H,11.90707159,9.26658952,12.37337631,1,0.212421566248,-1.13219892979,0.42357891798,2.00469350815
30,15,H,12.59907446,8.29739107,13.21522148,1,0.218825876713,0.434085726738,-0.702394962311,0.901802182198
30,16,H,9.80841609,8.89888302,17.58634455,1,0.271772623062,-0.996288597584,-3.70593118668,1.65578269958
30,17,H,12,12,12,1,0.217283234,1.15956640244,2.88614368439,2.90523552895
30,18,H,10.46441203,10.23423705,13.74984694,1,0.263704359531,-0.88241070509,-1.4640583992,0.679293751717
30,19,O,14.15883093,10.571923,13.05242072,-2,-0.537314176559,3.50035667419,-3.99197840691,3.55155038834
30,20,H,11.25532106,11.77412731,10.76028986,1,0.204918384552,0.401204258204,-1.84704530239,1.62088274956
30,21,O,11.6772038,12.60934801,8.78411717,-2,-0.472653657198,-1.17101335526,0.665985822678,-0.47717666626
30,22,H,11.11393431,12.23562082,14.25341156,1,0.238295316696,0.694765865803,2.29384207726,-1.31437647343
30,23,O,10.76114929,7.58622839,11.50557571,-2,-0.51582056284,0.856264948845,0.873788118362,-2.3610162735
30,24,O,11.27033742,13.05184251,13.62847444,-2,-0.453519433737,-1.49174284935,-2.34897828102,1.69895720482
30,25,H,15.11067371,13.03342186,11.00906487,1,0.263377606869,-2.89154028893,-0.109584406018,-0.64041107893
30,26,O,9.94188191,10.26341085,14.57703926,-2,-0.477833628654,-0.733779370785,0.550916433334,0.56751781702
30,27,O,13.60139003,12.53707701,14.38086303,-2,-0.491279631853,0.604426622391,-0.181211024523,2.73622655869
30,28,O,14.11718086,12.91201222,11.14068329,-2,-0.490824133158,11.966386795,-2.01014852524,11.3899059296
30,29,H,11.13114159,13.72453514,11.64182878,1,0.242801725864,-2.17541027069,-0.211252942681,-0.0769043341279
30,30,O,10.2178497,13.37112601,11.37219807,-2,-0.445639789104,2.17349052429,1.66514527798,-0.789922297001
30,31,H,14.42955825,12.98458787,14.52747879,1,0.250726431608,0.15600591898,0.513559818268,-0.331078648567
30,32,H,12.91316778,8.7420061,11.50845016,1,0.255110681057,0.955984711647,0.8367664814,1.04249477386
30,33,H,13.72783823,7.85664899,10.65475086,1,0.265859127045,2.32719373703,-1.53489112854,-0.204791948199
30,34,O,11.69692259,11.29966924,11.52444953,-2,-0.427730619907,-1.32430624962,-2.83642721176,-4.29282236099
30,35,H,9.33696347,9.52080075,14.85974994,1,0.24565461278,0.846710801125,1.00438952446,-2.09605765343
31,0,H,11.27792832,8.1963676,10.46828598,1,0.183118075132,-1.18341493607,-1.40037286282,1.30558204651
31,1,O,12.73186671,8.36562321,10.25567494,-2,-0.488566100597,2.04831647873,0.98341268301,0.760460078716
31,2,H,14.01355896,10.88840025,13.48881126,1,0.249851942062,-0.734419882298,1.91847932339,2.7369120121
31,3,H,13.26424603,13.36685958,9.94380768,1,0.256148815155,3.37925124168,-1.3145544529,2.81020617485
31,4,O,11.69794936,9.02608585,12.92585182,-2,-0.417152762413,3.81742238998,-0.949882507324,-4.40030431747
31,5,H,13.9632349,6.00649057,10.45234156,1,0.281768500805,1.54065179825,3.03358197212,-0.567125976086
31,6,H,12.95517212,12.92314157,13.24902753,1,0.242468804121,-0.191003546119,0.333095639944,-0.0142804943025
31,7,H,13.42302151,11.04324322,11.95398143,1,0.229560449719,0.259226053953,0.579845547676,0.696581959724
31,8,H,10.10405107,13.13171294,12.78299278,1,0.231113642454,2.70932674408,0.772544145584,0.577985048294
31,9,H,11.36904585,13.51604986,8.05712075,1,0.276005923748,0.644068181515,2.80875086784,0.0199444890022
31,10,H,9.99199234,7.15153762,10.30551016,1,0.221650272608,1.66476917267,2.31272935867,3.25747442245
31,11,H,10.34681919,13.25200094,9.96840628,1,0.216333389282,-1.79129862785,0.610006093979,2.34420609474
31,12,H,11.96322947,12.21969922,9.07715185,1,0.267599642277,0.650779664516,1.04288887978,-0.021959066391
31,13,H,11.8626867,9.35987027,11.90562142,1,0.20147241652,-2.11961007118,0.262352705002,4.33758497238
31,14,H,12.53063236,8.40031622,12.80259201,1,0.199835598469,-2.44698047638,1.48353838921,1.64060676098
31,15,H,15.37704077,6.79282213,10.88642335,1,0.275879889727,-1.98154723644,0.484087228775,-1.44325196743
31,16,H,12,12,12,1,0.233980208635,-3.29297423363,-1.7434104681,-4.23973894119
31,17,H,10.31069415,10.36182223,13.38920547,1,0.255005121231,-2.55517482758,-1.85830438137,2.65746879578
31,18,O,13.92899458,10.60151313,12.63818319,-2,-0.522038340569,1.28220105171,-3.42292642593,-4.52580785751
31,19,O,11.87451775,5.64546058,9.93638669,-2,-0.553412973881,0.508319139481,1.42619454861,0.239775538445
31,20,H,14.88684019,12.3708275,15.08666993,1,0.244006946683,1.11760509014,-1.86186623573,-0.638530433178
31,21,O,14.57220669,6.89289991,10.26191019,-2,-0.330769836903,1.3931401968,-4.72521543503,1.9384380579
31,22,H,10.95918087,11.67695485,10.46760907,1,0.213775917888,-3.051623106,2.20576047897,-2.08422279358
31,23,O,15.03850254,12.92942157,15.81647282,-2,-0.529312133789,-2.53857660294,1.31440472603,1.7675126791
31,24,O,11.49558297,12.66802301,8.36755941,-2,-0.503398060799,-1.0711928606,-3.96981430054,0.0564452894032
31,25,H,10.88083372,12.36198214,13.67003457,1,0.235669255257,0.60388469696,-1.28927564621,1.66761362553
31,26,O,10.5946397,7.64668313,11.10420237,-2,-0.387606739998,-2.23059153557,-1.96298336983,-5.3992562294
31,27,O,11.07079485,13.15619814,13.19812429,-2,-0.413983225822,-3.5359275341,0.292011886835,-1.32349205017
31,28,H,14.80182839,13.1624644,10.68812828,1,0.248399108648,1.30833780766,0.821583330631,-0.754186928272
31,29,O,9.6986865,10.31889246,14.24475972,-2,-0.538848042488,0.313031643629,0.503933250904,-0.937007308006
31,30,O,13.38209566,12.60588592,14.04432997,-2,-0.453919947147,-2.26563668251,-0.686862587929,-0.0329492986202
31,31,H,11.36291477,6.51087171,10.5291191,1,0.163352236152,2.36861252785,-2.16923379898,-1.7546890974
31,32,O,13.89554169,12.93686351,10.70977784,-2,-0.453879863024,-4.58304071426,0.696038424969,-1.97452402115
31,33,H,10.8636952,13.7707568,11.31697528,1,0.235657468438,-2.3909034729,-0.598800778389,-0.67870259285
31,34,O,9.96814679,13.44887123,10.92871312,-2,-0.460525810719,3.34306907654,1.10090386868,-2.784501791
31,35,H,14.18877739,13.04522514,14.07372847,1,0.235171943903,1.87020301819,1.84530460835,-0.48485827446
31,36,H,12.68085555,8.79459865,11.14351012,1,0.221512019634,1.19024825096,-0.649908185005,-1.79604709148
31,37,H,13.75374095,7.79611246,10.29887965,1,0.176847606897,-2.53951668739,1.44413161278,-0.0206313431263
31,38,O,11.51065735,11.37024656,11.09885465,-2,-0.462832629681,6.0259718895,-1.52634453773,6.45408296585
31,39,H,14.02457813,13.05943175,15.95803656,1,0.247063577175,2.61299037933,0.124811261892,0.48976534605
31,40,H,9.06327967,9.55561781,14.45475055,1,0.240284353495,2.0830476284,1.45044481754,-1.66529428959
31,41,H,12.52504947,5.87466369,9.18959357,1,0.232713401318,-2.2310385704,0.278919547796,1.78271949291
32,0,O,12.68841857,8.49061219,10.0234398,-2,-0.710172593594,0.0533669888973,-1.79885911942,-0.184001103044
32,1,H,13.85981501,10.98044109,13.30588639,1,0.241289108992,-0.726075351238,0.566461980343,-0.153748944402
32,2,H,13.23971961,13.75238512,9.52371778,1,0.242586880922,2.9110918045,-3.36520600319,4.35980319977
32,3,O,11.66742042,9.19629505,12.71768944,-2,-0.445512413979,2.47484302521,-2.47164011002,0.74293410778
32,4,H,13.87032005,6.12279757,10.26477207,1,0.291214466095,2.25932025909,4.07628631592,-1.11808907986
32,5,H,12.85860387,13.15586413,13.1054275,1,0.229192689061,0.124993637204,-0.581299245358,1.10115194321
32,6,H,13.25132759,11.17651596,11.72729848,1,0.214094281197,1.71524035931,-0.747544467449,1.9948143959
32,7,H,10.06855155,13.31194744,12.61541806,1,0.22783485055,1.29130542278,1.0742841959,-0.0409984365106
32,8,H,10.28995269,13.53246747,9.74054635,1,0.239313825965,-1.1413667202,0.194545358419,1.47648286819
32,9,H,11.8563983,9.54242788,11.8614626,1,0.213361129165,-1.12317478657,1.43900835514,-1.29129683971
32,10,H,12.52737692,8.62924645,12.68224689,1,0.219016462564,-2.2941339016,1.09390699863,1.12324714661
32,11,H,15.43498568,6.85941803,10.65266493,1,0.304040133953,-4.18825864792,1.49916696548,-2.5692191124
32,12,H,12,12,12,1,0.257025688887,-3.23125839233,-0.97141623497,-4.79238510132
32,13,H,10.20369407,10.47530437,13.34785494,1,0.259534090757,0.0149199059233,-1.49284636974,-0.849016785622
32,14,O,13.86103027,10.69660994,12.39323979,-2,-0.44785797596,-0.43203997612,-0.0809158235788,-1.7383954525
32,15,H,14.5626081,10.29459122,11.00289523,1,0.178031504154,0.073701582849,-0.358569204807,-2.71037817001
32,16,H,14.76245214,12.52465826,14.81884994,1,0.233774229884,0.79889523983,-0.978923738003,0.779382348061
32,17,O,14.47976451,7.05808797,10.01667111,-2,-0.214762687683,5.08134508133,-9.30742073059,2.77099990845
32,18,H,10.7131448,11.75772564,10.29617036,1,0.192428559065,1.35036540031,0.0101569667459,2.12998986244
32,19,O,14.9647103,13.0498398,15.58803983,-2,-0.531744003296,-1.98896276951,1.26788508892,1.32670974731
32,20,H,10.85610189,12.49628063,13.33066108,1,0.234217807651,0.671637892723,-1.83902609348,1.84692025185
32,21,O,11.01922623,13.33582496,12.94854552,-2,-0.397169470787,-2.62462496758,0.772783637047,-0.444493710995
32,22,H,14.72755744,13.41959334,10.49975397,1,0.222158253193,-0.786748051643,-0.27513229847,-0.316036432981
32,23,O,9.62388751,10.45000394,14.09495652,-2,-0.545699477196,-0.811732232571,1.46815741062,1.80802929401
32,24,O,13.31408456,12.74916814,13.89308533,-2,-0.420971930027,1.08002972603,2.47951698303,-2.44140982628
32,25,O,13.82212434,13.03590331,10.46254241,-2,-0.395090430975,-2.07673311234,3.91765356064,-3.8061208725
32,26,H,10.64960054,13.85532137,11.14519354,1,0.236479073763,1.3345566988,0.406572282314,0.718634307384
32,27,O,9.8892458,13.60056024,10.66054625,-2,-0.463572472334,-0.652592658997,0.126318603754,-3.30247020721
32,28,H,14.20322122,13.24148222,13.76635153,1,0.235695004463,-2.15193319321,-0.750403344631,0.0700193345547
32,29,H,12.66195087,8.87844189,10.88603523,1,0.200495392084,0.0858432948589,0.184215247631,0.0521466434002
32,30,O,14.43817551,10.15686786,9.98893666,-2,-0.50919008255,-3.47885799408,2.82940459251,1.15462744236
32,31,H,13.8550242,7.83909239,10.11894803,1,0.182168960571,-4.13424110413,4.11979198456,0.306978166103
32,32,O,11.50043109,11.50975655,10.8732706,-2,-0.475131750107,1.84150409698,0.275661587715,2.5734796524
32,33,H,13.31575134,10.53219601,9.8473731,1,0.207494720817,5.24191761017,-2.05453538895,0.464847147465
32,34,H,13.99739405,13.35895742,15.78388823,1,0.244480118155,2.7368927002,-0.730913460255,-0.125388294458
32,35,H,8.95595627,9.75845466,14.16228081,1,0.250947892666,0.700963079929,0.00287409778684,-0.917750835419
33,0,O,14.72554211,15.27769477,12.19387698,-2,-0.513846516609,-0.0167095661163,0.90953540802,1.2799642086
33,1,H,13.84485742,11.13689655,13.34867241,1,0.240400642157,0.0943856537342,-0.671021163464,-3.34759664536
33,2,H,13.47968235,14.07942035,9.45194434,1,0.256108134985,1.50764679909,-4.0269446373,4.07961702347
33,3,O,11.79498042,9.41448569,12.72022395,-2,-0.489517092705,-1.98578739166,-1.82220935822,3.14193034172
33,4,H,12.91214486,13.40564398,13.22037673,1,0.215512305498,-0.608720362186,-0.413735061884,0.558063864708
33,5,H,13.31205316,11.33648183,11.83256954,1,0.210254177451,0.0710430219769,0.572385966778,-0.154633700848
33,6,H,10.22140025,13.60263537,12.6472877,1,0.227367460728,-2.51726055145,0.749412298203,-0.497118443251
33,7,H,10.35582062,13.86539557,9.76007665,1,0.256763577461,0.959303081036,0.32300427556,-2.41732144356
33,8,H,11.93215566,9.88828896,11.9673188,1,0.23717340827,0.528889894485,1.86833131313,-3.55966615677
33,9,H,12.59534978,8.936847,12.85564644,1,0.247395321727,0.884302020073,-0.431140691042,0.220989331603
33,10,H,12,12,12,1,0.234101518989,-2.99090743065,-0.60313308239,-5.57987833023
33,11,H,10.27270753,10.5743169,13.45205458,1,0.254447132349,2.02246809006,-1.2511267662,-2.66218948364
33,12,O,13.94215676,10.84566264,12.34224545,-2,-0.427093088627,0.595717310905,0.299382984638,4.40537023544
33,13,H,14.60417329,10.4957998,10.98593454,1,0.178910493851,0.919119417667,-0.58582508564,-1.68597590923
33,14,H,14.85997386,12.65813701,14.79252419,1,0.24398252368,0.208989605308,0.428382366896,1.99967467785
33,15,H,10.68019595,11.9098489,10.42880833,1,0.203398495913,3.16242098808,-0.302791625261,2.66237735748
33,16,O,15.03487871,13.22583077,15.56829033,-2,-0.551186919212,2.99519920349,-1.01262903214,0.0399165153503
33,17,H,11.0273538,12.59490513,13.2817184,1,0.23807258904,0.482158333063,2.8329539299,-0.277589023113
33,18,O,11.11198625,13.57116234,12.90250441,-2,-0.388696312904,1.10743677616,-3.42117810249,2.3831012249
33,19,H,14.8093773,13.70761847,10.46364345,1,0.201653063297,-1.97081279755,-2.24601769447,-0.523706316948
33,20,O,9.7058231,10.63924657,14.15659622,-2,-0.533761739731,-2.21611571312,1.26389694214,3.05629920959
33,21,O,13.40017098,12.9554506,13.93976868,-2,-0.422537535429,1.37207865715,2.21241617203,-2.94191646576
33,22,O,13.89483481,13.19730061,10.4130476,-2,-0.351505339146,0.911858558655,6.32202339172,-3.96080613136
33,23,H,10.65265651,14.00075799,11.20763226,1,0.230990201235,0.929527342319,0.14643715322,-0.0159917324781
33,24,H,14.39789366,14.56374928,11.62384145,1,0.231681257486,-1.20305621624,0.659231364727,0.961709678173
33,25,O,9.96200399,13.80272344,10.58811389,-2,-0.484902203083,-2.0419728756,-0.134806662798,1.24834871292
33,26,H,14.08450263,15.72102664,12.82851981,1,0.263428211212,0.782402455807,-1.34048318863,-1.70691525936
33,27,H,14.28449563,13.42550048,13.65464955,1,0.229633003473,-1.98930907249,-1.02567231655,0.849089920521
33,28,O,14.54034081,10.37801309,9.99249212,-2,-0.530503749847,-5.27157354355,1.86698818207,0.922914385796
33,29,O,11.64923247,11.70108362,10.85851898,-2,-0.416137933731,-0.452674388885,0.564476728439,2.64622759819
33,30,H,13.43147512,10.78753354,9.99553838,1,0.198514729738,4.95170783997,-1.90135443211,-0.835762858391
33,31,H,14.25889602,13.67281498,15.83305393,1,0.257117331028,-1.39700603485,0.275020688772,0.0277123078704
33,32,H,8.96953002,10.03400504,14.05703817,1,0.252782791853,0.175251021981,-0.103809960186,-0.316238254309
34,0,H,14.00106868,11.24945537,13.48325454,1,0.233732968569,0.635782539845,-0.229803845286,-0.169003546238
34,1,H,13.89784004,14.3167583,9.73683415,1,0.228229165077,0.0138489790261,-4.28022241592,3.37474298477
34,2,O,12.05306589,9.65864818,12.97868802,-2,-0.473708063364,-1.29232490063,1.88828718662,-1.94102787971
34,3,H,13.05499362,13.65370337,13.60189582,1,0.222619473934,-1.01763057709,0.284597933292,0.202876120806
34,4,H,13.50732222,11.56667598,12.17930677,1,0.216327995062,-0.681463778019,1.42799639702,-1.36279428005
34,5,H,9.64667394,9.9558207,12.77306363,1,0.229963958263,0.42091858387,-0.787486433983,2.37937235832
34,6,H,10.38735835,13.95066292,12.90546185,1,0.239613115788,0.597500383854,-0.114707112312,0.919760286808
34,7,H,11.88374061,14.1630134,8.18052342,1,0.229816436768,-0.174371272326,-1.739128232,-0.574358701706
34,8,H,10.62919403,14.20886647,9.9158507,1,0.241450026631,-0.587805867195,-0.213922798634,0.68771225214
34,9,H,12.15405522,13.22507726,9.34403389,1,0.228166043758,-0.648015260696,-1.19410765171,-2.99850273132
34,10,H,12.14324586,10.35485482,12.164578,1,0.223208859563,0.470503747463,-3.6916718483,2.60327744484
34,11,H,12.86066472,9.22586707,13.30839117,1,0.241421878338,-0.238732889295,0.973786652088,-1.00128901005
34,12,H,8.52491954,9.65675929,11.78805767,1,0.252022624016,-1.06720936298,-0.416154056787,0.0322365015745
34,13,H,12,12,12,1,0.221335485578,-0.0247055124491,1.00756859779,2.73976659775
34,14,O,9.39902378,9.98136995,11.89865626,-2,-0.48623546958,0.283796578646,0.675218701363,-3.64485383034
34,15,H,10.57829582,10.66024283,13.67124893,1,0.21879774332,-1.14617490768,0.235225856304,2.98208260536
34,16,O,14.16133407,11.02492141,12.54518211,-2,-0.429052650928,1.23118007183,-0.383692353964,2.95048618317
34,17,H,14.83805062,10.7061874,11.14750635,1,0.198546171188,2.55008482933,-0.611215829849,3.26866054535
34,18,H,10.95928244,12.06502612,10.95063706,1,0.226010084152,0.896643221378,-0.301853001118,-0.175706118345
34,19,O,11.84715974,13.16742476,8.33060305,-2,-0.480223089457,1.04348623753,2.85965919495,3.52782654762
34,20,H,11.36241595,12.8459223,13.46460593,1,0.253967046738,-0.400274127722,2.8537671566,-0.450018703938
34,21,O,11.34491895,13.824005,13.10570549,-2,-0.403666496277,-1.26400792599,-2.59813642502,1.05611610413
34,22,H,14.94514982,13.91057092,10.62482449,1,0.205246329308,0.459923326969,-1.11966085434,0.954521298409
34,23,O,9.92577969,10.85976313,14.46778221,-2,-0.479563593864,-0.198306903243,-1.33239483833,-2.63799142838
34,24,O,13.62793445,13.19860957,14.22044379,-2,-0.477662503719,-0.270821332932,-0.0563841275871,-0.0824159011245
34,25,O,14.11014495,13.40105884,10.60070501,-2,-0.359338760376,-0.277825683355,5.81563234329,-4.24911212921
34,26,H,10.85090652,14.18045221,11.5001309,1,0.214723497629,-0.862889170647,-0.226672887802,-2.33124184608
34,27,O,10.16795266,14.02862724,10.76187779,-2,-0.48855048418,1.2618547678,0.618169903755,0.679031431675
34,28,H,14.41231864,13.53985498,13.82021818,1,0.247632607818,1.78309905529,-0.0603298842907,0.135526999831
34,29,O,14.76518044,10.63794775,10.24111799,-2,-0.561725258827,4.26973819733,-2.14713859558,-3.39953660965
34,30,O,11.9337519,11.92043482,11.09262846,-2,-0.397262364626,-1.53147006035,-0.780610978603,-2.94965624809
34,31,H,13.95096844,10.95231422,10.34983965,1,0.239716768265,-6.05650949478,2.18349480629,-1.57450413704
34,32,H,9.09222003,10.32755053,14.21562498,1,0.224440485239,1.82217943668,1.46189117432,1.04801809788
35,0,H,10.06650009,15.64327363,9.72145298,1,0.231973707676,-1.23645949364,-2.81594634056,-0.317835956812
35,1,H,13.68435584,16.528177,8.43384422,1,0.173546224833,3.38663458824,-1.69718182087,-0.720126032829
35,2,H,14.24626274,11.26868076,13.44696225,1,0.241304531693,0.282742917538,-0.0463737398386,3.25821304321
35,3,O,12.33345172,9.88089391,13.02941963,-2,-0.423234760761,0.168413877487,0.0549007505178,0.698134601116
35,4,H,13.15525348,13.86295366,13.78452066,1,0.223632246256,1.1647258997,0.0314949825406,1.00024294853
35,5,O,10.09505649,16.55120969,9.82413877,-2,-0.334283590317,-1.67251992226,3.9992454052,5.57848930359
35,6,H,13.70603858,11.83686546,12.24853935,1,0.216764196754,2.14511156082,-1.09227347374,-0.0791480988264
35,7,H,9.96064791,10.23349273,12.87281015,1,0.227747559547,-1.85158360004,-0.865274608135,-2.66300606728
35,8,H,10.57957267,14.24308367,13.00708003,1,0.253019630909,3.05474591255,-0.926626741886,1.20723080635
35,9,H,10.95053597,14.47110495,9.89684372,1,0.243856400251,-0.766034901142,-1.71853864193,2.08819651604
35,10,H,12.38953626,10.61508867,12.30575991,1,0.218817353249,1.38173413277,-3.45938205719,1.72081315517
35,11,H,13.18630014,9.48872546,13.52357616,1,0.238637715578,-2.63080525398,2.05908298492,-2.49281191826
35,12,H,8.68885514,10.01163025,11.78334431,1,0.249667838216,0.274057984352,0.0667108744383,0.764980077744
35,13,H,15.10053777,16.90350622,7.63362535,1,0.224555820227,-1.26349878311,-2.87144231796,2.0418806076
35,14,O,12.29918329,16.18347985,8.8017443,-2,-0.487712919712,-4.39827632904,2.27660822868,-1.11636531353
35,15,H,9.95500234,16.5822099,10.96861019,1,0.281743377447,0.741415083408,0.166737288237,-5.25190448761
35,16,H,12,12,12,1,0.221405655146,1.99438107014,-0.149012997746,3.64188361168
35,17,O,9.63143623,10.16793726,11.92025156,-2,-0.481702327728,1.20815300941,0.386202216148,0.688719332218
35,18,O,14.68219372,16.11796968,8.21733252,-2,-0.558713674545,-0.963017761707,4.50338506699,-1.58277785778
35,19,H,11.27321952,16.5910335,9.20070188,1,0.172093808651,2.73575258255,0.371121317148,-2.1479716301
35,20,H,10.85598826,10.72506931,13.80694492,1,0.199611097574,-1.20432782173,0.606530308723,3.06692361832
35,21,O,14.41074968,11.17557763,12.54990749,-2,-0.429096311331,-1.2127597332,2.19403028488,-1.37898135185
35,22,H,15.24529364,10.86601628,11.24008035,1,0.211079359055,0.92533236742,-0.494570165873,-1.49619650841
35,23,H,11.31022901,12.17941997,11.26854733,1,0.224091053009,-3.05146479607,0.655573964119,-3.51098608971
35,24,H,11.70210989,13.18683692,13.43041085,1,0.257557630539,-0.533430218697,-2.79647421837,1.50848555565
35,25,O,11.60449847,14.03787206,13.10668016,-2,-0.399835258722,-3.64715886116,3.74032902718,-1.58387959003
35,26,O,10.17938884,11.04532722,14.56072752,-2,-0.436379760504,-0.68654102087,-1.86899793148,-3.45250821114
35,27,O,12.59064648,11.61922124,15.76742081,-2,-0.537207722664,1.97921299934,1.40287292004,-3.59076404572
35,28,O,13.87912065,13.41302348,14.2911277,-2,-0.42378666997,-0.946693241596,0.708824574947,-0.824640274048
35,29,H,11.0477155,14.31861757,11.46229644,1,0.205786123872,0.382364839315,-0.11955293268,-0.722040772438
35,30,O,10.40882947,14.22079108,10.73372291,-2,-0.43345874548,1.11214184761,0.291960328817,-1.9287481308
35,31,H,12.24182615,11.37117497,14.84404311,1,0.221518456936,0.615714669228,0.135636895895,2.59966635704
35,32,H,13.37381684,12.24963875,15.41873039,1,0.205290496349,-2.41213440895,-1.86265540123,1.62243366241
35,33,H,14.65461938,13.59100292,13.76978805,1,0.252951353788,0.804669201374,0.053030718118,-0.205224364996
35,34,O,15.03495958,10.86338155,10.27485843,-2,-0.572752058506,1.44159352779,-0.386126071215,0.567505657673
35,35,O,12.24495199,12.1057285,11.10987612,-2,-0.390048086643,0.330451190472,-0.166678756475,-0.661191821098
35,36,H,14.17476329,11.19491607,10.43219819,1,0.241492927074,-1.63469409943,0.447519630194,-1.08729255199
35,37,H,9.30450111,10.60797241,14.22747583,1,0.220172196627,2.01779818535,1.34146690369,1.47689068317
35,38,H,12.233914,15.80858287,9.62599393,1,0.249895140529,1.96425235271,-2.15615868568,3.28371047974
36,0,H,10.22724261,15.74876467,9.63041972,1,0.230100229383,-0.974458634853,2.45926737785,-0.631123304367
36,1,O,8.79481586,12.79768913,9.77271603,-2,-0.440145611763,5.18080425262,0.263078272343,-1.76412892342
36,2,H,14.44429594,11.24551062,13.30749592,1,0.239604234695,0.653600871563,0.654003441334,-2.78089666367
36,3,O,12.51864443,10.09441112,12.81326318,-2,-0.432404071093,-1.33328807354,-8.37879562378,8.47039794922
36,4,H,13.20841003,14.04562112,13.7290719,1,0.223332837224,1.9673794508,0.450034737587,0.0507853552699
36,5,O,10.27599702,16.7693121,9.59802358,-2,-0.342856705189,-2.2227704525,-1.88177263737,1.4008462429
36,6,H,13.91298656,12.05200359,12.03062921,1,0.210466474295,1.4157654047,-1.01587057114,0.344104558229
36,7,H,9.85126591,13.19913451,9.93823513,1,0.198549062014,-4.45739364624,-0.796339988708,0.346449077129
36,8,H,10.08933981,10.44771038,12.56220592,1,0.211742028594,-0.512065112591,-0.606890201569,-0.0863404721022
36,9,H,10.80080012,14.46261674,12.89320961,1,0.246218979359,0.607395529747,-0.504741609097,0.866148114204
36,10,H,11.14287198,14.64218383,9.71040635,1,0.254619270563,1.05043840408,-0.69005215168,-1.23230493069
36,11,H,12.59790689,10.72555311,12.25829467,1,0.223417788744,2.47822880745,5.61222028732,-6.13945150375
36,12,H,13.33413866,9.80252324,13.36065522,1,0.245821505785,-2.14490127563,1.16009640694,-2.11480784416
36,13,H,8.72110866,10.38993972,11.55746481,1,0.164445817471,2.82759833336,0.682253837585,0.901904761791
36,14,H,6.93728494,10.84942712,11.39482818,1,0.257329523563,-2.50202441216,-1.25571656227,-0.584280967712
36,15,O,12.47618246,16.33675275,8.56259278,-2,-0.56975877285,-3.0549826622,-0.425653398037,3.62113928795
36,16,H,10.01521532,16.84337557,10.53992387,1,0.265158057213,0.413646817207,0.99405837059,-0.484708100557
36,17,H,12,12,12,1,0.196629375219,2.64036512375,0.642126441002,-2.83925485611
36,18,H,9.1088097,12.21020965,13.46881553,1,0.202462792397,1.39237976074,-3.35965895653,2.68771386147
36,19,O,9.78298427,10.34509619,11.67032275,-2,-0.500838577747,-0.445729166269,-0.573657512665,-1.43807709217
36,20,H,11.45733689,16.69497308,9.04943628,1,0.132077857852,3.73789954185,-0.0126091148704,-2.27840781212
36,21,H,10.98518467,10.80742692,13.81961629,1,0.210529148579,1.673158288,-1.33934152126,-0.569976449013
36,22,H,9.17619105,12.26755878,9.0122562,1,0.22220313549,-1.59303498268,0.179990023375,0.82387304306
36,23,O,14.56143995,11.32772347,12.27923054,-2,-0.436457276344,-0.803016602993,1.47826576233,4.46768426895
36,24,H,15.62941313,10.99928654,11.00653927,1,0.220688462257,-1.82422590256,0.387090831995,-3.50118088722
36,25,H,7.81627825,11.96437511,10.808464,1,0.216910243034,0.282236993313,0.0195692367852,-0.123412653804
36,26,H,11.45987497,12.30164166,11.15707138,1,0.193680554628,0.828437328339,0.337369054556,-3.04833483696
36,27,H,11.91152461,13.39530902,13.19324192,1,0.249247178435,-0.667439699173,-1.16031646729,0.608468532562
36,28,O,11.76152359,14.25185691,12.83074002,-2,-0.403627574444,-1.18097531796,1.7610912323,-0.874100625515
36,29,O,10.34381464,11.21699994,14.36323453,-2,-0.418946862221,-1.42157280445,0.641674995422,1.01622879505
36,30,O,12.75399099,11.80058114,15.50412275,-2,-0.524433732033,-0.342316687107,-0.993634641171,1.13654541969
36,31,O,7.66620793,11.37898302,11.57515023,-2,-0.388870716095,-0.370918422937,0.428621679544,0.251545757055
36,32,O,14.02793836,13.62013701,14.08333991,-2,-0.442667096853,1.91843569279,0.108458250761,-1.77508759499
36,33,H,11.1797145,14.44884312,11.12091569,1,0.223744541407,1.7296962738,-0.21363440156,2.32618141174
36,34,O,8.81383068,12.93833749,13.05849618,-2,-0.488764971495,0.272906005383,4.99403905869,-4.25758266449
36,35,O,10.56416185,14.4026097,10.42707985,-2,-0.32556450367,-0.770979702473,-0.00861981045455,-1.32403123379
36,36,H,12.42688593,11.7272984,14.63352702,1,0.232044667006,-1.29352092743,-0.996462345123,-1.20192992687
36,37,H,13.34427477,12.48462322,15.27481407,1,0.215991348028,1.93476915359,1.662997365,0.600844681263
36,38,H,14.85038823,13.62532028,13.43345881,1,0.252657145262,-2.98026514053,0.319345504045,1.75302577019
36,39,O,15.22246026,11.07811712,10.03531195,-2,-0.567677378654,-3.13681912422,1.53231501579,2.13961648941
36,40,O,12.46094913,12.2789556,10.84921576,-2,-0.365686833858,-4.25035619736,-0.807489335537,5.48277521133
36,41,H,14.12071343,11.48967639,10.18887213,1,0.220454007387,5.53825569153,-2.23503303528,-0.872139811516
36,42,H,9.50141548,10.87432786,14.03627695,1,0.233326211572,0.0604051351547,-0.574396550655,0.734804272652
36,43,H,9.28468927,12.80596903,12.17238008,1,0.225703448057,-1.49348628521,0.428046643734,1.5447152853
36,44,H,12.62444633,15.86861524,9.43966657,1,0.229544833302,1.17273938656,0.634671211243,-1.65423822403
37,0,O,14.98598969,9.0957558,12.41969253,-2,-0.486330062151,1.44640743732,1.12918710709,-0.0649517476559
37,1,O,8.86338231,13.02153122,9.56801682,-2,-0.44181740284,-0.528847932816,-1.28863668442,-1.58397996426
37,2,H,14.60052134,11.22827242,13.10465784,1,0.265903681517,0.0924600511789,2.12866973877,-3.72032642365
37,3,O,12.60445293,10.27108786,12.65340845,-2,-0.40697285533,-5.5740032196,2.084430933,-2.59224915504
37,4,H,14.09164326,12.20897929,11.84794038,1,0.235529705882,-1.15277528763,1.994997859,-0.524752855301
37,5,H,9.66124296,13.51377357,9.78044203,1,0.175779312849,0.375455617905,1.06558442116,0.863271534443
37,6,H,10.10159033,10.6177719,12.29767901,1,0.218080535531,1.33517515659,0.00741615891457,3.27668881416
37,7,H,10.94893923,14.63185611,12.84234789,1,0.248197451234,-2.28296732903,0.439207136631,0.914433002472
37,8,H,11.28684778,14.74439194,9.50145901,1,0.248191595078,0.501446008682,0.199221938848,-1.64428818226
37,9,H,12.81797449,11.02585075,12.02047016,1,0.190321534872,0.066785633564,-2.09655380249,0.409406721592
37,10,H,13.32654805,10.12027424,13.15169014,1,0.22735902667,3.66601681709,-1.359998703,2.35254049301
37,11,H,8.78687932,10.79843567,11.41486238,1,0.106566518545,2.69066596031,-0.528777658939,0.0107285073027
37,12,H,6.92187624,10.96292972,11.17300835,1,0.27004057169,3.16594910622,2.41531157494,0.679556250572
37,13,H,12,12,12,1,0.122188866138,1.54619979858,0.580101370811,-3.07710838318
37,14,H,9.11080421,12.21555966,13.25075033,1,0.199971675873,-0.594137609005,2.72474265099,-1.05440950394
37,15,O,9.84311172,10.50351095,11.44552147,-2,-0.51941972971,-1.60760843754,-0.449970513582,-3.64333486557
37,16,H,15.02742404,10.0789448,12.16196152,1,0.167416974902,0.0096202455461,-2.87426042557,-0.56979906559
37,17,H,11.10180822,10.80473526,13.85162536,1,0.218422234058,0.353057235479,-1.03683996201,-0.231380879879
37,18,H,9.2364729,12.58784711,8.78267048,1,0.240450620651,-0.806920111179,-0.367775022984,0.0888968035579
37,19,O,14.61639887,11.47200433,12.05563747,-2,-0.37481328845,2.79704737663,-1.0440839529,4.45276355743
37,20,H,7.90021552,12.07265852,10.62063207,1,0.226132079959,0.863828659058,2.94874119759,-4.08126735687
37,21,H,11.57459635,12.41515111,10.91237449,1,0.186249673367,1.07536923885,0.412380337715,-2.01566910744
37,22,H,11.98832146,13.51404874,13.01658885,1,0.250010490417,-0.580606102943,3.20330309868,-1.22741889954
37,23,O,11.82425131,14.45452523,12.58534106,-2,-0.436702340841,2.5173637867,-3.19948601723,1.04053294659
37,24,O,10.41694587,11.37750191,14.19077327,-2,-0.414894968271,1.15816533566,1.05444800854,1.25584292412
37,25,O,12.82226991,11.96433443,15.27803707,-2,-0.493146568537,0.730318427086,0.40028116107,-0.131216198206
37,26,O,7.79503383,11.57475368,11.36096329,-2,-0.296522796154,-7.11524200439,-5.53293848038,2.77853798866
37,27,H,11.29150096,14.55626372,10.91361754,1,0.213307544589,-1.30212748051,-0.32484164834,-0.464673876762
37,28,O,8.90237641,13.10356031,12.82999054,-2,-0.476172238588,2.05385732651,-0.848304629326,-1.19819688797
37,29,O,10.62855914,14.56629964,10.15036391,-2,-0.395758956671,1.8205319643,0.968953847885,2.14802861214
37,30,H,12.46201963,11.99081268,14.39971743,1,0.242987453938,-0.753322720528,-0.613472938538,-0.411440312862
37,31,H,13.32526606,12.77818901,15.2157545,1,0.250868022442,0.505348563194,0.377495378256,0.804758965969
37,32,O,12.57198334,12.43278636,10.63645689,-2,-0.460443675518,-3.23547887802,-1.35251414776,4.70035362244
37,33,H,9.59066792,11.05897699,13.90048228,1,0.236925080419,-1.2073032856,-1.54011571407,0.0648529231548
37,34,H,9.33749369,12.97201541,11.90835951,1,0.227157384157,-1.256939888,0.423323005438,2.22943878174
37,35,H,15.92519079,8.82730978,12.35617638,1,0.234936833382,-0.772789776325,-0.0992261618376,0.165830716491
38,0,O,15.02828857,9.23567975,12.24043243,-2,-0.463268697262,-1.72475230694,3.46861672401,0.0111219063401
38,1,O,8.88243346,13.20524369,9.42164788,-2,-0.4372151196,-4.05923032761,-3.32988500595,-1.27658069134
38,2,O,13.60040549,9.52111663,9.59880113,-2,-0.438570678234,2.43934011459,-0.0599712431431,0.821668088436
38,3,H,14.72052892,11.2828293,12.82830173,1,0.25816193223,-0.270419239998,2.16960048676,0.775584578514
38,4,O,12.627178,10.41125008,12.55529295,-2,-0.382013738155,-0.135042846203,2.88398122787,-1.43736505508
38,5,H,14.53852506,7.59425028,9.65847253,1,0.28273883462,-0.147708326578,-0.786381959915,0.680099606514
38,6,H,14.16453795,12.40924273,11.70818272,1,0.248151391745,0.080589748919,0.290134340525,-0.00456570088863
38,7,H,9.44147592,13.85042676,9.7542302,1,0.204032361507,2.41349244118,2.31675815582,0.61429220438
38,8,H,10.13472159,10.75261941,12.23817359,1,0.196472659707,0.018766656518,-0.800999283791,-2.61420297623
38,9,H,13.15437942,9.02101996,8.38978698,1,0.153806447983,-1.86267030239,0.350698828697,-4.07231616974
38,10,H,10.95559087,14.78837799,12.875396,1,0.243835926056,1.54275846481,0.0995525792241,-1.10599207878
38,11,H,11.41174837,14.78273366,9.26050292,1,0.238164067268,-2.12468695641,-0.369108825922,1.1515198946
38,12,H,12.98763777,11.25075923,11.84539034,1,0.204296201468,-1.33114159107,-3.12119245529,1.44056773186
38,13,H,13.42210257,10.34240721,13.10911381,1,0.220795631409,-0.844264090061,-0.682958126068,-0.0699409842491
38,14,H,8.9486252,11.16134524,11.33086768,1,0.104546189308,1.65791404247,-1.70922923088,-0.669105470181
38,15,H,7.01419771,11.18273834,11.06754709,1,0.259535908699,1.69976973534,0.770273983479,0.42652580142
38,16,H,16.0950976,7.82383192,10.11457419,1,0.283423453569,0.274828791618,-0.737514078617,0.878274798393
38,17,H,12,12,12,1,0.0855773091316,1.09325838089,0.0893125832081,-2.23839759827
38,18,H,9.03634994,12.30136968,13.05455451,1,0.214467704296,-0.39725074172,2.90251278877,-1.15972530842
38,19,O,9.85300421,10.62374896,11.27247742,-2,-0.497605621815,1.26807129383,0.668855547905,2.96722412109
38,20,H,15.10124554,10.291893,12.04521411,1,0.149813771248,-0.355630367994,-4.5971570015,-1.00084555149
38,21,H,11.19319723,10.72674997,13.92121933,1,0.223436638713,-2.94660902023,2.45622682571,0.500675618649
38,22,H,9.22084296,12.83842503,8.60925544,1,0.260229170322,0.388040363789,0.0424366332591,-0.109597399831
38,23,O,14.63148985,11.57893886,11.91464857,-2,-0.319960266352,1.74692058563,1.5473549366,-0.370080113411
38,24,H,7.96788864,12.25977282,10.32294148,1,0.22509072721,0.399123966694,-0.487135231495,1.6401758194
38,25,O,15.38444528,8.01659605,9.52831016,-2,-0.357046246529,0.909182965755,0.585983157158,-1.73772132397
38,26,H,11.72308532,12.48372678,10.62469786,1,0.208681792021,-3.93954014778,-0.0116165839136,-0.9294308424
38,27,H,11.97736659,13.71040849,12.81974002,1,0.249954372644,0.203538775444,1.32412314415,-0.947437644005
38,28,O,11.84635555,14.6120052,12.40809431,-2,-0.425324052572,-2.00026988983,-1.10400438309,2.49164295197
38,29,O,10.44997746,11.50770946,14.07581504,-2,-0.392248213291,1.35071563721,-3.47240138054,-0.504833221436
38,30,O,12.84094983,12.09308966,15.12040587,-2,-0.474745154381,1.54391956329,3.83606004715,-1.56716632843
38,31,O,7.85568213,11.71919721,11.22129551,-2,-0.328545510769,-5.41462278366,0.464872181416,-2.91647934914
38,32,H,12.65868579,8.15465464,6.73510043,1,0.223970144987,0.299142152071,1.44067633152,1.20025384426
38,33,H,11.2974491,14.61191152,10.76746618,1,0.209571570158,-1.86457490921,0.0734484791756,-1.58216273785
38,34,O,8.95172649,13.22948108,12.66440536,-2,-0.488424539566,-0.106971353292,-0.427201420069,4.15660095215
38,35,O,10.65554634,14.69352897,9.94455531,-2,-0.4109364748,5.0580368042,1.26093494892,0.796077430248
38,36,H,12.42880644,12.15783469,14.19429168,1,0.240386679769,0.853326380253,0.0413869693875,2.3002986908
38,37,H,13.3325197,13.05077,15.25166872,1,0.237018346786,-1.94634592533,-3.67599248886,-0.53799366951
38,38,H,13.20346546,9.75205282,10.48139406,1,0.253532290459,0.491642743349,-0.589494824409,-1.59345579147
38,39,H,14.74551134,9.1887541,9.60301624,1,0.224502891302,-3.75903010368,1.02185618877,0.444900214672
38,40,O,12.62622482,12.54733403,10.50064878,-2,-0.576558232307,2.61968970299,-0.900917887688,3.60753631592
38,41,H,9.57003776,11.10484667,13.82157504,1,0.227035850286,1.62142920494,-0.0980618149042,0.983444571495
38,42,H,9.27634815,13.13267526,11.81429297,1,0.23863504827,0.85815602541,-0.296351373196,-2.6622402668
38,43,O,12.7623841,9.05543223,7.15430043,-2,-0.612681210041,1.1732262373,-1.46165883541,3.0588092804
38,44,H,15.92264436,9.06663112,12.19312896,1,0.23527829349,3.22588253021,-1.38642287254,0.160341158509
39,0,O,15.02076178,9.36584029,12.13729067,-2,-0.435638457537,1.64471793175,-6.7269115448,1.51491689682
39,1,O,13.60404198,9.62357698,9.52795512,-2,-0.332763373852,-1.45069515705,0.489242643118,-0.287634253502
39,2,H,14.78340687,11.41683575,12.7273746,1,0.248486950994,0.544651925564,1.24445092678,2.76396679878
39,3,O,12.60551381,10.53283331,12.53394526,-2,-0.359895825386,2.46543765068,2.13556790352,0.995061635971
39,4,H,14.18111805,12.58446272,11.65325407,1,0.249284490943,0.994359374046,-1.69033432007,0.474664032459
39,5,H,10.14513387,10.83518866,12.15255698,1,0.204167306423,0.0264423042536,-0.885453402996,-2.43096089363
39,6,H,13.10724346,9.13036888,8.38315442,1,0.167162597179,-1.67218101025,0.48485571146,-4.42451572418
39,7,H,10.98736423,14.94368766,12.91679277,1,0.244857609272,2.26768255234,0.106378905475,-1.91691982746
39,8,H,13.03788255,11.26679851,11.85677228,1,0.185778677464,-0.386992007494,-2.41159939766,0.551724493504
39,9,H,13.46494595,10.49614293,13.17336396,1,0.225103124976,-3.63983345032,-0.520317077637,-1.94539356232
39,10,H,9.14960339,11.43144772,11.28113702,1,0.140345275402,0.533871591091,-1.39068889618,-0.61393392086
39,11,H,7.10643044,11.43305602,11.07972566,1,0.272448897362,-6.72174358368,-3.83436226845,-0.726266980171
39,12,H,12,12,12,1,0.176104307175,0.8188367486,0.366016358137,-2.61840677261
39,13,O,9.82687862,10.71752956,11.1882018,-2,-0.488916993141,2.59896707535,0.465289533138,3.19792509079
39,14,H,15.11631588,10.21626522,11.97889708,1,0.179448768497,-0.183634087443,5.67061567307,-2.25076699257
39,15,H,11.09409758,10.77263139,14.08811785,1,0.2242012918,-1.81143093109,2.59731030464,-0.0640769824386
39,16,O,14.60941069,11.66569825,11.85717935,-2,-0.373365104198,0.0933634638786,3.89737510681,-3.33663511276
39,17,H,8.00823003,12.38915888,10.18065384,1,0.283628940582,-0.940132677555,-2.45956730843,4.39204502106
39,18,H,11.68318262,12.50505049,10.37354704,1,0.196588814259,-0.0911761298776,0.266770303249,-0.765195965767
39,19,H,11.92806723,13.89671425,12.63780309,1,0.266350597143,1.043841362,-3.59974789619,0.513822078705
39,20,O,11.82033014,14.74007788,12.32151979,-2,-0.510177612305,-3.45877432823,3.76551914215,1.45720529556
39,21,O,10.44966506,11.60284689,14.03072489,-2,-0.40017452836,-1.17054665089,-4.44345760345,-0.50952231884
39,22,O,12.81778066,12.2066099,15.04511894,-2,-0.488741159439,1.52880728245,1.8631964922,0.765970051289
39,23,O,7.8592399,11.8396852,11.15882639,-2,-0.361009418964,4.71696472168,8.26539039612,-4.04707336426
39,24,H,12.56962082,8.30391457,6.66186389,1,0.210791707039,0.553561151028,2.33354830742,1.44536697865
39,25,H,12.41309428,12.27496948,14.16706454,1,0.24540682137,0.19136326015,0.585432887077,0.613044798374
39,26,H,13.2257091,13.1012022,15.33980327,1,0.246597364545,-1.25705420971,-2.26643753052,-1.17744719982
39,27,H,13.11424419,9.79439097,10.36804112,1,0.282506942749,1.04060900211,-0.609507679939,-0.88255739212
39,28,H,14.49238462,9.30316558,9.5090373,1,0.274484276772,0.705830037594,-0.146311312914,1.16853880882
39,29,O,12.64322869,12.63186594,10.45847895,-2,-0.619050502777,-1.43201732635,-1.5575221777,4.32633543015
39,30,H,9.55428571,11.09065539,13.85005171,1,0.229466915131,2.35904717445,1.79275488853,0.726992070675
39,31,O,12.75593513,9.22917859,7.07000305,-2,-0.62238574028,0.679644107819,-2.66391396523,2.85168623924
39,32,H,15.98661727,9.19903377,12.12739412,1,0.238907054067,-0.591787397861,-1.12358224392,0.238041505218
40,0,H,10.51647556,12.09969876,6.47000556,1,0.281785070896,4.22140598297,2.69186830521,1.29623091221
40,1,H,11.16566502,14.25053969,9.35611645,1,0.256589919329,-0.490886718035,-1.1439832449,-0.394442439079
40,2,O,7.6554272,12.00865242,12.27526221,-2,-0.341535627842,5.12506961823,-0.89056199789,1.11044085026
40,3,O,16.00539792,13.92581498,15.38297271,-2,-0.497590065002,-1.19939005375,1.73622143269,-1.83151292801
40,4,H,16.25139955,14.8313303,15.58007863,1,0.253676563501,0.725963234901,0.29030662775,0.643410801888
40,5,O,11.97296894,8.56191051,8.88353384,-2,-0.452196836472,-0.119807526469,2.43930268288,1.10294902325
40,6,H,15.62859563,9.01422896,11.76245783,1,0.262592732906,-4.45968580246,-0.648059666157,-4.48698329926
40,7,O,11.20427411,8.23380193,16.82774755,-2,-0.210645973682,-1.67222285271,0.550597786903,-2.17406654358
40,8,H,14.15914252,11.71386238,12.60812816,1,0.290839701891,0.686415374279,-2.53144717216,-0.391583234072
40,9,H,14.20203092,13.75763173,14.77395705,1,0.243061035872,-1.82396364212,0.800112068653,1.2278907299
40,10,O,10.24797823,11.54416797,12.05273363,-2,-0.384203225374,5.38548135757,2.16440010071,0.113134428859
40,11,H,9.44649772,11.22042221,12.00364487,1,0.222019135952,-5.52978849411,-2.00693750381,-1.0427018404
40,12,H,14.68959631,11.03016353,10.05881774,1,0.248070240021,0.105948746204,-1.27334070206,-0.955503702164
40,13,H,11.53948422,9.8788404,10.63662047,1,0.238723829389,0.251204669476,0.202313169837,-0.0362160950899
40,14,H,12.03676952,12.87155619,13.31713463,1,0.208498358727,-2.01130342484,1.02845442295,1.19633471966
40,15,O,10.89943839,14.81776896,11.22859136,-2,-0.187735855579,-4.59999132156,2.05231761932,4.65141868591
40,16,H,16.82426539,9.60173168,12.00649462,1,0.266975045204,1.25640535355,0.196802407503,0.478852421045
40,17,H,12.14776525,13.19823191,6.92054777,1,0.277359902859,-2.62379598618,-2.1529417038,-1.50337970257
40,18,H,10.24040219,7.38170122,10.18170793,1,0.24933257699,1.18187367916,-2.3520219326,-0.611878871918
40,19,H,13.50482327,12.68222339,13.86201621,1,0.237608715892,-0.512667238712,0.418598145247,0.509287416935
40,20,O,10.98373582,6.74740578,9.87032139,-2,-0.530386805534,-8.59737968445,-5.80282068253,5.17110490799
40,21,H,10.99815833,15.59956485,10.74587236,1,0.291083961725,0.150718078017,2.60201621056,-1.01193273067
40,22,H,12,12,12,1,0.299888461828,2.83930706978,2.57380890846,-1.67818462849
40,23,H,10.43196357,15.00770912,12.19856104,1,0.326260089874,1.92729401588,-1.02874004841,-2.98376274109
40,24,O,12.14438486,9.44795249,11.25327059,-2,-0.333594024181,3.26020550728,-0.759592831135,-0.515831947327
40,25,O,11.25790667,13.13406616,13.91916611,-2,-0.464895308018,3.56113052368,3.95483899117,-1.20570111275
40,26,H,13.11845829,8.50969411,14.83701208,1,0.264701366425,-1.82805418968,-0.814496994019,-1.35068261623
40,27,O,12.34699021,12.95386015,11.12805742,-2,-0.591715395451,-3.07174968719,-3.67449188232,0.0110748428851
40,28,H,12.53989933,10.38486123,12.51123882,1,0.163084745407,-0.72454303503,-3.24240350723,-2.29460740089
40,29,O,10.90244443,13.32165123,9.18997987,-2,-0.36423060298,-0.593213737011,2.34893608093,2.61680650711
40,30,H,11.65378832,8.51960206,15.82765973,1,0.252620220184,-0.317345827818,-1.29358232021,0.427946656942
40,31,O,14.88261286,11.90375112,10.33923524,-2,-0.504439294338,-1.67768537998,1.31637859344,1.17412495613
40,32,H,10.87460398,12.32662515,13.95124341,1,0.223137289286,-2.49966549873,-3.7718565464,0.226266264915
40,33,H,15.38426564,14.11130121,14.58560224,1,0.235462158918,3.61933398247,-0.405882179737,1.63061916828
40,34,H,8.28916816,11.20137144,12.4221751,1,0.267572820187,-3.32194542885,1.56254160404,-0.501932799816
40,35,O,10.67197786,10.17477867,14.46126225,-2,-0.416996151209,-0.859681844711,0.528094351292,2.4660756588
40,36,H,10.84512624,9.90613326,13.58324838,1,0.236746370792,-0.196469023824,0.798264503479,-1.80216193199
40,37,H,12.00659626,9.29743067,9.57836456,1,0.243607282639,0.973410785198,-2.03236579895,-3.83896684647
40,38,H,11.75488761,8.94430802,14.02776967,1,0.237334534526,1.67527258396,-2.00855970383,1.50395953655
40,39,O,14.91743232,10.94241802,12.67389222,-2,-0.249326467514,1.73316550255,-0.224437370896,-1.70408666134
40,40,H,5.44253689,10.52230762,13.10919114,1,0.231600493193,0.68233692646,0.63461959362,-3.91935944557
40,41,H,11.60073945,14.14234199,11.07644417,1,0.213988512754,2.5436527729,-2.80214595795,1.30437541008
40,42,H,13.99973766,12.14783899,10.78483879,1,0.216831281781,1.29851448536,0.398532956839,-1.25913918018
40,43,O,11.33497787,12.56529967,7.0667189,-2,-0.373864680529,-1.17984819412,-0.782769501209,-1.64695596695
40,44,O,14.27412164,12.9162723,14.37406007,-2,-0.454988360405,-0.462085843086,-2.71824431419,-1.66426980495
40,45,H,10.92338162,13.24471888,8.22931532,1,0.187618136406,0.0602997355163,-1.67089760303,-1.72286868095
40,46,O,5.74730693,10.75693189,12.10185209,-2,-0.546412825584,-0.739832878113,-0.931199431419,4.61406421661
40,47,H,12.46022156,8.50844215,8.07296347,1,0.281504631042,0.621542692184,0.922810912132,-0.464296102524
40,48,H,11.85005349,7.81265596,17.40741894,1,0.309812545776,-0.214781358838,-0.717472434044,0.259324550629
40,49,H,14.91661956,10.83802724,13.60592416,1,0.265560269356,0.418588668108,-0.0937404036522,2.10864973068
40,50,O,12.76956817,11.09563585,13.00393901,-2,-0.630589425564,-1.81384313107,4.56556797028,2.69871616364
40,51,H,7.88627782,12.37990567,13.13284362,1,0.283323645592,-0.545945942402,1.12556552887,0.411300241947
40,52,H,13.15967267,9.39636963,10.86920163,1,0.26897829771,-4.08703660965,0.20360840857,0.953743338585
40,53,H,14.73951652,9.96884664,12.34487455,1,0.2655839324,-0.0494921803474,3.06141281128,1.12197744846
40,54,H,6.5819514,11.33531771,12.31992921,1,0.125936880708,-3.10605216026,-1.50715005398,-0.894387066364
40,55,H,11.36459706,10.81812856,14.71865183,1,0.244057148695,-0.155722081661,-0.429681360722,-0.634849131107
40,56,O,16.28101122,8.87970486,12.32880392,-2,-0.477875798941,3.99019384384,-0.698256850243,3.36718058586
40,57,H,11.48438611,7.36497691,9.5935003,1,0.191873803735,6.21252775192,5.85231399536,-3.45838832855
40,58,H,10.78587421,10.87104232,11.65790887,1,0.21938252449,0.364880353212,-0.395520150661,-0.0979687422514
40,59,O,12.20227378,8.16569841,14.5259252,-2,-0.387812435627,1.56583571434,2.25964903831,0.82585644722
40,60,H,10.37300734,7.70508309,16.53404058,1,0.315559029579,1.92025065422,0.616062700748,1.31630194187
40,61,H,11.51203995,12.71759155,10.23615722,1,0.200791850686,2.72764730453,0.90928542614,1.53918421268
41,0,H,10.44571514,11.88772161,6.27555137,1,0.285408705473,4.05451488495,1.95355379581,1.97048735619
41,1,H,11.16392683,13.8790396,9.32105255,1,0.248388022184,-0.536305069923,-1.36938846111,-1.76880979538
41,2,O,7.5364936,11.67959255,12.22445873,-2,-0.296096742153,3.36960721016,-3.46926116943,-1.99918830395
41,3,O,15.91755861,13.57419211,15.27589722,-2,-0.547214269638,3.97642993927,-0.578756451607,3.84753441811
41,4,H,16.13246239,14.44479522,15.53994868,1,0.254681378603,0.366297721863,1.31036758423,0.355882376432
41,5,H,8.50761106,12.21981044,10.90227331,1,0.192528098822,-0.0613128319383,1.13470780849,-1.42092049122
41,6,O,11.90665676,8.23870476,8.79262348,-2,-0.376337647438,-0.0474854409695,-0.961091279984,-1.69867289066
41,7,H,15.45636398,8.73560567,11.45198808,1,0.249177217484,3.03936100006,-1.72447025776,2.1932387352
41,8,H,14.11052581,15.91760524,14.16247278,1,0.290787637234,0.197109758854,-2.82744598389,4.15847110748
41,9,H,14.10151653,11.15051695,12.51284694,1,0.239870026708,-3.75522255898,1.54640066624,-0.186153396964
41,10,H,14.07551616,13.40121894,14.68734974,1,0.206569552422,-2.10061049461,0.413208425045,0.888331115246
41,11,H,13.16903624,15.73876722,15.17084445,1,0.237861394882,-4.67841291428,2.73890852928,2.39060497284
41,12,O,10.23521616,11.20305988,12.01119178,-2,-0.384954065084,-5.33022546768,-0.0461966991425,1.2027015686
41,13,H,9.24590313,10.85762873,12.01066979,1,0.218207061291,4.32185029984,0.979889988899,-0.328419864178
41,14,H,14.50769313,10.66001302,9.95963556,1,0.237481072545,0.702638745308,0.677231550217,-0.254240602255
41,15,H,11.54383752,9.59082885,10.55375582,1,0.25301271677,-0.547053098679,1.0538340807,-0.619326710701
41,16,H,12.03186391,12.50365141,13.23482126,1,0.187999621034,-2.56610393524,1.78794372082,2.57740283012
41,17,O,10.76895051,14.41977405,11.14859308,-2,-0.179086327553,-0.804409921169,4.7406039238,0.915623486042
41,18,H,16.85591073,9.14814566,11.90319255,1,0.249727725983,-0.523929059505,-0.850689589977,0.826278746128
41,19,H,12.10846119,12.78021605,6.85803339,1,0.284495651722,-3.00200676918,-1.69656217098,-0.860628604889
41,20,H,10.22630572,6.85489829,10.17665937,1,0.255472719669,-3.1665558815,1.32346153259,1.88404738903
41,21,H,13.38127141,12.2417726,13.76891421,1,0.216383188963,2.77371048927,0.986612319946,2.37499260902
41,22,O,10.9076976,6.42744858,9.76755942,-2,-0.606022357941,3.47151994705,-0.857582688332,-1.46056473255
41,23,H,10.87454658,15.26098864,10.67407681,1,0.268040448427,0.7840462327,-0.249750524759,-0.540685236454
41,24,H,12,12,12,1,0.228758305311,2.1979432106,0.582978725433,-3.4431078434
41,25,H,10.24977097,14.76675048,11.89604328,1,0.275705963373,0.130146771669,-1.00150942802,0.482426047325
41,26,O,12.00724257,9.06407674,11.17805058,-2,-0.348929792643,0.0529639944434,-1.3669090271,0.606032848358
41,27,O,11.16472231,12.76450755,13.81658091,-2,-0.453238070011,2.32871365547,-0.649541497231,-1.99691295624
41,28,O,12.31165681,12.57653329,11.05200333,-2,-0.475306272507,-5.73644924164,-1.14763128757,0.68345361948
41,29,H,12.20642761,9.9516834,12.42614197,1,0.164786010981,2.21705102921,3.32211470604,2.22513771057
41,30,O,10.89431958,12.97291911,9.052416,-2,-0.428066760302,0.520937025547,1.23832666874,5.18333435059
41,31,O,13.49408182,14.3351333,12.84419065,-2,-0.440266132355,-2.06291627884,-1.86872780323,-5.62697887421
41,32,H,9.35919108,13.02518818,11.75769498,1,0.213995158672,-0.694463610649,0.1887781322,-4.29732894897
41,33,O,14.79773337,11.53904991,10.2833159,-2,-0.499271959066,0.337476551533,-1.63427639008,-1.13414788246
41,34,H,10.93004459,11.82619648,13.71163805,1,0.210212558508,-0.690806090832,0.0536211766303,0.791860699654
41,35,H,15.38233773,13.58119077,14.55860035,1,0.225229427218,-0.86999219656,0.0785829499364,-3.44239521027
41,36,H,8.08013709,10.73408492,12.25137091,1,0.274653255939,-3.07345247269,2.47484493256,0.345439165831
41,37,H,11.8759835,8.90963406,9.39651432,1,0.269026935101,0.625879526138,2.69390869141,0.526000916958
41,38,O,14.84319174,10.61419979,12.61420267,-2,-0.229071676731,5.86703968048,-7.61638832092,2.91971135139
41,39,H,5.35770151,10.15957505,12.91125025,1,0.246440708637,-0.212300658226,-0.0975187122822,-0.0978846251965
41,40,H,11.5098997,13.60074875,11.25727816,1,0.19841453433,2.42209124565,-2.00573468208,-0.0196333266795
41,41,H,13.99161808,11.78906335,10.7143697,1,0.219451546669,-1.0821634531,1.2648640871,0.440766900778
41,42,O,11.2282207,12.2283446,6.98915043,-2,-0.388081490993,-0.900770187378,-1.36550605297,-3.70841836929
41,43,O,14.2159807,12.55317621,14.3150758,-2,-0.490635216236,-2.67385268211,-3.94788479805,-2.46883535385
41,44,O,9.08987629,12.99140521,10.70874636,-2,-0.476164877415,-1.19607412815,-0.956741809845,4.87842845917
41,45,H,10.80426788,12.56634736,8.20061127,1,0.188562214375,0.364557504654,0.188937604427,-2.20924663544
41,46,O,5.65462391,10.39662697,12.02670392,-2,-0.590483784676,0.916037201881,0.398600816727,0.311283946037
41,47,H,12.32285547,8.18866445,7.97100674,1,0.303112506866,1.11308598518,0.650201916695,-1.81989264488
41,48,H,14.80219366,10.29052434,13.6460781,1,0.264462530613,0.11590949446,1.87912333012,-3.05852365494
41,49,O,13.80055174,15.1269529,15.03208322,-2,-0.332085847855,4.96160459518,2.89816117287,-3.58902668953
41,50,O,12.69950494,10.79101824,12.89216107,-2,-0.676024734974,-4.40042543411,-2.17036676407,-1.03032541275
41,51,H,7.8354763,12.10907499,12.9688537,1,0.288989812136,0.79858225584,1.84083247185,3.16163158417
41,52,H,12.90690712,8.97105714,10.8520257,1,0.267566740513,0.078086540103,-0.0701602473855,0.0401678346097
41,53,H,14.58534873,9.5150771,12.24695226,1,0.28668025136,0.679674446583,4.45956230164,1.67134678364
41,54,H,6.49088157,11.04579668,12.17839432,1,0.144644260406,-4.43330049515,-2.13145494461,-0.303623795509
41,55,O,16.17487768,8.49011264,12.21761446,-2,-0.448040992022,-1.88516330719,1.55759489536,-3.70921635628
41,56,H,11.4883374,7.2607777,9.42885244,1,0.146036893129,-1.87584364414,-3.68250346184,0.934406280518
41,57,H,10.71709217,10.51657414,11.65788637,1,0.220344752073,1.55688238144,-2.4320435524,-0.753174424171
41,58,H,12.78680818,14.84406751,12.42722672,1,0.232414886355,0.148822784424,-0.211498618126,-0.263266801834
41,59,H,13.77424061,14.90008945,13.48306014,1,0.168912351131,1.0410913229,1.12669098377,2.35861039162
41,60,H,11.35504576,12.30347431,10.28228394,1,0.250885516405,3.3759431839,1.44314181805,0.963914513588
42,0,H,14.68214769,12.80338826,11.01325664,1,0.223361358047,-0.820563733578,1.0229998827,0.537269353867
42,1,H,14.0861004,14.5585024,10.67853584,1,0.237137228251,2.41964244843,-4.58621025085,0.707242906094
42,2,H,8.27298091,11.91239483,10.9733583,1,0.232490867376,-2.21000361443,-2.03018403053,0.055204719305
42,3,H,14.2711256,15.58389907,14.39609538,1,0.294109523296,-1.67253530025,-2.96849179268,4.21969890594
42,4,H,13.75504692,10.59810664,12.57125107,1,0.191135138273,-2.5805015564,0.640118420124,0.497258543968
42,5,H,13.72765461,13.05050119,14.7884319,1,0.210682272911,0.716835141182,-2.59176087379,-0.599376022816
42,6,H,12.86024297,15.49140173,15.1081155,1,0.244934186339,0.46471580863,-1.49874854088,1.03057014942
42,7,O,10.09270427,10.83597367,12.15027302,-2,-0.336840003729,-2.01940727234,-4.02915620804,-1.21232664585
42,8,O,15.83368432,13.03664997,7.82946764,-2,-0.455756396055,-1.53505623341,0.207724303007,-2.98110055923
42,9,H,16.57321413,12.67053373,7.37776122,1,0.270960241556,1.13275158405,-0.256745398045,0.343914210796
42,10,H,9.1364003,10.48000442,12.17738738,1,0.242509961128,2.03515386581,0.739777803421,0.043725758791
42,11,H,14.25106273,10.31257192,10.06191043,1,0.226756423712,0.602820694447,0.0491194799542,-0.602829635143
42,12,H,11.7724113,12.21908039,13.45852328,1,0.189212620258,2.59142255783,0.680110454559,0.00357143580914
42,13,O,10.52456076,14.00728881,11.2512434,-2,-0.266663998365,2.21910429001,4.5574016571,-1.34045565128
42,14,O,13.59625041,12.49633925,8.73451636,-2,-0.571767568588,5.63492393494,0.315681219101,-5.75083732605
42,15,H,13.27240227,11.82370301,13.96102833,1,0.208672493696,-0.21808847785,-0.284214735031,0.301459908485
42,16,H,10.68147696,14.88209575,10.74011342,1,0.249395340681,0.646628439426,-2.31010651588,0.0519227162004
42,17,H,12,12,12,1,0.215395495296,-0.103927820921,-4.2681145668,6.97823858261
42,18,H,9.92245329,14.44816112,11.82231979,1,0.25211340189,-1.52188527584,-0.277095258236,1.85828006268
42,19,O,10.96795591,12.36663894,13.88637206,-2,-0.469654917717,-2.88200902939,-3.26049518585,0.143131881952
42,20,O,12.14333069,12.16834759,11.1566834,-2,-0.221227705479,-3.98415923119,3.19874739647,-8.22290611267
42,21,H,12.97956511,12.74834092,9.30179461,1,0.232446968555,-3.36362814903,2.39863657951,3.70460700989
42,22,H,11.90389805,9.65378893,12.57886072,1,0.204327106476,2.85386395454,2.76788973808,1.85024797916
42,23,O,13.29291747,13.93102896,12.97125236,-2,-0.460381627083,-1.21714627743,2.8283162117,-1.20035839081
42,24,H,9.48341446,12.58575343,11.69084361,1,0.245080500841,-3.49897956848,-0.283260405064,-4.08520030975
42,25,O,14.59983472,11.14407688,10.40890138,-2,-0.432815432549,0.566722989082,-1.83342850208,0.822922646999
42,26,H,10.78154419,11.28951131,13.67318078,1,0.22331237793,-0.0863540023565,3.97462701797,1.39338243008
42,27,O,14.74832164,13.68817663,10.63520333,-2,-0.465382993221,-0.244239732623,4.88550519943,-1.04897654057
42,28,H,15.88578361,13.29163309,8.70760489,1,0.267174422741,2.43932723999,0.613216817379,2.84410667419
42,29,O,14.67118187,10.23994672,12.73687148,-2,-0.166842103004,2.96989154816,-7.79844236374,2.27078342438
42,30,H,11.40019234,12.98068031,11.60479837,1,0.245568871498,0.653132915497,1.35595679283,-1.88733458519
42,31,H,13.80169887,11.44779859,10.83140629,1,0.20174062252,-0.38853007555,0.30514344573,-0.157596111298
42,32,H,14.54574251,13.13083074,8.68279935,1,0.21137714386,-5.54286813736,-2.91310381889,0.215900063515
42,33,O,14.03438389,12.14864919,14.42823452,-2,-0.512110352516,0.314946502447,1.67626166344,1.74857652187
42,34,O,8.82792985,12.61587479,10.77916286,-2,-0.509801745415,3.61203241348,1.25058877468,3.48920845985
42,35,H,14.5583509,9.79895463,13.70367545,1,0.266513139009,0.51172888279,2.73649024963,-1.93606305122
42,36,O,13.60227749,14.80535922,15.16230305,-2,-0.277787536383,2.21949911118,6.76178312302,-2.87039256096
42,37,O,12.50079528,10.45215838,12.95952879,-2,-0.589946210384,-3.65822696686,-3.27048873901,-1.63906598091
42,38,H,14.33313211,9.24168362,12.39891532,1,0.266346693039,1.73352122307,3.34375,-0.0107063688338
42,39,H,10.59451258,10.03232817,11.78195581,1,0.240395829082,-1.32587885857,1.76158094406,0.543027460575
42,40,H,12.51605709,14.35373691,12.51231239,1,0.220768511295,1.27045404911,-0.224464222789,0.783358335495
42,41,H,13.59941213,14.65800494,13.72340098,1,0.148192450404,-1.63036966324,-3.4780216217,-2.53728461266
42,42,H,11.24888601,11.91275237,10.56005401,1,0.274867326021,2.89523887634,0.0911042094231,1.64520096779
43,0,H,14.31675881,12.6399026,10.73869128,1,0.224128395319,-0.42288762331,0.143800258636,0.590307056904
43,1,H,13.89748294,14.30169884,10.4164656,1,0.245470166206,1.6929974556,-3.07743144035,0.666568934917
43,2,H,7.92390915,11.71034109,10.80383053,1,0.246692284942,0.205521255732,0.205971866846,-0.0548808649182
43,3,H,13.19534761,10.27969548,12.39824394,1,0.154028534889,-0.414598375559,0.530928850174,0.364063322544
43,4,H,13.35002915,12.78587299,14.59305893,1,0.230472326279,1.50088262558,-2.00581622124,-0.02771153301
43,5,O,9.9060306,10.64830317,12.02939131,-2,-0.335553407669,4.52435922623,-1.62183046341,-1.87445878983
43,6,H,9.09106577,10.3060102,12.09265217,1,0.250114738941,-5.5246553421,-1.4397431612,0.659669995308
43,7,H,13.9803896,10.16165291,9.93168258,1,0.233520299196,-0.135978624225,-1.49771606922,-1.29957139492
43,8,H,11.61194886,12.18039888,13.43029656,1,0.199272334576,1.74244296551,0.714541256428,0.90643620491
43,9,O,10.24995915,13.79950177,11.09845353,-2,-0.310932248831,-0.673187851906,4.02588033676,2.26859784126
43,10,O,13.35287987,12.30060759,8.61773786,-2,-0.505400657654,-8.72546672821,-4.8030629158,-0.904415249825
43,11,H,13.09671879,11.55873215,13.88102318,1,0.213598832488,-2.36718773842,-2.15836787224,-1.28664124012
43,12,H,10.48755573,14.5759114,10.56574345,1,0.244434520602,0.588820457458,-0.500282466412,-0.517633259296
43,13,H,12,12,12,1,0.256815880537,1.16059172153,-2.78208661079,0.141983881593
43,14,H,9.47332028,14.28206612,11.61205481,1,0.256390213966,1.84574711323,-2.09250020981,-0.997712254524
43,15,O,10.72333895,12.14563171,13.70442114,-2,-0.463772118092,-1.73113048077,-1.01329851151,-0.034622579813
43,16,O,11.92708619,11.9573725,10.9925639,-2,-0.17632329464,2.51319336891,3.95026087761,2.90753507614
43,17,H,12.83772348,12.70496542,9.31477669,1,0.231938421726,0.233922064304,0.15418048203,-0.47262263298
43,18,H,11.72809059,9.67600351,12.51598039,1,0.240073904395,-4.37598323822,-6.06816244125,-2.1579477787
43,19,O,13.0463911,13.72307505,12.84090998,-2,-0.387726098299,0.0192111134529,1.84439170361,1.01338422298
43,20,H,9.37805447,12.33853138,11.13715991,1,0.234481140971,-2.88159680367,-0.439957916737,-1.17288970947
43,21,O,14.36399542,10.9371674,10.2846305,-2,-0.44698703289,-0.718775510788,0.560505032539,2.32933616638
43,22,H,10.55876931,11.18163612,13.42740355,1,0.210200101137,-0.170513823628,2.21409130096,1.10803198814
43,23,O,14.54640656,13.4955422,10.41517292,-2,-0.485496997833,0.0490083992481,4.62557029724,-0.68490666151
43,24,O,14.46852097,10.03841645,12.60829607,-2,-0.313414514065,2.88363552094,1.52320694923,0.890002727509
43,25,H,11.25894588,12.64944045,11.59537732,1,0.267346978188,-1.05907189846,1.95241081715,-1.91326904297
43,26,H,13.53549987,11.3139732,10.70308393,1,0.200154811144,1.87612235546,-0.989419579506,-1.05451333523
43,27,H,14.0353408,12.79659095,8.54083246,1,0.243084311485,7.38326740265,4.98559713364,-0.773415863514
43,28,O,13.80899482,11.93432402,14.29276584,-2,-0.483758270741,1.65062344074,3.23778915405,3.00741028786
43,29,O,8.53610672,12.43098664,10.60402744,-2,-0.514990866184,0.375654578209,-0.793764293194,0.565383732319
43,30,H,14.2950243,9.5881584,13.41717685,1,0.256397008896,0.927165865898,0.974795341492,3.86125588417
43,31,O,12.25479224,10.2950624,12.77378107,-2,-0.440826028585,3.45222949982,5.54958057404,2.55420589447
43,32,H,14.10950772,9.2707116,12.30063993,1,0.24931371212,-0.347759634256,-4.36249399185,-4.40796709061
43,33,H,10.35862037,9.82894881,11.68298367,1,0.249983653426,-0.590148508549,1.30552697182,0.0383863896132
43,34,H,12.26851861,14.05246724,12.38614305,1,0.236599907279,-0.1166491732,1.02183747292,0.171396493912
43,35,H,13.28912222,14.42055819,13.56338342,1,0.232530862093,-0.709761679173,-1.65106928349,-2.15923786163
43,36,H,11.16822137,11.72269495,10.55637242,1,0.258138120174,-3.66003966331,-2.2238638401,-2.2495367527
44,0,H,13.88440719,12.64756796,10.41530342,1,0.224833443761,0.943195104599,0.719502568245,-0.033604413271
44,1,H,13.70112505,14.09221379,10.08987436,1,0.257285177708,-5.2803030014,6.02718353271,0.00151496380568
44,2,H,12.64489775,10.13539389,12.10735458,1,0.187362372875,9.55454730988,-1.54270708561,-5.15274429321
44,3,H,12.98926284,12.62450161,14.31292018,1,0.226509213448,-0.0113682821393,1.21863913536,1.24542808533
44,4,O,9.670063,10.62149133,11.82486058,-2,-0.33513623476,-4.86494207382,-0.426030129194,-0.315482348204
44,5,H,8.75274729,10.23257421,11.96236942,1,0.253972828388,0.814944267273,1.41058516502,-0.0353469103575
44,6,H,13.63562202,10.09762851,9.71457418,1,0.226531147957,0.910860896111,0.760357320309,-0.282067418098
44,7,H,11.47988567,12.33881763,13.34790142,1,0.208171144128,-4.77608823776,-1.19370806217,1.06618499756
44,8,O,9.91653073,13.76870111,10.8794179,-2,-0.360370755196,-3.46918463707,-0.23896728456,3.04862999916
44,9,O,13.02787228,12.25695375,8.42098084,-2,-0.47825217247,-3.87060260773,3.14737772942,2.44178152084
44,10,H,12.76540982,11.34907879,13.64621296,1,0.194672048092,2.57181358337,0.485692232847,1.58041119576
44,11,H,10.27490267,14.40533503,10.30631114,1,0.262475192547,0.498827844858,1.61265337467,-1.385009408
44,12,H,12,12,12,1,0.290315121412,0.302044898272,-1.67104613781,-0.820535778999
44,13,H,9.03401171,14.16701965,11.31800107,1,0.263135373592,3.09472131729,-1.31248271465,-1.46465647221
44,14,O,10.41525259,12.08853172,13.45263171,-2,-0.457223623991,5.758040905,9.95706272125,3.34536528587
44,15,O,11.66147832,11.92184408,10.75951827,-2,-0.272252947092,-2.21079444885,3.9715077877,3.19738698006
44,16,H,12.54886656,12.83051721,9.29455273,1,0.22591739893,2.24329209328,-2.85843801498,-5.11596822739
44,17,H,11.34777044,9.60851751,12.24929463,1,0.238015636802,0.373207747936,0.557372331619,1.06689977646
44,18,O,12.7363246,13.67755232,12.62977223,-2,-0.364679396152,-1.3221527338,-3.78538608551,-4.73281145096
44,19,O,14.06679638,10.89915352,10.09271923,-2,-0.43124204874,-0.161899894476,-2.35752081871,0.321920067072
44,20,H,10.23514226,11.31917599,13.11165709,1,0.188368722796,-0.837384343147,-6.48099374771,-2.68561863899
44,21,O,14.28851057,13.4714145,10.12313056,-2,-0.48306876421,6.10901641846,-4.72946310043,1.02348315716
44,22,O,14.21216868,10.00721977,12.4039407,-2,-0.373798310757,1.02008318901,-1.41016066074,0.0355818346143
44,23,H,10.98087349,12.61151992,11.40391814,1,0.262536138296,0.419802367687,-0.800850570202,-2.55429434776
44,24,H,13.27618088,11.29605871,10.4611632,1,0.195442989469,0.22425031662,-0.431316137314,-0.192148953676
44,25,H,13.80135795,12.81533896,8.27132036,1,0.219666421413,0.0509108752012,-0.24980019033,0.0185488685966
44,26,O,13.52189434,11.88693421,14.0899235,-2,-0.469679474831,-1.72896134853,-2.54199504852,-0.943753361702
44,27,H,14.01650673,9.56310845,13.22385494,1,0.240784585476,0.711458861828,0.463436096907,1.96652185917
44,28,O,11.95270524,10.3179307,12.52744225,-2,-0.342715203762,-10.2693557739,0.257887244225,5.04087781906
44,29,H,13.82091222,9.26845801,11.92721896,1,0.236824929714,1.23767447472,-0.524764955044,-1.55981731415
44,30,H,10.02992699,9.8419393,11.50658423,1,0.24617625773,1.35748040676,-2.36856126785,-1.6314343214
44,31,H,11.9563506,13.9786795,12.18633985,1,0.243734180927,-0.780962109566,1.11338436604,-0.479187458754
44,32,H,12.87961362,14.26089165,13.27565939,1,0.243802040815,1.26302576065,3.84267997742,4.11607313156
44,33,H,10.83834716,11.60780901,10.33755245,1,0.231886565685,0.124801263213,-0.621131777763,-0.132128238678
45,0,H,13.48136057,12.76110462,10.14616688,1,0.213203579187,1.26972579956,0.81750947237,-0.157014489174
45,1,H,13.28958341,14.21504355,9.80939328,1,0.190831139684,2.44322800636,-1.15470778942,0.598222613335
45,2,H,13.682984,14.91097522,14.80792297,1,0.290203720331,4.13135719299,1.31132054329,-0.342151135206
45,3,H,12.11167338,17.31276941,9.18025258,1,0.254400461912,1.13517308235,-0.502586960793,0.452842921019
45,4,H,12.44291424,10.05312841,11.69215582,1,0.223522007465,-2.62593984604,2.7591688633,3.68330025673
45,5,H,12.61473121,12.63472899,14.13336764,1,0.219950512052,0.121693320572,0.712806344032,0.870775222778
45,6,H,12.16391213,15.33244688,14.1724008,1,0.285429418087,0.0574092119932,2.40941500664,-0.23827265203
45,7,O,9.39828956,10.68587436,11.66824292,-2,-0.280204534531,-7.24724912643,-4.02724170685,-1.63009738922
45,8,H,8.38665462,10.29561897,11.87723778,1,0.275868713856,3.29031825066,2.00765037537,-0.685473978519
45,9,H,13.28903854,10.13042378,9.57411921,1,0.228300109506,1.45596277714,1.43697071075,0.00873197615147
45,10,H,11.08152471,12.53872441,13.35900201,1,0.209768027067,-3.59785556793,-1.90821623802,-0.47589892149
45,11,O,13.11572787,15.2676413,8.80946108,-2,-0.470077514648,-0.613348186016,5.4304690361,-3.4777636528
45,12,H,12.52826952,11.23838288,13.51244929,1,0.192831113935,2.30473065376,1.74681591988,1.88496041298
45,13,H,12,12,12,1,0.308011770248,-0.157267212868,-0.181162595749,-0.240990415215
45,14,O,10.10196009,12.14852702,13.2658233,-2,-0.524762094021,1.97540712357,2.64180254936,1.01087653637
45,15,O,11.37118977,11.98928499,10.59123796,-2,-0.29689887166,-6.76344776154,2.69372701645,-0.143407344818
45,16,H,10.95267259,9.58728735,12.02007186,1,0.22941917181,3.15565395355,3.60770845413,2.58071064949
45,17,H,12.91517467,16.39781969,8.01949446,1,0.275308489799,0.224827155471,-1.53442203999,2.60978770256
45,18,O,12.397457,13.70922795,12.45413763,-2,-0.380533754826,-2.52326631546,-0.0207717418671,-1.75449669361
45,19,H,11.85628007,18.13531654,8.01854764,1,0.27299195528,2.58011245728,-1.07485175133,-0.241106987
45,20,O,13.74826922,10.94934567,9.95480708,-2,-0.427155941725,0.385211110115,-4.05593824387,-2.0397977829
45,21,H,9.8508113,11.31294126,12.72592119,1,0.161096692085,1.89409136772,1.91552209854,1.53923237324
45,22,O,14.02531618,13.52057403,9.89344942,-2,-0.535862922668,-1.92634522915,-0.453364372253,0.967598736286
45,23,H,12.85913715,14.55662911,8.30742669,1,0.255883157253,-0.169775187969,-3.05284500122,-2.64865064621
45,24,O,13.93332871,10.06740281,12.2489821,-2,-0.347072541714,-0.82855540514,-4.99622774124,-0.833486795425
45,25,H,10.68615783,12.65624668,11.13215543,1,0.230756759644,2.51922106743,-1.95093560219,-1.53865778446
45,26,H,12.98104572,11.3508039,10.27475488,1,0.200203403831,-1.76934802532,1.22335529327,0.776831150055
45,27,O,13.20171712,11.91742699,13.93703822,-2,-0.48228764534,-1.73839879036,-2.99935150146,-1.08068799973
45,28,O,12.66656258,17.60233103,8.39470188,-2,-0.255082130432,-3.69368004799,1.50265955925,-0.506280660629
45,29,H,13.75044035,9.63475764,13.17357901,1,0.23771700263,0.62243783474,0.927343189716,-2.29608798027
45,30,O,12.79771572,14.89135497,14.68979698,-2,-0.449218124151,-4.46703004837,-2.61853790283,1.57805848122
45,31,O,11.60689721,10.43435485,12.35046286,-2,-0.370237141848,0.653421938419,-7.1311674118,-4.42570877075
45,32,H,12.70029486,16.18306927,10.78299738,1,0.23170825839,-2.46766972542,-1.28249824047,-1.17730200291
45,33,H,13.56939968,9.29812193,11.5201542,1,0.236832737923,2.92100405693,2.35368776321,3.17023134232
45,34,H,11.88220839,15.38331777,9.46197782,1,0.192720249295,1.52989459038,1.89430129528,3.24181365967
45,35,H,9.72879935,9.85369112,11.29182709,1,0.251688718796,-0.1589153409,0.360881596804,-0.352356046438
45,36,H,11.58271111,14.06603562,12.01282108,1,0.230644345284,1.31502008438,0.281239539385,0.105583675206
45,37,O,11.75724136,15.89860318,10.47063484,-2,-0.492237955332,0.0316946953535,0.767671644688,0.110042780638
45,38,H,12.51194055,14.32933661,13.20626941,1,0.178248614073,0.838505029678,-0.977270364761,-0.35422924161
45,39,H,10.46192179,11.55554859,10.125986,1,0.234091222286,3.8919904232,1.12007117271,1.45032036304
46,0,H,13.19532795,12.91981494,9.94203823,1,0.20891264081,0.393123447895,-0.182947546244,0.314175248146
46,1,H,12.99642295,14.42159851,9.59876285,1,0.187389627099,3.95152854919,-2.52679991722,0.862078011036
46,2,O,14.66794136,13.16478736,14.66386554,-2,-0.528964042664,1.26839733124,-0.504662752151,0.451720505953
46,3,H,14.53594575,14.09278421,14.85824628,1,0.233154058456,1.04584097862,-0.378561019897,-1.15576648712
46,4,H,13.37661662,14.8101417,15.02150159,1,0.226884752512,-1.48791396618,1.075527668,-0.868001937866
46,5,H,11.7516961,17.25332381,8.95142845,1,0.253291785717,1.89058494568,0.307823091745,1.89925146103
46,6,O,11.39361382,16.79078425,13.39320006,-2,-0.617731809616,3.27679896355,2.56888008118,0.585377335548
46,7,H,12.16250351,10.15723648,11.50856092,1,0.245598658919,-3.42137742043,3.30951523781,4.4636349678
46,8,H,12.28012969,12.73481142,14.03927273,1,0.228116512299,1.19285452366,-1.41359651089,-0.158087044954
46,9,H,11.96823925,15.62523857,13.88564944,1,0.174115419388,0.312263816595,3.69730043411,0.0401100516319
46,10,O,9.13820987,10.79003295,11.55890619,-2,-0.282768785954,-5.29977560043,-4.67904567719,-3.76242733002
46,11,H,8.2031855,10.50880475,11.79368133,1,0.267307281494,1.08170092106,0.943456828594,-0.233303323388
46,12,H,13.01700976,10.26655967,9.5253033,1,0.222210511565,0.460300892591,-0.516600191593,-1.04078257084
46,13,H,10.21366352,9.36763556,9.9742322,1,0.265457510948,0.0193011537194,-2.93286037445,0.992081820965
46,14,H,10.54648293,12.70262666,13.39399267,1,0.231535598636,4.86927080154,2.40585565567,1.13368225098
46,15,O,12.81940517,15.36281468,8.69367887,-2,-0.454610735178,-0.789918243885,4.18994617462,-4.15511274338
46,16,H,12.42986303,11.24754111,13.49676989,1,0.207585215569,-1.16921651363,-0.323442369699,0.479759544134
46,17,H,12,12,12,1,0.293644428253,-0.260666489601,1.26953029633,0.479316055775
46,18,O,10.35288679,8.55101167,10.62520994,-2,-0.368401169777,-4.19598340988,3.06272864342,-2.33664417267
46,19,O,9.83027789,12.26742605,13.14244614,-2,-0.623891949654,-6.89503145218,-3.4876947403,-2.08517837524
46,20,H,10.16176365,14.85215375,14.09307284,1,0.255249500275,0.634205579758,-0.269066423178,0.467411667109
46,21,O,11.10087293,12.11150233,10.48192732,-2,-0.332664698362,-1.03858160973,-2.06983804703,-4.08925104141
46,22,H,10.78257007,9.77541471,11.94451848,1,0.184730559587,0.363461792469,1.06423425674,1.76684677601
46,23,H,12.45050527,16.47317504,8.00750377,1,0.273658007383,2.02898597717,-1.50197219849,1.68060219288
46,24,H,10.10776609,16.42711826,13.79347733,1,0.165923640132,0.906520307064,-0.701646983624,-0.0443898886442
46,25,O,12.08551019,13.78985043,12.32646629,-2,-0.416196733713,-1.56287443638,1.06000339985,0.306444317102
46,26,H,11.64564694,18.0898285,7.9919578,1,0.267660111189,-3.2249584198,3.32073521614,-3.28306388855
46,27,O,13.46928972,11.03981327,9.86926895,-2,-0.427253514528,-1.62519037724,-0.769217133522,0.117179371417
46,28,H,9.57300891,11.41843532,12.42078985,1,0.168205350637,2.67837810516,3.74047088623,3.62324285507
46,29,H,14.81131558,11.3546354,12.04638917,1,0.215908944607,1.6480653286,2.32053780556,-0.117739185691
46,30,H,14.70452122,12.88270369,13.7026276,1,0.23204511404,0.04679068923,1.40443217754,1.1647605896
46,31,O,13.79756434,13.61517665,9.72917176,-2,-0.575279653072,-2.36143898964,1.72763633728,0.0870003253222
46,32,H,12.63360738,14.68392523,8.09710951,1,0.260275840759,0.157281130552,-2.05157423019,-1.97938871384
46,33,O,9.593316,15.57050156,13.87693316,-2,-0.587510108948,-3.56669664383,-0.70549929142,-0.0159451290965
46,34,O,13.6827554,10.16365629,12.14328392,-2,-0.342426627874,0.292126893997,-3.23301577568,-1.52518939972
46,35,H,10.49858478,12.69511735,10.83150824,1,0.226198554039,-1.46929037571,3.38582658768,2.53920507431
46,36,O,15.39397698,12.18949767,12.15135068,-2,-0.491157591343,0.0647196471691,-1.4688847065,-1.89616918564
46,37,H,12.63719496,11.49111344,10.18184393,1,0.191559866071,1.13055074215,0.0856706351042,-0.347034424543
46,38,O,12.90732352,11.98348407,13.83732431,-2,-0.473387092352,-0.812740087509,0.272989571095,0.355825960636
46,39,O,12.41051145,17.71505715,8.2845126,-2,-0.294312119484,0.388993173838,-3.28773927689,2.19628095627
46,40,H,13.54730913,9.77807915,13.04617912,1,0.251459717751,0.231264472008,-0.0480305403471,-1.17983543873
46,41,O,12.53799514,15.07393266,14.60896385,-2,-0.47936040163,-0.101449638605,-2.471585989,1.18391799927
46,42,O,11.29989901,10.5781189,12.21914909,-2,-0.424488455057,4.68349123001,-5.59187936783,-3.86626434326
46,43,H,15.8251542,12.37802482,11.25412518,1,0.242232441902,-1.33599543571,-0.36378595233,1.98466074467
46,44,H,11.24387935,8.55096584,10.48820575,1,0.260688811541,4.45782756805,-1.22396552563,-0.24006099999
46,45,H,12.40551382,16.23286506,10.67137805,1,0.235944584012,-2.3122677803,-0.647114396095,-0.605606794357
46,46,H,13.50692348,9.50657554,11.34073704,1,0.249069720507,1.66459715366,1.56996166706,3.14175271988
46,47,H,11.57361098,15.59513649,9.44091545,1,0.191169202328,0.365582644939,0.245922148228,1.75015079975
46,48,H,9.45419791,9.93710653,11.09747523,1,0.231376007199,-0.887872695923,2.05426383018,1.89446055889
46,49,H,11.28730689,14.20913317,11.91193312,1,0.218350976706,1.10594820976,-0.0101613253355,0.485753715038
46,50,O,11.46738272,16.05295838,10.31937933,-2,-0.469675689936,-0.245774626732,1.55045568943,0.893554806709
46,51,H,11.94764681,17.5225051,13.86034977,1,0.213045984507,-1.35407173634,-2.06192302704,-1.26361179352
46,52,H,12.23198047,14.42080944,13.17411056,1,0.182295262814,0.529600381851,-1.65711021423,-1.46481597424
46,53,H,10.31987951,11.62308781,10.04851861,1,0.227828964591,2.27872800827,0.446516394615,0.373432159424
47,0,H,12.99523884,13.03035158,9.80110461,1,0.222069889307,-0.213460355997,-0.648271560669,0.260465890169
47,1,H,12.95024824,14.52672316,9.43262313,1,0.150829225779,2.07162284851,-1.78449034691,0.854211330414
47,2,H,11.51859289,17.2585602,8.78497067,1,0.278469800949,1.74385070801,1.8245279789,1.07235872746
47,3,H,11.76693724,10.41660423,11.56450223,1,0.224531054497,2.21504712105,0.456789910793,-0.390596985817
47,4,H,12.02529701,12.75627745,13.95552143,1,0.246198907495,-0.271028190851,-1.08622503281,0.11829713732
47,5,O,8.89746722,10.88051497,11.46072595,-2,-0.303674697876,2.1268863678,-0.87937515974,-3.28735876083
47,6,H,8.0543977,10.76795305,11.70338308,1,0.281802862883,-5.51126098633,-0.697207391262,1.40897226334
47,7,H,12.77156632,10.3712436,9.47893763,1,0.23603130877,-0.0533133596182,-1.47278428078,-1.32709598541
47,8,H,10.23518233,12.94379233,13.48293572,1,0.233883410692,-0.561451613903,-1.16881370544,-1.37781405449
47,9,O,12.55144068,15.4653804,8.5941078,-2,-0.438904553652,-3.74017453194,0.794351518154,-6.72964382172
47,10,H,12.30300091,11.21443739,13.5002838,1,0.233468934894,-1.459461689,-0.436431229115,0.684464216232
47,11,H,12,12,12,1,0.276406407356,-0.513399422169,1.12282836437,0.946543514729
47,12,O,9.57340341,12.37497618,13.04316754,-2,-0.551954448223,-1.50440335274,1.33835804462,1.20439291
47,13,O,10.86644322,12.22456901,10.3919779,-2,-0.341040074825,3.95005512238,5.69105482101,1.70190787315
47,14,H,10.66083359,9.94816902,11.94829047,1,0.235506951809,-4.64432668686,-6.5595202446,0.214501172304
47,15,H,12.13334765,16.51479964,8.10043903,1,0.212613031268,3.24561953545,-4.60374498367,0.404877245426
47,16,O,11.80169423,13.87360754,12.22631011,-2,-0.370506823063,0.56874024868,-0.158188760281,0.821524322033
47,17,H,11.33825942,18.21116486,7.84736826,1,0.280429840088,1.68303191662,0.732236921787,-0.854348838329
47,18,O,13.22150656,11.12744271,9.81123145,-2,-0.421906381845,-1.54863929749,0.687664210796,0.664886951447
47,19,H,9.43826,11.68869738,12.25708279,1,0.166713535786,1.96963024139,1.94380617142,1.97992551327
47,20,H,14.56116178,11.39918784,12.01716975,1,0.204185798764,2.27702951431,3.6769349575,-0.510824620724
47,21,O,13.59653636,13.71380654,9.59599557,-2,-0.538721859455,-0.318346738815,1.57103168964,0.091978892684
47,22,H,12.39510322,14.6974265,7.7999617,1,0.261931657791,0.86800968647,3.59380817413,3.55800032616
47,23,O,13.46215869,10.25416877,12.05489856,-2,-0.346230655909,-0.254356473684,3.94653511047,2.39289879799
47,24,H,10.24279836,12.90096425,10.65414968,1,0.238520681858,0.274508118629,0.822473347187,0.582841157913
47,25,O,15.11728973,12.31231141,12.03711508,-2,-0.548666656017,-2.61326694489,-3.6769452095,4.14963817596
47,26,H,12.38345122,11.60918876,10.09799385,1,0.192076802254,1.6584457159,-0.230251789093,-0.548554480076
47,27,O,12.64397162,12.04756961,13.7667094,-2,-0.460611283779,1.57292938232,0.923461914062,-0.246977135539
47,28,O,12.18370049,17.80957895,8.20656846,-2,-0.289218664169,-4.98595905304,-0.330059170723,1.01434969902
47,29,H,13.38162509,9.86391347,12.87747272,1,0.269044369459,0.333442419767,-2.07799553871,2.28150367737
47,30,O,11.0434945,10.70408991,12.10328534,-2,-0.359574377537,4.63487100601,3.9646229744,1.50191569328
47,31,H,15.39941554,12.57279164,11.22209951,1,0.25876763463,0.826483726501,0.77140045166,-3.71669864655
47,32,H,13.57047256,9.75559172,11.33702907,1,0.266417264938,1.23080837727,-3.5359210968,-4.02577114105
47,33,H,9.1840815,10.10288394,10.97621739,1,0.276408135891,-0.310207545757,-0.0505909249187,-0.111591994762
47,34,H,11.06270354,14.3317915,11.85065689,1,0.246716484427,-0.58713310957,0.641272068024,-0.316714763641
47,35,H,12.01495087,14.38374946,13.03422112,1,0.236658468843,0.289374053478,-0.0583777315915,-0.898130118847
47,36,H,10.30046835,11.69316865,10.01752171,1,0.241328120232,-4.45019721985,-5.04796600342,-3.56833410263
48,0,H,12.82168615,13.04683528,9.67614609,1,0.229127764702,0.104365430772,0.795254707336,-0.383835792542
48,1,H,13.00891499,14.53492326,9.26497243,1,0.203586697578,-2.88307356834,5.16133785248,-0.818085074425
48,2,O,14.2388811,13.34065688,14.45924761,-2,-0.433522522449,0.231653228402,1.29896879196,0.364327192307
48,3,H,14.08103095,14.30489204,14.50152632,1,0.237649187446,0.436108380556,-0.639686226845,0.380269348621
48,4,H,14.1403062,14.42301679,12.89217773,1,0.17728035152,0.180809289217,2.7898774147,-2.25303554535
48,5,H,11.3539599,17.34804986,8.65588226,1,0.215401560068,-0.815019011497,0.850432753563,2.33759641647
48,6,H,11.55803075,10.65337424,11.54632434,1,0.203179433942,4.79940271378,-1.65941047668,-2.94358444214
48,7,H,11.74111023,12.70875141,13.85173255,1,0.241271227598,-1.69650781155,0.266002327204,0.755055248737
48,8,H,14.77903373,14.34766878,9.50083616,1,0.185032337904,2.58368968964,1.78474545479,-0.231060147285
48,9,O,14.09075794,14.89106727,11.96200641,-2,-0.431642025709,-0.597710132599,-4.43061923981,2.28778100014
48,10,H,12.50431041,10.37426255,9.36731029,1,0.233884871006,1.2268383503,1.01675760746,-0.00773043185472
48,11,H,9.95164503,13.10305526,13.48077768,1,0.243308201432,-2.25936102867,-2.88802194595,-3.49961185455
48,12,O,12.27825685,15.52119744,8.44859271,-2,-0.306685656309,0.0844938009977,-5.67401313782,-4.66520166397
48,13,H,12.08227158,11.11743842,13.48009621,1,0.237526088953,-0.556767404079,2.78032827377,1.37382054329
48,14,H,12,12,12,1,0.200638473034,-0.26776188612,0.932584285736,1.93832802773
48,15,O,9.31125896,12.44279246,12.93021669,-2,-0.489441543818,-1.05425560474,4.08950996399,6.38880300522
48,16,O,10.64976371,12.30578528,10.28505529,-2,-0.326130598783,-4.14350795746,2.95091056824,-1.15562009811
48,17,H,13.96872347,13.89776993,11.63254483,1,0.18708011508,0.032898619771,3.35006403923,-0.192298412323
48,18,H,10.36112097,9.81596145,11.92551936,1,0.242581173778,1.31669807434,3.27187204361,0.621434569359
48,19,H,12.00130286,16.37094313,8.1623006,1,0.195795953274,1.01947402954,1.84427261353,-2.21315145493
48,20,O,11.52138188,13.91354738,12.10297108,-2,-0.379574000835,-0.403532624245,-1.30289053917,-1.19653272629
48,21,H,11.0849077,18.37361603,7.64271057,1,0.251574158669,3.93761539459,-1.49263417721,1.3214828968
48,22,O,12.97495062,11.17695782,9.73480005,-2,-0.386045515537,-0.013396307826,-2.73112416267,-1.56866729259
48,23,H,9.40164792,12.02288275,12.1274986,1,0.236821621656,1.81677675247,-0.514473080635,-2.26193666458
48,24,H,14.3200243,11.54425403,11.92734697,1,0.214610844851,0.645945549011,0.864638090134,-0.631285250187
48,25,H,14.43101611,13.11258845,13.5303099,1,0.210277721286,0.279849916697,-0.454988092184,0.519477128983
48,26,O,13.40000875,13.7742263,9.44630375,-2,-0.417154759169,3.03319883347,-7.19119358063,1.79639852047
48,27,H,12.17160517,14.83653828,7.63408098,1,0.286782622337,0.611891388893,2.69909477234,2.76204919815
48,28,O,13.24172614,10.3185352,11.94533757,-2,-0.308711051941,1.16945660114,-2.45898962021,0.205201715231
48,29,H,9.93304414,13.13920604,10.50484073,1,0.238346248865,2.93871569633,-3.71862030029,-1.25453591347
48,30,O,14.83704599,12.38556829,11.9106461,-2,-0.414864003658,0.423928678036,0.260998249054,-1.1125702858
48,31,H,12.20425594,11.66129712,9.97357339,1,0.187763094902,-1.3061863184,1.04802036285,0.501632511616
48,32,O,12.38831618,12.06823599,13.67517651,-2,-0.412845939398,1.23089778423,-4.09935760498,-3.08162879944
48,33,O,11.94485515,17.85639725,8.10871046,-2,-0.374656915665,-4.18360614777,3.35475635529,-3.06585168839
48,34,H,13.21624007,9.77688042,12.77467916,1,0.253823697567,0.63274616003,0.228854656219,-1.13537561893
48,35,O,10.79835478,10.79393226,11.97396244,-2,-0.339306414127,-5.9929189682,-4.30339860916,2.6770465374
48,36,H,15.02536008,12.76004037,10.99691904,1,0.249017983675,-0.234414532781,-1.35210168362,1.42384469509
48,37,O,15.39554714,15.17155515,9.37201506,-2,-0.508711338043,-0.220968216658,-0.901947855949,0.0411253795028
48,38,H,16.36112812,15.0523827,9.49029519,1,0.24382019043,-1.15169584751,-0.424482673407,-0.000990702072158
48,39,H,11.82277231,16.17584097,10.47601294,1,0.241000980139,-0.600667774677,0.642923593521,0.342392772436
48,40,H,13.68238114,9.80582846,11.19630843,1,0.258649408817,-0.759184658527,0.792869627476,1.61171615124
48,41,H,11.149914,15.74312907,9.23296241,1,0.179628610611,-1.0936704874,0.597561776638,2.50421142578
48,42,H,10.80078508,14.43663515,11.74472932,1,0.235073447227,0.0660096108913,0.648915290833,0.129291832447
48,43,O,10.94023245,16.33480465,10.07628471,-2,-0.466176152229,0.0423986166716,-1.44302487373,-0.278635382652
48,44,H,11.83900556,14.31300134,12.88830778,1,0.239795684814,0.694305896759,1.37777292728,0.759038567543
48,45,H,10.12393732,11.55371466,9.84602788,1,0.235138788819,0.694038569927,1.98165440559,0.908899188042
49,0,H,9.07061157,18.77419523,10.889305,1,0.329263269901,0.0952243208885,-0.588533520699,-0.17448580265
49,1,O,9.33479303,17.85683319,11.13217257,-2,-0.17031443119,-3.13856387138,3.59530758858,2.72441697121
49,2,H,12.68189811,13.07377513,9.46646379,1,0.229932680726,-0.398114979267,0.749208807945,-0.540780246258
49,3,H,12.9645312,14.73020035,8.98752913,1,0.220919892192,-0.391896784306,-1.22108590603,0.594529569149
49,4,O,14.05181269,13.4016065,14.25988253,-2,-0.46458402276,-1.66183817387,3.19667696953,5.28446054459
49,5,H,13.89264731,14.37573058,14.2602413,1,0.24284543097,0.702225148678,-1.24232816696,0.402582228184
49,6,H,13.8461458,8.0762091,9.71508827,1,0.26146954298,0.635559856892,-1.29477107525,4.82184791565
49,7,H,13.80488098,14.67631642,12.63833933,1,0.204972594976,0.0360054150224,-0.304605364799,3.26404762268
49,8,H,11.16491055,17.4829011,8.54543905,1,0.221825346351,-1.28152036667,0.202262014151,2.00914144516
49,9,H,11.61839113,10.80163402,11.30008294,1,0.2178889364,-4.19275856018,-1.45227706432,1.84331190586
49,10,H,11.38619656,12.67516109,13.68735879,1,0.248405665159,0.975697040558,-1.74106502533,0.080493696034
49,11,H,14.61180618,14.34435352,9.25322402,1,0.17534533143,1.82195937634,2.06801915169,-0.224376693368
49,12,O,12.48418359,8.72233751,9.04939155,-2,-0.381200760603,-0.463896602392,0.748547554016,-2.43506598473
49,13,O,13.90221365,14.92506275,11.77107154,-2,-0.471298843622,-1.20815384388,-2.68465542793,-4.5594587326
49,14,H,12.28090307,10.41295417,9.18811017,1,0.193824261427,0.763963520527,1.10929226875,0.474054157734
49,15,H,12.22309502,8.84173811,8.06937698,1,0.262951314449,1.19541549683,-0.269076228142,1.8483890295
49,16,H,9.59290796,13.12133741,13.23790147,1,0.247724637389,0.69384855032,1.0326526165,0.341999143362
49,17,H,14.5739758,8.79391063,11.0808177,1,0.249842002988,0.407811939716,-2.26992678642,-0.37028285861
49,18,O,12.02482282,15.54609091,8.21067548,-2,-0.272636115551,-0.490109562874,-3.12508273125,4.89145231247
49,19,H,11.84364675,11.14217695,13.41395717,1,0.245189115405,-0.673831403255,0.791167497635,0.833269476891
49,20,H,12,12,12,1,0.234423875809,-0.138819247484,0.182222798467,3.37329387665
49,21,H,9.80837135,17.31258918,10.51000498,1,0.228674411774,2.2497677803,-2.39841198921,-2.78895545006
49,22,O,9.06886,12.51658346,12.75692168,-2,-0.507767617702,-1.25186228752,-0.851714253426,-2.76791596413
49,23,O,10.44822345,12.38706249,10.09568294,-2,-0.33278504014,-4.13454818726,1.41704499722,-2.36548638344
49,24,H,13.73120758,13.8665823,11.38951346,1,0.198583081365,0.655762970448,4.79106760025,1.5167183876
49,25,H,10.16282365,9.82676893,11.82980294,1,0.229110330343,2.00047874451,4.27274703979,-0.0792163312435
49,26,H,11.95773685,16.39798776,7.98990155,1,0.21103823185,0.71894556284,6.05727338791,-2.5009932518
49,27,O,11.26202847,13.94196814,11.89118814,-2,-0.386468678713,0.449314117432,1.68132472038,1.70258247852
49,28,H,11.04237107,18.49285841,7.43768043,1,0.26710319519,1.72947585583,-0.994439840317,0.521446704865
49,29,O,12.75270623,11.21334704,9.57246647,-2,-0.404635637999,-0.869290947914,-0.674734473228,-1.40095865726
49,30,H,9.47484936,12.35353158,11.82017352,1,0.22685085237,-0.713046610355,0.271683633327,3.33511042595
49,31,H,14.03755036,11.70958081,11.71129377,1,0.213846087456,-1.39253783226,-2.19431757927,-0.468673199415
49,32,H,14.31209339,13.14754643,13.44975605,1,0.225290611386,1.80008482933,-1.38560438156,-4.57756328583
49,33,O,13.23785425,13.81074934,9.22343033,-2,-0.444386929274,0.68406867981,-1.13523936272,0.42308011651
49,34,H,11.95766472,15.06315506,7.47839946,1,0.292080909014,-0.206641957164,-3.54658555984,-5.08673858643
49,35,O,13.04318274,10.374601,11.75167341,-2,-0.326481282711,3.32620024681,-4.18588066101,0.926627337933
49,36,H,9.78288984,17.88880477,11.97634078,1,0.320254653692,0.34606474638,-0.0122879818082,0.870546281338
49,37,H,9.7232954,13.18978222,10.22197408,1,0.235486999154,2.44829940796,-3.35651612282,-1.14909768105
49,38,O,14.58019995,12.45571677,11.6990017,-2,-0.406826227903,2.28686690331,3.65681433678,-3.23092246056
49,39,H,11.97771578,11.74784682,9.79100041,1,0.183283343911,-0.245346799493,0.232147455215,0.078326575458
49,40,O,12.15822425,12.06876365,13.49507258,-2,-0.351376026869,-1.29465341568,-0.00772050768137,-2.92014479637
49,41,O,11.71231128,17.90541958,7.91934059,-2,-0.408588886261,-0.944602489471,2.95626115799,-2.46771907806
49,42,H,13.06597792,9.67330095,12.54001424,1,0.23665343225,-0.128424733877,2.09242939949,-2.29007816315
49,43,O,10.56387866,10.86292629,11.77372077,-2,-0.427372634411,2.52950930595,-5.63740968704,-1.47773778439
49,44,H,14.67796906,12.86673082,10.7154866,1,0.246587350965,-0.0031264424324,-2.06292891502,3.04030132294
49,45,O,15.15954709,15.21161688,9.17129668,-2,-0.493713080883,-0.292092740536,-1.81608581543,0.0908305719495
49,46,H,16.07140924,14.89667015,9.19127745,1,0.243192046881,0.115469500422,0.42119127512,-0.100058704615
49,47,H,11.58630736,16.14690775,10.36345094,1,0.248912483454,-2.53983807564,1.35633063316,-0.966638922691
49,48,H,13.72930447,9.85307259,11.04077172,1,0.251098752022,-3.73658323288,2.09361433983,2.63154864311
49,49,H,13.33674821,9.17775175,9.34197704,1,0.263620972633,-2.20003294945,0.0708809420466,-1.81298828125
49,50,H,10.92872066,15.69268653,8.99174757,1,0.228669166565,-0.0836278274655,1.73864078522,1.83324503899
49,51,O,13.84271293,8.16284523,10.82581283,-2,-0.3951151371,2.04052519798,0.847657442093,-3.09162020683
49,52,H,10.54861898,14.54972299,11.55949251,1,0.232250839472,1.18895590305,-0.474085956812,0.97739636898
49,53,O,10.69294055,16.44742639,9.86957824,-2,-0.409083098173,2.73956465721,-3.61214017868,0.23384578526
49,54,H,11.71182032,14.32323174,12.74474311,1,0.239064902067,-1.30874037743,-0.32556951046,-2.71231889725
49,55,H,10.00531891,11.52372222,9.65220038,1,0.246157974005,0.747435033321,3.23261427879,1.59137880802
50,0,O,12.37042635,11.47791842,10.40060451,-2,-0.33327037096,4.10030174255,-2.336602211,-2.40781283379
50,1,O,11.13593479,13.7392142,8.81035378,-2,-0.530632972717,-1.22860014439,-2.34415602684,0.577709555626
50,2,H,9.61356179,10.21951275,12.18553039,1,0.226576074958,1.33827233315,1.78298211098,0.122318409383
50,3,O,14.60754005,9.49078536,12.16330983,-2,-0.551898479462,-2.3904094696,2.30397152901,0.0778004676104
50,4,H,11.87259221,10.77631366,9.98124469,1,0.229601785541,-1.75511324406,0.119003258646,0.276192575693
50,5,H,13.98598247,10.31680114,11.90641752,1,0.267803966999,2.61807870865,-2.93521761894,0.591583907604
50,6,H,11.81514071,12.56730247,13.59127423,1,0.129116937518,-0.989208459854,-0.379125118256,-0.18825751543
50,7,H,10.95653522,14.07659662,13.0177731,1,0.186032518744,-0.757815897465,-0.313046097755,0.252668112516
50,8,H,15.22179956,9.16248944,11.50311113,1,0.256837636232,-0.300713837147,0.683392941952,-0.507818102837
50,9,H,10.74673678,9.9096548,11.34479852,1,0.233815133572,0.237710490823,1.12096810341,0.688292562962
50,10,H,11.60897771,13.31717546,9.57981351,1,0.251342833042,-0.827572584152,0.586039185524,-1.11112749577
50,11,H,10.55010235,12.44763644,14.62966971,1,0.210758641362,-0.403273880482,-0.21570366621,1.40686321259
50,12,O,11.30825465,14.65223344,12.29693442,-2,-0.498418390751,0.945712804794,0.727017343044,-0.869727373123
50,13,H,14.06655367,14.54132518,12.31192824,1,0.24691927433,0.16908660531,-2.37012171745,-2.54277658463
50,14,H,13.38407132,12.890036,12.60863569,1,0.182393416762,-1.87061715126,-2.61238789558,2.05322360992
50,15,H,10.37956777,13.06680281,8.63335297,1,0.24791251123,1.91773939133,1.83554053307,0.474926441908
50,16,O,10.48036263,12.75131005,13.74446398,-2,-0.591767191887,1.37601602077,0.450622200966,-0.730823516846
50,17,O,12.79075934,12.10040943,13.19749215,-2,-0.434292137623,-0.475582510233,2.47464179993,-5.89213466644
50,18,H,10.6166083,15.19927139,11.91648041,1,0.246579393744,-0.119409352541,-0.21614164114,0.257295578718
50,19,O,14.06085174,13.78183841,11.55936007,-2,-0.371481448412,0.348084509373,2.90872335434,2.77503490448
50,20,O,10.45550099,10.69508808,11.87987953,-2,-0.407427072525,-1.84121727943,-3.21543669701,-0.77879011631
50,21,H,13.3796511,14.15625252,10.98857976,1,0.255167514086,-0.364408701658,-0.0503663606942,-0.0885285362601
50,22,H,13.23868994,11.02208915,9.93664557,1,0.234356701374,-1.96405863762,2.65898728371,2.04670524597
50,23,H,12,12,12,1,0.31397369504,2.23699951172,-0.663583934307,3.51718258858
51,0,O,12.47124625,11.61350283,10.40417938,-2,-0.330648958683,0.0456870943308,-4.29369878769,-1.74620473385
51,1,O,11.2721567,13.86052092,8.79042324,-2,-0.469478726387,-1.99691832066,-2.69986271858,1.38281905651
51,2,O,8.77552058,13.3697253,11.50326879,-2,-0.456229001284,2.44818115234,-6.86564874649,0.0340702086687
51,3,H,9.81911066,10.20377551,12.03019391,1,0.229605898261,-2.1584405899,-0.378608435392,2.47289466858
51,4,O,10.39929821,15.93271179,10.58451325,-2,-0.455473512411,-3.61334633827,1.72908580303,-0.25475910306
51,5,O,14.71621779,9.55008905,12.09561386,-2,-0.544333219528,-2.02593827248,1.94814682007,0.121451109648
51,6,H,11.85971807,10.85042366,10.13867471,1,0.234144046903,-0.570059418678,2.35295891762,0.484771937132
51,7,H,14.26695003,10.45640545,11.86741505,1,0.268299818039,2.01478409767,-2.5441493988,0.47169482708
51,8,H,11.91672631,12.65809637,13.49940471,1,0.140841260552,-1.29535126686,-0.823024630547,0.812352597713
51,9,H,8.96390168,12.47011534,10.88319487,1,0.215188845992,-1.1699886322,3.97276186943,1.57732534409
51,10,H,9.65357424,9.689546,10.86300015,1,0.217853799462,0.0805601328611,-3.86097717285,-4.74205732346
51,11,H,10.89287129,14.20799945,12.85504989,1,0.185626387596,-0.325457781553,-0.568190515041,1.06787860394
51,12,H,9.8547046,8.24585834,10.98037055,1,0.24643675983,0.0605747066438,-3.08937335014,2.2086687088
51,13,H,15.40281913,9.24003193,11.50408671,1,0.25734102726,-0.0312013886869,0.732662796974,-0.458982408047
51,14,H,11.08912231,10.02316393,11.35815424,1,0.233797818422,-0.801726102829,2.4317009449,2.03209447861
51,15,H,11.66626668,13.48632269,9.64385109,1,0.243892535567,-0.715733349323,0.572565317154,-1.6824580431
51,16,H,10.74913822,12.60614917,14.62277651,1,0.20735283196,0.00464994367212,-1.0098657608,3.70119976997
51,17,O,11.44393131,14.72429461,12.27131984,-2,-0.511374294758,1.67603206635,-0.0483284145594,0.0735764205456
51,18,H,14.2927893,14.65098676,12.30028242,1,0.234592214227,-0.637132406235,-3.15748691559,-3.35194659233
51,19,H,9.223231,12.76325087,12.2963416,1,0.202321246266,-1.28978550434,3.11545300484,-1.43860256672
51,20,O,9.85550674,8.74117581,10.21244472,-2,-0.470459073782,-0.786216795444,6.11031246185,0.996999800205
51,21,H,9.3926406,15.71227068,10.70291798,1,0.261588573456,3.12382674217,0.061658591032,-0.968886613846
51,22,H,13.14728909,12.94177968,12.67416252,1,0.19348949194,2.25374007225,2.44275331497,-1.28029620647
51,23,H,10.41045374,13.25683264,8.69151785,1,0.241387337446,2.74894952774,2.13080406189,0.279230326414
51,24,O,10.57953164,12.88892527,13.78322075,-2,-0.585433661938,0.990847289562,0.253905773163,-3.63338279724
51,25,O,12.9380276,12.17330819,13.1449912,-2,-0.4033408463,-4.66602516174,-1.77415823936,-1.57907271385
51,26,H,10.86939725,15.40643819,11.88071023,1,0.168115764856,0.404321998358,-0.0441753268242,-0.138027429581
51,27,O,14.15703914,13.87059436,11.52035108,-2,-0.446844995022,5.23050546646,1.64732563496,5.44561481476
51,28,O,10.53935297,10.76238405,11.86387144,-2,-0.351706892252,3.1765639782,-1.80714547634,-2.39715766907
51,29,H,13.42170186,14.14596953,11.10884714,1,0.251452445984,-4.46751880646,1.9968906641,-2.30671453476
51,30,H,10.88216194,15.33703394,10.00297763,1,0.245674595237,-0.86820846796,-0.458970606327,-0.368568956852
51,31,H,13.15248609,10.95206641,10.04716114,1,0.224786072969,0.759127616882,2.30740046501,0.887233972549
51,32,H,12,12,12,1,0.321534454823,2.40069723129,-0.382721573114,2.29724025726
52,0,H,10.65856998,11.27802543,14.62235187,1,0.252522200346,0.0859350636601,-0.665840268135,0.662792086601
52,1,O,12.47884916,11.76828776,10.3498804,-2,-0.360540032387,-3.18771290779,-2.14717340469,-0.181667372584
52,2,O,11.30154287,14.00335709,8.72625727,-2,-0.417753100395,0.820327341557,-0.0836179479957,1.95634520054
52,3,H,10.02633243,10.81100962,16.09395248,1,0.25159060955,0.7796215415,0.236898720264,-1.03229022026
52,4,O,8.84177439,13.45975428,11.44737219,-2,-0.504637420177,1.43331587315,-0.709245443344,2.89111995697
52,5,H,9.84152126,10.2116422,11.95349229,1,0.241046965122,0.122707389295,0.599796295166,1.55743801594
52,6,O,10.41419055,16.05866384,10.5467414,-2,-0.435582786798,1.17707490921,2.26008582115,-1.25993657112
52,7,O,14.73265989,9.65250284,11.99231443,-2,-0.541253864765,1.47212958336,-4.57297134399,0.2911632061
52,8,H,11.1241539,13.95770626,15.24186248,1,0.231515705585,0.458533674479,0.348057121038,1.22837042809
52,9,H,11.71842053,11.08969854,10.25044113,1,0.234860628843,0.386078417301,2.90176963806,-0.542622327805
52,10,H,14.52752253,10.49016698,11.76095528,1,0.277462244034,-0.885296702385,4.53455209732,-0.847541570663
52,11,H,11.91577142,12.71319978,13.36363471,1,0.168292313814,-0.911083638668,-0.924146234989,1.76068377495
52,12,O,9.88965444,11.04781024,15.15651375,-2,-0.499148875475,-1.33467793465,-1.03515851498,0.650091528893
52,13,H,8.92109033,12.79010781,10.78804778,1,0.247272074223,-0.100916922092,-0.778574228287,-0.755198478699
52,14,H,9.7359858,9.79646404,10.70048048,1,0.199892416596,-0.0120935961604,-1.876054883,-3.78103303909
52,15,H,10.73820262,14.32661505,12.67436155,1,0.20076701045,1.96165263653,1.25889158249,-0.645307302475
52,16,H,9.3736826,15.25081159,16.5158323,1,0.236610367894,-0.501198887825,0.676461696625,0.0452073886991
52,17,H,9.7668581,8.41515734,11.10711799,1,0.22395157814,0.455004245043,0.504126608372,-4.09733247757
52,18,H,9.44052488,14.40790506,15.35264897,1,0.233305484056,-1.85838758945,1.96700179577,-0.75971019268
52,19,H,15.46306838,9.38589569,11.39544344,1,0.257322251797,-0.633835017681,0.209042415023,0.618195414543
52,20,H,11.28683559,10.32596299,11.43913188,1,0.243563786149,-0.77994042635,-0.277496874332,1.23021817207
52,21,H,11.59801116,13.70751453,9.5828626,1,0.253741502762,0.942973017693,-0.272136747837,0.496757656336
52,22,H,10.83848065,12.74208971,14.68306127,1,0.176042750478,-1.00789809227,0.478518009186,-1.91566467285
52,23,H,10.99599033,15.11928735,5.97747202,1,0.253328859806,-0.922237992287,-1.02953279018,1.00290966034
52,24,O,11.48892079,14.83132707,12.1947841,-2,-0.512019515038,-0.84851115942,-0.498575150967,0.810027480125
52,25,H,14.39466253,14.58733673,12.07946197,1,0.248183935881,0.786003887653,3.57867479324,3.27006578445
52,26,H,9.3412837,13.02009083,12.27001063,1,0.222130790353,-1.44671416283,1.42166888714,-2.02319121361
52,27,O,9.87300996,8.92794652,10.14200525,-2,-0.451090216637,-0.878703474998,0.378740429878,6.16665410995
52,28,H,9.51068311,15.88832753,10.63558498,1,0.27007496357,-2.33329820633,-0.543838500977,0.163260936737
52,29,O,10.99057675,13.54122029,16.13727037,-2,-0.436574846506,-1.36075234413,0.0841460153461,-0.192732736468
52,30,O,10.47614347,14.51763695,6.57475643,-2,-0.543916523457,-1.50727045536,1.62444221973,-4.77559709549
52,31,H,12.91120562,13.14405177,12.62155982,1,0.196853876114,2.41439628601,1.23878479004,-0.644856214523
52,32,H,10.00205894,13.33268078,16.04458102,1,0.22926415503,2.12033057213,-0.348171234131,1.04769468307
52,33,H,10.46770586,13.56802647,8.69836054,1,0.260098844767,-1.46088266373,-0.570006847382,-0.354339241982
52,34,O,10.58797527,13.06196286,13.75523166,-2,-0.561803340912,2.24152469635,-1.40105748177,-0.00930812954903
52,35,O,12.97560964,12.2759467,13.03658216,-2,-0.365478843451,-5.36219978333,0.0367049723864,-1.91043913364
52,36,H,10.97488426,14.38904827,7.32286116,1,0.200891837478,2.14793658257,0.112873531878,1.6761674881
52,37,H,11.04239656,15.63255389,11.73511283,1,0.161708891392,0.824998259544,-1.46798789501,0.796947300434
52,38,O,14.17122585,13.9954914,11.45401621,-2,-0.492206186056,-3.83286428452,-2.9885931015,-5.27314949036
52,39,O,10.53804681,10.85813907,11.78614603,-2,-0.356633335352,0.568055808544,-0.35415738821,-0.127236008644
52,40,O,8.86983228,15.15818414,15.68964934,-2,-0.512245297432,1.30315172672,-1.45778739452,0.10670696944
52,41,H,13.20206946,14.21518859,11.08662755,1,0.244900926948,3.30490446091,0.0171811133623,1.7592010498
52,42,H,10.78294243,15.36932455,9.99525097,1,0.253539592028,-0.114289738238,-0.118557982147,-0.519448280334
52,43,H,13.02476113,11.03277718,10.13572723,1,0.228707030416,2.88294649124,-0.336187958717,-0.297066360712
52,44,H,12,12,12,1,0.291440486908,2.59116506577,-0.011547550559,1.75764942169
53,0,H,10.55382045,11.51729608,14.60797429,1,0.253493845463,2.81932449341,0.5558822155,-1.51950216293
53,1,O,12.34210579,11.92037181,10.2408183,-2,-0.408358961344,-0.372273445129,-1.82109200954,-0.320954233408
53,2,H,9.98131082,11.22537361,16.03337152,1,0.240727111697,0.0569861568511,-0.150010794401,-2.40154194832
53,3,H,9.72358709,10.24210053,11.91510323,1,0.254683315754,2.20624136925,1.56828856468,-0.451753377914
53,4,O,10.30320327,16.19215352,10.45014237,-2,-0.412386536598,-0.833770215511,-0.484947681427,-3.27174711227
53,5,O,18.03734488,9.02356829,8.06714207,-2,-0.523714005947,-0.420519918203,-3.2897567749,4.59068346024
53,6,O,14.62680226,9.75446718,11.85337129,-2,-0.440301388502,0.57901185751,1.7388780117,-1.41233038902
53,7,H,16.41012826,10.02936842,9.10635784,1,0.27036768198,-1.18360388279,1.43615996838,-0.885208964348
53,8,H,11.0258636,13.99696544,15.11707143,1,0.231501460075,-0.449461758137,0.624157011509,1.35425639153
53,9,H,11.45597506,11.48693249,10.26186719,1,0.221405670047,0.1952380687,1.03925073147,-0.871331334114
53,10,H,16.50990877,10.37423508,10.86232993,1,0.282832920551,1.19921314716,-1.84295225143,-4.67850971222
53,11,H,14.59711753,10.68891037,11.53424498,1,0.242026731372,-0.848795235157,-0.28361839056,1.03032684326
53,12,H,11.76723934,12.70338177,13.23776895,1,0.175499647856,-1.16879200935,0.11345371604,2.00982356071
53,13,O,9.81431416,11.21661464,15.03424747,-2,-0.518122196198,-3.44817113876,-2.40924501419,4.42884016037
53,14,H,10.56016725,14.48476985,12.41150585,1,0.222172915936,1.77365672588,0.770223855972,-0.0674011856318
53,15,H,16.39310458,10.4599116,16.01082457,1,0.289146184921,3.08688783646,2.70939826965,2.06296348572
53,16,H,15.32537027,9.53477282,11.21837638,1,0.208259001374,-0.475582808256,-1.74685072899,0.178778246045
53,17,H,11.30196097,10.64311529,11.54752338,1,0.24796359241,-0.499010592699,-1.71189022064,0.854478240013
53,18,H,14.72315835,10.37801997,14.84255211,1,0.153633162379,-3.56771755219,0.791166722775,-1.31471514702
53,19,O,16.6508878,9.72699027,9.96570315,-2,-0.411152303219,-0.553709208965,1.54766786098,6.10758543015
53,20,H,16.25769206,9.35734865,14.98692372,1,0.298634588718,0.992139339447,-0.905190885067,-0.74382352829
53,21,H,10.73258965,12.90295741,14.55906626,1,0.177045673132,-0.999325096607,0.235129058361,-1.08253955841
53,22,O,11.39387715,14.94488276,12.06648506,-2,-0.510334134102,-0.357235640287,0.0850195214152,-0.105184063315
53,23,H,14.40861075,14.66412435,11.98116361,1,0.247297540307,-0.243960052729,1.53285312653,1.17263114452
53,24,O,13.73699911,10.58091024,14.44806203,-2,-0.569344341755,2.28252100945,-0.618842184544,-1.72525370121
53,25,H,9.35567495,16.04589545,10.47266618,1,0.271148085594,-0.529621124268,0.514404118061,0.468707114458
53,26,O,10.89569338,13.68095363,16.05835078,-2,-0.494049221277,-2.04126143456,-0.143551081419,0.666946589947
53,27,H,12.68695027,13.42193241,12.47213775,1,0.221877619624,1.91018128395,-2.60698366165,1.0809366703
53,28,H,9.9013896,13.39712193,16.10028875,1,0.237885922194,2.77719473839,1.10525846481,-0.319849967957
53,29,O,10.46703677,13.23728971,13.67240413,-2,-0.62746077776,2.62209677696,-1.15804076195,-1.1792883873
53,30,H,13.83006621,10.55078386,13.43146178,1,0.211623951793,-0.100766986609,-0.0507782176137,3.2537355423
53,31,H,17.76853625,9.38942946,9.0277903,1,0.180349335074,1.80513346195,-0.776312053204,-2.99648880959
53,32,O,12.85599019,12.3841058,12.8684238,-2,-0.313252538443,-6.68544149399,2.97313380241,-4.36873197556
53,33,H,11.10819318,15.77971375,11.53165201,1,0.18268814683,0.518572211266,-2.05497336388,1.73413026333
53,34,O,14.03931532,14.113474,11.32768104,-2,-0.49761402607,-3.10574197769,-1.3925614357,-3.18034267426
53,35,O,10.40333995,10.96047761,11.65150133,-2,-0.435379207134,-2.02411603928,-1.05011832714,0.0831452459097
53,36,O,15.81896877,9.92451926,15.58710556,-2,-0.426538705826,-2.59526205063,-2.39620184898,-0.637927651405
53,37,H,13.00378588,14.25850686,11.07175899,1,0.23985606432,3.714635849,0.551394939423,1.46962547302
53,38,H,10.53813066,15.38742972,9.90150189,1,0.281780660152,0.156302332878,1.33410310745,0.772386193275
53,39,H,18.07618736,8.02023221,8.5048063,1,0.226045995951,0.0473020449281,3.43356990814,-2.37268805504
53,40,H,12.9058478,11.11582156,10.14777266,1,0.239423438907,-0.0946990773082,1.03930139542,-0.0429306514561
53,41,H,12,12,12,1,0.278638064861,3.85619974136,1.1952226162,2.63006448746
54,0,H,10.36950316,11.71021818,14.44924242,1,0.227192908525,-1.83780145645,-1.88064849377,0.282665550709
54,1,O,12.01210563,12.02358262,10.0534263,-2,-0.455961823463,0.91998064518,-0.908516824245,-0.0673827677965
54,2,H,9.74972337,11.51243455,15.77945763,1,0.203997612,-1.25974917412,-1.33336949348,-1.24815583229
54,3,H,9.52456302,10.30827099,11.81294934,1,0.253374993801,0.593493402004,0.411659806967,0.0996264144778
54,4,O,14.34133217,9.82214657,11.64839198,-2,-0.416941106319,0.834000825882,4.77341794968,-2.95539212227
54,5,H,10.74222586,14.00951414,14.97125714,1,0.229768961668,-0.74545788765,0.849520325661,-0.187295645475
54,6,H,11.02345618,11.88919573,10.11637626,1,0.229580372572,1.43403494358,-0.836513876915,-0.360753297806
54,7,H,14.42015379,10.84719033,11.24210942,1,0.249503880739,-0.811312139034,-3.20251202583,2.35553145409
54,8,H,11.44601818,12.62957171,13.09947467,1,0.225929558277,-1.46619224548,1.41334271431,1.35703492165
54,9,O,9.52787101,11.34083861,14.84206411,-2,-0.532999753952,-0.32967287302,0.462920367718,-0.316113591194
54,10,H,16.31447164,10.4407867,15.80447267,1,0.26855224371,-1.1404004097,-0.208219662309,-0.508036851883
54,11,H,14.95897854,9.57709258,10.94668533,1,0.227276369929,0.196292519569,-1.42490315437,0.188396811485
54,12,H,11.07509304,10.81766108,11.61239416,1,0.256246030331,-3.7214410305,-0.611003339291,-0.206854596734
54,13,H,14.42151838,10.43013213,14.63697258,1,0.153763055801,-4.05881643295,1.21031236649,-1.70798540115
54,14,H,16.01042359,9.37098586,14.65321291,1,0.287426412106,-1.80429756641,2.23419165611,2.54358243942
54,15,H,10.38389584,13.01960948,14.28594528,1,0.182636350393,0.00568370521069,-2.15892076492,4.33377027512
54,16,H,14.22535139,14.77619826,11.91222765,1,0.246986165643,-3.12928032875,-2.30661201477,-3.51743602753
54,17,H,10.93006907,12.16331707,16.37603791,1,0.208937257528,1.31033718586,1.04055559635,0.384894251823
54,18,O,13.4075848,10.65943594,14.22879048,-2,-0.56265437603,3.04694676399,-0.693556070328,-2.07508444786
54,19,H,12.27660913,11.24793628,16.54104697,1,0.250089585781,-3.60037755966,0.277498871088,-0.961255311966
54,20,O,10.60440166,13.7788291,15.89891902,-2,-0.448221504688,0.0725478976965,0.358786731958,2.78839111328
54,21,H,12.39646714,13.51313991,12.31078406,1,0.263275742531,1.04388272762,-3.49683880806,0.818792045116
54,22,H,9.69621231,13.46616808,16.08644768,1,0.247933998704,0.412429392338,0.956138193607,-0.97621434927
54,23,O,10.16015841,13.36731348,13.50600991,-2,-0.693632721901,2.39595961571,1.65122723579,-6.82787942886
54,24,H,13.50509289,10.65218294,13.19187802,1,0.206813633442,-0.026440359652,-0.186082154512,3.85458827019
54,25,O,12.51922176,12.45968295,12.60957801,-2,-0.240437626839,-1.18322575092,4.90562200546,2.11569929123
54,26,O,13.70900779,14.17832086,11.12079011,-2,-0.465687811375,6.28989505768,1.74662482738,3.13171887398
54,27,O,10.07300367,11.02150575,11.43970177,-2,-0.468837201595,2.5268163681,-0.780748844147,0.296246647835
54,28,O,11.2528686,11.26917556,16.26344223,-2,-0.481658369303,5.55392360687,-1.52085065842,2.62759685516
54,29,O,15.53232102,10.03090118,15.35288506,-2,-0.376505970955,4.28781223297,-2.73549222946,-1.39576792717
54,30,H,12.80450133,14.2570204,11.03145699,1,0.25487357378,-2.84619641304,1.3546102047,-0.435430675745
54,31,H,12.60586549,11.19010293,10.06022191,1,0.24376951158,-2.37589406967,1.7199665308,-0.309266149998
54,32,H,12,12,12,1,0.225610032678,-0.587482333183,-1.08160865307,-3.12222957611
55,0,O,11.70773131,12.25713814,10.10130043,-2,-0.444607675076,-0.730375647545,2.43772387505,0.307104259729
55,1,H,9.38236125,10.51786495,11.95227106,1,0.25167119503,-1.79813945293,-1.15818333626,0.391713619232
55,2,O,14.09026978,10.04314368,11.68415919,-2,-0.407707065344,1.06179594994,2.44580578804,-3.12160634995
55,3,H,10.70182312,12.36432967,10.14938799,1,0.244678974152,2.21819877625,-1.84564888477,-0.448356211185
55,4,H,14.2165662,10.96768404,11.27331701,1,0.254233181477,-0.403525859118,-1.15487027168,1.52546346188
55,5,H,11.1803586,12.73445176,13.21880028,1,0.339029073715,4.41279411316,-0.866840660572,-2.03362202644
55,6,H,15.38426662,11.91092024,14.32039587,1,0.249284103513,-0.753519058228,2.66996765137,-2.02142691612
55,7,H,14.60261886,9.68552183,10.9088167,1,0.233825653791,-0.569265842438,-0.998013854027,1.27065110207
55,8,H,14.64980907,12.72985299,13.01136893,1,0.258214712143,1.2031635046,-0.650235891342,1.8241083622
55,9,H,10.68957839,11.06540007,11.87811201,1,0.256910651922,-2.14419651031,0.142877608538,-1.39433252811
55,10,H,13.93430883,10.66095444,14.60312322,1,0.250660836697,1.59525287151,-0.754535853863,0.79544365406
55,11,O,15.18888247,12.81538894,13.85146715,-2,-0.504789590836,-0.0207448601723,-1.61086940765,0.0661903619766
55,12,H,13.92538585,14.86618374,11.91204228,1,0.262253344059,-1.62120509148,-0.68126219511,-1.80557668209
55,13,O,13.11340016,10.87293806,14.23361437,-2,-0.495205461979,-2.84100341797,0.575602531433,3.81798315048
55,14,H,12.18857112,13.59826551,12.41955415,1,0.266161680222,0.933207154274,2.24787712097,-1.89722537994
55,15,H,13.19055721,10.86347745,13.3456831,1,0.228624910116,0.927215754986,-0.586044371128,-4.19118404388
55,16,O,12.19768619,12.68608014,12.59740255,-2,-0.13086783886,-5.094165802,-0.587747693062,8.26826953888
55,17,O,13.4251806,14.37729512,11.16784789,-2,-0.447356492281,3.65498709679,0.378180146217,1.65104722977
55,18,O,9.77484114,11.21882407,11.46574299,-2,-0.43026059866,3.05598521233,0.196512922645,1.55722010136
55,19,H,12.50117368,14.43855724,11.21039278,1,0.254388868809,-1.64407527447,1.33813858032,-0.585993766785
55,20,H,12.22075886,11.45373528,10.17701284,1,0.254650682211,-1.19818723202,-0.894846737385,-0.689024090767
55,21,H,12,12,12,1,0.25620675087,-0.244196757674,-0.643587291241,-3.28684663773
56,0,O,11.46272137,12.57088489,10.3669365,-2,-0.440344899893,2.56133127213,2.45902180672,-0.228991955519
56,1,H,10.11546529,10.07012758,13.64790881,1,0.224241659045,2.32708692551,0.0260392650962,0.155816525221
56,2,H,15.67538245,12.50128504,9.75068171,1,0.241392344236,-2.37599110603,0.0797990858555,2.61988258362
56,3,H,9.21245504,10.75260681,12.2943023,1,0.205090254545,-1.57287740707,0.209636509418,-2.18405389786
56,4,H,13.28138423,9.85772513,9.52697597,1,0.254021853209,-2.61568689346,-1.66986608505,2.94853425026
56,5,O,13.90895268,10.34611019,11.94191884,-2,-0.423395574093,1.3772995472,-4.93685817719,2.20018196106
56,6,H,10.54807148,12.79167888,10.3760736,1,0.246094405651,-1.16657376289,-1.24786639214,0.0115643888712
56,7,H,14.05041984,11.12993594,11.56382797,1,0.211450502276,1.34016633034,5.61259460449,-2.04101800919
56,8,H,11.02292245,12.97216706,13.49662945,1,0.27960562706,4.03554773331,-0.378922790289,-2.49614572525
56,9,O,12.58492238,9.67058061,10.32419322,-2,-0.398875236511,-0.378216207027,3.81438684464,-7.24336528778
56,10,H,10.95750884,9.29416098,11.43264748,1,0.232862383127,0.00933857262135,0.204635128379,0.118288300931
56,11,O,15.03264184,12.39517538,10.57367855,-2,-0.433741211891,-0.230064541101,1.68572318554,-2.19619417191
56,12,H,15.06135108,12.22438273,14.55885211,1,0.243156075478,-0.309276789427,1.72270739079,-1.22762060165
56,13,H,14.28691816,9.83906996,11.15455656,1,0.221920594573,-0.463593810797,0.485734283924,2.3349571228
56,14,H,14.30700678,12.93397422,13.25929676,1,0.245763882995,2.45440983772,0.0984395295382,3.17708230019
56,15,H,10.27497893,11.38797739,12.28267759,1,0.222564682364,2.94648814201,0.872119545937,0.357737988234
56,16,H,13.6280779,10.92105174,14.87388076,1,0.245638549328,3.219435215,-1.41549837589,1.5053178072
56,17,H,14.28368686,13.11021925,10.57190199,1,0.24514375627,2.33647608757,-1.38807463646,-0.609460234642
56,18,O,9.30340964,9.75543542,13.97902022,-2,-0.440087735653,-3.96495723724,2.80231904984,-0.20728623867
56,19,O,11.13596549,9.30722311,12.38679075,-2,-0.395992547274,-0.600761890411,-1.49129748344,-0.421362251043
56,20,O,14.9435999,13.10619457,14.0915654,-2,-0.503041625023,-1.70497047901,-1.43886709213,-2.01499938965
56,21,H,13.64623725,14.97214645,12.09947605,1,0.263714283705,4.46532201767,4.01766777039,7.01309967041
56,22,O,12.86950066,11.16520356,14.45838245,-2,-0.48538801074,-4.33632135391,1.34295368195,-0.709493398666
56,23,H,10.48693463,8.6324603,12.72815839,1,0.237708196044,0.998604059219,0.724118471146,-0.294346868992
56,24,H,12.07031125,13.86987285,12.66804496,1,0.229412958026,1.12129628658,2.49635529518,-0.830244541168
56,25,H,12.9516702,11.11780929,13.51701267,1,0.223153218627,0.833410620689,-0.797812223434,-0.37585657835
56,26,H,8.73309857,10.58348207,13.68999801,1,0.238538756967,0.642872035503,-2.68690800667,1.95511770248
56,27,O,11.93279502,12.9796802,12.82665961,-2,-0.20829218626,-5.21863651276,-5.03046560287,4.07582473755
56,28,O,13.21696578,14.64482175,11.44560349,-2,-0.412502527237,-8.17290687561,-3.38935184479,-6.64862251282
56,29,O,9.54714692,11.49285469,11.71573669,-2,-0.42222443223,-1.95387423038,-1.21357035637,1.12597334385
56,30,H,12.68083486,8.9633525,10.88479587,1,0.249095410109,1.26157605648,-2.83574461937,1.58815538883
56,31,H,12.15857303,14.741075,11.57728663,1,0.258134305477,4.31648540497,0.744628310204,-1.46584403515
56,32,H,11.82851198,11.71391916,10.47526388,1,0.236181020737,-0.894084334373,-2.07684254646,-0.928487300873
56,33,H,12,12,12,1,0.309001237154,-0.288352757692,2.59906888008,0.935856163502
57,0,O,11.23136845,12.74120268,10.58270635,-2,-0.413778990507,4.25246667862,-2.69922018051,-0.391340821981
57,1,H,15.52199755,12.36335276,9.84850071,1,0.20660340786,-3.04282903671,1.82404899597,1.78034496307
57,2,H,8.94641438,10.86572163,12.46665692,1,0.232114851475,-1.02157866955,0.493858903646,-1.685141325
57,3,H,13.04831635,9.98974428,9.80664582,1,0.253484666348,-1.36774933338,-0.993241488934,1.45238566399
57,4,O,13.73529804,10.48921498,12.1593985,-2,-0.414010167122,0.788730025291,2.27727293968,0.972664892673
57,5,H,15.14790802,10.56705473,9.45923117,1,0.242874830961,-1.61904227734,1.19677329063,-2.52364230156
57,6,H,10.33322646,12.96596204,10.56078362,1,0.239875227213,-2.30317616463,-0.413656026125,0.180991739035
57,7,H,15.90438065,11.42440927,10.76861149,1,0.2359341681,-1.39439129829,-4.91609239578,-2.24517226219
57,8,H,13.93019695,11.37897114,11.71300364,1,0.198388203979,0.406079113483,-1.61459219456,0.399783998728
57,9,H,10.94678734,13.11272444,13.62459596,1,0.236996978521,-0.726441860199,-0.301357090473,1.25348734856
57,10,H,16.07115438,13.57074238,16.66197642,1,0.232085227966,-1.40587675571,0.00841629877687,0.800448954105
57,11,O,12.31947518,9.79216152,10.47257612,-2,-0.404797852039,-0.160658314824,-0.521484851837,-1.84635031223
57,12,H,10.85284001,9.46857392,11.70932958,1,0.2448220402,-1.38721168041,-0.34963992238,-5.00250291824
57,13,O,13.4993018,17.20177783,13.35940396,-2,-0.471322715282,0.567317247391,-0.52624797821,-0.542274355888
57,14,O,12.12447569,15.49309478,14.42113418,-2,-0.50186508894,-2.65980172157,-2.58199763298,-1.97035133839
57,15,O,14.79335674,12.55746326,10.71733531,-2,-0.452708899975,-1.53570616245,2.21096229553,-1.26287770271
57,16,H,14.72403967,12.42343997,14.70099683,1,0.240986645222,0.440530449152,-2.4763417244,0.955744028091
57,17,H,13.95745803,9.86886229,11.45536065,1,0.214258134365,0.951139450073,0.468014776707,0.530655622482
57,18,H,14.81624564,13.43774944,15.76490006,1,0.170106351376,0.426829308271,1.44025242329,4.94968271255
57,19,O,15.08585404,13.51144363,16.8264328,-2,-0.516958534718,0.993178486824,-0.542593061924,-4.29225540161
57,20,H,14.06799384,13.01414741,13.6040574,1,0.257488667965,-0.912521362305,0.285678446293,-0.65658223629
57,21,H,10.00180935,11.62256967,12.63765545,1,0.226369395852,0.348203003407,0.954662680626,-1.08069527149
57,22,H,17.22160036,12.14001968,8.31207722,1,0.25942748785,0.405712366104,-2.12594270706,1.34002947807
57,23,O,16.4815625,12.42377704,8.884169,-2,-0.277625918388,1.90453147888,1.08275675774,-2.86514878273
57,24,H,13.4940117,10.9745368,15.19274944,1,0.219671815634,-3.56613111496,0.879509806633,-2.74807405472
57,25,H,11.40081671,14.91229071,13.89922699,1,0.224567905068,2.57705402374,3.41695189476,2.48838186264
57,26,H,13.92900344,13.13835077,10.67086071,1,0.236515104771,2.93590593338,-1.06462979317,-0.43177446723
57,27,H,13.36119238,17.97795321,13.9100319,1,0.251528531313,0.0247554667294,0.152386426926,-0.413466721773
57,28,O,15.68523261,10.46376315,10.18342506,-2,-0.495040088892,3.82725095749,0.479673236609,5.27692747116
57,29,H,13.30783224,17.15043348,12.22137205,1,0.173550009727,0.388314008713,1.00698518753,4.03756904602
57,30,O,10.90795295,9.41413878,12.59156468,-2,-0.448813736439,0.139397904277,-0.65488165617,6.60682010651
57,31,O,14.69803123,13.24056742,14.27272391,-2,-0.402316093445,0.689661085606,1.56534731388,-1.78802835941
57,32,H,12.13103895,16.69917878,10.84575746,1,0.290458679199,0.66151279211,-0.0763661563396,0.505303502083
57,33,H,13.5385208,15.04643302,12.51141775,1,0.235900312662,-1.5193529129,-0.364025443792,-1.91893386841
57,34,O,12.61733718,11.3139312,14.62827475,-2,-0.455768555403,3.03455972672,-1.27579569817,-0.501988768578
57,35,H,10.28506301,8.81489603,13.07554509,1,0.256504237652,0.85224366188,0.685207784176,-1.3939884901
57,36,H,11.99567232,14.09693637,12.81206286,1,0.212768882513,-0.299189448357,-3.94575810432,1.13703429699
57,37,O,12.94677692,17.13785366,11.15504302,-2,-0.253573715687,-1.65804111958,1.23827409744,-5.00456762314
57,38,H,12.73352127,11.18619854,13.58252505,1,0.213463053107,0.551465392113,-0.616756916046,3.98514652252
57,39,O,11.66399694,13.10111807,13.01661576,-2,-0.327147185802,1.76877439022,0.927968859673,-1.76533317566
57,40,O,12.99718845,14.75028379,11.67101629,-2,-0.361707806587,-0.785217940807,0.620670258999,2.11458754539
57,41,O,9.32176872,11.61415188,11.92520687,-2,-0.428407907486,0.0518795847893,-1.68061625957,2.89105176926
57,42,H,12.56900341,9.15072384,11.19694311,1,0.24671754241,-0.195926606655,0.908303618431,-1.53882157803
57,43,H,11.99137733,14.92143142,11.8356267,1,0.227812930942,2.84216475487,0.362807959318,-1.05413198471
57,44,H,12.88750245,18.00833989,10.70723486,1,0.289070725441,0.447051286697,-0.218028619885,0.515950918198
57,45,H,12.6603595,16.23893449,13.8951191,1,0.139947965741,-0.686281383038,-0.511543631554,0.270333170891
57,46,H,16.45616132,13.15707462,8.26268,1,0.266687572002,-1.6681586504,1.67589533329,0.565234482288
57,47,H,11.3819074,11.72537662,10.67657472,1,0.228326842189,-1.31575369835,2.03070044518,-1.08622586727
57,48,H,12,12,12,1,0.220534741879,-1.04567039013,2.27743005753,0.999108433723
58,0,O,11.03821442,12.81180977,10.7683395,-2,-0.383560955524,-1.07490086555,-4.21537637711,-0.41416272521
58,1,H,9.83178901,10.01320738,14.03368985,1,0.21512773633,-2.29304981232,1.41880750656,1.14035189152
58,2,H,15.23970989,12.25604788,10.0133411,1,0.222123995423,-2.83612442017,2.59145689011,0.738879919052
58,3,H,8.63875215,10.93174856,12.50201562,1,0.21715977788,-0.528153955936,-0.698122918606,0.452686935663
58,4,H,12.80352847,10.01532116,10.1221219,1,0.247033968568,4.32878780365,1.23333263397,-3.32440233231
58,5,O,13.58970018,10.54897518,12.35297706,-2,-0.404672086239,0.543560624123,5.22204685211,1.10568010807
58,6,H,14.88805055,10.65483029,9.61183051,1,0.230720549822,0.853137254715,0.071027956903,0.662185072899
58,7,H,10.03992297,12.99317541,10.73416701,1,0.212904632092,1.74340260029,0.139602407813,0.264734745026
58,8,H,15.70579126,11.50477195,10.84957114,1,0.232391759753,-0.545851767063,-5.57993173599,-1.16341626644
58,9,H,13.85156742,11.49646171,11.82994777,1,0.196632310748,0.0966683700681,-3.6975505352,1.14030909538
58,10,H,10.7800095,13.20953251,13.8037022,1,0.242734998465,-1.83109712601,0.529965698719,2.69249653816
58,11,O,12.07915807,9.82312287,10.58602714,-2,-0.390123844147,-3.59636163712,-3.74260854721,5.10366868973
58,12,H,10.69679355,9.51249238,11.72927492,1,0.239140838385,-1.1475225687,-0.931749343872,3.43464493752
58,13,H,8.9938139,11.02266584,10.34347141,1,0.210397675633,-2.37142372131,-4.62135839462,0.623032569885
58,14,H,8.2759589,10.0691378,11.37349415,1,0.243073552847,-1.62205350399,-0.761924386024,4.91253232956
58,15,O,14.56929631,12.62792596,10.82898485,-2,-0.425794899464,3.79260540009,-1.27261567116,0.207248881459
58,16,H,14.44131867,12.39946778,14.86965091,1,0.23458006978,0.923881292343,1.52005553246,0.204153746367
58,17,H,13.67315636,9.83675761,11.75695635,1,0.214657276869,1.54184675217,-0.285374104977,-0.787599623203
58,18,H,13.79660704,13.01811367,13.86203348,1,0.241784244776,-2.13461399078,0.0703462511301,-1.99860906601
58,19,H,9.78905097,11.83759531,12.89724076,1,0.226600587368,-1.85914063454,-0.455301642418,-2.53896594048
58,20,H,17.08638967,12.13861054,8.41019799,1,0.253955632448,-2.34482431412,-0.232590034604,2.81197810173
58,21,O,16.2920773,12.4483507,9.06423533,-2,-0.298877835274,3.72849154472,0.818047225475,-4.74333667755
58,22,H,13.20597194,11.00600706,15.3653478,1,0.223642215133,-3.01174926758,0.763593196869,-2.52883768082
58,23,H,13.75004961,12.98942911,10.70930907,1,0.248783543706,-3.09403085709,2.12110829353,-1.37940120697
58,24,O,8.88644323,9.9556183,14.41418925,-2,-0.483178794384,2.46412134171,-2.11430835724,0.565206885338
58,25,O,15.51196032,10.50288561,10.35328041,-2,-0.468138545752,0.950161099434,1.61702287197,1.48296689987
58,26,O,10.71045294,9.42806945,12.78816683,-2,-0.417104661465,3.01222085953,1.64726650715,-3.680580616
58,27,O,14.48066056,13.28772741,14.42029082,-2,-0.488029152155,1.31843614578,-1.24379754066,1.68732607365
58,28,H,13.40358718,14.99893962,12.81540546,1,0.257189512253,-2.36265063286,-0.503526568413,-4.02461385727
58,29,O,12.40192645,11.3691033,14.76191918,-2,-0.437002837658,2.30994820595,-0.995219886303,2.54436016083
58,30,O,8.46631203,10.06167067,10.51956793,-2,-0.537351131439,3.04519057274,2.01535892487,-6.33421373367
58,31,H,10.12267368,8.90693344,13.28553029,1,0.236638069153,-1.42845189571,-2.27368497849,-0.697391688824
58,32,H,11.90078132,14.01795038,12.96851866,1,0.191719785333,-1.07106757164,-2.51131415367,0.674618005753
58,33,H,12.54193583,11.13877091,13.82727084,1,0.21931938827,0.609821796417,-0.687960386276,0.610131204128
58,34,H,8.11864352,11.63743839,8.78921746,1,0.246703639627,0.495888471603,-0.383240997791,2.41829609871
58,35,H,8.33134196,10.65549044,14.18023159,1,0.258279919624,-1.01843261719,1.80089950562,-0.212221443653
58,36,H,9.08226343,12.50109044,8.37709847,1,0.242539688945,0.875484645367,-0.652103722095,3.62422394753
58,37,O,11.43291632,13.13175815,13.17257771,-2,-0.362801253796,3.19177889824,-0.00838135648519,-2.41818189621
58,38,O,12.80535472,14.76312396,11.88598427,-2,-0.362021118402,5.78185129166,0.026647053659,3.45934271812
58,39,O,9.12558171,11.64139784,12.1193874,-2,-0.387773573399,2.69350528717,2.80141448975,3.45700860023
58,40,H,12.47431163,9.24346884,11.40974082,1,0.248306468129,-2.44416594505,1.86865770817,-3.18106579781
58,41,H,11.94259744,15.04492029,12.01028793,1,0.244187384844,-2.64608430862,2.0353064537,-0.182478353381
58,42,O,8.8769567,12.03855803,9.33212066,-2,-0.283358156681,-1.37392282486,2.60280370712,-7.19592094421
58,43,H,16.17436222,13.23850223,8.49232108,1,0.258762896061,-0.799837589264,0.156933173537,1.07509350777
58,44,H,10.89596687,11.75150248,10.79784409,1,0.213185071945,0.674104213715,3.00391221046,-0.60724657774
58,45,H,12,12,12,1,0.159511446953,-1.53938317299,1.79242813587,0.31949031353
59,0,O,10.91426782,12.76290667,10.92065788,-2,-0.349116355181,-1.96763336658,-3.03945302963,-0.785663247108
59,1,H,9.6778822,9.92321152,14.25740778,1,0.220743983984,-0.0522918850183,1.72452569008,-0.0753529965878
59,2,H,14.89086041,12.21768476,10.19579727,1,0.232356101274,0.434364914894,0.407555878162,-1.9786516428
59,3,H,8.3583211,10.89406337,12.53366629,1,0.236685663462,1.04882836342,1.58200860023,2.42448163033
59,4,H,12.80328954,10.01179606,10.28374611,1,0.234007924795,-2.45283555984,-0.294874191284,-0.083509773016
59,5,O,13.52104324,10.52113387,12.51886257,-2,-0.396967798471,0.0470968931913,1.40979886055,0.0348794460297
59,6,H,14.73644156,10.61822626,9.73761645,1,0.247594952583,2.39641809464,-0.837636291981,2.01546525955
59,7,H,9.91019607,12.90698236,10.90373973,1,0.203650176525,1.28515529633,1.9023348093,0.464999705553
59,8,H,15.55090211,11.23017728,10.88283818,1,0.228207290173,1.5122127533,3.7118909359,2.89774632454
59,9,H,13.8361927,11.32373975,11.96915676,1,0.203129976988,0.0219525173306,-1.96962893009,0.729208469391
59,10,H,10.5330816,13.26290204,14.07653449,1,0.235615208745,3.89741754532,-0.50860118866,-2.88194704056
59,11,O,11.90661265,9.7392082,10.68203294,-2,-0.372074276209,2.91026496887,0.284461021423,-1.18859934807
59,12,H,10.545281,9.38046479,11.8669222,1,0.235520780087,-0.880930244923,-0.599550187588,4.13965463638
59,13,H,11.61987088,14.42572966,9.24617541,1,0.248928710818,2.08145427704,1.35095453262,2.60021305084
59,14,H,9.01495845,10.99637777,10.47412415,1,0.231454104185,-3.28047800064,-5.28701019287,-0.00962941814214
59,15,H,8.21339103,10.30322994,11.643444,1,0.189565584064,-0.717727422714,-3.54334664345,-5.45937156677
59,16,O,14.42455872,12.58316161,10.91209432,-2,-0.369927316904,-1.86248016357,2.03118991852,1.97206699848
59,17,H,14.29019922,12.27071104,15.02219964,1,0.223195523024,0.880268096924,3.54140639305,-1.15586161613
59,18,H,13.51221785,9.70138151,11.99001112,1,0.222456023097,1.41773426533,1.27813458443,0.805219113827
59,19,H,13.49809261,12.93366505,13.9744564,1,0.221103280783,2.46549963951,1.27670001984,1.69638299942
59,20,H,9.56760026,11.94150078,12.99847224,1,0.241406425834,-0.509954094887,-0.855071485043,0.206177324057
59,21,H,12.85867788,10.99019932,15.41594578,1,0.246178120375,4.20091629028,-2.79560899734,4.43359661102
59,22,H,13.52876307,12.7946686,10.62734412,1,0.257441073656,0.0472858920693,0.423920154572,-0.462188094854
59,23,O,8.77962279,9.89257917,14.59524735,-2,-0.471983492374,-3.42216396332,1.51338100433,0.520465314388
59,24,O,15.4138219,10.44623122,10.50257818,-2,-0.426390051842,-2.40117001534,-5.48366737366,-5.16419839859
59,25,O,10.59780431,9.34245832,12.94865524,-2,-0.420858323574,1.57912015915,0.379310369492,-3.7171728611
59,26,O,14.34103164,13.22552689,14.5397719,-2,-0.460786402225,-3.14543890953,-4.57444190979,-0.547137141228
59,27,H,13.22067529,14.79964011,12.87780384,1,0.260606914759,1.03411304951,0.702769339085,0.902285397053
59,28,O,12.26941914,11.31859508,14.86802746,-2,-0.447814255953,-4.99747180939,3.83561086655,-0.173507601023
59,29,O,8.33408101,10.00489966,10.65371404,-2,-0.538335680962,2.50713062286,3.68456792831,2.93788719177
59,30,H,9.95180744,8.79636654,13.39547737,1,0.232127279043,-0.396485477686,-1.03222358227,-1.13792026043
59,31,H,11.8241147,13.71461464,13.11721024,1,0.18901322782,3.56542229652,5.35818481445,-1.05498719215
59,32,H,12.43074098,10.94522568,14.0635096,1,0.22807854414,0.646556854248,-1.91874742508,-3.59617137909
59,33,H,8.01831729,11.56574946,8.93668896,1,0.25957351923,0.350307643414,-0.685150921345,2.46801757812
59,34,H,8.1251609,10.67497042,14.37412651,1,0.252006471157,2.73957228661,-2.35645747185,0.790990829468
59,35,H,8.92645395,12.47776972,8.74549096,1,0.253781318665,2.1654727459,2.11333250999,-0.839443266392
59,36,O,11.29072213,13.05202071,13.29130764,-2,-0.343728125095,-7.66013526917,-5.84177494049,4.80290985107
59,37,O,12.70904745,14.6680825,12.09340359,-2,-0.341737627983,-0.708152770996,0.228170454502,1.19315969944
59,38,O,9.01440396,11.57082392,12.29511434,-2,-0.363703221083,0.398574113846,2.41160845757,0.41164419055
59,39,H,12.33639147,9.29151686,11.42998971,1,0.222245335579,-1.75670659542,-0.426639437675,-0.0444343686104
59,40,H,11.83826823,15.1278263,12.16544492,1,0.269072711468,1.12599802017,0.0999727621675,-0.37640812993
59,41,H,12.72012003,14.60826473,10.61464335,1,0.204651579261,-0.602751374245,-0.228220358491,-1.35426163673
59,42,O,8.7330242,11.98588796,9.51990644,-2,-0.276721447706,-2.52756023407,0.438018321991,-2.82505297661
59,43,H,10.53096753,11.83681913,10.85955217,1,0.213675931096,2.17893624306,-0.093520283699,-0.11427629739
59,44,O,12.10528993,15.0038088,9.9607966,-2,-0.504138350487,-1.85799324512,-0.580260038376,-3.4248290062
59,45,H,12,12,12,1,0.14020884037,-1.73771500587,1.26207602024,0.00312411785126
60,0,O,11.51034532,14.19558328,13.28138884,-2,-0.393899679184,2.26509380341,1.16036343575,-0.962985754013
60,1,H,14.54650185,9.23570282,12.89353898,1,0.220974937081,0.179908841848,-0.526729106903,0.697468161583
60,2,H,10.68746062,12.65868487,9.88571059,1,0.226904958487,-4.19327306747,-1.58749651909,2.29543733597
60,3,H,9.4915186,15.42114465,11.26387848,1,0.268747925758,-0.177603453398,-0.604186415672,-0.57802349329
60,4,H,9.18045502,13.32574383,10.27860715,1,0.235212355852,2.69317579269,-5.06909990311,1.15596175194
60,5,O,13.97765809,13.77852428,11.79707481,-2,-0.49018228054,0.495837032795,-0.523228764534,0.197157755494
60,6,H,14.33428803,11.2248958,14.73567336,1,0.237380445004,0.34671446681,0.022675614804,-0.0813967213035
60,7,H,13.85562538,11.52998412,10.18951105,1,0.182274311781,-0.987607419491,-1.49840950966,-0.359218001366
60,8,H,12,12,12,1,0.245277658105,3.60971498489,-0.170713186264,-2.94757151604
60,9,H,12.46007828,14.12453365,13.06349418,1,0.235472366214,0.511116325855,1.74180686474,-1.46476721764
60,10,H,9.29104519,12.47233401,12.93574188,1,0.243629157543,0.526256918907,-1.89695692062,-0.844759821892
60,11,H,15.86896449,11.40515765,12.25946607,1,0.255923032761,-1.04960787296,1.94794952869,0.839253485203
60,12,H,13.61594269,13.44660434,10.98001197,1,0.217607438564,-0.666775166988,0.680679440498,-0.0849231109023
60,13,H,14.56819581,11.21294752,8.66413352,1,0.273985117674,1.37861347198,-1.41804552078,-0.901143848896
60,14,H,11.66002835,13.46937907,13.78981899,1,0.257308959961,-1.34539163113,-3.83399701118,3.35104441643
60,15,O,12.8267132,11.76590777,10.9541414,-2,-0.359925866127,2.27871227264,1.02059721947,9.95170593262
60,16,O,14.51893761,9.90774004,12.2261536,-2,-0.490541696548,-2.21117925644,2.31285476685,-1.24360918999
60,17,H,12.05656049,11.75423644,10.60985029,1,0.227822363377,-8.2437171936,-0.757202744484,-5.75337314606
60,18,H,10.65489514,14.85272448,12.35022766,1,0.190082803369,-0.563768625259,-0.629888057709,-0.72323423624
60,19,H,16.51831757,12.700786,12.83996006,1,0.253667324781,0.615844130516,0.78177177906,0.333434969187
60,20,H,10.17358507,9.26889671,17.01800534,1,0.227419048548,0.608333349228,-2.6742002964,-1.17749786377
60,21,O,14.20204622,11.81713295,9.27421371,-2,-0.269881367683,2.92542600632,4.62044715881,1.97039473057
60,22,H,12.47764174,9.2519561,12.26773491,1,0.242424815893,-0.572289645672,-0.739989459515,-1.21372997761
60,23,O,15.69023308,12.40061347,12.48980393,-2,-0.331820219755,1.89329504967,-4.55134105682,-0.656837821007
60,24,O,12.844375,9.50806355,16.52870293,-2,-0.346246004105,2.45395922661,4.25169038773,0.985443115234
60,25,O,10.66616389,8.45773061,16.58725257,-2,-0.510203361511,-0.642418205738,3.63559055328,1.55072689056
60,26,H,12.87306762,11.08281435,14.93199403,1,0.226540386677,-0.402076810598,0.207608401775,-0.530266344547
60,27,O,12.12356432,9.95554869,12.78979874,-2,-0.36946117878,-0.578737020493,-1.68631184101,2.03568005562
60,28,H,9.51029788,11.18489531,11.88890466,1,0.232368513942,-0.186492621899,1.43318223953,2.28734230995
60,29,H,14.50108089,12.94049096,12.12785542,1,0.151159018278,-0.853524744511,2.50023722649,-0.17566049099
60,30,O,9.79661873,12.28913799,10.47983471,-2,-0.35432946682,1.49204587936,7.31420326233,-4.93278503418
60,31,H,13.48033774,10.37679292,12.41553132,1,0.199378371239,3.99512314796,-2.08236169815,0.0421104207635
60,32,H,13.60341038,9.6550764,17.27680494,1,0.263321936131,-2.99370598793,-0.0385913476348,-2.74099421501
60,33,O,13.55158792,10.86983832,14.29844565,-2,-0.409315645695,1.13065123558,1.55679309368,1.05566489697
60,34,H,11.82111138,10.70327639,12.3422107,1,0.229926496744,-1.58353054523,0.481364578009,-1.30482423306
60,35,H,12.46199736,10.43969447,16.12073714,1,0.264571130276,1.76047301292,-3.97610092163,2.79799413681
60,36,H,11.58498084,8.91032601,16.65588702,1,0.140023171902,-1.61248755455,-1.9556517601,-0.121596306562
60,37,O,10.07042476,15.52775041,11.99806425,-2,-0.56263589859,-0.612986981869,2.13542366028,0.156228661537
60,38,H,15.02836299,12.61548149,10.02984507,1,0.405286371708,-1.54301404953,-1.79932487011,-2.53357887268
60,39,O,9.69235535,11.55889985,12.8143777,-2,-0.466247856617,-0.140106454492,0.214588060975,-0.370270907879
61,0,O,11.20907533,14.19308188,13.40699503,-2,-0.432442307472,1.36477744579,-1.72699844837,1.33914518356
61,1,H,14.39042048,9.07514815,12.98967269,1,0.223577857018,-0.88813751936,2.5386505127,-1.56125617027
61,2,H,10.25859354,12.50090298,10.13038763,1,0.250993818045,4.69464159012,1.12746858597,-3.06727552414
61,3,H,9.22467131,15.40305772,11.42313335,1,0.280264914036,-1.49679803848,-0.553587734699,-2.88975763321
61,4,H,9.0713905,13.21037308,10.41806017,1,0.250724315643,0.779059112072,-3.46706914902,0.992051959038
61,5,O,13.69200051,13.68633721,11.94433119,-2,-0.522563159466,1.15395593643,0.530520260334,1.03025889397
61,6,H,14.07337972,11.21806086,14.94426756,1,0.248872220516,-1.55140864849,-0.597886919975,-0.851016938686
61,7,H,13.52902088,11.44565606,10.20941037,1,0.197000771761,-1.20179319382,-0.991860806942,2.55146718025
61,8,H,12,12,12,1,0.240899041295,2.24202680588,0.00448797643185,-1.53964078426
61,9,H,12.11639992,14.20007261,13.11973875,1,0.23977085948,1.42042136192,0.901808977127,-0.653281807899
61,10,H,8.90897986,12.29047151,12.90579692,1,0.243148118258,-1.0223389864,1.76563072205,0.309179931879
61,11,H,15.58540496,11.35348038,12.46325274,1,0.266748607159,-0.0792420804501,1.17396271229,0.597783386707
61,12,H,13.25955844,13.4424825,11.15627527,1,0.224127411842,-0.76378929615,0.106213472784,-1.04122269154
61,13,H,14.29160305,10.96077252,8.9218922,1,0.27566242218,0.0643398761749,1.5521030426,0.57391667366
61,14,H,11.29875617,13.34440659,13.85377397,1,0.25661405921,-1.06908488274,-0.198931291699,0.49453791976
61,15,O,12.53736887,11.74717913,11.1301037,-2,-0.314314424992,-6.72978162766,0.43597021699,1.69311642647
61,16,O,14.23024647,9.86851649,12.34693665,-2,-0.465075403452,1.1933119297,-1.25037276745,0.186723947525
61,17,H,11.66984327,11.77293556,10.58312251,1,0.239523798227,2.32437944412,-0.522085905075,0.593021452427
61,18,H,10.51591453,14.92844159,12.32467362,1,0.216737404466,2.43299221992,-2.90307331085,0.0174790993333
61,19,H,16.24397094,12.91588002,12.87411371,1,0.267946332693,-1.99885988235,-1.95102739334,-0.756765961647
61,20,O,13.93688954,11.76880787,9.42081702,-2,-0.216827809811,4.79472589493,1.31883811951,-3.15102505684
61,21,H,12.11586752,9.25320035,12.08029162,1,0.237037688494,-1.17912590504,1.4881721735,2.14963579178
61,22,O,15.43235,12.33256224,12.62898605,-2,-0.340428292751,3.41529297829,-0.785742282867,0.662253201008
61,23,H,12.54880413,11.00216524,14.98280767,1,0.250902563334,-1.54681169987,0.114114746451,1.28479146957
61,24,O,11.85170008,9.8643614,12.87530543,-2,-0.417789548635,-0.418005645275,-2.70460391045,-2.43465590477
61,25,H,9.3163897,11.18212931,12.03152266,1,0.228316009045,0.274449676275,0.504879713058,2.25075411797
61,26,H,14.35006536,12.89339749,12.19170409,1,0.141066402197,-1.16292011738,1.97970199585,-0.159943446517
61,27,O,9.53156732,12.24630696,10.5601388,-2,-0.40641233325,-5.68826770782,2.91808605194,0.78407561779
61,28,H,13.35058961,10.33498166,12.57828701,1,0.196778580546,1.83976662159,-1.69217598438,0.624905109406
61,29,O,13.2848617,10.85422924,14.4336575,-2,-0.441210389137,3.38741827011,1.38525724411,0.997984111309
61,30,H,11.50040169,10.64585895,12.45682358,1,0.225678935647,-1.0296330452,-0.462031960487,0.226779818535
61,31,O,9.80095515,15.4311438,12.11561092,-2,-0.580248355865,-2.61371135712,4.43606710434,1.60200369358
61,32,H,14.83205191,12.59560792,9.96395672,1,0.406534403563,-1.83178186417,-1.99585080147,-1.25647628307
61,33,O,9.46011034,11.54335591,12.96764917,-2,-0.471614539623,0.889932096004,-2.4786362648,-1.59954702854
62,0,O,10.84358596,14.141156,13.49641232,-2,-0.404052317142,2.92654895782,-4.92811870575,2.12776255608
62,1,H,14.10758348,8.98490641,13.00153946,1,0.239124029875,-0.761348962784,1.73644137383,-0.90790861845
62,2,H,10.01738202,12.34101079,10.22104032,1,0.263725727797,0.825662195683,0.151713132858,-0.959465742111
62,3,H,8.83096614,15.29713996,11.39139682,1,0.242165207863,2.33440804482,-0.102233886719,1.77878987789
62,4,H,8.86770913,12.94189583,10.57463726,1,0.274687826633,-4.63098478317,9.22667121887,0.16185104847
62,5,O,13.34021728,13.54515805,12.05922584,-2,-0.49464070797,-3.54150557518,3.52405428886,-1.9865783453
62,6,H,13.66837169,11.13412821,15.07369873,1,0.259292185307,0.150177881122,0.41268324852,0.678201019764
62,7,H,13.09941946,11.26373162,10.25684285,1,0.218284875154,-0.694529652596,1.21496903896,2.73585748672
62,8,H,12,12,12,1,0.250424385071,-3.02306556702,5.46004056931,12.1118545532
62,9,H,11.77282264,14.25130272,13.10888595,1,0.242851614952,-0.843521058559,-0.68409883976,1.46238410473
62,10,H,15.20147437,11.30348688,12.63595861,1,0.267081618309,1.34078741074,-2.81789040565,0.0193054676056
62,11,H,12.79932822,13.38774129,11.23647802,1,0.237339258194,1.67533946037,0.580744445324,1.60381746292
62,12,H,13.97256809,10.74928948,9.20396667,1,0.288062632084,0.220940649509,2.68839287758,-0.117538735271
62,13,H,10.8239878,13.11550117,13.93244605,1,0.260045111179,0.290828973055,4.5017824173,-1.92106866837
62,14,O,12.16328648,11.68034003,11.27215963,-2,-0.365659415722,-2.18975543976,-6.42677021027,-16.1938533783
62,15,O,13.88016549,9.77796694,12.43084145,-2,-0.452820420265,9.75581073761,-5.80412912369,-4.11710596085
62,16,H,11.29624621,11.70910078,10.52788162,1,0.274419724941,3.6103541851,-0.206228598952,4.12652301788
62,17,H,10.42088413,14.78265261,12.27512106,1,0.220068559051,-4.69278621674,1.4961206913,-1.01125597954
62,18,H,15.7845229,12.99593233,12.88697908,1,0.272995054722,-1.12694633007,-3.41924953461,-0.325629919767
62,19,O,13.6192818,11.67752744,9.52795924,-2,-0.151786863804,5.17487859726,-0.636081695557,-2.81500911713
62,20,H,11.64926556,9.28746405,11.98423234,1,0.234517335892,-0.345504164696,0.398289114237,2.72848820686
62,21,O,15.11744567,12.21323302,12.73608393,-2,-0.395758152008,1.12750220299,5.31172227859,0.664636969566
62,22,H,12.09333511,10.89882453,15.00485344,1,0.252366304398,1.53412616253,-0.234329625964,-0.270446419716
62,23,O,11.51247896,9.71943823,12.91691436,-2,-0.433210492134,-2.0087594986,-0.170282334089,-3.93872857094
62,24,H,14.03722671,12.92485694,12.19290864,1,0.162246629596,1.331412673,-1.6838760376,0.291404396296
62,25,O,9.18103522,12.16404767,10.60689081,-2,-0.49663117528,3.32209825516,-9.01514625549,0.593473315239
62,26,H,13.20766434,10.17881559,12.74751583,1,0.201511800289,-7.18604326248,3.73772382736,4.22996425629
62,27,O,12.96092205,10.79531879,14.53542976,-2,-0.450888365507,-1.5424696207,0.500475525856,0.686654567719
62,28,H,11.065327,10.52666187,12.53623547,1,0.233171910048,0.0979320555925,-1.32650756836,1.28863453865
62,29,O,9.45283759,15.30481942,12.20331367,-2,-0.577674627304,0.0754028111696,-0.302410632372,-2.35815596581
62,30,H,14.46518314,12.41846707,9.74734038,1,0.328740775585,-3.20698952675,-3.18446993828,-0.36685821414
63,0,O,10.62533208,13.88549025,13.1614892,-2,-0.52890253067,0.0952857583761,-2.53993797302,0.321905016899
63,1,H,13.9149566,8.77448196,12.57881854,1,0.23554879427,0.975689768791,-3.37886762619,2.26764416695
63,2,H,7.65807528,6.39673097,11.52367883,1,0.209811538458,0.0844160765409,-1.94942641258,3.64562439919
63,3,H,10.02723519,12.02391885,9.83513939,1,0.249816864729,-5.69517421722,0.133172303438,1.43148720264
63,4,H,8.59084707,12.83894335,10.32051174,1,0.242415308952,1.34917235374,-2.68232107162,-0.311010986567
63,5,O,13.11458949,13.22212042,11.74197199,-2,-0.45865470171,-3.66653847694,3.10710096359,-0.212736040354
63,6,H,13.40252349,10.88505654,14.80836512,1,0.263643622398,0.780105650425,0.805077314377,1.34404611588
63,7,H,12.80482453,10.95970057,9.97517233,1,0.238270789385,-0.471752017736,2.55857396126,2.78940796852
63,8,H,12,12,12,1,0.291672199965,0.0706092938781,-1.05398309231,-3.24002671242
63,9,H,11.51630327,14.05985009,12.74776894,1,0.251108407974,-1.12226355076,-0.869222164154,1.0746165514
63,10,H,14.98978154,10.94777287,12.3666046,1,0.260390400887,0.928915321827,0.0722968354821,0.148467838764
63,11,O,7.88348964,5.96847,12.51568109,-2,-0.443782508373,-0.990472614765,1.3529984951,-3.37299895287
63,12,H,12.5468935,13.15440898,10.94386904,1,0.24928432703,1.57036197186,0.384366571903,0.619915783405
63,13,O,10.63154481,7.40216385,10.86539937,-2,-0.484660595655,1.81796431541,2.9752573967,0.782543897629
63,14,H,13.82683493,10.47568506,9.06570354,1,0.290150225163,0.375013679266,0.897156655788,-0.78041934967
63,15,H,10.49858377,12.89502426,13.50067155,1,0.261607885361,0.977082550526,3.46564388275,-1.22219073772
63,16,O,11.91682253,11.40897482,10.9499908,-2,-0.377184927464,0.838183045387,-0.985282659531,1.53701865673
63,17,H,8.14228567,8.69090036,11.51910409,1,0.231623858213,1.29581189156,1.45981574059,0.550435841084
63,18,H,8.16278588,5.75444127,10.27410327,1,0.241321459413,1.26143085957,0.941836774349,-1.08554327488
63,19,H,10.8122442,8.06451602,10.16702726,1,0.234423220158,0.0164692923427,-1.13027751446,-0.421010792255
63,20,O,13.69370555,9.48506701,12.07665076,-2,-0.486798763275,-1.35032391548,4.88432884216,-1.84465026855
63,21,H,9.28997659,6.94523325,10.45867517,1,0.177366361022,1.37858629227,-0.787904381752,-0.223795056343
63,22,H,11.26727863,11.43279968,10.25905826,1,0.221727609634,-1.4257619381,0.335586369038,0.425093084574
63,23,H,15.3794505,12.76559438,12.52005026,1,0.263901293278,1.55451953411,-1.23479354382,0.511100172997
63,24,H,8.12371864,5.0574926,12.29101573,1,0.245237901807,0.00280552636832,0.143587961793,0.253676563501
63,25,O,13.44926631,11.38848834,9.20152802,-2,-0.199573338032,-2.37251281738,-6.10362768173,-1.70614469051
63,26,H,11.35701175,9.17864081,11.61273918,1,0.221036538482,1.78610467911,-1.41291093826,-1.80683994293
63,27,O,14.94485588,11.91598918,12.41919849,-2,-0.414830952883,-1.39213860035,0.66656255722,-0.454069674015
63,28,H,10.30990393,8.22352507,11.61189103,1,0.230161190033,-0.44299569726,-3.5775847435,-1.75877559185
63,29,O,8.49699146,6.63821437,9.97417056,-2,-0.451309233904,-2.90583705902,-1.18312084675,-0.570850610733
63,30,H,11.84136889,10.6186824,14.54801756,1,0.260908991098,1.64881968498,-0.153578937054,0.0709611698985
63,31,O,11.30712941,9.38550519,12.51809628,-2,-0.413123846054,-1.76616406441,1.71792256832,1.19709837437
63,32,H,13.90309915,12.70317459,11.76267377,1,0.185070425272,1.33023560047,-1.94993591309,-0.135111257434
63,33,O,8.97097131,11.87150976,10.22794538,-2,-0.45220130682,3.69638323784,2.89844632149,-1.39334535599
63,34,H,12.92796024,9.95616072,12.64678716,1,0.213189914823,2.36137461662,-1.71191692352,-1.25532364845
63,35,O,12.7715994,10.54680216,14.21123346,-2,-0.43089684844,-2.57312107086,-0.103607028723,-0.57826757431
63,36,H,8.61924097,7.44909476,11.80841147,1,0.231722503901,2.36386227608,2.32324099541,1.98587059975
63,37,H,10.7781953,10.16305574,12.26538343,1,0.227425724268,-0.447295218706,0.254033267498,1.45126891136
63,38,H,14.14349109,11.95042682,9.09607649,1,0.299390137196,3.35294103622,3.16295409203,0.333991140127
63,39,O,8.98909336,8.44956089,11.99231154,-2,-0.386308014393,-5.28979301453,-1.73165941238,-0.369062781334
64,0,O,10.40657467,13.64422669,12.96500209,-2,-0.532158732414,-1.8263065815,5.68850898743,-0.222027122974
64,1,H,13.74409658,8.45548739,12.41656542,1,0.213871106505,-0.0625679194927,0.470180094242,-0.864890933037
64,2,O,12.87047383,12.92804962,11.56195625,-2,-0.340794056654,0.552844047546,-1.32069349289,3.47225260735
64,3,H,13.15704076,10.7062641,14.73527995,1,0.263527810574,-1.39569330215,-0.604804635048,-1.17719805241
64,4,H,12.50448992,10.81007491,9.94543618,1,0.181990981102,-1.55224752426,2.0363008976,3.19936513901
64,5,H,12,12,12,1,0.333457291126,2.06306791306,1.13158392906,-2.19089031219
64,6,H,11.22443773,13.8235648,12.60789288,1,0.248096466064,2.27528953552,0.0244785249233,-0.849334537983
64,7,O,10.48917736,16.25539782,9.81722966,-2,-0.492312759161,2.57073569298,-1.52901518345,0.0912069305778
64,8,H,14.80061894,10.61638489,12.22890822,1,0.250406563282,0.315354198217,1.96819496155,0.177512019873
64,9,H,12.35671947,12.94565847,10.79171155,1,0.252625882626,-0.678096413612,0.29028993845,-2.43810653687
64,10,O,10.38646724,7.13411297,10.65302285,-2,-0.417307347059,0.247371926904,1.67868304253,5.95572662354
64,11,H,13.72197411,10.25806147,9.02401603,1,0.281860470772,0.237063378096,-0.947672426701,-0.177716612816
64,12,H,10.21704553,12.81545344,13.16042316,1,0.277358472347,-0.923657000065,-5.83054065704,1.27164852619
64,13,O,11.66796632,11.15482896,10.7731015,-2,-0.444137901068,5.09368896484,-2.48925948143,3.28206396103
64,14,H,7.98543084,5.55583072,10.08625809,1,0.252362072468,-1.07513856888,-2.28201961517,0.621113777161
64,15,H,10.51272825,7.64291442,9.91352888,1,0.26920697093,0.450029611588,1.57095468044,-3.45197963715
64,16,O,13.499238,9.22765269,11.85376494,-2,-0.480933755636,-1.03281116486,1.29091286659,3.08751153946
64,17,H,9.17232346,6.52418834,10.28808559,1,0.150761783123,-2.21924781799,-0.322210997343,-1.24681568146
64,18,O,12.53791489,15.36407653,11.78970582,-2,-0.488892048597,0.509104907513,4.144967556,-1.82384157181
64,19,H,11.12599273,11.20092621,10.10250169,1,0.228872045875,-5.87245988846,0.917462587357,-5.05375957489
64,20,H,15.01750937,12.55456075,12.37959841,1,0.255321443081,1.80779755116,-0.988120079041,1.13725030422
64,21,O,13.26319171,11.10135664,9.01029487,-2,-0.245461761951,1.4781703949,-1.0650138855,-1.44452941418
64,22,H,11.17312579,9.04767265,11.29903288,1,0.234445512295,1.52720618248,-0.187578573823,-0.216712191701
64,23,O,14.76314699,11.64083004,12.23763422,-2,-0.387262523174,-1.62448084354,-0.778443932533,-1.52602255344
64,24,H,10.20481855,7.9155745,11.40649922,1,0.244862139225,0.323268592358,-3.80036067963,-2.2162861824
64,25,H,11.22729605,15.83344852,9.27242044,1,0.254138946533,-1.6490957737,1.0747487545,0.402197271585
64,26,O,8.27159371,6.37619764,9.78505554,-2,-0.559417128563,1.75669777393,2.01961660385,0.0659463182092
64,27,H,10.93898715,16.23734685,10.69539323,1,0.251143217087,-1.39081907272,1.16389334202,-0.713404178619
64,28,H,11.64756583,10.38129758,14.20353049,1,0.266068398952,-0.828775167465,0.0737831965089,1.01889681816
64,29,O,11.08981301,9.07848234,12.2560987,-2,-0.38791435957,-2.30711460114,0.688533723354,0.0379775427282
64,30,H,11.88187004,15.2740885,11.10159065,1,0.237448886037,0.118003547192,-1.27740383148,0.54768961668
64,31,H,13.79309859,12.41519988,11.45095935,1,0.217544555664,-1.46211910248,-0.79922246933,0.595771789551
64,32,H,12.73932761,9.67990685,12.62154689,1,0.218678355217,3.2957918644,-1.67956662178,-2.8215045929
64,33,O,12.57017278,10.3191724,14.02155404,-2,-0.380644917488,1.82268106937,0.847787082195,0.845840513706
64,34,H,12.65249142,14.71755404,12.41864874,1,0.252443879843,0.0494335591793,-2.01173686981,1.52258205414
64,35,H,10.48314326,9.83530328,12.22004111,1,0.243810191751,-0.172118663788,0.0278438925743,0.839576840401
64,36,H,13.96367336,11.62708737,8.59634673,1,0.276933908463,-0.420850068331,0.804939627647,0.262890011072
65,0,O,10.07397733,13.36069742,12.90017998,-2,-0.510826349258,-1.46108150482,-0.495950877666,0.467345446348
65,1,H,13.45493902,8.10389278,12.38338917,1,0.221022963524,-0.169986903667,1.82828009129,-2.64061117172
65,2,H,9.25432577,11.42330594,9.70237112,1,0.271899402142,9.85768127441,2.18930101395,-2.27065563202
65,3,H,8.01605977,12.25095632,10.10056619,1,0.268703758717,1.69279110432,-3.41110062599,-0.942135691643
65,4,O,12.51363053,12.5750899,11.52248065,-2,-0.205345869064,4.41619873047,3.05465650558,-3.69385385513
65,5,H,12.7247378,10.4695147,14.74132489,1,0.267076075077,-1.18273973465,-0.817232847214,-1.24235498905
65,6,H,12.05125169,10.7047877,10.1808588,1,0.238581135869,2.33502054214,-1.27604961395,-0.855613529682
65,7,H,12,12,12,1,0.266523689032,-2.18822598457,-3.20849657059,2.14304494858
65,8,H,10.95281214,13.50985713,12.58987306,1,0.241156741977,0.0248010605574,-0.266674101353,0.0434764251113
65,9,O,10.19743549,15.92261242,9.7723565,-2,-0.51652264595,-7.37810993195,3.22447991371,7.39019966125
65,10,H,14.51344276,10.33883388,12.22165546,1,0.249727323651,0.362298607826,-0.0258274972439,0.703103542328
65,11,H,12.03031994,12.68086338,10.65750818,1,0.284258455038,0.227051764727,0.0685768947005,1.0217769146
65,12,H,9.81183858,12.42544147,13.0030456,1,0.265770226717,0.589725136757,0.743332326412,-0.26025018096
65,13,O,11.32073439,10.83829699,10.73784628,-2,-0.385985970497,-5.2484164238,0.071146517992,-3.94424366951
65,14,O,13.18798308,8.92036868,11.77077014,-2,-0.428342998028,0.166752099991,-2.23338150978,4.09417629242
65,15,O,12.16734686,15.0493418,11.73199168,-2,-0.487607955933,2.60634756088,1.94406664371,2.77920150757
65,16,H,10.62724246,10.94264827,9.88483429,1,0.229315668344,2.38745689392,-0.920146882534,3.86987352371
65,17,H,14.6290786,12.28432775,12.47541587,1,0.263665914536,0.91844445467,-3.93665337563,0.556584596634
65,18,O,14.46440919,11.30567372,12.18166878,-2,-0.388335615396,-1.30779409409,4.66758680344,-1.96860837936
65,19,H,10.80640264,15.63600398,9.29387459,1,0.27776107192,8.12518596649,-3.67216515541,-7.55585336685
65,20,H,10.64734325,15.9743276,10.62989195,1,0.260370671749,-1.2120629549,1.12872922421,-0.0436454415321
65,21,H,11.29438651,10.11701995,14.02254442,1,0.276511371136,0.6155616045,0.0228981748223,0.619258344173
65,22,H,11.60768469,14.99737285,11.01450504,1,0.243226245046,-1.57679331303,-1.56687450409,-1.79245591164
65,23,H,13.47137396,12.04453715,11.27704906,1,0.279150485992,-0.877637863159,-0.576262176037,1.83666932583
65,24,O,8.44958895,11.30324096,9.86358976,-2,-0.518312215805,-12.2428884506,1.58187973499,3.10633516312
65,25,H,12.62404154,9.24810422,12.55406174,1,0.185585826635,0.731120407581,0.314748883247,-1.75974142551
65,26,O,12.26332113,10.03708641,13.96320717,-2,-0.396315306425,0.0178426206112,1.0562889576,1.10499203205
65,27,H,12.36455223,14.30284279,12.30060159,1,0.247287943959,-0.228544145823,0.510842323303,-0.766013979912
66,0,O,9.89370822,13.30407323,12.63357458,-2,-0.491148799658,0.21120108664,-4.00256872177,-0.367780387402
66,1,H,13.30655625,8.08922581,12.03991553,1,0.23734074831,1.2913159132,-1.83149540424,-1.34025979042
66,2,H,9.27263868,11.42315304,9.43317175,1,0.257137209177,-4.49669981003,0.188364654779,0.164441913366
66,3,H,7.90311189,11.93414386,9.77728076,1,0.279645949602,-5.27926778793,10.7641220093,3.37385511398
66,4,O,12.32666978,12.46465021,11.26173668,-2,-0.192789196968,4.69235897064,1.67789399624,-4.99620819092
66,5,H,12.38031714,10.45385886,14.48608329,1,0.262164235115,0.174577638507,0.134600132704,0.666960537434
66,6,H,11.94252378,10.81703964,10.12286119,1,0.240740895271,1.97545826435,-1.0521851778,-1.49595153332
66,7,H,12,12,12,1,0.274758338928,-1.80966472626,-1.89531600475,1.34616911411
66,8,H,10.86438041,13.39858894,12.38201208,1,0.226112425327,-2.82179903984,-0.168563261628,0.937554776669
66,9,H,14.40405124,10.30006061,12.03662445,1,0.25540214777,0.559666454792,-2.36540651321,1.40938878059
66,10,H,11.84496146,12.62853856,10.33991025,1,0.295140028,0.078710116446,-0.433582127094,3.06373500824
66,11,H,9.59400676,12.24973925,12.6466913,1,0.241230756044,1.5030272007,4.27139568329,-0.206967532635
66,12,O,11.10180967,10.74905516,10.49210878,-2,-0.412213146687,-5.61760807037,-0.383172124624,-2.67333579063
66,13,O,12.7889513,14.13090647,13.70945326,-2,-0.40096783638,2.5660097599,1.25757169724,2.00257015228
66,14,O,13.03471655,8.83223413,11.49143696,-2,-0.443958878517,3.19544816017,-2.46146988869,-3.92853498459
66,15,O,11.95553126,14.9715258,11.47148786,-2,-0.514755249023,0.722643852234,-1.22981083393,0.975276350975
66,16,H,10.41836609,10.87209778,9.66583557,1,0.22142803669,3.2655711174,-1.45362091064,3.18842053413
66,17,H,14.45292581,12.10647749,12.43500681,1,0.273044794798,0.518624484539,-4.0861620903,-0.760629177094
66,18,H,13.05622607,15.09241558,14.23476442,1,0.241655498743,-0.744658827782,-4.37492179871,-2.28256654739
66,19,O,14.3128892,11.21014292,11.91549706,-2,-0.405565500259,-0.99752920866,6.80929517746,-1.45466327667
66,20,H,11.11102658,10.0929241,13.66550797,1,0.266202956438,1.82682931423,-0.409127444029,0.217569753528
66,21,H,11.4283251,14.87053617,10.66539846,1,0.245698928833,0.185830682516,-0.337567090988,0.4636901021
66,22,H,13.53569715,13.43152838,13.76039358,1,0.257409751415,-1.5342464447,2.58186936378,0.739618480206
66,23,H,13.2351822,11.87998974,10.95751128,1,0.286727458239,-0.953533530235,0.751761734486,2.07742977142
66,24,O,8.25577743,11.22926129,9.55090155,-2,-0.517906546593,8.68251132965,-10.3032112122,-3.76941108704
66,25,H,12.66252706,9.08656152,12.23844903,1,0.208636969328,-4.14745187759,4.09231328964,5.08293437958
66,26,O,12.11167834,9.98440217,13.70246581,-2,-0.411109983921,-2.36460757256,0.560412466526,-0.537233948708
66,27,H,12.24300232,14.11158875,11.9862694,1,0.219937950373,-0.682717084885,3.698584795,-1.89607203007
67,0,O,9.88833149,13.43414322,12.19969986,-2,-0.476107984781,-1.10447514057,-1.09585046768,-0.244671285152
67,1,H,13.39016313,8.20074805,11.48522668,1,0.233555078506,1.24858021736,-2.67379450798,0.104710206389
67,2,H,9.294176,11.63926474,8.99762966,1,0.249519780278,-4.92060279846,-0.587208807468,0.0762549564242
67,3,H,7.76707967,12.21900792,9.39476638,1,0.248922809958,1.74055504799,-2.93089795113,-1.16189861298
67,4,O,12.32930171,12.56851234,10.81225101,-2,-0.216301858425,1.59728848934,-0.591565430164,1.6992213726
67,5,H,12.22014936,10.66922424,14.08395572,1,0.219526976347,1.32486581802,-0.335240721703,0.12068592757
67,6,H,12.12996044,11.08334946,9.75101279,1,0.263054907322,-6.11232089996,-2.86893630028,0.681241869926
67,7,H,12,12,12,1,0.294738680124,0.498645871878,0.663990139961,-3.21643781662
67,8,H,10.82456916,13.4632291,12.06183072,1,0.218354299664,0.222721204162,0.511897683144,0.287987887859
67,9,H,14.50141742,10.39135062,11.73996492,1,0.248696088791,-0.331815540791,1.22644901276,-0.320760458708
67,10,H,11.81131616,12.74135076,9.96871744,1,0.254542350769,-0.0621339902282,-0.0561443194747,1.72718369961
67,11,H,9.62385218,12.49933968,12.11062042,1,0.245523944497,0.0498197674751,0.604676187038,-0.0939515829086
67,12,O,11.03232723,10.86127339,10.07672999,-2,-0.429153889418,11.1516122818,-0.562897980213,6.8258061409
67,13,H,11.91366915,12.12873253,15.10896835,1,0.215303942561,-3.76128292084,0.666411578655,0.372035682201
67,14,O,12.77748157,14.23379182,13.31537333,-2,-0.365934789181,1.25162017345,4.11259174347,2.30737018585
67,15,O,10.66740595,13.36234685,14.83855474,-2,-0.451843559742,-2.0743560791,3.48275446892,-0.971534967422
67,16,O,13.06226679,8.93886127,11.0330491,-2,-0.443934738636,-1.53196406364,2.7758603096,2.74982357025
67,17,O,11.91659072,15.09289827,11.04452576,-2,-0.482554912567,-0.912616014481,0.643560469151,-1.53642547131
67,18,H,10.53280657,10.93752073,9.41721258,1,0.223194018006,-6.21788644791,0.0658995658159,-8.8783788681
67,19,H,14.48549702,11.97071331,12.22230702,1,0.258848309517,0.286141812801,-1.43115758896,-1.01614129543
67,20,H,13.15950302,15.22103088,13.84487224,1,0.249139547348,-1.38916444778,-4.80951499939,-2.59343457222
67,21,O,14.32631676,11.33427613,11.47735043,-2,-0.400058716536,0.38807708025,0.196279793978,1.00758516788
67,22,H,13.16884995,12.72225578,14.65557088,1,0.237200915813,-0.109332665801,-0.339721232653,0.745150387287
67,23,O,12.79630818,11.97784998,15.147275,-2,-0.411712676287,4.97290086746,-1.33324730396,0.0167286396027
67,24,H,11.17813127,10.25845523,13.15231287,1,0.255227148533,-0.475817143917,-0.707268595695,-0.564134836197
67,25,H,11.43913608,14.89814094,10.19293948,1,0.241308107972,0.778130710125,0.346889019012,1.38754439354
67,26,H,13.39671538,13.50758393,13.39039792,1,0.24019856751,0.997937142849,0.871141672134,-0.118398115039
67,27,H,13.10703504,11.94987796,10.55297127,1,0.238274171948,-0.0671682655811,1.07126700878,1.46564686298
67,28,O,8.25125493,11.33340694,9.06381752,-2,-0.475044101477,2.55982017517,3.98553657532,0.894704699516
67,29,H,12.68163739,9.31858702,11.95162132,1,0.179194033146,0.638727784157,-0.446987062693,-3.09270238876
67,30,O,12.1245828,10.1338244,13.27106533,-2,-0.373943299055,-1.08746314049,1.41156220436,0.224241062999
67,31,H,12.27180079,14.28349785,11.41254543,1,0.208495378494,0.2246465832,0.691028833389,-0.290551871061
67,32,H,11.51553365,13.61473411,15.10891338,1,0.245497077703,1.33627438545,0.55590057373,0.779023706913
67,33,H,10.47474329,12.48113654,14.88788113,1,0.258274316788,-1.10996580124,-3.1132645607,0.626473009586
68,0,O,9.87066595,13.53225802,11.85714538,-2,-0.46251937747,-0.28448921442,4.65972042084,0.88499468565
68,1,H,13.50638837,8.1641222,11.03815495,1,0.222928166389,-1.13642311096,2.01669049263,-0.966138064861
68,2,H,9.29738587,10.99101727,12.62612164,1,0.246151417494,0.740848481655,1.2613619566,3.12524557114
68,3,O,12.32434071,12.64336877,10.45466693,-2,-0.307343631983,-1.90600776672,4.29017543793,4.44908237457
68,4,H,12.10159452,10.85786884,13.76501512,1,0.212658077478,1.43752479553,-1.2752623558,-1.12767076492
68,5,H,12.00662165,11.19954907,9.4524055,1,0.248300984502,-5.09841632843,-2.70540380478,0.486205011606
68,6,H,12,12,12,1,0.162659466267,0.447914481163,-1.01245462894,-1.19838058949
68,7,H,10.7991608,13.50306477,11.86003632,1,0.224320888519,1.76786255836,0.831035912037,0.221428915858
68,8,H,14.58535228,10.5327708,11.51843582,1,0.231569901109,-0.724318742752,0.24412471056,-2.38135170937
68,9,H,11.74302481,12.80780525,9.73348587,1,0.25256228447,-0.963926613331,0.074798502028,-0.591785490513
68,10,O,9.56050603,11.34121914,13.59302654,-2,-0.315352082253,-1.17635595798,-2.1229364872,-3.56681013107
68,11,H,9.63000652,12.71104933,11.65052828,1,0.245444014668,-1.82375431061,-5.02030086517,-1.48953318596
68,12,O,10.97625869,10.94164933,9.76849128,-2,-0.386988610029,2.1410176754,0.409048855305,-3.3801510334
68,13,H,11.81194595,12.34908726,14.78839828,1,0.193349286914,2.39035272598,-1.07206368446,0.530094563961
68,14,O,12.74894106,14.31892568,13.01683212,-2,-0.375027120113,-3.19854354858,1.04122769833,-0.844948589802
68,15,O,10.65259756,13.45708542,14.49820859,-2,-0.404763311148,0.427889168262,0.398326575756,0.534400224686
68,16,O,13.07565792,9.02176044,10.66922607,-2,-0.430986940861,-0.228145241737,-0.041951328516,4.70992040634
68,17,O,11.86125134,15.1878777,10.70104872,-2,-0.462879866362,-0.788834810257,2.76897335052,0.222173839808
68,18,H,8.82034441,10.9983941,14.09726133,1,0.250036120415,-0.293355166912,-0.140015989542,0.493013679981
68,19,H,10.42517237,10.96695929,8.92488737,1,0.23311072588,1.08830809593,-0.374545902014,1.45668172836
68,20,H,14.51949293,11.74811524,12.04743721,1,0.23887167871,-0.282069981098,1.41165840626,-0.991849899292
68,21,H,13.19121802,15.0442541,13.38674388,1,0.253217875957,0.998943805695,2.00407600403,0.635556638241
68,22,O,14.3265821,11.42831468,11.13262123,-2,-0.362816214561,1.59097790718,-1.77062284946,3.43642354012
68,23,H,13.1719618,12.8595258,14.31694447,1,0.22210007906,-0.521487891674,-2.26051425934,1.85544061661
68,24,O,12.80774934,12.04975712,14.8229822,-2,-0.377396553755,-1.0744702816,2.04002308846,-1.37527966499
68,25,H,11.20796277,10.37544024,12.71204499,1,0.23973441124,-1.20880448818,-0.630620121956,-0.529956102371
68,26,H,11.47793556,14.89883615,9.90356353,1,0.248598784208,-1.14475345612,0.273920655251,-1.77875781059
68,27,H,13.29602373,13.6123995,13.08726309,1,0.251429021358,3.01537275314,-2.73687458038,-0.506440520287
68,28,H,12.9552937,12.03166954,10.29539447,1,0.221767991781,4.20895242691,-2.86489653587,-0.755016326904
68,29,H,12.69785832,9.52546427,11.63355225,1,0.167885497212,1.70738935471,-2.40394639969,-4.07010650635
68,30,O,12.12279776,10.25539833,12.93018509,-2,-0.338367640972,-0.393545985222,3.48217725754,1.35017776489
68,31,H,12.32374101,14.4349033,10.92536321,1,0.214218422771,1.95715939999,-1.9989849329,1.26695525646
68,32,H,11.5640263,13.6810129,14.81044771,1,0.240817666054,-1.82849287987,0.198978602886,-0.121813647449
68,33,H,10.3491776,12.5198202,14.47810498,1,0.202708676457,0.155682533979,1.02507829666,0.0181954950094
69,0,O,9.83551419,13.59771274,11.56961894,-2,-0.430944591761,0.744245171547,-3.56044459343,-1.10102570057
69,1,H,13.52185766,8.17863148,10.62070367,1,0.239150002599,-1.3538621664,2.29600977898,-0.245233595371
69,2,H,9.3264591,11.22993256,12.37437381,1,0.256892085075,-0.272906243801,0.443252652884,1.22141110897
69,3,H,10.10322101,13.66817363,7.33308515,1,0.251826405525,1.265147686,-0.652553081512,1.22958576679
69,4,O,12.29682196,12.68624218,10.15985429,-2,-0.392270088196,0.81088501215,0.674781858921,2.58509302139
69,5,O,15.12498797,11.77353483,13.55144175,-2,-0.352382808924,-0.630951106548,-2.13360857964,3.34105157852
69,6,H,12.03083245,10.95573673,13.43753999,1,0.204004853964,0.888230323792,-1.05176329613,0.140353471041
69,7,H,11.65282893,11.16600802,9.18149051,1,0.235886320472,9.21780872345,1.89363455772,-3.8258163929
69,8,H,12,12,12,1,0.0798876881599,0.433718174696,-0.0563971400261,-1.37676215172
69,9,H,10.84046928,13.50970506,11.72724251,1,0.214892297983,-2.08583521843,0.345309227705,-0.283873766661
69,10,H,14.63080777,10.66435437,11.2334748,1,0.225796967745,0.516146659851,-3.57982587814,-2.72683572769
69,11,H,11.61328435,12.81853918,9.49828121,1,0.205852687359,0.0775138735771,-0.456983864307,-0.172653287649
69,12,O,9.78312292,6.82620056,9.13121397,-2,-0.507284402847,3.37956285477,3.59104800224,-1.48603141308
69,13,O,9.52726349,11.38069935,13.32701899,-2,-0.324257612228,2.66903829575,0.709134697914,-3.18284416199
69,14,H,9.53554585,12.65720257,11.19771431,1,0.221633449197,1.18167817593,3.35320019722,0.844386398792
69,15,O,10.90841616,10.97726026,9.50903559,-2,-0.298280864954,-12.6092576981,-3.2607626915,-1.84685218334
69,16,H,11.82074091,12.43764223,14.55396808,1,0.183727249503,1.57202506065,-1.34472262859,0.540702402592
69,17,O,12.68159824,14.35888817,12.76502594,-2,-0.360433995724,-0.25932392478,-4.16834259033,-0.29701769352
69,18,H,10.05472195,7.21981921,8.19900581,1,0.222396358848,-1.09875917435,-1.54198205471,2.35121512413
69,19,O,10.61750197,13.50575344,14.20897252,-2,-0.415269076824,-0.210868373513,-1.29505336285,0.353005439043
69,20,O,13.0723142,9.06070301,10.37027107,-2,-0.427675843239,1.58909678459,-1.47268545628,0.142650723457
69,21,O,11.78594578,15.24715292,10.40881819,-2,-0.445193529129,2.54909348488,-2.0514395237,0.791660785675
69,22,H,8.88759438,10.98590491,13.81853093,1,0.264075487852,-3.22163534164,-2.02456378937,2.2757332325
69,23,H,10.30599916,10.9216732,8.50445604,1,0.262171804905,2.4090321064,-0.104842782021,5.05052614212
69,24,H,14.5215936,11.58405622,11.84151354,1,0.19140702486,-0.722873449326,3.64851212502,-1.71604716778
69,25,H,13.33761344,14.93783801,13.00232442,1,0.239144057035,2.19594836235,3.64510083199,0.794356226921
69,26,H,10.95487259,9.76176682,10.2520469,1,0.206228584051,-1.91433107853,-3.80985450745,-0.48988327384
69,27,O,14.31175383,11.4706286,10.85187861,-2,-0.358853489161,0.995838999748,0.268085300922,3.36775755882
69,28,O,10.79006979,13.40838737,8.02380218,-2,-0.369570404291,-1.78113615513,-1.42549729347,-2.50470948219
69,29,H,10.46650839,7.63869387,9.71210449,1,0.13217240572,-2.71646285057,-3.43016982079,-1.70567047596
69,30,H,15.27405307,11.62846583,14.71035067,1,0.239283069968,-1.15323543549,0.140804111958,-5.72074270248
69,31,H,13.13170307,12.84270079,14.10282043,1,0.211230427027,1.26394426823,0.61631321907,-0.193223387003
69,32,O,12.79490198,12.0831002,14.54634463,-2,-0.377073675394,-2.96863985062,-0.284549772739,0.572149634361
69,33,H,11.16858295,10.43186228,12.29661722,1,0.235134363174,1.2489631176,-0.876727640629,0.71094429493
69,34,O,10.50767869,8.70459008,10.45008192,-2,-0.355306297541,0.472872465849,4.99443054199,4.24605178833
69,35,H,11.44862533,14.86860026,9.61604839,1,0.217561006546,-0.699757874012,0.70191848278,-0.549237430096
69,36,H,13.30796444,13.57879941,12.79345038,1,0.233928591013,-0.993596851826,0.725125312805,-0.998693466187
69,37,H,12.94748111,11.96211047,10.06561931,1,0.215469717979,0.185742378235,0.459426492453,-0.282007306814
69,38,H,12.7911818,9.5615849,11.15332501,1,0.200211912394,0.624271571636,-1.12471437454,-0.12583103776
69,39,H,14.47897388,11.05023226,13.15165428,1,0.230323046446,1.98817193508,1.5635882616,3.24713230133
69,40,O,12.10138665,10.33760539,12.64720218,-2,-0.331866681576,-2.29490923882,2.84082269669,-0.489570349455
69,41,H,12.44572858,14.45036224,10.56315382,1,0.208162561059,-1.53572809696,2.52107071877,0.215401172638
69,42,H,10.25109269,8.67444446,11.45966857,1,0.253402471542,0.698749125004,-0.574535489082,-3.1421713829
69,43,H,10.93682085,14.20616561,8.46396984,1,0.244167149067,0.100622355938,2.08807182312,0.429382175207
69,44,H,11.50888749,13.74324618,14.58328672,1,0.234133079648,-1.96660804749,0.012476362288,-0.337127476931
69,45,H,10.20392683,12.53004572,14.08766644,1,0.18651035428,1.41233491898,2.7499024868,0.349308848381
70,0,O,11.06845769,12.03935615,12.36774247,-2,-0.411067634821,3.08206367493,0.462739795446,2.65360236168
70,1,H,10.65500626,8.07219691,8.02237101,1,0.209447711706,-2.23424768448,1.1201570034,-3.32385754585
70,2,H,9.85147959,9.55651975,14.17339894,1,0.263896584511,1.25032770634,0.541558265686,-0.0633051395416
70,3,H,11.00843695,9.55782305,9.87460553,1,0.187508657575,2.60573291779,-0.997210025787,-0.455700099468
70,4,H,11.49249953,12.64112489,13.07250006,1,0.204545557499,-1.65916752815,-0.736406803131,-0.651121497154
70,5,O,11.9941028,14.23647569,11.37222738,-2,-0.528230190277,9.47630882263,3.84134292603,-1.77991867065
70,6,H,11.58379608,10.38936246,13.53099479,1,0.301715224981,-3.06280016899,0.085320211947,-0.00311157107353
70,7,H,9.97333857,10.07049141,9.44395294,1,0.221514120698,2.18384408951,2.94206523895,2.72556638718
70,8,H,10.08901761,13.2712027,9.60978159,1,0.230593919754,-0.546656310558,-0.233099997044,0.499544262886
70,9,O,13.36506639,9.92351153,12.40006824,-2,-0.414341062307,-1.75565338135,-2.3231317997,-1.02540361881
70,10,H,13.46133305,12.33971658,9.99609109,1,0.228519827127,-0.636842370033,-0.814343333244,-0.314602851868
70,11,H,12.56183198,11.00630593,10.78732193,1,0.24499630928,3.21410489082,3.44159817696,-1.16253066063
70,12,O,10.53607183,9.87335864,13.51415471,-2,-0.1887332201,-0.435743242502,-1.28142213821,-1.90766382217
70,13,H,13.91723915,11.77366985,13.02701707,1,0.237251326442,1.99403750896,-1.49954974651,-1.6076593399
70,14,O,13.29678767,11.86975278,10.82446663,-2,-0.431296169758,-1.89639520645,-2.85742259026,-0.114855140448
70,15,H,10.46755748,12.17784901,10.66103566,1,0.214570701122,-2.96432471275,1.86080467701,-1.01117658615
70,16,H,11.24616913,7.31356989,11.01688051,1,0.221823811531,-2.1693520546,-7.7930970192,-0.463000953197
70,17,H,10.22519804,9.53133517,12.57076199,1,0.280393511057,1.45822513103,1.04986047745,1.64410746098
70,18,O,11.11583146,7.84064116,8.75500435,-2,-0.76158028841,1.49814212322,0.33807528019,4.66022109985
70,19,O,13.49439469,12.45608627,13.46847601,-2,-0.462073743343,-2.76682066917,0.97010153532,2.35966825485
70,20,H,11.06397681,8.40033361,10.13351239,1,0.196833968163,1.90485882759,-2.92894053459,0.275153756142
70,21,O,9.6762829,12.79474871,10.35976569,-2,-0.521127581596,2.42531919479,-0.894491195679,-0.249705791473
70,22,O,10.82195588,10.4239787,10.21040158,-2,-0.339723259211,-4.51716470718,-0.886882841587,-3.17430210114
70,23,H,12,12,12,1,0.178265303373,-1.01665937901,-0.302024960518,-0.563623070717
70,24,H,12.68832276,9.817804,13.04568737,1,0.212820410728,0.197093784809,0.294732600451,2.21819448471
70,25,H,13.94380678,13.27339296,13.56299905,1,0.256768226624,1.05538403988,0.661566972733,-0.229822069407
70,26,H,12.80830792,9.18817689,11.93674557,1,0.199688777328,1.79791808128,0.410751640797,-1.14046549797
70,27,O,11.562648,8.10281094,11.13383991,-2,-0.478287279606,1.07487976551,8.07599830627,0.577927529812
70,28,H,11.27101955,13.79043081,11.51967595,1,0.224360078573,-5.84459257126,-4.15225219727,0.903655171394
70,29,H,12.863536,13.64379184,11.23451756,1,0.220946550369,-3.71181964874,1.60360109806,0.724186778069
71,0,O,10.79671108,12.18459416,12.4691528,-2,-0.507540822029,6.4613161087,-0.737290680408,1.20196938515
71,1,H,8.0794206,10.61621784,12.81648525,1,0.268278926611,1.17187035084,0.345655202866,-1.5318171978
71,2,H,9.61293826,9.6353992,14.20562472,1,0.247248962522,2.19275665283,0.818765699863,-0.402186214924
71,3,H,10.78801206,9.79406121,9.85593157,1,0.201695024967,2.61424517632,-0.822043180466,-0.865275382996
71,4,H,11.35261571,12.67879971,13.20266196,1,0.185360133648,-1.84437251091,-0.747816801071,-1.56226980686
71,5,O,11.74585179,14.36005725,11.44817239,-2,-0.529463529587,-0.448681771755,0.178379178047,-0.234987184405
71,6,H,11.29609941,10.5616693,13.47184156,1,0.263453632593,-4.19678640366,0.0816142559052,1.13418698311
71,7,H,8.22486188,9.71237196,7.88281452,1,0.269161581993,0.922469496727,1.94779157639,2.37610578537
71,8,O,8.18932973,9.97962669,12.08657576,-2,-0.456290721893,-4.01197862625,-1.82713270187,3.36497092247
71,9,H,9.60953602,10.13000759,9.53926824,1,0.206833302975,0.562830865383,3.22521877289,0.808677136898
71,10,H,9.79354687,13.55283743,9.73601254,1,0.240999311209,-0.11148956418,0.762133538723,-0.741049170494
71,11,O,13.08620553,10.11657138,12.46344099,-2,-0.402231365442,-6.23870372772,-4.72048473358,0.405166149139
71,12,H,13.05871933,12.31958469,10.06739108,1,0.255914211273,0.260900229216,3.10694074631,-6.77588224411
71,13,H,12.50565191,11.26681331,10.80566481,1,0.234809234738,-1.23948895931,-2.89433145523,-0.546577990055
71,14,O,10.30463782,10.03143299,13.56877654,-2,-0.278794288635,-0.385105580091,-1.52729380131,-3.60941505432
71,15,H,13.68630687,11.85769583,13.04570875,1,0.23060682416,-0.111754208803,1.48547697067,0.811290323734
71,16,O,13.02403828,12.01987462,10.87664729,-2,-0.361941844225,1.63235533237,-0.750821113586,5.98234033585
71,17,H,8.8013069,9.91869462,11.43145235,1,0.254736721516,2.80102825165,1.65576541424,-2.80881524086
71,18,H,10.20124892,12.48340583,10.60229684,1,0.220185860991,3.16126441956,-2.53834056854,1.13531911373
71,19,H,10.94659356,7.38201417,11.07120228,1,0.23846937716,1.060510993,-0.217934221029,1.63897407055
71,20,H,9.85801741,9.71867387,12.33657261,1,0.351666986942,1.12098944187,1.65382766724,4.27020263672
71,21,O,13.23385627,12.58066726,13.56088624,-2,-0.433897793293,1.202709198,0.19578063488,-0.129361242056
71,22,O,8.50260798,10.35826568,8.66940851,-2,-0.315293550491,0.0331909433007,-2.53505134583,-2.2628159523
71,23,H,10.9741848,8.545187,10.34941097,1,0.24644228816,1.49338829517,-0.0014613866806,2.09290003777
71,24,H,7.80636234,10.27107114,9.31598534,1,0.278698116541,-0.960396170616,0.285044819117,0.358951807022
71,25,O,9.4728738,12.96632725,10.40738525,-2,-0.475250154734,-3.8549220562,2.23501467705,-1.06718826294
71,26,O,10.55069885,10.58047922,10.2947989,-2,-0.447881191969,-3.69587469101,-1.56154632568,-1.39226996899
71,27,H,12,12,12,1,0.250960111618,-4.70652627945,1.3338047266,1.43649280071
71,28,H,12.30022033,9.9662295,13.15465181,1,0.202177628875,3.98521208763,0.250184446573,-1.12205970287
71,29,H,13.727229,13.43933365,13.5047657,1,0.248504832387,-0.464931935072,-1.43567931652,-0.0331667661667
71,30,H,12.45634305,9.3017831,11.92834256,1,0.192222416401,3.46575188637,2.8063120842,1.03696894646
71,31,O,11.35029698,8.26865553,11.24770681,-2,-0.326857984066,-2.4814863205,-1.45124518871,-3.12657666206
71,32,H,10.84454195,13.8473088,11.55267008,1,0.216037690639,3.3482067585,0.880741477013,-0.0466075874865
71,33,H,12.61483482,13.85816734,11.45965601,1,0.230980247259,-2.73849916458,0.520020782948,0.203803166747
72,0,O,10.86089169,12.26901195,12.47920248,-2,-0.484543651342,4.17716026306,-2.777977705,-1.64760077
72,1,H,8.23267592,10.71676495,12.85571874,1,0.258406311274,0.65880048275,-0.0427322611213,-2.34027457237
72,2,H,9.76101812,9.66909212,14.12918202,1,0.27374380827,1.54087388515,0.783639073372,0.283544182777
72,3,H,11.00484911,9.91244165,9.6990946,1,0.204314261675,-0.170073732734,2.09739613533,1.81675314903
72,4,H,11.41512649,12.6135399,13.16725109,1,0.192428395152,0.0798589661717,1.32190489769,1.41266214848
72,5,O,11.80398151,14.42543501,11.42469156,-2,-0.544157624245,-6.55885648727,1.83996152878,-1.42072272301
72,6,H,11.09979291,10.66383468,13.3694604,1,0.256112158298,1.90703737736,3.43616294861,0.824198067188
72,7,H,8.31010345,9.66610504,7.96342288,1,0.273137867451,1.36620283127,2.41152358055,2.08625173569
72,8,O,8.24875239,10.10380252,12.05765706,-2,-0.414812684059,2.20824670792,-0.793977200985,-1.82178068161
72,9,H,9.60340359,10.28278049,9.60963546,1,0.183916315436,1.974198699,2.27650117874,0.664995968342
72,10,H,9.77337415,13.79639594,9.72133381,1,0.240355014801,-0.0644026845694,-0.646019399166,0.475283682346
72,11,O,13.10059004,10.23314444,12.43108157,-2,-0.360131829977,-4.17835378647,-4.62262582779,-1.43349742889
72,12,H,12.98241689,12.38053777,9.77076989,1,0.236413300037,0.507063031197,0.0473032593727,4.38877916336
72,13,H,12.6778513,11.28703658,10.67996378,1,0.223409295082,-0.608247816563,-2.55341553688,0.0599629729986
72,14,O,10.38373032,10.12474936,13.5179127,-2,-0.312737345695,-4.80683088303,-5.00134563446,-2.59614944458
72,15,H,13.74043757,11.94872508,13.01814958,1,0.227111056447,-0.21067674458,1.01292896271,0.766455054283
72,16,O,13.06763212,12.10811863,10.85238914,-2,-0.340266942978,0.660306572914,2.33840942383,-5.3765001297
72,17,H,8.87680707,10.23849803,11.19781246,1,0.239903390408,-2.14331293106,1.16593718529,3.40395855904
72,18,H,10.37138709,12.56953598,10.48999356,1,0.226620793343,0.170467451215,-0.117727085948,-0.369190663099
72,19,H,9.85426653,9.90207914,12.21290594,1,0.349644005299,-0.210155814886,0.95436501503,2.77371239662
72,20,O,13.28751874,12.64230532,13.55959671,-2,-0.42388010025,1.64355123043,0.586656153202,-0.739445090294
72,21,O,8.59358004,10.41376916,8.67380339,-2,-0.299228191376,1.01257705688,-2.9824180603,-3.61378121376
72,22,H,7.88394248,10.344829,9.25178412,1,0.278349936008,-2.78849220276,0.397071421146,1.89118933678
72,23,O,9.5735834,13.07904913,10.35713258,-2,-0.463676869869,-0.81994509697,1.05873084068,-0.821688354015
72,24,O,10.57657813,10.67183748,10.27735868,-2,-0.410121142864,-1.70322597027,-5.29372835159,-3.22889518738
72,25,H,12,12,12,1,0.242096275091,-4.35269975662,1.51469767094,0.814640939236
72,26,H,12.43133579,10.06106502,13.13060482,1,0.223951458931,1.69495224953,0.369970232248,0.670011520386
72,27,H,13.76998652,13.48687652,13.33520033,1,0.242667078972,-0.756357610226,-1.28330862522,0.577219605446
72,28,H,12.52647535,9.47302428,11.85996858,1,0.227608904243,3.04209327698,2.7520236969,1.22451972961
72,29,H,10.88386279,13.83010569,11.49130657,1,0.211457282305,4.13050985336,2.08116531372,0.308175235987
72,30,H,12.57421624,14.01718606,11.63935035,1,0.241909563541,2.59772872925,-2.33107471466,0.967214107513
73,0,O,11.21880244,12.27799004,12.42627091,-2,-0.384147077799,-1.81696975231,-1.39023244381,1.30393409729
73,1,H,10.23379432,9.65202468,14.01588334,1,0.282278418541,-0.877179205418,-0.475552469492,2.3855547905
73,2,H,11.4775736,10.0656146,9.55582483,1,0.218540638685,-1.9221881628,2.09195804596,2.18074059486
73,3,H,11.74709602,12.54311747,13.15737172,1,0.212803319097,0.471020966768,1.80861663818,2.11768198013
73,4,O,12.11820148,14.42745478,11.3380536,-2,-0.506169915199,3.33346939087,1.20275092125,0.86200261116
73,5,H,11.25244047,10.88363505,13.23688614,1,0.240298584104,0.866514325142,3.69376420975,0.372551470995
73,6,H,8.7622388,9.65911126,8.06159945,1,0.267275452614,0.124310597777,-1.17675292492,-1.23574995995
73,7,H,9.98089472,10.47498391,9.67570113,1,0.164057254791,1.39648544788,0.793910801411,0.394723385572
73,8,H,9.99780905,13.92961397,9.64578375,1,0.235221609473,0.620802283287,-1.89346337318,1.10241258144
73,9,O,13.38306387,10.26847522,12.33547771,-2,-0.400673598051,1.42313814163,0.546386182308,-0.856637895107
73,10,H,13.22117105,12.40064536,9.63750621,1,0.210582286119,1.01251924038,-0.192513167858,5.1433262825
73,11,H,13.04919695,11.08732251,10.50371348,1,0.222644820809,1.95455503464,4.88134860992,1.53191864491
73,12,O,10.72522349,10.1337473,13.40160303,-2,-0.239602804184,-2.57698249817,-3.8260602951,-5.82589483261
73,13,H,14.03572306,12.00658048,12.97537222,1,0.225353255868,1.25115776062,-2.41188883781,-1.43505203724
73,14,O,13.39221751,12.13453229,10.75624643,-2,-0.371931970119,-2.40570664406,-4.17019748688,-7.85371589661
73,15,H,10.83241825,12.51949538,10.30794658,1,0.232773855329,-3.12901091576,2.58431100845,-1.17013537884
73,16,H,10.12843968,10.03444965,12.16276852,1,0.395997941494,1.8840239048,0.712819099426,2.4623260498
73,17,O,13.62336636,12.63570629,13.50061862,-2,-0.416139304638,-0.880511820316,1.65172088146,1.56972742081
73,18,O,8.96278683,10.39383822,8.61241876,-2,-0.353024303913,-2.89737558365,0.479146808386,2.60690116882
73,19,H,8.13795894,10.35141228,9.23399168,1,0.275457680225,1.89573049545,0.645447134972,-1.61271286011
73,20,O,9.95042525,13.12369983,10.24737278,-2,-0.481931626797,1.80105388165,-0.545518696308,-0.656495630741
73,21,O,10.87289452,10.68068854,10.19014327,-2,-0.37708824873,1.06106579304,-3.85961747169,-1.83317410946
73,22,H,12,12,12,1,0.190834268928,1.7515771389,-0.595647096634,-2.6586356163
73,23,H,12.9403166,10.07944784,13.10963256,1,0.242403581738,-0.863095283508,-0.697047591209,3.24689388275
73,24,H,14.03032023,13.40783454,13.11851489,1,0.241905346513,0.217183321714,1.03134381771,0.451249390841
73,25,H,12.94803297,9.66770191,11.76895947,1,0.243111863732,-0.39395442605,-1.38212347031,-1.45045101643
73,26,H,11.41703735,13.80954948,11.38355924,1,0.200965389609,-1.07451283932,-0.552413225174,0.297716915607
73,27,H,12.90305748,14.01185971,11.82364383,1,0.228203386068,-2.22712159157,1.04550385475,-1.44100689888
74,0,O,11.41816859,12.37140629,12.58391174,-2,-0.27867847681,-2.67197561264,0.553498029709,6.77693748474
74,1,H,9.03744377,10.86845461,12.80655726,1,0.259975641966,-1.34997081757,0.679414927959,0.759387373924
74,2,H,10.51391628,9.69232283,14.19999567,1,0.261466026306,0.216108009219,0.64752304554,-0.387695401907
74,3,H,11.68689705,10.4002532,9.71671143,1,0.260211825371,-0.163872480392,-0.464383929968,-0.705561995506
74,4,H,11.94594202,12.64965218,13.44912473,1,0.244075208902,0.0785945951939,0.510649561882,-2.60609745979
74,5,O,12.29155279,14.52036173,11.45438943,-2,-0.494211643934,4.80605649948,1.00892567635,2.78671050072
74,6,H,11.3165075,11.33838816,13.33052075,1,0.187010034919,-1.31263720989,-0.866575598717,-0.523942172527
74,7,O,8.80038945,10.29745703,12.07211074,-2,-0.390668481588,1.83438158035,0.583198666573,-0.894427955151
74,8,H,10.25005034,10.77382701,9.91600933,1,0.249830156565,-5.99229574203,-0.0570657849312,-3.74880766869
74,9,H,10.0751719,14.04835808,9.79332273,1,0.252159178257,1.03587663174,-1.01543319225,0.168958246708
74,10,O,13.52461525,10.39024604,12.44054313,-2,-0.406642764807,0.689675152302,0.66017305851,5.17121124268
74,11,H,13.38317972,12.52087651,9.98632372,1,0.240634977818,-0.1730825454,2.24413561821,-2.61094069481
74,12,H,13.34159944,11.21717586,10.61690924,1,0.236231431365,1.51112127304,3.6292526722,1.26976001263
74,13,O,10.91061627,10.21568989,13.47344509,-2,-0.330925017595,-0.923078715801,-0.130053162575,-2.58878970146
74,14,H,14.20755351,12.0337841,13.0794011,1,0.224986061454,-0.260176092386,-0.347954928875,0.329822421074
74,15,O,13.56110746,12.23009658,10.83888493,-2,-0.404555797577,-0.792810380459,-5.29045200348,0.224034667015
74,16,H,9.10119122,10.87030328,11.33602517,1,0.261562108994,-1.0899926424,-0.114973142743,0.102579876781
74,17,H,10.95707156,12.65810943,10.27119516,1,0.239462286234,-0.303599745035,1.1539427042,-1.13897931576
74,18,H,10.25932034,10.21212028,12.4429031,1,0.275873780251,1.0281047821,-1.25451540947,3.19328689575
74,19,O,13.80906111,12.71616695,13.64825112,-2,-0.4128908813,0.673091292381,0.456299602985,-0.61519742012
74,20,O,10.18749267,13.24569315,10.33909953,-2,-0.475097298622,-1.40854716301,-0.156356990337,0.38129144907
74,21,O,11.02725764,10.76511995,10.29784836,-2,-0.377310365438,6.34704875946,-0.103572718799,3.8664252758
74,22,H,12,12,12,1,0.216197744012,3.48677444458,-1.26326835155,-2.59594202042
74,23,H,13.27470935,10.13345997,13.43448977,1,0.253940999508,0.554381847382,0.068459905684,-3.68103313446
74,24,H,14.13647664,13.46579007,13.11935165,1,0.238910257816,0.101430028677,0.210753142834,0.946253061295
74,25,H,13.14599097,9.84849613,11.79798334,1,0.249560937285,-1.13914394379,-2.22726345062,-0.702503681183
74,26,H,11.73312443,13.79567277,11.48837464,1,0.19932231307,-2.23608732224,-1.23212528229,-0.273817896843
74,27,H,12.99972402,14.13665654,12.15913858,1,0.219569772482,-2.54537343979,2.11776661873,-2.90292143822
75,0,O,11.3643261,12.56704286,12.92945854,-2,-0.258238762617,1.11636579037,-1.0713737011,1.84713351727
75,1,H,9.0502591,11.12170401,13.09496498,1,0.249676436186,-1.60399568081,-0.891046583652,0.00389669276774
75,2,H,10.5301192,9.84977353,14.52692264,1,0.262913137674,0.698009252548,1.50165498257,-2.52788543701
75,3,H,11.64173865,10.7993077,10.00299276,1,0.244054853916,1.65265369415,-0.728446006775,-2.77110862732
75,4,H,11.89940316,12.88914702,13.78863664,1,0.231602117419,0.636365175247,0.200240194798,-2.94104003906
75,5,O,12.23954711,14.71445807,11.74431245,-2,-0.516525030136,-1.73717355728,-3.23351144791,-0.0406626872718
75,6,H,11.06091261,11.8050898,13.57523595,1,0.184389904141,-0.187449008226,-0.711954891682,-1.52909016609
75,7,H,9.14340034,9.69004614,8.62698351,1,0.267108798027,0.0765555351973,2.96369600296,1.50902104378
75,8,O,8.77557875,10.5363852,12.33918482,-2,-0.416083693504,0.127112910151,0.945447921753,1.87196660042
75,9,H,10.04525513,11.13699027,10.13882372,1,0.191478803754,2.40493488312,-1.15071153641,-0.222742542624
75,10,H,9.94329326,14.220968,10.07988948,1,0.25859323144,0.576827406883,0.119339615107,-0.691540777683
75,11,O,13.43173375,10.61360575,12.7251438,-2,-0.366832584143,-0.821895599365,-2.96196532249,1.60278570652
75,12,H,13.30614954,12.89127545,10.34556948,1,0.261457145214,-0.459129869938,1.99683356285,-2.81216216087
75,13,H,13.43752351,11.58156891,10.9586365,1,0.24218942225,0.155022978783,-9.43430519104,-2.03459095955
75,14,O,10.85399425,10.39678589,13.70375435,-2,-0.349412888288,1.57733917236,-1.96497917175,5.76610136032
75,15,H,14.09755705,12.12572162,13.36345504,1,0.216412484646,-0.927969813347,1.69372463226,1.4193482399
75,16,O,13.48812889,12.40684757,11.09193697,-2,-0.412879884243,0.385592490435,7.61883497238,4.18992853165
75,17,H,8.76630855,11.28979195,11.77909295,1,0.255982041359,-0.443747580051,0.988061130047,-2.00994110107
75,18,H,10.81659507,12.90325964,10.33158611,1,0.245434686542,3.26745486259,-2.49049973488,-2.50223469734
75,19,H,10.21738721,10.39609118,13.03371051,1,0.20663498342,-1.59507036209,-1.50000476837,-2.39149141312
75,20,O,13.75678446,12.89414036,13.95941164,-2,-0.434137135744,1.40344619751,-0.0768961757421,-2.3125743866
75,21,O,9.13647039,10.63461599,9.08380757,-2,-0.387738108635,1.92652738094,-2.80166983604,-4.10636615753
75,22,H,8.38953469,10.6476375,9.58956155,1,0.279750585556,-3.74124002457,-0.160739809275,1.79282438755
75,23,O,10.18066897,13.46198692,10.6010383,-2,-0.460755258799,-4.61931180954,2.26517724991,2.67990493774
75,24,O,10.9606935,10.95030882,10.58596781,-2,-0.445441246033,-1.72760641575,1.48291218281,3.526699543
75,25,H,12,12,12,1,0.296377718449,-0.811812877655,1.54138314724,2.90039849281
75,26,H,13.39115631,10.26532005,13.78390705,1,0.247547596693,-0.358725309372,0.527952551842,-4.94460058212
75,27,H,14.00187169,13.64483251,13.3377704,1,0.236176148057,-0.0713484287262,-1.05826830864,1.43279409409
75,28,H,13.01636403,9.9944043,11.97267279,1,0.237397268414,1.23202204704,1.09100723267,3.58520770073
75,29,H,11.66793238,13.8058816,11.74057226,1,0.206343725324,1.44842839241,4.49336528778,-0.522721886635
75,30,H,12.72745762,14.47440956,12.53127144,1,0.226523548365,0.421817868948,0.806739449501,0.232740402222
76,0,O,11.3568588,12.70704754,13.13460515,-2,-0.329305201769,1.21520507336,1.58237838745,-2.38797903061
76,1,H,9.02205707,11.26896848,13.25361938,1,0.239541441202,-1.01534068584,-0.410830259323,-0.00879186019301
76,2,H,10.59415267,10.01331513,14.57586157,1,0.250874757767,0.472952723503,-0.453848153353,1.04200446606
76,3,H,11.68530551,11.07193827,10.04316965,1,0.214605093002,-2.11393022537,-0.22356416285,1.33787679672
76,4,H,11.92049755,13.07829147,13.83661903,1,0.214948564768,0.990959882736,-0.14340120554,-0.36900511384
76,5,O,12.22471219,14.84404969,11.88824839,-2,-0.503476023674,-1.06439745426,-2.0674366951,-1.15974771976
76,6,H,10.81643854,12.13012873,13.61833397,1,0.216771870852,-1.15531420708,-1.88105928898,0.899374365807
76,7,H,9.24144986,9.81228776,8.88233608,1,0.270734429359,-0.0135601554066,1.71934127808,0.884613037109
76,8,O,8.79457052,10.72533551,12.46744936,-2,-0.374363154173,-2.35742926598,5.15986204147,-1.58577871323
76,9,H,9.96114815,11.36820952,10.18747598,1,0.185688570142,3.37331962585,-1.9464880228,1.22041487694
76,10,H,9.87750842,14.35381161,10.15934423,1,0.235860273242,0.700052678585,-0.696434855461,0.23692420125
76,11,O,13.38225046,10.77543104,12.86985665,-2,-0.364891648293,-0.130844324827,-2.55019593239,-0.556718885899
76,12,H,13.26565467,13.31342702,10.36503345,1,0.252771258354,1.36599636078,-3.68078565598,3.64196252823
76,13,H,13.57661708,11.54386602,11.08712524,1,0.231497183442,0.355494946241,2.59994316101,-0.954406321049
76,14,O,10.84908919,10.51962515,13.80968346,-2,-0.38714581728,2.45308446884,-0.83536362648,3.09513354301
76,15,H,13.94440784,12.23012975,13.56932084,1,0.210077792406,-0.0793377831578,0.645870685577,0.224687770009
76,16,O,13.45870856,12.54498677,11.21521014,-2,-0.369937121868,-1.85973918438,1.26225137711,-2.78179645538
76,17,H,8.46064284,11.65109254,11.97311484,1,0.241747736931,1.0436040163,-3.65241789818,1.20031654835
76,18,H,10.82003257,12.99110523,10.16400016,1,0.209818989038,-2.57682037354,2.60699176788,1.76494848728
76,19,H,12.02917648,12.98383285,9.18215423,1,0.253798574209,0.561752736568,-0.576235294342,0.6524310112
76,20,H,10.08387395,10.42108356,13.33247783,1,0.189210265875,-1.97918593884,-1.18317508698,-3.01830744743
76,21,O,13.75249334,13.01517109,14.11742263,-2,-0.460237294436,0.182976335287,0.0776697546244,0.144606292248
76,22,H,10.68422459,12.37044374,8.47643109,1,0.254808306694,0.364047408104,-0.218784600496,0.264187783003
76,23,O,9.14592795,10.7467691,9.24908854,-2,-0.32664257288,-1.36044669151,-1.15348982811,-1.47453451157
76,24,H,8.33586153,10.75769849,9.77008349,1,0.278515160084,-0.452426552773,-0.32577753067,-0.310951530933
76,25,O,10.20521842,13.62448194,10.72721434,-2,-0.434388458729,0.39610683918,-1.46003055573,-1.39242398739
76,26,O,10.93468845,11.08756781,10.74015491,-2,-0.443834662437,1.43514025211,1.23144638538,-1.47161233425
76,27,H,12,12,12,1,0.319707751274,-0.219515368342,1.198823452,1.49680829048
76,28,H,13.52798296,10.35213991,13.76237101,1,0.24813093245,-0.636486768723,-0.00251622311771,-1.69050312042
76,29,H,13.90578927,13.72506378,13.487549,1,0.243386253715,0.448692709208,0.208787828684,-0.00380872562528
76,30,H,12.97535698,10.11516679,12.2042807,1,0.246879816055,0.835517406464,0.921576201916,2.38263607025
76,31,H,11.69184723,13.95931784,11.81632582,1,0.212554171681,0.902554273605,3.21111917496,0.0834214016795
76,32,O,11.43641667,12.97214391,8.45542337,-2,-0.463586449623,-0.402310520411,0.539055407047,-2.28835439682
76,33,H,12.51143048,14.80839963,12.78667768,1,0.235879227519,0.31962826848,0.496718883514,0.882372915745
77,0,O,11.3489913,12.82595634,13.26436292,-2,-0.417186617851,-3.02849817276,-1.60085332394,-4.09717750549
77,1,H,8.94049616,11.3570955,13.35116951,1,0.236484184861,-0.451003283262,0.658776044846,1.08240044117
77,2,H,13.05172991,7.98906848,12.95466736,1,0.25175100565,3.49583125114,-1.81781446934,-0.537073373795
77,3,H,10.65085185,10.10857689,14.6029023,1,0.224270001054,0.208889186382,-1.50252664089,2.8706946373
77,4,H,11.60480154,11.2784553,10.11751777,1,0.209865242243,-0.594058394432,-0.451095730066,0.820420324802
77,5,H,11.99387981,13.22251588,13.80226896,1,0.205582723022,1.25867962837,0.152470335364,2.21622180939
77,6,O,12.20436657,14.9431339,11.96136391,-2,-0.48340395093,4.20099401474,5.79485177994,4.24057817459
77,7,H,10.54208957,12.33251782,13.62258827,1,0.24932205677,2.76788568497,1.08956646919,0.123347960413
77,8,H,9.33110694,9.98312733,9.11233614,1,0.272278487682,0.927689671516,-4.10569047928,-1.0036687851
77,9,O,8.80633842,10.90272418,12.52476065,-2,-0.305928647518,-4.54075622559,4.43725585938,-2.82011771202
77,10,H,10.05859105,11.4493062,10.23927458,1,0.164864182472,1.6945861578,-1.1828763485,1.72361564636
77,11,H,9.8451928,14.44745061,10.16422448,1,0.223716199398,0.712665677071,-0.821722149849,1.4257119894
77,12,O,13.33477137,10.90780782,12.94465752,-2,-0.38804090023,1.11005151272,3.29871249199,-1.47805356979
77,13,H,13.30914774,13.54149968,10.45155142,1,0.243199408054,1.10622704029,-4.08339309692,3.37840819359
77,14,H,13.70062413,11.55232389,11.11282815,1,0.241742894053,-0.551208138466,5.19215536118,-0.182035297155
77,15,O,10.85180954,10.61383198,13.86107001,-2,-0.439610004425,-4.75087451935,-1.184715271,-2.61617231369
77,16,H,13.74990493,12.30989097,13.70200855,1,0.204105004668,0.027013335377,-0.64406144619,-0.716974556446
77,17,O,13.68356503,7.38793027,12.36208496,-2,-0.445595830679,-0.834499537945,0.131131500006,2.76630377769
77,18,O,13.4228434,12.66310471,11.26329259,-2,-0.34858250618,-1.2276301384,-1.23670148849,-3.08702230453
77,19,H,8.20895724,11.78536312,12.12508953,1,0.24700063467,2.39769101143,-3.82011842728,1.17782652378
77,20,H,10.68819895,13.16292869,10.04685989,1,0.18693959713,-1.64439415932,2.24016523361,2.88241076469
77,21,H,12.02997199,12.98390124,9.35539453,1,0.239915132523,-0.820902407169,-0.201759159565,-1.45386278629
77,22,H,12.18941194,7.91425456,12.08668091,1,0.230346292257,-1.520627141,3.7433347702,-0.6749599576
77,23,H,9.83501284,10.35297935,13.36985867,1,0.183369144797,5.60676383972,0.227357715368,1.18346405029
77,24,O,13.74909374,13.1080656,14.20733652,-2,-0.482856631279,-0.0991052463651,0.850741147995,1.87013614178
77,25,H,10.53089847,12.54709452,8.63654187,1,0.241749092937,3.42337965965,1.52217376232,-0.690491199493
77,26,O,9.15034607,10.83309065,9.34030934,-2,-0.352475613356,-5.49821567535,4.15276575089,1.8001742363
77,27,H,12.25295067,9.02968491,11.01020993,1,0.231846392155,-1.10151839256,0.322469592094,4.00178527832
77,28,H,8.25585711,10.80173563,9.9028352,1,0.279058426619,2.82257843018,-0.0806972831488,-2.08187103271
77,29,O,10.23085564,13.75147051,10.78105503,-2,-0.419242978096,-0.559596717358,-0.436291337013,-3.42815113068
77,30,O,10.91006702,11.20452892,10.8207584,-2,-0.401559114456,1.77209413052,1.1892157793,-0.841407060623
77,31,H,12,12,12,1,0.328378915787,-0.302019149065,1.47565722466,1.17567300797
77,32,H,13.62739917,10.3891314,13.62060587,1,0.241285949945,1.67238867283,-1.78591489792,3.70170974731
77,33,H,13.83165417,13.79354954,13.56720823,1,0.245511606336,0.629132211208,0.846895098686,-0.918829441071
77,34,H,12.94560518,10.21389313,12.48464235,1,0.180534005165,-2.06191706657,-2.14536499977,-1.87130391598
77,35,O,12.00668888,9.02721781,12.08487819,-2,-0.363032400608,0.0780697390437,-4.48512268066,-5.50743484497
77,36,H,11.73404972,14.20176641,11.81646681,1,0.216538578272,-3.07428431511,-3.69196724892,0.0637245625257
77,37,O,11.45598228,13.08629403,8.54408621,-2,-0.423025995493,-1.94572234154,-1.8717726469,0.487443268299
77,38,H,14.05869919,6.69461905,12.96021604,1,0.259057879448,-0.452589929104,0.672731876373,-0.72632420063
77,39,H,12.32833768,15.12504869,13.01537957,1,0.231828168035,-0.853189885616,-0.847967684269,-4.259121418
78,0,O,11.3233973,12.89831938,13.34671749,-2,-0.416465342045,-1.15394794941,-0.619429469109,-2.78967261314
78,1,H,13.07663208,7.90110693,13.01533996,1,0.256859302521,1.79619538784,-1.0540715456,0.892188489437
78,2,H,10.69302762,10.08558056,14.71624202,1,0.220296695828,0.781495153904,1.57160425186,-1.64636111259
78,3,H,11.49322155,11.39522439,10.224973,1,0.239501670003,4.32479143143,0.00660425797105,-3.0692076683
78,4,H,12.10785387,13.30047633,13.83734592,1,0.191186308861,-1.57532739639,-0.934453427792,0.902949213982
78,5,O,12.18628149,15.0143395,12.01255694,-2,-0.478618443012,0.875057160854,1.46990799904,2.62682723999
78,6,H,10.40427014,12.52471649,13.60380189,1,0.248881146312,3.11979436874,1.33317744732,0.617957949638
78,7,H,10.19510733,11.40568993,10.3305452,1,0.241851314902,-5.79706764221,0.645884871483,-2.31693315506
78,8,H,9.84292681,14.48981909,10.19497978,1,0.237282782793,-0.22838626802,1.24615061283,1.53286242485
78,9,O,13.28526808,11.00227875,12.98062529,-2,-0.344257444143,2.0144906044,-4.17329788208,1.1715824604
78,10,H,13.41863041,13.52432426,10.62702748,1,0.246989190578,0.717678666115,-2.07691502571,1.16691541672
78,11,H,13.75393433,11.80970483,11.10881298,1,0.251678705215,0.281604290009,2.2431883812,-0.500991821289
78,12,O,10.83089876,10.65792774,13.87186005,-2,-0.351197719574,-6.1105465889,-4.48358249664,0.841011285782
78,13,H,13.53536903,12.29741305,13.75548915,1,0.190897122025,0.675592720509,1.88571250439,0.964363753796
78,14,O,13.69175366,7.46377902,12.39935801,-2,-0.440073162317,1.66940784454,-2.71432256699,2.33635926247
78,15,O,13.37578615,12.7296354,11.26824451,-2,-0.373227447271,-1.73771095276,-0.561620414257,-0.814930558205
78,16,H,10.4526771,13.38521369,10.06327101,1,0.195629611611,2.15146708488,-3.71158480644,-3.79166889191
78,17,H,11.99537199,12.92956111,9.42955298,1,0.24606333673,-1.01854801178,0.54927533865,-1.80201816559
78,18,H,12.19948971,8.25521633,12.14719758,1,0.217934459448,0.66830688715,-7.60580730438,0.510397553444
78,19,H,9.85957409,10.2642971,13.41898863,1,0.221291974187,4.29981994629,1.80065655708,1.52508246899
78,20,O,13.73887956,13.15665117,14.26758491,-2,-0.468433767557,-0.707676827908,0.0962641388178,-1.40696334839
78,21,H,10.52205743,12.74052945,8.71314478,1,0.2456240803,2.57662034035,0.707400679588,-1.00403439999
78,22,H,12.22690323,9.09476547,11.15041073,1,0.256809413433,-0.861690342426,1.16868460178,2.11782193184
78,23,O,10.2488198,13.82768124,10.79059257,-2,-0.385489046574,-3.14920926094,3.48818254471,3.03095149994
78,24,O,10.88373288,11.28155266,10.86626056,-2,-0.35598808527,2.27162313461,-1.25592780113,5.84235191345
78,25,H,12,12,12,1,0.310347408056,-0.155962824821,1.45656180382,1.44000959396
78,26,H,13.76267112,10.31714268,13.60141009,1,0.231351152062,-0.350939035416,2.60777664185,-0.911669075489
78,27,H,13.78216837,13.85732736,13.56660204,1,0.240711838007,0.511258482933,-0.88785225153,0.655362844467
78,28,H,12.80776562,10.17470767,12.6440549,1,0.149440422654,-0.762451052666,1.08039009571,-0.252710491419
78,29,O,12.00503273,9.09528602,12.16808718,-2,-0.310561150312,-2.21728157997,6.18227910995,-4.82077884674
78,30,H,11.6283052,14.23195803,11.77681403,1,0.214077487588,-0.0381004400551,1.4327801466,1.45386064053
78,31,O,11.45831186,13.15024343,8.60242388,-2,-0.422056943178,-0.991865575314,-1.63282263279,1.13624274731
78,32,H,14.14619684,6.69468132,12.95197751,1,0.259815335274,-1.46362113953,2.35353136063,-1.81989359856
78,33,H,12.12688146,15.34162145,13.02228916,1,0.231847807765,-0.414871662855,-1.6143270731,-3.81726384163
79,0,O,11.30123999,12.9321829,13.39246848,-2,-0.440637856722,4.8038482666,1.1745146513,-3.38781523705
79,1,H,13.19436012,7.73327818,13.10948933,1,0.270430266857,-1.66041219234,1.29632234573,3.45992970467
79,2,H,11.54335209,8.41905612,10.33132808,1,0.246143743396,-3.09613347054,1.50439834595,-2.25505375862
79,3,H,10.76893623,10.09344023,14.72028631,1,0.232453614473,0.700120806694,1.72953307629,-1.31240570545
79,4,H,11.57247696,11.44294331,10.20772126,1,0.212308585644,-0.739257574081,-0.761307656765,1.05218839645
79,5,H,12.13633939,13.27148207,13.89220167,1,0.191595584154,-2.28953552246,-0.486661046743,0.57273119688
79,6,O,12.17804611,15.053336,12.04365993,-2,-0.527458250523,-0.254155397415,-3.42865252495,-3.81986761093
79,7,H,10.44005737,12.72820579,13.58353911,1,0.256063848734,-2.50237393379,-0.476028233767,2.03808784485
79,8,H,9.51796084,9.93131657,9.40983432,1,0.264926075935,-0.657018005848,2.86018228531,-0.67718732357
79,9,H,10.07368727,11.32483081,10.30714563,1,0.129196897149,-0.0572716258466,0.152134895325,0.709734857082
79,10,H,9.84263121,14.5834997,10.27204333,1,0.232278525829,0.0853892564774,1.2359392643,1.44823563099
79,11,O,13.25066357,11.04455977,12.9921784,-2,-0.38347530365,1.70287907124,-5.74702787399,1.0215549469
79,12,H,13.59042648,13.41278083,10.76286135,1,0.253420054913,2.0823225975,6.68445014954,-4.06757497787
79,13,H,13.83570868,12.09050825,11.04522716,1,0.255490243435,4.72323703766,-6.14859008789,-1.24745070934
79,14,O,10.79894957,10.6468173,13.86123883,-2,-0.408740103245,3.31158781052,0.360620617867,5.90422391891
79,15,H,13.35405829,12.28784451,13.80737834,1,0.192903101444,1.79009211063,2.19128298759,1.34750258923
79,16,O,13.71422165,7.49145431,12.41082755,-2,-0.424485474825,1.43867349625,-0.337475925684,-2.66467380524
79,17,O,13.32782218,12.75411585,11.24825387,-2,-0.383532106876,-7.46779298782,-0.772636175156,5.07181835175
79,18,H,10.3052011,13.39422776,9.93457122,1,0.205653429031,0.544906497002,-0.514020264149,1.67670547962
79,19,H,11.93473997,12.86185939,9.39920443,1,0.251318454742,0.466428548098,0.161702886224,0.551545500755
79,20,H,12.25223011,8.21366951,12.20714726,1,0.229055941105,-0.272093057632,-0.696619749069,0.679624736309
79,21,H,10.14607656,10.19938932,13.49750661,1,0.244956105947,-5.08124876022,-2.96691823006,-3.75418066978
79,22,O,11.44423216,9.147066,9.56503963,-2,-0.37879550457,-2.76777362823,-3.10349202156,3.23908209801
79,23,O,13.73510667,13.16532244,14.29582024,-2,-0.486851423979,-1.6020219326,-1.0148640871,-1.79359054565
79,24,H,10.61042149,12.89775193,8.6978919,1,0.252311170101,-3.78345608711,-1.91791450977,-0.817447662354
79,25,O,9.11609178,10.90674728,9.42772207,-2,-0.344483286142,2.89837408066,-3.19714975357,-2.84418320656
79,26,H,12.18472912,9.23672504,11.37292753,1,0.234218135476,1.22675514221,2.7242333889,-6.88669681549
79,27,H,8.39525063,10.69898053,9.92948038,1,0.268478393555,-3.90850663185,-0.170093119144,2.14697170258
79,28,O,10.26694687,13.8692638,10.78089647,-2,-0.371133446693,-2.11494922638,0.341600000858,-1.73883092403
79,29,O,10.87849368,11.31913534,10.90485122,-2,-0.39078065753,3.78904414177,1.18368637562,0.856515228748
79,30,H,12,12,12,1,0.321015179157,-0.676539421082,0.695018351078,0.512147188187
79,31,H,13.86854631,10.33742789,13.5244604,1,0.225804626942,-1.39920556545,3.20704078674,-1.536693573
79,32,H,13.76508661,13.83154684,13.56730185,1,0.237272590399,0.430108159781,-0.551136255264,0.60022777319
79,33,H,12.6379865,10.15581465,12.74465827,1,0.150685936213,0.73342102766,2.70613384247,0.740489006042
79,34,O,12.00292859,9.13816021,12.21093183,-2,-0.318158477545,-2.77301192284,-2.28889775276,5.37303733826
79,35,H,11.49960242,14.23496303,11.75927257,1,0.21790984273,2.11691451073,3.68060588837,1.53620624542
79,36,O,11.46202342,13.17104332,8.63952843,-2,-0.461939066648,4.06315135956,1.36076581478,-1.81633412838
79,37,H,12.32052582,8.95680129,9.58136249,1,0.237775608897,5.71640443802,0.490250498056,-2.59707093239
79,38,H,14.16559123,6.80572031,12.84354434,1,0.264026105404,1.70093214512,-2.11513972282,0.200987234712
79,39,H,11.93191475,15.4195522,12.84241211,1,0.242778986692,-1.22182869911,0.954209208488,2.47751307487
80,0,H,13.17849424,11.40020799,10.92006772,1,0.244370758533,-2.34131908417,0.451774030924,1.68899345398
80,1,O,10.48956519,10.80059329,14.14307913,-2,-0.392031252384,-2.21739435196,1.12281632423,-0.780728757381
80,2,H,12.8293237,10.5228173,13.30412338,1,0.250842273235,-1.27721238136,4.15740823746,-5.33158254623
80,3,H,13.28845567,13.42564665,13.68573438,1,0.221147030592,-0.652185380459,2.38587069511,-1.49407494068
80,4,O,13.34131268,12.69850919,14.23288544,-2,-0.540938735008,-1.90526628494,-5.33867311478,3.82554531097
80,5,H,11.08819163,8.82972119,8.8917249,1,0.277429938316,0.327127695084,0.630678117275,-3.08522605896
80,6,O,10.58301429,11.08987641,9.84233723,-2,-0.506591379642,0.058356538415,-1.9539963007,0.187141492963
80,7,H,11.0140979,9.4741591,7.2123049,1,0.276099264622,0.653036355972,-0.749760329723,3.28985190392
80,8,O,12.35204884,11.27501229,11.50234691,-2,-0.425662070513,3.20760083199,-2.8318669796,0.0988349318504
80,9,H,10.30090628,12.5968871,13.42446544,1,0.229694366455,1.02263617516,1.17912960052,-0.758976042271
80,10,H,12.32423958,12.30642689,14.75718844,1,0.256363213062,3.62017631531,3.27379512787,-1.41070187092
80,11,H,14.40246509,12.28620617,12.7307757,1,0.237386882305,-1.09699189663,-0.361654132605,0.202398821712
80,12,H,9.63673524,11.08229154,14.52109659,1,0.239127472043,0.166597485542,-0.642277240753,-0.296468168497
80,13,H,11.13215298,12.94974999,16.3124723,1,0.23092263937,0.817236363888,1.44149160385,0.164204150438
80,14,H,12.85081311,9.85997112,15.16570612,1,0.329236805439,-2.10467290878,0.131274998188,-1.9980711937
80,15,O,10.29805145,13.09679159,11.50606981,-2,-0.473421990871,-2.69032096863,-1.376937747,6.30253648758
80,16,H,12,12,12,1,0.231479659677,0.268799453974,1.48275196552,-0.329757094383
80,17,H,15.29250093,13.13757601,13.55394952,1,0.240827023983,0.123313911259,-0.0871848240495,0.15279366076
80,18,O,11.44572409,9.45546092,8.159613,-2,-0.399663925171,-0.660496115685,-1.32875037193,-0.768174886703
80,19,O,12.75308788,9.97790583,14.02071979,-2,-0.123903512955,2.75497627258,-4.58548879623,8.24410438538
80,20,O,11.83835055,12.30336177,16.16918097,-2,-0.358817666769,-5.6017780304,-4.52441215515,-0.745417058468
80,21,H,13.02740599,14.53800301,11.00064954,1,0.231116726995,-1.92188966274,3.85353684425,1.03279459476
80,22,H,10.91407065,11.6112457,15.88240768,1,0.253680318594,4.81202220917,2.57599377632,1.15573966503
80,23,H,13.54743237,13.61316407,10.69088471,1,0.233172953129,3.02390313148,-3.66106510162,-2.70744299889
80,24,H,11.62392751,13.58312331,13.07076372,1,0.226437449455,-2.63579249382,-1.59272444248,2.24802231789
80,25,O,13.1061917,13.73720108,11.48164447,-2,-0.37202128768,-1.09185385704,0.874971389771,1.51226520538
80,26,H,10.43222827,13.96015484,11.71556059,1,0.259873241186,0.478417694569,3.63083696365,-0.386572659016
80,27,H,10.9547561,10.36636546,9.20248045,1,0.156019806862,-0.79022538662,2.54343175888,0.594304680824
80,28,H,13.60226245,10.36526513,14.36364067,1,0.259893596172,1.6986951828,0.536229133606,-1.27330434322
80,29,O,15.26440989,12.65014839,12.72880428,-2,-0.52022922039,2.26922011375,0.154104188085,-0.771244049072
80,30,O,11.00970811,13.14745357,13.80617227,-2,-0.470096975565,0.744098067284,2.15307617188,-1.28134536743
80,31,H,10.89349322,10.18750063,14.69816195,1,0.239400193095,0.268457084894,-1.99771487713,1.21303117275
80,32,H,10.90713897,10.74320221,10.71296986,1,0.221747159958,-0.524350464344,0.662681877613,-1.2902970314
80,33,H,10.44072093,12.73084494,10.73647058,1,0.237109273672,1.19707739353,-2.20934295654,-7.20317840576
81,0,O,15.39352374,10.24092552,14.99559896,-2,-0.450902938843,-2.13308668137,-1.5475590229,-1.67452073097
81,1,H,13.12869221,11.55814394,10.81932931,1,0.237228274345,1.82802987099,1.535135746,-1.38203978539
81,2,O,10.5843506,10.77215733,13.94970955,-2,-0.359894990921,-1.6452242136,-0.817348301411,1.5328296423
81,3,H,13.08442691,10.62220298,13.03220975,1,0.253058075905,-2.52690911293,-0.329938739538,-0.140253573656
81,4,H,13.26600838,13.48248793,13.64867898,1,0.221132785082,-0.301927566528,1.19511985779,-0.494127839804
81,5,O,13.42077123,12.66082035,14.06080709,-2,-0.541306912899,-1.42841339111,-4.47212505341,2.1204020977
81,6,O,10.66142082,11.05592956,9.65896953,-2,-0.460805118084,-2.32358169556,3.54898738861,1.39018332958
81,7,O,12.46081765,11.18595985,11.32320838,-2,-0.442800402641,-2.72409534454,0.561289429665,6.72196865082
81,8,H,10.33102044,12.46645307,13.32158426,1,0.233223736286,3.14569854736,3.20145654678,-0.486694782972
81,9,H,12.39142465,12.21843347,14.58283793,1,0.263392150402,3.77135682106,3.62316060066,-1.15018713474
81,10,H,14.59144413,12.18035203,12.73170545,1,0.229322463274,-3.98452234268,-1.63852775097,0.775414705276
81,11,H,9.72331772,10.94850005,14.38035151,1,0.23551158607,-0.0301674455404,-0.138483807445,-0.660601735115
81,12,H,11.30765656,12.96717457,16.29677,1,0.236182302237,1.6585123539,-0.82503670454,-0.915594100952
81,13,H,15.60911965,11.06566977,14.52515157,1,0.266822099686,0.214776262641,-0.364839106798,-0.248724073172
81,14,H,14.99891274,9.54350996,14.35196742,1,0.256046593189,2.38103723526,1.48350763321,1.47081768513
81,15,H,12.77201109,9.89143683,14.94312482,1,0.255250602961,-0.348475396633,0.476760208607,-2.44798135757
81,16,O,10.39242612,13.00591065,11.32994432,-2,-0.454551577568,0.184603452682,-0.967593610287,-3.74005818367
81,17,H,12,12,12,1,0.25189140439,1.92444908619,-2.82401823997,-3.40807986259
81,18,H,15.4677789,13.12170341,13.35985976,1,0.235391393304,0.0920182317495,-0.691587626934,-1.58249270916
81,19,O,12.83462624,9.87926752,13.87088856,-2,-0.175076961517,4.46213054657,1.60647237301,1.56065034866
81,20,O,11.94798839,12.27089426,15.92762603,-2,-0.338285505772,-5.51277208328,-3.02654242516,0.558081150055
81,21,H,13.08602949,14.64054424,10.81311093,1,0.217166483402,-0.470692157745,-2.41985964775,2.82520985603
81,22,H,11.13469304,11.55664541,15.63026282,1,0.243134483695,3.41819572449,3.04295611382,1.3209592104
81,23,H,13.77179751,13.54871881,10.38927221,1,0.210244044662,-1.25304937363,-0.907704412937,3.58803772926
81,24,H,11.70096842,13.67724685,12.88957137,1,0.222682744265,-3.05317497253,-2.37646651268,2.0557923317
81,25,O,13.21258995,13.68547571,11.31567508,-2,-0.321517497301,1.79049670696,4.38029193878,-6.66262102127
81,26,H,10.51044449,13.96785805,11.42591341,1,0.237627267838,-0.24228079617,-0.707394599915,-0.751718640327
81,27,H,10.93618356,10.3331132,9.22256728,1,0.254983395338,1.35827755928,-3.79173398018,-3.10895657539
81,28,H,13.81362222,10.3836646,14.05914545,1,0.247491151094,-1.00935161114,-1.18285429478,0.761085391045
81,29,O,15.36401485,12.58217792,12.52162114,-2,-0.492957502604,4.86248207092,2.29366588593,0.531746149063
81,30,O,11.14300685,13.08552183,13.59694019,-2,-0.464705139399,-1.13037645817,1.03051662445,-1.70160377026
81,31,H,10.9107532,10.05810672,14.50320842,1,0.235479980707,-0.255682170391,-0.622363388538,-0.565602242947
81,32,H,10.95840247,10.86223712,10.53965145,1,0.23628129065,0.221895962954,-0.100365772843,0.697730600834
81,33,H,10.59536166,12.62741337,10.31563254,1,0.223260313272,-0.940180182457,1.77302193642,3.21094846725
82,0,H,12.30230642,13.18353771,8.80682004,1,0.233714550734,-0.929295003414,-0.222734346986,0.0752758309245
82,1,H,13.02448929,11.94235979,10.87088404,1,0.21587741375,-0.937586307526,-1.21264791489,0.821053147316
82,2,O,10.56182489,10.91481419,13.95876464,-2,-0.430845141411,0.617559790611,-3.05258727074,3.61281824112
82,3,H,13.0852527,10.8783975,12.91785385,1,0.301566243172,-1.80941832066,0.0981962829828,-0.957548975945
82,4,O,14.57164774,15.30856541,10.29059147,-2,-0.321578145027,0.525960147381,0.226432159543,0.798186004162
82,5,O,8.72796904,11.56558884,12.71652099,-2,-0.454945236444,-2.24489474297,1.56872928143,-1.88737547398
82,6,O,11.33348029,13.30725402,8.88073224,-2,-0.473876655102,-0.463053196669,-0.536488234997,-0.815872430801
82,7,H,14.98385543,13.40799235,8.61788031,1,0.2523175776,-1.14672017097,0.159425616264,1.96925318241
82,8,H,13.11197757,13.76017609,13.77558002,1,0.236385270953,1.5593688488,-3.86560535431,1.01192784309
82,9,O,13.38091323,12.77499412,14.09237407,-2,-0.442149311304,0.602561354637,2.46393179893,-1.44190371037
82,10,O,10.6174723,11.19358405,9.67822563,-2,-0.373613864183,-1.30240666866,-2.88029146194,-0.603617787361
82,11,H,10.83940054,12.38156875,8.86884826,1,0.190449595451,1.93608498573,1.94908094406,-0.654684960842
82,12,O,12.44653231,11.26858276,11.36094073,-2,-0.39184653759,1.09660768509,2.60447239876,3.22391653061
82,13,H,10.85653158,7.88640985,15.3911888,1,0.26113730669,0.150498092175,1.58816993237,-1.68101811409
82,14,H,10.41528768,12.62660818,13.36707834,1,0.222779661417,-0.164256840944,0.667838037014,-1.00056254864
82,15,H,12.55496348,12.47428887,14.54929283,1,0.193858087063,0.760039806366,1.06980514526,-0.189600422978
82,16,H,9.6201125,14.67738577,10.3595229,1,0.240469321609,-0.0320431366563,-0.646299004555,-1.25645554066
82,17,O,9.23310612,15.52032474,10.14104311,-2,-0.507951378822,-0.319076240063,0.360154569149,1.51155078411
82,18,H,14.43577212,12.15303555,12.94279418,1,0.211344301701,3.98046970367,3.13098931313,-1.83912861347
82,19,O,16.86196373,14.54642946,10.25683043,-2,-0.508383452892,0.585527896881,1.22063803673,-0.829925000668
82,20,H,14.47954084,12.16662204,8.73911983,1,0.248664170504,-0.142780333757,-4.77756309509,-1.41469490528
82,21,H,9.71863986,10.95064803,14.42532234,1,0.214982271194,-0.845509886742,0.855040132999,-0.946971893311
82,22,H,11.42060674,13.12622102,16.40357671,1,0.255527436733,1.19660449028,-2.09234070778,-1.60688948631
82,23,H,12.57190558,10.11412418,14.9105249,1,0.253261566162,0.361563026905,0.158188566566,-2.15821576118
82,24,O,10.37027533,13.07807646,11.33701221,-2,-0.443488538265,0.320293545723,1.30216240883,-4.53401708603
82,25,H,7.83119041,11.99639327,12.78201723,1,0.236665159464,1.15363669395,-0.736055135727,-0.0803490206599
82,26,O,14.33199199,12.90872066,9.22448062,-2,-0.313391268253,1.85437357426,4.01986551285,-1.6201788187
82,27,H,12,12,12,1,0.230455800891,0.708077311516,-1.61344432831,-1.74130249023
82,28,O,16.02385922,15.3097722,12.9949404,-2,-0.512337982655,0.121635571122,0.470357984304,1.65563809872
82,29,H,9.03367113,11.90432217,11.81425633,1,0.232409656048,-0.358818233013,-0.455192744732,1.74570214748
82,30,H,11.82808115,8.53199085,14.24412859,1,0.251845955849,-1.63757371902,-0.770915925503,0.573011040688
82,31,H,15.50749325,13.20756687,13.30350016,1,0.203090816736,-0.384488046169,-0.198120832443,0.273861020803
82,32,H,14.97454473,15.84394055,11.00858691,1,0.266043663025,-1.2283359766,0.744010686874,-1.94704973698
82,33,O,12.81772696,9.95687968,13.9171582,-2,-0.247147530317,5.8653717041,3.38873410225,1.35514676571
82,34,H,17.68444299,15.14478076,10.18054007,1,0.233795136213,-2.5478720665,-1.11583578587,-0.112279370427
82,35,O,11.92578413,12.39826311,15.88438137,-2,-0.405226677656,3.64211988449,6.8324007988,5.82252120972
82,36,H,13.00119685,14.7727839,10.95495021,1,0.216357260942,0.11084702611,-3.31186556816,1.73857569695
82,37,H,8.86229608,15.67006754,11.03557739,1,0.252258628607,-0.269030183554,0.696735501289,-0.777802824974
82,38,H,11.39127448,11.77952502,15.63889856,1,0.250751107931,-5.97723579407,-5.45040559769,-2.13227009773
82,39,H,13.82905927,13.57573104,10.45085849,1,0.189856380224,-2.1416914463,0.45411503315,4.05922079086
82,40,H,15.9024486,14.92273249,9.99348158,1,0.169788777828,3.72838521004,-0.785816788673,0.65313065052
82,41,H,16.34551607,14.38691815,13.2250651,1,0.246678382158,-0.389439165592,2.39902687073,-2.16419243813
82,42,H,11.53553845,13.78195286,12.9952121,1,0.239763572812,0.104960270226,1.55363929272,-2.78542852402
82,43,O,13.20136838,13.81444283,11.33419163,-2,-0.469065725803,0.0634980648756,1.99198210239,-3.61733078957
82,44,H,10.48720994,14.08127951,11.31120923,1,0.216551944613,0.294471412897,-2.34042572975,0.480781078339
82,45,H,10.85174582,10.32925128,9.30265473,1,0.256822228432,-0.243820399046,0.348000437021,-0.0199287496507
82,46,H,13.83068646,10.50083565,13.98635054,1,0.261872977018,-3.0428276062,-2.75223040581,0.629519462585
82,47,H,15.69795263,15.56875519,12.11035883,1,0.248017296195,1.59872412682,-2.12698364258,1.71330344677
82,48,O,15.36565066,12.68952718,12.51237913,-2,-0.477634072304,-3.32878184319,-3.66351604462,1.21470439434
82,49,O,11.15688381,13.19770247,13.5788898,-2,-0.481593132019,-1.41228735447,-0.586498260498,3.50332570076
82,50,H,10.78797728,10.06161734,14.51938334,1,0.170213401318,-0.476892232895,1.69168996811,-1.99561202526
82,51,H,10.91126383,11.14075355,10.59671232,1,0.238855719566,0.274008274078,-0.266531765461,-0.00492477603257
82,52,H,14.32041045,15.58546346,9.43437238,1,0.274508059025,-0.26484811306,2.07678675652,-1.06366431713
82,53,O,10.92420129,8.59546468,14.66199324,-2,-0.391654670238,1.34589421749,-2.84572172165,1.577064991
82,54,H,10.61505676,12.80724009,10.27815802,1,0.227792680264,-0.518159091473,2.21551609039,3.86130952835
83,0,H,9.73493608,8.72518311,12.52461481,1,0.238739103079,-0.869209825993,-1.29582691193,0.715624034405
83,1,H,12.22972707,13.31173806,8.78713852,1,0.240836650133,0.71427989006,0.493906080723,-0.371943831444
83,2,H,12.86400717,12.32754674,11.03716353,1,0.224818348885,-1.02214860916,-3.1269133091,1.1006925106
83,3,O,10.51901268,11.1279042,14.06477015,-2,-0.366301268339,-0.436079263687,-2.67519545555,4.19072818756
83,4,H,12.96733485,11.17902775,12.88460596,1,0.30302003026,-0.896647632122,-0.392495185137,-0.862881779671
83,5,O,14.50320539,15.48812693,10.34852625,-2,-0.333553761244,1.25259673595,-0.199426025152,3.93100643158
83,6,O,8.66400011,11.74473486,12.83911199,-2,-0.434857517481,-4.48897504807,1.65444457531,1.11970996857
83,7,O,11.30419059,13.47272151,8.94403394,-2,-0.46560972929,-0.250393033028,-1.2150427103,-0.220049157739
83,8,H,13.01032842,13.9178257,14.04461638,1,0.231451153755,1.86906290054,-1.56786334515,-0.483438640833
83,9,O,13.32878567,12.97565963,14.19872753,-2,-0.397957026958,8.09289836884,3.9093170166,-5.82547187805
83,10,O,10.54977724,11.40097196,9.7841462,-2,-0.377847731113,-0.167044833302,-5.01589536667,-0.998914062977
83,11,H,11.00015905,12.45272914,9.01478585,1,0.157534062862,0.151263415813,2.02919340134,-0.21232868731
83,12,O,12.4136316,11.43753504,11.49309604,-2,-0.31682318449,6.70692396164,-1.60247659683,-3.7598938942
83,13,H,11.51527985,18.37151189,11.99420997,1,0.23687183857,3.11613488197,0.731801569462,-1.12816417217
83,14,H,10.74476654,8.26758784,15.60386094,1,0.259027659893,0.00612624362111,0.624807715416,-1.12129724026
83,15,H,10.47478114,12.86368062,13.40802257,1,0.215540081263,-3.93612527847,-2.38310790062,-1.67897164822
83,16,H,12.64349835,12.81700327,14.66913539,1,0.167686536908,-6.90292072296,-2.8210735321,5.54008054733
83,17,H,9.69070423,14.75638218,10.38413556,1,0.205714583397,-2.58131027222,4.4288983345,-2.76820921898
83,18,O,9.16217028,15.72880346,10.21354927,-2,-0.498991012573,1.57751739025,-5.09027481079,2.4548997879
83,19,H,14.44079488,12.35134056,13.13044729,1,0.20813255012,3.81595110893,2.71278309822,-2.4706428051
83,20,O,16.84764809,14.79719097,10.3530669,-2,-0.514986872673,-2.59085488319,2.15306997299,-1.03718042374
83,21,H,10.97698698,16.27775968,12.04349331,1,0.197604522109,-3.98186397552,-0.996741473675,0.386944621801
83,22,O,10.1327667,9.50192727,12.20470027,-2,-0.494223892689,1.13152229786,1.4588149786,-1.34643661976
83,23,H,9.66947407,11.05696873,14.53630453,1,0.22672496736,-0.950509130955,1.90411329269,-0.954758703709
83,24,H,11.51517141,13.28759769,16.4878946,1,0.261381268501,-1.22869884968,0.128024429083,0.606467425823
83,25,H,12.40544243,10.4176672,14.90745852,1,0.250535428524,0.608129799366,-0.107505187392,-1.08314430714
83,26,O,10.32832524,13.23224942,11.41249509,-2,-0.373165488243,-1.06505906582,-1.43142223358,1.60311448574
83,27,H,7.80052102,12.29194825,12.89720473,1,0.234412431717,1.74833321571,-1.60396122932,0.0902330577374
83,28,H,12,12,12,1,0.215001508594,-5.11652374268,5.01687955856,5.20039463043
83,29,O,15.9418599,15.53310277,13.08718682,-2,-0.50122743845,1.70960521698,-2.96485424042,6.02873373032
83,30,H,9.0341146,12.18476596,12.10090179,1,0.219228729606,0.978860974312,0.53146135807,-1.58747196198
83,31,H,11.84194258,8.5239214,14.49354068,1,0.255052864552,-1.68601083755,0.315102398396,0.177191898227
83,32,H,15.52572756,13.35832047,13.35257135,1,0.207146435976,0.199407935143,0.740875720978,1.64406096935
83,33,O,11.3124677,17.59709198,11.42702328,-2,-0.325639456511,-2.66179585457,2.63735175133,3.78378534317
83,34,H,14.86935966,15.98844828,11.16218592,1,0.268631637096,-1.8317193985,-0.0643991902471,-2.99902248383
83,35,O,12.79565783,10.12446849,14.04485939,-2,-0.334420949221,1.66993117332,1.34919285774,0.0286727901548
83,36,H,17.42811393,15.53969102,10.12203943,1,0.230181604624,0.261159896851,-0.446061193943,0.090321496129
83,37,O,11.89099823,12.62107398,15.94210528,-2,-0.426594644785,0.631891965866,-2.07488679886,1.06343567371
83,38,H,12.89820627,14.84965088,11.23442963,1,0.243553653359,-1.08882045746,4.15251684189,-1.7477953434
83,39,H,8.96062703,15.62578795,11.20384866,1,0.19725137949,-0.553732156754,1.38147509098,-2.04251122475
83,40,H,10.10224653,10.21563944,12.88587684,1,0.177286192775,-0.200539618731,-0.970232844353,-0.835131704807
83,41,H,11.37898629,11.83798689,15.65589545,1,0.25028309226,-0.774355888367,1.59634923935,0.710538685322
83,42,H,13.76242293,13.70357037,10.77858748,1,0.234966218472,1.34198689461,0.811395645142,-0.643395721912
83,43,H,15.84463472,15.24501263,10.12008071,1,0.150966078043,4.2732219696,-2.53946566582,0.57301658392
83,44,H,16.25509775,14.51915119,13.35726868,1,0.244389757514,-0.899949193001,4.98902750015,-2.71746706963
83,45,O,10.04874573,15.72051069,12.44824333,-2,-0.429430961609,8.0433883667,-0.520481646061,2.54509568214
83,46,H,11.37818786,14.00253531,13.02228069,1,0.221492633224,0.501850187778,0.384576946497,-2.30544996262
83,47,O,13.1673946,14.02689157,11.42867907,-2,-0.412769466639,-1.01964974403,-5.7566318512,3.07957935333
83,48,H,10.44805178,14.1401676,11.31368556,1,0.19930113852,0.213033497334,3.15290164948,1.84706676006
83,49,H,10.74489355,10.41923668,9.43505409,1,0.258747518063,-0.729042053223,3.27245402336,1.57635903358
83,50,H,13.66272342,10.57147607,14.0544855,1,0.241707324982,0.421842038631,-0.857108235359,0.781842648983
83,51,H,15.68136521,15.76971976,12.24889778,1,0.247200354934,0.548851251602,-1.03644061089,-2.34200835228
83,52,O,15.33476245,12.86446855,12.59201462,-2,-0.472911208868,-3.94954037666,-4.36636447906,0.435974538326
83,53,H,10.80601211,15.19191776,13.02013056,1,0.212380185723,-4.26609420776,2.05873823166,-0.826118469238
83,54,O,11.14512628,13.38772116,13.65939041,-2,-0.448355674744,2.52684473991,2.47276806831,3.8719329834
83,55,H,10.63478151,10.20457165,14.53897132,1,0.17403742671,1.25519943237,0.683477163315,-1.53599882126
83,56,H,10.8465133,11.46687489,10.72265389,1,0.237953975797,-0.538959145546,-1.22388470173,-1.47861921787
83,57,H,10.51775157,17.82340218,12.14178055,1,0.259569823742,0.0330766960979,-2.38388705254,-2.96603727341
83,58,H,14.27024097,15.82281677,9.53990837,1,0.278766691685,-0.85913592577,2.78320074081,-2.75531792641
83,59,O,10.90904216,8.77810353,14.76579138,-2,-0.35189884901,1.24559116364,-2.45386147499,1.8058013916
83,60,H,10.57118771,13.15033841,10.53546977,1,0.192438706756,0.897223949432,-1.37514090538,-3.87722992897
84,0,H,9.9495793,8.7278092,12.50197295,1,0.236840367317,-0.199856460094,0.0715230554342,0.405990839005
84,1,H,12.42012727,13.29194049,8.56889553,1,0.240252137184,0.220101058483,1.39501941204,-0.39426368475
84,2,H,12.87783279,12.37065211,11.03798552,1,0.229265406728,0.534458339214,-1.48432278633,0.378933399916
84,3,O,10.6892822,11.15166372,13.97566283,-2,-0.286609828472,-0.944430708885,-4.03951597214,4.68045854568
84,4,H,13.02503589,11.28680802,12.6210621,1,0.32795894146,-0.160889655352,-0.45391368866,-2.335511446
84,5,O,8.80506569,11.7495952,12.75087775,-2,-0.446216613054,0.873350203037,0.220189109445,-0.745400428772
84,6,O,11.49375648,13.45378947,8.80625326,-2,-0.453789174557,1.57626414299,-1.28366446495,-0.183998689055
84,7,H,13.20279533,13.84034184,14.0724628,1,0.222187399864,-0.54897159338,4.56566905975,-0.937085688114
84,8,O,13.51619551,13.00531422,14.0804041,-2,-0.585687279701,1.98835253716,-4.89254951477,0.453781485558
84,9,O,10.69821729,11.40958144,9.68248258,-2,-0.41039326787,-1.15411520004,-1.63676440716,-2.20237374306
84,10,H,11.38410153,12.44405997,8.95841559,1,0.168790102005,-1.35389769077,1.23338162899,-0.365497529507
84,11,O,12.61167819,11.42561185,11.41057088,-2,-0.234891116619,0.881496310234,2.91451787949,4.38705444336
84,12,H,11.8976507,18.30686897,11.89585828,1,0.275904774666,1.44390082359,-1.14370834827,-2.19294309616
84,13,H,10.60956279,12.81351569,13.15243885,1,0.213460177183,1.68970775604,2.24093389511,1.58118987083
84,14,H,12.63925816,12.82438721,14.82046148,1,0.146917164326,2.99376964569,0.250368863344,-1.53199124336
84,15,H,11.063903,16.4655725,12.01787758,1,0.182011306286,-2.94556331635,-3.05973505974,0.511251747608
84,16,O,10.31618539,9.50374268,12.08331878,-2,-0.499478965998,1.05552339554,1.75356662273,0.0595853328705
84,17,H,9.80078837,11.05252795,14.40910967,1,0.243221059442,-0.435349166393,2.17788648605,-1.20517337322
84,18,H,11.70626687,13.30503189,16.34970288,1,0.276102274656,-1.3181899786,1.19297420979,0.98458224535
84,19,H,12.50797614,10.52105919,14.6687552,1,0.250811219215,0.342149853706,0.336422264576,0.495481163263
84,20,O,10.49642464,13.20472992,11.28557335,-2,-0.363525360823,-0.101873010397,0.939004778862,-0.536130070686
84,21,H,8.08147835,12.31947025,12.77593427,1,0.238419100642,-2.86543297768,1.05369186401,0.570543408394
84,22,H,12,12,12,1,0.231672883034,-0.679520666599,-0.67940056324,-0.410667300224
84,23,H,9.29743192,12.31275438,12.12061571,1,0.207684352994,0.235664397478,-0.769448161125,-0.304640352726
84,24,O,11.45314053,17.57836856,11.32464161,-2,-0.34330484271,4.68566942215,2.85371494293,-0.50237005949
84,25,O,12.98585426,10.11428678,13.95887598,-2,-0.42570245266,-5.73433494568,-2.49023079872,-1.67603003979
84,26,O,12.07642835,12.65983414,15.79866979,-2,-0.333510637283,-2.35932421684,-6.59133481979,0.498661398888
84,27,H,12.96317002,14.91935291,11.20517839,1,0.270857036114,0.964165687561,0.0579683482647,-1.19955050945
84,28,H,10.45457113,10.31888693,12.70390244,1,0.190967902541,-1.02300655842,-2.81906914711,-1.82306587696
84,29,H,11.47130108,11.71238176,15.4694382,1,0.27828258276,1.48266506195,4.70360422134,1.56811153889
84,30,H,13.9945415,13.67284588,10.81418593,1,0.255425333977,2.53354716301,0.574598491192,-2.10461688042
84,31,O,10.24220776,15.75774999,12.3765513,-2,-0.494366109371,4.89057970047,0.870513319969,-0.137876197696
84,32,H,11.48843971,14.06329053,12.71494492,1,0.21540145576,-0.0286717489362,-3.27276492119,3.3301460743
84,33,O,13.33908718,14.04459182,11.33041612,-2,-0.419090032578,-2.80330181122,-0.209326967597,2.6320707798
84,34,H,10.63811234,14.15268962,11.21893498,1,0.20997595787,-1.11767590046,1.6029406786,1.75415706635
84,35,H,10.81919191,10.49901739,9.41518231,1,0.265476226807,-0.00336340814829,-0.464011400938,0.355383753777
84,36,H,13.78206282,10.45168293,13.98210476,1,0.25207349658,7.10658597946,2.47701668739,0.802726566792
84,37,H,10.94109251,15.26736268,12.91340505,1,0.21563655138,-2.35275268555,0.95577198267,0.288257658482
84,38,O,11.34974166,13.40381425,13.54530239,-2,-0.481854587793,-2.99202251434,1.75225949287,-4.60006570816
84,39,H,10.75850428,10.19070337,14.28793765,1,0.238530620933,1.44615614414,0.659675776958,-1.14315843582
84,40,H,10.97079622,11.54909469,10.56041636,1,0.236921280622,-0.0819967314601,-1.03630805016,1.1625483036
84,41,H,10.82381242,17.7446801,11.9432487,1,0.262508571148,-5.92250442505,0.59340941906,2.20700001717
84,42,H,10.7915718,13.23166168,10.38923031,1,0.194864541292,0.18293762207,-1.12055444717,-2.5755033493
85,0,H,10.22110927,8.71040393,12.52109403,1,0.244343683124,0.7161719203,2.6569070816,-1.60127902031
85,1,H,13.00125522,12.34564055,11.02240679,1,0.223945096135,1.27531671524,0.764863431454,-0.377439498901
85,2,O,10.92484728,11.16560136,13.87221947,-2,-0.311604946852,-0.514064371586,-4.26486444473,3.33985710144
85,3,H,13.14413888,11.37722345,12.24322187,1,0.235045418143,2.31422019005,-0.808069229126,1.33468639851
85,4,O,9.02197241,11.75419951,12.62963198,-2,-0.425653100014,0.804137349129,2.63687515259,-1.57432997227
85,5,H,13.45582627,13.94727473,14.00066327,1,0.201853886247,1.12693679333,-0.697505116463,-0.618263661861
85,6,O,13.77965898,13.01909089,13.93830332,-2,-0.677855908871,0.520976185799,0.245584815741,0.112497717142
85,7,O,10.9141753,11.40921325,9.55125824,-2,-0.4965480268,-0.765711009502,2.93797039986,-1.79840660095
85,8,O,12.35159377,7.92110042,11.72247229,-2,-0.581334292889,-1.84507644176,1.96451342106,0.254529356956
85,9,O,12.88032753,11.41868384,11.31309508,-2,-0.21683293581,-3.0585026741,1.56147861481,2.08501243591
85,10,H,10.90876775,12.83773422,12.93590004,1,0.202433139086,1.44976389408,1.53137302399,2.73750352859
85,11,H,12.82167123,12.8195492,14.88130024,1,0.163480699062,5.45581102371,1.83943402767,-5.91325092316
85,12,O,10.56756053,9.51132095,11.93463135,-2,-0.343443363905,-1.5437040329,-1.76058244705,1.15755105019
85,13,H,10.00011179,11.11544403,14.22100542,1,0.236692816019,0.0934569612145,1.2912415266,-0.891224265099
85,14,H,11.84980578,13.38489248,16.19172261,1,0.290492981672,1.05227530003,-1.48619401455,-1.70324540138
85,15,H,12.69964962,10.62118024,14.43070439,1,0.23196080327,0.934158086777,0.362069398165,0.333723038435
85,16,O,10.73113796,13.18029287,11.13378735,-2,-0.30835300684,2.10133075714,5.48198699951,-5.42515897751
85,17,H,8.30214145,12.38313678,12.62740469,1,0.229619711637,-1.28781616688,-0.216488957405,0.339526057243
85,18,H,13.1860775,8.09560463,12.12217884,1,0.250225484371,1.09389710426,-0.0362613946199,0.501090407372
85,19,H,12,12,12,1,0.287248969078,0.825599312782,-0.931782484055,-1.30635917187
85,20,H,9.62861415,12.39528882,12.08886847,1,0.197029232979,-1.48916935921,-2.17812132835,0.749732553959
85,21,O,13.22968186,10.09516146,13.83742896,-2,-0.420628428459,4.12727975845,0.896789968014,-0.451601415873
85,22,O,12.32345825,12.6741295,15.63329591,-2,-0.213424503803,-7.7691860199,-4.14225530624,8.01805591583
85,23,H,13.1384803,14.9991683,11.05292834,1,0.248175427318,2.60804629326,-2.89770340919,-0.379228800535
85,24,H,10.82492118,10.29921411,12.4443834,1,0.221899881959,-0.967279911041,-0.620378732681,-0.186657339334
85,25,H,11.67096439,11.79229431,15.3182483,1,0.276117026806,1.52903413773,3.52542114258,0.945608794689
85,26,H,14.40996407,13.67817942,10.67470366,1,0.251254051924,-2.91856479645,2.75845956802,1.61290967464
85,27,H,11.69094699,13.95373735,12.54753676,1,0.209850430489,1.13337099552,-0.182603478432,2.46707987785
85,28,O,13.56305418,14.05346664,11.22391144,-2,-0.36924380064,0.630531132221,0.399250477552,-1.86287987232
85,29,H,10.87708055,14.22673671,11.22454932,1,0.237054467201,-1.13389837742,-3.07125639915,0.0826780050993
85,30,H,10.96435108,10.52060726,9.36712742,1,0.256734669209,0.283760517836,-3.21098899841,-0.649431586266
85,31,H,14.25290265,10.44133412,13.947029,1,0.240400835872,-3.92993450165,-1.12036919594,-0.0411663092673
85,32,H,11.76160266,8.82315009,11.9283021,1,0.159947007895,2.28751111031,-3.1656460762,-1.33428800106
85,33,O,11.61156458,13.42470902,13.39256019,-2,-0.459578156471,-3.8628911972,0.113441690803,-4.39513206482
85,34,H,11.03449523,10.15422899,13.99437595,1,0.241054713726,0.631815433502,1.80435395241,-0.216113373637
85,35,H,11.15915008,11.56996487,10.4269549,1,0.223305568099,0.0156526789069,-1.07675671577,1.19898331165
85,36,H,11.11370857,13.21658409,10.05894627,1,0.264334499836,-1.92525422573,-0.90418535471,3.45443367958
86,0,H,10.52838828,8.84728136,12.54671549,1,0.245667427778,0.140346169472,2.21478796005,-2.01109790802
86,1,H,13.19638229,12.41755809,11.03161418,1,0.217912375927,0.812127351761,0.0628149881959,-0.468365162611
86,2,O,11.15872173,11.21306342,13.81917513,-2,-0.349464982748,1.29759275913,-3.88419699669,0.807497143745
86,3,H,13.38579351,11.45906924,12.09069211,1,0.230383068323,3.67892956734,-0.850733876228,7.52629137039
86,4,O,9.24694342,11.8081994,12.54139131,-2,-0.41095662117,-3.35720539093,2.88567018509,-0.0958251655102
86,5,H,11.55981392,14.55154386,16.74383212,1,0.250334560871,-1.77457404137,-0.214637964964,-1.70243144035
86,6,H,13.76603555,14.05580116,13.90412687,1,0.206297844648,1.53652620316,-2.07746815681,-0.806309461594
86,7,O,14.04625643,13.07197457,13.84302899,-2,-0.547981381416,-0.0669716596603,2.28069853783,0.90672236681
86,8,O,11.12934723,11.44943222,9.45984669,-2,-0.474056243896,0.13797056675,-2.97106838226,0.406513512135
86,9,O,12.58467621,7.97047662,11.62728223,-2,-0.578597962856,-2.8709897995,1.11504769325,0.164611339569
86,10,O,13.1381648,11.45756698,11.2571268,-2,-0.296232044697,-4.85059261322,1.97260046005,-4.72278785706
86,11,H,11.27403418,12.94577916,12.87998544,1,0.198918566108,-4.05687618256,-3.54193305969,0.174145549536
86,12,H,13.24427461,12.92393821,14.73127289,1,0.11885073781,2.80519175529,0.000677593518049,-2.36661672592
86,13,O,10.814213,9.55337806,11.83003358,-2,-0.310150116682,-2.67032647133,-3.75113391876,0.740666687489
86,14,H,10.22715145,11.2463485,14.04575075,1,0.23345759511,-0.7950745821,0.299277603626,-0.241783589125
86,15,H,11.97129613,13.437692,15.98642272,1,0.220059975982,1.05629634857,-2.15034914017,-1.45112228394
86,16,H,12.93261073,10.75894614,14.24372952,1,0.226581409574,1.35059356689,-0.33042538166,-0.109926141798
86,17,O,10.97115462,13.21368822,11.01087267,-2,-0.324396044016,1.84376764297,4.12989187241,-4.05168247223
86,18,H,10.45370468,14.30148839,17.49594319,1,0.245555311441,-0.663173794746,-1.57216119766,-3.88235092163
86,19,O,10.68133187,14.07557514,16.42875536,-2,-0.31291437149,1.69966650009,3.32455134392,6.50786352158
86,20,H,8.45960785,12.48473904,12.5102604,1,0.234186440706,1.56213235855,-2.30260205269,0.246249869466
86,21,H,13.46237714,8.07279406,11.92096833,1,0.25744843483,1.46504628658,0.400090694427,0.755472421646
86,22,H,12,12,12,1,0.203438460827,1.64055657387,-0.923532128334,-1.22826075554
86,23,H,9.87854419,12.40319351,12.11822036,1,0.205668762326,-0.00800070911646,-0.425767481327,-0.561972439289
86,24,O,13.48634279,10.12069646,13.75256492,-2,-0.42379412055,3.59792923927,1.61489343643,0.930889368057
86,25,O,12.55078637,12.71385321,15.53126656,-2,-0.304645240307,-1.97941148281,0.305235445499,4.40724802017
86,26,H,13.42727626,14.95245551,10.90048784,1,0.257709264755,0.651083827019,0.364460229874,-0.596746265888
86,27,H,11.15022348,10.30313795,12.24491319,1,0.237129852176,0.189643576741,1.87960505486,1.0070091486
86,28,H,11.9150531,12.06427443,15.24438999,1,0.243914067745,-0.586612761021,-0.421443730593,-0.339039295912
86,29,H,14.67102001,13.849614,10.61820117,1,0.25814384222,-3.14449334145,1.56050229073,1.86399555206
86,30,H,11.98760902,13.86303592,12.49070915,1,0.205990120769,2.98879289627,4.02534818649,-4.28236722946
86,31,O,13.78180455,14.1015825,11.16233798,-2,-0.371627777815,2.74852156639,-1.56772553921,-1.7820687294
86,32,H,11.06523904,14.19066272,11.30635375,1,0.245163172483,-0.728738844395,-2.23081898689,-1.04646110535
86,33,H,11.12003972,10.41725212,9.32657208,1,0.241970002651,0.145058661699,3.02788352966,0.28072270751
86,34,H,14.51131812,10.43388514,13.96717207,1,0.23781105876,-4.09868574142,-1.16466093063,-0.709687650204
86,35,H,11.9360425,8.79789763,11.92424319,1,0.161100849509,3.43535161018,-2.87228679657,-1.76567554474
86,36,O,11.85911741,13.48864726,13.27411435,-2,-0.425090134144,-0.0654957741499,1.00569701195,4.76117610931
86,37,H,11.35329892,10.19722758,13.76991568,1,0.242113277316,-0.433816194534,2.59809112549,0.811154544353
86,38,H,11.33766623,11.58265558,10.41279468,1,0.230728760362,-0.603529036045,-1.42547762394,-2.01725935936
86,39,H,11.37349249,13.23803578,9.93457106,1,0.273371756077,-2.0285577774,-0.389401912689,3.94160532951
87,0,H,10.81876792,9.11399767,12.53812696,1,0.240799367428,-0.942689180374,-0.406376183033,0.135921567678
87,1,H,13.41231742,12.5530513,11.049202,1,0.237453058362,0.454719483852,-2.27041363716,-0.240775585175
87,2,O,11.37437553,11.29336315,13.79500647,-2,-0.350124359131,1.90387392044,-0.94986385107,0.151532977819
87,3,H,13.74813226,11.52489031,12.3118462,1,0.247855737805,-0.969211220741,-0.838100552559,-4.42644166946
87,4,O,9.44432269,11.90942938,12.47635965,-2,-0.391710221767,-3.25548672676,-0.542877435684,1.1549795866
87,5,O,11.32527853,11.51133799,9.3995027,-2,-0.451078563929,-0.219464287162,-3.57662701607,0.115242689848
87,6,O,12.78901191,8.06187597,11.55929342,-2,-0.511000990868,5.08118724823,-3.38440942764,-0.831206679344
87,7,O,13.36329838,11.5408498,11.21374769,-2,-0.297737807035,-0.478226840496,3.46824574471,6.0697722435
87,8,H,11.45592417,12.9275342,12.86978219,1,0.215798020363,0.282916039228,0.376891553402,1.14940798283
87,9,O,11.03203422,9.62353604,11.75347361,-2,-0.349333912134,-0.443486332893,1.85518240929,0.411216676235
87,10,H,10.4248879,11.39602756,13.88013768,1,0.229853838682,-0.796683490276,-0.329034924507,-0.0522326380014
87,11,H,13.20012838,10.89770281,14.06938237,1,0.237332493067,-0.376055628061,0.122196547687,0.643093585968
87,12,O,11.19389494,13.29844735,10.90630259,-2,-0.300448715687,-0.399482578039,-1.13310229778,0.635580718517
87,13,H,8.69540612,12.52855071,12.38993277,1,0.253042340279,-0.187983855605,-0.687887310982,0.181312993169
87,14,H,13.78629953,8.12969176,11.79871617,1,0.260889977217,-3.16271066666,0.227914616466,-0.327851682901
87,15,H,12,12,12,1,0.145450145006,1.69387626648,-0.335541337729,-1.0866048336
87,16,H,10.10298282,12.42913845,12.11847777,1,0.221363782883,1.9622399807,1.38891410828,-1.78339123726
87,17,O,13.73409562,10.19229143,13.69316859,-2,-0.380195200443,-5.11119747162,-0.357580721378,-2.27664613724
87,18,H,11.44978522,10.43318917,12.12930686,1,0.240872070193,-0.851303994656,-1.23446667194,-0.948362231255
87,19,H,12.42226964,13.96180707,12.2824506,1,0.236907333136,-0.304493784904,-0.458539664745,3.50746750832
87,20,H,11.19090947,14.10161533,11.37243918,1,0.256993800402,-0.428964465857,2.23371267319,0.216997414827
87,21,H,11.24728756,10.47407651,9.31255401,1,0.243591815233,0.248842760921,2.99279737473,-0.241466373205
87,22,H,14.52178457,10.42188747,13.99985083,1,0.254662185907,6.13887310028,0.809593856335,2.22814130783
87,23,H,12.2161007,8.7099702,11.86760914,1,0.195673510432,-0.000919599086046,1.77198195457,0.504871845245
87,24,O,12.08153464,13.59784025,13.19677899,-2,-0.413389205933,1.35154902935,1.07269215584,-3.22103691101
87,25,H,11.63613157,10.36226029,13.64459243,1,0.239118814468,-0.905466556549,0.476754546165,1.11680817604
87,26,H,11.45528302,11.58038058,10.35120165,1,0.231606766582,-0.326702952385,-0.681894600391,-1.01888728142
87,27,H,11.54335926,13.33961556,10.03410135,1,0.255753874779,0.0424531586468,0.3898396492,-1.7674446106
88,0,H,11.00428274,9.37794742,12.58831353,1,0.235318735242,-0.648878097534,-1.02385425568,-0.30121833086
88,1,H,13.59852816,12.62970527,11.10046292,1,0.227479457855,0.333829015493,-1.2639131546,-0.347311377525
88,2,O,11.53817394,11.39082743,13.80137004,-2,-0.292909055948,-1.23080766201,1.66874599457,0.455383181572
88,3,H,13.99055699,11.56786301,12.3673161,1,0.248311042786,-1.24967229366,-0.364034920931,-4.8732919693
88,4,O,9.58342823,12.02295421,12.44129178,-2,-0.383195161819,3.21630835533,-0.393715679646,0.157639354467
88,5,H,12.01088649,14.64445263,16.41365294,1,0.265613734722,-1.01118266582,0.156100392342,-1.16177868843
88,6,H,14.48787513,14.22498805,13.53204143,1,0.261212050915,-0.11772403121,-0.14234739542,0.775341153145
88,7,O,14.50393804,13.2822183,13.73140806,-2,-0.305400371552,2.67937493324,1.04864501953,-2.74957537651
88,8,O,11.46907575,11.5707555,9.37099892,-2,-0.466424524784,0.130755394697,1.35438418388,-0.984534144402
88,9,O,13.53494195,11.64806539,11.21610189,-2,-0.361520051956,-0.11143797636,1.33351540565,6.03802776337
88,10,H,11.59304672,12.92021606,12.92828756,1,0.204959869385,2.78161549568,3.00083231926,0.647041141987
88,11,H,14.02864028,13.04756043,14.50556273,1,0.187081739306,-1.78332996368,-0.0631694570184,2.19353032112
88,12,H,15.40604247,13.01060992,12.72956141,1,0.153007805347,5.04930210114,-0.409030497074,-1.89972817898
88,13,O,11.19347247,9.71425008,11.70711968,-2,-0.417519450188,0.908716917038,1.30631518364,0.879474401474
88,14,H,10.55738669,11.5118875,13.72358934,1,0.230668738484,-0.0141710937023,-0.708704710007,-0.167408972979
88,15,H,12.19731147,13.51995573,15.55664252,1,0.166938975453,0.0921732112765,1.34751272202,0.692177057266
88,16,H,13.40777801,11.03387706,13.9452966,1,0.225707411766,-0.327816724777,0.305383622646,0.585981309414
88,17,O,11.35661026,13.39637338,10.84150647,-2,-0.324115395546,-2.83630228043,-0.467680424452,5.68840551376
88,18,H,11.05904259,14.37832649,17.29725568,1,0.25180375576,-1.55576407909,-1.0222889185,-0.917897224426
88,19,O,11.10195684,14.22264959,16.30798944,-2,-0.335143089294,1.3204587698,2.58042049408,3.04154157639
88,20,H,8.89701164,12.60282657,12.25749934,1,0.254688262939,-2.73097419739,1.50190043449,-0.385630756617
88,21,H,12,12,12,1,0.0707027316093,1.88598024845,-0.136951029301,-1.0926681757
88,22,H,10.3388821,12.53392546,12.03719254,1,0.217914238572,-1.55384683609,-1.02733159065,-0.180831953883
88,23,H,17.21307807,13.08191806,12.75688779,1,0.224119484425,-2.77423238754,-0.185335189104,-1.73821115494
88,24,O,13.91661243,10.2812043,13.65355616,-2,-0.387389391661,0.918772220612,0.87989705801,0.35230755806
88,25,O,12.90093465,12.8927543,15.4553465,-2,-0.39264947176,-2.366304636,-3.61417198181,-1.2065205574
88,26,H,11.65954429,10.5414735,12.00258674,1,0.221909373999,-0.322583347559,-1.37379908562,-1.54394721985
88,27,H,12.07167162,12.36961379,14.97371374,1,0.20237198472,3.79649543762,0.271934241056,1.49444699287
88,28,H,12.81666202,14.0485053,12.22703658,1,0.232573091984,-2.81659245491,-1.76760959625,4.31845617294
88,29,H,11.24156364,14.13185035,11.46094631,1,0.253148972988,0.266540080309,0.639105737209,-0.943413496017
88,30,H,11.31000521,10.66681071,9.29416332,1,0.250432997942,-0.425475686789,-2.61909031868,-1.28717696667
88,31,H,14.72160299,10.48114623,14.17186629,1,0.250321805477,0.0536755025387,-0.810393333435,-0.400581926107
88,32,O,16.40581974,13.02534002,12.09458738,-2,-0.497038245201,-1.29539954662,0.0676692202687,3.22991728783
88,33,O,12.24676804,13.73036791,13.14303745,-2,-0.392861783504,-0.438304364681,0.447074025869,-4.68845653534
88,34,H,11.83814543,10.52761084,13.62085737,1,0.231503397226,0.110441483557,-2.11466145515,0.430532753468
88,35,H,11.50487786,11.58554992,10.30091032,1,0.230965226889,0.142162591219,0.304708212614,1.21668326855
88,36,H,11.71984592,13.52701533,10.04978989,1,0.257411181927,1.92419838905,1.29393911362,-5.32670402527
89,0,O,13.42952255,8.40310506,16.39566035,-2,-0.346428245306,3.0820543766,1.93336832523,2.25608348846
89,1,H,11.05271987,9.59531209,12.683785,1,0.241353034973,-0.192833349109,-0.187027528882,-2.69158697128
89,2,H,13.72612788,12.68227705,11.18337164,1,0.236432492733,0.387176126242,1.72805285454,-0.544094026089
89,3,O,11.62568517,11.49779544,13.84503267,-2,-0.30198815465,-1.36074662209,-0.160375699401,-0.805107593536
89,4,H,14.06454041,11.59105834,12.19816335,1,0.221189334989,-0.187440738082,0.0548230558634,-1.90452003479
89,5,O,9.66285777,12.13474793,12.43871084,-2,-0.358876466751,-0.0854359269142,3.16833734512,-2.02280759811
89,6,H,12.24041135,14.80809511,16.22616585,1,0.286226212978,-4.88000059128,-1.29221093655,0.748747467995
89,7,H,13.98148347,9.20787318,16.13982163,1,0.271595090628,-0.932740330696,-1.07056665421,0.1809091717
89,8,H,14.71973713,14.37860477,13.37695112,1,0.213574811816,-0.259437263012,-2.80758786201,2.0880317688
89,9,O,14.65864812,13.3984159,13.70706019,-2,-0.456477999687,0.544965088367,0.316376060247,0.553644359112
89,10,O,11.54552168,11.63028361,9.37806545,-2,-0.466048896313,-0.3508644104,-0.776307284832,1.20406639576
89,11,H,13.89937794,8.32679079,17.26656158,1,0.257885336876,-0.997237026691,-0.921070337296,-0.668197154999
89,12,O,13.06501339,8.2446248,11.50263509,-2,-0.54244363308,-4.77031326294,1.29880833626,0.382997810841
89,13,O,13.63823542,11.75934861,11.27413322,-2,-0.370018213987,-0.885667026043,-2.01182341576,3.18473792076
89,14,H,11.71567938,9.72200433,14.85398556,1,0.230475217104,1.20347630978,-2.07551717758,0.50280213356
89,15,H,11.82620282,13.05592882,13.06097425,1,0.204517707229,0.911739349365,0.116225980222,-0.497628957033
89,16,H,14.07152364,13.02797343,14.70826431,1,0.154869481921,0.372184664011,3.1083855629,-2.90080451965
89,17,O,11.28271998,9.81454939,11.70084383,-2,-0.322553247213,-2.32111430168,-0.524153232574,3.14274644852
89,18,H,10.66305577,11.57502556,13.58641436,1,0.209277182817,0.151806563139,-0.203198432922,0.373175621033
89,19,H,12.25400423,13.66673778,15.4469744,1,0.181516930461,1.37326741219,-0.296852111816,0.212477236986
89,20,H,13.52282108,11.17104641,13.88685567,1,0.208244025707,0.636659085751,-0.225009426475,0.108042828739
89,21,O,11.43763801,13.49505517,10.83347466,-2,-0.317076772451,0.974861800671,3.13353347778,-1.8771802187
89,22,H,11.14578567,14.35870012,17.19176474,1,0.256241261959,-0.812403917313,-0.0774447917938,5.59754133224
89,23,O,11.20555313,14.31054062,16.3098792,-2,-0.359836190939,4.38296985626,3.46812200546,-5.29637145996
89,24,H,8.94945291,12.79607789,12.1079541,1,0.238521397114,1.03630161285,-1.924010396,1.17060363293
89,25,H,13.92803364,8.37715242,11.72595908,1,0.25852137804,3.66052818298,0.584587216377,1.06454312801
89,26,H,12,12,12,1,0.039312183857,1.44070994854,0.00687313079834,-0.89229118824
89,27,H,10.42395609,12.60626641,11.95646211,1,0.20257499814,-1.59742617607,-1.28496074677,0.418336331844
89,28,H,12.98431937,8.71523319,15.05237684,1,0.17228320241,-1.50454628468,0.0979082211852,-1.29307460785
89,29,O,14.03000837,10.37717192,13.64611693,-2,-0.348833650351,5.93145036697,2.45818042755,3.43414711952
89,30,O,12.97187367,12.98209115,15.47096792,-2,-0.349216610193,-2.2419116497,-3.01696443558,-1.67176270485
89,31,H,11.78167181,10.60939924,11.84201185,1,0.234015092254,0.918953955173,1.04480242729,-0.534482359886
89,32,H,12.20102747,12.41788882,14.89443826,1,0.200220435858,3.26842832565,0.576804280281,1.97942912579
89,33,H,13.01970113,14.05029738,12.41275762,1,0.235084608197,-1.38178610802,-1.19534635544,1.3215059042
89,34,H,11.23926127,14.22008192,11.53555551,1,0.237453639507,1.12839412689,-0.819594740868,-2.29236388206
89,35,H,11.25934168,10.72478558,9.22270069,1,0.244629815221,0.0834912583232,-0.180699378252,-0.705109298229
89,36,H,14.91026579,10.55238488,14.38022645,1,0.227807402611,-3.78681635857,-0.792102396488,-3.9488325119
89,37,H,12.46031517,9.03891439,11.94947322,1,0.183323681355,2.89940643311,-3.59420251846,-2.10228300095
89,38,O,12.33630356,13.86650754,13.11413072,-2,-0.409772157669,-0.360318601131,2.68372702599,-0.376207828522
89,39,H,11.97717494,10.59320898,13.6672092,1,0.207036554813,-0.0129878073931,-0.0171540975571,0.492841750383
89,40,H,11.49378311,11.63185653,10.35917903,1,0.228842377663,0.181960403919,0.249298855662,-1.74115204811
89,41,O,12.34775385,9.09884253,14.38896934,-2,-0.387340009212,-3.15426492691,0.510622382164,0.358222424984
89,42,H,11.94512781,13.7989399,9.88118475,1,0.253885298967,-2.49449396133,-1.0846555233,3.99022436142
90,0,H,11.91256109,10.39278538,11.66776591,1,0.284204661846,-1.12051606178,-0.642132997513,3.19990801811
90,1,H,14.19252,12.34590078,10.40861688,1,0.189333885908,0.588383257389,0.751247525215,-1.42209398746
90,2,H,9.9545506,11.5086005,11.7174714,1,0.22730858624,0.111886754632,-0.100000232458,-1.46947288513
90,3,O,12.05749611,13.94439457,11.5625274,-2,-0.378033638,4.71337223053,2.24758481979,-2.53967118263
90,4,H,12,12,12,1,0.230021774769,1.22965598106,3.23733043671,-1.27864921093
90,5,H,12.8085263,8.69978261,12.1151081,1,0.276096999645,-0.567497313023,0.640438973904,-0.388335138559
90,6,H,14.48315121,11.68566402,12.9314236,1,0.238195955753,-0.611757695675,0.924947977066,-3.5720038414
90,7,O,14.24535904,12.00689994,11.94077392,-2,-0.359808504581,-1.40653502941,2.08062672615,5.59123325348
90,8,H,11.32316706,14.04022392,13.87407083,1,0.260988712311,0.818944513798,-0.700131595135,-0.431518763304
90,9,H,13.40196039,13.06787805,9.18080939,1,0.244043976068,2.92360901833,-1.12713265419,0.811168432236
90,10,O,14.34113992,12.73167415,9.51065837,-2,-0.510915338993,-3.38317251205,0.553977072239,-0.555132985115
90,11,O,9.90687226,11.24764925,10.75623645,-2,-0.405956089497,0.241978615522,0.276863336563,2.10603690147
90,12,O,12.07607719,13.39792796,13.76239303,-2,-0.356015563011,-0.571084856987,1.17631661892,3.12039351463
90,13,O,12.1559972,10.75680355,9.55846394,-2,-0.321771025658,4.73062229156,-1.98818099499,3.14875555038
90,14,H,9.94523586,13.05251068,10.68755029,1,0.228116557002,0.270149111748,0.918459296227,-0.709287941456
90,15,H,13.7007245,12.93444437,12.1750057,1,0.240949034691,2.36383390427,-3.82087278366,-1.03333508968
90,16,H,12.64863536,14.40210042,10.80570432,1,0.233571335673,-2.42552351952,-1.37749326229,1.5440145731
90,17,H,11.05847474,11.50837301,9.20970671,1,0.196461573243,-1.64364159107,2.18123626709,-2.11189055443
90,18,H,12.30328774,9.45276039,10.76174492,1,0.244422599673,-0.160318434238,-1.60930562019,0.751785099506
90,19,O,12.02988212,9.12411906,11.67934586,-2,-0.286492884159,0.855273485184,1.24989521503,-1.73820626736
90,20,H,9.22889123,10.61060351,10.84014674,1,0.236933603883,-1.56597828865,-1.25428211689,-0.573026299477
90,21,O,9.44593746,13.85614812,10.86640931,-2,-0.549754261971,-1.33190047741,0.21898457408,0.685742020607
90,22,H,10.04013887,11.81235629,8.02208744,1,0.231301054358,0.25475782156,0.394337266684,0.277516812086
90,23,H,12.17633215,9.88811898,9.19910848,1,0.251783132553,-0.345788657665,-1.17365169525,-1.59977841377
90,24,H,11.46466373,11.80251569,13.51294847,1,0.25338819623,0.791271269321,-0.825942456722,-3.13336825371
90,25,H,9.91345897,14.6891732,10.80026835,1,0.255588054657,0.477767467499,-0.538918077946,-0.229218035936
90,26,O,11.54119971,11.41605257,12.53129227,-2,-0.35717099905,-1.30015981197,-2.92389321327,3.31766319275
90,27,H,12.52992412,13.44715472,14.62088371,1,0.259670972824,-0.100093841553,0.0400139950216,0.030371338129
90,28,H,12.75447781,14.09375677,12.26883017,1,0.213547304273,-2.01631855965,0.409676849842,-0.619224071503
90,29,O,10.81018883,12.16775425,8.49092542,-2,-0.525518059731,-0.760838866234,0.0840904563665,-0.243878334761
90,30,H,13.13070902,10.9027323,9.7566377,1,0.25550866127,-1.06038117409,0.695909559727,-0.936498701572
91,0,H,11.62152253,10.22127975,11.92760221,1,0.249541461468,-0.349162042141,-0.192905977368,2.65978145599
91,1,H,13.99420648,12.17830456,10.62558229,1,0.172456100583,0.87267023325,1.66354382038,-5.24828910828
91,2,H,9.7614746,11.31577246,11.84325247,1,0.233419805765,-0.503219842911,-0.695623040199,-3.19904208183
91,3,O,11.87845387,13.82593055,11.60612295,-2,-0.393266588449,1.96554017067,-0.353955447674,0.089645922184
91,4,H,12,12,12,1,0.263230830431,-3.2350332737,-2.03742027283,2.20657300949
91,5,H,12.50871591,8.44254809,12.03653436,1,0.277508914471,3.8412103653,-3.00138354301,2.33258605003
91,6,H,13.88255281,11.60070695,13.06061036,1,0.251123309135,0.783074975014,0.370933204889,-3.31321835518
91,7,O,13.9909804,11.90815242,12.04920845,-2,-0.31094160676,-0.919973611832,-0.743861436844,5.25004339218
91,8,H,11.20124824,13.99387693,13.80113313,1,0.266620695591,1.11341106892,-1.60473918915,-0.114618316293
91,9,H,13.22256988,12.97480737,9.3056128,1,0.241692304611,2.39771771431,-1.22493553162,0.612711429596
91,10,O,14.13011323,12.57685059,9.60075086,-2,-0.533375799656,-3.08232307434,-0.453412473202,2.91012597084
91,11,O,9.71545178,11.06767397,10.82976234,-2,-0.410300016403,-1.40070831776,-1.34316372871,3.56535005569
91,12,O,11.8961972,13.2493137,13.82701716,-2,-0.346855312586,-1.00103485584,2.15445423126,2.21908664703
91,13,O,11.929515,10.54267987,9.60344558,-2,-0.339159309864,-1.42445409298,-5.25656366348,-0.893123269081
91,14,H,9.86460997,12.89273294,10.67014228,1,0.230211555958,-2.13127160072,3.45731019974,0.254503428936
91,15,H,13.55746195,12.77490125,12.14189779,1,0.241090118885,0.874589264393,-0.109502322972,-0.349483639002
91,16,H,12.49336381,14.18593714,10.96601695,1,0.243744134903,-0.111120700836,0.469974935055,-1.05774724483
91,17,H,10.84759065,11.43027016,9.35236267,1,0.204767107964,-1.91615176201,2.13515400887,-3.09794020653
91,18,H,12.08045023,9.17306766,10.75988292,1,0.26314252615,-0.730134367943,-0.644013404846,1.59367465973
91,19,O,11.87686457,8.9877899,11.73641658,-2,-0.293971955776,-3.67620325089,4.24457120895,-4.22910547256
91,20,H,9.09038832,10.2987064,10.81939677,1,0.232281535864,0.556128561497,1.14715886116,-0.199347853661
91,21,O,9.2246179,13.69397122,10.93607994,-2,-0.542187809944,1.51933073997,-1.52568149567,-0.215994149446
91,22,H,9.88885164,11.53693058,8.0623292,1,0.231243163347,-0.324792385101,-0.0787862762809,-0.0467052012682
91,23,H,12.08141035,9.65329549,9.179751,1,0.246762543917,-0.602369725704,1.50264894962,-0.553612887859
91,24,H,11.4055943,11.56720112,13.4727253,1,0.239256024361,0.572080790997,1.11497151852,3.81077027321
91,25,H,9.64741732,14.57959688,10.89644102,1,0.244743213058,-0.0093109831214,-1.4139560461,-0.239122956991
91,26,O,11.32831244,11.2682614,12.6243801,-2,-0.350576400757,2.79469752312,-0.479417860508,-7.43574619293
91,27,H,12.38181374,13.44061532,14.63378311,1,0.260751873255,0.132602244616,0.0304686166346,0.548743486404
91,28,H,12.47278864,13.78672748,12.40261684,1,0.203921586275,-1.59170866013,0.886251986027,-0.540514588356
91,29,O,10.53425195,12.02867832,8.56255732,-2,-0.533081650734,0.614410877228,0.0501121729612,1.34945547581
91,30,H,12.73737468,10.70918568,9.93975999,1,0.256207555532,4.97150850296,1.93176937103,1.3305618763
92,0,H,11.49175213,10.12333527,12.22050618,1,0.212939321995,0.24875125289,1.40464246273,0.390798211098
92,1,H,13.99725101,12.19205276,10.46608221,1,0.213271334767,0.0593237578869,-0.528113007545,0.391824781895
92,2,H,9.71869334,11.20501701,11.69535298,1,0.230671450496,-0.71431094408,0.460062384605,2.48023486137
92,3,O,11.86841103,13.80650961,11.53899547,-2,-0.417072206736,-1.08575952053,-1.14881443977,0.428758502007
92,4,H,12,12,12,1,0.276928007603,-3.1817741394,-2.68508648872,1.11382448673
92,5,H,12.53651553,8.15459334,11.92991946,1,0.264800667763,-2.38180279732,2.92449069023,0.0496622212231
92,6,H,13.48953294,11.60014639,12.93411102,1,0.253703922033,1.52164852619,0.270331323147,-1.56585645676
92,7,O,13.89554163,11.90716232,12.06537977,-2,-0.37213113904,0.537625789642,-5.55608415604,3.11423206329
92,8,H,11.30923395,14.06051913,13.62216756,1,0.271281719208,0.733282566071,-2.38894152641,0.565502047539
92,9,H,13.30873084,12.93640768,9.33554603,1,0.269001096487,-2.91259407997,1.32422840595,-1.13244462013
92,10,O,14.0743432,12.52212612,9.59138264,-2,-0.522876620293,3.07967019081,-0.849865913391,-0.53146469593
92,11,O,9.68602029,10.98828713,10.80621658,-2,-0.446861386299,-2.15053510666,-3.31062579155,-3.33007025719
92,12,O,11.87926662,13.20351414,13.78737571,-2,-0.313877820969,-0.537013053894,3.65566515923,2.62645888329
92,13,O,11.86630966,10.41749265,9.53926604,-2,-0.416704267263,2.36427283287,-1.17477250099,0.125015065074
92,14,H,9.84026114,13.00590816,10.57184316,1,0.245608821511,-0.23003180325,0.424187242985,-0.111806571484
92,15,H,13.60937673,12.74374011,11.98726407,1,0.240881577134,-0.858511805534,5.02692079544,-0.283574700356
92,16,H,12.53801823,14.09247048,10.97463784,1,0.251742839813,1.72317993641,1.2114495039,-1.82294559479
92,17,H,12.00528201,8.95475172,10.72895428,1,0.247396841645,-0.725149154663,0.956671595573,-0.765717089176
92,18,O,11.88291648,8.96898349,11.67739612,-2,-0.292549401522,2.56012225151,-3.92999601364,1.61962735653
92,19,H,9.10119404,10.14479827,10.69046215,1,0.237179577351,1.52568733692,2.62523674965,0.420514464378
92,20,O,9.16934048,13.62269563,10.89551587,-2,-0.528370022774,-0.185161948204,0.441524624825,0.242646500468
92,21,H,12.13254665,9.59576274,9.03354167,1,0.225414484739,-0.136556923389,1.66707861423,0.197158947587
92,22,H,11.56696063,11.46929046,13.4843698,1,0.247312828898,-0.571082055569,-0.390408337116,0.236751168966
92,23,H,9.52543114,14.52449095,10.8954702,1,0.254140764475,0.0415875613689,-0.624243855476,-0.178195565939
92,24,O,11.28745904,11.22017823,12.58752077,-2,-0.319114565849,3.12440252304,0.430153667927,-1.97289991379
92,25,H,12.41388686,13.52071881,14.55306724,1,0.262700438499,-0.277323156595,-0.485302150249,-0.349391430616
92,26,H,12.26982418,13.61725698,12.40745706,1,0.18281275034,-0.116012491286,0.756132364273,-0.325877398252
92,27,H,12.70690861,10.69560535,10.03707459,1,0.241769105196,-1.45593655109,-0.506522417068,-1.63276553154
93,0,H,11.56182235,10.22091473,12.4785956,1,0.250394850969,0.25857257843,1.55297493935,-2.08673739433
93,1,H,14.15124179,12.2808712,10.33129733,1,0.213396564126,-1.02500772476,-2.80155301094,5.50122070312
93,2,H,9.81529988,11.26376158,11.61632066,1,0.236006617546,-1.14709484577,0.221663832664,1.84847903252
93,3,O,12.01702849,13.91693892,11.42053281,-2,-0.436936467886,1.59178960323,0.291786074638,-2.20337057114
93,4,H,12,12,12,1,0.251278936863,-1.20371460915,-1.42009794712,-0.887037396431
93,5,H,12.64564927,8.11415189,11.76306229,1,0.245602026582,-2.54105043411,4.20470142365,0.261821478605
93,6,H,13.34905369,11.72087667,12.70100078,1,0.22873814404,0.970127165318,0.0434719249606,0.339405447245
93,7,O,13.96145834,12.0263217,12.03998551,-2,-0.413568556309,-0.229975625873,2.38003444672,-0.821851670742
93,8,H,11.59640548,14.2409267,13.4440471,1,0.270954698324,0.123022645712,-2.62373161316,1.06067538261
93,9,H,15.54908933,14.94554956,10.9639787,1,0.254920244217,-0.855291187763,-2.06279444695,0.73522490263
93,10,H,13.40987363,13.09349315,9.24937743,1,0.259466350079,-0.0203362572938,-0.396103233099,0.172003313899
93,11,H,15.09668159,13.35207771,11.1860845,1,0.230062231421,1.80586636066,0.445795357227,-1.11898207664
93,12,O,14.1894443,12.60145942,9.52500202,-2,-0.478169232607,0.850402534008,2.43179321289,-7.05382919312
93,13,O,9.81375169,11.03609435,10.7247155,-2,-0.473864078522,0.293041974306,0.10903865099,-2.51436567307
93,14,O,12.02510234,13.29856434,13.7029804,-2,-0.290342092514,-1.02138292789,4.15640735626,1.9379901886
93,15,O,11.97618437,10.42267429,9.42849706,-2,-0.438927948475,2.17230963707,1.50859379768,1.94485330582
93,16,H,9.98412549,13.27635926,10.41005382,1,0.252059221268,2.3061747551,-1.77545785904,-1.48441505432
93,17,H,13.76861884,13.05072433,11.80255574,1,0.224517092109,0.489135891199,-3.08823275566,1.79012775421
93,18,H,12.83817837,14.18866746,10.86311163,1,0.236759126186,-1.90887916088,-0.251191735268,1.85310721397
93,19,H,12.07288918,8.91055217,10.62408869,1,0.225236311555,-0.936224281788,1.39872789383,-0.298776626587
93,20,O,12.06235471,9.07915756,11.57729747,-2,-0.33808273077,3.30173897743,-6.02575731277,1.33998584747
93,21,H,9.30691286,10.26014688,10.53156828,1,0.24676553905,-0.537335574627,-0.425367295742,0.171107172966
93,22,O,9.27156417,13.68255021,10.8063323,-2,-0.516565918922,-2.23358082771,2.02516269684,1.51122736931
93,23,H,12.35118238,9.76874974,8.85438328,1,0.23275591433,0.726849377155,-0.252047240734,-0.956822037697
93,24,H,11.87730738,11.49730228,13.48805853,1,0.282614350319,-2.7010974884,-0.267902940512,-2.97511434555
93,25,H,9.5546537,14.60522242,10.8503249,1,0.251415669918,-0.292489796877,-0.0950280874968,0.0483717769384
93,26,O,15.09713228,14.24135699,11.52492412,-2,-0.44353684783,0.109611466527,2.47772502899,0.290845364332
93,27,O,11.41759059,11.30712173,12.49301143,-2,-0.228434741497,2.72770738602,-0.643327713013,5.51099014282
93,28,H,12.58880069,13.68498007,14.39789984,1,0.260429024696,0.393051326275,-0.617615103722,0.181530952454
93,29,H,12.22127243,13.61961735,12.34973728,1,0.162018820643,0.856411099434,0.74245929718,-1.86734747887
93,30,H,12.77901004,10.7953462,9.99395025,1,0.243036776781,-2.32235169411,-1.24412620068,-2.23031783104
94,0,H,11.702074,10.42199341,12.72647651,1,0.275232464075,-0.0646250993013,-0.398552954197,-3.31381201744
94,1,H,14.30316884,12.28190087,10.53224056,1,0.19298966229,-0.331287682056,1.61149394512,-4.49166822433
94,2,H,9.9102931,11.37692287,11.7149361,1,0.241703659296,-1.11357021332,-1.18070971966,-3.56405210495
94,3,O,12.21256803,14.06474393,11.3704427,-2,-0.421144574881,1.1948363781,0.358471095562,-1.36700677872
94,4,O,9.70926077,13.53743112,14.67465952,-2,-0.508130192757,1.01992976665,0.171322539449,-3.51182079315
94,5,H,12,12,12,1,0.244933709502,3.87308478355,5.23337554932,-6.88986158371
94,6,H,12.69317671,8.32236487,11.66983916,1,0.233607918024,0.144485756755,0.389832556248,1.45483994484
94,7,H,13.32160402,11.87935167,12.57150542,1,0.213899686933,1.1548743248,0.422145366669,0.254466563463
94,8,H,9.46568729,14.06993698,13.84298485,1,0.247568368912,-0.404522150755,-0.664899051189,1.94521033764
94,9,O,14.0697152,12.19087233,12.08858329,-2,-0.378425240517,1.76078295708,3.55032777786,-1.25086534023
94,10,H,11.87134571,14.41309576,13.43316846,1,0.269748926163,-0.160857826471,-2.35925745964,1.0071464777
94,11,H,13.50242477,13.27766193,9.22113297,1,0.242526173592,2.55911970139,-2.23758983612,1.24920165539
94,12,O,14.35139412,12.7252831,9.51554331,-2,-0.50611025095,-2.20866513252,0.296131521463,2.32938575745
94,13,O,9.98704862,11.12551004,10.71457586,-2,-0.442783683538,0.912970721722,2.08115434647,3.69540643692
94,14,O,12.21319185,13.43990278,13.69821166,-2,-0.276371270418,-0.977762937546,3.63569235802,0.483725070953
94,15,O,12.13900998,10.4705484,9.40225854,-2,-0.415461182594,-0.996704757214,-2.6876718998,-2.35851311684
94,16,H,10.26294546,13.50554135,10.27228239,1,0.228413879871,-2.78096795082,0.561232984066,1.18227291107
94,17,H,13.98656503,13.24678925,11.8001482,1,0.244593352079,0.151359736919,-4.27872943878,1.85809004307
94,18,H,13.09372992,14.31507374,10.92193845,1,0.231713443995,-2.07224559784,-0.282102912664,1.14591264725
94,19,H,10.95977581,11.88654881,9.29578075,1,0.220811992884,-1.55216598511,1.18583285809,-3.1957461834
94,20,H,12.1698255,8.99071375,10.58177005,1,0.223380833864,-0.681487739086,2.02726578712,1.26816046238
94,21,O,12.29923891,9.21123278,11.56164263,-2,-0.383802950382,0.508586406708,-2.76308870316,-1.4032279253
94,22,H,9.48817656,10.38618544,10.45131616,1,0.241610109806,-1.25572407246,-1.33072805405,0.0118454322219
94,23,O,9.40792578,13.7820017,10.79809424,-2,-0.474179774523,3.15377902985,1.08894598484,-0.829776644707
94,24,H,10.2491608,11.38958733,8.06399464,1,0.228904932737,-0.247153505683,-0.0821436941624,-0.439352929592
94,25,H,12.65375415,9.99205901,8.72397666,1,0.244048833847,-0.271330744028,0.661838293076,0.00170834362507
94,26,H,12.1189286,11.54865344,13.45665396,1,0.301747351885,-2.46745824814,0.943702876568,-2.17811751366
94,27,H,9.61132804,14.75384477,10.89296577,1,0.234301030636,-0.649427592754,-1.32407784462,-0.153939634562
94,28,O,11.59516406,11.4285523,12.49279151,-2,-0.150969028473,-2.91784262657,-6.67526245117,12.2353858948
94,29,H,12.81163033,13.82077002,14.33198855,1,0.253852963448,1.18573784828,-0.403867840767,1.18724048138
94,30,H,12.26064906,13.69430586,12.29637359,1,0.163062855601,1.05533361435,0.69663476944,-2.1758992672
94,31,O,10.54607272,12.23744163,8.39327865,-2,-0.506306171417,1.43893957138,-0.26559728384,2.63678622246
94,32,H,10.41774397,13.02263232,14.17922603,1,0.23470453918,-1.33558988571,0.558864355087,1.69486510754
94,33,H,12.78010163,10.87516733,9.91229337,1,0.250327557325,2.37556767464,1.46001493931,1.48201012611
95,0,H,11.7220088,10.40320768,13.10502891,1,0.264214396477,-0.639948010445,-1.42462015152,-3.2630777359
95,1,H,14.28856524,12.17519839,10.80953892,1,0.200926929712,0.0213681310415,2.16103482246,-4.6487903595
95,2,H,9.82300611,11.26737552,11.91015841,1,0.235284626484,-0.886139035225,-0.214267224073,-1.0138977766
95,3,O,12.27932864,14.04012889,11.58155415,-2,-0.425099819899,-3.1138279438,-0.450278937817,-1.29998850822
95,4,H,12,12,12,1,0.287340760231,-1.21885085106,-1.53718590736,0.530413925648
95,5,H,12.65619734,8.33411519,11.92245974,1,0.239382624626,2.43711590767,-5.85563278198,2.06619048119
95,6,H,13.23765881,11.87445106,12.73587705,1,0.20414096117,0.784617841244,0.4081415236,0.24653455615
95,7,O,14.0517085,12.19314782,12.40080511,-2,-0.381303280592,2.52764582634,-2.72841191292,-0.0538004785776
95,8,H,11.92687724,14.34999891,13.7746729,1,0.25835365057,-0.310473889112,-1.41001951694,0.482236295938
95,9,H,13.56130991,13.17602689,9.51197241,1,0.250209927559,0.888886272907,-1.0048892498,0.643510043621
95,10,O,14.37629331,12.67734509,9.78049743,-2,-0.520816266537,-0.829357802868,-1.38291096687,3.36574411392
95,11,O,10.03546918,11.05400011,10.98449042,-2,-0.415558218956,-1.55893182755,-2.60168886185,0.131530255079
95,12,O,12.26861305,13.41766827,13.96122566,-2,-0.317228764296,-0.178701400757,2.96855044365,1.94750630856
95,13,O,12.16952031,10.34225434,9.63749222,-2,-0.405157506466,2.08037257195,-1.06748318672,-3.00457191467
95,14,H,11.27976532,7.56589263,10.53855075,1,0.226616859436,-1.08076357841,-0.367954909801,-2.04752516747
95,15,H,10.28782249,13.58219383,10.48067518,1,0.229847848415,-2.91821551323,0.119643494487,1.41250944138
95,16,H,14.08103118,13.09361018,12.19272057,1,0.24311414361,-0.131217956543,1.95849919319,0.231770843267
95,17,H,13.13533876,14.26421678,11.33168389,1,0.243286162615,2.24566483498,0.877939641476,-0.739349424839
95,18,H,10.90621768,11.92629692,9.52061188,1,0.219429135323,-0.841663956642,1.03750491142,-1.75373959541
95,19,H,12.14803816,9.0389424,10.85787516,1,0.196558356285,0.348326325417,1.90847599506,-0.115337438881
95,20,O,12.41042468,9.16709705,11.81111763,-2,-0.41194999218,-1.23705267906,4.30688714981,-0.497446745634
95,21,H,9.44642938,10.26491952,10.6466857,1,0.231132417917,1.52217435837,2.51641201973,1.11769711971
95,22,O,9.41954945,13.71001704,11.05457971,-2,-0.469172179699,3.28792262077,1.84006881714,-1.10343599319
95,23,H,10.30305451,11.27436248,8.4147213,1,0.230986297131,-0.188734188676,0.832357764244,-0.655730605125
95,24,H,12.81553707,10.0827677,8.88008066,1,0.232124194503,-1.78259670734,0.680655181408,1.53628695011
95,25,H,10.73843931,8.62619493,11.126826,1,0.223714411259,-1.57312381268,1.00431799889,-0.60094666481
95,26,H,12.13023413,11.48980545,13.62665499,1,0.262854516506,-0.583074450493,2.54751467705,0.605296075344
95,27,H,9.52028828,14.69886548,11.207532,1,0.233020067215,-0.589887261391,-1.68267154694,-0.148209393024
95,28,O,11.63368973,11.36373444,12.79346637,-2,-0.143166303635,0.340384870768,-0.0524655804038,2.14828205109
95,29,H,12.95015915,13.71631146,14.59759282,1,0.254312634468,0.0965148061514,-0.747868657112,-0.0925623625517
95,30,H,12.22935472,13.63386668,12.43839378,1,0.176008328795,0.603333473206,0.214880138636,0.289889127016
95,31,O,10.50165827,12.20825571,8.63580832,-2,-0.496343493462,0.888609826565,-1.39143931866,1.60473644733
95,32,O,10.73076507,8.32787939,10.18909138,-2,-0.399696409702,0.726553320885,-2.29599070549,2.19510674477
95,33,H,12.76178911,10.85478382,10.1629827,1,0.242632985115,0.863069355488,0.832894325256,0.483169853687
96,0,H,11.76895671,10.32615491,13.35160641,1,0.247130796313,-0.2105987221,0.851821243763,-2.51672458649
96,1,H,14.29830353,12.21282651,10.88286112,1,0.230334997177,0.0338695496321,-0.64189261198,1.52845692635
96,2,H,9.72453535,11.18136302,12.0787381,1,0.235307335854,-1.40764784813,1.09123539925,2.57502317429
96,3,O,12.37269485,14.04839668,11.80181259,-2,-0.405501842499,0.0959886386991,0.328363358974,-2.09441018105
96,4,H,12.5699026,6.15572678,10.82241575,1,0.180323958397,-0.102659672499,-0.168691262603,0.182491868734
96,5,H,12,12,12,1,0.306653678417,-0.867609024048,-1.1725461483,1.48914015293
96,6,H,12.77867753,8.14935182,12.27863825,1,0.225280404091,-0.69057148695,4.12646532059,-1.25376176834
96,7,H,13.24184381,11.91302339,12.94642127,1,0.189553812146,-0.879966616631,0.084923774004,0.326114833355
96,8,O,14.07744153,12.21963347,12.72767086,-2,-0.422193944454,3.58328747749,-3.15388917923,-0.742834210396
96,9,H,11.9316282,14.29338209,14.17551161,1,0.260096222162,-0.331217944622,0.390750199556,0.555316567421
96,10,H,13.65555178,13.06642989,9.83751838,1,0.265336155891,-2.71962714195,1.47521841526,-0.940889000893
96,11,O,14.43616205,12.65896926,10.07259419,-2,-0.512867093086,2.78942680359,-0.804190278053,-0.91550630331
96,12,O,10.11940585,11.01669138,11.27069951,-2,-0.387956917286,-1.10155510902,-3.66607952118,-3.09464931488
96,13,O,12.36195165,13.43690522,14.24231239,-2,-0.333104014397,1.54305076599,0.611077666283,2.69406557083
96,14,O,13.29389863,6.1215793,11.46761002,-2,-0.51124727726,0.515989661217,1.73388063908,2.35148596764
96,15,H,11.46318673,5.75917522,9.13803376,1,0.282881140709,-0.394110232592,-0.481534063816,-1.69726848602
96,16,O,12.24140362,10.24734366,9.87815276,-2,-0.373072117567,3.82342076302,2.93790602684,0.218543574214
96,17,H,10.22483604,13.70525435,10.793561,1,0.240599676967,2.07451796532,-0.551420152187,-1.96496760845
96,18,H,14.21709552,13.11868186,12.63649584,1,0.242188349366,0.0286632031202,2.31217670441,0.238084033132
96,19,H,13.31427783,14.29158589,11.75420396,1,0.231371879578,-0.693877637386,0.251462131739,-0.393578141928
96,20,H,10.85990045,12.04664923,9.71753279,1,0.225823462009,1.29063439369,0.268946349621,3.19893789291
96,21,H,12.19028854,9.23349902,11.17075705,1,0.200283676386,0.189695969224,-0.360412746668,0.000234566628933
96,22,O,12.55606281,9.16909073,12.07298095,-2,-0.443147212267,0.588191151619,-3.63609838486,2.19683122635
96,23,H,9.47845772,10.26096055,10.920074,1,0.229869827628,2.14921140671,2.4113035202,0.687558948994
96,24,O,9.47380805,13.676679,11.32270671,-2,-0.469127476215,-1.52452242374,0.993744313717,1.84310078621
96,25,H,10.36882856,11.23413234,8.76040695,1,0.231151819229,-0.241558000445,1.34488809109,-0.8778398633
96,26,H,12.92153367,10.2650355,9.14670647,1,0.235777407885,-1.19725108147,-0.608204722404,0.344630420208
96,27,H,12.17955694,11.60605939,13.86858091,1,0.238508373499,0.423791199923,1.99056339264,2.46608376503
96,28,H,9.45655569,14.62261523,11.53555338,1,0.243963867426,-0.687001943588,-0.174305230379,0.284435063601
96,29,O,11.70539771,11.33274125,13.11936329,-2,-0.207506269217,-1.17700648308,-2.18010544777,-1.15135443211
96,30,H,13.12707816,13.56473356,14.89723874,1,0.260314404964,-1.54755020142,-0.0969173461199,-1.31756532192
96,31,H,12.27467946,13.62461993,12.63600053,1,0.182750895619,0.0289457328618,-0.100980587304,1.08063900471
96,32,H,10.38841468,5.82778804,10.36427223,1,0.282586306334,2.38715648651,0.0603720322251,-1.24916446209
96,33,H,12.97699408,6.72752902,12.20479552,1,0.236135587096,0.794889092445,-2.19304037094,-1.3107521534
96,34,O,10.49747745,12.2104808,8.89796151,-2,-0.487276494503,-1.0962716341,-1.32217597961,-2.93260025978
96,35,O,11.35152044,5.93428518,10.04742357,-2,-0.397063136101,-3.2112300396,0.291811466217,1.82549905777
96,36,H,12.84354977,10.90806508,10.46460668,1,0.245839834213,-2.25889730453,-2.24442601204,-1.63280653954
97,0,H,11.87599053,10.31886909,13.45659935,1,0.23846295476,0.61651468277,1.6300419569,-0.663005650043
97,1,H,14.32844677,12.23541328,11.04530926,1,0.225448742509,-0.577436566353,-2.47978878021,4.68047475815
97,2,H,9.64407385,11.18247653,12.31191549,1,0.229808568954,1.93563497066,0.692127466202,-1.49227130413
97,3,O,12.51366037,14.10150855,11.96658328,-2,-0.417498201132,2.20571994781,-0.185380145907,1.06034493446
97,4,H,12.71258839,6.18101698,10.9834322,1,0.184221833944,0.314292550087,0.00889607518911,1.14675450325
97,5,H,12,12,12,1,0.205537617207,-0.9592410326,-1.35670828819,2.22789597511
97,6,H,12.93485179,8.20110475,12.53065208,1,0.232799679041,-0.916236996651,3.90857076645,-1.72129297256
97,7,H,13.27424189,11.98892774,13.13802866,1,0.171883404255,0.464617133141,0.188144087791,-0.211724087596
97,8,O,14.16464119,12.27875941,13.00408877,-2,-0.465979427099,2.2891728878,1.57578587532,-0.0410182997584
97,9,H,11.93045562,14.31219307,14.54757949,1,0.269418507814,1.2385430336,-1.10154759884,0.893878519535
97,10,H,16.18811636,14.67913316,12.4812369,1,0.242415204644,-2.49338674545,0.447027951479,1.1505395174
97,11,H,13.65740289,13.06744937,10.06480747,1,0.242426276207,1.7276238203,-0.154753953218,0.0774277001619
97,12,H,15.8731914,13.73248409,11.62374157,1,0.243423253298,-2.39950919151,-0.778565108776,-0.145257368684
97,13,O,14.55424007,12.68551655,10.30985901,-2,-0.460276722908,-1.11501562595,2.45521879196,-5.12162065506
97,14,O,10.24986171,11.02015692,11.50106899,-2,-0.353700101376,-1.90392911434,0.0824873447418,2.95268321037
97,15,O,12.50920577,13.50169066,14.47968174,-2,-0.31352186203,0.155819222331,0.880586624146,2.00463271141
97,16,O,13.38469847,6.15044808,11.70081506,-2,-0.518057584763,1.5552533865,-1.92686545849,-1.92335426807
97,17,H,11.7782597,5.73211749,9.336159,1,0.284882217646,-0.662775397301,-0.026218328625,0.408650487661
97,18,O,12.37537472,10.20932122,10.07086762,-2,-0.352776646614,1.99929368496,3.18497252464,0.11752282083
97,19,H,10.32340825,13.85487638,10.99184711,1,0.239693939686,0.57861661911,-0.213222756982,-0.732044458389
97,20,H,14.40210056,13.33105347,13.04231311,1,0.183946549892,-0.608199775219,-3.970287323,-0.0783279240131
97,21,H,13.52118974,14.38242192,12.11883598,1,0.19431270659,-3.00778579712,-0.457014381886,-1.25455009937
97,22,H,10.92429251,12.22849473,10.01826602,1,0.228187695146,-0.696020960808,0.409842044115,-1.12172305584
97,23,H,12.30970329,9.4736566,11.42951489,1,0.195508286357,0.745950639248,-2.01188063622,1.04882216454
97,24,O,12.75567355,9.20675693,12.29176971,-2,-0.452962994576,0.0803331881762,-2.22148776054,1.83451116085
97,25,H,9.63663574,10.37674459,11.16641251,1,0.229690402746,-0.028810992837,-0.881347596645,-1.4726048708
97,26,O,9.56935526,13.68996299,11.54638454,-2,-0.451523959637,-0.187650695443,0.41378685832,0.592267394066
97,27,H,10.46395742,11.29836441,9.02626057,1,0.236652344465,-0.220383524895,-0.131606861949,-0.633935987949
97,28,H,13.01021093,10.49500176,9.39267513,1,0.239005982876,-0.312417626381,-1.27168059349,-1.41443860531
97,29,H,12.30906394,11.86061829,14.17137338,1,0.238693937659,-2.16391253471,-1.58021998405,-1.34244418144
97,30,H,9.4274621,14.59422465,11.83554864,1,0.244758442044,-0.575367510319,0.181682229042,0.345863640308
97,31,O,15.29861618,14.21029126,12.29023932,-2,-0.26314997673,5.66610336304,2.00520586967,-0.922136127949
97,32,O,11.82105389,11.34201728,13.39616576,-2,-0.306665062904,0.589127421379,0.894089818001,0.292041927576
97,33,H,13.28792013,13.41717705,15.11633071,1,0.269134432077,-1.68472230434,1.07584655285,-0.957490026951
97,34,H,12.37732773,13.67010461,12.85378372,1,0.184231877327,0.0136660709977,0.865251719952,-1.25633525848
97,35,H,10.60687872,5.734189,10.34405293,1,0.281835108995,-4.10567331314,-1.38743710518,0.410718083382
97,36,H,13.15401905,6.77846999,12.31714823,1,0.248871013522,-0.71947735548,1.30487513542,2.02429938316
97,37,O,10.54116584,12.25415344,9.10482143,-2,-0.483521848917,0.961449146271,-0.11417247355,1.21654891968
97,38,O,11.45851178,5.97976918,10.22175433,-2,-0.390303730965,3.67149782181,1.2578766346,-2.11129117012
97,39,H,12.86487386,10.89734645,10.63824749,1,0.244687154889,-1.47127687931,-1.21213006973,0.130986914039
98,0,H,12.07933004,10.45291232,13.48310541,1,0.223661914468,1.23994386196,-0.913503706455,0.804594516754
98,1,H,14.37898158,12.20577437,11.37174178,1,0.202686086297,2.16918945312,2.53514456749,-3.2152326107
98,2,H,9.73546908,11.26311413,12.41212204,1,0.228536322713,2.19254565239,0.56524425745,-1.34623217583
98,3,O,12.70731552,14.21139208,12.05409949,-2,-0.351068407297,0.446245521307,-0.64478635788,2.54353833199
98,4,H,12,12,12,1,0.235012471676,-1.79324841499,-1.47431600094,1.76120078564
98,5,H,13.10238493,8.4806402,12.61630255,1,0.260849773884,0.622432529926,-9.2554397583,1.07486796379
98,6,H,13.37285717,12.12340913,13.24947637,1,0.17716448009,1.36865770817,0.715721607208,-0.12062843889
98,7,O,14.30950092,12.40066109,13.19926595,-2,-0.363655328751,1.94521284103,2.19717741013,0.600480973721
98,8,H,13.75762973,13.1308178,10.19905046,1,0.227977186441,3.01982665062,-0.578517615795,0.403293550014
98,9,O,14.71470394,12.77662113,10.45343098,-2,-0.441974937916,-4.95852947235,-1.75836753845,2.65437960625
98,10,O,10.42066282,11.08632779,11.66091253,-2,-0.302349954844,-1.50457644463,0.638692438602,2.99804258347
98,11,O,12.56175303,10.23951503,10.18359289,-2,-0.348152816296,0.714395940304,0.893196284771,-4.16945362091
98,12,H,10.52503727,14.05059392,11.08926654,1,0.228868842125,-2.8893904686,-0.630586028099,1.88170230389
98,13,H,14.58116588,13.39929978,13.37045241,1,0.240789219737,-1.20296502113,-3.57867097855,-0.362986564636
98,14,H,13.60105906,14.50999824,12.35250234,1,0.225873351097,-0.569660186768,0.407334327698,-1.65055716038
98,15,H,11.01447376,12.47245912,10.21313914,1,0.227060779929,-1.51212632656,-0.531648874283,-3.30669975281
98,16,H,12.51490778,9.66955676,11.65114235,1,0.2028234303,0.720966160297,-2.69429850578,0.909717977047
98,17,O,13.00439284,9.297759,12.43415949,-2,-0.426726341248,-1.53615319729,10.8603153229,-0.85981118679
98,18,H,9.82127329,10.47420226,11.24859405,1,0.232002496719,0.151106864214,-0.868885934353,-1.5177038908
98,19,O,9.70493987,13.76093779,11.69167407,-2,-0.40216165781,2.62099528313,2.10959744453,-1.17244684696
98,20,H,10.58756327,11.40681092,9.18946323,1,0.239723682404,-0.0216374471784,-0.748919010162,-0.248404219747
98,21,H,13.12667942,10.73925086,9.4962023,1,0.240661501884,-1.07731366158,-2.07243585587,-0.236036926508
98,22,H,12.39822976,12.0968243,14.32996027,1,0.261050820351,-1.82996964455,-4.14377069473,-1.47284889221
98,23,H,9.43870599,14.63336936,12.07852406,1,0.23738771677,0.176330700517,-1.0204615593,-0.474104881287
98,24,O,11.98152729,11.41152008,13.59707291,-2,-0.273189485073,0.120254464447,5.70563554764,0.0144785866141
98,25,H,12.52148373,13.82193572,12.95600503,1,0.233774229884,-0.901670455933,0.793207287788,-1.48853838444
98,26,O,10.63385357,12.35514286,9.23719076,-2,-0.457675367594,1.67456567287,1.30808877945,3.02632713318
98,27,H,12.85743749,10.89545472,10.74885757,1,0.241049990058,0.614571332932,2.1852543354,2.96906232834
99,0,H,12.4095219,10.62826856,13.48544383,1,0.220783993602,1.47312998772,-0.885647654533,1.30166649818
99,1,H,14.57485919,12.3638277,11.48113669,1,0.208222478628,2.26136493683,2.4593834877,-3.42917203903
99,2,H,10.02127005,11.41231339,12.38807607,1,0.240067273378,-2.13059592247,1.66570484638,3.05195832253
99,3,O,12.95304647,14.36459115,12.0766578,-2,-0.381183117628,-2.40765738487,-1.14259004593,-0.0782301425934
99,4,H,13.11035101,6.33225796,11.21748971,1,0.27522456646,-0.902739405632,0.345416277647,-0.628344655037
99,5,H,12,12,12,1,0.246870055795,-1.98669779301,-1.19173157215,1.43785154819
99,6,H,13.32194951,8.48927052,12.6421929,1,0.230754822493,-0.564028084278,2.16912865639,-0.717978954315
99,7,H,13.59695947,12.32368768,13.29465704,1,0.197957411408,-0.10647764802,0.245302796364,0.128024145961
99,8,O,14.51353331,12.56776312,13.32400493,-2,-0.407982170582,0.365545332432,-5.79671525955,-1.81185150146
99,9,H,14.0516056,13.21892834,10.28356435,1,0.242068126798,-0.514054358006,0.837723195553,-0.611135780811
99,10,O,14.91252565,12.90632006,10.53737187,-2,-0.468437105417,-1.42806375027,-3.05097079277,3.86172842979
99,11,O,10.63955017,11.20358274,11.75971917,-2,-0.274213552475,1.19293797016,-2.83924555779,-3.84627914429
99,12,O,13.73196613,6.36530481,11.92550696,-2,-0.483933508396,0.872113764286,1.45004725456,2.24180579185
99,13,O,12.80378109,10.31992054,10.21489724,-2,-0.371915370226,1.27836716175,4.43456983566,-1.21175634861
99,14,H,10.65423306,14.26597806,11.23172574,1,0.238597452641,-1.39562165737,-0.260108351707,0.849172830582
99,15,H,14.74951146,13.36801712,13.59756378,1,0.259698569775,1.2313555479,5.10150003433,1.80606710911
99,16,H,13.71637391,14.70091729,12.45980167,1,0.236378490925,3.15217828751,1.82455873489,-0.42187333107
99,17,H,11.08816416,12.72446228,10.17948007,1,0.238599196076,-0.0135486163199,-0.0832333788276,0.667062520981
99,18,H,12.78930631,9.77400813,11.82762121,1,0.211291253567,-1.78990221024,-0.764641702175,-2.87183523178
99,19,O,13.30714667,9.46177458,12.50477599,-2,-0.396997600794,1.98783302307,-1.13479602337,4.50859260559
99,20,H,10.04435337,10.54702556,11.18507008,1,0.243001788855,2.28680062294,1.84498262405,1.08118641376
99,21,O,9.89700058,13.88263539,11.76271541,-2,-0.409539043903,1.2155277729,1.38385367393,-0.0920705795288
99,22,H,10.76060139,11.52699769,9.27857299,1,0.247316390276,0.155556231737,0.818585157394,-0.0517279803753
99,23,H,13.25380667,10.94603799,9.50995746,1,0.236361816525,-1.02898311615,-2.33575940132,1.13701760769
99,24,H,12.47136725,12.2550217,14.33930546,1,0.257695645094,0.0427490100265,-2.27192401886,0.5794698596
99,25,H,9.53951416,14.66923665,12.23380687,1,0.245314151049,0.213819473982,-0.726728916168,-0.496145427227
99,26,O,12.19182631,11.53796892,13.73063003,-2,-0.337554037571,-2.06202864647,3.15906381607,-2.33924531937
99,27,H,12.68515274,14.04443192,12.94034956,1,0.241877749562,-1.5869166851,-0.286681294441,0.0403378903866
99,28,H,13.57390118,7.16270764,12.51775308,1,0.254214406013,0.26640021801,-2.94572329521,-1.64274585247
99,29,O,10.7857768,12.50389622,9.31262979,-2,-0.476246982813,-0.0213786959648,-0.742335617542,-1.18374705315
99,30,H,12.91407358,11.02764706,10.92220692,1,0.235706761479,-0.0569851100445,-1.28098678589,-1.25780367851
100,0,H,8.36292484,10.9324605,13.55062371,1,0.224676012993,-1.14661121368,-1.03968119621,-1.60282921791
100,1,O,10.01688027,10.14459304,12.61585471,-2,-0.504781186581,1.17035388947,-4.34160470963,2.87567782402
100,2,H,14.42047771,13.72285143,11.92298105,1,0.259609758854,-1.23865830898,-1.53118813038,-2.62451386452
100,3,H,15.2958136,12.11777599,12.57859593,1,0.221138849854,1.23104786873,2.24555945396,0.0221366193146
100,4,O,12.74818241,9.23046206,14.08094468,-2,-0.545646190643,-2.46664428711,0.26159453392,-2.88307237625
100,5,H,13.8508491,11.59046244,12.8640495,1,0.240863516927,3.42470288277,-0.0307320132852,-1.02969098091
100,6,H,15.81357936,8.9762185,12.42997432,1,0.256056189537,2.82392287254,-2.91291880608,-10.4957876205
100,7,H,9.96278496,12.15378522,10.8952645,1,0.216708153486,1.32974123955,-1.6630692482,-0.181293934584
100,8,H,12.75604538,12.46200197,10.87318463,1,0.212306633592,-1.14574158192,-0.315656274557,1.69023239613
100,9,O,14.86225501,11.30962586,12.59351413,-2,-0.419028013945,-5.29683256149,-1.05374979973,0.561883032322
100,10,H,12.20748332,9.26550676,11.37158264,1,0.226828187704,0.367236673832,1.67696714401,0.423271417618
100,11,H,13.06325006,9.75103564,14.79070708,1,0.250904977322,0.195229053497,1.067450881,0.998659491539
100,12,O,12.73673522,13.03260093,12.48774422,-2,-0.466381847858,-2.52803659439,-3.39637184143,1.93904578686
100,13,H,13.72949646,9.67856056,9.61579093,1,0.222971558571,-1.8647787571,-0.0591377988458,-0.523974299431
100,14,H,9.04348588,15.59244541,13.78573019,1,0.19402512908,-1.2688652277,1.58761096001,0.888029396534
100,15,H,9.77204812,13.54327472,13.97628789,1,0.123472437263,0.0453908145428,-0.369688898325,0.341469287872
100,16,O,9.50974013,14.84724808,13.51837096,-2,-0.759244322777,1.5803604126,-2.01466965675,-0.886165380478
100,17,H,14.83552425,15.43043057,12.48168238,1,0.198760673404,-0.0894194766879,0.0850343555212,0.977537035942
100,18,O,14.99770468,14.00719089,12.57458661,-2,-0.424762874842,1.47733747959,1.66584396362,4.11814785004
100,19,O,13.40670092,12.66782481,10.24869748,-2,-0.39967545867,-0.674858212471,1.02932679653,-5.69544649124
100,20,H,8.2950152,10.13885287,12.1399668,1,0.236871644855,-1.76412129402,2.75907492638,2.85570573807
100,21,O,12.85307848,10.16465184,9.51974171,-2,-0.43228161335,3.80709385872,-0.262175112963,-2.00524687767
100,22,H,9.09897237,12.198255,13.66720674,1,0.201526224613,-2.24990129471,-0.751234769821,-0.846728444099
100,23,O,14.71106565,16.31169677,12.10281786,-2,-0.603485941887,-0.193101122975,0.707421004772,-2.23834300041
100,24,H,15.90254024,13.97185902,12.8504692,1,0.268031656742,0.628186523914,-0.596778512001,-1.06441771984
100,25,H,10.34877052,9.34310782,13.18424825,1,0.225124806166,-0.784735023975,2.35911893845,-1.73193895817
100,26,H,13.42094327,10.05832118,11.91258473,1,0.223435103893,0.0876991003752,-0.293536961079,0.0453628972173
100,27,O,7.73156224,10.79698631,12.7854685,-2,-0.542665183544,1.13329911232,-1.75414395332,-1.02059996128
100,28,O,12.47928384,10.15743971,11.73397502,-2,-0.371395260096,0.978843510151,-2.23202228546,1.25116336346
100,29,H,11.31826352,11.13707726,10.04436688,1,0.222659111023,-1.54075443745,0.418634444475,1.11641776562
100,30,H,12.66374658,13.15249506,13.51735914,1,0.207803830504,-0.679880023003,-0.461580753326,-2.95948839188
100,31,H,14.64138318,17.241527,12.06852944,1,0.25472253561,0.0342770144343,0.600096583366,0.97800976038
100,32,H,12,12,12,1,0.271739333868,1.11762237549,3.42174911499,2.49186682701
100,33,H,12.14669761,9.80047385,13.39711443,1,0.228511065245,2.25901842117,-1.48348677158,2.79000854492
100,34,O,9.91327105,12.46426425,13.98883852,-2,-0.509249031544,2.48237919807,1.99766218662,1.27403903008
100,35,H,9.11142556,13.38554829,12.34539384,1,0.229013502598,-0.223063334823,0.831370234489,-2.78246259689
100,36,O,9.18236575,13.43861917,11.27881562,-2,-0.425851404667,2.32595133781,-0.975768208504,1.93674576283
100,37,H,15.1370059,9.96086344,13.02557885,1,0.173626095057,1.13862037659,-1.07452893257,1.69649720192
100,38,H,10.65863134,10.45940617,11.92186883,1,0.200871303678,-0.765371918678,-0.433319330215,0.577856302261
100,39,O,10.73201705,11.28306623,10.83710801,-2,-0.445914566517,-0.818739414215,4.00978374481,-2.62818408012
100,40,H,13.31939207,11.03257631,9.71313881,1,0.190396204591,-1.11840975285,-0.222280442715,-0.124482139945
100,41,H,12.73526746,12.86541943,9.45309351,1,0.21919888258,2.49988389015,-0.207081824541,2.1308658123
100,42,H,10.10330804,13.83115507,11.31902304,1,0.233510792255,-1.52314603329,0.272140711546,-0.0337852686644
100,43,O,15.66129268,9.11466301,13.23342817,-2,-0.585001289845,-2.75652837753,2.47996449471,9.3778219223
101,0,H,8.65240078,10.8912136,13.5480659,1,0.217811256647,-0.84922516346,-1.10217344761,-0.692280828953
101,1,O,10.17651459,10.06891087,12.62450741,-2,-0.60779863596,0.740740954876,0.515882313251,-2.03422522545
101,2,H,14.31790487,13.52718354,11.96920952,1,0.251829564571,1.9864166975,0.649981081486,1.92593514919
101,3,H,15.49469455,12.11744229,12.58448247,1,0.212968975306,-0.390119433403,-0.873949408531,0.0540996044874
101,4,O,12.96362004,9.12854168,14.12823586,-2,-0.528176665306,-0.852937281132,0.447879701853,-0.0815708488226
101,5,H,14.06211388,11.52171279,12.90133303,1,0.233661234379,3.19334363937,-0.388406217098,-0.884572207928
101,6,H,15.90821486,8.66383359,12.29247285,1,0.228375449777,0.0405244790018,0.316839993,2.60535788536
101,7,H,10.15320203,11.86604419,10.91599529,1,0.241398349404,-1.3960095644,1.32114231586,0.350162982941
101,8,H,12.88538381,12.39900548,11.0833839,1,0.220556750894,1.7913954258,0.392560184002,-0.994388997555
101,9,O,15.06392768,11.23255866,12.63617436,-2,-0.403606176376,-3.44254255295,2.42934560776,0.373464763165
101,10,H,12.41953389,9.25829309,11.39161947,1,0.229045242071,-1.08038377762,-2.09096956253,-1.17812371254
101,11,H,13.28847297,9.72393717,14.81781412,1,0.249453619123,-0.26756054163,-0.153346091509,-0.251607745886
101,12,O,12.91532786,12.95807483,12.61366071,-2,-0.469451099634,-2.26337456703,-2.5502884388,0.55366063118
101,13,H,13.69804562,9.58922274,9.81021035,1,0.234077990055,6.90182733536,-4.41310691833,1.65852725506
101,14,H,9.1880879,15.53343709,13.89068319,1,0.19319653511,0.239933103323,-0.802006542683,0.168166309595
101,15,H,9.97804028,13.52638036,14.02773584,1,0.105107963085,-0.377785772085,-0.784863114357,0.140677139163
101,16,O,9.68966583,14.76465749,13.58202187,-2,-0.699242711067,0.307918310165,0.270601391792,0.0809235274792
101,17,H,15.0240134,15.29817841,12.65194503,1,0.168886274099,-1.16396963596,1.63302075863,-0.648925483227
101,18,O,15.12099767,13.92784384,12.62125162,-2,-0.382291853428,2.36011505127,0.172065079212,1.35192286968
101,19,O,13.5756241,12.53907144,10.34928275,-2,-0.356146395206,-2.38033914566,-0.668338835239,-1.69478392601
101,20,H,8.49508782,10.13003443,12.23353207,1,0.233651936054,-1.74325621128,2.25599694252,2.59229063988
101,21,O,12.99128502,10.0213574,9.60832915,-2,-0.496881127357,-4.6853094101,8.2394695282,-4.40496683121
101,22,H,9.244576,12.03044253,13.82731895,1,0.186336010695,1.34659433365,1.31241893768,0.464975863695
101,23,O,14.89993335,16.2187127,12.1197965,-2,-0.583076953888,0.00943377614021,2.18453073502,-1.1083958149
101,24,H,16.13155062,13.91125556,13.00026302,1,0.230156674981,-3.26813626289,-0.578597784042,-2.05813312531
101,25,H,10.53550648,9.42651468,13.15346614,1,0.235276371241,1.1685090065,-2.45177650452,2.08864212036
101,26,H,13.59341127,9.98445396,11.87170234,1,0.221485614777,0.171913325787,0.061110816896,0.336720526218
101,27,O,7.93425818,10.74701634,12.90002168,-2,-0.536234676838,0.50628054142,-1.59866893291,-1.72991132736
101,28,O,12.63841066,10.06117307,11.78128986,-2,-0.391597300768,1.86136567593,1.78717935085,3.10789084435
101,29,H,11.42714514,11.15011051,10.17383876,1,0.254372239113,-0.307718098164,-0.31261458993,-0.0842633098364
101,30,H,12.80154079,12.8936231,13.61248593,1,0.210664838552,-0.531901538372,0.28870010376,-1.91038131714
101,31,H,14.58640249,17.1872939,12.10816584,1,0.22547736764,0.700890898705,-3.11332726479,1.15764570236
101,32,H,12,12,12,1,0.25867113471,0.7205311656,1.5620623827,2.4104142189
101,33,H,12.33386901,9.63761574,13.5451343,1,0.236085578799,1.07693195343,-0.437955290079,1.17754888535
101,34,O,10.13226209,12.38243056,14.06155637,-2,-0.525077819824,-0.512859582901,1.2831351757,0.156186848879
101,35,H,9.23454268,13.33805476,12.34030717,1,0.223066717386,-0.342438310385,0.567961812019,2.66321921349
101,36,O,9.36539194,13.33708468,11.42265894,-2,-0.460389345884,4.61299324036,0.690584421158,-4.33464384079
101,37,H,15.41437145,9.90795298,12.97052055,1,0.158451661468,0.975804924965,-1.1969370842,1.30371677876
101,38,H,10.88590373,10.49186672,11.84296594,1,0.224292069674,-2.50988006592,-2.00804185867,3.26726746559
101,39,O,10.83826958,11.19516598,10.93330692,-2,-0.346264779568,1.79372262955,2.37787485123,-3.67453861237
101,40,H,13.4014892,11.12677486,9.76899657,1,0.185659497976,-1.09543478489,-4.22868061066,-0.113193064928
101,41,H,12.94543777,12.67500644,9.59222301,1,0.224273115396,1.08280205727,0.761562347412,0.566524624825
101,42,H,10.37492574,13.75046211,11.36834932,1,0.231573551893,-4.25599431992,-1.01313853264,0.702123343945
101,43,O,15.79964,9.0135944,13.25347854,-2,-0.53962790966,0.127188205719,-0.754720270634,-3.37915825844
102,0,H,8.80625738,10.67409036,13.34791755,1,0.222295060754,1.27325820923,0.14332818985,1.7917817831
102,1,O,10.23789043,9.85788935,12.46940922,-2,-0.616418838501,0.323328316212,-2.01148104668,0.72992169857
102,2,H,14.23752732,13.24239446,11.96273326,1,0.262303113937,1.96944999695,0.984686672688,2.18520545959
102,3,H,15.57397536,11.95504191,12.42429087,1,0.218254506588,-0.613924860954,-2.2065384388,0.061262819916
102,4,H,14.32388351,11.30108071,12.7236608,1,0.230934724212,-4.112865448,0.896277844906,1.20097386837
102,5,H,15.95741936,8.18730049,12.06364417,1,0.222479224205,-0.552889704704,3.00509977341,5.15361642838
102,6,H,10.16052622,11.517742,10.7933976,1,0.253369867802,-5.42538022995,4.25971078873,0.132519289851
102,7,H,8.80506313,16.48111952,16.12309304,1,0.24113471806,2.03759551048,-1.20048379898,-4.34816551208
102,8,H,13.00077406,12.23252969,11.0941962,1,0.217251256108,1.85120403767,-0.0545156896114,-1.89274847507
102,9,O,15.1542944,11.02328866,12.51292566,-2,-0.414799809456,4.42787122726,2.05247378349,-1.50932693481
102,10,H,12.50790602,9.00851523,11.20430636,1,0.222697347403,-0.763990402222,0.605329573154,0.315621733665
102,11,O,12.98237589,12.73475087,12.57628646,-2,-0.411693513393,-3.753647089,-2.34472608566,-3.82737493515
102,12,H,13.84628627,9.16900647,9.89105816,1,0.220009103417,-2.81447196007,2.7194788456,-1.89259231091
102,13,H,9.26242014,15.26402858,13.79805065,1,0.184384196997,0.392836868763,-0.26922750473,-0.282272338867
102,14,H,10.07352884,13.27538606,13.89661344,1,0.119246155024,-0.208537355065,-0.672049701214,0.366224467754
102,15,O,9.76789251,14.54260453,13.47970098,-2,-0.731207370758,0.851689696312,-1.47328650951,-1.6269415617
102,16,H,15.0512914,15.068316,12.62815618,1,0.18339958787,-1.35172700882,2.49218440056,-2.10580444336
102,17,O,15.14556135,13.71474965,12.51020575,-2,-0.410213828087,2.48365020752,-0.472400814295,1.1913100481
102,18,O,13.63817675,12.26873583,10.28260163,-2,-0.394485116005,0.928336441517,-1.01293635368,3.23451709747
102,19,H,8.53480488,10.08099073,12.26555341,1,0.235396489501,1.63000977039,-2.68217277527,-3.59934616089
102,20,H,8.32485924,15.87379158,14.73791566,1,0.249456867576,1.3095934391,0.373505234718,0.668940067291
102,21,O,13.01968557,9.76499553,9.52121375,-2,-0.485507756472,4.29972934723,1.24776768684,-1.72651088238
102,22,H,9.36422856,11.79311543,13.82855142,1,0.194460108876,1.02565252781,1.11195802689,0.490311533213
102,23,O,9.20878656,16.17223182,15.10779112,-2,-0.440788120031,-4.21644449234,2.4854722023,5.78179073334
102,24,O,14.98970083,15.99032597,11.97047252,-2,-0.614672660828,-0.67405885458,1.51343309879,0.59155356884
102,25,H,16.14820786,13.65065544,12.8588136,1,0.225230783224,-3.14604330063,-0.348467051983,-1.63516354561
102,26,H,10.66254726,9.2624669,13.05708472,1,0.23727221787,0.590885341167,-0.665059924126,0.81714206934
102,27,H,13.66605256,9.76202815,11.67653505,1,0.218861103058,-0.0714881122112,0.387045621872,0.540604889393
102,28,O,8.03840042,10.55337533,12.84480151,-2,-0.546607613564,-4.95156764984,2.13084983826,1.78383135796
102,29,O,12.70138,9.83462591,11.67601652,-2,-0.431043982506,1.44329786301,-1.17699694633,2.90405011177
102,30,H,11.41894518,11.05508319,10.1444472,1,0.263904809952,1.60297679901,-0.285436421633,-2.22006869316
102,31,H,12.82597411,12.47380964,13.46225739,1,0.2284258008,-0.519174456596,-0.0926459878683,1.81578469276
102,32,H,14.42507451,16.85374947,12.03401141,1,0.221042439342,1.49600613117,-3.07412290573,0.70455378294
102,33,H,12,12,12,1,0.26402041316,2.11354994774,2.13458228111,2.95360159874
102,34,O,10.25163114,12.17213594,13.97068348,-2,-0.532124936581,-0.125528469682,0.87574249506,0.275867134333
102,35,H,9.26260775,13.18506617,12.28315732,1,0.229743540287,-0.397983461618,1.08972132206,3.09682822227
102,36,O,9.46346293,13.09881107,11.39125438,-2,-0.500264465809,0.984094262123,-1.0001398325,-4.92309141159
102,37,H,15.61362371,9.67333866,12.82536046,1,0.180790275335,0.214247450233,0.198864474893,-0.0988760888577
102,38,H,10.8896263,10.29543482,11.7416862,1,0.213575154543,-1.3530061245,-2.40190720558,3.43503046036
102,39,O,10.85029976,10.97609741,10.8578178,-2,-0.360693514347,4.20439338684,0.279897063971,-3.23150801659
102,40,H,13.33583024,10.87208838,9.66626134,1,0.186344459653,-0.127242103219,-4.83337831497,0.165731459856
102,41,H,13.09517995,12.38507481,9.57680153,1,0.232486471534,-2.37030124664,1.67248284817,-3.48583030701
102,42,H,10.34972022,13.49071016,11.29158534,1,0.242733001709,-0.881550073624,0.365360766649,0.66758865118
102,43,O,15.83733122,8.77717062,13.10743563,-2,-0.530981421471,0.978165924549,-4.74728012085,-4.6505446434
103,0,O,11.25821383,14.15778722,15.00067892,-2,-0.509556949139,-0.652047097683,2.87034201622,-3.07047533989
103,1,H,8.85210016,10.32156175,13.07314005,1,0.204874515533,-1.53155732155,-0.164161503315,0.235106796026
103,2,H,12.10663233,12.0114632,14.77665055,1,0.203247904778,1.80733883381,0.04045041278,1.94354784489
103,3,O,10.14726989,9.50076031,12.16702708,-2,-0.475531876087,-3.0218026638,-8.53573322296,10.2227582932
103,4,H,14.16170043,12.90524722,11.92337118,1,0.239487975836,1.69691097736,0.179559975863,0.731422483921
103,5,H,15.47982221,11.56030554,12.10374627,1,0.209296166897,0.446923822165,-0.619407594204,-0.283602803946
103,6,H,14.23533003,10.98140274,12.43156678,1,0.217906802893,-1.11550867558,-0.199946328998,0.477267622948
103,7,H,9.80213329,11.21117208,10.53250173,1,0.259565353394,3.11367678642,-0.942546904087,0.772934675217
103,8,H,8.79278967,16.09270664,15.67680457,1,0.25237262249,-0.42887878418,0.526169657707,1.19143736362
103,9,H,13.05862386,11.93865205,10.84418146,1,0.192602097988,-1.35543429852,0.0888720080256,1.12547719479
103,10,O,15.10520323,10.67849549,12.22438879,-2,-0.511090219021,1.14556193352,-0.515854656696,-0.0749493539333
103,11,H,12.4376847,8.625092,10.88332749,1,0.217876374722,-0.392672419548,1.80346655846,1.15398335457
103,12,H,11.21639857,14.08082511,13.90772908,1,0.213976264,-0.737711787224,0.495141476393,3.43383693695
103,13,O,12.88106035,12.36019995,12.37199629,-2,-0.347997158766,-4.35046291351,-2.1420135498,0.37666285038
103,14,O,13.01083923,12.47023218,14.98006429,-2,-0.506010532379,-3.55844926834,0.00523091852665,-3.27884507179
103,15,H,9.17885094,14.83889627,13.54773835,1,0.186411365867,-0.670267224312,1.17590260506,0.0604919493198
103,16,H,10.00763705,12.79926571,13.60074057,1,0.167567789555,0.00597624760121,0.985825717449,0.357643336058
103,17,O,9.69659895,14.17401005,13.21358829,-2,-0.669356703758,0.800665378571,-2.74872946739,-3.16938400269
103,18,H,14.8586522,14.7897686,12.33149819,1,0.202756628394,0.064226552844,1.37672746181,-1.98104679585
103,19,O,15.01890339,13.36166312,12.24589731,-2,-0.461308479309,-1.96688890457,1.15290093422,0.134843185544
103,20,H,9.97223535,10.78649821,15.42284273,1,0.24144898355,1.03454434872,1.65811181068,-0.891299068928
103,21,O,13.55051382,11.85229133,10.06779316,-2,-0.48527187109,0.898661851883,0.0138728320599,-5.00853538513
103,22,H,8.50323203,9.76375778,11.96611023,1,0.215174257755,-1.18863844872,-0.416730970144,-1.01139235497
103,23,O,10.3870818,9.95627961,15.30961886,-2,-0.497566044331,1.78222692013,-4.55768442154,-0.0944978445768
103,24,H,8.23680047,15.40993762,14.36833503,1,0.266471624374,2.57033014297,1.33192169666,2.12691950798
103,25,H,9.38585731,11.47225021,13.66289688,1,0.188814759254,-2.24059844017,-1.14707589149,-0.842911243439
103,26,O,9.11752378,15.76851775,14.8550607,-2,-0.410317867994,-3.5919303894,0.176589846611,-1.23004472256
103,27,H,8.47422202,11.71992583,14.80573512,1,0.214960336685,-2.52337670326,-0.34778341651,1.06381750107
103,28,O,14.92553895,15.62253377,11.66693425,-2,-0.544732511044,-1.11837375164,0.514840066433,1.24131345749
103,29,H,15.89971937,13.19816374,12.4580348,1,0.249437406659,1.70885372162,-1.06649076939,0.149535104632
103,30,H,10.6479409,8.88937852,12.84794844,1,0.229706734419,-1.50070500374,1.6147800684,-2.55209302902
103,31,H,8.70155739,10.36994264,15.16676536,1,0.180587261915,-3.21933603287,-0.239482626319,0.281485319138
103,32,H,13.57731478,9.40576062,11.35094405,1,0.223111927509,0.474962264299,0.700588464737,0.399682253599
103,33,H,13.02672674,15.39790676,11.30129964,1,0.208175688982,-3.5120973587,-3.86479663849,-2.44406867027
103,34,O,7.97768629,10.22366917,12.63435278,-2,-0.542245984077,0.290053606033,0.167665570974,0.0751139521599
103,35,O,12.61522211,9.46799933,11.42147338,-2,-0.421835958958,1.20905470848,-3.22209835052,-1.31435525417
103,36,H,11.31522288,10.84209879,9.87381727,1,0.245119184256,-0.454302161932,-0.0682609081268,0.425543040037
103,37,O,12.20176265,14.68126087,10.89195633,-2,-0.447613179684,4.05277872086,2.13984084129,-1.66087436676
103,38,H,12.70316633,11.89608198,13.2251388,1,0.223863393068,1.39642834663,0.591468811035,0.178207427263
103,39,H,14.17331612,16.22020617,11.85017184,1,0.229119181633,1.12507367134,0.0999134033918,0.338924735785
103,40,H,12,12,12,1,0.237752467394,0.926894724369,1.08655881882,0.172621488571
103,41,O,7.86591561,10.97497653,15.13776076,-2,-0.490893363953,3.89695167542,0.740441977978,-0.122914753854
103,42,O,10.22120563,11.82905722,13.72175981,-2,-0.424042761326,3.12698483467,1.24481797218,0.414874881506
103,43,H,9.14947058,12.93870168,12.1951532,1,0.233279913664,0.864218592644,0.404346585274,-3.07002401352
103,44,H,10.6242664,14.98156814,14.93675867,1,0.197445273399,1.67170643806,-2.42072892189,0.646807610989
103,45,O,9.41073755,12.71481354,11.18911653,-2,-0.508346319199,-5.79979944229,-2.66333794594,1.76191401482
103,46,H,10.70472174,9.5796045,14.41270613,1,0.254835546017,-1.23148214817,2.47164440155,2.27525520325
103,47,H,10.69669785,9.87099639,11.60506623,1,0.196902364492,4.96744441986,2.02002096176,-3.34623503685
103,48,O,10.72153777,10.61913337,10.61487677,-2,-0.459005713463,-1.86030864716,5.12990045547,-6.21930885315
103,49,H,12.55155634,14.40624104,9.92115157,1,0.219738826156,-0.787954747677,1.2884323597,3.58276152611
103,50,H,12.59405719,13.22834531,14.37188765,1,0.216397002339,2.39479517937,-0.889875590801,2.75877285004
103,51,H,12.99976388,12.04212112,9.24963489,1,0.229382783175,0.976287186146,-0.271273106337,1.8710912466
103,52,H,10.18101261,13.1396899,11.08459775,1,0.243056535721,4.36105060577,2.94766616821,-0.315192818642
104,0,O,11.23294027,13.75153933,14.76409199,-2,-0.445198953152,0.244849413633,-1.67100763321,-2.92975330353
104,1,H,8.90764167,9.90303768,12.84236326,1,0.196184247732,-2.25724768639,-0.912312090397,-0.722602128983
104,2,H,12.13263041,11.64171154,14.33840168,1,0.197102770209,0.789594709873,-1.62722909451,2.837413311
104,3,O,10.1200838,9.05831391,11.91864431,-2,-0.479962795973,0.944586515427,-3.61540126801,3.68446731567
104,4,H,14.22015771,12.51856062,11.94095429,1,0.211809247732,-5.03198862076,-4.30500984192,-0.386919230223
104,5,H,15.50511901,11.10757253,11.78215512,1,0.219475805759,0.845819115639,0.931608319283,-0.645389735699
104,6,H,14.10979382,10.59128136,12.17206415,1,0.215377807617,4.6776804924,-1.90888512135,-1.10916221142
104,7,H,9.67400655,10.77883943,10.33521612,1,0.274328649044,4.3066444397,-1.93720018864,0.410957992077
104,8,H,13.12586523,11.60184545,10.65774464,1,0.19399882853,-1.12577807903,0.547696650028,0.802592813969
104,9,O,15.13144103,10.27394593,11.94863523,-2,-0.527669370174,-4.77883815765,-0.943228542805,1.57028532028
104,10,H,11.24026145,13.42376425,13.78953339,1,0.24346986413,0.104576483369,0.97803413868,2.4697265625
104,11,O,12.84411862,11.91717883,12.19022676,-2,-0.336286395788,3.23097229004,-2.8239672184,4.49039316177
104,12,O,12.95621607,12.03577484,14.77945709,-2,-0.481660276651,-2.64721488953,-0.479408919811,-2.80430984497
104,13,H,10.01113658,12.30898679,13.32663317,1,0.224769592285,-0.0420342460275,1.80012798309,0.21285533905
104,14,H,14.73869093,14.51211678,11.95661139,1,0.204372793436,1.43836963177,-4.28110027313,1.94599032402
104,15,O,14.95731349,12.95472676,12.0013776,-2,-0.457405358553,6.70762777328,4.95933294296,1.04132628441
104,16,O,13.53823339,11.37400409,9.85753531,-2,-0.494347125292,-0.195039838552,-0.107147686183,-5.54843091965
104,17,H,8.52164318,9.33293689,11.61381676,1,0.222972422838,-2.8146750927,1.55421233177,2.76859092712
104,18,H,9.39211595,11.04875648,13.47994967,1,0.200111076236,0.325273454189,-0.66261190176,-0.464861929417
104,19,H,8.40988855,11.16644042,14.47989159,1,0.242059037089,-0.391529560089,2.42234969139,-0.273030847311
104,20,O,14.92955065,15.19317926,11.38695573,-2,-0.495745956898,-2.0683054924,4.65185165405,-1.33664536476
104,21,H,15.83271557,12.60516872,12.0632486,1,0.251391172409,0.0728658288717,-0.352212309837,0.122070893645
104,22,H,10.61034104,8.51904824,12.54171085,1,0.246237620711,-0.294039070606,-0.619442760944,0.421887218952
104,23,H,8.56220381,9.97439564,15.03309077,1,0.251390397549,1.81194782257,-3.16867303848,1.3636559248
104,24,H,12.84654928,14.94947646,11.041526,1,0.23111063242,-1.95018780231,-2.10512375832,-1.21604800224
104,25,O,7.98790694,9.8349791,12.44004235,-2,-0.527269601822,2.82277345657,-1.08492338657,-2.70221018791
104,26,H,11.23980662,10.59090785,9.65858072,1,0.255089521408,-0.619983911514,-0.469482898712,0.713946580887
104,27,O,12.19760171,14.24493054,10.66556389,-2,-0.445690602064,-0.274789810181,2.31994962692,4.49905824661
104,28,H,12.71293105,11.2911019,13.00797413,1,0.243352770805,1.34183859825,1.34327065945,-1.88611841202
104,29,H,14.052775,15.5311918,11.69866432,1,0.22991938889,1.20241236687,1.95204675198,-0.771470785141
104,30,H,12,12,12,1,0.241949394345,-6.85752391815,0.912391781807,-2.32863998413
104,31,O,7.86029995,10.53806867,14.88745478,-2,-0.506243467331,-2.19549703598,1.0307662487,0.643320977688
104,32,O,10.2741291,11.43001513,13.49076409,-2,-0.369449883699,0.624476611614,-0.833390474319,0.512244999409
104,33,H,9.18214578,12.65512534,11.96012375,1,0.23354062438,-0.239298015833,-1.54239654541,-3.50882863998
104,34,H,10.67821768,14.47376676,14.61249272,1,0.245114251971,-1.54052114487,2.47215652466,0.322660148144
104,35,O,9.41428267,12.26351792,11.01004729,-2,-0.393410056829,1.56263649464,4.55818319321,2.92391848564
104,36,H,10.78663562,9.47994607,11.34601726,1,0.182099878788,0.314188420773,-0.434231221676,0.248444005847
104,37,O,10.6602352,10.22179503,10.36985712,-2,-0.42406013608,-1.84803152084,5.41807365417,-6.10333776474
104,38,H,12.53942635,14.12863604,9.83885659,1,0.254591345787,1.53092861176,-0.639996170998,-3.69061851501
104,39,H,12.58538618,12.74937314,14.19125118,1,0.208990976214,3.01209163666,1.02189731598,1.78934442997
104,40,H,13.02087828,11.66001909,9.00080841,1,0.236573308706,1.52233934402,-0.674693822861,2.9773619175
104,41,H,10.2685065,12.85969708,10.88657926,1,0.227016538382,-2.26197123528,-1.67487406731,-0.344134062529
105,0,O,11.51091462,13.34054041,14.63683296,-2,-0.533045291901,1.91084289551,1.73515212536,3.94671010971
105,1,H,9.16496865,9.45540844,12.70447789,1,0.202919483185,1.11513960361,-0.380614876747,0.85120421648
105,2,H,12.48420696,11.18404872,14.16405627,1,0.203664988279,-0.650808632374,-1.33995306492,1.56843101978
105,3,O,10.38597585,8.60411775,11.80027909,-2,-0.591633319855,2.32790756226,0.710874795914,-2.07924294472
105,4,H,14.37268228,11.98263976,12.06008716,1,0.194560080767,1.79450845718,0.997353792191,-0.00726160034537
105,5,H,15.88093066,10.71147367,11.54272966,1,0.21790984273,-1.07104337215,-1.82185268402,-0.0793431475759
105,6,H,14.46361196,10.11775952,11.9630117,1,0.22465851903,2.96636962891,-0.720142424107,-0.825841963291
105,7,H,10.05263402,10.26778946,10.28903106,1,0.258630126715,-1.34521234035,1.15655815601,0.897500157356
105,8,H,9.01727224,15.39124181,15.37101517,1,0.253162503242,1.30948293209,-2.51564645767,-3.6956076622
105,9,H,13.41172648,11.28760644,10.62873745,1,0.188382789493,0.895193457603,-1.03956520557,-2.57643318176
105,10,O,15.43740155,9.86816962,11.78527007,-2,-0.524873197079,-1.37729024887,0.304647505283,0.566071331501
105,11,H,11.51527853,12.82578177,13.888881,1,0.22747002542,-0.720199167728,-1.30838656425,-2.32627391815
105,12,O,13.10951372,11.46664203,12.13454805,-2,-0.345896065235,-5.0157456398,1.07042956352,-0.507941067219
105,13,O,13.18820402,11.59889868,14.68161649,-2,-0.518646478653,0.684055745602,-3.80234313011,0.957218170166
105,14,H,9.39464874,13.89405178,13.20362676,1,0.193769186735,0.386572182178,-0.588603138924,-0.828025281429
105,15,H,10.28661262,11.97675292,13.15265554,1,0.146391555667,0.0921366363764,0.260002672672,0.444874882698
105,16,O,10.00069411,13.29909739,12.80164347,-2,-0.631482064724,-0.257466226816,-0.44780138135,-2.12097930908
105,17,H,14.98568376,14.03726066,11.78752608,1,0.184264808893,2.62306880951,-2.51140213013,0.061358384788
105,18,O,15.20587717,12.56068709,11.87085424,-2,-0.478098481894,2.96259498596,-3.23630046844,0.43940359354
105,19,O,13.82266349,10.89541399,9.74210833,-2,-0.53585600853,-0.339418411255,-0.0425193272531,2.54550766945
105,20,H,8.70299181,8.9861626,11.52552267,1,0.225273787975,-1.72279453278,0.814528048038,1.41180539131
105,21,O,7.21816999,12.42763469,15.15030379,-2,-0.572155416012,0.872094511986,-0.995067477226,1.04558694363
105,22,H,8.62100501,14.58038305,14.0534685,1,0.25582921505,-4.20803022385,-0.753206253052,-1.22384428978
105,23,H,9.72883616,10.60605148,13.38318247,1,0.190328165889,2.21857047081,0.28063634038,-0.478439122438
105,24,O,9.36424647,14.81963071,14.49739336,-2,-0.421305000782,1.4685562849,5.29348659515,6.93804883957
105,25,H,8.62929003,10.70175713,14.23906806,1,0.237517312169,1.03106975555,0.656921863556,-0.821153044701
105,26,O,15.22154607,14.77326985,11.2177355,-2,-0.530719935894,-3.55969786644,2.78535962105,0.919062435627
105,27,H,16.10981596,12.0061877,11.79749138,1,0.228792071342,-3.33547782898,2.89865326881,0.687553405762
105,28,H,10.85467133,8.08949894,12.36412466,1,0.235773399472,1.67265343666,-2.86438274384,3.05884981155
105,29,H,8.76442691,9.44054032,15.0853147,1,0.244347080588,-0.0575622282922,0.38091263175,-0.20464938879
105,30,H,12.89355634,14.459715,10.86678364,1,0.2468316257,5.09403944016,9.09617233276,5.01908445358
105,31,O,8.30034649,9.44053335,12.34457443,-2,-0.527231216431,-1.64025437832,-0.716829538345,-2.86325240135
105,32,H,11.40420887,10.3581098,9.61647011,1,0.267224699259,0.869510352612,0.592241883278,-0.674371004105
105,33,O,12.48626862,13.80887041,10.56365169,-2,-0.449768126011,-5.36394548416,-8.72209453583,-4.89601707458
105,34,H,13.05480968,10.76245813,12.80787283,1,0.243545651436,-0.435914546251,0.446388721466,-0.514759123325
105,35,H,14.2949824,14.96713935,11.60972168,1,0.222229391336,1.59640157223,2.13921880722,-1.47482442856
105,36,H,12,12,12,1,0.320610165596,3.47036504745,-2.13675189018,0.631827235222
105,37,O,8.14400484,10.10191062,14.7471178,-2,-0.487854748964,-1.05772721767,-1.74967420101,2.14426779747
105,38,H,7.95019114,11.96098273,14.60391601,1,0.269105046988,-2.71248364449,2.43040704727,0.764918029308
105,39,O,10.62748621,11.02581867,13.37171147,-2,-0.440290659666,-1.0665102005,-0.708774268627,0.446080565453
105,40,H,9.55062375,12.38262818,11.71149774,1,0.166380316019,-1.44346666336,0.801780164242,1.64475929737
105,41,H,10.95311088,14.05902959,14.39909195,1,0.220407783985,-0.707374989986,0.723198711872,-0.242910593748
105,42,O,9.71665326,11.81959294,10.94395981,-2,-0.462879210711,3.0084502697,2.59553909302,-2.57463574409
105,43,H,11.20863023,9.12969575,11.16722168,1,0.22838434577,-3.25903248787,-1.41221725941,1.77343428135
105,44,O,10.88849852,9.84330599,10.21645583,-2,-0.403504490852,2.37160944939,0.0659699216485,-3.68887448311
105,45,H,12.88181201,13.827456,9.68635896,1,0.245940029621,-0.180968239903,-0.678575575352,-0.352832168341
105,46,H,13.02262371,12.35591939,14.21268094,1,0.219634830952,0.857215166092,4.1998796463,-0.618176162243
105,47,H,13.41613935,11.27210011,8.99235834,1,0.238169252872,-0.677167654037,0.862520992756,-1.12741732597
105,48,H,6.54874588,13.12386111,15.12868857,1,0.248832762241,1.05990946293,-0.318780899048,-1.43181180954
105,49,H,10.52982887,12.50787961,10.80174294,1,0.204298764467,-2.45272660255,-2.48734784126,-0.528640329838
106,0,O,11.65620765,13.0257578,14.50545472,-2,-0.497340261936,-1.13959658146,3.26889920235,0.143123060465
106,1,H,12.66189994,10.73917963,14.05713314,1,0.209945693612,-0.708431601524,0.386326938868,-0.0942162722349
106,2,H,14.42786314,11.59362631,12.1519356,1,0.196610406041,0.550722420216,1.28672432899,-1.29917860031
106,3,H,16.09144739,10.3363038,11.28351731,1,0.227340459824,-1.2499024868,-1.6412153244,-0.0638853013515
106,4,H,14.75781706,9.71389429,11.6980937,1,0.241725280881,-6.57694339752,1.74381053448,0.156965941191
106,5,H,11.39422934,14.37438721,12.94591963,1,0.222980201244,0.145404443145,0.424479603767,-1.10734128952
106,6,O,13.0548889,15.9676537,9.95552138,-2,-0.421149820089,0.18446174264,2.7815694809,0.690099298954
106,7,H,13.58583456,11.00600475,10.46307904,1,0.195017009974,0.902361690998,-1.50613391399,-2.02091002464
106,8,O,15.60084214,9.55567117,11.60475335,-2,-0.523213088512,8.29844379425,-2.02140212059,-0.403122603893
106,9,H,11.61324564,12.26913409,13.88089054,1,0.224542886019,-0.678456664085,1.01511955261,1.15060687065
106,10,O,13.22436934,11.11099066,12.06160804,-2,-0.413567870855,-1.5426158905,3.99714946747,-1.89274287224
106,11,O,13.28318226,11.24650763,14.56962809,-2,-0.516169548035,2.17717814445,2.15531086922,0.824949204922
106,12,H,9.52970905,13.47127759,13.0417898,1,0.231240302324,-1.91545188427,1.09250545502,1.1199940443
106,13,H,10.42699412,11.74835749,12.97590515,1,0.156554684043,0.356362432241,-1.50012636185,0.558977067471
106,14,O,10.16327667,12.95141909,12.62534117,-2,-0.491686701775,1.13382792473,0.236680060625,-1.47269594669
106,15,H,15.22781222,13.49591842,11.63668616,1,0.128241807222,2.14239883423,1.41589152813,-2.14865493774
106,16,O,15.32539912,12.25011687,11.72652649,-2,-0.45491823554,-0.0787125080824,-3.61404800415,1.64404213428
106,17,O,13.96827655,10.50896543,9.61805081,-2,-0.53419905901,-0.837497472763,1.05135059357,1.77898848057
106,18,H,10.03603689,10.26486347,13.25559092,1,0.203631386161,-1.17831027508,-1.79018175602,-0.361616939306
106,19,H,8.75142144,10.37120002,13.96390755,1,0.268395185471,-0.32164350152,-1.46899461746,1.85945820808
106,20,O,15.36276028,14.45062047,11.03712882,-2,-0.569341361523,-1.52740991116,-0.877213835716,1.70591211319
106,21,H,12.8808905,16.66790229,10.62821144,1,0.230166614056,0.941680788994,1.12584888935,-2.05956983566
106,22,H,16.11154044,11.67539144,11.54582864,1,0.234714627266,-1.13816130161,2.19349861145,0.63700145483
106,23,H,8.83045065,9.04423196,15.13453075,1,0.252986103296,-0.92691552639,2.86286520958,-2.34153389931
106,24,H,12.99573032,14.36948773,10.86294533,1,0.217070221901,-0.8102170825,-4.40018749237,-1.46376466751
106,25,O,12.62253783,13.44435595,10.43957389,-2,-0.401786655188,2.46957039833,3.35942983627,-2.39734077454
106,26,H,13.21661138,10.33703026,12.56200946,1,0.219451904297,-0.77066886425,-1.77990019321,1.14562022686
106,27,H,14.49295521,14.63734026,11.42588426,1,0.199435174465,0.752586901188,1.39086186886,-0.428717792034
106,28,H,12,12,12,1,0.27631393075,2.34800410271,-2.46426224709,-0.260066628456
106,29,O,8.2840918,9.75257176,14.5931414,-2,-0.53682410717,0.629757702351,-1.28853714466,0.876691579819
106,30,O,10.83941349,10.71655519,13.23524486,-2,-0.485319495201,1.10892260075,2.27428507805,0.117587715387
106,31,H,9.72584796,12.23705419,11.50460561,1,0.137974590063,-1.82550442219,-1.0927593708,0.806746721268
106,32,H,11.02982559,13.79286782,14.17256777,1,0.215849339962,1.95381343365,-3.62869930267,1.5827524662
106,33,O,9.88834006,11.4771622,10.85529554,-2,-0.526935279369,-1.35350835323,-0.123839758337,-0.4360447824
106,34,H,13.34156978,16.47996601,11.86112078,1,0.223141178489,2.28208112717,-0.154997691512,2.73147320747
106,35,O,14.12201923,16.49581245,12.51179586,-2,-0.47935116291,-1.87153029442,0.699781239033,-0.623264968395
106,36,H,12.40588377,15.4934473,10.41561776,1,0.223002627492,-2.61054682732,-2.14303016663,-0.384890377522
106,37,H,13.08363033,13.57173309,9.43860068,1,0.207180559635,-1.71028232574,-0.594896435738,4.26303672791
106,38,H,13.39092154,12.21969235,14.20765774,1,0.234785303473,-0.552802503109,-3.38789868355,1.02021050453
106,39,H,13.73414348,16.80983437,13.35017723,1,0.240045726299,0.170395970345,-0.327416598797,-0.602361679077
106,40,H,13.64819733,11.04207095,8.9004962,1,0.23864236474,-0.171171069145,0.244531065226,-0.578413426876
106,41,H,10.53178769,12.12239868,10.65865636,1,0.224400490522,2.92062926292,0.410464823246,-2.42207407951
106,42,O,11.45862155,15.35065303,12.89451652,-2,-0.464557290077,0.0680195614696,-1.1664390564,-3.92649960518
106,43,H,11.39568333,15.60669318,13.75178092,1,0.234973996878,-0.0403397455812,1.5547952652,3.97467041016
107,0,O,11.68782653,12.81854604,14.38763269,-2,-0.506296753883,-0.363989472389,-0.238509088755,-0.585696578026
107,1,H,12.69063642,10.41591751,13.95429346,1,0.208463534713,0.17031018436,1.78395581245,-0.341112524271
107,2,H,14.38256353,11.39301017,12.17935952,1,0.208737850189,-1.4906514883,-0.362466275692,-1.86474382877
107,3,H,11.60024628,14.17943873,12.94925221,1,0.224947884679,0.244628459215,0.716555535793,-0.737107157707
107,4,O,13.06410757,15.78041139,9.83773542,-2,-0.413505077362,-0.375021994114,-0.444837212563,-0.833090245724
107,5,H,13.67878635,10.74287586,10.24339761,1,0.213561058044,-0.390808314085,0.106379777193,1.60728681087
107,6,H,11.57311121,11.86845001,13.91630775,1,0.217367827892,-0.190299838781,2.69754600525,2.01746416092
107,7,O,13.22676293,10.86612761,11.99387744,-2,-0.463183701038,0.0531357340515,1.4777276516,0.305336147547
107,8,O,13.27442151,11.00103914,14.47335822,-2,-0.50520670414,2.85519742966,2.15708398819,2.01873040199
107,9,H,9.51794183,13.17824391,12.9364069,1,0.234479993582,0.453695893288,-0.417706996202,-0.234659537673
107,10,H,10.47132855,11.56047358,12.83312074,1,0.167328059673,0.364995658398,-2.14707827568,0.423622757196
107,11,O,10.21670055,12.6999361,12.4534235,-2,-0.419709324837,-1.07415902615,2.40335941315,0.194404229522
107,12,H,15.46325339,13.07403016,11.41183778,1,0.125480741262,-0.216188371181,2.4193174839,-1.17192685604
107,13,O,15.32834308,12.03008145,11.60114056,-2,-0.418984949589,-4.66843032837,0.529245257378,3.89686536789
107,14,O,13.99988274,10.22687904,9.51133972,-2,-0.527726054192,-0.44817134738,2.05678272247,-3.93140411377
107,15,H,10.18909717,9.96733984,13.1391518,1,0.213062554598,-1.1726847887,-0.962678790092,0.0309289619327
107,16,O,15.38680292,14.22280512,10.87696304,-2,-0.671262979507,2.56361627579,-0.993718326092,-0.869492053986
107,17,H,12.77093108,16.28899567,10.54826985,1,0.23511788249,-0.108444519341,4.4985575676,1.09300398827
107,18,H,15.99808461,11.55562188,11.309808,1,0.265099406242,4.70032787323,-3.55327987671,-2.11040592194
107,19,H,12.94703871,14.20463532,10.82194321,1,0.234472841024,-0.468347489834,-5.83234643936,-1.97969651222
107,20,O,12.65377172,13.18901597,10.32042133,-2,-0.40220823884,1.63123488426,4.6152472496,-0.309441298246
107,21,H,13.21104736,9.93848023,12.37479598,1,0.203388556838,-0.240389630198,1.74417805672,-0.813495337963
107,22,H,14.59562315,14.49996478,11.23658804,1,0.213546290994,-1.74986004829,1.02421367168,1.16401350498
107,23,H,12,12,12,1,0.194832861423,1.72524046898,-2.39650058746,-0.219741821289
107,24,O,10.94129655,10.51870266,13.10866598,-2,-0.498160719872,0.482146173716,2.01034116745,0.487434208393
107,25,H,9.71780124,12.1730059,11.39832887,1,0.129564464092,-0.0117364674807,-2.78457450867,-0.534525811672
107,26,H,11.04303482,13.48301154,14.04454017,1,0.210409015417,0.537116587162,-2.03806042671,0.952832698822
107,27,O,9.9406064,11.23697587,10.77677901,-2,-0.555128216743,-1.81913566589,1.56480252743,-0.25718075037
107,28,H,13.58453343,16.16901365,11.61481674,1,0.22861507535,-2.34618449211,-0.165801405907,-2.66072154045
107,29,O,14.11120791,16.24974877,12.32489522,-2,-0.491700589657,3.33827519417,1.2379513979,5.26053667068
107,30,H,12.42186589,15.21987504,10.27142493,1,0.220149308443,-1.42451715469,-2.25511240959,-1.95739543438
107,31,H,13.07957803,13.36441324,9.38278144,1,0.206082135439,-0.947937488556,-0.470861762762,2.93976330757
107,32,H,13.61760262,12.0174633,14.25608373,1,0.239028483629,-2.30535912514,-4.64840364456,-0.0573223046958
107,33,H,13.71319757,16.71160088,13.09335761,1,0.250393688679,0.0315914452076,-0.617111027241,-1.30678915977
107,34,H,13.75693969,10.92313164,8.76579506,1,0.233427867293,0.959850847721,-2.48867249489,1.99767637253
107,35,H,10.55120493,11.85544208,10.40589584,1,0.219439059496,1.69330143929,-0.116085678339,-1.56999528408
107,36,O,11.48940114,15.14180892,12.78125647,-2,-0.458174347878,-0.422967553139,-0.736191272736,-1.30702078342
107,37,H,11.63610258,15.5376794,13.61688651,1,0.234251305461,0.430620610714,0.626752495766,1.26306521893
108,0,O,11.61814699,12.7106486,14.27687789,-2,-0.486591607332,2.95346856117,-1.77070462704,1.89645409584
108,1,H,12.6313698,10.29609469,13.8276201,1,0.226840868592,0.318025141954,1.80283033848,-0.541231751442
108,2,H,14.12397616,11.2835194,12.12334398,1,0.198593407869,-2.01074361801,-2.06477451324,-1.41905725002
108,3,H,11.69596848,14.15256951,12.91143759,1,0.208802610636,0.304944008589,-0.654498040676,-0.161638483405
108,4,O,12.96978486,15.69386969,9.7288834,-2,-0.375947475433,-4.07962703705,-1.92799305916,2.85953426361
108,5,H,13.63611229,10.58997618,10.12766522,1,0.219806298614,-0.432912051678,0.128724694252,1.89116692543
108,6,H,11.43560457,11.75733938,14.05431193,1,0.20688803494,0.134071201086,0.917808115482,0.33910959959
108,7,O,11.68531187,15.82727193,14.97339997,-2,-0.32505863905,-0.615900635719,2.90993976593,3.86199212074
108,8,O,13.12997533,10.73122011,11.9340215,-2,-0.425675809383,0.463521748781,1.25752735138,-0.00236152485013
108,9,O,13.17228635,10.86859075,14.39348458,-2,-0.532737135887,0.614907860756,-2.89706206322,3.6843855381
108,10,H,9.4678964,12.97023364,12.8396335,1,0.243320941925,0.598834514618,-0.00803070515394,-0.39766266942
108,11,H,10.42968502,11.41238013,12.70896588,1,0.167907476425,0.725667536259,-2.06760501862,0.143103078008
108,12,O,10.16190092,12.5551596,12.28736987,-2,-0.403449863195,-1.09915971756,2.93415951729,1.61856222153
108,13,H,15.56110681,12.84854796,11.16025991,1,0.15716907382,-2.0091547966,1.81602025032,0.409476310015
108,14,O,15.21608331,11.91748341,11.494394,-2,-0.396550416946,3.79486513138,-2.24516153336,-0.951301574707
108,15,H,15.67155704,16.07981511,9.67127798,1,0.182856529951,0.517080366611,0.388347297907,2.39993619919
108,16,O,13.9267314,10.0594111,9.40059473,-2,-0.534795224667,0.103907287121,1.16563522816,-2.57279276848
108,17,H,10.21198252,9.76167437,13.03231539,1,0.213804334402,1.07100057602,1.14231991768,-0.171427816153
108,18,H,12.54563143,17.3203154,11.31580139,1,0.233280971646,3.28596520424,-0.378469794989,1.41356933117
108,19,O,16.59078089,16.2657734,10.865888,-2,-0.48779335618,-3.10344862938,-0.021794334054,2.45914244652
108,20,O,15.3142279,14.09440277,10.72820294,-2,-0.590899586678,-0.247306972742,0.877283334732,0.560159504414
108,21,H,12.54483137,16.19307547,10.48245934,1,0.192298784852,-0.0519425682724,0.346628606319,-1.98299467564
108,22,H,15.97673428,11.43298853,11.01120658,1,0.227944046259,-2.25689053535,0.0673924386501,1.46109294891
108,23,H,12.74615167,13.85798514,10.69262521,1,0.237131416798,0.543099045753,-0.463550567627,1.0473048687
108,24,H,14.85436335,15.05748023,8.73757471,1,0.249566704035,0.665603041649,0.642425179482,0.96183937788
108,25,O,12.58646626,13.05431934,10.21209595,-2,-0.425244003534,-3.0369977951,-1.57526385784,4.78018379211
108,26,H,13.06235453,9.73399149,12.17542094,1,0.211420118809,0.400483429432,2.77784013748,-0.605029284954
108,27,O,15.53151696,15.74160157,8.84085678,-2,-0.56841135025,-1.18156802654,-0.984325289726,-6.84450912476
108,28,H,14.51037611,14.51173126,11.11037249,1,0.210826799273,1.54925620556,-1.35588383675,-0.205301880836
108,29,H,12,12,12,1,0.168841958046,0.789720356464,-2.06745958328,-0.0242427513003
108,30,O,10.93917507,10.43475484,12.98901442,-2,-0.498208343983,-2.11362981796,-0.763147115707,1.03346955776
108,31,H,9.6258728,12.11988695,11.34619071,1,0.145544469357,0.932237863541,-2.71796798706,-1.12282764912
108,32,H,10.92694525,13.21000125,13.98386098,1,0.223225370049,-2.91532206535,1.6397446394,-0.942358911037
108,33,H,11.17274396,16.41495554,15.6348377,1,0.251201927662,-0.533681690693,-1.84331905842,-1.61904549599
108,34,O,9.87945135,11.10888745,10.70568,-2,-0.60563069582,0.888500571251,2.87224650383,-3.8398244381
108,35,H,15.62283744,16.57436789,11.08466783,1,0.213364601135,3.07392930984,0.213538825512,0.389771938324
108,36,H,13.63511934,15.92872249,11.28489466,1,0.20159624517,-0.0732938349247,0.147014081478,0.560993313789
108,37,H,12.43518187,16.39296649,15.17084653,1,0.265303581953,1.65868580341,-0.482599020004,-0.542193651199
108,38,O,14.0071316,16.10884681,12.15853141,-2,-0.422645241022,1.5124489069,0.407982349396,1.02706170082
108,39,H,12.24174573,14.96374557,10.04468559,1,0.216106802225,1.86326396465,1.78837883472,-2.44721651077
108,40,H,11.80069241,17.99162816,10.24184214,1,0.246623083949,-0.382567375898,-0.260587602854,1.30206251144
108,41,H,12.93526149,13.22761978,9.42515439,1,0.240722432733,2.59635090828,0.795895040035,-5.28418970108
108,42,H,13.63216012,11.68123314,14.30830382,1,0.256665110588,-0.285189986229,0.586431384087,-1.4954482317
108,43,H,13.58537272,16.67015886,12.8140666,1,0.246914729476,-0.500893890858,-0.206276535988,-0.704440414906
108,44,H,13.80516718,10.77882536,8.72104535,1,0.242652356625,0.428616255522,-1.50455975533,0.448230862617
108,45,O,11.71514034,17.65122309,11.17336576,-2,-0.448152303696,-3.16201210022,2.13294219971,-2.1229364872
108,46,H,16.21353212,15.25898832,10.96539179,1,0.164163395762,1.10262393951,0.46925920248,-0.41263449192
108,47,H,10.55015772,11.68730724,10.09821499,1,0.205500110984,-2.06877160072,-2.39251160622,1.78884327412
108,48,O,11.42029437,15.03184135,12.66420604,-2,-0.514536619186,1.24607634544,2.9476313591,2.22005367279
108,49,H,11.76335316,15.60968644,13.58744398,1,0.165442943573,-1.97613930702,-2.52240133286,-4.14483308792
109,0,O,11.4982909,12.67745588,14.17405709,-2,-0.410529524088,-2.19148921967,4.70135307312,-0.266853183508
109,1,H,12.54461871,10.35639742,13.65614007,1,0.215502738953,0.145415082574,0.375244259834,-1.31378471851
109,2,H,13.7030786,11.16704897,12.00542995,1,0.263917028904,5.12690448761,1.2358161211,1.00396645069
109,3,H,13.40065514,13.60183284,13.88443069,1,0.248728960752,0.289215922356,0.0227691475302,0.146319627762
109,4,H,11.72925463,14.19980392,12.86014918,1,0.226442173123,-0.443584650755,-0.345599353313,-0.40781801939
109,5,H,13.49428741,10.52968574,10.10987859,1,0.22570002079,0.584546804428,-1.8779129982,-2.11139464378
109,6,H,11.25352876,11.79199433,14.19551471,1,0.219283744693,-0.073875784874,-2.91987729073,0.165835231543
109,7,O,12.97600766,10.6802506,11.87546865,-2,-0.344544798136,-5.35575342178,1.5527677536,-2.83572244644
109,8,O,13.01052646,10.80792868,14.32997609,-2,-0.484788119793,-1.21557998657,-2.53925609589,4.32629537582
109,9,H,9.42364286,12.84968002,12.74827923,1,0.249185711145,-0.945018649101,0.853564023972,0.217625975609
109,10,H,10.36325757,11.28183312,12.59061764,1,0.160902872682,0.273742377758,-0.582952260971,-0.386541187763
109,11,O,10.04146831,12.49614877,12.12494451,-2,-0.38279736042,1.79716742039,3.57142448425,3.28329157829
109,12,H,12.90821333,14.20118509,15.17833964,1,0.239830866456,2.78870773315,-0.314873993397,-1.41577219963
109,13,H,10.76693877,9.37728428,14.22942478,1,0.258393466473,1.13451504707,-1.78315317631,0.116296455264
109,14,O,13.78186866,14.12321991,14.60445898,-2,-0.496046572924,-2.81763005257,0.311305820942,1.41457080841
109,15,O,13.79359152,9.97889189,9.28487894,-2,-0.536749482155,-0.835379183292,-0.387437134981,4.49398183823
109,16,O,10.93222945,8.37156414,14.12245589,-2,-0.338328182697,-4.46378040314,1.89566278458,0.0843110904098
109,17,H,10.24878602,9.72354853,12.90310629,1,0.228672474623,-0.81619310379,-0.392135202885,-1.29654419422
109,18,O,13.2249804,8.21600669,14.67704947,-2,-0.520102739334,-1.24033784866,-0.909865736961,-2.88118362427
109,19,H,12.23767067,8.39685782,14.53968769,1,0.150596529245,2.70943522453,-1.16711187363,0.363626003265
109,20,H,12.51353035,13.64767132,10.68395395,1,0.266978859901,0.465488493443,5.4646229744,3.73479270935
109,21,O,12.44997065,12.99178721,10.11587767,-2,-0.446351259947,-0.00486741960049,-5.54778003693,-4.88373661041
109,22,H,12.84796085,9.74770411,11.96030651,1,0.264111876488,0.688680768013,-1.00011205673,0.274116754532
109,23,H,12,12,12,1,0.180291056633,-0.423487246037,-1.65471446514,-0.305154383183
109,24,O,10.86914387,10.43189381,12.87164101,-2,-0.42991784215,-0.448342859745,0.13132750988,1.38690972328
109,25,H,13.33000145,8.47482408,15.54138688,1,0.243432074785,0.960751056671,1.01472187042,3.16630721092
109,26,H,9.55219776,12.0597628,11.3222652,1,0.122425496578,-0.331979751587,-2.32607555389,-2.67015242577
109,27,H,10.60428855,13.10226345,13.91283631,1,0.2259144485,2.52749466896,-0.68538415432,0.760025501251
109,28,O,9.757862,11.0731417,10.62474944,-2,-0.602930307388,0.339926242828,-0.160368531942,-3.95772385597
109,29,H,9.96955536,8.16294615,14.0339536,1,0.240139737725,1.04991137981,-0.919638097286,0.277138948441
109,30,H,12.8464856,13.19707223,9.23452191,1,0.251444637775,-0.520008087158,0.184275299311,1.47201168537
109,31,H,13.60628398,11.4844346,14.28184314,1,0.248893082142,1.95386874676,2.33894658089,-1.13907372952
109,32,H,13.8146068,10.6520548,8.67602203,1,0.261690944433,0.215017974377,2.18402004242,-2.79854726791
109,33,H,10.36439568,11.4794056,9.90737795,1,0.222864732146,-1.39514255524,-1.03764736652,1.66475701332
109,34,O,11.29865531,15.01103267,12.55607987,-2,-0.451110541821,2.21639800072,2.58533930779,3.59829831123
109,35,H,11.72737251,15.62831208,13.3532586,1,0.228853151202,-1.74473595619,-1.87126505375,-3.28047466278
110,0,O,13.09176223,9.13051814,12.09199503,-2,-0.474747866392,-1.06812238693,-0.937050580978,-1.62581801414
110,1,H,12.35343892,12.69833785,9.30261388,1,0.231811121106,-1.7887673378,0.462906867266,-1.49803900719
110,2,H,8.64684465,13.05508309,13.57848681,1,0.262595891953,1.32986903191,-0.418039023876,-0.00122604519129
110,3,H,12.63658762,13.45927564,12.39986547,1,0.233660489321,-2.84208154678,-1.00878536701,-0.886638998985
110,4,H,12,12,12,1,0.279199749231,-1.02222311497,0.104228496552,-2.06621932983
110,5,H,13.5075125,14.5099078,11.71949964,1,0.297522902489,0.0388481095433,0.826030611992,-1.52386784554
110,6,H,11.64119808,10.11444771,9.06757979,1,0.247043013573,-2.07314896584,-0.786144435406,-1.72489345074
110,7,O,12.67127551,13.55413244,9.64731591,-2,-0.456293970346,0.701741755009,-1.92275416851,0.404712289572
110,8,H,13.30698865,9.59135487,12.84938763,1,0.254733741283,2.31353664398,0.585544347763,3.51225757599
110,9,H,14.8057264,11.95754749,10.70460186,1,0.231975227594,0.0670345649123,0.684036016464,-0.111723296344
110,10,H,13.29414566,12.91098387,10.03288383,1,0.228231355548,1.16940820217,1.23197567463,0.729355931282
110,11,H,10.92456348,13.22714846,11.25411004,1,0.269722163677,-0.346242159605,-0.0849422067404,-2.41318511963
110,12,H,12.41009244,9.77831938,11.95137003,1,0.241720050573,-1.33608448505,-0.290118724108,-1.0707103014
110,13,O,12.43269217,10.37310015,9.4650751,-2,-0.442342847586,0.181426823139,0.666003584862,4.89632797241
110,14,O,14.50032031,11.15422311,11.12403398,-2,-0.38563221693,5.15008878708,-2.04793667793,-1.41906225681
110,15,H,10.12461916,12.08296334,13.30766853,1,0.255839705467,-4.58998298645,1.64757728577,0.4351824224
110,16,O,13.56461614,13.72285829,12.26369446,-2,-0.0993289351463,2.43640089035,1.90177762508,3.44911956787
110,17,O,9.05690066,12.1994388,13.3484325,-2,-0.534284293652,2.7630944252,-1.15267813206,-0.269566804171
110,18,H,13.74405074,14.13493015,13.17958255,1,0.305113971233,0.543766975403,-0.925421535969,-1.22903442383
110,19,H,15.51488899,10.58857176,10.79405595,1,0.223499774933,-4.81189966202,1.83485198021,1.66814172268
110,20,O,11.36834898,12.73496745,11.9020919,-2,-0.404137223959,1.56398749352,-0.712846755981,4.81592273712
110,21,H,12.12195746,10.23393124,10.4790504,1,0.234098225832,1.61934936047,0.341785818338,-4.07103490829
111,0,O,13.04428244,9.30983563,12.20430202,-2,-0.462559312582,-3.35494542122,1.58708763123,-1.12966167927
111,1,H,12.34921352,12.96223108,9.34910755,1,0.244978994131,-3.60673499107,-4.99694013596,-4.35459041595
111,2,H,8.51472629,13.14091589,13.71048042,1,0.282664567232,-0.0186292678118,2.57989144325,0.96511733532
111,3,H,12.5923906,13.39241406,12.31831613,1,0.189607128501,-0.424717634916,1.52842414379,-0.516357839108
111,4,H,12,12,12,1,0.281225770712,-3.66127061844,3.79139399529,-1.58767199516
111,5,H,13.37890507,14.74840187,11.84826034,1,0.272063016891,-0.132777512074,0.363056302071,-0.647218585014
111,6,H,11.58968861,10.40518006,9.00534796,1,0.244766235352,0.525912940502,0.109334543347,-0.160217240453
111,7,O,12.64705234,13.69484054,9.71765065,-2,-0.484224975109,2.01822328568,4.7398147583,2.38834738731
111,8,H,13.37253025,9.80040195,12.92112903,1,0.246616855264,2.04560184479,0.332453668118,2.07553172112
111,9,H,14.83128085,12.21822919,10.72172118,1,0.213424772024,-1.43241810799,-2.67034316063,2.00252175331
111,10,H,13.17688091,13.12111448,10.24386332,1,0.229089319706,1.64041256905,0.165570020676,1.46797955036
111,11,H,10.83702885,13.61748223,11.47726923,1,0.24517390132,0.189763829112,-0.411520808935,-1.63276696205
111,12,H,13.61387965,13.70612614,15.52442517,1,0.26676428318,-0.306570321321,1.21027421951,-0.930582463741
111,13,H,12.284049,9.99816472,12.12544876,1,0.233395501971,1.1452434063,-2.4170293808,-0.375945866108
111,14,H,14.69455476,14.70455747,15.05179985,1,0.264498382807,-1.97306573391,-0.450633704662,-0.994931042194
111,15,O,12.37243777,10.6153876,9.54879229,-2,-0.442349463701,-1.53868365288,-0.0999231934547,0.67986792326
111,16,O,14.44603635,11.38255123,11.2706977,-2,-0.355237185955,6.68847560883,0.588852584362,-3.26179027557
111,17,H,9.86392407,12.17941763,13.41808433,1,0.274330198765,1.13043236732,1.23573029041,0.35413107276
111,18,O,13.52616126,13.94099039,12.34789274,-2,-0.26994407177,0.224043339491,0.549592852592,3.23927664757
111,19,O,8.95438191,12.37941143,13.46491278,-2,-0.559034228325,-1.40833377838,-3.71507382393,-1.24567461014
111,20,H,13.64858197,14.31027532,13.46655523,1,0.239970117807,-0.320871412754,-1.27394115925,-1.27550923824
111,21,O,14.39608209,14.80985226,17.41077332,-2,-0.477545291185,1.92666935921,-1.6979881525,-1.7062920332
111,22,H,15.51155333,10.73383002,10.98939363,1,0.218211501837,-5.02428674698,2.3983604908,1.40261185169
111,23,O,13.71355776,14.48142428,14.89054947,-2,-0.314084649086,2.18054223061,-0.847949147224,-0.240908652544
111,24,O,11.28807568,12.96532605,12.00767771,-2,-0.326452851295,4.22786426544,-4.60657739639,3.53757071495
111,25,H,14.71276676,15.13083446,16.47357268,1,0.249435544014,-0.562114834785,-0.863870739937,4.05348014832
111,26,H,14.86981291,13.91595572,17.66959489,1,0.257784664631,-1.03102862835,2.85539698601,-0.949547171593
111,27,H,12.02641677,10.33902226,10.42967318,1,0.237431272864,0.853264808655,0.0165578573942,-1.15676915646
112,0,H,10.26680998,9.79075962,11.22843276,1,0.262392222881,-0.732955038548,-3.26871013641,-3.40509939194
112,1,O,13.1834758,9.30373406,12.38097334,-2,-0.455391705036,1.13742005825,3.13818573952,3.67866158485
112,2,H,12.35769943,12.80180245,9.27557489,1,0.227418363094,2.3019452095,3.29076099396,2.80392003059
112,3,H,11.46605963,15.67473516,11.51641225,1,0.275749921799,-4.04420423508,-2.06370329857,1.46197903156
112,4,H,8.60404746,13.16800742,13.96152845,1,0.280606925488,1.63083004951,-0.548047780991,-0.0630694776773
112,5,H,12.72145717,13.21147823,12.2911067,1,0.191671267152,-0.647383272648,2.99907588959,0.683529317379
112,6,H,12,12,12,1,0.241343274713,-3.41693806648,3.67831945419,-0.567405283451
112,7,H,13.43951945,14.83445316,11.99037173,1,0.259067416191,0.708056032658,-2.3037340641,1.46708071232
112,8,H,11.71565928,10.51782995,8.97669813,1,0.179175794125,1.60302078724,0.265837550163,1.45678067207
112,9,O,12.82400936,13.6540184,9.86357352,-2,-0.468731969595,-0.754620075226,-3.9882543087,-0.752721965313
112,10,H,13.75040949,9.85562376,13.17666127,1,0.232944205403,-2.18282818794,-2.549659729,-3.46486520767
112,11,H,14.96861223,12.17831155,10.93144313,1,0.235872536898,-0.693348228931,-0.668124735355,0.720956802368
112,12,H,13.34396185,13.16342638,10.59676835,1,0.216563686728,-1.34255766869,0.796775639057,-2.51638555527
112,13,H,10.93603878,13.82045272,11.68395226,1,0.182779982686,1.34053647518,-1.01050317287,0.801637470722
112,14,H,13.6826337,13.69870657,15.6497356,1,0.295137256384,0.20712415874,0.822721898556,-0.361711502075
112,15,H,12.39980326,9.90870884,12.35053793,1,0.240464285016,0.855688989162,-0.955375254154,0.13042318821
112,16,H,10.02960601,14.97771679,11.10056886,1,0.257264196873,0.111092925072,1.11465656757,0.665786325932
112,17,H,14.77745111,14.63508731,15.13635709,1,0.292261183262,3.99687695503,0.632265806198,0.439926862717
112,18,O,12.50810607,10.67233044,9.70253563,-2,-0.480965852737,-0.243586599827,2.48191642761,-6.03122854233
112,19,O,14.60959279,11.42250355,11.46829409,-2,-0.402441442013,3.90077996254,-0.372250139713,-1.2181763649
112,20,H,9.91264845,12.16937559,13.61381598,1,0.276243925095,4.19765949249,0.644795298576,0.388475567102
112,21,H,11.12541138,8.76894247,10.32796876,1,0.265365839005,0.0774409621954,-0.533008575439,-0.117423757911
112,22,H,9.74857781,10.94830489,8.15675862,1,0.256707727909,1.08786225319,-1.75023078918,0.0442541614175
112,23,O,13.68276514,13.97146022,12.50965029,-2,-0.353243708611,-1.07949697971,1.63213646412,1.51323080063
112,24,O,9.04049057,12.35736475,13.64313206,-2,-0.555829286575,-5.96977853775,0.00914303958416,-0.333956301212
112,25,O,10.56695277,15.13788197,11.92164084,-2,-0.32583707571,2.97937440872,1.80273795128,-3.32212328911
112,26,H,13.71005045,14.22541287,13.74852731,1,0.240769147873,-0.2079231143,-0.392847061157,-2.28404211998
112,27,H,9.93034201,9.58702554,9.11084757,1,0.188807815313,1.09482932091,1.63884794712,-2.24628663063
112,28,H,15.45804913,10.81676385,11.32947004,1,0.225474148989,-2.9548368454,1.27668070793,0.620667040348
112,29,O,13.88138586,14.51055169,15.12495967,-2,-0.331522881985,-4.05226516724,-1.61613404751,-0.840843975544
112,30,O,11.42205095,12.98376053,12.19213469,-2,-0.35216152668,4.28941345215,-5.33927202225,0.742119431496
112,31,O,10.20068553,9.02978348,10.4165479,-2,-0.373236894608,0.147527247667,2.59350681305,4.79810333252
112,32,O,10.32753003,10.12776684,8.26090338,-2,-0.453238755465,-2.02810001373,0.948136270046,0.997590363026
112,33,H,12.17553708,10.25157953,10.40480397,1,0.228519961238,-1.316655159,-2.40664386749,4.11021614075
113,0,O,11.18815099,9.93935227,15.43827675,-2,-0.360874325037,-2.72375106812,-2.61557650566,1.34328913689
113,1,H,10.51933501,9.600556,11.26685934,1,0.217522710562,0.872069895267,-0.0610731393099,0.524576663971
113,2,O,13.50773669,9.13938706,12.59489514,-2,-0.502537250519,4.82673692703,0.443695098162,1.9246969223
113,3,H,12.62567539,12.62454256,9.35735534,1,0.23943708837,3.19022250175,3.15304660797,3.96983718872
113,4,H,11.60005033,15.68149509,11.81802471,1,0.27591624856,-2.73042416573,-2.20265722275,0.235277444124
113,5,H,8.95731665,13.03111417,14.23384557,1,0.246812865138,1.30888533592,-1.65684843063,-0.66649466753
113,6,H,12.98918929,13.01851427,12.33654986,1,0.227306142449,-1.93287909031,1.6923365593,1.74389672279
113,7,H,12,12,12,1,0.256037116051,-1.13266324997,-1.58319664001,-1.39592897892
113,8,H,9.44550807,10.13598596,12.97881429,1,0.246186971664,1.29403805733,-0.278421849012,1.33703398705
113,9,H,10.33678415,9.35198774,15.58603996,1,0.259902894497,2.2664949894,0.634701251984,-1.19878327847
113,10,H,13.704424,14.66312052,12.20911765,1,0.26983076334,0.733987390995,-0.932383358479,1.35112559795
113,11,O,9.37651563,11.23265151,9.80603282,-2,-0.488147109747,0.0139128863811,0.568093419075,4.1855597496
113,12,H,12.10463985,10.48546315,9.09231106,1,0.22340413928,1.39281964302,0.332184553146,3.20592522621
113,13,O,13.17617173,13.42816944,10.03340633,-2,-0.466556221247,-2.03594517708,-2.302973032,-1.74946641922
113,14,H,14.19822611,9.62009349,13.26364942,1,0.25145894289,-2.82630634308,-1.74810516834,-2.51164293289
113,15,H,13.63128395,13.08864139,10.85691013,1,0.218456238508,-0.625318288803,-0.660435795784,-2.74911308289
113,16,H,11.30293952,13.75866279,11.95650522,1,0.187340050936,1.08435404301,-0.740029036999,1.0518797636
113,17,H,12.70912666,9.59634398,12.61394016,1,0.261132597923,-2.29783964157,1.23476588726,0.739380180836
113,18,H,10.19658337,14.66365978,11.26275606,1,0.27355825901,2.42645287514,2.35077428818,2.93819737434
113,19,O,12.81963519,10.56819536,9.86224598,-2,-0.40951487422,-3.04093623161,-1.21875226498,-0.204911753535
113,20,H,10.34850445,12.04114599,13.85635105,1,0.24476467073,-3.93681693077,1.12535190582,0.206475615501
113,21,H,10.7232972,9.9171069,14.03995947,1,0.17583565414,-0.33936098218,0.799000680447,0.948760271072
113,22,O,10.36574675,9.82740921,13.17073792,-2,-0.464731007814,-1.11739659309,-0.166090741754,-3.73451900482
113,23,H,12.74714429,9.9854312,7.98497055,1,0.236934706569,1.47452878952,-1.68485045433,-2.04018688202
113,24,H,11.59250051,8.56277505,10.30473414,1,0.23634621501,-5.2577419281,1.30722415447,1.98991823196
113,25,H,11.01121501,10.30256363,16.28656511,1,0.256168484688,0.879310548306,1.70145571232,1.52793753147
113,26,O,14.01233598,13.83723426,12.70254916,-2,-0.281283378601,-0.824498355389,0.534619569778,3.904088974
113,27,O,9.28852578,12.16422115,13.84212559,-2,-0.479121297598,2.2846159935,0.880385637283,0.501281857491
113,28,O,10.88088279,14.96036459,12.11456734,-2,-0.279193222523,-0.894412457943,0.72358584404,-4.3162021637
113,29,H,13.92929605,13.9353475,13.90140959,1,0.298788130283,0.235084101558,-0.0660978779197,-5.61796236038
113,30,O,11.75013037,12.81687073,12.40054031,-2,-0.357390463352,2.83121538162,0.236879348755,0.576989531517
113,31,H,8.89048944,10.79176377,10.63099392,1,0.241590991616,1.24927067757,1.19662976265,-2.95141029358
113,32,H,10.00820183,11.84434206,10.32625466,1,0.251365959644,-1.44040465355,-1.28090465069,-1.3690469265
113,33,O,10.51249618,8.88945949,10.6297188,-2,-0.468798995018,4.54350185394,-2.56335520744,-2.5695233345
113,34,H,12.74989222,8.50498383,8.10240513,1,0.2593947649,0.266185879707,-0.416571646929,-0.413936197758
113,35,H,12.46408236,9.89689694,10.56433496,1,0.226311132312,1.09368312359,1.83258378506,-1.93522691727
113,36,O,13.05547703,9.17615677,7.47691628,-2,-0.523655533791,-1.11067640781,1.43101108074,1.21822702885
114,0,O,11.61614521,9.8684431,15.69542869,-2,-0.328253120184,-3.31347537041,-0.818421602249,4.32127666473
114,1,H,10.87513262,9.49790381,11.45205652,1,0.22951169312,1.06400942802,3.5304851532,2.99562168121
114,2,O,13.92283081,9.03256197,12.88965347,-2,-0.543012142181,-7.59024620056,-3.45214319229,-4.56516122818
114,3,H,13.08909398,12.65407988,9.71047695,1,0.258067637682,0.80582767725,-0.592667222023,1.07843649387
114,4,H,11.71639403,15.64592146,12.21340805,1,0.288373708725,0.320838332176,1.63066983223,-1.06212663651
114,5,H,9.46851141,12.88861257,14.53324886,1,0.243516266346,-0.635458171368,-0.0652790218592,-0.0375388301909
114,6,H,13.229739,12.97677716,12.5637379,1,0.221455827355,-1.25722265244,-0.802461385727,1.15314221382
114,7,H,12,12,12,1,0.278039485216,0.226516202092,0.511481463909,0.841216623783
114,8,H,9.77930573,10.0466589,13.27737041,1,0.232750281692,3.74753189087,-0.884635150433,1.53127241135
114,9,H,10.75094802,9.24722133,15.63295133,1,0.266057789326,2.75525951385,1.77259528637,0.799896121025
114,10,H,14.07807584,14.52544528,12.55211842,1,0.279863744974,-0.168432712555,1.99443328381,-0.105759382248
114,11,O,9.77809526,11.13997347,10.04399962,-2,-0.471046149731,0.184940353036,0.840168297291,4.78228712082
114,12,H,12.60122517,10.51392683,9.41667964,1,0.234896719456,-2.89441585541,0.212231785059,-2.24061942101
114,13,O,13.5968283,13.24909084,10.27289451,-2,-0.508701443672,-1.6313021183,3.0810239315,-3.33856320381
114,14,H,14.5916698,9.38724284,13.29378659,1,0.273603230715,5.26622581482,3.71888136864,3.9261868
114,15,H,13.9541626,13.05669802,11.08362182,1,0.245080724359,1.38629162312,-2.21976494789,1.75767850876
114,16,H,11.81775604,13.66696434,12.35474597,1,0.17932549119,-0.170516833663,-0.201158493757,0.702426731586
114,17,H,12.99979436,9.3985278,12.98438716,1,0.268131732941,1.98305654526,-0.295357763767,0.564006984234
114,18,H,10.57614929,14.50598239,11.64058208,1,0.290480256081,1.8297535181,2.28197908401,1.82318115234
114,19,O,13.20153262,10.51816417,10.09521076,-2,-0.430120885372,1.17686283588,-2.34073328972,5.16182184219
114,20,H,10.67303977,12.03162392,14.19053877,1,0.23768311739,-3.35437965393,-0.534262061119,-0.431643158197
114,21,H,11.32391535,9.77158816,14.3391482,1,0.158318117261,-2.29906368256,1.11249601841,-3.0099799633
114,22,O,10.8011331,9.77657978,13.39014726,-2,-0.471203923225,-1.2690114975,0.476752758026,-0.0543692223728
114,23,H,13.109741,9.69962685,8.3219009,1,0.238770127296,0.0291409268975,2.42767572403,-0.267745614052
114,24,H,11.9323436,8.46304463,10.44261603,1,0.242428153753,-4.96793270111,1.60382044315,2.66908168793
114,25,H,11.43716457,10.36187432,16.63008585,1,0.260729849339,0.715820014477,-1.5696849823,-3.35160064697
114,26,O,14.41286007,13.75947755,12.97428472,-2,-0.357276916504,0.197592169046,-2.1839094162,1.20631611347
114,27,O,9.621895,12.03041878,14.11446021,-2,-0.461656332016,3.63938260078,0.942941606045,0.562878549099
114,28,O,11.26814521,14.83972765,12.36440584,-2,-0.32194018364,-3.2219414711,-2.63983845711,-1.52315378189
114,29,H,14.23692353,13.72333616,13.94980341,1,0.277982771397,0.328169941902,0.636356294155,-1.15710949898
114,30,O,12.1674763,12.70673196,12.68216403,-2,-0.270722806454,1.78447747231,-1.2459897995,-1.35740888119
114,31,H,9.12101906,10.71588038,10.8389733,1,0.236815661192,2.95672726631,1.95367860794,-3.25561976433
114,32,H,10.54679385,11.71248715,10.55315457,1,0.245007008314,-3.35372900963,-2.35300135612,-1.70355415344
114,33,O,10.91318157,8.79348719,10.90800912,-2,-0.482317954302,3.94505286217,-6.47348594666,-5.8051609993
114,34,H,13.26144618,8.44424444,8.36177737,1,0.263059467077,0.189160227776,-3.44403266907,0.742693662643
114,35,H,12.89718267,9.69311272,10.70510753,1,0.232184618711,1.34753286839,3.06961154938,-1.92911601067
114,36,O,13.46424271,9.08092771,7.72301719,-2,-0.535881698132,0.246959149837,0.319545358419,-1.42319250107
115,0,O,12.00736263,9.79498111,15.93155606,-2,-0.3965023458,0.747028589249,0.737067520618,1.65766859055
115,1,H,10.65141424,14.13975111,10.29353895,1,0.233882561326,0.27536034584,-1.76226055622,-2.01049947739
115,2,H,11.2528508,9.5517302,11.77078447,1,0.226302951574,1.44194364548,-3.92201805115,-1.97161352634
115,3,H,13.44783064,12.57877391,10.05151353,1,0.234837040305,-4.645840168,-5.31869649887,-2.73922657967
115,4,H,11.84129247,15.68090619,12.52311691,1,0.267877966166,-0.104055210948,-1.17429041862,-0.706292033195
115,5,H,11.72235088,13.67883684,9.25888755,1,0.228554427624,0.391042530537,0.123157300055,-0.444966137409
115,6,O,10.92478362,13.36787727,9.68496851,-2,-0.448425590992,-1.75050914288,2.85204768181,3.33260917664
115,7,H,9.9347037,12.767889,14.78722568,1,0.235165968537,-2.37410092354,0.760128259659,0.279578626156
115,8,H,13.40884589,12.89530969,12.83269946,1,0.250412523746,5.12782526016,-0.56467884779,-0.537587761879
115,9,H,12,12,12,1,0.330266594887,2.23300480843,1.3185312748,2.54702997208
115,10,H,10.29532859,9.93166904,13.62428226,1,0.243894457817,-1.23815429211,0.301857531071,0.875002384186
115,11,H,11.25628711,9.24713585,15.69660247,1,0.274955391884,-0.785366952419,-0.381840229034,1.47537255287
115,12,H,7.50689319,11.40588744,12.52117463,1,0.252299487591,4.65298891068,0.528473079205,-3.85197114944
115,13,O,10.15394158,11.05553096,10.27051172,-2,-0.389292776585,-3.16574239731,-0.292091518641,-0.0278302133083
115,14,H,12.18932326,11.54343562,8.57106153,1,0.214533165097,-1.67695617676,-0.0306592434645,-0.154737606645
115,15,H,12.92177517,10.5398046,9.61961949,1,0.207219421864,-0.919808268547,-1.02866339684,-0.786109089851
115,16,H,11.36222454,17.54002768,13.22363551,1,0.26978173852,-0.20783880353,0.00492995977402,-0.775981426239
115,17,H,8.3449731,11.4349533,10.85456136,1,0.24852065742,-1.80601859093,1.12296569347,2.37291765213
115,18,O,13.98931433,13.08589268,10.47905778,-2,-0.504051923752,5.42931747437,7.06693935394,3.7273068428
115,19,H,14.29019269,12.93628866,11.3764017,1,0.25230333209,-0.0200214385986,-1.07261824608,-1.20662760735
115,20,H,13.23599984,12.16638273,8.24464194,1,0.2414098382,7.68748188019,-0.600820600986,-1.67042577267
115,21,H,12.29582096,13.5412864,12.76060265,1,0.186831474304,-2.11358904839,1.52891516685,0.0507224351168
115,22,H,10.99874241,14.43536825,12.04763926,1,0.279742985964,-5.52337265015,-1.60780930519,-4.49517869949
115,23,O,8.49832242,11.55190667,11.85544403,-2,-0.381999641657,-4.98922491074,-0.601972699165,1.95356917381
115,24,O,13.56198112,10.46625392,10.3131907,-2,-0.466259151697,1.49864530563,2.26451039314,0.625617027283
115,25,H,10.82723986,11.99323114,14.47955814,1,0.236622035503,5.19990491867,-1.76553189754,-0.348635286093
115,26,H,11.78391055,9.71625515,14.49501536,1,0.181823283434,-1.8288192749,1.10630464554,-3.39794325829
115,27,O,11.20841718,9.72923453,13.57295169,-2,-0.473590016365,3.22700476646,-0.459105193615,0.867327272892
115,28,O,11.30968672,16.96161262,13.97401873,-2,-0.517302751541,0.152043014765,-2.1011288166,1.12017035484
115,29,H,12.04693899,8.44077155,10.67892676,1,0.244348213077,2.37785625458,-0.196471422911,-1.15233695507
115,30,H,11.85136871,10.33408917,16.75912316,1,0.279476195574,-0.116389378905,-1.10488212109,-1.44406211376
115,31,H,11.01538175,10.70414426,8.54664387,1,0.227725669742,-0.0353998765349,-1.08419835567,-1.65297138691
115,32,O,9.94107615,11.90527277,14.35590367,-2,-0.443037450314,-2.98888683319,1.42877590656,0.295092701912
115,33,O,12.41292422,12.44123225,8.28819867,-2,-0.421942472458,-4.13880491257,0.304576128721,0.00880971550941
115,34,O,11.62099604,14.71644633,12.57759525,-2,-0.362159252167,5.42920541763,3.28227949142,4.34555244446
115,35,H,10.78478209,10.09535049,9.69154951,1,0.158776506782,1.06056272984,-2.05731463432,-0.678104937077
115,36,O,12.56228283,12.59919455,12.92755735,-2,-0.208644866943,-4.78381347656,-3.59673643112,-1.11200714111
115,37,H,9.46071957,10.75857497,10.88719199,1,0.238026708364,1.58271539211,-0.370572566986,0.777815461159
115,38,H,10.88253632,11.49131473,10.63695898,1,0.263155758381,1.0342977047,1.42045783997,1.01074504852
115,39,O,11.29687164,8.68105945,11.13895246,-2,-0.515102148056,-3.77204251289,2.73367667198,3.7752559185
115,40,O,11.40525408,9.8790057,8.89155089,-2,-0.477894455194,0.0956292152405,1.21457636356,-1.28277015686
115,41,H,13.38387581,9.6467055,10.70694564,1,0.243245244026,-0.254388809204,-1.77451705933,0.828758120537
115,42,H,11.22371968,15.96945067,13.82510675,1,0.254213362932,-0.404715359211,2.76870727539,0.520958244801
116,0,O,12.30904964,9.65158387,16.05199145,-2,-0.464787811041,3.94157004356,-2.43546724319,-3.84795570374
116,1,H,10.97099425,13.97469013,10.35295829,1,0.210300654173,-1.58940160275,-1.08661782742,-0.604120194912
116,2,H,11.60390825,9.37914514,11.90447835,1,0.220494806767,0.888871312141,-3.85010099411,-2.17436146736
116,3,H,6.1423625,10.93092702,10.51737974,1,0.258241415024,-0.57557696104,-1.03437876701,0.477577388287
116,4,H,13.49679846,12.19418145,10.17180354,1,0.225591033697,3.80177927017,2.90958309174,2.55690860748
116,5,H,11.88900219,15.62007695,12.67327483,1,0.254097282887,0.291459918022,-3.50000190735,-0.265319913626
116,6,H,12.04958271,13.68837701,9.57148642,1,0.187209054828,-2.43025279045,-3.0312166214,-1.25857198238
116,7,O,11.15812042,13.20592803,9.7739721,-2,-0.48293119669,0.63685375452,0.805147588253,2.66761660576
116,8,H,10.19905872,12.63397994,14.93121751,1,0.227573394775,-2.10459733009,-1.35205638409,-0.757902383804
116,9,H,13.78109366,12.70342464,12.97004585,1,0.232421636581,-0.0142188072205,-1.51762771606,-0.097623065114
116,10,H,12,12,12,1,0.225037962198,1.36102747917,0.208829298615,1.01266789436
116,11,H,10.66413615,9.78397304,13.91697598,1,0.237922310829,-1.84800171852,0.314646959305,0.197080433369
116,12,H,11.59624585,9.16285778,15.73873657,1,0.274841606617,-2.29865670204,-1.51899814606,0.492037624121
116,13,H,7.96932825,11.20552357,12.39126541,1,0.239026904106,-0.314238339663,0.294627606869,1.41394913197
116,14,O,10.4306666,10.90244919,10.37954892,-2,-0.329994320869,0.48658695817,0.360181510448,-4.3265504837
116,15,H,12.50078616,11.40256809,8.77495145,1,0.190168306231,-2.10784506798,-0.267627775669,-0.463042527437
116,16,H,13.07661909,10.46347225,9.68088388,1,0.196686044335,1.82523488998,-2.22407269478,2.14393758774
116,17,H,11.55839202,17.61909587,13.5039257,1,0.274907976389,-0.306683123112,-3.209638834,1.04129505157
116,18,H,8.57518109,11.0922663,10.94753002,1,0.259129017591,-0.830672740936,1.67897510529,3.22355985641
116,19,O,14.2984337,12.87543031,10.58298623,-2,-0.478505969048,-2.54932498932,-1.15051734447,0.767968058586
116,20,H,14.5183194,12.69253304,11.5652517,1,0.221947282553,-0.470958828926,-0.315415918827,-3.52957439423
116,21,H,13.69339467,11.85168229,8.45254242,1,0.214169025421,-1.93345987797,2.62448501587,-1.49417889118
116,22,H,12.5758221,13.3860486,13.06448676,1,0.176790341735,-1.03706026077,-0.235414296389,0.191135138273
116,23,O,6.27356835,10.2087761,11.18267508,-2,-0.489729344845,1.15984976292,1.84721291065,-0.586393654346
116,24,H,11.10020233,14.24307278,12.15671641,1,0.271083056927,0.853409528732,0.45728379488,0.954975664616
116,25,O,8.79603587,11.35238731,11.95441689,-2,-0.379575461149,-0.738564014435,-0.321679145098,-3.11331701279
116,26,O,13.83330745,10.35562619,10.41880655,-2,-0.439503610134,-1.67810034752,1.58846545219,-1.75714302063
116,27,H,11.12084891,11.7863935,14.63752786,1,0.227815017104,0.508063137531,-1.80279040337,-0.820517659187
116,28,H,12.04432822,9.67291155,14.41203938,1,0.195429712534,1.90084505081,0.556865036488,1.0719101429
116,29,O,11.53496845,9.61166258,13.63728713,-2,-0.427229166031,0.054765202105,-0.344898968935,-2.51468801498
116,30,O,11.52034348,16.7809611,14.10099445,-2,-0.480437159538,0.534722387791,3.96971225739,0.0949001312256
116,31,H,12.26543423,8.3417934,10.71765385,1,0.244331687689,2.76779747009,-0.195000946522,-2.00659656525
116,32,H,12.73047319,14.71969236,10.29797953,1,0.250020444393,0.73022043705,0.355066746473,-0.778468489647
116,33,H,12.12449372,10.19006703,16.71453285,1,0.285550147295,-1.71997928619,3.50156497955,4.76387405396
116,34,H,7.10776559,10.56532154,11.5644809,1,0.238752365112,-1.76968824863,-1.46837615967,-0.516591489315
116,35,H,11.29464155,10.58104316,8.47190571,1,0.230763763189,1.00996696949,-3.30140590668,0.174613326788
116,36,O,10.16148535,11.7199284,14.48121464,-2,-0.412262737751,1.48818969727,3.61015725136,1.72476160526
116,37,O,12.70738811,12.2701502,8.41328378,-2,-0.3664085567,5.51784849167,-2.4180495739,0.00806994736195
116,38,O,11.89281529,14.53524178,12.68481912,-2,-0.341498464346,-1.72623300552,4.18035840988,-1.37605178356
116,39,H,11.02910817,10.09401118,9.79732771,1,0.140214771032,1.07627928257,-2.77119088173,-1.84779727459
116,40,O,12.84719988,12.4140302,13.05354449,-2,-0.233192205429,0.15593726933,0.170391380787,0.149373963475
116,41,H,9.73535146,10.72190776,10.88573515,1,0.238173410296,-2.15219521523,-1.68420553207,4.16738033295
116,42,H,12.16717518,16.00449438,9.80442349,1,0.251870214939,0.217953681946,-2.00165939331,-1.60436797142
116,43,H,11.18860565,11.30586202,10.6648976,1,0.268169939518,2.05430459976,2.44870138168,1.73434150219
116,44,O,11.57035612,8.50832848,11.26757676,-2,-0.518670260906,-3.64936113358,2.93688344955,4.58293771744
116,45,O,11.6803793,9.74872596,8.97738047,-2,-0.469992488623,-0.941954433918,3.61454057693,-2.01474618912
116,46,H,13.77726088,9.44059332,10.64323287,1,0.238121420145,-0.0516566485167,-0.940059304237,0.165158033371
116,47,H,11.46396027,15.85317662,13.97086482,1,0.257386982441,-0.546724259853,-0.409913003445,-0.354152917862
116,48,O,12.28826891,15.03621192,9.46998517,-2,-0.349520176649,2.1218688488,5.95470142365,2.33200097084
117,0,H,11.15292219,13.75693562,10.36394083,1,0.227879062295,-3.13091373444,2.0216550827,1.76513504982
117,1,H,11.9718024,9.03527654,11.93292647,1,0.263100385666,1.17304372787,2.49613785744,1.97436380386
117,2,H,6.27654508,10.66277279,10.61995396,1,0.268937826157,-1.17218494415,1.42545604706,-1.88030588627
117,3,H,13.68778019,11.93398985,10.40262919,1,0.226682960987,4.11836767197,3.03927564621,0.876262307167
117,4,H,11.93549221,15.37790427,12.77813863,1,0.227491244674,0.96951931715,-2.12497115135,-0.281196385622
117,5,H,12.20970258,13.53069913,9.81095618,1,0.163716092706,-0.0627299696207,-2.58832001686,-2.04645776749
117,6,O,11.36854435,13.03365585,9.85111171,-2,-0.443321555853,0.967503666878,-3.1875667572,0.180220067501
117,7,H,10.34077259,12.44868565,15.01521457,1,0.239098221064,-0.866251885891,-1.53928852081,-0.638267815113
117,8,H,14.21897148,12.44177198,13.06536213,1,0.177682459354,-3.29730963707,-0.181788295507,0.0439217686653
117,9,H,12,12,12,1,0.155558973551,2.01894927025,0.0263883173466,1.42634236813
117,10,H,8.28126124,11.05043012,12.37307869,1,0.249829411507,-5.25650548935,0.0206844881177,5.30439567566
117,11,H,15.06283502,14.3605993,13.26122161,1,0.263487696648,0.484902054071,-1.92367327213,0.273569017649
117,12,O,10.67913365,10.73769892,10.45335207,-2,-0.359850645065,1.00502049923,2.80045008659,2.44343709946
117,13,H,11.74425627,17.53980039,13.79619583,1,0.280451089144,-0.221122145653,-3.55022764206,0.345568478107
117,14,H,8.74529627,10.80602765,11.18125039,1,0.251790344715,-0.785700142384,0.438548415899,-1.3775472641
117,15,O,14.56501932,12.64937108,10.67173448,-2,-0.431418061256,-4.46276950836,-2.92469882965,-1.46396577358
117,16,H,14.67405791,12.42418879,11.60050069,1,0.223343849182,0.405988991261,-0.00907573103905,-0.48920956254
117,17,H,12.76203637,13.18551116,13.35070411,1,0.179220080376,0.784004509449,-2.4706864357,-0.364889711142
117,18,O,6.52076666,10.03306965,11.25054239,-2,-0.476307332516,2.60774326324,-0.212667956948,2.26729464531
117,19,H,11.1788653,14.0438936,12.25287726,1,0.25640642643,3.9738445282,0.957109987736,2.50066637993
117,20,O,9.06799256,11.14139146,12.01913406,-2,-0.328110694885,3.59935331345,1.12131261826,-1.89567744732
117,21,H,11.44367628,11.47047632,14.74027374,1,0.232389807701,-4.09358644485,-0.564595103264,-0.847515702248
117,22,O,11.70013911,16.59852607,14.20251703,-2,-0.461366593838,0.35736489296,6.69765853882,1.13255751133
117,23,H,12.65912196,8.21708472,10.64278397,1,0.237477988005,-3.96038889885,0.904338121414,3.33895111084
117,24,H,13.01828306,14.53319771,10.29176065,1,0.261732578278,1.84556746483,-0.318043410778,0.679063141346
117,25,H,7.31532719,10.49804059,11.64987924,1,0.254456996918,-3.00175976753,-1.83203029633,-0.959489285946
117,26,H,11.58934727,10.28428176,8.40107698,1,0.237699449062,0.684748589993,-0.682767570019,-0.255094796419
117,27,O,15.30387155,13.38007234,13.38844096,-2,-0.306925207376,-2.55034589767,0.166538625956,4.28318929672
117,28,O,10.35647524,11.53502547,14.58801699,-2,-0.433761298656,5.02879047394,2.16717386246,1.45544326305
117,29,O,12.1307472,14.35741756,12.76691924,-2,-0.30802962184,-5.72242498398,2.61502766609,-3.20942997932
117,30,H,14.80777209,13.11016589,14.37646772,1,0.271894693375,2.78479814529,1.66404128075,-3.72968149185
117,31,H,11.27490152,9.95159576,9.80815634,1,0.096898406744,1.38056373596,-2.36538290977,-1.85469818115
117,32,O,13.09748077,12.21560626,13.16001671,-2,-0.359494507313,0.339479923248,1.06177806854,-0.810168027878
117,33,H,9.88998471,10.59251195,11.05925823,1,0.201961174607,4.19780778885,-0.355491280556,-0.480029582977
117,34,H,12.43445864,15.65776478,9.85174282,1,0.281335651875,-0.988868415356,11.6292057037,2.75345373154
117,35,H,11.56427951,11.24901212,10.78257427,1,0.258196055889,-3.84493112564,-1.57644665241,-0.912985563278
117,36,O,11.79739854,8.33165109,11.38860333,-2,-0.478549480438,2.78538990021,-3.66393828392,-4.95530319214
117,37,O,11.91985712,9.61719382,9.03575566,-2,-0.48266762495,-0.005784265697,0.732820391655,-0.615417957306
117,38,H,11.67362892,15.70879976,14.0861378,1,0.261059582233,-0.340797454119,-2.91545152664,-0.624858379364
117,39,O,12.48432216,14.87713482,9.58574902,-2,-0.379975944757,2.25162196159,-6.99848937988,-3.35164189339
118,0,H,11.10462875,13.61315514,10.40949339,1,0.259248226881,-0.359813511372,-1.86770486832,-1.21777391434
118,1,O,9.25840175,14.58869553,7.83742633,-2,-0.500076770782,-2.03916215897,0.371513575315,-0.916436076164
118,2,H,6.2672373,10.46653757,10.60180473,1,0.247321724892,1.38890612125,-1.38611221313,1.86918914318
118,3,H,14.0509112,11.85116022,10.66648579,1,0.260201603174,-3.41243243217,-2.32154512405,-2.42891430855
118,4,H,2.05915454,14.33454389,11.7375306,1,0.268805980682,1.10578620434,1.94618940353,-0.584866404533
118,5,H,7.38476714,12.53320865,9.67029766,1,0.22162476182,0.0407960526645,-0.609176754951,0.338937103748
118,6,H,11.99108265,15.04290532,12.81643777,1,0.223375827074,0.220056980848,4.0720872879,-0.296084165573
118,7,H,12.3296779,13.24021608,9.90927579,1,0.253277927637,5.78275442123,1.70402860641,-0.805905580521
118,8,O,11.53163853,12.8496424,9.89100697,-2,-0.3039059937,-2.83980917931,1.98721444607,2.39733505249
118,9,H,10.40588994,12.21344931,15.02747574,1,0.259009718895,-0.060213599354,0.911638498306,0.601976573467
118,10,H,14.41347221,12.12929839,13.12198697,1,0.232526227832,-5.08052635193,-0.160684093833,1.16417217255
118,11,H,12,12,12,1,-0.072493493557,1.15203011036,-0.342028170824,0.350660681725
118,12,H,8.29039961,10.92338832,12.58223639,1,0.24059176445,5.46711111069,0.528973579407,-0.947344481945
118,13,O,10.88186761,10.57415818,10.48958818,-2,-0.420408159494,1.12566912174,2.4893116951,3.29265236855
118,14,H,11.91221765,17.31935526,14.03975217,1,0.274772703648,0.418716996908,1.02547621727,-1.40799224377
118,15,H,8.84987133,10.52424962,11.31045957,1,0.230595216155,-0.773928821087,-0.366640150547,-1.96220970154
118,16,H,8.31280115,14.49867289,7.45702103,1,0.23516599834,2.13612580299,0.334872990847,0.906490266323
118,17,O,14.761956,12.41303765,10.71938727,-2,-0.497610062361,1.64395546913,2.1646900177,-1.63560461998
118,18,H,14.79718088,12.13177176,11.58733118,1,0.235174059868,1.91425001621,0.0819571614265,3.21103334427
118,19,H,8.80798534,11.83912742,9.09239602,1,0.189604222775,1.3975867033,0.468949079514,0.682746112347
118,20,O,5.84952527,13.48392748,8.02341739,-2,-0.463911950588,0.241629004478,-1.9691671133,2.35780930519
118,21,H,12.92989836,12.84951559,13.57134383,1,0.222369775176,0.888753354549,-0.0946540236473,-0.0798823237419
118,22,H,8.15685091,14.4512115,9.72362024,1,0.212393283844,-4.20029163361,0.24839656055,0.554529964924
118,23,O,6.72041912,9.85102196,11.28685431,-2,-0.497134685516,-4.35826206207,-1.68729579449,-3.06307649612
118,24,H,4.17466128,15.12297924,10.9870343,1,0.198723614216,2.87344479561,1.13270974159,0.267054587603
118,25,H,11.40819071,13.87608561,12.42508182,1,0.247393131256,1.58825230598,-0.704353749752,0.803646326065
118,26,H,10.57781651,12.82715329,8.89320229,1,0.208828493953,-2.63573932648,-2.37451672554,0.489600479603
118,27,O,9.29878749,10.9297196,12.03663305,-2,-0.292590737343,-7.42524290085,1.04164493084,4.9655919075
118,28,H,8.34008043,11.3024073,6.36618485,1,0.236300975084,-1.11843121052,-0.452034831047,0.977189183235
118,29,H,11.51916356,11.12841026,14.76568543,1,0.252560913563,-2.80467581749,0.621026813984,-0.278666198254
118,30,O,7.09938531,14.48497981,9.98547461,-2,-0.486066460609,4.84596157074,-0.808550298214,-1.7527487278
118,31,H,5.6343469,14.96717995,10.87918583,1,0.197859942913,1.57442033291,-0.0835970044136,-0.427074223757
118,32,H,8.59899997,11.53769049,7.77740438,1,0.221780598164,0.668867588043,0.459469646215,0.134203761816
118,33,O,2.56650452,15.17329412,11.94035754,-2,-0.477637201548,-1.09374833107,-1.25067174435,1.07852435112
118,34,O,11.82819634,16.42638873,14.26225859,-2,-0.478566050529,-0.829971373081,-3.53844618797,1.98986876011
118,35,H,7.34506224,10.36818477,11.66067967,1,0.231890931726,1.93141150475,2.43391466141,1.289321661
118,36,H,11.83729619,9.9255465,8.27648696,1,0.262821525335,-0.556856751442,0.756648421288,-1.41687321663
118,37,O,10.51634665,11.35332738,14.65642816,-2,-0.476009577513,2.92951273918,-1.45949709415,-0.31808462739
118,38,H,2.94272636,15.71967318,11.23921345,1,0.258520632982,-1.25943803787,-0.323231488466,-0.245614692569
118,39,O,12.29876979,14.18284517,12.7971896,-2,-0.359616935253,-2.54185461998,-2.53292655945,-1.50191676617
118,40,O,7.90338799,11.17607086,7.25781522,-2,-0.443345189095,0.558064758778,-0.70070874691,-4.19550895691
118,41,H,9.38335557,13.70451329,8.32895668,1,0.123277381063,-1.00906002522,1.14686405659,-1.04123830795
118,42,H,11.46497738,9.72165175,9.74941332,1,0.131622731686,0.142938569188,-0.555829942226,-0.685358762741
118,43,H,5.98858157,13.6087477,10.43882395,1,0.182054966688,0.853965580463,-0.346590340137,2.21582555771
118,44,H,6.30512104,13.67159058,9.05415498,1,0.168742537498,-0.119650386274,1.23228025436,-3.0848004818
118,45,H,5.6671298,12.49973548,8.02599137,1,0.215209707618,-0.426328092813,2.28730177879,-0.931749641895
118,46,O,13.30155741,12.01570289,13.22439865,-2,-0.347474426031,3.78814053535,-0.623534083366,-0.557236135006
118,47,H,6.47149652,11.63468281,8.77505365,1,0.23031745851,4.81050252914,-0.944350242615,2.43123960495
118,48,H,10.16609588,10.43621271,11.19563597,1,0.164534941316,3.26055145264,-0.111170940101,-0.979051291943
118,49,O,5.67918068,13.1926894,11.31529512,-2,-0.455839723349,-1.82421886921,-3.0504565239,-1.07093036175
118,50,H,11.71329309,11.14551688,10.87667124,1,0.246294692159,-3.55627942085,-2.32426905632,-0.891547858715
118,51,O,12.10759341,9.48167931,9.04842296,-2,-0.547352969646,2.55028104782,-2.16892647743,-0.459786534309
118,52,O,7.41291665,11.57151231,9.37904299,-2,-0.329821407795,-4.96062517166,1.59167921543,-0.188333898783
118,53,O,5.03851422,15.67392597,10.99105277,-2,-0.470964431763,-4.01969623566,0.533408939838,0.0993773043156
118,54,O,9.52699848,12.55197936,8.95684383,-2,-0.418390005827,1.05357277393,-0.173633486032,-0.207099348307
118,55,H,11.84090681,15.44114117,14.13786743,1,0.261159271002,0.326693564653,2.72701454163,0.406825333834
118,56,H,5.92513169,13.71604965,12.04815684,1,0.233262658119,0.625550270081,1.03304207325,0.703907430172
119,0,H,11.00623979,13.39955508,10.3683381,1,0.26681599021,2.97938394547,-2.22385120392,-1.02219510078
119,1,O,9.40083614,14.45044159,7.8385266,-2,-0.416883945465,-0.942549824715,-1.61736834049,0.784958839417
119,2,H,14.18344301,11.65984051,10.79627614,1,0.250568807125,-3.5860247612,-2.0947291851,-2.17038822174
119,3,H,12.03139125,14.89669875,12.78670375,1,0.228760063648,1.01625311375,1.26363146305,-0.361338704824
119,4,H,12.58133856,12.98541139,9.90424262,1,0.26039993763,-0.898196697235,0.307189077139,-0.35659596324
119,5,O,11.63943442,12.66988269,9.90335402,-2,-0.245110213757,1.08475410938,4.38306474686,3.78963708878
119,6,H,9.85495301,14.26212576,4.63602843,1,0.258187025785,0.216668173671,0.52149105072,0.94395416975
119,7,H,14.35217511,11.81456993,13.16416299,1,0.256388902664,4.7903547287,0.546771466732,0.537604093552
119,8,H,12,12,12,1,0.0549757480621,1.61704421043,0.190185070038,0.530230998993
119,9,H,8.46872866,10.86609126,12.76149116,1,0.263502717018,5.58096122742,-0.779744386673,-3.31525659561
119,10,O,11.04740923,10.42239777,10.49498324,-2,-0.347247570753,-1.13829696178,-0.295799612999,-1.30452680588
119,11,H,12.11640887,17.18220388,14.15786844,1,0.275940716267,0.737947881222,-1.16741228104,-0.511141657829
119,12,H,8.92677343,10.22915249,11.31037808,1,0.254257678986,1.23756086826,1.10059201717,1.47537541389
119,13,H,8.47715825,14.24058409,7.51898474,1,0.230054080486,0.79064899683,0.551759243011,1.04666829109
119,14,O,14.91964016,12.19530808,10.72900254,-2,-0.448436558247,1.68643498421,0.241896167397,3.20456171036
119,15,H,14.99396148,11.84000902,11.6845732,1,0.229814529419,2.04299974442,1.70182597637,-1.78764927387
119,16,H,9.03124907,11.69625771,9.24812672,1,0.259381949902,1.3513520956,0.828584432602,0.605147361755
119,17,H,13.09470672,12.49517261,13.75050876,1,0.251155912876,0.143186748028,1.95532155037,1.63038992882
119,18,H,11.64456493,13.64411068,12.57400719,1,0.248187825084,-4.97736978531,-3.44476914406,-1.15854823589
119,19,H,10.62412571,12.77534288,9.15741255,1,0.151106268167,-0.898799479008,-2.97167754173,-0.709145903587
119,20,O,9.46563159,10.7277877,12.03108118,-2,-0.275964319706,-9.68771266937,0.527597546577,3.69272351265
119,21,H,8.45760208,10.97888182,6.30390966,1,0.25522390008,-1.17517518997,0.338103920221,3.2560107708
119,22,H,8.6463135,11.49413916,7.81512473,1,0.227226793766,0.921776771545,0.647930085659,-0.755201101303
119,23,H,9.21104529,14.30667217,6.23770795,1,0.194664165378,1.86702990532,0.388399600983,-1.41279518604
119,24,O,11.91106206,16.24830621,14.28671472,-2,-0.44744476676,-1.80678415298,-0.0125359296799,0.712855815887
119,25,O,9.19340884,14.02630209,5.29351457,-2,-0.461171925068,-1.41212701797,-1.04298257828,-0.499377191067
119,26,H,12.01567967,9.59684917,8.06878711,1,0.256788849831,0.11803252995,-0.613144516945,2.57102298737
119,27,O,12.41775714,14.01078199,12.78610779,-2,-0.365462392569,3.21204400063,2.49259996414,0.694684207439
119,28,O,8.05251767,11.00741128,7.27255694,-2,-0.467266350985,0.0392227694392,-1.10896289349,-3.46043252945
119,29,H,9.59509196,13.48127692,8.38127484,1,0.117859214544,-1.92175483704,2.80736041069,-2.11384534836
119,30,H,11.55085025,9.49376943,9.68989715,1,0.138546556234,0.673832178116,-0.687242567539,-1.75531339645
119,31,O,13.47047741,11.81769818,13.24844784,-2,-0.374733537436,-6.13750982285,-2.84363937378,-2.24321055412
119,32,H,10.56034749,10.2696294,11.25549602,1,0.163318499923,-1.10782217979,-1.78538346291,1.98904538155
119,33,H,11.65377091,10.96971535,10.91460535,1,0.237115606666,2.64178371429,1.45604002476,0.143568992615
119,34,O,12.25931547,9.34466323,9.01999287,-2,-0.44816967845,1.15206074715,-0.379761576653,-3.09816122055
119,35,O,9.66285519,12.39839333,8.98947739,-2,-0.289412140846,-1.34331703186,-0.468756973743,-0.173052445054
119,36,H,12.00446805,15.29931611,14.16440047,1,0.257061809301,1.13210523129,1.28741729259,0.599737405777
120,0,H,14.06234227,12.98841558,9.82387302,1,0.233160257339,1.6125125885,1.07479548454,0.0238028690219
120,1,H,10.2999977,14.1648548,12.77566692,1,0.25185918808,-0.813477218151,2.55057358742,-1.4373114109
120,2,O,10.11455812,11.28146014,12.89848303,-2,-0.264311492443,-1.75590932369,0.727202534676,2.31048536301
120,3,H,12.82276709,13.17878755,9.54170127,1,0.206728219986,-1.73145365715,0.749664306641,-0.999124825001
120,4,O,13.54263175,13.79639742,9.62177083,-2,-0.383033126593,0.716968238354,-1.79065978527,0.670669317245
120,5,H,12.63564287,12.99370009,14.88497743,1,0.221835687757,-0.551599979401,-1.96149337292,-1.61655533314
120,6,H,12.00033869,12.38209287,11.16520304,1,-0.00790172070265,-2.40537309647,0.158945813775,-0.763325870037
120,7,H,11.24671662,10.40627576,12.66643816,1,0.117649972439,0.787823736668,-1.88899731636,-0.0311558973044
120,8,O,11.80377764,9.5661993,12.58213266,-2,-0.36343985796,1.08081710339,0.978638291359,-1.95312440395
120,9,H,10.26910432,12.49891657,10.6596205,1,0.229195252061,-4.43756866455,-1.08723640442,2.15306782722
120,10,O,13.06467095,10.59083201,9.61314961,-2,-0.384685963392,-0.278344780207,0.652068197727,3.3904645443
120,11,H,12,12,12,1,0.112551927567,0.219718024135,0.875174283981,-1.14544832706
120,12,O,11.03406596,12.67095885,10.21712504,-2,-0.0654960721731,6.33994293213,-0.0698514506221,0.726684570312
120,13,H,10.61481885,11.97834673,12.54973422,1,0.226922780275,1.09846568108,1.64142560959,-1.63492715359
120,14,H,13.09869957,12.57670677,13.51521616,1,0.224825650454,-0.11449855566,-0.450574785471,0.581387519836
120,15,H,10.2466999,11.61275858,13.82571397,1,0.234811902046,-0.629680275917,-1.55414783955,-0.16106942296
120,16,H,10.57619643,13.39480572,13.68312864,1,0.25079536438,-0.590723633766,4.36013507843,2.67338967323
120,17,O,12.48949941,15.11798218,14.29459219,-2,-0.359428495169,-0.286728978157,-0.624097943306,-2.54997491837
120,18,O,12.46778228,12.24099069,14.19158666,-2,-0.30187228322,0.515367209911,2.52503228188,0.197940677404
120,19,H,11.46396973,14.97598483,13.9042867,1,0.0578360855579,1.7910630703,0.624083518982,1.48819983006
120,20,H,12.150487,10.72402821,9.99386075,1,0.24968546629,1.44953250885,-0.646186888218,-2.81499695778
120,21,H,13.43835214,10.48434952,8.74478658,1,0.251561552286,-1.30210709572,-0.0846704095602,-0.808819293976
120,22,H,12.27463663,9.57461565,11.6918133,1,0.232775092125,-0.698934197426,-0.320829510689,1.6601934433
120,23,O,10.30019851,14.49404351,13.69796348,-2,-0.213830113411,0.262876629829,-6.86665916443,-1.62608468533
120,24,H,12.60578432,15.15937971,15.22173469,1,0.241804793477,-0.278687626123,0.427664488554,1.66563439369
121,0,H,14.20797036,13.1175404,9.93744146,1,0.207291945815,-3.53765726089,2.28605699539,-1.41539013386
121,1,H,16.00955448,12.39383566,9.54135597,1,0.252451092005,-1.63379359245,-6.4899520874,-4.82384300232
121,2,H,10.43535845,14.26101508,12.83898204,1,0.249429523945,-0.967005193233,2.14430093765,0.63921225071
121,3,O,10.05363174,11.34143378,13.05150568,-2,-0.281149178743,-0.666480243206,3.00252461433,0.28905454278
121,4,H,12.73761742,13.2199487,9.52149006,1,0.216740578413,-0.398188829422,-0.168008908629,-0.577501177788
121,5,O,13.43520118,13.83468176,9.7389077,-2,-0.356313049793,3.00593948364,-2.39941120148,1.19588899612
121,6,H,12.39364822,13.05851285,15.16666796,1,0.219477236271,1.01792359352,-2.13600039482,-4.04010152817
121,7,H,11.93132773,12.39287382,11.32814446,1,-0.0618532001972,-1.16680538654,0.475624799728,-0.746386528015
121,8,H,11.06379402,10.29878441,12.81734384,1,0.142303779721,-0.346290141344,0.265841513872,-0.272426992655
121,9,H,14.71470153,10.36465961,10.98448938,1,0.20778234303,0.227113157511,0.358891159296,2.39351582527
121,10,O,11.73617068,9.62315301,12.71037146,-2,-0.387912750244,1.53181886673,-0.984141945839,0.0737643763423
121,11,H,10.01459586,12.51743772,10.80887945,1,0.21284198761,1.94320690632,0.21211707592,-1.02034628391
121,12,O,12.93573637,10.62801266,9.75404243,-2,-0.339649051428,-0.115374460816,0.389400959015,1.57995152473
121,13,O,16.27139481,13.05985342,10.01228322,-2,-0.370837241411,-1.71225380898,7.10328292847,5.46551132202
121,14,H,15.31742915,13.43332577,10.31842149,1,0.210984930396,4.70747041702,0.0785070210695,-0.39117488265
121,15,H,12,12,12,1,0.0546503067017,-0.0937103480101,0.113406419754,-0.359381228685
121,16,O,10.9277495,12.74793291,10.35920528,-2,-0.0503982156515,-0.755982458591,-1.10415005684,2.78857445717
121,17,H,10.43484984,12.15970427,12.66777901,1,0.228480443358,-0.272717118263,-0.940501451492,-0.578111231327
121,18,H,13.00824845,12.47867258,13.45689786,1,0.212550297379,-1.72438311577,0.190956145525,4.51174449921
121,19,H,14.68086062,11.75574866,11.00205479,1,0.209724858403,0.661557257175,-1.30478787422,2.9675245285
121,20,O,14.84680195,11.03563736,11.75423068,-2,-0.350224733353,-1.32673299313,0.708169996738,-4.82629156113
121,21,H,10.09219283,11.76403266,13.92950698,1,0.232001036406,-0.336112469435,-1.55421245098,0.746934115887
121,22,H,10.42118306,13.55529085,13.95664364,1,0.235762998462,-0.276675909758,1.4949388504,1.86204957962
121,23,O,12.38198019,15.19015117,14.47171412,-2,-0.379625678062,-0.069207072258,-0.561156392097,-0.972951233387
121,24,O,12.38295642,12.315699,14.34766209,-2,-0.310887157917,0.803570151329,1.97530198097,-0.907473802567
121,25,H,11.44611249,15.04906228,13.9608521,1,0.0986244678497,2.02003073692,0.980004310608,2.43281149864
121,26,H,12.06645939,10.85901201,10.30059558,1,0.230413079262,2.42124199867,-0.983673453331,-3.79116892815
121,27,H,13.22194218,10.52923682,8.79436584,1,0.241871103644,-2.30538916588,0.417379111052,1.71475100517
121,28,H,12.21458312,9.5973842,11.88111027,1,0.244967475533,-0.0349762141705,0.0114814192057,-0.144013226032
121,29,O,10.19840792,14.52495422,13.7932241,-2,-0.256454408169,-0.00796151161194,-3.73699975014,-3.35767102242
121,30,H,12.35257065,15.50131638,15.38851148,1,0.23695512116,-0.592175483704,0.154812037945,-0.43705457449
122,0,H,14.08411801,13.38035931,9.98009805,1,0.208815842867,-1.6713603735,-0.0910056903958,-1.22311723232
122,1,H,15.76051464,12.30998201,9.36715346,1,0.229246407747,1.32766342163,3.71543169022,3.45283579826
122,2,O,9.902401,11.42099206,13.18499233,-2,-0.235437020659,-0.266398012638,3.77064442635,-2.29069519043
122,3,H,12.47903597,13.26750781,9.47360598,1,0.226378276944,3.10557174683,1.5709297657,0.789652943611
122,4,O,13.2533085,13.87584274,9.8337889,-2,-0.358048021793,-1.99506044388,-1.45098054409,-0.366611450911
122,5,H,12.12258838,13.03130966,15.20246972,1,0.243795216084,1.01567173004,0.716755032539,-0.966268837452
122,6,H,11.79301615,12.3935764,11.52461275,1,-0.0924722552299,-2.04269170761,3.20025897026,-3.71813750267
122,7,H,10.79220945,10.20516267,12.90844011,1,0.17470985651,-1.0693808794,0.845282435417,-0.488953173161
122,8,H,14.53430732,10.58978793,11.04261726,1,0.204839855433,0.438155055046,-1.2797627449,1.0486433506
122,9,O,11.5863477,9.6928352,12.81892071,-2,-0.36491972208,1.02594268322,-0.94291394949,2.79321789742
122,10,H,9.82831724,12.56001746,10.8901039,1,0.207069844007,1.41413843632,0.199697747827,-0.62076997757
122,11,O,12.71948705,10.67834954,9.87742008,-2,-0.349171668291,2.72849798203,-0.810145616531,-0.362150937319
122,12,O,16.06359259,13.13138411,10.14820732,-2,-0.317196130753,1.08459639549,-4.48532485962,-4.55975198746
122,13,H,15.27616266,13.43497888,10.52147833,1,0.22330892086,-1.21825325489,1.10478305817,1.48679184914
122,14,H,12,12,12,1,0.0179941654205,0.978260278702,-2.80034422874,3.08911991119
122,15,O,10.72483577,12.83062525,10.47823686,-2,-0.0500000417233,-0.652384281158,-0.948374271393,1.77633070946
122,16,H,9.20143011,13.81271093,15.6156714,1,0.261757850647,-0.645036458969,-2.8859603405,-1.24160444736
122,17,H,10.15950119,12.30873923,12.70135524,1,0.213859453797,-0.707139968872,-2.74869608879,1.05025410652
122,18,H,12.72282051,12.40784366,13.6189588,1,0.244451373816,-0.161746963859,1.18514585495,2.79083395004
122,19,H,14.25877343,11.9001831,11.15006432,1,0.200705304742,1.40379977226,-1.81119668484,3.30609941483
122,20,O,14.66310464,11.12365178,11.85885385,-2,-0.31712269783,-2.42071270943,2.89463400841,-4.03333520889
122,21,H,9.87411991,11.85834433,14.03743501,1,0.187551558018,0.783769667149,-0.397984772921,1.39053344727
122,22,O,12.21453117,12.40699279,14.47800332,-2,-0.377393871546,-0.534288883209,-2.04710364342,-1.92440438271
122,23,H,12.00046083,10.99192537,10.39768342,1,0.23612600565,-1.37732481956,0.132365450263,-1.16784250736
122,24,H,12.80159187,10.60579065,8.90328919,1,0.255347639322,-1.38804972172,0.408831089735,1.05883955956
122,25,H,12.05522611,9.63291113,12.03712256,1,0.2519569695,1.07949090004,-0.143828511238,-2.69495820999
122,26,H,8.74885063,12.40219733,14.83683271,1,0.256988495588,-5.61931943893,-2.04789566994,-4.17506361008
122,27,O,9.25996662,12.81268071,15.39730909,-2,-0.383141756058,5.38359069824,5.14675855637,5.80051088333
123,0,H,10.27288746,14.80175225,12.92547375,1,0.251952052116,0.502202987671,-0.464940369129,0.876175165176
123,1,O,9.67974884,11.61574864,13.16376892,-2,-0.277864873409,-0.761776208878,0.793160676956,-1.4656034708
123,2,H,11.86274684,13.21381256,15.05139347,1,0.26233369112,0.370342940092,4.87607765198,3.23059368134
123,3,H,11.56899231,12.57540832,11.48175163,1,-0.0183427631855,-0.749598920345,-0.608071923256,0.146955296397
123,4,H,10.44766599,10.23899391,12.7960113,1,0.196583002806,0.70958673954,-0.168349713087,-0.530324339867
123,5,H,14.30584427,10.86416763,11.01657115,1,0.224987059832,0.592217624187,-3.08207535744,-2.32579874992
123,6,O,11.37019463,9.86615448,12.7863198,-2,-0.334369212389,1.10393452644,0.435930490494,-0.52398699522
123,7,H,9.6986027,12.71732238,10.79026207,1,0.230767011642,-6.64905786514,-2.86951231956,3.05466413498
123,8,O,12.443042,10.82851533,9.84888622,-2,-0.334058046341,2.02239394188,-1.40726399422,-0.437470853329
123,9,H,12,12,12,1,0.0832591354847,-0.954954445362,0.710893809795,-0.88299292326
123,10,O,10.44627706,13.00989985,10.44927786,-2,-0.131112784147,8.19831848145,2.62614774704,-2.05383014679
123,11,H,8.87143073,14.04323484,15.47297251,1,0.248848408461,-1.308547616,-3.33511948586,-0.338821291924
123,12,H,9.77560713,12.41681207,12.6074712,1,0.218441724777,-0.261016637087,-0.575820684433,0.617031753063
123,13,H,12.38127788,12.50309072,13.71718737,1,0.260319471359,4.81326055527,0.439626425505,-6.24943494797
123,14,H,13.85412212,12.01970799,11.3648763,1,0.223842084408,0.656431496143,0.736197292805,1.13634228706
123,15,O,14.40124328,11.32681531,11.80273261,-2,-0.361391037703,-1.36064934731,2.48368310928,1.16999065876
123,16,H,9.63924576,12.02197447,14.02822447,1,0.187719285488,1.03811490536,-0.0944209396839,0.946497321129
123,17,H,9.9168545,14.01783094,14.53214023,1,0.174129992723,0.956939160824,1.12103962898,-3.57602334023
123,18,O,11.97171247,12.58949838,14.45333467,-2,-0.422096729279,-4.86348056793,-5.32768154144,3.33490133286
123,19,H,11.77539747,11.2878392,10.28907163,1,0.223146736622,-1.86875319481,0.782305061817,0.301106005907
123,20,H,12.23505197,10.79793496,8.91733577,1,0.244428575039,-0.184875309467,0.0558328740299,-0.37998971343
123,21,H,11.85195025,9.77305421,11.93203289,1,0.236964151263,-0.974743485451,-0.0451104715466,0.571133673191
123,22,O,9.75644632,14.69814138,13.7362807,-2,-0.387040436268,-0.493869781494,-0.420766413212,1.1961183548
123,23,H,8.41624587,12.48058648,14.73082687,1,0.247436180711,0.631136119366,2.8058924675,2.20159721375
123,24,O,9.03064445,13.02520104,15.36598034,-2,-0.248882517219,-1.16355443001,0.532346606255,-0.018828779459
124,0,O,14.02901023,10.68365972,14.54814815,-2,-0.347763061523,-1.22967064381,0.13400092721,-2.077242136
124,1,O,9.51711059,11.71640061,13.18954117,-2,-0.30087184906,-0.528798878193,-1.4770809412,1.02135181427
124,2,H,11.72644333,13.54382715,15.06531936,1,0.227385729551,1.08706080914,-2.56725668907,-2.84242916107
124,3,H,11.46961941,12.56030498,11.58155729,1,-0.0193385332823,-0.35449591279,-0.769503891468,-0.177369296551
124,4,H,10.25232516,10.1550428,12.68518752,1,0.210400745273,1.3130710125,-0.290739417076,0.117350354791
124,5,H,14.16469194,10.90857703,10.96950819,1,0.231890499592,0.0508224219084,0.550514996052,0.89463031292
124,6,H,14.13783424,10.87073152,13.55395049,1,0.197907269001,-0.0974401161075,-0.518620014191,1.6039853096
124,7,O,11.22117062,9.94574887,12.80211315,-2,-0.310326635838,0.512440860271,0.482547819614,-1.40654230118
124,8,H,9.43955464,12.6950456,10.84447867,1,0.211843013763,-0.160595193505,-0.253753483295,-0.11100551486
124,9,O,12.23707175,10.87803924,9.86588398,-2,-0.273083180189,-4.17995929718,2.07752633095,-1.27444684505
124,10,H,12,12,12,1,0.0657864809036,-2.12698411942,1.2056542635,-1.12531542778
124,11,O,10.24831558,13.09156844,10.46513886,-2,-0.144847258925,2.03522753716,-0.241577446461,1.49348652363
124,12,H,9.45003488,12.39954266,12.56515967,1,0.233669891953,-0.447362393141,1.70900666714,-0.481896340847
124,13,H,12.30308963,12.54791268,13.61536344,1,0.227240860462,-0.674736261368,1.42406141758,2.8436217308
124,14,H,13.52817801,12.07322815,11.70507559,1,0.223671674728,-0.683263003826,1.57338368893,-0.640324294567
124,15,O,14.20046855,11.44051031,11.80170333,-2,-0.316311061382,0.997383832932,-1.92056369781,-0.163526371121
124,16,H,9.53788954,12.08824422,14.07811428,1,0.237760394812,0.135849699378,0.121116101742,-0.0971700996161
124,17,H,13.17984534,10.1709955,14.64233307,1,0.214297875762,1.47633302212,1.33730614185,-1.25167095661
124,18,O,13.59733106,9.43250561,16.52050561,-2,-0.370395988226,3.11106824875,3.15396308899,-3.04962062836
124,19,H,12.94819286,9.49132456,15.84791847,1,0.23755697906,-1.0451387167,-0.251611977816,-0.216787979007
124,20,O,11.77873949,12.65535838,14.4859896,-2,-0.31324160099,-0.109405308962,1.06575763226,0.491650909185
124,21,H,11.50777594,11.56572084,10.2542611,1,0.176517352462,2.34660458565,-2.01834130287,-0.818956851959
124,22,H,11.72593268,10.88206669,8.97365476,1,0.217696800828,1.82340443134,-0.631198942661,1.60246551037
124,23,H,13.2233873,8.92360336,17.12075468,1,0.256225705147,-2.43125462532,-3.75113201141,4.68634557724
124,24,H,11.65158974,9.82261246,11.91324616,1,0.226327776909,-0.820162653923,-0.143460422754,0.979416549206
125,0,O,13.9421791,10.69244641,14.59302819,-2,-0.366816282272,-1.15808033943,-0.343574404716,-0.947546958923
125,1,O,9.46439263,11.71357128,13.26521078,-2,-0.299327790737,-0.888446092606,0.210168391466,-1.61783134937
125,2,H,11.77720579,13.665076,14.99175907,1,0.213062345982,0.0991883054376,-4.19688463211,-2.08988213539
125,3,H,11.54010675,12.3646475,11.79865102,1,-0.0578982532024,-4.9966545105,3.57724142075,-2.44918107986
125,4,H,10.26204149,9.9636072,12.61703633,1,0.215015262365,-0.793727636337,0.138597682118,0.817217648029
125,5,H,14.14084297,10.87294597,10.98330911,1,0.16859459877,-0.758429408073,1.48419094086,0.712055385113
125,6,H,13.93593661,10.78500014,13.60526331,1,0.20004786551,0.085941657424,-0.322460651398,0.911868810654
125,7,O,11.18717016,9.93122836,12.86090147,-2,-0.310277342796,0.0321324542165,0.393993616104,0.758942127228
125,8,H,9.32839316,12.6080178,10.93869592,1,0.200093477964,1.78274261951,0.773570895195,-1.11115503311
125,9,O,12.13134289,10.8374447,9.92526187,-2,-0.212462365627,-5.21849012375,2.74876379967,-1.55992817879
125,10,H,14.78933882,10.68501289,8.77447017,1,0.23916272819,0.448371320963,0.41010132432,1.73797190189
125,11,H,12,12,12,1,0.00312241911888,2.72178387642,-3.31682324409,1.53328359127
125,12,O,10.16839469,13.06825553,10.53290711,-2,-0.176581501961,-0.590385496616,-1.1679019928,1.83943510056
125,13,O,14.89539414,11.0243576,9.71336627,-2,-0.284028738737,4.48084831238,-1.36723768711,-0.713251650333
125,14,H,9.24665856,12.36917069,12.55003131,1,0.227789208293,0.170374438167,-0.424715697765,2.2537920475
125,15,H,12.31329899,12.55810941,13.67102122,1,0.205727428198,-1.94284057617,0.684419870377,3.84206700325
125,16,H,13.29067187,12.08889167,12.06070707,1,0.184277012944,3.672270298,-1.98073148727,-1.39429533482
125,17,O,14.11660099,11.45389805,11.85545768,-2,-0.254760712385,-2.47034549713,1.06808376312,1.43451941013
125,18,H,9.60720228,12.0872697,14.14376313,1,0.23130518198,0.103043816984,0.569076478481,-0.31498247385
125,19,H,13.22658906,10.04920977,14.84637632,1,0.209724575281,1.5741699934,1.52353465557,-1.6735047102
125,20,O,13.50213166,9.45272752,16.6254233,-2,-0.389001429081,3.13298487663,-0.614543616772,3.71456694603
125,21,H,12.83852032,9.46518266,16.01777713,1,0.242227971554,-3.51290392876,-0.666304111481,-1.23427987099
125,22,O,11.69867958,12.62583117,14.56907549,-2,-0.266900360584,1.98550343513,3.46076202393,-1.30737280846
125,23,H,11.45480952,11.68236009,10.23621564,1,0.156110495329,2.56527686119,-2.04837727547,0.0160028841347
125,24,H,11.43099421,10.83200448,9.14633482,1,0.20249299705,2.47281217575,-1.1296851635,1.24371504784
125,25,H,13.30544374,8.85075919,17.37432906,1,0.250816047192,-0.188231423497,0.495222330093,-0.925243914127
125,26,H,11.51966895,9.77487431,12.00491123,1,0.225313082337,1.56883454323,-0.630404233932,-1.78761696815
125,27,H,15.94467846,10.8574526,10.01834144,1,0.243172347546,-4.37774372101,0.671918332577,-1.68936526775
126,0,O,13.79413138,10.83534776,14.5740598,-2,-0.380408525467,0.25153157115,0.583621382713,0.465058982372
126,1,O,9.34162551,11.837154,13.27456602,-2,-0.267491787672,-0.80383336544,0.153881490231,-1.41431677341
126,2,H,11.77146223,13.68246007,14.74002634,1,0.231102839112,-0.796345055103,-0.254539400339,1.10261332989
126,3,H,11.35392403,12.43912634,11.88558241,1,-0.00613504648209,0.121163725853,-0.247455134988,-0.525078713894
126,4,H,10.18445469,9.9235046,12.5270205,1,0.214305743575,-0.84777200222,0.258629769087,1.44401144981
126,5,H,14.00661453,11.07259717,10.99568766,1,0.234118178487,-1.43439102173,1.3307287693,1.34289479256
126,6,H,13.66273686,10.82678313,13.63455198,1,0.211113631725,0.360226690769,-0.22403511405,-0.848104119301
126,7,O,11.08721683,10.04850576,12.85872795,-2,-0.257462739944,-0.116862267256,0.092942327261,-1.64333939552
126,8,H,9.31111352,12.75161259,10.89867356,1,0.225155442953,-4.66587114334,-2.97009372711,2.12803292274
126,9,O,11.94228765,10.93702461,9.91700638,-2,-0.260444104671,-1.93089187145,2.45765447617,0.504134953022
126,10,H,12,12,12,1,0.0473098754883,-2.9061293602,0.413053005934,-0.623452425003
126,11,O,10.01958862,13.16264422,10.54649928,-2,-0.195613205433,5.8399887085,2.54361724854,-0.999658644199
126,12,H,9.01608239,12.4675493,12.58219505,1,0.234017819166,0.313220828772,-0.316569805145,1.82171332836
126,13,H,12.14175124,12.72237367,13.87313597,1,0.224115341902,1.83981025219,-1.40203118324,-2.13915157318
126,14,H,13.17263057,12.11958176,12.26393985,1,0.197402894497,2.95445299149,-1.02611792088,-1.72007083893
126,15,O,13.96290911,11.59889076,11.85431671,-2,-0.244933143258,-0.319027334452,0.249053239822,0.729598999023
126,16,H,9.63310046,12.26592053,14.09400939,1,0.223068416119,0.0786369144917,0.425078570843,-0.276455581188
126,17,H,13.25444468,10.11637274,14.87537461,1,0.242835819721,-0.47385340929,-0.615229725838,0.552322864532
126,18,O,11.5609125,12.73797632,14.5860083,-2,-0.295808136463,-1.03177142143,1.77613508701,1.39877605438
126,19,H,11.46066879,11.83344349,10.15402771,1,0.180925861001,1.97365272045,-1.28916156292,0.11266733706
126,20,H,11.20164286,10.85286389,9.31536939,1,0.226608455181,-0.0173321329057,-1.73318135738,-1.2826654911
126,21,H,11.39670792,9.82835565,11.96880999,1,0.216216146946,1.61139559746,-0.205980032682,-0.129531040788
127,0,O,13.82588637,10.97157529,14.56766131,-2,-0.369528055191,0.880554080009,1.15035569668,-1.15576589108
127,1,O,9.38775478,11.94472283,13.29247748,-2,-0.295478582382,0.757584095001,-1.24417829514,1.17931342125
127,2,H,11.90732342,13.70376108,14.555632,1,0.236851319671,-0.593965888023,4.26084041595,2.0724966526
127,3,H,11.3460427,12.50722661,11.97019891,1,-0.00947806239128,0.662889063358,-1.0351036787,-0.974467039108
127,4,H,10.24859224,9.91165574,12.52707754,1,0.205704271793,0.446796298027,0.655382394791,1.47350633144
127,5,H,13.96988076,11.31249344,11.02512448,1,0.24995495379,-1.30647742748,-0.0346547216177,-0.497160345316
127,6,H,13.56763287,10.87725231,13.63114852,1,0.20723170042,0.387400776148,0.439971596003,0.412603080273
127,7,O,11.15817838,10.15157359,12.86319774,-2,-0.222016632557,-0.641373515129,-0.56420737505,-3.90098118782
127,8,H,9.31713338,12.81218496,10.94401022,1,0.217825680971,-1.86616253853,-1.38876998425,0.893553495407
127,9,O,11.92041589,11.03169426,9.92056748,-2,-0.325358718634,0.464483678341,-1.16493320465,0.142082259059
127,10,O,12.82370707,8.91599362,14.26190502,-2,-0.244085341692,-0.133902996778,-0.207372784615,-0.377719461918
127,11,H,12,12,12,1,0.0271697342396,-3.07002091408,1.42863273621,-0.358118772507
127,12,O,10.05911643,13.24480023,10.56929242,-2,-0.229615867138,3.13296437263,0.855178415775,0.509312987328
127,13,H,8.9938783,12.5568399,12.72338896,1,0.237042933702,-1.27571797371,1.64321064949,-0.959893643856
127,14,H,12.24329754,12.78111698,13.96337698,1,0.234266996384,1.89358770847,-3.22697973251,-2.11539840698
127,15,H,13.36906397,12.07543197,12.3941446,1,0.233770266175,-3.47467374802,2.15509462357,2.53179764748
127,16,O,13.98357403,11.73199673,11.87481755,-2,-0.347397595644,5.40909099579,-1.89393937588,-1.722676754
127,17,H,9.82409831,12.46282138,13.99935404,1,0.210196077824,0.152159437537,-0.261956274509,-0.166314601898
127,18,H,13.41687292,10.1666867,14.90683068,1,0.171414971352,-0.886055707932,0.558045625687,1.57888758183
127,19,O,11.59223082,12.84123645,14.6205901,-2,-0.320096373558,-1.30875205994,-0.926091194153,0.369974732399
127,20,H,12.0725301,8.36683342,14.64134502,1,0.240573599935,2.61969923973,0.33868521452,-0.928974032402
127,21,H,11.71492437,11.93026923,10.11032779,1,0.214093223214,0.154550343752,1.43651247025,-0.0332519076765
127,22,H,11.14334565,10.78189373,9.43876292,1,0.240842044353,-0.526338100433,-0.745209038258,-0.70916312933
127,23,H,11.53003543,9.8611648,11.95066958,1,0.201120644808,0.444370508194,0.566261053085,1.91295802593
127,24,H,13.7805428,9.18669216,13.98424394,1,0.234996497631,-2.32268977165,-2.79477620125,0.823398590088
128,0,O,14.04655577,11.03708418,14.57787812,-2,-0.360449105501,-0.416041374207,-0.65967041254,-1.06341993809
128,1,O,9.61965937,11.97225011,13.33356617,-2,-0.275753855705,-0.500986337662,1.4432387352,-0.589002609253
128,2,H,12.19252544,13.84789602,14.51482577,1,0.210066646338,-2.02099657059,-2.353048563,1.50593960285
128,3,H,11.5805053,12.4648391,12.06018172,1,-0.0421974360943,-4.28303194046,4.01362800598,-0.398408532143
128,4,H,10.5263221,9.88861661,12.626733,1,0.215161144733,-0.645530939102,0.318768829107,0.533428370953
128,5,H,14.04349216,11.45415359,11.00003107,1,0.23732663691,-1.04221916199,0.458336442709,1.59025013447
128,6,H,13.68220106,10.8742849,13.66587881,1,0.203767225146,0.726926982403,0.218900576234,1.19739568233
128,7,O,11.41162155,10.17477606,12.87488064,-2,-0.247672557831,0.368919432163,0.254771590233,-1.39669919014
128,8,H,9.45559175,12.79072464,11.03275046,1,0.212630659342,1.5474306345,0.499562680721,-0.655674755573
128,9,O,12.08769512,11.04839713,9.94278468,-2,-0.316220700741,-1.03168487549,-0.533701241016,-0.110746435821
128,10,O,13.07326584,8.94478044,14.2989535,-2,-0.250310957432,-4.68525886536,-1.67693972588,1.1737869978
128,11,H,12,12,12,1,-0.0111874192953,3.04267859459,-3.71060037613,-0.466250538826
128,12,O,10.29319402,13.25338104,10.6115325,-2,-0.171100825071,-0.544209301472,-1.01651465893,1.78509628773
128,13,H,9.12721428,12.66211226,12.85377614,1,0.228201568127,-0.430960953236,-0.548371493816,0.330262005329
128,14,H,12.62219091,12.61096088,13.94292364,1,0.203830748796,-3.08086395264,-0.479524821043,3.27492618561
128,15,H,13.59714068,12.04910901,12.6245503,1,0.223839446902,-0.0862882733345,-0.226798117161,-1.54058969021
128,16,O,14.20646354,11.78645214,11.91668801,-2,-0.340005248785,1.08377563953,-0.0922481417656,-0.265318274498
128,17,H,10.18041655,12.56709124,13.87991484,1,0.190163403749,0.489822179079,-0.744224190712,0.347901403904
128,18,H,13.7097311,10.17289409,14.98171201,1,0.177933126688,-0.171087056398,2.21992897987,0.505941450596
128,19,O,11.8058493,12.86769212,14.67581148,-2,-0.244057327509,4.97250938416,2.96717309952,-4.41319513321
128,20,H,12.22764852,8.3741493,14.6697817,1,0.244753792882,4.68747282028,1.59497189522,-1.57398712635
128,21,H,12.12673832,12.02662675,10.10520697,1,0.223314777017,-0.722154259682,-1.50881803036,-1.01799964905
128,22,H,11.24489325,10.62809509,9.54912515,1,0.243053659797,1.86944675446,1.86515414715,0.771975755692
128,23,H,11.86520306,9.85862134,12.06870812,1,0.212670832872,0.528298556805,0.0322665534914,0.412600547075
128,24,H,13.9979305,9.09125477,14.11329657,1,0.232241690159,0.344033271074,-2.33624196053,0.0617880374193
129,0,O,14.19186744,11.20912739,14.60979506,-2,-0.33500790596,-0.748066186905,-1.04271578789,0.346242904663
129,1,O,9.77346159,12.10965898,13.39850768,-2,-0.258055984974,-1.40153634548,3.35191226006,-1.43661463261
129,2,H,12.30647436,13.99826648,14.58966851,1,0.223728120327,-1.25820684433,-2.83758974075,0.891957521439
129,3,H,11.5886039,12.67838529,12.15652011,1,0.0407114624977,-0.368265151978,-0.65807813406,-1.69435763359
129,4,H,10.70611155,10.02070058,12.77177966,1,0.231917470694,-1.42429018021,-0.420508474112,-0.216201990843
129,5,H,13.99859235,11.69541935,11.01588565,1,0.223081976175,0.552842199802,0.74069416523,3.91403698921
129,6,H,13.76307864,10.98005388,13.78494564,1,0.204227119684,0.346046060324,-0.483925551176,-0.769551634789
129,7,O,11.58936301,10.3035857,12.90752449,-2,-0.277328014374,1.3896086216,2.08040428162,1.32666373253
129,8,H,9.69786006,12.98767348,11.06619494,1,0.223662689328,-3.14590549469,-1.89922165871,1.59909594059
129,9,O,12.18149916,11.16924881,9.98816255,-2,-0.305756509304,1.69249379635,1.72358441353,1.11470508575
129,10,H,12,12,12,1,0.0564449429512,-1.26328384876,0.646250069141,0.412335783243
129,11,O,10.44561246,13.36504741,10.68608218,-2,-0.191247493029,4.32972669601,1.27245950699,0.0603109896183
129,12,H,9.19557917,12.86864844,13.02070678,1,0.22468829155,0.482689321041,-2.15047502518,1.03243267536
129,13,H,12.74576071,12.53365855,14.11817737,1,0.207617685199,-3.02640771866,1.38516426086,3.32724499702
129,14,H,13.72211014,12.15364297,12.7988798,1,0.214970111847,1.81653547287,-0.494539856911,-3.58642840385
129,15,O,14.3587657,11.94805179,11.98574691,-2,-0.335817009211,-2.20438051224,-0.0409352108836,-0.742933750153
129,16,H,10.45413586,12.72378054,13.77303065,1,0.174546778202,0.301213681698,-0.952337384224,0.816415011883
129,17,H,13.89501872,10.39394889,15.06691841,1,0.236256688833,0.482754766941,0.802280426025,0.573590993881
129,18,O,11.96180071,13.01077347,14.73904363,-2,-0.277118444443,4.04467439651,1.80288851261,-3.89499902725
129,19,H,12.37212932,12.1805005,10.08756062,1,0.229234054685,-1.5274848938,-2.99883198738,-1.36498951912
129,20,H,11.36395539,10.71313903,9.73541944,1,0.24977016449,0.0143407378346,1.32276391983,-0.227372437716
129,21,H,12.14294559,9.97605797,12.23418698,1,0.239473521709,0.914901018143,-1.14924299717,-1.4815826416
130,0,H,12,12,12,1,0.26064491272,-0.80289965868,-0.427144408226,-1.27975153923
130,1,O,11.69216462,11.01392729,12.19471064,-2,-0.190933585167,0.702492952347,-4.31080770493,-0.578419208527
130,2,H,12.63781539,11.48067152,13.44335317,1,0.205757781863,0.265730798244,1.48537456989,6.69475221634
130,3,H,13.9107461,14.24671068,12.75883531,1,0.218857437372,-0.957958638668,-0.258329123259,0.110238581896
130,4,H,15.3708204,11.03927268,12.69293113,1,0.208879441023,-3.37005233765,-2.22383761406,0.265775769949
130,5,O,12.50565121,11.78274056,14.51379909,-2,-0.535867929459,-0.225957036018,-0.352438479662,-4.70745229721
130,6,H,8.59512084,13.63379513,9.41617767,1,0.200254827738,-0.497246414423,-0.901790738106,0.018543459475
130,7,H,11.63020478,14.63956893,13.3729428,1,0.176734849811,-0.79166829586,-0.404861807823,-0.937066197395
130,8,H,13.65142755,10.4630823,12.09873561,1,0.225081697106,6.19471311569,0.185834020376,4.14145040512
130,9,H,13.59668225,11.17102484,10.39185621,1,0.228098720312,0.462665677071,-6.98109769821,-5.7825717926
130,10,O,10.74646407,14.97639996,13.25540304,-2,-0.54517698288,-3.40834140778,-0.186668783426,-0.280040919781
130,11,H,13.12562306,15.00357416,14.08386262,1,0.280338048935,-0.474479317665,-4.26470041275,-4.34213829041
130,12,O,8.79290922,12.76059956,9.81966881,-2,-0.618098855019,0.663110554218,1.89666604996,0.0198665484786
130,13,H,10.82548274,10.88034205,11.86999389,1,0.249928474426,-2.66710591316,0.789994418621,-0.736990392208
130,14,H,9.86317547,13.20468259,10.22130942,1,0.0316039919853,-1.34324610233,-2.61906504631,-0.551801562309
130,15,H,11.94307278,9.71298123,12.02755445,1,0.410643517971,-0.208055764437,3.90817475319,0.627943754196
130,16,H,11.96128598,12.59785701,14.36384923,1,0.215300649405,0.684736251831,-1.02173411846,0.492972552776
130,17,O,12.99028525,14.06027061,13.06671717,-2,-0.347022235394,3.58248519897,4.1562371254,4.15977954865
130,18,H,10.09365452,14.31953863,12.83192127,1,0.249661922455,2.15320277214,1.28901553154,1.00101554394
130,19,H,14.07067884,12.48736371,10.34703342,1,0.235702753067,-2.5976228714,-1.91835975647,3.12180352211
130,20,H,10.88599595,14.1494046,10.80575104,1,0.222199603915,0.44105142355,3.96623301506,1.15343892574
130,21,O,14.57151272,10.36065133,12.92194061,-2,-0.495140045881,-1.827283144,1.49402832985,-3.87921929359
130,22,O,10.97655153,13.27351482,10.61307125,-2,-0.539317190647,1.2206056118,-2.99634599686,0.000201508402824
130,23,O,13.46174447,11.77851241,10.97467505,-2,-0.348131775856,2.80112266541,9.6956243515,1.2676678896
131,0,H,12,12,12,1,0.241939246655,0.232182830572,2.63400411606,-1.89471268654
131,1,O,9.34677691,12.036848,13.33966224,-2,-0.481994330883,-2.28915643692,1.70273971558,-0.17779019475
131,2,O,11.87200831,11.07038803,12.18075737,-2,-0.156490951777,-5.7738032341,-9.55755138397,-1.13805711269
131,3,H,12.72357703,11.51255719,13.65554735,1,0.205315649509,0.660055816174,-1.8102530241,-2.94037795067
131,4,O,14.06530223,10.56307906,8.96398208,-2,-0.361588597298,-0.907686591148,-0.103204749525,-0.881904482841
131,5,H,14.03620163,14.32316661,12.71847254,1,0.226677253842,-2.60178279877,-0.567520022392,1.08090889454
131,6,H,9.44365231,11.9724374,14.39218415,1,0.142583444715,-0.941409051418,1.99263012409,-2.72491598129
131,7,O,10.2180589,11.64491224,15.44448234,-2,-0.431216835976,3.98107433319,1.17635631561,2.22980356216
131,8,H,15.23343671,11.25154154,12.55780011,1,0.221292257309,-1.1717877388,-2.35417914391,1.4095107317
131,9,O,12.6916285,11.8138911,14.50620858,-2,-0.4207701087,-1.41530013084,3.96569156647,3.6698987484
131,10,H,8.51615406,13.58923829,9.4665856,1,0.202754959464,-0.467708528042,0.197140470147,-0.26615357399
131,11,H,11.82981086,14.76201199,13.34536317,1,0.174366176128,-0.455955475569,-0.340910196304,-1.31744670868
131,12,H,13.89359352,10.55334421,12.28709538,1,0.203955858946,3.47818922997,-0.51939457655,2.5107293129
131,13,H,10.10986961,10.98056261,14.80296311,1,0.244245827198,0.0715772584081,-2.7573621273,-0.649322986603
131,14,H,13.7555775,11.23677523,10.15823592,1,0.147774606943,-1.07341003418,1.14151144028,1.05505931377
131,15,O,10.92810845,15.03987454,13.31948176,-2,-0.555250048637,-1.46142816544,2.62231636047,1.42818701267
131,16,H,13.11595764,14.93395733,14.17619289,1,0.310651898384,0.58574539423,-3.82899641991,-4.66309976578
131,17,H,8.58817731,12.69123861,13.09507652,1,0.230765789747,2.03738880157,-2.04690718651,0.491735607386
131,18,O,8.94718813,12.81649447,9.82370611,-2,-0.74404323101,0.0685235336423,0.242068052292,0.274693906307
131,19,H,10.84537603,10.77119192,11.83960492,1,0.264887690544,2.32327747345,2.8299100399,1.31669330597
131,20,H,14.97287822,10.23333891,9.31050357,1,0.27240383625,-2.08365726471,0.216135755181,-2.69167995453
131,21,H,10.14819412,13.34806227,10.2127403,1,0.0850124806166,-1.81999731064,-2.84113311768,-1.37974798679
131,22,H,11.98310892,9.85807899,12.04598689,1,0.314316123724,0.971457839012,4.2098107338,0.490140706301
131,23,H,12.33109537,12.74630247,14.28820144,1,0.222822040319,1.39055848122,-1.7394900322,0.606730043888
131,24,O,13.10003134,14.07856234,13.09560587,-2,-0.341260641813,4.47746944427,4.01222276688,3.88795685768
131,25,H,10.35206511,14.3913299,12.97356813,1,0.256996810436,-0.542660355568,-1.48062038422,-0.555170953274
131,26,H,14.17434176,12.64819645,10.52692094,1,0.215669751167,-1.3017809391,-1.09867954254,1.11285161972
131,27,H,10.83100416,14.20858325,10.93299642,1,0.211202725768,1.52113676071,-0.093368947506,0.507477223873
131,28,H,11.27685279,11.83659042,15.19244223,1,0.207589253783,-2.99178695679,-0.86112755537,0.932598173618
131,29,O,14.74163743,10.42537211,12.96094861,-2,-0.491148889065,-1.8200917244,2.62667179108,-3.80304408073
131,30,H,13.44455464,10.63389349,8.08108561,1,0.271098792553,3.49182319641,-0.883272409439,2.94071269035
131,31,O,11.11746953,13.33397009,10.59326937,-2,-0.464621007442,1.13746511936,2.03523468971,1.34717285633
131,32,O,13.63022264,11.90719683,10.95547346,-2,-0.425937831402,2.6914768219,1.27952742577,-2.20943450928
132,0,H,12,12,12,1,0.265013635159,0.3413387537,0.81286072731,-1.7946420908
132,1,O,9.47866474,12.00196299,13.39350957,-2,-0.522668421268,-1.04217112064,2.25611615181,-0.128784164786
132,2,O,15.87657779,8.50076279,13.97447475,-2,-0.562332510948,1.33214604855,1.61054420471,-2.87607264519
132,3,H,16.80698027,8.83134305,13.80491501,1,0.228669404984,-1.07745552063,-1.00497877598,0.895680487156
132,4,O,12.0207142,11.02419411,12.25663555,-2,-0.145647495985,-5.44492101669,-3.91034936905,-0.219299033284
132,5,H,6.89694646,12.81549799,13.69524965,1,0.259758412838,-0.405449867249,-1.60809862614,-0.662833452225
132,6,H,12.81976458,11.36901053,13.77515356,1,0.205672279,-0.186806917191,-1.24686658382,-1.47078192234
132,7,O,14.14853467,10.55308717,9.09766075,-2,-0.324356615543,7.01068115234,-1.13723385334,4.62003087997
132,8,H,7.56209974,13.90975377,13.47160748,1,0.269622445107,1.22759509087,3.60567545891,0.597013473511
132,9,H,14.03031909,14.30655417,12.81500298,1,0.27015632391,0.0052517876029,-0.115832254291,-0.159372404218
132,10,H,9.50087041,12.24053593,14.39204808,1,0.18673992157,0.287129729986,-0.0338729433715,-2.32926511765
132,11,O,10.35046194,11.61892704,15.54679651,-2,-0.498531609774,2.09445357323,0.858280897141,2.12224555016
132,12,H,15.02744324,11.27217959,12.58233691,1,0.245253950357,2.340269804,0.199705675244,0.841876804829
132,13,O,12.86036903,11.77688336,14.60222346,-2,-0.461356192827,-0.00913723185658,3.30418491364,2.14814043045
132,14,H,10.51670373,12.28799869,9.16407593,1,0.205339744687,0.368609666824,-3.11794304848,-0.787765562534
132,15,H,8.40159762,13.44798628,9.57780448,1,0.202603906393,1.40840315819,-1.27482521534,0.584642291069
132,16,H,12.05158789,14.76216258,13.33897088,1,0.167945757508,-3.57256865501,0.947320640087,-1.0066229105
132,17,H,14.22729975,10.55708506,12.63543132,1,0.235909178853,-13.2910766602,-0.218259379268,-7.15401077271
132,18,H,10.00934001,10.94735452,14.95565094,1,0.250005841255,0.912968099117,-0.557337403297,-0.107973977923
132,19,H,10.74465619,11.6792611,7.84579935,1,0.217173337936,0.0255215540528,-0.577843844891,-0.739805817604
132,20,H,13.85611008,11.25533861,10.02997473,1,0.176296472549,-0.555977582932,2.16493225098,2.34069228172
132,21,O,7.39415895,13.1764513,12.9457859,-2,-0.397856265306,-2.17013096809,-0.848235428333,-0.168770074844
132,22,O,11.08231019,15.02818986,13.47409951,-2,-0.562619149685,1.16414475441,1.30983686447,0.618756890297
132,23,H,13.17442938,14.56614279,14.08595265,1,0.262734234333,0.935575008392,-1.12580704689,-1.12859070301
132,24,H,8.79136506,12.69755555,12.95970568,1,0.183864742517,1.67757749557,-2.68594312668,0.789937317371
132,25,O,9.08198166,12.79471971,9.91851352,-2,-0.742448925972,-1.47623968124,1.17211329937,-1.00859808922
132,26,H,10.97812195,10.70668663,11.94572233,1,0.285729795694,1.5781826973,2.90055465698,1.15755045414
132,27,H,15.22139467,10.24743681,9.27342127,1,0.307458639145,-4.81478309631,1.01781094074,-1.67265450954
132,28,H,10.4089431,13.26651171,10.27167191,1,0.146286815405,-4.6776008606,-1.19555199146,-2.09713149071
132,29,H,12.03228189,9.9951984,12.16126092,1,0.250066906214,1.997351408,0.205351695418,-0.290099859238
132,30,H,12.77273912,12.74600874,14.31759824,1,0.216959625483,0.415807306767,-2.22158169746,0.629964888096
132,31,O,13.20311024,14.02480784,13.22790616,-2,-0.30427980423,2.17429351807,0.984559059143,1.8293710947
132,32,H,10.58737448,14.29648389,13.15365012,1,0.254862844944,-0.763458132744,-1.26552534103,-0.277700185776
132,33,H,14.22654339,12.70525063,10.85024061,1,0.22896400094,2.55981445312,4.72423124313,-1.50205504894
132,34,H,10.89409967,14.17726828,11.19617343,1,0.214976578951,1.91287493706,-2.58364534378,-1.39133036137
132,35,H,11.37390544,11.83145758,15.40780664,1,0.224746003747,-2.62905025482,-1.41465425491,-0.354018390179
132,36,H,15.49033093,9.13639761,13.20144265,1,0.179326176643,0.917724013329,-2.70518875122,2.74380993843
132,37,O,14.89220399,10.42124076,13.08083853,-2,-0.424028247595,9.79165458679,2.05554437637,5.06588888168
132,38,H,13.65316679,10.44285555,8.3570115,1,0.293375134468,-1.96890807152,-0.69303804636,-3.76478910446
132,39,O,11.2434102,13.32065276,10.6668984,-2,-0.43377840519,3.91036748886,4.31835460663,5.12912130356
132,40,O,13.7914836,11.95911767,11.02365056,-2,-0.555135130882,-1.46529567242,-5.68349981308,0.00361905992031
132,41,O,11.03334694,11.41897458,8.71956904,-2,-0.500473499298,-0.838703334332,2.77813434601,0.97462451458
133,0,H,12,12,12,1,0.297415196896,0.753847122192,-0.341485142708,-1.44798505306
133,1,O,9.57225236,11.94206308,13.53769543,-2,-0.429973393679,-1.72325229645,2.79137897491,-0.438940227032
133,2,O,15.97266987,8.47896827,14.16695896,-2,-0.575816214085,-1.99403512478,-0.227595940232,-0.242211580276
133,3,H,16.85869948,8.60021681,13.98534974,1,0.246561318636,3.51989793777,-0.483831077814,0.0578174740076
133,4,O,12.11450566,10.93766255,12.42579385,-2,-0.158085584641,-3.71274328232,2.48694086075,-0.174942061305
133,5,H,12.88082105,11.12559284,13.84430445,1,0.198889642954,0.302653461695,3.27909970284,5.23113155365
133,6,O,14.21125,10.50562379,9.33676908,-2,-0.314506053925,5.36367511749,-1.88857793808,-0.471618205309
133,7,H,14.01653341,14.28076701,12.98895191,1,0.283951163292,1.08876550198,0.342296868563,-0.467674702406
133,8,H,9.68455588,10.90739688,10.05668588,1,0.217536076903,-2.10836100578,2.17144680023,-1.05461764336
133,9,H,9.50804681,12.48071379,14.35802459,1,0.236170232296,0.558524608612,-1.03304553032,-0.0787772983313
133,10,H,14.91426958,11.26310516,12.74168059,1,0.220486775041,2.64126849174,-0.605619728565,0.978976726532
133,11,O,12.99149252,11.7172394,14.7997605,-2,-0.551808059216,-0.3118019104,-1.37365949154,-3.72397446632
133,12,H,10.43908933,11.89390279,9.53205727,1,0.188860714436,1.52112519741,-0.898131787777,-2.49177956581
133,13,H,8.32398846,13.20673247,9.78945434,1,0.202170476317,2.30316329002,-1.09934878349,0.448558092117
133,14,H,12.11032263,14.76277512,13.36570812,1,0.1781771034,-2.09736657143,0.997142553329,0.208077266812
133,15,H,14.0481213,10.48554645,12.81879393,1,0.229979783297,2.5181324482,-2.48007893562,1.9304202795
133,16,H,10.82299259,11.70438834,8.02105979,1,0.213954031467,0.925354599953,-1.09886085987,2.34443831444
133,17,H,9.39133247,10.18552081,11.4748351,1,0.236121699214,0.775653600693,0.447911262512,-3.12291932106
133,18,H,13.89960246,11.36690635,10.11467649,1,0.19380608201,0.20007185638,1.9736032486,2.69474029541
133,19,O,11.193985,14.98393515,13.7155256,-2,-0.542069256306,-1.18535602093,-2.40431022644,-1.5426094532
133,20,H,13.27187115,14.19748318,14.21676475,1,0.260790169239,0.376489013433,4.55573034286,12.4313526154
133,21,H,8.98519424,12.57440144,12.9938172,1,0.242048159242,1.18013191223,-1.81853663921,0.22402562201
133,22,O,9.16931333,12.74581362,10.1022356,-2,-0.64608335495,-2.43867659569,0.484981060028,-0.497727423906
133,23,H,11.1527585,10.74010472,12.17497152,1,0.256338953972,-0.671122431755,1.6462700367,0.159908384085
133,24,H,15.30118541,10.26794226,9.25718134,1,0.292973637581,-4.72427988052,1.05860865116,0.26729375124
133,25,H,10.48291149,13.08493802,10.35163706,1,0.153794929385,-1.23292791843,0.938606739044,0.398764967918
133,26,H,12.14098367,10.01558161,12.3422789,1,0.25237968564,2.132345438,-3.7518248558,-0.978071331978
133,27,O,9.93680241,10.2088594,10.58905576,-2,-0.481273144484,-0.0281465053558,-4.34168863297,6.37361240387
133,28,H,13.21112271,12.62990856,14.46259083,1,0.197565928102,-0.366498589516,-2.59909033775,0.443884730339
133,29,O,13.2695307,13.93254628,13.44445034,-2,-0.337732583284,1.11893081665,-4.44104099274,-12.1250419617
133,30,H,10.75208054,14.10689498,13.38262866,1,0.232744500041,0.761869966984,2.37303876877,1.26159751415
133,31,H,14.3536607,12.9061527,11.19914025,1,0.212878271937,-1.41470956802,-2.97073054314,-0.761792719364
133,32,H,11.07694189,13.97207035,11.49529972,1,0.228551283479,0.0666036084294,-0.258720338345,-0.822225868702
133,33,H,15.69587466,9.24681085,13.59031852,1,0.16090862453,-0.189724177122,-1.77006459236,0.984506905079
133,34,O,15.02233884,10.39395575,13.30137762,-2,-0.413525909185,-5.64752912521,5.31607055664,-4.45181655884
133,35,H,13.74654929,10.20807396,8.56798166,1,0.288927316666,-0.666895210743,-0.0863087624311,-0.800301671028
133,36,O,11.33955174,13.28930269,10.84593455,-2,-0.459162354469,2.14389491081,0.193576276302,2.36564970016
133,37,O,13.91161101,11.96308267,11.18240216,-2,-0.542070746422,1.71660685539,2.16245865822,-0.786743998528
133,38,O,11.09615312,11.3064633,8.93420186,-2,-0.471875190735,-1.45558071136,2.75338983536,-2.32298636436
134,0,H,12,12,12,1,0.327145516872,0.883345723152,-0.206913217902,-0.922072410583
134,1,O,9.61353102,11.91647021,13.74683763,-2,-0.434179365635,-0.301657021046,2.1918182373,1.62798333168
134,2,O,16.01292601,8.48314313,14.42825815,-2,-0.55154889822,3.24905586243,-3.96850204468,1.08113861084
134,3,H,16.98834946,8.38439028,14.24161532,1,0.240982592106,-1.56463313103,-0.336601823568,0.527421653271
134,4,O,12.14167288,10.88775406,12.66216277,-2,-0.21683833003,0.641781151295,-0.966191649437,-1.41631448269
134,5,H,12.89754954,11.07060425,14.21192983,1,0.199170082808,0.512632906437,2.57953047752,3.46884655952
134,6,O,14.23303024,10.47801335,9.64363413,-2,-0.353553444147,-0.209547370672,-3.25943374634,-5.26711416245
134,7,H,14.03473193,14.32600095,13.20071983,1,0.239869445562,-1.38189733028,-0.910680353642,1.60157096386
134,8,H,9.66188383,10.91357625,10.27314626,1,0.212043300271,-2.02561378479,-1.18693614006,0.982233583927
134,9,H,9.47365694,12.6827898,14.37852651,1,0.230699539185,0.94991081953,-1.77721893787,0.484699606895
134,10,H,14.90051478,11.25908555,13.00732225,1,0.204042047262,1.8732162714,-1.35909128189,1.15936028957
134,11,O,13.06704356,11.67892951,15.05382564,-2,-0.527364432812,0.00373236089945,-0.741081297398,-2.03239870071
134,12,H,10.42076346,11.45678785,9.83158604,1,0.197567462921,1.0846092701,2.26416087151,-1.17082607746
134,13,H,8.3026048,12.94691221,10.0815433,1,0.208971053362,0.162107944489,0.284414798021,-0.284311980009
134,14,H,12.04141119,14.84024,13.46151516,1,0.201619774103,-0.191058337688,0.899429738522,0.747415184975
134,15,H,13.87869418,10.32779024,13.10508436,1,0.235366329551,5.98916959763,-0.676776170731,2.50155043602
134,16,H,10.91158277,11.71392166,8.36258016,1,0.23375582695,0.177498459816,-0.509338498116,1.58104777336
134,17,H,9.35418448,10.23073204,11.44697093,1,0.245230793953,-3.75942063332,-0.413047403097,3.91827702522
134,18,H,13.91107228,11.61161385,10.39736711,1,0.192900344729,0.595734000206,1.44982719421,2.51140642166
134,19,O,11.23864461,14.95493835,14.01057402,-2,-0.525453805923,-1.58224546909,-1.58563244343,-1.36122608185
134,20,H,13.36028999,14.11505039,14.92374212,1,0.304634124041,-0.441547095776,-0.672566592693,-5.87993144989
134,21,H,9.10423932,12.4195301,13.12760678,1,0.242107525468,-0.752153992653,-0.397671848536,-2.36833310127
134,22,O,9.19121198,12.72685148,10.35117373,-2,-0.611598670483,-0.00472805276513,-1.03538298607,0.311274945736
134,23,H,11.21804296,10.87207648,12.49921576,1,0.231370195746,-3.01946520805,-0.360038399696,0.257713466883
134,24,H,15.18277613,10.36024917,9.3556506,1,0.252953976393,-1.28977930546,0.399386256933,0.781646192074
134,25,H,10.45454859,12.97583444,10.53029829,1,0.16050696373,-0.290152579546,1.67657089233,1.43602907658
134,26,H,12.29322432,9.85329484,12.54665551,1,0.245434120297,-0.234386727214,2.43264436722,-0.533998608589
134,27,O,10.00287585,10.19349531,10.84124606,-2,-0.470133721828,2.25540733337,-1.14104056358,-1.38471317291
134,28,H,13.58277189,12.45477608,14.68243751,1,0.199889183044,-0.861428141594,-2.22804236412,0.278448939323
134,29,O,13.27860802,13.84988887,13.69587333,-2,-0.365703940392,3.76837539673,1.99994421005,3.75804972649
134,30,H,10.89555635,14.05348227,13.71539033,1,0.231784075499,-0.0803953930736,1.54351806641,1.20996701717
134,31,H,14.38268874,12.99922488,11.56502815,1,0.22419218719,-1.7573236227,-4.0894203186,-1.54209899902
134,32,H,11.24963618,13.78417876,11.8476824,1,0.240017920732,-1.21072733402,2.05675959587,1.95432925224
134,33,H,15.87620739,9.33403848,14.11708817,1,0.183572739363,-0.534542918205,2.2286157608,-0.755567610264
134,34,O,15.07864682,10.41076406,13.57772174,-2,-0.453586488962,-7.77154254913,3.7884247303,-5.05815315247
134,35,H,13.73080678,10.02890869,8.78101064,1,0.264382869005,1.45626783371,1.93462145329,3.47290873528
134,36,O,11.38583085,13.28555547,11.0974578,-2,-0.489307820797,1.8524531126,-4.09022331238,-1.55104112625
134,37,O,13.97932187,11.99907462,11.40737646,-2,-0.476603299379,1.45769226551,3.707467556,-0.0343376845121
134,38,O,11.09823187,11.23019406,9.21434643,-2,-0.474337756634,2.35125541687,0.474700063467,-4.09087848663
135,0,H,12,12,12,1,0.330035209656,0.33714941144,0.736114144325,-0.765957176685
135,1,O,13.46202247,12.89077904,8.955327,-2,-0.525699734688,-4.0806555748,-1.4419696331,-0.168398723006
135,2,O,12.0923104,10.90592762,12.90741174,-2,-0.287311732769,-1.36920404434,-2.3780362606,-1.25723457336
135,3,H,12.8377164,11.17770213,14.70004159,1,0.238519147038,-2.53268551826,-5.61561584473,-6.94111633301
135,4,H,14.13619443,13.29360737,9.48622957,1,0.244536235929,-0.423577129841,0.680738389492,0.784585893154
135,5,H,13.93936015,14.41740675,13.4882283,1,0.219127744436,-2.09925055504,-1.30557560921,1.88204860687
135,6,H,9.46203546,10.95952446,10.56695643,1,0.209655255079,-0.176709398627,-0.601518452168,1.06439650059
135,7,O,13.06769248,11.70195134,15.31904021,-2,-0.547677755356,5.03132534027,7.00931978226,6.81187343597
135,8,H,10.38760299,11.1997414,10.09982331,1,0.186755940318,-1.88661885262,1.46396374702,1.59486114979
135,9,H,8.21373817,12.78418474,10.36877443,1,0.201256006956,-0.0429702699184,0.498414695263,-0.234193921089
135,10,H,10.9344502,11.77125762,8.76037914,1,0.240955263376,-0.944139063358,1.09623706341,-1.32911157608
135,11,H,9.08269732,10.32922355,11.60131035,1,0.225181296468,2.3570933342,-1.53446853161,0.385185152292
135,12,H,13.87942794,11.98990771,10.7921594,1,0.237752631307,-0.669795334339,-0.561898291111,-6.55448865891
135,13,H,13.38844393,14.09607309,15.33056116,1,0.270327597857,-0.720756828785,-0.792503356934,-5.80457162857
135,14,O,9.13481554,12.76841523,10.61470621,-2,-0.620488286018,0.103731021285,-1.35899293423,0.074302598834
135,15,H,11.08050747,11.0429421,12.87688869,1,0.248120442033,1.64443743229,-1.62960243225,0.278105199337
135,16,H,10.39188733,13.0270254,10.83241428,1,0.158611983061,-0.108096964657,1.23839831352,1.54570770264
135,17,H,12.35371228,9.79531275,12.74673438,1,0.251960456371,-1.71573328972,5.10786151886,0.0661299079657
135,18,O,9.99569984,10.23825187,11.10553377,-2,-0.400818735361,-6.30989837646,0.335878521204,2.6002907753
135,19,H,13.82531562,12.28642147,14.91399437,1,0.233248114586,-2.44628739357,-2.04512906075,0.835690975189
135,20,O,13.21831758,13.83409697,13.97181748,-2,-0.401554763317,2.86436295509,3.10936975479,3.70264148712
135,21,H,14.25730367,12.95039532,11.87410157,1,0.250824332237,0.69643008709,2.47876262665,0.208857998252
135,22,H,12.43545602,12.76450067,9.37198344,1,0.239503398538,4.63681173325,0.911040306091,-0.696733951569
135,23,H,11.31670513,13.75048355,12.28758456,1,0.229670375586,-0.549694657326,-0.638214766979,-2.38854432106
135,24,O,11.35808434,13.33417039,11.35678941,-2,-0.451233655214,1.10241377354,-2.0212199688,2.56716561317
135,25,O,13.97534033,12.11074698,11.64935721,-2,-0.484359055758,0.215223044157,-2.19292259216,6.28251981735
135,26,O,11.03426736,11.22038284,9.50037923,-2,-0.496897876263,7.08709430695,-0.548430800438,-4.54401254654
136,0,H,12,12,12,1,0.367795646191,-0.213051915169,0.458510190248,0.397083997726
136,1,H,15.01439991,14.65544394,10.18980899,1,0.269802778959,-7.40659618378,6.19166326523,3.53664422035
136,2,O,13.32489806,12.9652958,9.1868777,-2,-0.482750922441,-3.92601084709,-1.38802731037,1.91080677509
136,3,O,11.97250221,10.9331459,13.14503982,-2,-0.37070915103,-2.16139960289,0.438520908356,-0.460575938225
136,4,H,14.05048579,13.21768302,9.79093715,1,0.194197118282,-1.39097046852,-0.0764208063483,-0.102933727205
136,5,H,9.19765719,10.9967052,10.92005805,1,0.207431346178,1.28263139725,0.557734489441,0.136845737696
136,6,H,15.21727609,13.64697381,9.01882651,1,0.25151604414,1.81972658634,2.49128127098,2.69581079483
136,7,H,10.25118989,11.06798131,10.42953495,1,0.14657792449,0.935089945793,1.67484903336,-1.64255309105
136,8,O,15.61787841,14.17651772,9.8638991,-2,-0.499254584312,6.42120552063,-8.01395988464,-6.64561986923
136,9,H,8.05493041,12.70043793,10.63663268,1,0.184986755252,1.32560098171,0.750129640102,0.289868861437
136,10,H,10.83309995,11.87793434,9.08129369,1,0.234268039465,-1.04736793041,0.00114556122571,0.00479650311172
136,11,H,8.79515383,10.39158016,11.87106365,1,0.268619298935,5.06078052521,-1.77631127834,-0.492478728294
136,12,H,13.76171515,12.34831893,10.93957843,1,0.219124644995,0.141907542944,-0.578781425953,0.957183718681
136,13,O,9.00838163,12.81642036,10.87760054,-2,-0.674302995205,-1.81040155888,-1.60918736458,-0.293930917978
136,14,H,10.93965369,11.14872085,13.29965671,1,0.260516375303,3.32002472878,-2.10292983055,-0.630459070206
136,15,H,10.34380902,13.16326013,11.24563595,1,0.173395946622,-1.09518289566,0.252087295055,0.562872052193
136,16,H,12.24186412,9.94970339,12.95798197,1,0.24684689939,-1.68136131763,2.81970381737,0.253932446241
136,17,O,9.90155832,10.29532221,11.37362693,-2,-0.352389901876,-10.2044057846,-0.557209730148,4.8944683075
136,18,H,14.10053273,13.07232626,12.21502821,1,0.24819983542,0.649671673775,2.39392900467,0.94948220253
136,19,H,12.2845616,12.67198182,9.75444552,1,0.24037155509,4.49478006363,1.14463114738,-1.91537082195
136,20,H,11.30378214,13.70089736,12.60566155,1,0.23779681325,-0.828479766846,-0.563626766205,-3.00038123131
136,21,O,11.26333376,13.38856955,11.61902039,-2,-0.395838141441,2.70734333992,-1.06822526455,3.40091896057
136,22,O,13.90445494,12.22881294,11.90693073,-2,-0.460486203432,-0.860900819302,-2.30344820023,-1.58632624149
136,23,O,10.92733405,11.22253174,9.77322719,-2,-0.515715003014,4.46736764908,0.863943338394,-3.22008490562
137,0,H,12,12,12,1,0.343902230263,0.732710123062,-0.253129482269,1.45639467239
137,1,H,12.82002215,15.67850388,10.46040822,1,0.241513103247,2.21731543541,0.178770259023,-0.897881746292
137,2,H,14.71366167,14.87651058,10.55932904,1,0.186681181192,2.63465070724,-2.13810014725,-2.50624322891
137,3,O,13.14583298,13.01785036,9.40877755,-2,-0.399537503719,-3.39052820206,-1.86561834812,2.76333546638
137,4,H,12.43462084,15.52316126,7.4122566,1,0.272288680077,0.416121602058,0.221890598536,-1.79625022411
137,5,O,11.81745606,10.94625987,13.3656876,-2,-0.419840395451,-2.39671897888,11.0283889771,1.60083270073
137,6,H,12.99937751,15.46772209,8.93618554,1,0.184942811728,2.24511027336,-0.210210710764,3.51670861244
137,7,H,13.8691086,13.13769942,10.0731696,1,0.188366830349,0.0127732008696,0.737559735775,-1.66297829151
137,8,O,13.89686766,10.54923374,10.52699169,-2,-0.427288293839,0.954499304295,-0.523598313332,-3.18678593636
137,9,H,8.99972949,11.03881454,11.27984003,1,0.241715669632,2.27171158791,-1.38059866428,-0.390959769487
137,10,H,14.95726049,13.79180924,9.4085112,1,0.226393520832,0.138321742415,0.210663348436,-1.46162879467
137,11,O,11.8228388,15.28167695,8.0820082,-2,-0.35038998723,-0.784788787365,0.0281606242061,0.881949543953
137,12,H,10.15924466,11.01274624,10.69700049,1,0.102600604296,1.15361523628,0.972747921944,-1.8638561964
137,13,O,15.47402977,14.19227668,10.08024635,-2,-0.510388493538,-0.248443305492,0.961851894855,3.2546236515
137,14,H,10.63582703,11.92896584,9.37313682,1,0.24752022326,-0.251865774393,-0.88040548563,0.514928102493
137,15,H,8.63089955,10.40254546,12.22576361,1,0.301460921764,4.69572210312,-2.14217281342,-0.676131010056
137,16,H,13.62011399,12.61961643,11.1048899,1,0.202084496617,1.11855459213,-1.8036955595,4.89526414871
137,17,H,10.91914484,11.14907821,13.70392885,1,0.261731743813,0.987129330635,-1.38376033306,-0.424930095673
137,18,H,14.70857733,10.91098478,9.98138739,1,0.23419341445,-2.39745140076,-1.32612419128,1.5361661911
137,19,H,10.26899,13.29666563,11.68535904,1,0.264784991741,-3.48353695869,-0.315478980541,-0.722038030624
137,20,H,12.02135355,10.15488058,13.14722661,1,0.267612338066,1.46988725662,-8.73789978027,-2.17850327492
137,21,O,9.74707507,10.33180051,11.63746689,-2,-0.260522544384,-11.163438797,0.870676636696,5.59591388702
137,22,H,11.42544038,14.42606788,7.85900468,1,0.278654187918,0.580290138721,0.24106362462,-0.0189305096865
137,23,H,13.94681946,13.322716,12.59334283,1,0.221688389778,-0.353747010231,-3.90935015678,-1.59762990475
137,24,O,13.68099656,15.60173113,9.90235628,-2,-0.40183916688,-6.46340227127,1.54399204254,-1.3665984869
137,25,H,12.36835839,12.61863738,10.05145902,1,0.22068323195,2.5960624218,1.13713526726,-2.97316861153
137,26,H,11.24547071,13.59571062,12.76873319,1,0.259248077869,0.18551941216,0.907964944839,2.82865190506
137,27,H,13.32345203,10.07536813,9.83625581,1,0.242843896151,1.37401890755,1.02983689308,1.30815184116
137,28,O,11.1469153,13.42151075,11.87264345,-2,-0.352893263102,3.90686678886,-1.17104899883,-1.64110052586
137,29,O,13.80319375,12.32402113,12.14666906,-2,-0.391070783138,-1.57100653648,5.54000520706,-1.43946957588
137,30,O,10.81012421,11.21133944,10.01935087,-2,-0.477140218019,2.81404900551,2.43048548698,-3.34783768654
138,0,H,12,12,12,1,0.261923015118,0.429029226303,0.326402336359,1.83684194088
138,1,H,12.5894295,15.57275093,10.72413549,1,0.275402367115,4.91321134567,0.719325482845,-2.07631993294
138,2,H,14.45959789,15.01625076,10.78042201,1,0.191586524248,3.30156612396,-2.92444682121,-2.31884169579
138,3,O,12.96169055,13.05491713,9.58995002,-2,-0.412540555,1.48034632206,2.42413949966,-2.99392652512
138,4,O,11.66142928,10.97246575,13.54073888,-2,-0.41525259614,3.18702483177,-0.91979432106,-3.10501384735
138,5,H,13.00273876,15.49109432,9.21648505,1,0.257648319006,3.22819304466,0.138044267893,3.13865995407
138,6,H,13.66499372,13.07617177,10.22323377,1,0.194902896881,2.60494852066,1.04949963093,-1.02106046677
138,7,O,13.75612097,10.55413798,10.75071231,-2,-0.43767619133,-4.79501342773,-3.20575094223,-1.25255846977
138,8,H,8.94233746,11.10347287,11.59076867,1,0.243905693293,1.11641740799,-0.425055503845,-1.07454717159
138,9,H,14.69039906,13.95536412,9.6513908,1,0.213389217854,-0.743609905243,-0.497915267944,-2.51549601555
138,10,H,10.12592873,11.02268612,10.87732492,1,0.128614097834,-0.58439385891,-0.119737178087,0.664958953857
138,11,O,15.33369097,14.19414484,10.25830686,-2,-0.568327724934,-0.043006002903,1.92430961132,4.13011932373
138,12,H,10.40295457,11.89689199,9.65353156,1,0.25241458416,-0.243157193065,0.668622732162,-0.86367893219
138,13,H,8.61970348,10.38163335,12.59235699,1,0.269351512194,4.58911466599,-1.93513524532,-1.96775209904
138,14,H,13.52878209,12.77227179,11.50323769,1,0.222198069096,0.40485149622,0.890163242817,-2.19707155228
138,15,H,10.9001867,11.08780044,14.05046067,1,0.255765497684,-1.9102512598,-0.647292673588,1.09097671509
138,16,H,14.4199353,10.98326564,10.27600789,1,0.250191450119,1.83638715744,0.730805158615,-1.60234582424
138,17,H,10.02466473,13.37301904,12.018761,1,0.253349602222,2.47852182388,0.223780453205,-0.0452713221312
138,18,H,11.82802102,10.02699861,13.19430553,1,0.259606838226,-0.902382314205,2.1567735672,1.22349071503
138,19,O,9.56155678,10.35218155,11.86593249,-2,-0.272679269314,-9.22521877289,0.367786109447,6.52267551422
138,20,H,13.7614353,13.36512633,12.84136099,1,0.238314986229,0.159510135651,-3.28512573242,-1.19556224346
138,21,O,13.58672488,15.65656287,10.15731661,-2,-0.207110762596,-10.1022634506,1.5244666338,-0.586623847485
138,22,H,12.5373439,12.58007289,10.20145443,1,0.221989750862,-4.99503993988,-3.91828465462,2.22491073608
138,23,H,11.21495519,13.50036607,13.00095247,1,0.249791234732,0.253343850374,0.231278896332,1.31157124043
138,24,H,13.09470155,10.07613524,10.03717753,1,0.246827661991,2.81942248344,1.94324505329,2.50851941109
138,25,O,11.04649366,13.43844033,12.0717629,-2,-0.343521177769,-1.8449767828,-1.19986915588,-1.04959213734
138,26,O,13.70195063,12.42503673,12.32980527,-2,-0.37168776989,-1.3746984005,2.60859918594,4.67673206329
138,27,O,10.7109849,11.19494976,10.20286841,-2,-0.458377122879,3.96212244034,1.15116608143,-3.46379423141
139,0,H,12,12,12,1,0.213105738163,0.446858972311,0.659216880798,1.49961745739
139,1,H,12.59258514,15.45299984,10.83046804,1,0.299434453249,2.6254093647,1.04663276672,-0.663770616055
139,2,H,14.29054922,15.04742417,10.79071283,1,0.207987725735,2.93065094948,-2.1805024147,-1.21917593479
139,3,O,12.80832642,13.05751189,9.67563381,-2,-0.398580491543,-1.14011597633,-2.1939842701,2.7110080719
139,4,O,11.54162784,10.9576431,13.61675482,-2,-0.383989274502,-1.03934979439,-2.84078621864,-0.266827553511
139,5,H,13.11769751,15.45808673,9.49800904,1,0.28716135025,0.377554178238,-0.717335879803,-2.59982895851
139,6,H,13.59708317,13.03926261,10.23369284,1,0.191044032574,1.8609483242,0.990652084351,-1.28654253483
139,7,O,13.62672531,10.51035688,10.87785033,-2,-0.449145108461,-0.0789838135242,0.175539463758,2.16824054718
139,8,H,8.98368071,11.20158173,11.77529458,1,0.261650919914,-0.270549893379,-0.744596242905,-0.0584789440036
139,9,H,14.43973533,14.07656194,9.66519655,1,0.202227309346,3.89833712578,-0.177685171366,1.2131499052
139,10,H,10.09884633,11.01174067,11.04271338,1,0.146551251411,1.36981129646,-0.714716553688,-0.277481734753
139,11,O,15.22047983,14.15784986,10.35953695,-2,-0.59810847044,-4.13035488129,0.301058292389,-0.807418465614
139,12,H,10.17993347,11.85360084,9.82230734,1,0.242812842131,0.612855255604,-0.203518569469,-0.528398633003
139,13,H,8.7880662,10.29694673,12.83604921,1,0.258948743343,1.18227756023,-1.00208127499,-0.909880936146
139,14,H,13.45139364,12.94807067,11.6808598,1,0.233508124948,0.273059695959,1.93925285339,-3.76518297195
139,15,H,10.79532338,10.96856015,14.325992,1,0.237771689892,2.0317697525,-0.572995245457,-1.99222159386
139,16,H,14.24184728,11.03625991,10.40639254,1,0.256385445595,1.22911477089,0.446710646152,-0.815490007401
139,17,H,9.8654235,13.37355294,12.21272892,1,0.241686239839,4.61728620529,0.27365860343,-0.0923994258046
139,18,H,11.61741391,9.95603901,13.19590399,1,0.249359577894,-0.534212291241,3.77361106873,1.9629740715
139,19,O,9.37583528,10.32823847,12.01863401,-2,-0.314891248941,-3.99657559395,0.635882377625,3.21516084671
139,20,H,13.58731117,13.21715999,12.96743903,1,0.25283485651,0.382137537003,3.1376824379,3.74561190605
139,21,O,13.49043015,15.67322042,10.32405729,-2,-0.208386838436,-5.53475427628,2.39081954956,3.792791605
139,22,H,12.5019437,12.34120142,10.33852004,1,0.218300327659,-1.33719265461,0.626202702522,-2.71601557732
139,23,H,11.23844151,13.37797153,13.2058527,1,0.240744426847,-1.08876919746,0.0997119992971,-3.14470529556
139,24,H,13.03608618,10.158165,10.25990327,1,0.259046435356,-1.29457223415,-1.05938971043,-1.73568618298
139,25,O,10.9715526,13.41119301,12.17611942,-2,-0.327198624611,-2.67415189743,-1.00220048428,3.36930298805
139,26,O,13.62643163,12.49249763,12.43584158,-2,-0.38686466217,-1.49120533466,-4.70106172562,0.807634055614
139,27,O,10.65554692,11.14276544,10.28247213,-2,-0.433396875858,0.772716522217,1.61422216892,-1.60598540306
140,0,H,12.99668529,7.77847522,9.1832732,1,0.226705431938,2.13558912277,-0.658928930759,-0.267087072134
140,1,H,12.51370525,14.80119402,12.2355016,1,0.251150071621,-4.46962070465,-3.17189908028,3.21986556053
140,2,O,14.8656014,12.8434,10.36370365,-2,-0.423708468676,-3.31614089012,-3.06826353073,0.335445344448
140,3,H,12.20934644,10.04107563,14.00637586,1,0.190954834223,1.959217906,7.10409975052,-0.0789626017213
140,4,H,11.4164415,8.68422877,9.73931083,1,0.257203638554,0.120174072683,1.94876086712,-0.656190693378
140,5,H,15.01187591,10.82957108,14.56589326,1,0.246176689863,-4.95839357376,0.0325702056289,0.109178900719
140,6,H,15.25121548,14.08314542,11.07756629,1,0.158429414034,0.733390212059,0.903084039688,0.390017032623
140,7,H,9.36109165,9.75070512,13.25679752,1,0.22542744875,-1.29940068722,-4.26680183411,3.24951386452
140,8,O,12.61977183,12.56029429,9.19712531,-2,-0.421858549118,-0.317432373762,-1.82060444355,0.416336447001
140,9,O,10.14969662,10.9311895,8.99673678,-2,-0.513180375099,1.29639172554,1.11125683784,-0.402658730745
140,10,O,9.95686817,13.20911838,12.72804445,-2,-0.738935887814,-0.365057379007,0.353135585785,0.110240101814
140,11,H,14.88705231,14.94992117,12.31882109,1,0.208152189851,2.51146960258,-0.235482543707,-2.20712733269
140,12,H,14.47212916,12.72242378,9.46665182,1,0.235438734293,0.687601566315,0.311152458191,0.877899944782
140,13,O,13.89439721,10.84263157,14.5647291,-2,-0.395360291004,6.1254696846,1.60121273994,-0.0747180655599
140,14,H,11.3043268,14.91202631,10.4278509,1,0.258472234011,1.51438355446,10.0209102631,1.00448870659
140,15,H,10.35719973,13.77108545,10.86231304,1,0.257669866085,-2.08123731613,0.149715185165,2.62821292877
140,16,H,9.1808135,13.59323841,13.23005926,1,0.174556180835,1.33096146584,-0.643803358078,-0.926230370998
140,17,H,14.02929299,12.45500164,10.87711813,1,0.240807771683,2.9239051342,1.45532536507,-1.58608722687
140,18,H,10.83078499,11.61320934,8.72179767,1,0.231021255255,-1.1425961256,-1.26889204979,0.131941914558
140,19,H,12.75041496,12.97953158,8.35341258,1,0.240773171186,-0.814395666122,0.699836611748,-0.275887399912
140,20,H,12.30638914,11.66833729,14.74559042,1,0.211727619171,1.94632685184,0.701878905296,0.859329581261
140,21,H,13.62647167,9.95096204,14.45924532,1,0.232395157218,0.15548568964,-1.92889845371,0.272540718317
140,22,O,13.16594211,15.32730466,11.96204045,-2,-0.455930888653,1.7715947628,1.61645674706,-6.47303724289
140,23,H,14.47425838,7.3487088,9.96947959,1,0.256534814835,-2.33421325684,0.109834641218,-2.16278171539
140,24,O,15.65596418,14.78428217,11.63440771,-2,-0.550699353218,-1.71236801147,0.603748261929,2.42721676826
140,25,H,12.94568798,15.02763797,10.92255403,1,0.234122425318,2.07876372337,1.65741443634,3.76398229599
140,26,H,13.69609458,10.60582765,11.84466241,1,0.239490002394,-1.40624058247,0.598029315472,-0.140891209245
140,27,O,12.29511863,9.14617654,9.88756095,-2,-0.295775681734,-2.90073657036,-1.32610344887,-0.93370872736
140,28,H,11.19779983,12.57864038,14.1817055,1,0.237249135971,-1.03393387794,2.65554022789,-1.23901605606
140,29,O,11.82532304,9.27291993,14.0050461,-2,-0.469125390053,-2.00135064125,-8.89616680145,-4.48814535141
140,30,O,9.75400205,9.88687539,12.43887041,-2,-0.453710019588,0.483888268471,-0.967605888844,-2.46749329567
140,31,H,12,12,12,1,0.2512614429,0.558110237122,-1.84901785851,0.0427664220333
140,32,O,11.08206413,14.11059332,10.38300893,-2,-0.42134565115,-0.726732969284,-10.0480155945,-2.65176582336
140,33,O,12.74323915,10.77004285,11.60343743,-2,-0.284900337458,0.357413113117,1.55441200733,0.792476952076
140,34,H,11.88485055,9.05816403,12.93279485,1,0.22841656208,-0.696039319038,0.780394971371,4.54893064499
140,35,H,11.83293211,12.85164966,9.75173312,1,0.203122437,1.04026317596,1.22409284115,-1.3872320652
140,36,O,11.42086329,11.73784724,14.48700161,-2,-0.487426161766,-1.39297986031,-2.32844948769,0.366812795401
140,37,H,9.55740363,10.69909207,12.83435853,1,0.232799753547,0.823964893818,5.57420921326,-1.39375889301
140,38,H,12.52802013,10.24090583,10.74475113,1,0.182546928525,-0.0503824017942,0.8982026577,0.811142086983
140,39,O,13.81175161,7.22675928,9.18778311,-2,-0.499444693327,1.38093674183,-0.56314265728,1.40682637691
140,40,H,12.54190265,8.42832448,10.4452302,1,0.25390535593,1.58025360107,-0.647899746895,1.76727128029
140,41,H,10.46259654,10.70648556,9.87792231,1,0.244891196489,-0.496303379536,0.0247048437595,0.280344098806
141,0,H,12.44980558,14.91526049,12.46039894,1,0.239069774747,1.53507173061,1.02135074139,-0.735103011131
141,1,O,14.87405309,12.93338677,10.41129056,-2,-0.522218227386,-0.0793121010065,-0.60869628191,3.33285093307
141,2,O,13.62651993,14.82636158,8.58464013,-2,-0.460627257824,1.36010634899,2.12359333038,3.3292889595
141,3,H,12.13047853,10.30013264,13.88186111,1,0.189677253366,-1.52806162834,-2.23264098167,1.43848955631
141,4,H,11.50281299,8.69023053,9.8842314,1,0.26765525341,-1.14826118946,0.467535316944,-0.362783432007
141,5,H,9.26170027,9.71036515,13.27869897,1,0.197315022349,1.44282984734,-0.784927010536,-1.715675354
141,6,H,12.90705891,14.54925066,8.10762794,1,0.259514391422,-1.6595031023,-0.169128954411,-2.61962914467
141,7,O,12.63520914,12.70906307,9.26692652,-2,-0.488558530807,-0.677569806576,-5.12546730042,4.2694029808
141,8,O,9.97834051,13.27230885,12.74507138,-2,-0.735461950302,0.808095276356,-0.336840927601,0.0623419135809
141,9,H,6.68408193,14.77306206,12.8261574,1,0.251431882381,-0.150586590171,-0.0123506337404,-0.0759576484561
141,10,H,14.51827462,12.83969897,9.55265207,1,0.230275779963,-0.860020041466,-0.125853076577,-1.21818637848
141,11,H,11.48963431,15.07562671,10.44010285,1,0.24490866065,-1.80029737949,-2.53293418884,0.369739502668
141,12,H,10.41839283,13.88888416,10.98998847,1,0.243271484971,-1.39627981186,0.500268101692,2.14211773872
141,13,H,9.21624236,13.67394871,13.17405082,1,0.179319471121,0.560293972492,-0.604963600636,-0.545073866844
141,14,H,14.06603265,12.71375908,10.98055315,1,0.23293030262,1.88183379173,0.876472115517,-1.57316863537
141,15,H,12.70706014,13.12640052,8.48040274,1,0.22532863915,-0.848078668118,1.52779960632,-2.91599559784
141,16,H,12.27888663,11.75119389,14.97828887,1,0.247609198093,-0.121119819582,0.876023173332,0.402557104826
141,17,O,13.2290696,15.38934333,12.01681695,-2,-0.514841973782,-2.44672203064,-2.17453956604,-2.88656711578
141,18,H,13.05873676,15.07576105,10.9953889,1,0.233116775751,1.39895474911,1.04182648659,3.79674005508
141,19,H,13.65177166,10.99026733,12.00819278,1,0.257266998291,0.199272632599,-0.138374149799,-0.168495550752
141,20,O,12.3257049,9.16866074,9.95282168,-2,-0.36670935154,0.952117800713,-1.45972692966,0.213256314397
141,21,H,11.11642636,12.68859576,14.2497296,1,0.243710890412,0.326162993908,-0.824596524239,-0.128942385316
141,22,O,11.81073864,9.3372508,14.09945394,-2,-0.509010493755,2.47375631332,1.08972716331,-6.11620283127
141,23,O,9.80292253,9.95746334,12.45328273,-2,-0.412031710148,-3.64898252487,5.0403585434,3.62154245377
141,24,H,14.49214157,14.87586423,8.23360715,1,0.26263743639,0.704159557819,-0.0709818452597,-1.3033862114
141,25,H,12,12,12,1,0.301552265882,0.63344347477,-1.83092701435,-0.311155319214
141,26,O,7.23652716,13.99662766,12.96870862,-2,-0.473697066307,2.30205154419,1.57782685757,2.0726788044
141,27,O,11.15912938,14.10583381,10.44089837,-2,-0.418583542109,1.42116832733,2.54352331161,-1.20720982552
141,28,O,12.7750616,10.84924452,11.63460404,-2,-0.28456312418,-0.846778929234,1.81917238235,0.628756046295
141,29,H,11.87782837,9.18235296,12.96760366,1,0.209510833025,-0.896397411823,-0.129433274269,4.99908971786
141,30,H,11.85288237,12.82191508,9.91512609,1,0.215172603726,1.34024810791,1.08972430229,-2.52445936203
141,31,O,11.44425399,11.77901122,14.5066853,-2,-0.459546118975,-0.296753287315,1.01111328602,-0.375495910645
141,32,H,9.45682939,11.11479577,12.86923284,1,0.195886567235,2.25141000748,-3.61994743347,-2.59803533554
141,33,H,12.77457917,10.24311089,10.77429633,1,0.206677690148,-0.760748922825,1.32786762714,0.809844017029
141,34,H,12.76807605,8.53996699,10.55011787,1,0.268217623234,0.441344231367,0.0162009745836,-0.334557563066
141,35,H,8.01050681,14.41230798,13.55683122,1,0.243792548776,-2.86684727669,-1.16805362701,-1.77261793613
142,0,O,14.87502459,13.06775188,10.47008272,-2,-0.532949090004,4.04242181778,-0.329720973969,-1.92845880985
142,1,H,8.31937785,11.2842829,11.64788318,1,0.228589624166,-0.506908774376,-0.116214983165,-0.0455072745681
142,2,O,13.61433235,14.91159474,8.66589314,-2,-0.434788763523,1.59266293049,1.37718260288,-0.228067323565
142,3,H,11.96216847,10.51626144,13.81642308,1,0.187866061926,-1.34271597862,-3.47158527374,3.03140449524
142,4,H,8.68598772,12.49691348,12.5211847,1,0.179665759206,-0.682786345482,0.191997617483,-0.745214521885
142,5,H,9.22789785,9.66836176,13.24466723,1,0.184368640184,2.12593865395,1.3603105545,-2.52284097672
142,6,H,12.95833611,14.60860694,8.03009093,1,0.245099484921,0.888873398304,1.23468029499,-0.808158695698
142,7,O,12.64320407,12.88909552,9.35808225,-2,-0.463852405548,3.08104348183,-2.88309860229,-5.0885424614
142,8,O,10.10260864,11.05673992,9.04782535,-2,-0.539670944214,-0.615159809589,-1.373087883,3.99830913544
142,9,O,9.99518278,13.38611174,12.7670749,-2,-0.626628398895,3.6796681881,-1.6556353569,-1.36620950699
142,10,H,6.88964275,14.99844683,12.94557087,1,0.235055685043,-0.160046160221,-0.0550229027867,-0.0908881574869
142,11,H,14.50225317,13.00922028,9.57474968,1,0.231664866209,-0.208717256784,0.0300768688321,0.846911668777
142,12,H,11.59028104,15.260691,10.47448969,1,0.234151184559,-1.82338213921,-5.43498945236,0.336302906275
142,13,H,10.42492267,14.07862195,11.16923678,1,0.225008651614,1.92196345329,0.400268524885,-0.698915481567
142,14,H,9.26528146,13.78384154,13.11800609,1,0.181865811348,-1.89614021778,1.71263051033,1.1161493063
142,15,H,14.15581556,13.05604781,11.0149234,1,0.243333756924,-3.00413203239,0.383104979992,1.74622571468
142,16,H,10.91796593,11.44154867,8.73688393,1,0.249234825373,0.656985402107,0.172921746969,0.338809013367
142,17,H,12.59655754,13.38599708,8.46247128,1,0.220983400941,-1.08593630791,-2.23340439796,3.50042867661
142,18,H,12.23454166,11.93385127,15.1981065,1,0.238715112209,-2.29567456245,0.236887514591,-1.63581252098
142,19,H,13.58519938,11.39547795,12.16977546,1,0.256123006344,-0.568029105663,-1.65327334404,-1.37005794048
142,20,H,11.08540694,12.79231415,14.29652215,1,0.240276530385,0.542184352875,-1.47191417217,0.0535622313619
142,21,O,11.79323896,9.45472391,14.1791548,-2,-0.535226106644,1.97025382519,4.32291078568,-0.889848768711
142,22,O,9.83668319,10.09507621,12.48622386,-2,-0.506567060947,-2.37845993042,3.11869382858,2.83003377914
142,23,H,14.54634624,14.88274188,8.32979204,1,0.246679857373,-1.55145680904,0.0564683750272,-0.107098534703
142,24,H,12,12,12,1,0.33689135313,0.40208953619,-1.87931573391,-0.696114838123
142,25,O,7.26289354,14.10810993,13.01114965,-2,-0.444468379021,2.01923251152,1.50316274166,1.6416246891
142,26,O,11.23484106,14.15318742,10.50364867,-2,-0.412429481745,-1.70840489864,6.0642824173,2.32827949524
142,27,O,12.80034118,10.98341125,11.67281193,-2,-0.193572729826,-0.109429821372,1.55948829651,0.23237966001
142,28,O,7.97361148,11.81196737,12.38249267,-2,-0.456160634756,0.335406154394,-0.112300731242,-0.0616738162935
142,29,H,11.84190469,9.33851748,13.25143538,1,0.212646111846,-0.600084006786,-2.21041584015,-1.81259489059
142,30,H,11.94330753,12.92105173,9.9671955,1,0.196121931076,-2.0409386158,1.15848982334,0.322092711926
142,31,O,11.45907997,11.87669447,14.52592789,-2,-0.414570480585,1.67989563942,2.40105938911,1.31916368008
142,32,H,9.4499992,11.35908888,12.77119823,1,0.255840986967,1.02002370358,-5.41505098343,-0.766569197178
142,33,H,12.99044641,10.31980179,10.86179689,1,0.260336637497,-0.230074971914,2.1912817955,2.16439509392
142,34,H,8.13550418,14.32402174,13.51824019,1,0.226176172495,-3.09193468094,-0.21664300561,-0.844404757023
142,35,H,10.18940429,10.79222164,10.10166648,1,0.244188845158,-0.0582296252251,1.03577709198,-4.09909534454
143,0,O,14.86165249,13.28460675,10.56175748,-2,-0.526056647301,-0.800474703312,0.0615077167749,0.0249604731798
143,1,H,8.34852074,11.44771943,11.80339365,1,0.194003164768,-1.24933683872,0.670383810997,-0.991549611092
143,2,H,11.69375073,10.62648948,13.94541598,1,0.186037421227,-0.354031860828,-0.983194947243,2.4393351078
143,3,H,8.74743316,12.63810556,12.70403373,1,0.172339618206,-1.45765376091,-0.591380417347,-0.832487046719
143,4,H,8.63308503,10.08482935,11.56241409,1,0.203703671694,-0.516034424305,-1.78863406181,-2.75125598907
143,5,H,9.29094317,9.76734431,13.14986314,1,0.22673882544,0.452460408211,0.92252933979,0.428984344006
143,6,O,12.63709971,13.14315245,9.4784828,-2,-0.4709379673,3.65181589127,-1.68014442921,-6.22977352142
143,7,O,10.0528703,11.23200423,9.11838582,-2,-0.546692252159,0.188980311155,-0.619610607624,3.5881793499
143,8,H,13.40691501,15.59623252,14.50113445,1,0.248676389456,0.327173829079,-0.471567511559,-1.19514071941
143,9,O,9.99650855,13.57993469,12.82724789,-2,-0.623257279396,0.0426494777203,0.0127760842443,0.297724694014
143,10,H,7.08115868,15.33340793,13.10109007,1,0.239104598761,0.0507558658719,-2.90041708946,-0.201740279794
143,11,H,14.42387342,13.2652506,9.65651263,1,0.229806378484,0.493222057819,-0.062253575772,1.8795132637
143,12,H,11.5404726,15.29043434,10.55645441,1,0.243546456099,-0.260968387127,-2.4111058712,-0.148727506399
143,13,H,10.52610108,14.3660325,11.29183188,1,0.239359155297,0.682457864285,-0.877640724182,-0.085930518806
143,14,H,12.93654619,13.88848844,13.95207469,1,0.262268602848,0.668557167053,4.92102336884,2.74439001083
143,15,H,7.99430345,9.31699101,10.18141885,1,0.248660117388,-0.897617578506,-2.04992818832,-0.289527177811
143,16,O,8.36409357,10.06884195,10.56234629,-2,-0.488771319389,0.931564927101,2.31937766075,2.27389168739
143,17,H,9.20181659,14.04408516,13.14265451,1,0.1752666682,2.02862000465,-0.0286355875432,-0.624709963799
143,18,H,14.08358145,13.48969956,11.14238101,1,0.242813870311,1.15776360035,0.0842555686831,-1.22368144989
143,19,H,10.93769392,11.4445791,8.81397162,1,0.245328962803,0.332178086042,0.0409366004169,0.345460504293
143,20,H,12.39603468,13.60780467,8.60605794,1,0.242682367563,-0.00629064068198,-1.09889221191,2.35733795166
143,21,H,12.02221441,12.22835614,15.3661413,1,0.245467349887,-0.534368872643,-0.354562491179,-0.477755278349
143,22,H,13.44860628,11.78898758,12.31579032,1,0.267754286528,0.202456355095,-2.039716959,-1.266928792
143,23,H,11.08572708,12.8913848,14.37669419,1,0.23881560564,-1.72032833099,2.45260167122,-1.07635843754
143,24,O,11.75383379,9.67383029,14.29878613,-2,-0.535654425621,0.589498698711,2.57765436172,2.11651015282
143,25,O,9.8338591,10.33285083,12.5723458,-2,-0.413537472486,0.146839410067,2.57580661774,0.0916009992361
143,26,H,12,12,12,1,0.272155702114,0.0141235589981,-1.86995351315,-1.14793276787
143,27,O,7.2698811,14.30621956,13.09746623,-2,-0.461701512337,-5.75768518448,4.06223344803,-2.09168171883
143,28,O,11.28109847,14.30514645,10.61726496,-2,-0.410835415125,-2.91804051399,4.98460435867,2.9266936779
143,29,O,12.80219374,11.21402986,11.75826455,-2,-0.160712122917,0.00947618857026,2.28768348694,1.35989546776
143,30,O,7.94739776,12.00575095,12.4652833,-2,-0.491583257914,1.25057125092,0.916627168655,0.931571424007
143,31,H,11.79015115,9.45642318,13.43051775,1,0.229535102844,0.0828422307968,-3.1161262989,-4.22466897964
143,32,H,11.92619376,13.16867083,10.07065785,1,0.203081101179,-1.98297834396,0.659689128399,0.687209129333
143,33,O,11.45497996,12.0704124,14.5837447,-2,-0.421137005091,2.12576031685,-0.662520289421,1.29778766632
143,34,H,9.51877287,11.41039313,12.66847167,1,0.238627240062,0.796857714653,-4.0306224823,0.86814647913
143,35,H,13.14165001,10.52451838,11.01276148,1,0.279553979635,-0.716234147549,1.86101388931,1.28469514847
143,36,H,8.05779362,14.34679428,13.48966799,1,0.238478079438,3.98879528046,-0.042285233736,3.03018951416
143,37,O,12.97481611,14.75685331,14.67478977,-2,-0.512862682343,-1.03845405579,-4.47434902191,-1.51838338375
143,38,H,10.05487476,10.98802734,10.1876903,1,0.249934583902,-0.0049229413271,0.742836892605,-4.59584522247
144,0,O,10.88533248,8.6484258,11.95491019,-2,-0.695938825607,-1.04211163521,1.58961319923,2.1986386776
144,1,H,10.71152891,9.44603527,12.60725088,1,0.178363591433,0.486587315798,-2.82636737823,-3.15719175339
144,2,O,14.82337782,13.62724301,10.73000106,-2,-0.540517032146,-2.3221950531,1.59819626808,2.24460554123
144,3,H,11.37662735,10.84325969,14.27705352,1,0.191680967808,-1.33311748505,3.11295032501,-0.513881385326
144,4,H,11.53612187,9.18340319,10.64661683,1,0.188617169857,0.0340140424669,0.304399967194,0.999455749989
144,5,H,12.72804358,6.92374421,11.74962547,1,0.235199481249,-2.61878395081,-7.16449403763,-3.56783056259
144,6,H,9.34127431,10.02491265,13.17459896,1,0.253024637699,-1.62504804134,-0.00758899003267,0.851170420647
144,7,O,12.61704446,13.51237129,9.66525379,-2,-0.525788784027,1.66431450844,-3.22955274582,-0.895825266838
144,8,O,9.98030277,11.53309715,9.28068439,-2,-0.589906573296,2.34588098526,1.60292196274,-6.97400760651
144,9,O,9.97550237,13.89941654,12.96961245,-2,-0.781288385391,-0.248821675777,0.682298719883,0.513270318508
144,10,H,7.26153771,15.69497304,13.32099556,1,0.244906842709,-0.676015436649,-3.25170230865,-0.480961859226
144,11,H,14.31503844,13.64598833,9.89807625,1,0.219899997115,0.228953868151,-0.401438087225,0.0891807079315
144,12,H,11.45448845,15.41755967,10.69509167,1,0.266799986362,2.94644570351,8.74385356903,-2.52110385895
144,13,H,10.64419008,14.72906259,11.44615684,1,0.248736634851,-3.66897797585,-1.41380012035,4.07108831406
144,14,H,9.18898047,14.42841568,13.2063966,1,0.163899064064,2.10260105133,-0.675242841244,-1.04083895683
144,15,H,14.01255307,14.02763091,11.28979911,1,0.232980191708,3.00161409378,-1.1629575491,-1.65550279617
144,16,O,13.06793941,7.61480554,12.11784739,-2,-0.570356965065,3.61659383774,6.29008340836,3.31699991226
144,17,H,10.95593465,11.59260239,8.98551909,1,0.257012039423,-2.33164477348,-0.450307995081,1.3111127615
144,18,H,12.16664553,13.8333942,8.9274728,1,0.237212970853,-0.734873056412,0.759395301342,-2.40635824203
144,19,H,11.73736908,12.63641544,15.5861939,1,0.237553879619,0.541135668755,-0.536049485207,0.856343209743
144,20,H,12.16101794,8.13133477,12.10548395,1,0.131657660007,-0.17090433836,0.13624560833,0.63808465004
144,21,H,13.29339388,12.18064924,12.4878797,1,0.280773133039,1.52089607716,-0.354500412941,0.276693165302
144,22,O,12.35451548,9.6770177,10.34104238,-2,-0.497417032719,-2.5003991127,3.27174901962,-4.81795978546
144,23,H,11.00142551,13.20682241,14.47610204,1,0.236641734838,-1.27008497715,0.853828966618,-1.63505351543
144,24,O,11.69074003,10.02637846,14.50526744,-2,-0.550149798393,2.09128260612,-6.20341873169,-3.31124615669
144,25,O,9.80709327,10.70697071,12.74008614,-2,-0.452093839645,6.09588050842,-18.1961326599,-0.231081306934
144,26,H,12,12,12,1,0.283124864101,-6.37673330307,1.50347018242,-0.804186940193
144,27,O,7.23805495,14.64069979,13.25784466,-2,-0.496370017529,-0.441113948822,4.37693309784,0.458526223898
144,28,O,11.29466951,14.59725525,10.82327385,-2,-0.421566724777,-2.71226596832,-4.63804244995,1.9376500845
144,29,O,12.78062316,11.58658568,11.93366043,-2,-0.247395455837,6.01109886169,-2.16226530075,0.394474118948
144,30,H,11.76097683,9.56014246,13.47526985,1,0.210817694664,0.197056531906,1.24273133278,4.67034244537
144,31,H,11.81523658,13.55334324,10.28152406,1,0.202410846949,1.60236990452,-0.54086971283,-0.766095042229
144,32,O,11.43450863,12.39304885,14.72008484,-2,-0.454111874104,0.516726970673,1.20083069801,0.399846762419
144,33,H,9.62456722,11.4503627,12.69001184,1,0.272805631161,-6.06597900391,20.1709461212,-0.320115566254
144,34,H,13.22149617,10.90799841,11.23407144,1,0.304964274168,-2.19064116478,1.31151890755,0.176495730877
144,35,H,12.97725286,9.41011272,10.9030307,1,0.221203804016,3.75068068504,-3.20021080971,3.37327194214
144,36,H,8.09425383,14.53255551,13.67859303,1,0.243402659893,-0.488355368376,-1.05807495117,0.604689598083
144,37,H,9.92018685,11.37233803,10.14239312,1,0.279211401939,0.0639331191778,-1.27894890308,5.71729946136
145,0,O,11.07245218,8.99368601,12.17288196,-2,-0.751316547394,0.594971179962,0.312259197235,1.11063146591
145,1,H,13.12056327,11.76520444,9.29659655,1,0.233417019248,1.27764308453,-0.860255479813,-3.28627514839
145,2,H,14.33078746,11.85807469,8.19687763,1,0.231923252344,-2.31487584114,-0.778260350227,0.47330442071
145,3,H,10.9947856,9.87944576,12.58476083,1,0.160904556513,0.163729608059,-1.46793067455,-1.23040509224
145,4,H,8.42217565,12.10184351,12.13548404,1,0.255156934261,-0.715321779251,-0.762131035328,-0.827734768391
145,5,H,11.26262786,11.17365858,14.66411461,1,0.231382220984,1.81531906128,-3.29102230072,-0.626795291901
145,6,H,11.82748205,9.47295042,11.09483945,1,0.138694196939,-1.27987110615,-0.670362591743,1.15752995014
145,7,H,8.87741984,13.0922978,13.11750823,1,0.256086856127,0.504424214363,1.5422103405,0.965511918068
145,8,H,9.55690632,10.25231674,13.35317658,1,0.240467101336,-0.378271758556,1.29225754738,-0.327607214451
145,9,O,12.84153853,13.83631473,9.90921856,-2,-0.50954246521,0.319370269775,-2.18406915665,-2.9308681488
145,10,O,10.16134228,11.8127384,9.47905307,-2,-0.557840168476,0.849816441536,0.7912119627,-1.15162956715
145,11,H,11.72314085,15.86330079,10.79281836,1,0.271989941597,-0.227457895875,-3.43938398361,0.639917016029
145,12,H,10.85355469,14.98863733,11.77976965,1,0.27555385232,0.225531250238,-0.087751865387,-0.485036015511
145,13,H,11.11916903,11.72521423,9.25389857,1,0.252514511347,-1.14709544182,-0.361151248217,0.51030421257
145,14,H,12.19205504,14.01761069,9.18762746,1,0.228086620569,1.56460392475,-0.337030768394,-0.698509454727
145,15,O,13.40026601,11.46171461,8.32679714,-2,-0.512519598007,1.21776247025,1.71561443806,2.37538957596
145,16,H,13.4656555,12.51071804,12.74790511,1,0.295093595982,0.887620449066,1.21654343605,1.12318384647
145,17,O,12.57893394,9.94278506,10.58595869,-2,-0.471934825182,2.32995295525,1.75449061394,-0.568547070026
145,18,O,11.87428098,10.33349696,14.75435643,-2,-0.523270308971,-0.1030222103,0.101027905941,-2.33134436607
145,19,O,10.04280871,11.01972652,12.96174022,-2,-0.400734841824,0.205733790994,4.89200639725,-0.894457578659
145,20,H,12,12,12,1,0.307209759951,1.92885744572,-0.687877714634,0.370528012514
145,21,O,11.54372719,14.85619977,11.09444214,-2,-0.365032076836,-4.10791397095,7.3335609436,3.89639353752
145,22,O,13.01622931,11.93045458,12.16719277,-2,-0.216208219528,-2.07656812668,-1.50176405907,-1.84274339676
145,23,O,8.10479594,12.63368629,12.85686816,-2,-0.493731379509,-1.5756560564,0.498150289059,-0.267239719629
145,24,H,11.99608251,9.70703423,13.8144986,1,0.220091193914,-1.37265956402,2.58479046822,3.27620768547
145,25,H,12.04849817,13.86220044,10.50482635,1,0.174191176891,2.03672361374,-1.17759346962,-0.250276088715
145,26,H,9.80749343,12.07556487,12.80759284,1,0.247550696135,0.390832811594,-5.32274484634,1.48650920391
145,27,H,13.49554864,11.31813101,11.49859944,1,0.296199113131,-1.18261480331,0.500229001045,0.275402247906
145,28,H,13.28532822,9.73212218,11.21798154,1,0.218522191048,-0.176314100623,-0.955639362335,-0.52650386095
145,29,H,10.02928156,11.70171833,10.41131501,1,0.267095625401,0.344750642776,-0.649384260178,0.585159778595
146,0,O,11.22802128,9.33031126,12.37143501,-2,-0.683649301529,0.547965288162,-2.12469339371,-0.28255623579
146,1,H,11.24388516,10.25622976,12.47603693,1,0.17600017786,-0.658639192581,1.04056537151,0.987018942833
146,2,H,8.47157712,12.41739416,12.23870567,1,0.25252610445,-0.446918815374,0.295706897974,0.73201417923
146,3,H,12.05995089,9.75760719,11.51028789,1,0.0561612397432,-0.843239724636,-1.25096929073,-0.171177715063
146,4,H,9.0851189,13.39824104,13.32632992,1,0.243821829557,-1.13840603828,0.253252059221,0.0829533487558
146,5,H,9.7323248,10.54103619,13.54470894,1,0.207415252924,0.61805999279,2.07750821114,-0.920215427876
146,6,O,13.03130455,14.13353854,10.12220295,-2,-0.507449150085,1.03158819675,-2.11253714561,-6.18039703369
146,7,O,10.3169884,12.08882424,9.64673897,-2,-0.524328708649,-2.75145769119,0.782175958157,4.92363548279
146,8,H,11.93491986,16.18525394,10.906574,1,0.269545525312,-0.943982362747,-4.96822834015,2.17609119415
146,9,H,11.00829311,15.1687915,12.09876284,1,0.261538743973,2.16923260689,0.672011077404,-2.46557545662
146,10,H,11.2169196,11.86876784,9.52426458,1,0.252538144588,1.78580319881,-0.871750414371,0.116521663964
146,11,H,12.31124018,14.1659637,9.37459655,1,0.227011948824,2.54728746414,-0.188195109367,0.888754606247
146,12,H,13.64587329,12.86685511,13.05219201,1,0.266800701618,-0.583302617073,-0.996216714382,-1.31800663471
146,13,O,12.77026853,10.20780854,10.80753008,-2,-0.469367980957,4.79686450958,1.05525875092,2.62240028381
146,14,O,10.25260368,11.32972096,13.15938053,-2,-0.444795459509,-0.106655910611,5.47559547424,-0.653707206249
146,15,H,12,12,12,1,0.368783354759,2.34129357338,-0.297080367804,0.949887096882
146,16,O,11.7529609,15.12991101,11.35273416,-2,-0.377451449633,-4.94118261337,7.48499441147,4.0974240303
146,17,O,13.2176808,12.26157983,12.37322581,-2,-0.226086378098,-2.52507734299,0.515389084816,0.728843390942
146,18,O,8.27099184,12.92598397,13.05759197,-2,-0.459828287363,-0.376506924629,0.795068025589,-0.706309139729
146,19,H,12.33444064,14.10481508,10.74411338,1,0.171715348959,0.0199260525405,-0.785268366337,1.42305278778
146,20,H,9.96948835,12.61055857,12.97891966,1,0.240748941898,1.07725119591,-6.73185873032,1.5422372818
146,21,H,13.73725524,11.75817176,11.73027154,1,0.263929128647,0.384433954954,-0.0255029052496,-0.420386105776
146,22,H,13.59741063,10.01831321,11.51190875,1,0.193976849318,-3.1846139431,0.126099139452,-3.24202942848
146,23,H,10.11926888,11.99947084,10.75277985,1,0.240443497896,1.18027806282,-0.22132396698,-4.91047286987
147,0,O,11.26529145,9.64269586,12.52003512,-2,-0.645695269108,0.712812483311,1.36275172234,-0.178354471922
147,1,H,13.39120484,12.45420747,9.47006657,1,0.241007521749,0.438441514969,-0.157371401787,-0.143622711301
147,2,H,14.53441492,12.36416328,8.49141661,1,0.252698749304,3.47351050377,1.20893192291,-0.370793640614
147,3,H,11.30580679,10.66536729,12.37656192,1,0.175417900085,-1.68098282814,-2.80776071548,1.69617903233
147,4,H,10.60117338,10.59388886,9.99236707,1,0.202386766672,-0.891955137253,-1.61587524414,0.121395081282
147,5,O,15.22836185,14.538996,11.30817295,-2,-0.522416293621,-1.7015311718,1.69695961475,0.027509495616
147,6,H,8.36521478,12.74766283,12.33840228,1,0.246253043413,0.354143083096,0.5887337327,0.864304959774
147,7,H,12.17727424,10.01942507,11.76152893,1,0.0430144667625,-0.448885440826,-1.68999898434,-0.513081669807
147,8,H,9.16982794,13.7217343,13.45936897,1,0.174433320761,-1.45965516567,0.236912503839,-0.760883450508
147,9,O,10.46701821,9.63435827,9.89169151,-2,-0.535824298859,1.73802900314,0.535838663578,-2.23163104057
147,10,H,9.84038206,10.90976228,13.68656972,1,0.213816642761,-0.395287901163,0.594691693783,-0.189716547728
147,11,O,13.09719328,14.39421536,10.26593227,-2,-0.441670209169,1.02365195751,-2.52703380585,-2.59142065048
147,12,O,10.34802654,12.35135405,9.77956345,-2,-0.458209693432,0.806583821774,0.0493057668209,2.75152635574
147,13,O,10.47954368,14.72857027,13.47376208,-2,-0.608410716057,-2.20534133911,1.55556595325,-0.878841638565
147,14,H,14.55063254,14.38630259,10.54667272,1,0.17666515708,1.60317766666,0.0147777125239,1.40440201759
147,15,H,11.93644546,16.24070739,11.0999101,1,0.258488327265,-0.387874543667,0.0343260392547,0.20294071734
147,16,H,11.13273233,15.28379869,12.27803625,1,0.19190454483,-0.0944271832705,0.0577930770814,0.878972351551
147,17,H,9.74037268,9.33468568,10.37756241,1,0.246851176023,-1.43009543419,-0.206548735499,1.5100928545
147,18,H,9.80683014,15.47485179,13.22097385,1,0.184316396713,1.30929625034,-2.03172397614,1.08873713017
147,19,H,14.67624469,15.28133662,11.7409923,1,0.227356731892,1.54987740517,-1.62102854252,-0.676711082458
147,20,H,11.27490518,11.99942248,9.74711459,1,0.228953674436,-0.724575638771,0.570722579956,-0.2051217556
147,21,H,12.48863249,14.2764715,9.54659263,1,0.23753555119,-0.354309529066,0.0202173516154,-0.956987798214
147,22,O,13.68328834,12.09306016,8.62145397,-2,-0.530186057091,-3.73640322685,-1.11311984062,0.342585146427
147,23,H,13.66912818,13.14929376,13.269471,1,0.247019186616,-0.484487056732,-1.11478078365,-1.82801485062
147,24,O,12.84784568,10.45873121,10.99172683,-2,-0.451449990273,2.41075658798,1.3305118084,0.589779913425
147,25,O,10.34049166,11.63711895,13.30556346,-2,-0.476655334234,0.922247469425,6.49554586411,-1.36214053631
147,26,H,12,12,12,1,0.25573566556,1.72125470638,0.216037601233,0.984138846397
147,27,O,11.83063664,15.41412155,11.56963642,-2,-0.459267318249,-1.52472054958,1.44003045559,1.74511837959
147,28,O,13.29002862,12.57776826,12.5302062,-2,-0.329040914774,-1.18543839455,-0.132073104382,0.310743391514
147,29,O,8.31686045,13.20032718,13.20377169,-2,-0.507212042809,-0.592449486256,0.65139234066,-0.0194086134434
147,30,H,12.49881305,14.30125217,11.05170999,1,0.212186530232,0.624697089195,0.716616034508,-0.364280998707
147,31,H,10.06599636,12.88745623,13.1692074,1,0.259253174067,1.13463759422,-5.54285144806,1.41833376884
147,32,H,13.91326282,12.18896053,11.87493968,1,0.250833660364,-0.116273239255,0.87286067009,0.956800818443
147,33,H,13.63914473,10.31980548,11.5826263,1,0.198079198599,-0.852760434151,0.0965899080038,-1.24892711639
147,34,H,10.14479713,12.28147963,10.78981386,1,0.241830691695,0.444336086512,0.213052719831,-2.3736205101
148,0,O,11.24351552,9.94072677,12.64406992,-2,-0.540526092052,-0.420246779919,1.46448528767,-0.124608688056
148,1,H,13.40895917,12.83861732,9.65916655,1,0.216067373753,1.51799988747,-2.02418923378,-3.83906769753
148,2,H,14.60784881,12.60459968,8.66284937,1,0.235416159034,0.980251848698,0.224074289203,-0.149293109775
148,3,H,11.21402885,10.92810012,12.35307991,1,0.180849671364,-1.15813183784,-3.28185129166,1.5251749754
148,4,H,10.57401049,10.86652242,10.16402776,1,0.198230177164,-1.25823163986,-3.65599822998,-0.179509982467
148,5,H,12.25880679,10.24358965,11.84414008,1,0.0931092202663,-0.433548748493,-1.60470032692,-0.451042622328
148,6,H,13.020364,7.98319242,12.74832234,1,0.241482257843,-2.37412118912,-4.19970417023,-0.782288789749
148,7,O,10.47243254,9.86196576,10.03776644,-2,-0.493745684624,2.01147079468,2.65664887428,-2.01274633408
148,8,H,9.87493406,11.27508889,13.84272987,1,0.264052987099,-1.26321935654,-0.560770273209,0.768603146076
148,9,O,13.10154144,14.61876493,10.3813326,-2,-0.461000919342,0.897318124771,0.431588351727,4.60132884979
148,10,O,10.32301556,12.59681059,9.89319448,-2,-0.450271010399,5.15074968338,-0.244346603751,-7.75029230118
148,11,H,9.82940783,9.49231699,10.5869339,1,0.249230623245,-1.41829228401,-0.351729005575,1.70867145061
148,12,O,13.51317453,8.7171588,12.85586943,-2,-0.49322065711,1.33260989189,5.09669065475,1.63765132427
148,13,H,11.25106883,12.16675529,9.94201247,1,0.236460015178,-1.55756604671,1.25301098824,-0.918059051037
148,14,H,12.62286935,14.36494495,9.63132848,1,0.249588638544,-2.00359940529,-0.342832624912,-1.41316068172
148,15,O,13.69002555,12.3780263,8.70386312,-2,-0.473124146461,-2.2267780304,1.64042580128,3.89575862885
148,16,H,12.7323231,9.37308374,13.07807591,1,0.196958199143,1.41966784,-1.47807466984,-0.280846178532
148,17,H,13.59185771,13.34677364,13.41118953,1,0.24727781117,0.971276462078,0.799058377743,1.41798627377
148,18,O,12.85972233,10.69597577,11.15592886,-2,-0.379611611366,-4.63835859299,3.53528928757,-3.3970913887
148,19,O,10.36795667,11.94792295,13.42270167,-2,-0.415772914886,2.02509999275,2.85261559486,-1.41677951813
148,20,H,12,12,12,1,0.198616415262,2.14068031311,-0.197469681501,-0.104463852942
148,21,O,13.29837788,12.87838193,12.66328753,-2,-0.355488955975,-0.606649160385,-2.0829770565,-3.57855629921
148,22,H,12.64425315,14.48955191,11.30711846,1,0.25113505125,0.861705303192,0.225822493434,-3.35068130493
148,23,H,10.15256153,12.87859382,13.39312929,1,0.26702016592,-1.13947331905,-0.1649287045,0.951956033707
148,24,H,14.03941608,12.62651776,12.00458526,1,0.257127672434,-1.51316046715,0.882637560368,1.96567690372
148,25,H,13.62498668,10.61805535,11.57644043,1,0.220998123288,5.66102838516,-0.797438621521,2.47924566269
148,26,H,10.11730303,12.55526724,10.71483075,1,0.259141296148,-2.95848274231,-0.0753368884325,8.79643440247
149,0,O,11.13069092,10.22858448,12.760842,-2,-0.662229061127,0.929419636726,-4.73758029938,2.13280057907
149,1,H,13.41356132,13.11998107,9.66268452,1,0.212905988097,0.102923683822,-1.18265509605,-1.29562997818
149,2,H,14.65188959,12.84582974,8.85151621,1,0.222667276859,-3.69908261299,-0.91487121582,-0.817756593227
149,3,H,10.97212479,11.04636801,12.41980455,1,0.184124052525,-1.89966130257,2.71211671829,-0.695866584778
149,4,H,10.39056351,10.97735488,10.3402552,1,0.202414631844,-0.417690068483,2.17589735985,0.153358697891
149,5,H,12.23201763,10.40325189,11.87070766,1,0.154247134924,-2.21912312508,-3.35478878021,2.16028809547
149,6,H,9.68714802,8.42784386,12.48655926,1,0.2874956429,1.40293669701,-0.915278673172,0.803578197956
149,7,H,12.8019091,8.04933678,12.96993194,1,0.230414628983,2.73719644547,3.57183837891,-0.0757854357362
149,8,O,10.39500427,10.0816014,10.16383739,-2,-0.529936850071,-1.21515274048,-3.34590649605,-0.157353296876
149,9,H,9.76755731,11.60299796,14.0494586,1,0.262139201164,0.853237092495,0.72362780571,-0.870350003242
149,10,O,13.01629946,14.81702398,10.49548736,-2,-0.489098995924,0.796775221825,0.0794929862022,-2.0405318737
149,11,O,10.2222159,12.82998482,9.98122094,-2,-0.471409499645,-0.893757879734,0.590885281563,3.0340385437
149,12,H,9.78620562,9.66801296,10.9025044,1,0.13902387023,2.04656720161,1.46925210953,-1.28392279148
149,13,O,13.41337103,8.9549193,12.98604275,-2,-0.485732644796,-0.133876413107,-5.87507247925,-0.180178165436
149,14,H,11.07381525,12.41004129,10.10734956,1,0.242251634598,0.729145288467,-0.0828312113881,-0.483502328396
149,15,H,12.60210244,14.44679736,9.64011957,1,0.248320236802,-0.209785819054,1.02265322208,2.80791354179
149,16,O,13.5912253,12.65606047,8.78785063,-2,-0.45771792531,3.94768595695,1.74372529984,2.06248998642
149,17,H,12.73250935,9.54163005,13.21545936,1,0.220041036606,-2.2094707489,1.76471734047,0.795060932636
149,18,H,13.44065835,13.5618372,13.62267928,1,0.250402212143,0.317503064871,-0.0883386805654,-0.0117652677
149,19,O,12.76367814,10.93093812,11.30436163,-2,-0.323084950447,4.61161327362,5.54110050201,-1.54093682766
149,20,O,10.31319445,12.24121787,13.52646772,-2,-0.440276265144,1.2853205204,-6.13279724121,-0.550187468529
149,21,H,12,12,12,1,0.293468564749,2.39535593987,-1.37437570095,-1.0060492754
149,22,H,8.96166663,8.33443305,11.07044184,1,0.269515872002,-0.844435870647,-3.59331774712,-3.36309885979
149,23,O,13.21352962,13.16284525,12.77910448,-2,-0.398402035236,-0.0312678292394,-0.155209645629,-0.855786323547
149,24,H,12.72430844,14.67891775,11.4079064,1,0.253452122211,-0.975416958332,-0.644033432007,-0.927574038506
149,25,O,9.15499388,8.78064425,11.81354581,-2,-0.407455265522,-1.87510848045,3.25823569298,2.97700166702
149,26,H,10.06703991,13.04728877,13.67374436,1,0.261280357838,-2.5787024498,7.41707229614,1.71944534779
149,27,H,13.99851195,13.07508982,12.19376611,1,0.255435883999,-0.581235587597,0.344162374735,0.96644449234
149,28,H,13.73669827,10.89742045,11.66974127,1,0.233610719442,-2.89180111885,-0.225286990404,-0.956159234047
149,29,H,9.88181297,12.82475049,10.95554794,1,0.242132484913,0.519890725613,0.207564353943,-2.49998450279
150,0,H,11.12179256,8.66724338,10.51562371,1,0.243009671569,-1.48112869263,0.907740235329,1.19633746147
150,1,H,15.15843677,9.63954681,12.02723331,1,0.173025682569,1.44581890106,1.65601682663,2.61664581299
150,2,H,12.49297959,9.45660568,11.74158852,1,0.229892700911,-0.628248631954,-0.853408396244,1.95369184017
150,3,O,8.65305983,11.50148406,11.83777751,-2,-0.399608135223,4.37864398956,-1.44134581089,-4.12788057327
150,4,O,12.42530445,9.98222973,12.57330366,-2,-0.385069429874,-0.739391326904,0.0336135923862,1.99383485317
150,5,H,11.12156819,12.07515692,9.40831042,1,0.203780084848,-1.73716270924,-1.07557106018,1.70614862442
150,6,O,15.01122425,11.96924733,15.54571481,-2,-0.519104540348,-1.33384370804,-1.08225679398,1.59726238251
150,7,H,11.77172919,9.910492,13.37087829,1,0.237054869533,1.48540520668,-1.19381225109,-2.86361026764
150,8,H,10.62282332,9.7661276,11.55859128,1,0.241001844406,0.813946306705,0.793207406998,-0.238433912396
150,9,H,11.82940789,11.42324823,10.51902104,1,0.152818381786,-3.35708928108,0.683330774307,-1.24078476429
150,10,O,14.70566933,9.28114186,11.31320264,-2,-0.490331619978,-2.75956296921,-6.02370738983,-4.21384382248
150,11,O,10.45012244,8.90385193,11.22285269,-2,-0.481098413467,0.0603181011975,-2.34070634842,-1.45350730419
150,12,O,14.83801918,9.62192802,15.14058841,-2,-0.350205421448,-0.499086052179,-4.20487260818,1.0321085453
150,13,H,12.26777422,12.90267575,13.98021589,1,0.227149695158,1.08996021748,-0.949475705624,0.682650029659
150,14,H,14.77328187,8.60562909,15.0708032,1,0.268464267254,0.0498718880117,2.44081449509,0.224742874503
150,15,O,12.54758852,11.94997077,14.08912594,-2,-0.423757195473,1.16335821152,3.04590559006,0.278395742178
150,16,H,13.89201328,13.56002161,11.2891475,1,0.236011058092,1.30480277538,1.2736364603,-0.48037391901
150,17,O,14.13734104,14.52010698,11.34659652,-2,-0.526078402996,2.10181188583,0.469017893076,-1.17708516121
150,18,H,9.99787972,13.4613221,13.48707384,1,0.241844296455,-0.217379361391,1.07602965832,-0.0934405401349
150,19,H,12.90475622,10.97885426,11.31926953,1,0.192677617073,1.95619010925,-0.738343596458,0.460661500692
150,20,O,11.09333349,14.06411727,11.443101,-2,-0.485097229481,1.89986169338,0.751189529896,-1.91709065437
150,21,H,14.35230794,11.20870994,15.57307085,1,0.22173333168,0.949559092522,2.95718407631,-0.191494584084
150,22,H,14.69097232,11.62789349,12.57545238,1,0.24242696166,2.31533169746,-4.23717069626,1.82047796249
150,23,H,9.39653119,12.22936851,12.84443407,1,0.180174455047,-2.55457448959,-1.09739220142,-3.38855290413
150,24,H,11.17945975,13.29157508,11.93468776,1,0.214367076755,-1.79784858227,-1.99879026413,2.85606455803
150,25,H,14.65780926,9.87034497,16.0674231,1,0.257416516542,0.614928007126,-0.946267724037,-0.370289891958
150,26,H,8.00523493,11.02711006,12.19046098,1,0.250816583633,-5.59054708481,-2.30537962914,2.96873521805
150,27,H,14.92465308,12.20598449,14.63776496,1,0.236579999328,0.0759064853191,0.667090594769,-1.04638326168
150,28,H,11.7315012,11.61282329,13.82218611,1,0.208786904812,-2.33727622032,-1.09225225449,-0.402136832476
150,29,O,15.28633898,10.73113988,12.9209677,-2,-0.470812261105,-1.21744644642,4.6360039711,2.3135933876
150,30,H,15.17416502,10.4490385,13.94631715,1,0.209160089493,0.0396278351545,1.41107499599,-3.29774260521
150,31,O,13.08708546,11.90758944,11.18427486,-2,-0.435493528843,-3.80300188065,1.24246311188,2.38231253624
150,32,H,9.14857766,10.63778545,11.56310765,1,0.247357144952,-0.570048213005,2.75196456909,-0.34421440959
150,33,O,9.89986805,12.52504302,13.52981207,-2,-0.474498540163,3.64205551147,0.931754112244,4.94354009628
150,34,H,15.01521427,14.79359338,10.83487436,1,0.236679688096,-3.04398298264,-1.67144989967,1.62073969841
150,35,O,10.77137489,11.54819522,10.22151562,-2,-0.426674187183,4.21451377869,0.53067189455,-1.9231607914
150,36,H,11.85404982,13.6258244,10.96502055,1,0.212377429008,-0.557976186275,2.34563112259,-1.08810353279
150,37,H,12,12,12,1,0.265024155378,4.30931472778,0.0679956078529,-2.12417221069
150,38,H,14.6411615,8.27275925,11.49399307,1,0.238198429346,0.3143684268,2.57986593246,-0.665641903877
151,0,H,11.16840373,8.66401783,10.45408723,1,0.26090502739,2.03952932358,-0.174386024475,-3.04100441933
151,1,H,12.44195029,9.31835469,11.47945072,1,0.25707256794,-0.286089837551,1.18411958218,5.34514379501
151,2,O,8.78365545,11.47688001,11.67526494,-2,-0.276467084885,-0.0640580505133,-5.80800199509,-1.31280517578
151,3,O,12.54762495,9.87253211,12.42794355,-2,-0.407588034868,5.22116947174,-0.454648256302,-10.2744531631
151,4,H,11.16493809,12.14325573,9.39111723,1,0.230076104403,-1.87701404095,-1.55131781101,1.41179215908
151,5,H,11.85462668,15.2352008,11.27047387,1,0.224158197641,0.0167186670005,1.99106061459,-2.00631570816
151,6,H,12.06966263,9.80011498,13.13715124,1,0.254298299551,-4.55475139618,-2.19730782509,5.69796562195
151,7,H,10.5746011,9.64354981,11.44416943,1,0.253583610058,1.13339185715,5.27555751801,1.73539304733
151,8,H,11.83995651,11.39595713,10.29330832,1,0.181618630886,3.16134166718,-0.757983624935,0.826659977436
151,9,O,10.57825379,8.83667931,11.11224654,-2,-0.462016493082,-3.70488405228,-5.91667509079,0.751103043556
151,10,H,8.39967103,11.08997562,14.07299374,1,0.240538030863,-2.77367568016,-4.6848192215,-0.0375312492251
151,11,H,12.36661947,12.77222575,13.67893265,1,0.228832691908,1.46968388557,-0.0831002295017,1.09781372547
151,12,O,7.78839746,10.04774487,13.91791893,-2,-0.425706356764,4.51472520828,3.98963594437,-2.44571018219
151,13,O,12.68896401,11.8914212,13.9973478,-2,-0.431734919548,-2.92887449265,1.07852065563,-1.23467826843
151,14,H,13.91889715,13.42182178,11.15194758,1,0.236350476742,2.47319459915,3.00835084915,-0.419638067484
151,15,O,14.25641701,14.47623135,11.20321935,-2,-0.404056638479,-3.01868224144,-2.42763018608,0.518268406391
151,16,H,10.06106273,13.46737147,13.36459063,1,0.233886867762,-0.568477332592,-1.06908965111,0.22576007247
151,17,H,13.01235485,10.907173,11.04017796,1,0.195471405983,1.24515724182,-0.624640882015,0.480275511742
151,18,O,11.22167124,13.99714831,11.30265004,-2,-0.323695838451,1.16785275936,-0.617929518223,0.196766361594
151,19,O,12.04839917,18.4515633,10.49010331,-2,-0.360680043697,-1.19270515442,2.7864356041,4.20238828659
151,20,H,9.32193369,12.07277863,12.64677162,1,0.122520029545,1.72599601746,1.21103012562,0.736615717411
151,21,H,11.27892647,13.20016093,11.86721615,1,0.223170131445,-1.88412296772,0.443950712681,1.31483674049
151,22,H,8.19757288,10.83936778,12.20362327,1,0.223620787263,-0.534638524055,2.060338974,-0.81427359581
151,23,O,12.33879597,15.99040728,10.52552921,-2,-0.324073851109,-2.17815685272,-1.15087890625,2.28854036331
151,24,H,11.76908874,11.54206495,13.77634328,1,0.21235665679,1.31141090393,-0.142750963569,1.24077832699
151,25,H,12.85236671,17.94281676,10.64689383,1,0.270502656698,1.47186863422,1.78941905499,0.126627013087
151,26,H,8.31427652,9.71909537,13.0682746,1,0.241197705269,-1.5508878231,-0.118109598756,3.38093304634
151,27,O,13.25197802,11.83016149,11.0872841,-2,-0.474666148424,-3.58667564392,2.71538925171,2.13121080399
151,28,H,9.37682167,10.64143401,11.32026373,1,0.250811100006,-1.7250328064,3.85546422005,0.239274382591
151,29,O,10.0401319,12.48451106,13.37890324,-2,-0.447543054819,0.134371891618,0.620843708515,-0.3401004076
151,30,H,13.2137524,15.46203218,10.63268522,1,0.206985533237,0.692583322525,0.839379012585,0.283522844315
151,31,H,15.00678311,14.7890462,10.71624804,1,0.258019804955,0.959988236427,-0.98488587141,-0.530603945255
151,32,O,10.94024956,11.45093518,10.12435451,-2,-0.378794252872,-2.20219755173,2.26478433609,-3.45508289337
151,33,H,12.02470875,13.62497967,10.90760315,1,0.234378799796,0.383626520634,0.576898515224,-1.7103074789
151,34,H,12,12,12,1,0.162988632917,4.40115022659,-1.289244771,-1.91309642792
151,35,H,11.9850616,17.01206892,10.70756353,1,0.232452973723,0.181911736727,-2.17031741142,-0.473344236612
151,36,H,11.89798141,19.16804934,11.403611,1,0.281225919724,0.925251841545,-3.46746134758,-4.2227230072
152,0,H,11.18862171,8.68258283,10.29341743,1,0.238972634077,-1.43910706043,0.933682858944,0.981445431709
152,1,H,15.27107733,9.82872239,11.77478752,1,0.145833969116,-0.843662977219,-3.11107373238,-1.03945612907
152,2,H,12.25584261,9.26556693,11.51819975,1,0.215072274208,0.307828933001,-0.00923964381218,2.6734828949
152,3,O,8.78691815,11.4459765,11.57736053,-2,-0.267135262489,-4.55296754837,-2.63138651848,2.77042293549
152,4,O,12.55549428,9.77026733,12.3296033,-2,-0.404243320227,-1.02390992641,-0.293740093708,1.08284389973
152,5,H,10.98102164,12.16341846,9.55155646,1,0.238586366177,-1.0262349844,0.478263795376,-0.438008010387
152,6,H,11.89835699,15.12202115,11.01458774,1,0.18953114748,-0.867987573147,2.79591083527,-0.494922310114
152,7,H,12.02256784,9.64204872,13.17567828,1,0.234135761857,0.902509748936,-0.694724678993,-2.27484273911
152,8,H,10.46994255,9.78988778,11.48555979,1,0.253380537033,1.56687355042,-4.87999486923,-2.54525399208
152,9,H,11.88863891,11.34043963,10.19903908,1,0.194128543139,2.66921496391,-0.359038114548,0.369352608919
152,10,O,14.78865985,9.18076217,11.08803845,-2,-0.499657183886,-0.195584580302,0.731628715992,-1.26446759701
152,11,O,10.56709214,8.76197991,11.07400769,-2,-0.440040826797,-0.714978992939,2.94116735458,0.860429644585
152,12,H,8.33783744,10.88664005,13.87909382,1,0.253998935223,-1.42441105843,-1.4001339674,1.51116573811
152,13,H,12.41786354,12.65244117,13.48352084,1,0.226918414235,1.11552166939,0.340485930443,0.859423816204
152,14,O,7.82628296,10.00759538,13.81098951,-2,-0.440361529589,0.99315983057,3.28215885162,-0.0566048920155
152,15,O,12.69672104,11.84752443,13.9659563,-2,-0.417640089989,-2.97770452499,0.127162441611,-0.757880330086
152,16,H,13.93059236,13.48361373,11.06208066,1,0.253700494766,1.35112726688,0.201159343123,-0.610164582729
152,17,O,14.23727297,14.43661617,11.12960359,-2,-0.332424521446,-3.13657546043,0.171878769994,0.861944794655
152,18,H,9.95458179,13.46246746,13.29692459,1,0.225351080298,-0.171678304672,-2.06543207169,0.40533131361
152,19,H,13.07039522,10.83068904,10.8689515,1,0.199523001909,1.51432776451,0.455588668585,0.701516568661
152,20,O,11.22336676,13.93906876,11.22772223,-2,-0.342649996281,0.913059651852,-2.91944718361,1.73430454731
152,21,H,14.77577997,11.29249711,12.46755504,1,0.265277475119,-0.776743412018,0.522217810154,-0.270580917597
152,22,O,12.055278,18.40158431,10.38912231,-2,-0.370881795883,0.825582444668,1.22801554203,4.68361330032
152,23,H,9.21609855,11.99098366,12.54734757,1,0.140299141407,2.70153188705,1.51409828663,0.57011026144
152,24,H,11.17128461,13.11927879,11.94762833,1,0.216545447707,-0.848473787308,2.49979925156,-1.55174100399
152,25,H,8.20833584,10.75174256,12.23702951,1,0.251769065857,0.776378273964,2.75506734848,-3.02275395393
152,26,O,12.32237295,15.92701503,10.44465483,-2,-0.346659362316,1.2446924448,-2.19307684898,0.766714334488
152,27,H,11.75083648,11.46751489,13.83926225,1,0.213635593653,2.00691461563,0.348065257072,1.10374593735
152,28,O,15.39491918,10.64050836,12.78866573,-2,-0.355641186237,1.13474786282,1.68665456772,0.665511786938
152,29,H,12.93178844,17.97177687,10.62990572,1,0.271490037441,-0.565773904324,1.93974971771,-0.64019882679
152,30,H,15.26887297,10.61066388,13.72569393,1,0.276735544205,-0.118569418788,-0.373745054007,0.864639222622
152,31,H,8.38151033,9.68521478,13.12717547,1,0.257293045521,0.826015114784,-2.6170527935,-0.481688022614
152,32,O,13.28325783,11.7723029,11.06101696,-2,-0.51931643486,-3.09622216225,1.95966398716,2.0053524971
152,33,H,9.39117442,10.84452452,11.16960043,1,0.24878461659,1.04337573051,-0.0891822725534,-1.27045285702
152,34,O,10.05528232,12.45600738,13.30045005,-2,-0.469275891781,-0.679455637932,1.49453258514,-1.02547717094
152,35,H,13.34933198,15.31382831,10.5251364,1,0.217178419232,-1.10211789608,1.29324936867,0.822599589825
152,36,H,14.92859469,14.74348354,10.59514366,1,0.269405245781,2.29208278656,-0.520807981491,-1.28886222839
152,37,O,10.97318547,11.37125664,10.08467669,-2,-0.397510409355,-2.76019120216,-0.0300721749663,-0.876496732235
152,38,H,12.07937878,13.66281745,10.83417243,1,0.233867123723,-0.694036245346,-0.657003760338,-0.364343225956
152,39,H,12,12,12,1,0.134463965893,3.85093379021,-1.43053996563,-2.36522436142
152,40,H,14.87127278,8.22360146,11.0877765,1,0.248158246279,0.607010900974,0.343668729067,0.562196016312
152,41,H,12.03197243,16.91611557,10.62601309,1,0.218146637082,-0.232900798321,-1.62273037434,-0.41963365674
152,42,H,11.86472331,18.97739915,11.31429894,1,0.271254956722,0.606398046017,-2.14544773102,-3.79709291458
153,0,H,11.05587994,8.76906343,10.22003846,1,0.240974575281,-3.09800434113,0.275659292936,3.71327185631
153,1,H,15.0360871,9.79070028,11.71935779,1,0.166252627969,0.820324838161,-1.48619568348,0.939125180244
153,2,H,11.90976732,9.23938527,11.75091282,1,0.180989950895,-1.56198084354,-2.53089594841,-2.22688555717
153,3,O,8.63991431,11.43730317,11.58582699,-2,-0.316986262798,-3.30657029152,0.677609145641,1.90764057636
153,4,O,12.43023016,9.69856749,12.3332331,-2,-0.402050435543,-0.948442578316,1.1481385231,6.95949888229
153,5,H,10.59622483,12.24505299,9.83366552,1,0.234155893326,0.802730321884,-1.72262477875,0.376466423273
153,6,H,11.73852369,15.15829215,10.84177001,1,0.203470796347,-3.13467025757,-0.445377320051,1.82442104816
153,7,H,11.83065921,9.5239432,13.2263939,1,0.218931376934,2.7026052475,0.536769211292,-3.32241225243
153,8,H,10.30091511,9.72552533,11.50135527,1,0.25098657608,0.702657341957,-3.66559171677,-1.99560344219
153,9,H,11.94830673,11.29364228,10.24488973,1,0.191815391183,-3.90940833092,1.10748398304,-0.743532657623
153,10,O,14.62668466,9.17731529,11.09619148,-2,-0.488074302673,-0.898605465889,-4.08176279068,-3.42072224617
153,11,O,10.41868647,8.72952796,11.13863637,-2,-0.431511640549,1.4007178545,2.65630793571,-2.50937819481
153,12,H,12.39197318,12.58382127,13.41662984,1,0.238142609596,0.4317663908,-0.131334513426,1.1166267395
153,13,O,12.56319105,11.83531793,14.02394586,-2,-0.443357676268,0.913239240646,1.42587721348,-0.692386031151
153,14,H,13.85025577,13.58123208,11.03454797,1,0.256669342518,-0.903061151505,-6.11552000046,-1.01004493237
153,15,O,14.07401371,14.43300577,11.15408541,-2,-0.252827525139,3.08056640625,8.02772045135,-2.65593576431
153,16,H,9.68870365,13.41938197,13.33107247,1,0.23220461607,0.0750345960259,-1.00335288048,0.682734072208
153,17,H,13.07182494,10.82467135,10.84721046,1,0.208469957113,1.34683561325,-0.366455286741,1.10036861897
153,18,O,11.0916429,13.90332531,11.25173492,-2,-0.388342916965,0.332133054733,-2.14147138596,1.54876661301
153,19,H,14.43941766,11.37399973,12.42851995,1,0.243302538991,3.47803425789,-3.49972200394,2.15744376183
153,20,H,9.14928465,12.04634744,12.60559981,1,0.146752893925,2.21815228462,0.960847139359,0.919862985611
153,21,H,10.90089922,13.19796811,12.04620855,1,0.211834847927,-0.0455435886979,1.66831171513,-1.76251316071
153,22,H,8.13558227,10.83854288,12.18215545,1,0.276552081108,0.406159847975,-0.312435179949,-1.34555780888
153,23,O,12.17731866,15.88877409,10.45777999,-2,-0.30474448204,3.94081878662,0.665527582169,-2.47615623474
153,24,H,11.70638256,11.441986,14.0397123,1,0.233547702432,-1.1974414587,-0.494720339775,0.356886357069
153,25,O,15.26525106,10.63422347,12.85227758,-2,-0.405825346708,-3.59507870674,5.12557125092,3.23228883743
153,26,H,15.099776,10.65318374,13.92219444,1,0.242266863585,0.42918753624,-0.164041429758,-4.29367017746
153,27,O,13.17477465,11.7518527,11.13324594,-2,-0.455278158188,-2.89201807976,2.31586456299,1.929915905
153,28,H,9.32446588,11.07447536,11.05986001,1,0.251743793488,1.39715743065,-1.18743920326,-1.17501103878
153,29,O,9.93460814,12.46126007,13.31723567,-2,-0.441814810038,-0.909993648529,1.2965400219,-1.52118396759
153,30,H,13.29075906,15.25203056,10.57535323,1,0.245596110821,-0.615857124329,0.475853204727,1.40802943707
153,31,H,14.84444622,14.6875362,10.47964506,1,0.281815439463,-1.57442629337,-1.42090427876,2.25172233582
153,32,O,10.86142823,11.32352073,10.13659359,-2,-0.419816285372,1.6368496418,1.08209991455,-0.530233204365
153,33,H,11.95758731,13.68577521,10.84194693,1,0.239386081696,-1.15675890446,-1.2369748354,0.543471217155
153,34,H,12,12,12,1,0.220333963633,3.95063781738,-1.84094154835,-2.59035634995
153,35,H,14.84346939,8.14783449,11.04312865,1,0.241555660963,-0.140316948295,3.95352911949,0.840743541718
153,36,H,11.91916176,16.7847559,10.63223234,1,0.292878329754,-0.177431464195,0.448050558567,0.462296962738
154,0,H,10.67994124,8.91375072,10.39115708,1,0.267376869917,-2.3674557209,-0.835327029228,2.8867650032
154,1,H,11.35958982,9.17516512,11.97720023,1,0.144402652979,2.72344040871,0.3575104177,-0.0583946667612
154,2,O,12.15598804,9.68909241,12.46370466,-2,-0.450357168913,-1.99601125717,-1.477181077,-1.73553597927
154,3,H,10.10454688,12.31709163,10.25495974,1,0.238072067499,2.76881694794,-3.95676517487,-0.148677945137
154,4,H,11.27474124,15.24306899,10.85671677,1,0.215111091733,-1.52535665035,0.191965073347,0.677461802959
154,5,H,11.59931292,9.54872843,13.20573252,1,0.223879635334,0.292180329561,0.242411106825,2.58708572388
154,6,H,10.00449297,9.57320636,11.52252869,1,0.261450946331,-2.44688391685,9.0529088974,1.95167136192
154,7,H,11.64474073,11.35656791,10.36838169,1,0.196193113923,-3.40241336823,1.11190593243,-0.629535794258
154,8,O,10.13091795,8.76582507,11.301224,-2,-0.397979080677,3.28100657463,-8.26254653931,-5.88524198532
154,9,H,12.24031159,12.57215231,13.49523802,1,0.253093600273,-0.525835573673,-0.310561418533,1.12682700157
154,10,O,12.28870638,11.88733052,14.17937728,-2,-0.480250805616,2.00077462196,0.932225525379,-0.143414258957
154,11,H,13.56945387,13.51206057,11.06654401,1,0.259838432074,0.0618257448077,1.03708040714,0.751326560974
154,12,O,13.77305921,14.51245993,11.27339717,-2,-0.212365567684,3.07382941246,-0.961620271206,-4.35419273376
154,13,H,9.27438181,13.4178,13.4959007,1,0.250617057085,0.274370968342,0.0702060759068,1.13787221909
154,14,H,12.99054697,10.88041685,10.99389105,1,0.234469920397,-0.0344029814005,-0.166512489319,1.3060387373
154,15,O,10.81281229,13.92094252,11.38114517,-2,-0.402730792761,-1.27209818363,1.14116644859,-0.650781035423
154,16,H,14.16987995,11.30689801,12.61326355,1,0.222703814507,3.15733718872,-2.58111572266,2.04236125946
154,17,H,9.07353314,12.22541906,12.81989459,1,0.265038490295,-2.43146300316,-2.42775177956,-2.50121164322
154,18,H,10.49840524,13.44108528,12.14977277,1,0.222779557109,0.329707890749,-0.847016811371,0.671840727329
154,19,O,11.901685,15.90743137,10.56322329,-2,-0.351840913296,1.87611329556,0.625553846359,-1.17464196682
154,20,H,11.47118453,11.45645344,14.35554778,1,0.250318586826,-1.21924960613,0.0597456693649,-0.166607797146
154,21,O,14.97610396,10.70732581,13.02547753,-2,-0.537977337837,-2.73634290695,2.46345114708,-1.12143182755
154,22,H,14.82078712,10.72120721,13.99026556,1,0.246569544077,-0.097887121141,0.0238289907575,-0.751443266869
154,23,O,12.91616776,11.79881992,11.31083862,-2,-0.373510360718,-2.29206037521,3.13451862335,1.77517712116
154,24,O,9.66719516,12.52891354,13.43473059,-2,-0.388023942709,1.62857913971,2.47788190842,1.35159659386
154,25,H,13.04592628,15.26259612,10.81333946,1,0.215979933739,-0.641309142113,0.0685758516192,0.864586889744
154,26,H,14.57612778,14.62033649,10.53316631,1,0.283878087997,-2.23197889328,-0.148707702756,2.9071366787
154,27,O,10.60964536,11.33928949,10.28998891,-2,-0.465936720371,-0.772436439991,2.75297212601,-0.0989957898855
154,28,H,11.63342029,13.68600049,10.98358751,1,0.255819380283,0.563483178616,-1.54019355774,0.154080301523
154,29,H,12,12,12,1,0.27110645175,3.90355849266,-2.60700011253,-2.89892077446
154,30,H,11.6076007,16.7933027,10.76375302,1,0.28227353096,0.0581628233194,0.378393054008,0.127199307084
155,0,H,10.18616701,9.09307828,10.69802516,1,0.261472463608,1.02065658569,-0.553728103638,-2.47920799255
155,1,H,10.90230966,9.2278878,12.21930417,1,0.136475607753,2.98250865936,0.666204333305,-0.169015362859
155,2,O,7.98134255,11.65885625,11.84839417,-2,-0.482855528593,-0.414604157209,-1.45572781563,0.823116779327
155,3,O,11.79997135,9.76807744,12.6459279,-2,-0.477165102959,-1.09223783016,-1.56869661808,-3.7412147522
155,4,H,9.70380088,12.32097409,10.7104353,1,0.244154334068,3.35749912262,-1.81271457672,-1.24883103371
155,5,H,10.67438438,15.42438776,10.96859327,1,0.22399559617,2.89468765259,1.54281997681,-0.619860887527
155,6,H,11.27235636,9.7311091,13.37904911,1,0.22411903739,-0.914153039455,0.491385936737,4.35227918625
155,7,H,14.54490185,12.07088452,10.55514399,1,0.243383839726,-4.49088144302,0.152921244502,-1.18723261356
155,8,H,9.51090954,9.85696314,11.64701965,1,0.261482059956,-0.265954136848,-2.19182085991,0.215154230595
155,9,H,11.13275025,11.55570165,10.52742743,1,0.221252381802,6.97720527649,1.42278730869,0.504650235176
155,10,O,9.77800978,8.8766089,11.50509371,-2,-0.356380403042,-1.96419239044,2.34918951988,1.60951340199
155,11,O,12.17588713,13.56574194,8.69281279,-2,-0.416451722383,-3.46030926704,-4.80781984329,0.605376422405
155,12,H,11.98466652,12.64904094,13.6671232,1,0.265812516212,-1.09060072899,0.368875861168,0.1293682307
155,13,O,11.94700563,12.03267151,14.38569904,-2,-0.490454852581,-0.448310673237,-1.54651260376,1.94246768951
155,14,H,13.18834727,13.58355749,11.18198414,1,0.263429641724,-0.110178522766,2.77953076363,1.7062625885
155,15,O,13.40697485,14.68294138,11.4341684,-2,-0.227823972702,2.48655605316,-5.11102819443,-2.13869857788
155,16,H,12.83532594,11.01255118,11.25128743,1,0.25071182847,-0.750185072422,1.27964055538,1.56710386276
155,17,O,10.45302484,14.03282519,11.55921483,-2,-0.39628392458,-1.41350221634,0.920963227749,-1.17790699005
155,18,O,15.36452141,11.96045335,10.89070363,-2,-0.468918681145,5.31009864807,0.981396496296,-2.18684267998
155,19,H,13.93918331,11.23756704,12.92802739,1,0.23932492733,-9.56678199768,5.01802206039,-4.57829380035
155,20,H,10.03529035,13.74791185,12.35555645,1,0.271472334862,0.139812216163,-0.802793502808,1.00273096561
155,21,H,7.44538453,10.85394853,12.32296426,1,0.247493565083,2.68130135536,2.60944795609,-2.51588797569
155,22,O,11.55782528,16.01582268,10.7153912,-2,-0.37120077014,-3.99089717865,2.06200551987,0.983195602894
155,23,H,11.10382581,11.57431095,14.70274099,1,0.260641515255,1.52461099625,1.74753665924,-1.44501423836
155,24,O,14.60580943,10.88335642,13.24744323,-2,-0.538345217705,10.4162082672,-4.76060533524,-0.133118793368
155,25,H,11.22377639,13.25826361,8.33203219,1,0.229095458984,2.67435503006,1.98726332188,0.484003007412
155,26,H,14.46876298,10.84543844,14.11942829,1,0.260155320168,-0.665475547314,-0.436697334051,5.21966218948
155,27,H,15.8501394,12.21693129,9.99657227,1,0.241761982441,-0.573084175587,-0.952097535133,2.8455452919
155,28,O,12.58308073,11.94619935,11.54218487,-2,-0.355408012867,21.2583637238,-1.05229449272,-17.5848407745
155,29,H,8.76614232,11.54764564,11.19790593,1,0.209624484181,-3.47164726257,-1.9257247448,2.35688686371
155,30,H,12.67779502,15.36962627,11.14544218,1,0.197154074907,-1.14119768143,0.688975989819,-0.536440372467
155,31,H,14.15514815,14.64671643,10.74690465,1,0.270907223225,-0.802514314651,1.20393419266,1.28610014915
155,32,H,12.25467243,12.59483809,9.08131774,1,0.232579469681,0.844546079636,2.71801185608,-0.994905471802
155,33,O,10.27742076,11.45589423,10.49673003,-2,-0.410042762756,-9.98128604889,1.07220339775,-0.578573584557
155,34,H,11.257608,13.68956793,11.19377632,1,0.256797999144,0.256164431572,-0.774276554585,0.48635840416
155,35,H,12,12,12,1,0.225276514888,-19.7110786438,0.0997608155012,15.8881168365
155,36,H,11.21237404,16.96762368,10.94624881,1,0.252756655216,1.49449276924,-2.41033887863,-0.692002594471
156,0,H,10.37894653,9.26520151,10.37908142,1,0.245152100921,0.472731947899,-0.715315401554,-0.946535587311
156,1,H,11.26544218,9.36801981,11.94458859,1,0.149043947458,0.940180361271,0.0684339776635,-0.292036741972
156,2,O,8.21897682,11.84952509,11.5164988,-2,-0.310800343752,-9.55756568909,-2.1576859951,8.08975028992
156,3,O,12.0365338,9.87382202,12.33950461,-2,-0.442830562592,-2.61149024963,0.294086039066,4.03151893616
156,4,H,10.07741842,12.28345888,10.61164991,1,0.22587582469,-0.955997169018,3.98164319992,1.17116081715
156,5,H,10.84500238,15.71550108,10.57275834,1,0.250580638647,3.0627758503,0.039146900177,-0.336569100618
156,6,H,11.50149266,9.9967508,13.27250803,1,0.219628959894,2.72952413559,-0.279991388321,-3.05312466621
156,7,H,9.57812354,10.14060444,11.28831974,1,0.270972907543,2.1323723793,-5.45780420303,0.247120559216
156,8,H,11.48577303,11.83744714,10.21638234,1,0.217376366258,-1.16845369339,-0.44566270709,-0.0230869241059
156,9,O,10.02057418,9.02148191,11.2329379,-2,-0.416423797607,-3.54658484459,5.18353557587,-0.0748154520988
156,10,H,12.26365185,12.78395572,13.35622484,1,0.255945891142,-1.2170740366,0.272750526667,0.795504570007
156,11,O,12.20694544,12.20186549,14.11504504,-2,-0.482551664114,1.61583566666,-0.80688560009,0.963441550732
156,12,H,13.37539766,13.82548708,10.89649849,1,0.272022426128,-0.0375085622072,2.02331471443,1.73895096779
156,13,O,13.64795625,14.86766438,11.10832936,-2,-0.246314287186,-2.07402181625,-4.71979188919,1.89544916153
156,14,H,8.98868249,13.63614173,13.58996229,1,0.225910276175,0.692096054554,-1.15314590931,0.13888797164
156,15,H,13.22874013,11.21354853,11.06914805,1,0.23265491426,-0.625432550907,0.486735463142,0.461573928595
156,16,O,10.68666731,14.17890782,11.24851947,-2,-0.441488415003,-1.11932730675,-0.0689401999116,0.631173014641
156,17,H,13.94576937,11.41202859,12.60769045,1,0.219119295478,3.0036740303,-1.15768671036,2.03027868271
156,18,H,9.00933034,12.43224887,12.4404158,1,0.167182549834,1.00826776028,1.07248938084,3.23283982277
156,19,H,10.20151094,14.01484031,12.16956037,1,0.214740917087,1.88604438305,-0.992811560631,-1.52641773224
156,20,H,7.69894507,10.87332798,11.9037523,1,0.2966812253,2.44196796417,4.14420366287,-1.91699337959
156,21,O,11.80123004,16.15543034,10.38706307,-2,-0.349951207638,-4.00983858109,2.49153590202,0.715126752853
156,22,H,11.39813143,11.82071709,14.48715427,1,0.256918609142,-0.254041880369,1.24041903019,-1.07665967941
156,23,O,14.85938755,11.08173505,12.98359147,-2,-0.522845864296,-2.8358297348,0.634901165962,2.16076564789
156,24,H,14.68507383,10.95395246,14.0195769,1,0.238486796618,0.367101103067,0.464552283287,-3.65137052536
156,25,O,12.89312609,12.12418044,11.25873976,-2,-0.372515916824,-3.1040122509,0.747057557106,1.75236618519
156,26,H,8.84145318,11.73060919,10.96276204,1,0.240367680788,5.79120969772,-2.57963728905,-6.8336687088
156,27,O,9.61141581,12.90563448,13.32745748,-2,-0.455297350883,-2.21339201927,0.640318572521,-2.4570941925
156,28,H,12.83196767,15.54437976,10.96004174,1,0.220674216747,-0.643796861172,0.518365323544,-1.01250898838
156,29,H,14.32621498,14.78952258,10.50642135,1,0.279643148184,3.2555782795,1.49684357643,-2.53523373604
156,30,O,10.51755765,11.60444028,10.22324171,-2,-0.4282348454,2.4412419796,-3.14304065704,-2.19026875496
156,31,H,11.48445,13.68108552,10.95395383,1,0.234791740775,-1.28477799892,0.374606728554,1.28398156166
156,32,H,12,12,12,1,0.272916615009,3.94700789452,-0.914212226868,-2.8688647747
156,33,H,11.50040067,17.10587958,10.59797483,1,0.262567311525,1.47153568268,-1.58232927322,-0.544641315937
157,0,H,11.61357479,9.54645853,11.66725001,1,0.256457358599,-4.3947224617,-3.54393768311,-2.9427652359
157,1,O,8.36302246,12.07870296,11.26121237,-2,-0.2791416049,0.241437748075,-3.85841035843,-1.08353161812
157,2,O,12.19457526,10.03097226,12.10528776,-2,-0.42525690794,2.74911546707,5.03294944763,6.5306763649
157,3,H,10.3659022,12.46901314,10.61046639,1,0.2088560462,0.458046406507,0.242304876447,-0.478584438562
157,4,H,11.11419758,16.06143812,10.21652207,1,0.262832522392,-4.12286567688,-2.95505046844,0.636434733868
157,5,H,11.79137247,10.3111669,13.05486532,1,0.251241385937,1.41076803207,-1.46967077255,-3.3542175293
157,6,H,11.74914084,12.12911321,9.96855089,1,0.205003112555,-3.26721692085,-1.81045997143,0.0615393593907
157,7,H,12.40862346,12.99305838,13.11883798,1,0.251955449581,-0.650083601475,0.292847394943,1.266903162
157,8,O,12.40265659,12.41326816,13.90081787,-2,-0.442372709513,3.10040187836,-0.147431075573,-1.48403918743
157,9,H,13.46760344,14.22977532,10.75260086,1,0.253899723291,-0.64223664999,-3.32587885857,0.134593129158
157,10,O,13.81418334,15.08226124,10.84318782,-2,-0.267469465733,1.81776070595,2.32141184807,-0.150869786739
157,11,H,9.14933076,13.73366691,13.45835516,1,0.229774966836,-0.586009860039,0.205874860287,0.489509493113
157,12,H,13.49406466,11.46507337,10.93947639,1,0.206183314323,-0.0786087885499,-0.415295273066,-0.467891514301
157,13,O,10.84281826,14.36965762,10.99478777,-2,-0.439956963062,-0.965138792992,0.0289203040302,1.71678924561
157,14,H,13.94782737,11.64151137,12.40723156,1,0.215608298779,5.38788175583,-1.34742987156,2.4451084137
157,15,H,9.19756954,12.59262373,12.16872822,1,0.166851222515,0.686978816986,1.29872775078,2.96008968353
157,16,H,10.40832772,14.27958334,11.96713519,1,0.208052873611,1.43046092987,-0.924714267254,-2.0665128231
157,17,H,7.9915569,11.10114046,11.44741165,1,0.265785992146,1.0066640377,3.24632501602,-0.145908042789
157,18,O,11.96119648,16.34350912,10.11458136,-2,-0.269208848476,3.6217353344,2.22134876251,-0.656894147396
157,19,H,11.59462118,12.18046485,14.28022209,1,0.25363022089,-2.60167264938,0.375916838646,0.391991764307
157,20,O,15.03675877,11.32620285,12.77950449,-2,-0.497520774603,-5.25852251053,0.360110849142,2.80385518074
157,21,H,14.83504129,11.10123435,13.84024656,1,0.217850506306,0.749979496002,0.957182705402,-4.51943254471
157,22,O,13.13140772,12.35067666,11.03158615,-2,-0.465040296316,-3.90718507767,0.670805096626,2.20212292671
157,23,H,9.03509938,11.841772,10.51932083,1,0.241311490536,-1.68628966808,0.303645819426,0.82924580574
157,24,O,9.81094357,13.15808421,13.08749518,-2,-0.458544552326,-0.831173956394,-1.46308326721,-3.03701376915
157,25,H,12.86188935,15.79818437,10.74761239,1,0.220166027546,0.542813718319,-0.21006385982,-1.17575633526
157,26,H,14.57725725,15.08600412,10.19652449,1,0.280047237873,-1.15923011303,0.593858778477,0.894855201244
157,27,O,10.69031092,11.78891542,10.00077307,-2,-0.430027663708,3.19336462021,1.30169153214,0.112060904503
157,28,H,11.5694765,13.7399583,10.83279427,1,0.217271253467,-0.566258370876,0.540157616138,0.731428086758
157,29,H,12,12,12,1,0.276976764202,3.54047298431,-0.271378159523,-2.71851468086
157,30,H,11.81201611,17.26257672,10.27073806,1,0.284784018993,0.779334068298,1.74872517586,0.074726447463
158,0,H,14.4706227,10.45630737,11.33150118,1,0.190658286214,-0.773680746555,-0.799427509308,-0.492460519075
158,1,H,11.67757505,9.62905512,11.39718789,1,0.251886159182,0.841734945774,1.9227398634,2.14032840729
158,2,O,12.24171031,10.23459112,11.99623694,-2,-0.392717450857,1.23062181473,-2.0621342659,-6.72241735458
158,3,H,10.54280832,12.72135217,10.69437573,1,0.19623529911,-0.0936754047871,-2.98216938972,-3.93568563461
158,4,H,12.01997912,10.59156466,12.76148607,1,0.249003663659,-2.79487037659,1.09670639038,5.87427377701
158,5,H,11.71313408,12.33174048,9.83946566,1,0.192716389894,-0.836686491966,-1.25127112865,-0.335481911898
158,6,O,14.29121732,9.93701676,10.51162181,-2,-0.424934029579,1.79796922207,0.512430787086,0.80184584856
158,7,H,12.39312651,13.24295324,13.01931922,1,0.238803103566,0.39803430438,0.540082633495,0.287279874086
158,8,O,15.70761575,9.14899363,12.79283285,-2,-0.52958470583,4.66922616959,5.77581501007,2.03575158119
158,9,O,12.48646203,12.65206347,13.78635823,-2,-0.403565585613,-2.22467494011,-0.776786565781,0.343219101429
158,10,H,9.17427498,13.84785071,13.42750718,1,0.238166436553,-0.319515258074,0.277479469776,0.353575855494
158,11,H,13.58759851,11.71833066,10.87061145,1,0.173383265734,-0.138545274734,-0.507389724255,-1.23100566864
158,12,O,10.8714236,14.58667298,10.85032506,-2,-0.468320995569,0.298353463411,-0.0490623749793,-0.0260618329048
158,13,H,14.11164057,11.84194898,12.44300117,1,0.2311219275,1.87721943855,0.491269618273,-0.187664955854
158,14,H,9.31256508,12.86428633,12.17635163,1,0.255896359682,2.27444124222,2.3339715004,3.23611402512
158,15,H,10.59128912,14.53246413,11.76257212,1,0.21147339046,-0.38275244832,0.691089868546,0.321432352066
158,16,H,15.51330991,10.23271196,13.04775076,1,0.171020314097,0.702636539936,-5.39099311829,-2.12626051903
158,17,H,11.55718713,12.59888063,14.18863516,1,0.235905364156,1.87619042397,0.350716948509,-0.856962144375
158,18,O,15.07307729,11.6000509,12.68476213,-2,-0.335743844509,-1.60970366001,1.78311502934,-1.60352277756
158,19,H,14.9762427,8.66346115,12.68112872,1,0.256042838097,-4.5497546196,-2.3591504097,-0.546277761459
158,20,H,14.8715095,11.31282917,13.5392553,1,0.242087855935,-0.474629700184,0.213623479009,3.21530508995
158,21,O,13.24182945,12.60919609,10.91309259,-2,-0.588408887386,-3.04438710213,0.302931666374,2.90808796883
158,22,O,9.88725675,13.43056959,12.94238295,-2,-0.350941568613,-2.5958275795,-3.1235537529,-2.81441450119
158,23,O,10.75401501,12.00312831,9.88380455,-2,-0.458305299282,0.330953299999,3.17892599106,3.57213664055
158,24,H,11.4995542,13.85349984,10.8607301,1,0.21037530899,1.09699726105,0.779730081558,-0.634151756763
158,25,H,12,12,12,1,0.186697691679,2.95352482796,-0.425788521767,-2.62939047813
158,26,H,15.24940308,9.73014646,10.47476157,1,0.221048742533,-0.509199500084,-0.522899329662,-0.947592735291
159,0,H,14.20513666,10.70143143,11.3094483,1,0.20695745945,0.223204940557,-1.83916652203,-2.22419691086
159,1,H,11.63744461,9.84260651,11.34039361,1,0.253347784281,0.767740249634,2.38582372665,2.46152830124
159,2,O,12.18865187,10.48531018,11.9590803,-2,-0.306291878223,-0.00659870356321,0.156062722206,-1.70967578888
159,3,H,10.61806973,12.84431865,10.68876251,1,0.211901813745,-1.07063770294,-1.36773133278,-1.81478178501
159,4,H,12.02088447,10.95775008,12.78327453,1,0.235065743327,-1.35011601448,-1.85344946384,1.30341887474
159,5,H,11.55633801,12.4965662,9.77780729,1,0.221285700798,6.31383228302,0.875185310841,-1.48782479763
159,6,O,14.21650433,10.20119626,10.41115943,-2,-0.461783289909,-1.99343109131,1.28865540028,2.33798193932
159,7,H,12.27672266,13.54973142,13.02085893,1,0.232133567333,1.23004329205,-0.146031290293,-0.460320800543
159,8,O,15.63886913,9.47352342,12.69837902,-2,-0.492034107447,-1.47402596474,-0.774820268154,1.10093951225
159,9,O,12.45332992,12.93284537,13.75870589,-2,-0.395919144154,-4.33037948608,0.417230427265,0.63729006052
159,10,H,9.08504211,13.99869499,13.47683361,1,0.244014278054,1.7102432251,0.27594384551,-0.319159269333
159,11,H,13.51700434,12.00003161,10.84227986,1,0.167600721121,0.0741902962327,-0.0120608694851,-1.15014648438
159,12,O,10.7886794,14.8448079,10.79193763,-2,-0.479965925217,1.50512421131,-1.62496626377,-0.0705454647541
159,13,H,14.18973466,12.13441932,12.56397405,1,0.224840119481,-9.2697763443,4.2466340065,-3.13515639305
159,14,H,9.3561474,13.23443161,12.37251119,1,0.260972350836,-3.21344232559,-4.17143535614,-4.81537914276
159,15,H,10.6440354,14.84564843,11.71938823,1,0.211775124073,-1.19442439079,1.63469076157,1.40854334831
159,16,H,15.49388305,10.41312672,13.09191716,1,0.20104137063,0.216831356287,-3.45314192772,-1.64787518978
159,17,H,11.48350028,13.08707542,14.15582754,1,0.228658676147,3.08378601074,-0.891323745251,-0.657747089863
159,18,O,14.99649296,11.91878894,12.67006492,-2,-0.398493528366,8.44684696198,-1.46985661983,0.96451228857
159,19,H,14.80952958,8.85316352,12.69099898,1,0.243676006794,2.2107565403,2.36568546295,0.259667932987
159,20,H,14.75725038,11.52832026,13.47785899,1,0.237888857722,0.452801883221,-0.618081748486,3.13840413094
159,21,O,13.23508555,12.91487321,10.88708341,-2,-0.673805832863,-2.51741480827,-0.268196940422,2.17247509956
159,22,O,9.85134178,13.73940231,12.88103577,-2,-0.372276246548,0.806272923946,3.52133846283,6.03475284576
159,23,O,10.70726019,12.27095355,9.86904919,-2,-0.485355407,-5.70377206802,-0.718958318233,2.71228790283
159,24,H,11.3529469,14.03557224,10.95353959,1,0.202719241381,0.80376213789,1.57801580429,-1.82778358459
159,25,H,12,12,12,1,0.249828875065,1.99699497223,0.685933291912,-2.47864103317
159,26,H,15.13284466,10.22680059,10.27917559,1,0.232217654586,2.2815887928,-0.221977517009,-0.732567071915
160,0,O,12.79438501,8.75237069,14.39020721,-2,-0.30025935173,-4.76162481308,-5.64174079895,-2.40592765808
160,1,O,11.61372155,12.0971978,10.84928877,-2,-0.170176565647,-2.67217111588,2.07036399841,0.627087831497
160,2,H,10.47724316,11.93628532,14.39054805,1,0.226998835802,-0.0181065201759,-0.249487161636,0.761066317558
160,3,H,13.13051722,13.80031898,11.0119119,1,0.232129201293,4.71174430847,-2.69544816017,0.0443806797266
160,4,O,11.68094735,13.52546709,13.24371423,-2,-0.300504475832,-1.43063759804,1.13360607624,4.20512294769
160,5,H,10.07385133,14.2315753,11.78607151,1,0.255190432072,-4.55877590179,-0.50495839119,2.2615172863
160,6,H,13.7342284,11.82061736,14.27659015,1,0.242479607463,-1.85025072098,-2.35008406639,1.00397181511
160,7,H,12.94980005,9.62789557,14.64503664,1,0.186021432281,-0.492466270924,2.52326726913,-1.13131010532
160,8,O,13.08157115,9.77544962,11.7566903,-2,-0.40508928895,2.04150748253,0.58879673481,0.615000367165
160,9,H,13.88702159,9.87053276,11.21135504,1,0.230750113726,-0.47180172801,0.0412139520049,0.414313465357
160,10,O,14.78450796,7.92411116,15.73431123,-2,-0.436932086945,-0.529588878155,1.03901016712,-5.34889364243
160,11,O,6.83819912,14.18574108,13.41791699,-2,-0.539012908936,-1.51469779015,-0.314831316471,0.741259336472
160,12,H,13.80538954,12.34477348,11.15763067,1,0.229206234217,-2.24143767357,-7.41259717941,1.64538180828
160,13,H,8.70383575,13.3292078,11.8312987,1,0.25324934721,-0.190784454346,-0.380858719349,-0.657579302788
160,14,H,13.29869951,9.78258428,15.84700991,1,0.199586868286,3.33119297028,1.8185120821,5.84722137451
160,15,H,11.63828072,13.18643774,14.20014865,1,0.230038255453,0.982680857182,-0.654048323631,-1.94409096241
160,16,H,11.22311072,14.34758267,13.62221753,1,0.228790044785,0.317441254854,-0.495926082134,-1.85379302502
160,17,O,10.70149117,9.66079065,12.33492195,-2,-0.44348230958,1.79605257511,3.11942052841,2.45505952835
160,18,H,9.42634699,12.42304601,13.38468658,1,0.21066531539,1.25243341923,-2.21652388573,0.930896818638
160,19,H,11.36951613,10.49997355,12.52902612,1,0.234400361776,-2.78099560738,-3.7647330761,-0.30495595932
160,20,H,10.72441413,9.54951792,11.41430906,1,0.225326880813,-0.298860937357,-0.744977891445,-1.99110925198
160,21,H,12.84325717,14.5954397,12.99964417,1,0.192854806781,0.542824268341,0.289333581924,0.214441895485
160,22,O,14.03434491,10.07078764,16.6898505,-2,-0.535915493965,-2.37404990196,-2.60873174667,-4.87358093262
160,23,H,13.65446076,8.16218054,15.2058109,1,0.171180844307,2.7150053978,-1.47513222694,0.962231755257
160,24,H,13.23092034,11.90219234,9.18107936,1,0.244731277227,0.0749037712812,-3.88600826263,1.06452667713
160,25,H,14.64829783,9.25325217,16.23213431,1,0.107033796608,-0.625048696995,1.41685426235,1.92130994797
160,26,O,14.04164907,13.14354683,10.95665024,-2,-0.489386916161,-1.72119212151,10.3721885681,-1.78983604908
160,27,H,15.36127912,8.07834889,14.82732202,1,0.236751750112,-1.89002144337,-0.84897094965,3.48597240448
160,28,H,12.68160529,10.21890383,9.44477599,1,0.241763979197,0.821400403976,1.88721287251,-0.813526034355
160,29,O,13.34871627,10.93539305,9.61402487,-2,-0.41145080328,0.158223211765,1.79532766342,-2.06273770332
160,30,H,12.46358944,9.34293637,11.1978449,1,0.223522096872,-0.292691528797,-1.04829096794,-0.374563723803
160,31,H,13.29200404,16.14121842,12.960499,1,0.248120993376,0.0718951523304,-1.59081482887,-0.688389658928
160,32,H,12.50704237,11.60886095,15.41569174,1,0.238100245595,2.69858384132,-2.37284040451,-3.35708045959
160,33,O,9.93907441,11.5755226,13.6975086,-2,-0.430976331234,-1.89826321602,2.39572930336,-1.00659751892
160,34,H,10.98430918,11.32288191,10.68875872,1,0.249823451042,0.930455029011,1.53095304966,0.190102905035
160,35,H,11.75532785,8.46860078,13.9382707,1,0.275297343731,4.80398511887,1.66759848595,2.27801418304
160,36,H,11.22074396,13.06947821,10.14669583,1,0.299620866776,1.35061705112,-3.34840345383,2.3243496418
160,37,O,9.07373018,14.08684651,12.28635478,-2,-0.351329892874,5.53802585602,0.444089919329,-2.67382836342
160,38,H,6.4384955,14.03967255,14.36089522,1,0.249767154455,2.5110001564,0.336655437946,-2.86438655853
160,39,H,7.74083543,14.1882622,12.96211856,1,0.192231476307,-2.11888813972,0.474350959063,3.02147936821
160,40,O,13.00257403,11.11455098,14.53411951,-2,-0.313951283693,-0.966951489449,6.78063154221,1.84150123596
160,41,O,13.34671253,15.25152205,12.5105747,-2,-0.467911809683,0.177048683167,2.22618532181,0.142935395241
160,42,H,12,12,12,1,0.240746587515,-1.12771558762,0.654108762741,-2.85695743561
161,0,O,12.67679637,8.7135789,14.38452417,-2,-0.426165908575,-1.55613946915,-1.53630661964,-0.410811901093
161,1,O,11.49757164,12.01894368,10.86324277,-2,-0.186671674252,0.554988861084,7.67908763885,1.27618134022
161,2,H,10.34239782,11.79965857,14.49049335,1,0.230349227786,-1.22886157036,-1.1191624403,-1.02005577087
161,3,H,13.18832293,13.64823962,11.0429651,1,0.230216354132,-1.72330582142,2.21960902214,0.126219928265
161,4,O,11.54355306,13.43544655,13.32315456,-2,-0.318176180124,0.565315783024,-2.54493355751,5.31422328949
161,5,H,9.95728797,14.14533238,11.80107052,1,0.237121552229,-5.33618927002,-0.64378631115,2.65154361725
161,6,H,13.45707366,11.77118514,14.39640928,1,0.240397006273,1.7596988678,0.497526586056,-0.658495128155
161,7,H,12.68041154,9.64866721,14.70034449,1,0.172937482595,-0.240109220147,-1.08359122276,-1.59950482845
161,8,O,12.9133496,9.67851457,11.82278738,-2,-0.398529261351,7.16439771652,0.797537565231,0.652829289436
161,9,H,13.97081069,9.63731956,11.39104368,1,0.238933175802,-4.97426462173,0.12240485847,1.7204464674
161,10,O,14.62528959,7.84910076,15.8071331,-2,-0.339308381081,0.634450376034,0.782647669315,-2.10057997704
161,11,H,13.53019813,12.16066075,11.22611946,1,0.224089488387,1.19212591648,1.08951067924,-0.462039142847
161,12,H,8.58925158,13.15005724,11.92868457,1,0.240282833576,0.126358568668,1.17099821568,0.303068220615
161,13,H,12.90209472,9.72123592,16.07488053,1,0.207846671343,4.58523988724,1.04742956161,4.60909223557
161,14,H,11.60624588,12.97503151,14.35753818,1,0.234117493033,0.727870762348,1.02997517586,-4.50719118118
161,15,H,10.95685193,14.06500335,13.73624845,1,0.221819341183,-0.931093215942,1.57434856892,-0.852690935135
161,16,O,10.59640736,9.56323917,12.37499258,-2,-0.452686220407,-0.723231971264,-0.199342936277,0.626342892647
161,17,H,9.46515464,12.25016437,13.40253249,1,0.214574620128,-1.68674194813,3.37929415703,-1.38976836205
161,18,H,11.14246191,10.3191254,12.63328128,1,0.230787307024,-0.426481813192,-0.528688967228,0.246534302831
161,19,H,10.59998685,9.52817331,11.43245941,1,0.231408819556,-0.354159206152,-0.412864744663,-0.872475087643
161,20,H,12.80155776,14.42339021,12.86541764,1,0.213777452707,-0.213249489665,1.00178575516,1.1580965519
161,21,O,13.88960678,10.00546742,16.75993382,-2,-0.53954666853,-3.48601365089,-2.59778165817,-4.33439207077
161,22,H,13.79546532,8.02456877,15.28755436,1,0.201722458005,-0.478412091732,-0.93917798996,0.572098374367
161,23,H,12.96814996,11.73411722,9.40383276,1,0.241354063153,-0.165296643972,-0.513336598873,-0.633193552494
161,24,H,14.48398333,9.15645864,16.23341592,1,0.109941706061,-1.27785027027,1.79006540775,2.2269089222
161,25,O,13.89382907,13.06299039,11.0454094,-2,-0.481624305248,1.44971466064,-3.23822212219,0.383731424809
161,26,H,15.18180447,8.1366711,15.04464223,1,0.257971167564,0.512087523937,-0.810400664806,0.785116136074
161,27,H,12.5411775,10.12939648,9.57116869,1,0.243901014328,0.95201677084,1.88614630699,-0.706036865711
161,28,O,13.22376669,10.84534311,9.66422181,-2,-0.434320449829,0.486101269722,-1.58809161186,-0.891824960709
161,29,H,12.33527225,9.40600863,11.16585386,1,0.220223501325,-0.790690362453,-1.30609154701,-1.70332849026
161,30,H,13.14196808,16.10865383,12.88797178,1,0.257559299469,-0.563661515713,-0.259988963604,0.854661524296
161,31,H,12.41700471,11.55692456,15.46391211,1,0.237307429314,1.99170637131,-2.56172132492,-2.9491353035
161,32,O,9.80034005,11.47311439,13.72030532,-2,-0.433111697435,2.15536952019,-2.24179124832,3.05032992363
161,33,H,10.85135677,11.41539684,10.66163432,1,0.253176152706,-2.8342089653,-3.00448822975,-0.319646537304
161,34,H,11.8374503,8.4545079,13.9041484,1,0.245813369751,1.44928491116,0.735868930817,0.919029712677
161,35,H,11.02366729,13.039827,10.2728386,1,0.331329703331,2.01739430428,-3.77112460136,2.30677938461
161,36,O,8.89468648,13.99939022,12.34805963,-2,-0.423742085695,4.92942667007,-0.478839993477,-3.08703684807
161,37,O,12.86371353,11.06315281,14.57428832,-2,-0.301218181849,-3.624802351,4.5139837265,3.43244075775
161,38,O,13.19917267,15.2292618,12.52978915,-2,-0.502541840076,1.08273112774,0.0155748128891,-2.10209703445
161,39,H,12,12,12,1,0.268684118986,-1.72151732445,0.0459409207106,-2.61537098885
162,0,O,11.52267346,11.95566385,11.09225896,-2,-0.0974379181862,-5.16326713562,4.31191968918,-1.80712306499
162,1,H,10.29266919,11.62762806,14.72834804,1,0.249522283673,-0.0176052339375,-0.178585201502,0.929360568523
162,2,H,13.259279,13.61217575,11.27676677,1,0.230062827468,-2.5833594799,2.98254394531,-0.255160033703
162,3,O,11.54866303,13.33367444,13.62775839,-2,-0.323715269566,-1.91300582886,-0.247868850827,3.36778783798
162,4,O,12.90621104,9.58112268,12.09910188,-2,-0.4195702672,0.909230768681,-0.783203244209,-2.49742054939
162,5,H,13.88549766,9.40796733,11.86981372,1,0.238208904862,-2.42116498947,0.319916188717,0.0499267540872
162,6,H,13.42121074,11.95753006,11.48574268,1,0.2363422364,3.56255149841,4.61457872391,-0.807465612888
162,7,H,11.73373156,12.81711936,14.48431948,1,0.244572222233,0.555966675282,0.829414904118,-1.93024778366
162,8,H,10.75460082,13.84572426,14.02937845,1,0.2359636724,1.87821257114,-0.406202793121,-1.48165690899
162,9,O,10.62683312,9.46225861,12.62712288,-2,-0.487147480249,-4.62406206131,-5.86505413055,-5.07177829742
162,10,H,9.60719267,12.20885393,13.51839926,1,0.246675595641,-0.166667416692,-0.693339943886,0.31769785285
162,11,H,11.04841556,10.14324054,12.9650997,1,0.237090036273,3.09380960464,4.97801828384,2.42931818962
162,12,H,10.61871596,9.49154674,11.62145835,1,0.239131301641,-0.237513586879,-0.254285097122,2.41724586487
162,13,H,12.8492517,14.27398506,12.99278976,1,0.227613732219,0.390373706818,3.5150744915,0.847994089127
162,14,H,12.84209766,11.56240044,9.81145846,1,0.231545582414,-0.789665281773,2.32752203941,-1.16165149212
162,15,O,13.89182179,12.97259496,11.34312136,-2,-0.494464993477,0.652871668339,-7.60581588745,1.13364732265
162,16,H,12.55740377,10.08007858,9.87732068,1,0.242180868983,-0.00138625502586,0.0250834673643,-0.814922511578
162,17,O,13.23924471,10.74724109,9.91704366,-2,-0.443603873253,2.1139216423,-2.48756170273,-0.815226554871
162,18,H,12.3038645,9.38418187,11.2448773,1,0.236347973347,3.1554915905,-0.108072146773,3.67678713799
162,19,H,13.05499264,16.06639998,13.07413292,1,0.255490064621,-0.915786266327,0.363568514585,1.24777328968
162,20,O,9.80437766,11.36149038,13.95939875,-2,-0.44404065609,-0.678111791611,0.854915499687,-0.577485203743
162,21,H,10.72960442,11.35320452,10.8526984,1,0.281118929386,1.51406502724,0.475774735212,1.28907620907
162,22,H,11.0104277,12.96694857,10.7552488,1,0.329433441162,2.42980837822,-3.5426735878,1.68642175198
162,23,O,13.19525032,15.20116428,12.74506116,-2,-0.521690130234,0.703936457634,-3.19852781296,-2.0174369812
162,24,H,12,12,12,1,0.270370990038,-1.44864416122,-0.227141290903,-0.155461460352
163,0,O,11.59820914,11.92099329,11.27508655,-2,-0.167734861374,-10.8648366928,-1.1841417551,-10.4782943726
163,1,H,10.31822479,11.49144623,14.93533279,1,0.245873525739,0.782105147839,0.70224416256,2.04448747635
163,2,H,13.23231076,13.73472146,11.45831529,1,0.225606799126,3.0756084919,-3.61510562897,0.608228743076
163,3,O,11.6152747,13.24998571,13.90032717,-2,-0.39198166132,-5.35931396484,5.14671182632,-3.10286808014
163,4,H,11.53700362,14.55850825,10.68810006,1,0.221651434898,4.94517087936,1.09093523026,-1.20275485516
163,5,O,12.96124775,9.50211934,12.32829402,-2,-0.471594572067,-7.33463335037,2.73043346405,-0.533345222473
163,6,H,13.75461603,9.1825305,12.30726061,1,0.24888420105,7.51219320297,-2.96795463562,-0.747580647469
163,7,H,13.53852404,12.00134186,11.65707506,1,0.216979622841,0.915645241737,0.825891792774,-0.240952789783
163,8,H,11.94987976,12.68512707,14.48342821,1,0.254322767258,2.0346698761,-3.55522060394,4.24174070358
163,9,H,10.67139818,13.6436194,14.2453519,1,0.240910202265,3.9176595211,-1.16739344597,-1.05726897717
163,10,O,10.70899132,9.36750946,12.83034036,-2,-0.526070773602,-0.296761482954,1.40647149086,2.12121462822
163,11,H,9.80256026,12.17850105,13.59610953,1,0.245750799775,0.183423429728,-3.46225905418,2.14950418472
163,12,H,11.137571,10.19175385,13.33778822,1,0.239362925291,-1.77624034882,-2.89253115654,-2.23919057846
163,13,O,10.66337931,14.52836332,10.85260274,-2,-0.849537074566,-4.17186164856,-3.58368110657,1.9674731493
163,14,H,10.70675717,9.46850725,11.88645414,1,0.233175843954,0.0021328125149,0.215407520533,-0.232777446508
163,15,H,12.9312192,14.27753016,13.12026443,1,0.230163931847,-0.521518051624,1.96539485455,1.02721941471
163,16,H,12.76880354,11.52200628,10.13324008,1,0.216296583414,1.9569106102,-2.0356566906,-0.788685560226
163,17,O,13.95719415,12.87779113,11.60589401,-2,-0.501857757568,-2.59686946869,3.16970133781,-0.203004583716
163,18,H,12.6253632,10.00923258,10.10639524,1,0.228155910969,0.0125765502453,-0.232439413667,-0.919871985912
163,19,O,13.32376139,10.66158494,10.12625438,-2,-0.479589670897,-0.817119956017,2.04128479958,-1.24832475185
163,20,H,12.48990849,9.36388837,11.45221484,1,0.239737972617,1.86139321327,-0.337102711201,2.60009551048
163,21,H,12.94558016,16.06300583,13.30288417,1,0.245257213712,-0.0520955398679,-3.0934741497,-0.548590660095
163,22,O,9.87035178,11.26853827,14.15792767,-2,-0.45766684413,-1.76265907288,2.87063980103,-3.51804828644
163,23,H,10.68189582,11.2642766,11.07110768,1,0.331058502197,3.23552560806,2.23319792747,1.35962021351
163,24,H,11.11067564,12.90081732,11.26669,1,0.250940799713,-0.658388972282,2.14990329742,-1.40085947514
163,25,O,13.25955764,15.17999649,12.91034318,-2,-0.522878408432,0.791719019413,1.63248419762,-0.404134213924
163,26,H,12,12,12,1,0.254782617092,4.98556280136,-0.0537407025695,10.7469682693
164,0,O,11.48131591,11.92274698,11.01524494,-2,-0.167684018612,-3.81077551842,-0.868674516678,3.86227059364
164,1,H,10.21896476,11.44812507,14.7794241,1,0.244003817439,-0.939411699772,-0.265510976315,-1.01345670223
164,2,H,13.20634274,13.68392561,11.24883447,1,0.231642574072,2.45766162872,-3.24763226509,0.599364459515
164,3,O,11.50843348,13.21020765,13.74287119,-2,-0.383675307035,2.25890612602,-2.12140750885,0.407468765974
164,4,H,11.6538828,14.48639036,10.41132298,1,0.158579856157,-4.14896726608,0.688946843147,1.37805867195
164,5,O,12.81371901,15.53413058,9.35205199,-2,-0.430640101433,-2.53287816048,-4.74143075943,-2.97785258293
164,6,H,13.25168389,14.74998992,8.87020766,1,0.234703823924,0.444530189037,1.98421752453,1.00522863865
164,7,H,11.85757426,15.01915119,9.06458559,1,0.21765486896,2.20537376404,2.95093488693,1.51289486885
164,8,O,12.83612135,9.46290977,12.13882108,-2,-0.447833120823,6.57052135468,-1.10530292988,7.44669008255
164,9,H,13.71541578,8.88181125,12.27401374,1,0.23347607255,-2.96019601822,2.14273905754,-0.651126503944
164,10,H,13.51256663,12.04097116,11.38531092,1,0.218550950289,-2.51029992104,-6.28480482101,-1.0617389679
164,11,H,12.06614033,12.43727548,14.21632365,1,0.251872360706,-2.57688760757,2.86077284813,-0.960389018059
164,12,H,10.59941032,13.42560518,14.02900818,1,0.238375037909,1.02137768269,-0.303239822388,0.530994832516
164,13,O,10.62782325,9.31208816,12.6238584,-2,-0.532534122467,-0.728143215179,1.09533131123,4.20210981369
164,14,H,9.84606088,12.00774132,13.37908719,1,0.244407013059,-0.200831085443,-0.200357958674,0.0809434428811
164,15,H,10.97506769,10.14294713,13.18019558,1,0.229966729879,-1.58504283428,-2.99811601639,-2.27658176422
164,16,O,10.56782808,14.50955035,10.62456898,-2,-0.819681882858,4.50654602051,-2.50490117073,-0.0575134307146
164,17,H,10.6500038,9.48611988,11.72461379,1,0.239633888006,0.137872457504,0.490017801523,-2.26020789146
164,18,H,12.79594145,14.37702704,12.89098701,1,0.224494323134,-1.22737538815,-1.27066934109,1.16473436356
164,19,H,12.65652667,11.42107585,9.99914129,1,0.204264074564,1.54281973839,-1.27677106857,-0.963404655457
164,20,O,13.85261367,12.8313071,11.44962158,-2,-0.497216194868,1.04151082039,9.87816619873,0.588997423649
164,21,H,12.53756969,9.91859574,9.87081545,1,0.226259410381,1.18059885502,0.85588991642,-0.803115129471
164,22,O,13.24171717,10.61592046,9.91124717,-2,-0.473163753748,-1.80738699436,0.0338580980897,-0.927534461021
164,23,H,12.58701681,9.32930269,11.31880204,1,0.23077686131,-1.29579997063,-1.33332204819,-5.72135448456
164,24,H,12.63263815,15.96851365,13.14151666,1,0.235656946898,1.60827624798,-3.10498118401,-1.88099980354
164,25,O,9.76879408,11.21608183,13.92578318,-2,-0.443244725466,0.328192353249,0.678451776505,1.64500081539
164,26,H,10.55246907,11.23611076,10.92903936,1,0.311015129089,3.31245398521,2.77560567856,0.601477086544
164,27,H,11.06202529,12.85073591,11.30833199,1,0.240434542298,-0.976580917835,1.53790545464,-2.41068816185
164,28,O,13.16433117,15.19249843,12.64924049,-2,-0.493576139212,-0.239613518119,4.70029973984,0.858558654785
164,29,H,12,12,12,1,0.273481190205,-1.07645118237,-1.04601621628,-1.9188284874
165,0,O,11.4054946,11.99814542,10.80881418,-2,-0.171165794134,-3.59727931023,0.798318743706,4.27353286743
165,1,H,10.13144385,11.49952618,14.60235162,1,0.247186779976,-0.771883368492,-0.727952182293,-0.828360676765
165,2,H,13.33835727,13.53976668,11.09973398,1,0.23925191164,-5.5448179245,7.4966378212,-3.24562907219
165,3,O,11.46576349,13.23630359,13.62054529,-2,-0.418021351099,5.87962436676,-2.53160953522,-2.06681060791
165,4,H,13.50059289,11.62111144,14.62114957,1,0.250020563602,2.87471246719,0.923909008503,-1.05695796013
165,5,O,12.7818874,9.49229215,12.00878755,-2,-0.383073210716,5.0869269371,-3.85408258438,-1.49503993988
165,6,H,13.60083024,8.74683281,12.22505914,1,0.22083710134,-3.39651417732,3.35947704315,-0.697708964348
165,7,H,13.43639461,11.88867155,11.10974772,1,0.233100309968,2.56301784515,4.26342630386,0.651509046555
165,8,H,12.12633618,12.31717673,13.99023817,1,0.188907578588,-2.84743261337,2.15984582901,0.0639920756221
165,9,H,10.60637363,13.27295459,13.90792142,1,0.231394901872,-2.8828265667,0.169542849064,1.73179996014
165,10,O,10.59877748,9.33232871,12.4727172,-2,-0.491034835577,-2.88104915619,-5.04180431366,-5.3972659111
165,11,H,9.94369966,11.91454055,13.20421145,1,0.243536502123,0.728194892406,3.22796964645,-2.75319290161
165,12,H,10.77337695,10.03986689,12.96051616,1,0.218827486038,1.0088545084,4.47335767746,3.37015414238
165,13,H,10.66645773,9.58779821,11.51520235,1,0.242374494672,-0.227547764778,-0.883073210716,1.91326296329
165,14,H,12.64701256,14.46697041,12.76585819,1,0.211992368102,1.39621686935,0.544992268085,-0.67255628109
165,15,H,12.68349416,11.34863159,9.86881763,1,0.212725028396,-2.41754841805,3.51576137543,-0.474807977676
165,16,O,13.80516492,12.88260731,11.33658321,-2,-0.486303389072,4.00375366211,-12.0579614639,3.19187116623
165,17,H,12.55760984,9.90340206,9.63797293,1,0.242189079523,0.972942709923,0.957075297832,-0.785157442093
165,18,O,13.20866824,10.64224278,9.73333053,-2,-0.418220371008,1.9677901268,-4.64971876144,-1.5233836174
165,19,H,12.67564039,9.28527722,11.01009241,1,0.209868311882,0.687411785126,0.315243899822,3.12159705162
165,20,H,12.43625394,15.82160189,12.98781895,1,0.230002075434,2.15412282944,-0.0924385637045,-1.69163095951
165,21,H,12.78806261,11.16616222,15.79934742,1,0.255226820707,-1.20626807213,-0.518497526646,-4.49416065216
165,22,O,9.72221119,11.23381146,13.73928585,-2,-0.428732454777,-0.822517991066,-2.24247455597,4.24449825287
165,23,H,10.57778339,11.34569809,10.85143562,1,0.278102576733,2.03290438652,1.76212739944,-0.114830285311
165,24,H,11.05036798,12.85057615,11.27840148,1,0.261907935143,0.127253115177,-0.884126782417,-1.70948934555
165,25,O,12.71175957,11.13570435,14.65871278,-2,-0.277093797922,-1.05228066444,-0.00359074771404,5.25866365433
165,26,O,13.12171412,15.28612112,12.42713015,-2,-0.461742252111,-3.65913629532,-0.209147661924,2.52414608002
165,27,H,12,12,12,1,0.317935675383,-0.176625400782,-0.27120885253,-1.3380446434
166,0,O,11.36564189,12.10399971,10.67664744,-2,-0.228023290634,2.70616388321,3.29820489883,3.54056167603
166,1,H,10.04279697,11.58398702,14.44959171,1,0.249114915729,0.224767521024,-0.0660304576159,1.6709536314
166,2,H,13.28971978,13.68210175,10.88015889,1,0.22345264256,1.02832186222,-1.28572738171,0.3346760571
166,3,O,11.48958245,13.27989661,13.55061673,-2,-0.376191169024,-0.570309281349,-2.62263584137,-0.361519128084
166,4,H,13.58164816,11.612937,14.56228388,1,0.245513662696,0.714456319809,1.20709681511,-1.43541717529
166,5,O,12.78959018,9.53945247,11.93415651,-2,-0.373464137316,1.21157121658,-0.221615403891,-4.57275295258
166,6,H,15.6423569,10.06736347,15.20837341,1,0.260581582785,-0.445690453053,0.24343174696,-1.02306640148
166,7,H,13.34863312,8.82137972,12.15756497,1,0.228824138641,1.1431094408,-1.04764080048,1.5159971714
166,8,O,15.39588343,10.1127054,14.25642644,-2,-0.484420090914,0.0311526954174,0.0981496572495,0.614892184734
166,9,H,13.50696164,11.95862393,10.92634669,1,0.220974817872,2.20856189728,3.93613028526,1.20330715179
166,10,H,12.06654199,12.36674567,13.81772991,1,0.177379906178,-1.9625954628,2.64629125595,0.212806880474
166,11,H,10.54319217,13.1858635,13.92401518,1,0.225969836116,2.62633657455,0.81168448925,-0.475691854954
166,12,O,10.60513486,9.36932323,12.36913061,-2,-0.473412632942,-1.61137533188,-0.259391844273,-1.09221446514
166,13,H,10.101349,11.9884264,12.97629819,1,0.247129291296,-1.50107192993,-2.20703077316,1.78967535496
166,14,H,10.61951744,10.16072522,12.93210146,1,0.18802767992,-0.201707169414,-0.691855072975,-0.0053465180099
166,15,H,10.73434817,9.67802134,11.4529366,1,0.242334365845,-0.174444198608,-0.69743001461,0.959967792034
166,16,H,12.59088684,14.55997573,12.66845519,1,0.208542078733,2.86666488647,0.608268618584,-1.88226521015
166,17,H,12.65957299,11.46237761,9.787287,1,0.212978884578,0.298097372055,-1.09993612766,-1.27360320091
166,18,O,13.81191695,12.93451977,11.29070614,-2,-0.445379287004,-2.40528416634,-2.99226045609,-0.763274729252
166,19,H,14.62051886,10.67961838,14.12216273,1,0.252322673798,1.07086396217,-0.995102584362,0.0677213668823
166,20,H,12.64477647,9.94176749,9.43231215,1,0.245696634054,-0.155350416899,0.285798847675,-0.661052703857
166,21,O,13.22602488,10.68716329,9.6094342,-2,-0.410054594278,0.185524761677,0.525407969952,-0.470724970102
166,22,H,12.80163338,9.27035754,10.9009399,1,0.211297571659,-0.00512561947107,1.41349506378,3.68968653679
166,23,H,12.39316571,15.72830514,12.83888571,1,0.233603939414,0.307421147823,2.97784280777,-0.174039795995
166,24,H,12.86988472,11.07341461,15.51641942,1,0.247253328562,-1.92922782898,-0.459182649851,-0.0198604986072
166,25,O,9.71954927,11.27332929,13.62294887,-2,-0.378661602736,0.162923678756,2.5113067627,-2.63897371292
166,26,H,10.69666077,11.51995658,10.82156772,1,0.271520256996,-3.8608174324,-3.42685961723,-0.115736842155
166,27,H,11.06931365,12.87239285,11.20478631,1,0.259030014277,-0.310674071312,1.20318257809,-0.982544362545
166,28,O,12.68583078,11.27791537,14.56888868,-2,-0.270852416754,1.22950470448,-0.5919521451,1.71989166737
166,29,O,13.11264019,15.4062358,12.26950221,-2,-0.447912991047,-3.2945394516,-3.41122293472,2.18480968475
166,30,H,12,12,12,1,0.236824050546,0.412769794464,0.309581100941,-1.55686342716
167,0,O,12.66693235,8.89855881,14.0294125,-2,-0.461854696274,2.27088665962,-5.53873634338,-2.03653526306
167,1,O,11.30542899,12.23496474,10.54498638,-2,-0.279455393553,-0.745012104511,-1.27720224857,2.58476686478
167,2,H,9.9314883,11.70686338,14.36969067,1,0.2589623034,-0.308100491762,-0.853872299194,-0.164507985115
167,3,H,13.20354665,13.81638283,10.65133311,1,0.226486682892,3.19524431229,-3.53657746315,2.59036016464
167,4,O,11.49215067,13.33303252,13.47250677,-2,-0.353222638369,-5.79813814163,4.41282510757,-1.69699954987
167,5,H,13.65875184,11.69258684,14.47142433,1,0.232082083821,-3.65857601166,0.683729708195,-0.958085715771
167,6,H,12.10016767,9.60015812,14.09759061,1,0.231251716614,-2.28606987,2.06253862381,-0.594231128693
167,7,O,12.77723327,9.60794728,11.83649357,-2,-0.34098431468,0.263772010803,4.0328540802,-0.307327419519
167,8,H,15.47592853,10.29592177,15.09647875,1,0.252315402031,0.649359226227,-0.293387591839,1.41491436958
167,9,H,13.15315523,8.84178774,12.1104938,1,0.222244024277,3.26430511475,-2.66017889977,1.78050792217
167,10,O,15.33555662,10.22902601,14.16945057,-2,-0.45458817482,-0.845631957054,1.01270079613,-1.01769268513
167,11,H,13.64820101,12.24430898,10.80146078,1,0.225101113319,-0.177204608917,-5.04679298401,-3.13952159882
167,12,H,11.88864764,12.56482395,13.66040234,1,0.185387194157,3.2977437973,-4.65747594833,1.98399972916
167,13,H,10.56950085,13.19786954,13.91105233,1,0.231850430369,2.7241358757,1.47096204758,-1.04729986191
167,14,O,10.57892173,9.42307035,12.25714454,-2,-0.476389050484,-3.16282486916,1.56181025505,4.26275634766
167,15,H,10.41354136,9.74584402,9.46361641,1,0.265189707279,0.678288042545,-0.415576934814,-0.718972802162
167,16,H,10.16229025,11.99536321,12.82199175,1,0.260660767555,-2.01833367348,-1.90856695175,2.29372501373
167,17,H,10.42030478,10.31517611,12.9254398,1,0.136814922094,0.320978492498,-3.90819692612,-2.16823077202
167,18,H,10.7956424,9.75133079,11.43414213,1,0.228108242154,0.940810620785,0.575438737869,-2.36270189285
167,19,H,12.63760094,14.6695009,12.47374224,1,0.216684550047,2.43525481224,0.143552362919,-1.58585083485
167,20,H,12.60844637,11.56342775,9.66325657,1,0.200764745474,1.757853508,-3.11482858658,-1.37941932678
167,21,O,13.79043412,12.9954446,11.23738728,-2,-0.419620364904,-2.45543789864,8.39230823517,1.00118899345
167,22,H,14.65002637,10.91038897,14.03276094,1,0.238026037812,1.42795753479,-1.39301228523,-0.896056652069
167,23,H,11.19129832,8.53346118,8.98067657,1,0.269362509251,-0.252444535494,-1.4040927887,-0.357979655266
167,24,O,11.28960538,9.45962149,9.1216773,-2,-0.338844388723,-2.35597252846,0.272620618343,0.558629274368
167,25,H,12.67352965,10.01203728,9.20034209,1,0.175514861941,-0.0933496579528,0.861472606659,-0.209894478321
167,26,O,13.223005,10.75445536,9.47771465,-2,-0.465097129345,0.476307213306,3.15674567223,0.585619449615
167,27,H,12.87640964,9.33838272,10.9811917,1,0.229091703892,0.127609580755,0.537426829338,-4.97904777527
167,28,H,12.34861079,15.82459372,12.70185219,1,0.238358274102,0.341183006763,2.75099086761,-0.273746371269
167,29,H,12.87001603,10.94733934,15.26993963,1,0.231200233102,-1.38166689873,-0.985668540001,0.76049888134
167,30,O,9.69469316,11.33778694,13.49298231,-2,-0.299932718277,0.894184589386,3.26636075974,-1.19701850414
167,31,H,10.63520723,11.56059572,10.77464883,1,0.262693375349,-0.129520207644,0.15514215827,-0.837446808815
167,32,H,12.56997815,8.48854756,13.02927577,1,0.231990844011,-1.48970615864,1.25271320343,6.25246238708
167,33,H,11.04850886,12.98474076,11.0770371,1,0.246976822615,-0.458394259214,1.61521840096,-0.130296766758
167,34,O,12.63266358,11.43619536,14.47516207,-2,-0.301255881786,4.62884283066,0.834438204765,1.20846283436
167,35,O,13.06898567,15.5317699,12.11115529,-2,-0.451521337032,-2.84625911713,-2.75770807266,1.95466303825
167,36,H,12,12,12,1,0.145647615194,0.767925143242,0.700027048588,-1.1736907959
168,0,O,9.21590973,10.49492231,10.14543651,-2,-0.264213234186,-3.88742375374,-0.00862451456487,-5.75209283829
168,1,O,12.62383726,9.00112307,13.91591641,-2,-0.430002123117,-0.561347544193,-2.44642400742,-0.360707551241
168,2,O,11.21480827,12.37439896,10.44398944,-2,-0.3539275527,-2.06670355797,-2.1996319294,4.06791639328
168,3,H,9.30291472,10.05468543,10.94572971,1,0.232182130218,-0.870133817196,-2.34379315376,3.31874203682
168,4,H,9.78133501,11.81610966,14.32426064,1,0.261105000973,-0.478602707386,-1.40486526489,-2.29212880135
168,5,H,13.23435089,13.75351583,10.57457179,1,0.218354210258,1.68366587162,-1.12836134434,1.93824589252
168,6,O,11.45188613,13.41181119,13.41232169,-2,-0.398303329945,2.01360535622,1.3305658102,-3.59486842155
168,7,H,8.40038978,10.0571147,9.50545225,1,0.278111875057,3.37037086487,1.8888361454,3.08033776283
168,8,H,13.52352965,11.83175696,14.3962678,1,0.237492278218,-1.57978379726,0.87698662281,-0.538901746273
168,9,H,11.99605019,9.7465774,13.99575871,1,0.231197848916,0.271074950695,-1.39144027233,-1.26833713055
168,10,O,12.73580795,9.70243105,11.76276497,-2,-0.316516876221,3.37363362312,-3.85991740227,-0.104743920267
168,11,H,15.29558171,10.52450478,15.06833027,1,0.245903730392,0.802178144455,-0.94746029377,-0.315422981977
168,12,H,13.08319499,8.74259708,12.12762586,1,0.218226104975,0.309254765511,4.53645515442,-2.08117723465
168,13,O,15.24313719,10.3592977,14.10413182,-2,-0.447128504515,0.702223777771,-0.431182771921,1.92187678814
168,14,H,13.74884243,12.35478101,10.58058775,1,0.220711991191,0.788852632046,-0.519161462784,0.398248672485
168,15,H,11.83093981,12.56371244,13.61288194,1,0.164133220911,1.09358811378,-0.489849120378,0.762294709682
168,16,H,10.67683893,13.33615579,13.86491301,1,0.23267236352,-3.42537665367,0.829657137394,1.97034144402
168,17,O,10.51095212,9.49831874,12.18413164,-2,-0.446083039045,-2.78209090233,1.45421361923,0.479421257973
168,18,H,10.33677001,9.81404008,9.61342791,1,0.180999770761,2.82712006569,-0.319618523121,-2.59124422073
168,19,H,10.10616582,11.9455171,12.79408552,1,0.259496569633,1.3409883976,2.42984414101,-1.76032269001
168,20,H,10.2003022,10.28893039,12.83762353,1,0.13981705904,0.87736749649,-2.76874303818,-1.74413883686
168,21,H,10.88835567,9.84743588,11.35718758,1,0.224289372563,0.610998570919,-0.545519053936,1.32756006718
168,22,H,12.75460555,14.76516936,12.22812039,1,0.230400204659,0.463820695877,-0.706570506096,0.0657515972853
168,23,H,12.59025211,11.54204161,9.53329398,1,0.210380792618,-1.16472566128,0.700303673744,-0.250937759876
168,24,O,13.72986937,13.09645788,11.20805851,-2,-0.405390769243,-2.03707504272,1.23144841194,-1.99574589729
168,25,H,14.69694877,11.09344704,13.94074808,1,0.243949562311,-0.461563766003,1.064021945,-1.91376268864
168,26,H,11.25403687,8.67180138,8.81548761,1,0.254477769136,-0.231706723571,-0.585641801357,-0.235428154469
168,27,O,11.2785694,9.60181418,9.03049802,-2,-0.389186471701,-3.94737386703,-0.681165575981,1.62152254581
168,28,H,12.63271915,10.11666072,9.00043182,1,0.171478062868,0.339435070753,1.12573111057,0.187279120088
168,29,O,13.19114354,10.84569706,9.36984291,-2,-0.449282586575,2.79632973671,-0.518169283867,-0.33423808217
168,30,H,12.91296427,9.43091152,10.87596156,1,0.220758363605,0.267522096634,1.16128861904,-2.16682124138
168,31,H,12.27809165,16.09842284,12.6279083,1,0.23815779388,2.3998041153,-0.678923666477,-2.20590996742
168,32,H,12.77431371,10.80736758,15.12432547,1,0.242065280676,-1.49219679832,2.40505433083,-2.52401518822
168,33,O,9.64345761,11.42417342,13.38254258,-2,-0.30595189333,-2.16569852829,-0.0338378325105,4.90618228912
168,34,H,10.51547675,11.59882291,10.70431446,1,0.231225207448,1.72516667843,3.0830385685,-1.69961297512
168,35,H,12.46893052,8.50481573,12.96910701,1,0.235506415367,-1.68050265312,1.8832681179,5.87922143936
168,36,H,10.9751914,13.18935648,10.96422157,1,0.234649866819,0.016251809895,-0.770045757294,-0.790503203869
168,37,O,12.55818472,11.60302937,14.40577363,-2,-0.298075795174,3.46833539009,-3.92218136787,4.43042612076
168,38,O,12.98745116,15.65945198,11.98148771,-2,-0.47482213378,-2.94079756737,1.49563097954,2.33473014832
168,39,H,12,12,12,1,0.12114161253,0.231515526772,1.2047804594,-2.16903448105
169,0,O,9.15061807,10.60790062,10.11242959,-2,-0.313569188118,-1.18603026867,-1.74803996086,0.897118926048
169,1,O,12.57331153,9.09733139,13.86846709,-2,-0.434697985649,0.4861510396,4.54977893829,6.51090288162
169,2,O,11.11273384,12.50686994,10.41794381,-2,-0.368021547794,0.400170952082,0.233006641269,2.31578397751
169,3,H,9.39030112,10.20792597,11.05594436,1,0.217436611652,-1.97661316395,0.0574638433754,-1.83255982399
169,4,H,9.60711044,11.86029652,14.25112806,1,0.25661200285,-0.0103325620294,0.0525123029947,-0.350878745317
169,5,H,13.30701114,13.65509644,10.60442961,1,0.224944785237,-3.86784434319,6.13592243195,-5.79397964478
169,6,O,11.41196603,13.50058547,13.40403768,-2,-0.442812621593,0.790754377842,-2.29210686684,-1.10366272926
169,7,H,8.31150001,10.20168816,9.66127709,1,0.258032143116,2.29240512848,0.94207316637,1.72744441032
169,8,H,13.32775068,12.04468832,14.40100641,1,0.275184035301,4.5567650795,1.89052653313,-0.303335100412
169,9,H,11.90164102,9.86241763,13.91477153,1,0.240691274405,1.45696663857,-2.34842395782,-0.72758513689
169,10,O,12.69999126,9.79150667,11.75456675,-2,-0.321067690849,3.56251430511,-4.3745508194,-5.06596565247
169,11,H,12.99635509,8.84664373,12.07165782,1,0.22926299274,-0.447207152843,3.28094363213,-0.776234507561
169,12,H,13.842907,12.40894838,10.44275618,1,0.222041204572,0.0383275449276,2.17129969597,4.14152669907
169,13,H,15.16940221,11.34674348,10.20706982,1,0.233603984118,-0.341580748558,-1.30194830894,1.51782989502
169,14,H,11.84809653,12.4822334,13.65844351,1,0.13765218854,-1.82221376896,3.66472458839,-0.337321668863
169,15,H,10.62348322,13.56029899,13.94314629,1,0.225320398808,-0.100883066654,0.457239508629,0.200459972024
169,16,O,10.42802455,9.58265556,12.17942072,-2,-0.410056620836,1.00450837612,-3.39922356606,-4.62003278732
169,17,H,10.36922998,9.85770743,9.70505822,1,0.204445570707,2.14289617538,0.0690068528056,-3.47953772545
169,18,H,10.10251133,12.02335493,12.76125176,1,0.255252957344,0.800494670868,1.62880468369,-0.321766912937
169,19,H,10.00962272,10.15553097,12.74815388,1,0.183222308755,-1.36925876141,2.69215130806,2.15851020813
169,20,H,10.99769079,9.91442669,11.40703252,1,0.238003611565,-0.575190007687,-0.503715097904,2.6696999073
169,21,H,12.86689322,14.80624262,12.04281021,1,0.236037224531,-0.461661875248,1.67968952656,0.909828901291
169,22,H,12.49876434,11.56860505,9.50097008,1,0.210938662291,-1.3188201189,1.52246582508,0.308098912239
169,23,O,13.65831577,13.20803453,11.23791214,-2,-0.390780985355,3.22162032127,-8.0582113266,2.15835642815
169,24,H,11.25462304,8.82862731,8.70346459,1,0.255831241608,-0.34199899435,0.0280702412128,-0.0358769372106
169,25,O,11.24944997,9.74723691,9.00641216,-2,-0.371607512236,-3.88020920753,-1.69914269447,1.99511063099
169,26,O,15.06404126,11.10213472,11.16989202,-2,-0.451533854008,-0.318090438843,-1.43612790108,-0.264668673277
169,27,H,12.56889254,10.25891856,8.9071674,1,0.165086761117,0.732730865479,0.708337903023,0.0429593995214
169,28,O,13.16123742,10.93964064,9.32267251,-2,-0.411979138851,2.38142895699,-0.759677529335,-0.828097462654
169,29,H,12.92676281,9.54724454,10.72575013,1,0.231369122863,-1.01936614513,1.99340188503,2.59197163582
169,30,H,12.27476505,16.36727076,12.59540763,1,0.244290664792,2.27307081223,-2.99286270142,-2.36614441872
169,31,H,12.60910462,10.80350711,14.98133569,1,0.280108511448,-0.658545732498,3.83607339859,-2.31852269173
169,32,O,9.58182854,11.51232373,13.34928355,-2,-0.376843035221,-1.81720709801,-0.919797122478,1.49261248112
169,33,H,10.48790926,11.79194915,10.6322724,1,0.226850196719,-0.581928730011,1.03910803795,-0.70075160265
169,34,H,12.24635229,8.58490834,13.23361372,1,0.242740660906,-2.91346859932,-3.54737043381,-2.96199297905
169,35,H,10.88364153,13.36050843,10.88956778,1,0.242378085852,0.108928628266,-1.34078764915,-0.599021852016
169,36,O,12.48100521,11.75421871,14.41000535,-2,-0.261936247349,-1.72464692593,-7.21986865997,4.3046002388
169,37,O,12.89270521,15.79079409,11.92381805,-2,-0.493363708258,-1.90756213665,1.45091629028,1.69352567196
169,38,H,14.31301735,10.41238117,11.32290658,1,0.216336622834,2.16885447502,2.22358393669,-1.00751888752
169,39,H,12,12,12,1,0.0945962071419,0.222070395947,1.63475656509,-1.84088754654
170,0,O,12.81189978,12.20830275,11.49087257,-2,-0.3823158741,0.328902482986,0.0569356717169,0.575334191322
170,1,O,11.18711132,13.17406167,14.08229002,-2,-0.437775939703,-4.00198698044,-1.49761843681,0.95652204752
170,2,H,12.09020701,13.33503987,14.07287668,1,0.249278381467,2.43910217285,1.35096549988,0.681398391724
170,3,H,15.32964747,13.47175917,10.61299469,1,0.321604192257,-0.715950548649,-0.386204689741,0.348112404346
170,4,O,14.24055557,10.42777109,12.69565548,-2,-0.378093451262,-2.76186680794,-4.05753469467,-1.98844826221
170,5,O,9.2930362,13.39282157,12.09091174,-2,-0.477065145969,3.24181747437,-0.509345889091,3.26443338394
170,6,O,13.66293046,11.8631762,9.1940456,-2,-0.508893251419,2.02521967888,0.30165708065,-1.61626720428
170,7,H,9.71019159,13.66641824,12.94054128,1,0.234640926123,-0.0881714299321,-0.262199789286,-0.759022951126
170,8,O,12.00746049,14.5281127,9.77958713,-2,-0.474490553141,-2.03625440598,4.56064891815,-0.472177565098
170,9,H,12.94075579,11.68059495,9.77690715,1,0.245403200388,-1.12768363953,0.237104862928,-0.32264405489
170,10,H,10.0719929,10.65484164,11.91726286,1,0.24542221427,2.2827694416,-0.0888103991747,2.13649654388
170,11,H,14.12957052,12.99712183,11.67549739,1,0.233237445354,-5.74363994598,-3.75461554527,-0.367067009211
170,12,H,10.22474279,12.18515678,9.7581316,1,0.248734682798,-0.332559227943,-0.0339943543077,-1.41750144958
170,13,O,10.39600652,12.85182092,10.42100192,-2,-0.379836857319,0.873574912548,-3.82314825058,-1.12013876438
170,14,H,8.4650986,13.70390574,12.16640366,1,0.243120536208,-4.93595600128,1.70263111591,0.243636548519
170,15,O,11.01089686,10.50934529,12.31867291,-2,-0.436910331249,-1.8209028244,0.154849305749,-2.0993719101
170,16,H,14.76459186,9.82413865,12.14455123,1,0.265084445477,-0.15670709312,0.0874130725861,0.141019418836
170,17,O,14.78524586,13.55629613,11.44412001,-2,-0.127523839474,7.09110212326,4.08280658722,-1.02696585655
170,18,H,12.31087727,10.65056604,15.92147195,1,0.141742035747,1.24465858936,1.20786046982,3.68990254402
170,19,H,12.85614662,11.26893432,14.38536127,1,0.270832061768,-2.31786775589,-4.00997400284,0.851829171181
170,20,H,13.43009683,12.12575455,8.27610772,1,0.25590261817,-0.339844286442,-0.397740125656,1.31915700436
170,21,H,13.55794723,11.67827187,11.84848454,1,0.201103031635,-1.74016523361,-1.5455878973,-0.119052305818
170,22,H,10.5909327,12.1886962,11.13719795,1,0.235892921686,-0.560571908951,1.67563426495,-0.629776418209
170,23,O,12.80206531,14.54203885,12.56394066,-2,-0.483177095652,-0.567634940147,-1.24693250656,0.269639462233
170,24,H,15.26032247,13.63537387,12.29291118,1,0.303956270218,1.07006335258,0.580357074738,-0.584681689739
170,25,H,13.01700465,10.06494938,17.19652112,1,0.235605120659,0.0269572064281,0.621888816357,0.428170531988
170,26,H,11.29278319,11.02081289,13.10761986,1,0.222870454192,-1.78792631626,-0.574975073338,0.174640476704
170,27,H,12.53654515,13.77417711,11.95944888,1,0.201784685254,0.0502595454454,2.31850171089,0.764058589935
170,28,O,12.16310908,10.43038859,14.57827361,-2,-0.321202337742,3.87683963776,-1.09456813335,-2.10785150528
170,29,O,12.74518817,10.9583247,16.92022423,-2,-0.559095263481,-1.02345573902,-1.5654437542,-2.59647607803
170,30,H,12.63396271,9.41006552,14.3711784,1,0.269766658545,-1.65694212914,4.78868436813,0.586860954762
170,31,H,11.41356986,15.50029068,9.78898321,1,0.215329647064,2.63178777695,-4.47665500641,-0.0228962488472
170,32,H,12,12,12,1,0.221991464496,0.691499888897,-0.607365429401,-0.288948059082
170,33,H,11.31131782,13.8128839,9.85477384,1,0.158094644547,0.776935875416,1.12891769409,0.0936903581023
170,34,H,14.77643168,11.07276778,12.96413908,1,0.270274579525,4.09102201462,3.53635716438,2.23330330849
170,35,H,13.72951754,14.62534411,12.39448702,1,0.218018382788,-0.468496501446,1.31856179237,0.0719965919852
170,36,H,10.76378543,13.05785075,14.98069274,1,0.256689429283,1.44207167625,0.22093988955,-1.29091536999
171,0,O,12.86125575,12.4193186,11.57747903,-2,-0.351849496365,2.33534193039,-0.939228057861,4.18167448044
171,1,O,11.26956601,13.4197142,14.18516951,-2,-0.440590322018,3.06739807129,-0.304807215929,-1.22108304501
171,2,H,12.33550487,13.60146699,14.00103687,1,0.241314813495,-4.29289960861,0.166177928448,1.67666089535
171,3,H,15.51602429,13.89372916,10.9041809,1,0.286582708359,0.821427702904,-0.533134222031,-2.79935574532
171,4,O,14.33805722,10.63521738,12.79637769,-2,-0.35413774848,-2.13842391968,8.2056722641,5.3104467392
171,5,O,9.37044155,13.64722523,12.20290255,-2,-0.491117537022,-3.04523301125,-0.109554633498,1.42037189007
171,6,O,13.72259104,12.10220944,9.30890873,-2,-0.499735832214,-4.47092437744,-1.30225026608,2.28865194321
171,7,H,10.04498216,13.9345607,12.78539858,1,0.24167984724,0.470590263605,1.0793582201,1.58391177654
171,8,O,12.06659001,14.72936228,9.88311681,-2,-0.518442988396,3.33247065544,-3.04919528961,-0.904023766518
171,9,H,12.79696256,11.90224233,10.0124065,1,0.232679829001,4.68911409378,1.02029001713,-3.44500494003
171,10,H,10.14764113,10.8283901,12.15293146,1,0.243562027812,2.00963759422,-0.295488893986,0.838486075401
171,11,H,14.00609602,13.11530594,11.82419551,1,0.245815604925,-0.00144256651402,1.37469887733,-2.46041107178
171,12,H,10.36625782,12.57085451,9.7709868,1,0.247349321842,0.154407218099,0.281541794538,0.218753442168
171,13,O,10.43622688,13.10323174,10.59099579,-2,-0.398198902607,1.40586173534,-3.20989584923,-2.82913732529
171,14,H,8.52664242,14.09155489,12.31236977,1,0.245717868209,0.248204857111,0.306234896183,0.656756520271
171,15,O,11.12264629,10.74571903,12.45045098,-2,-0.374155044556,-2.29570364952,1.03756558895,-1.14190137386
171,16,H,14.73689179,10.00259106,12.36888682,1,0.259603083134,3.90042877197,-5.35992956161,-4.0002784729
171,17,O,14.85923292,13.82296518,11.56247644,-2,-0.192455589771,0.801517009735,-0.0672094076872,2.88544201851
171,18,H,12.14061699,10.78530415,15.89057813,1,0.188722282648,2.30272507668,1.24130058289,3.92304515839
171,19,H,13.04764857,11.36232388,14.58384259,1,0.266265779734,-2.94682788849,-2.14670777321,1.19453120232
171,20,H,13.25076945,12.0711354,8.46237528,1,0.225334390998,0.597143292427,0.147428363562,-0.121085345745
171,21,H,13.73575924,12.07643822,12.247063,1,0.251298934221,-4.48325109482,-1.61637878418,-2.39691829681
171,22,H,10.67517823,12.4716181,11.29464455,1,0.246172532439,-1.16170871258,0.525068938732,-0.980606257915
171,23,O,12.88363043,14.77849049,12.65543204,-2,-0.45745319128,0.396608233452,1.19338595867,2.40364813805
171,24,H,15.39340834,14.0007145,12.36010103,1,0.286484360695,-0.220952913165,0.117883488536,0.117163166404
171,25,H,13.22146234,10.36277944,17.2239109,1,0.212469726801,-0.458287596703,1.23089468479,0.145530223846
171,26,H,11.19281991,11.34910958,13.21480487,1,0.2267126441,-0.701813697815,-0.572094559669,0.717032313347
171,27,H,12.64834264,14.03618104,12.13580088,1,0.204051181674,-0.997577190399,-0.322831571102,-1.33069527149
171,28,O,12.24349201,10.66139121,14.73210677,-2,-0.232881188393,5.34373521805,-1.70678663254,-3.67705774307
171,29,O,12.7926691,11.23597889,17.0122271,-2,-0.675389826298,-1.0919097662,-2.20812797546,-2.43484401703
171,30,H,12.8739418,9.75993811,14.43287125,1,0.281174093485,-3.00478005409,3.38173937798,1.45286440849
171,31,H,11.53776605,15.4233054,10.08226629,1,0.244927212596,-2.52893543243,3.52320718765,0.845680832863
171,32,H,12,12,12,1,0.202399745584,1.9751932621,-0.215277418494,-0.432570934296
171,33,H,11.60537287,13.95878269,10.29916305,1,0.168720826507,0.225134417415,0.899783432484,-0.733270049095
171,34,H,14.99183555,11.36621569,13.10142903,1,0.26722329855,-0.702298998833,-2.97854781151,-0.499230980873
171,35,H,13.80199283,14.94488309,12.46424815,1,0.223810136318,-0.643574297428,0.977827429771,-0.170049965382
171,36,H,10.93438447,13.27330353,15.08961667,1,0.24633538723,1.10960483551,0.227387756109,-0.283125966787
172,0,O,12.7901031,12.64438264,11.70027705,-2,-0.340153545141,3.04833126068,0.0594862997532,5.02388048172
172,1,O,11.23740726,13.68246279,14.30741894,-2,-0.453659892082,2.78664755821,-0.0325016751885,-2.24153852463
172,2,H,12.24585654,13.87187918,14.04849545,1,0.246549889445,-3.28442955017,-0.0714068561792,1.80285799503
172,3,H,15.66183875,14.27913989,11.08146536,1,0.261542797089,-3.33825755119,-1.24105703831,0.204093173146
172,4,O,14.30147489,10.88070973,12.93292134,-2,-0.368929803371,3.71822452545,0.183278352022,-0.519040644169
172,5,O,9.32002341,13.92188966,12.34242746,-2,-0.493050396442,-3.17920589447,3.388931036,4.48280954361
172,6,H,11.35043776,8.33355257,11.34469729,1,0.128175377846,2.18089962006,-1.97757720947,0.302829802036
172,7,O,13.68750341,8.4437129,14.11240256,-2,-0.566555380821,-0.675222992897,-0.417967617512,0.714549958706
172,8,O,13.63987213,12.3549022,9.45188035,-2,-0.486679077148,-6.27629327774,-2.16118645668,-0.706358134747
172,9,H,10.23526575,14.24267664,12.71670892,1,0.244001880288,-3.65756678581,0.0668065473437,-0.232857227325
172,10,O,12.00843492,14.93459924,10.00978782,-2,-0.509581804276,0.574571728706,-1.62944614887,2.25433492661
172,11,H,12.7653383,12.18438675,10.1080194,1,0.207186385989,4.10210466385,0.734617233276,-2.36626219749
172,12,H,10.18630694,11.0141566,12.46661336,1,0.235636979342,-2.69064307213,-0.918831110001,-1.89954197407
172,13,H,13.79237521,13.31562425,11.88334425,1,0.221148207784,-0.357147693634,0.136198952794,-2.32932901382
172,14,H,10.41079939,12.97867768,9.8742799,1,0.235288336873,0.523378551006,-0.304675787687,0.952920496464
172,15,O,11.89380388,8.14729031,12.53269753,-2,-0.592602074146,-1.07299733162,0.466987729073,-0.339942157269
172,16,O,10.35494669,13.36278822,10.77223034,-2,-0.468042910099,0.86567658186,0.394129782915,-5.41815900803
172,17,H,10.87877786,9.89318946,10.01141943,1,0.190726101398,0.90007597208,-1.27689790726,-0.730886220932
172,18,H,8.44302773,14.51447811,12.53707572,1,0.220507591963,3.8154270649,-1.71732890606,0.0539278462529
172,19,H,10.32456797,8.90068952,10.78136889,1,0.220231711864,0.662962555885,-2.75629711151,-2.22757339478
172,20,O,10.63011446,10.79793196,9.81514335,-2,-0.447701215744,-1.12176275253,2.16022586823,-0.997366070747
172,21,O,11.10256819,11.00118082,12.6020026,-2,-0.332152724266,1.05900120735,2.74813652039,2.79819631577
172,22,H,14.74834011,10.00039418,12.43408111,1,0.241927459836,-1.67530679703,3.80797958374,1.85899400711
172,23,O,14.8065627,14.10517096,11.7179317,-2,-0.2364372015,6.00844717026,1.34931910038,-0.717464923859
172,24,H,12.97424375,12.02781968,8.70020457,1,0.204208225012,2.85089421272,1.01897633076,1.2665207386
172,25,H,13.57658512,12.36218072,12.57823495,1,0.283912241459,-3.22156858444,-1.91290354729,-2.32019376755
172,26,H,10.57749311,12.77637549,11.43863557,1,0.235815390944,-0.151608198881,-2.41333603859,0.837844014168
172,27,O,12.83834152,15.03479792,12.77786451,-2,-0.457474827766,0.521412551403,1.83002090454,2.39935016632
172,28,H,15.40859716,14.34694023,12.47577702,1,0.252763986588,-1.56009221077,-0.572436869144,0.310899674892
172,29,H,9.94415159,10.77429014,9.11093119,1,0.239226326346,0.806368649006,-0.281289845705,0.714771807194
172,30,H,10.91693333,11.64967679,13.37763058,1,0.230106055737,1.53688979149,-1.1025904417,-0.52456253767
172,31,H,12.58845099,14.28887465,12.26900553,1,0.209057047963,-0.402958333492,-0.403803169727,-1.1956499815
172,32,O,11.01223368,8.24993613,10.28720614,-2,-0.513980269432,-2.98783183098,3.42194628716,2.40224766731
172,33,H,14.50920116,8.61611888,13.71791724,1,0.238475948572,1.81101500988,0.0973307192326,-0.217090323567
172,34,H,13.07621855,8.26983503,13.30809742,1,0.15267701447,-0.771192610264,0.0372426956892,0.460954993963
172,35,H,11.42426132,15.5338104,10.46656961,1,0.221962079406,-0.443035066128,1.10163903236,-0.318462342024
172,36,H,12,12,12,1,0.199803605676,0.536840677261,-0.441635966301,0.341323554516
172,37,H,11.18704122,8.4033579,13.14734162,1,0.239574074745,0.497731477022,-0.20209941268,-0.0441980622709
172,38,H,11.79366137,14.17312962,10.71768609,1,0.198410540819,0.462272763252,1.92338383198,-3.34539103508
172,39,H,15.0577783,11.54156555,13.25109441,1,0.238062426448,-1.64434397221,-3.07817006111,-1.01661729813
172,40,H,13.73716217,15.3243754,12.5583439,1,0.229668945074,-1.28406572342,-0.0111142024398,-0.335702061653
172,41,H,11.02774804,13.51268779,15.2148993,1,0.240354388952,0.526354908943,-0.00208219327033,0.860879719257
173,0,O,12.66644757,12.87474598,11.8296013,-2,-0.284922778606,2.3750641346,-1.61390566826,5.77833080292
173,1,H,15.64865732,14.5843514,11.25680972,1,0.261975556612,-4.50542259216,-1.31728744507,0.612315297127
173,2,O,14.21237519,11.1332385,13.05876252,-2,-0.383674740791,-0.221613779664,-4.95410299301,-2.52583312988
173,3,O,13.47642764,12.60790438,9.57917337,-2,-0.472770690918,4.34808444977,-1.65607869625,-9.47767353058
173,4,O,11.89236884,15.13414732,10.13699501,-2,-0.443187177181,-2.30025696754,2.32116413116,5.27398586273
173,5,H,12.85961304,12.51666099,10.12948877,1,0.214256480336,-6.7627120018,0.0566265806556,8.43868350983
173,6,H,10.04496702,11.16291615,12.6884068,1,0.239098891616,0.411042481661,-1.6196962595,-2.16653800011
173,7,H,13.5776698,13.56157412,11.82864986,1,0.214341789484,0.1825299263,-0.610850691795,-1.22573983669
173,8,H,10.44055087,13.37383528,10.04371519,1,0.248395144939,0.434072285891,-0.673039615154,-0.549622416496
173,9,O,10.21690005,13.62839473,10.92370023,-2,-0.489034235477,-1.59612870216,0.245763808489,2.3982322216
173,10,H,10.79236138,10.15175127,10.05943705,1,0.26341933012,0.980725705624,-3.52684617043,0.33332040906
173,11,O,10.52682658,11.0087698,9.93859608,-2,-0.428667157888,-1.88069272041,3.31417107582,-1.1933965683
173,12,O,11.02396679,11.27062966,12.7508068,-2,-0.272965401411,-3.38811683655,2.19878411293,3.39331507683
173,13,H,14.61899191,10.19934506,12.56147641,1,0.255252093077,-1.93895936012,4.10188436508,2.05512619019
173,14,O,14.70622867,14.39616328,11.86621496,-2,-0.263761103153,6.32038879395,0.882614135742,-3.42952942848
173,15,O,14.84127331,15.39760163,14.41249691,-2,-0.440511107445,-0.540803015232,-0.440437495708,-1.2682248354
173,16,H,12.79445091,12.05638374,9.00082531,1,0.226071804762,2.86354517937,1.30707883835,-0.403250902891
173,17,H,13.20445746,12.53889638,12.78473699,1,0.267578244209,-1.85203778744,0.299076974392,-3.17259907722
173,18,H,10.39857364,12.97578037,11.61545499,1,0.239820405841,-0.290294200182,-0.00443662703037,-1.37661802769
173,19,O,12.73232971,15.30360476,12.89769767,-2,-0.495521813631,-1.52467036247,-0.638586163521,0.300384521484
173,20,H,15.3043556,14.61124083,12.58960377,1,0.222648382187,-1.19297289848,-0.981291115284,1.52719449997
173,21,H,15.40573888,15.48881873,15.15195463,1,0.254879266024,1.05658781528,0.277295649052,1.36363458633
173,22,H,9.74814375,10.97747097,9.32834446,1,0.254779338837,1.01965212822,-0.0177384819835,0.727707982063
173,23,H,10.64316208,11.90327568,13.50930021,1,0.252056121826,3.02416038513,-0.905611097813,-0.953349173069
173,24,H,12.44927398,14.52785318,12.33708563,1,0.206016585231,0.665385663509,2.35929703712,1.5100632906
173,25,H,11.20369443,15.77778604,10.83449168,1,0.201091915369,2.91756057739,-2.30034828186,-3.77305078506
173,26,H,12,12,12,1,0.210319072008,0.151029840112,1.02509605885,-0.4197884202
173,27,H,11.9571874,14.50238143,10.94341921,1,0.200568005443,-0.181499898434,1.35998737812,-3.28204584122
173,28,H,14.97998421,11.55839018,13.34027713,1,0.260246604681,2.36522507668,0.99244171381,0.949939131737
173,29,H,13.57281092,15.69760495,12.62629942,1,0.23027664423,-1.15245425701,-0.396235764027,-0.349791765213
173,30,H,15.38803102,15.58165119,13.64072074,1,0.251924663782,0.213581621647,0.915211319923,0.904817998409
174,0,O,12.56498096,13.09310039,11.98067041,-2,-0.223780632019,2.11567664146,0.483995229006,3.58750295639
174,1,H,14.30583111,9.44694577,9.86590119,1,0.246021419764,-2.44348120689,0.974388957024,-0.294071644545
174,2,H,6.83429055,10.66812488,10.29484916,1,0.181177780032,-0.251139909029,0.586738169193,-0.647702276707
174,3,O,14.13509227,11.36198276,13.18165105,-2,-0.432327896357,-0.406724095345,3.01783561707,2.0508878231
174,4,H,8.39782962,8.366899,11.87819184,1,0.272199422121,-0.201324015856,-0.402014732361,-0.107271939516
174,5,O,13.33320711,12.845624,9.68420607,-2,-0.518994092941,-1.92158412933,0.465686440468,2.20497250557
174,6,O,11.7825446,15.32910873,10.28917822,-2,-0.4555516541,-2.73066401482,5.16341257095,1.25205039978
174,7,H,12.73466784,12.85265984,10.50370843,1,0.179399907589,1.89080655575,0.133987873793,-3.39498758316
174,8,H,9.91983509,11.23562064,12.80615667,1,0.236140757799,3.6528301239,-0.498356282711,-1.54342293739
174,9,H,13.42245553,13.75166702,11.73745719,1,0.285653531551,-1.75819158554,-2.572722435,0.383184015751
174,10,H,10.54580725,13.70476685,10.21859664,1,0.235731691122,-0.321834504604,-0.495457053185,0.850801885128
174,11,O,10.09822803,13.8793607,11.068792,-2,-0.507999777794,-0.932593464851,-1.37249898911,2.0436565876
174,12,H,10.79416347,10.14113382,10.15784051,1,0.0932628214359,-0.696723103523,-0.695298016071,0.441719144583
174,13,H,8.46996373,9.88666704,11.0338904,1,0.204835116863,-1.27582609653,-0.283279031515,-2.77515625954
174,14,O,5.91995578,11.0623444,10.25623427,-2,-0.578728199005,1.65449488163,2.97152209282,-0.396333366632
174,15,H,10.02654781,8.91351359,10.85093702,1,0.187733784318,-1.6524283886,-0.262849718332,0.69595181942
174,16,O,10.43300949,11.22564337,10.06030893,-2,-0.491706609726,1.96750497818,0.318358957767,0.81715118885
174,17,O,10.95177966,11.53625369,12.91296844,-2,-0.299061477184,-5.10138177872,0.159514129162,1.39845514297
174,18,H,14.38638602,10.60100436,12.77640362,1,0.263037860394,0.0444854199886,-4.07744026184,-2.55272126198
174,19,H,12.79744867,12.15305455,9.30616713,1,0.221897929907,0.359963417053,-0.66093313694,-1.39060854912
174,20,H,12.79145237,12.68074848,12.87795683,1,0.256005465984,0.868304550648,1.37715709209,-0.699799776077
174,21,H,10.20915285,13.1338022,11.73998684,1,0.226001411676,-0.207962840796,1.31694376469,-2.50922679901
174,22,O,12.6372179,15.56292775,13.02406501,-2,-0.492142349482,0.0115472450852,0.28443017602,1.11622917652
174,23,H,9.62327949,11.20169376,9.58787697,1,0.221966221929,-0.49426099658,0.570705711842,-0.692655205727
174,24,H,8.72907293,9.33983841,12.97220154,1,0.273270219564,-0.980604887009,0.771485209465,5.19980669022
174,25,O,7.97610481,9.72202211,10.10613,-2,-0.464569598436,3.08155345917,1.6811773777,-1.08750009537
174,26,O,8.89357185,9.14803743,12.12438931,-2,-0.342018991709,0.911695957184,-1.11427915096,-2.04637932777
174,27,H,10.52032038,12.12435333,13.60589123,1,0.227066546679,2.24178552628,0.222848549485,-0.241506010294
174,28,H,12.36265255,14.84112163,12.46568373,1,0.226495876908,-0.141960710287,0.39456063509,0.442463904619
174,29,O,10.87292015,8.84296935,10.51472147,-2,-0.677754282951,3.13578510284,0.909627497196,-1.58532190323
174,30,H,5.48976266,10.30846857,10.50316149,1,0.252800166607,-2.56854605675,-2.96743059158,0.92300504446
174,31,H,11.14444482,15.91739584,11.00597634,1,0.220903962851,2.17654156685,-2.11757826805,-3.66522288322
174,32,H,12.6615884,10.14941792,9.79696887,1,0.254413247108,3.26729059219,-1.47331643105,-0.155510604382
174,33,H,12,12,12,1,0.283960521221,-1.4277048111,-0.155524581671,-0.785215258598
174,34,H,8.63672961,10.1365549,9.42224788,1,0.240695014596,-2.31574773788,-1.88907337189,1.70334947109
174,35,H,12.13742359,14.86567511,10.99900115,1,0.209621071815,1.07108914852,-1.53140580654,0.619326651096
174,36,O,13.68511331,10.19440836,9.60968641,-2,-0.517674326897,-0.938000917435,-0.289059311152,0.53527879715
174,37,H,15.01617307,11.59069559,13.47058615,1,0.248372256756,0.316640526056,1.02093052864,0.658733844757
174,38,H,13.40347858,16.016265,12.66809732,1,0.253645837307,0.000692162662745,0.0332099050283,-0.353913486004
175,0,O,12.53569579,13.3128314,12.15552147,-2,-0.232109814882,0.453677922487,1.85433137417,-0.828490436077
175,1,H,14.11139943,9.81518075,9.91090322,1,0.270784199238,6.62477016449,-10.2744846344,2.71540617943
175,2,O,14.12216837,11.60113014,13.32565523,-2,-0.419579178095,4.15524148941,2.02002954483,1.97598350048
175,3,H,11.34579488,9.15207375,12.12306394,1,0.209357053041,-1.19263494015,1.08596074581,-2.39382147789
175,4,O,13.52116209,9.18476768,14.54331357,-2,-0.546099305153,-4.41132926941,1.59172606468,1.04048669338
175,5,O,13.2560538,13.08535187,9.80526942,-2,-0.571768403053,-2.46670198441,1.61151182652,4.88539743423
175,6,H,12.69205074,13.18918829,10.83961894,1,0.170100390911,1.74970722198,-1.4810128212,-7.60252904892
175,7,H,10.03955278,11.2946759,12.874582,1,0.246057361364,2.99996209145,0.973213613033,-0.299690961838
175,8,H,13.3376184,13.82217546,11.74264884,1,0.269976824522,-0.729291439056,-1.1387566328,2.58024644852
175,9,H,10.72505864,13.99547314,10.45955123,1,0.241770416498,-1.78328049183,-0.385236859322,1.82767534256
175,10,O,11.5431141,8.96186816,13.02597618,-2,-0.451348334551,1.22452151775,-1.37524878979,3.53967285156
175,11,O,10.05615615,14.12114407,11.21854966,-2,-0.531455993652,0.983449578285,1.08463597298,-1.57096934319
175,12,H,10.83071475,10.07885577,10.31337774,1,0.162572070956,-1.53129887581,2.00255250931,-0.354924589396
175,13,H,9.93126049,8.82432237,10.90564693,1,0.238326951861,2.94073581696,1.25513613224,-1.23549282551
175,14,O,10.41477407,11.44270727,10.19772987,-2,-0.67514872551,1.23776900768,0.252212703228,0.852968931198
175,15,O,10.93309726,11.80175049,13.09198958,-2,-0.30969157815,-2.81542921066,-2.49765276909,-1.09810006618
175,16,H,14.21906252,10.79794011,12.86899221,1,0.246802270412,-0.338526785374,-1.85863745213,-1.1237667799
175,17,H,12.90827451,12.23155843,9.56198945,1,0.213465213776,0.0691716969013,-0.193723618984,-0.588515520096
175,18,H,12.50643155,12.86889458,12.99120516,1,0.2507173419,1.79149413109,0.390546113253,2.01455283165
175,19,H,10.06935115,13.33948248,11.76850118,1,0.233921200037,0.29454010725,-0.501930773258,-0.782687723637
175,20,H,9.53231019,11.46398791,9.8447703,1,0.196387037635,-0.350085586309,0.197832018137,-0.334448009729
175,21,H,10.56534607,12.38826303,13.73401987,1,0.23557049036,0.043714299798,1.26657128334,1.08683741093
175,22,O,10.89215398,9.14657976,10.64734442,-2,-0.433294743299,-1.97057902813,-3.66979217529,1.41846489906
175,23,H,14.24028613,8.95936847,14.04016148,1,0.247478991747,2.54151797295,-1.09012365341,-1.92347145081
175,24,H,12.70235376,9.35574797,13.87703301,1,0.179555252194,3.25911355019,-1.17601537704,1.23750340939
175,25,H,12.79650949,10.39164899,9.92068694,1,0.270383834839,-5.8299279213,-1.35641372204,1.22169387341
175,26,H,12,12,12,1,0.325839400291,-1.15962386131,0.308064222336,-0.518884778023
175,27,H,11.19843831,9.38053842,13.81893863,1,0.258180052042,-1.20773029327,0.213495790958,-0.924094259739
175,28,O,13.64762379,10.46337232,9.73474771,-2,-0.522929191589,-0.878408193588,10.7722978592,-3.94859743118
175,29,H,15.13557546,11.68438207,13.65618308,1,0.226178869605,-3.70453929901,0.118912175298,-0.868406534195
176,0,H,16.22472992,10.11185116,11.78220913,1,0.165135353804,1.05120670795,1.61373209953,0.151371210814
176,1,O,12.59414682,13.54008233,12.32361159,-2,-0.376052796841,-3.46136474609,-1.93043267727,1.49898147583
176,2,H,14.23046863,9.83477865,10.05992571,1,0.238430604339,-2.54700613022,3.88005256653,-0.923751473427
176,3,O,14.20679245,11.85208231,13.47302544,-2,-0.49026915431,0.142114818096,-3.77005767822,-1.27101743221
176,4,H,14.83415519,9.24924522,11.60963747,1,0.163721561432,-4.41141033173,0.131492510438,0.324295401573
176,5,H,11.34416782,9.5194046,12.20994925,1,0.163674473763,-0.317512303591,-0.734785437584,2.72943258286
176,6,O,13.25993101,13.33249329,9.93821385,-2,-0.531794667244,-0.529547572136,-2.0780107975,-0.166712477803
176,7,H,12.83283982,13.44240826,10.81248712,1,0.17009216547,-0.431734383106,-0.612376093864,-2.45735311508
176,8,O,16.18500049,10.83323636,12.44306916,-2,-0.457650899887,2.63758111,2.49955582619,0.772591233253
176,9,H,10.39479222,11.39845947,12.92823166,1,0.262212991714,-1.03477966785,0.0724790915847,0.185212448239
176,10,H,13.39089424,13.81871076,11.92094377,1,0.247138351202,2.55332732201,0.147892862558,1.52507412434
176,11,H,10.90473582,14.25799215,10.78640998,1,0.244139939547,-0.646972358227,-0.255869835615,0.265485912561
176,12,O,11.57367556,9.22469612,13.22233227,-2,-0.511618196964,-0.624318778515,0.0922714993358,-1.34343624115
176,13,O,10.11414329,14.3601219,11.34655972,-2,-0.539234995842,-0.0231529325247,1.43459403515,-0.515838801861
176,14,H,10.87074379,10.2013833,10.42011409,1,0.191253110766,-3.11921000481,9.19083499908,-4.10210418701
176,15,H,16.92277022,11.52612691,12.38544816,1,0.240336507559,-1.62471199036,-1.83117604256,-0.322225749493
176,16,H,16.58249877,8.82578872,10.40093728,1,0.293802827597,-1.76865279675,-0.597791910172,4.12043619156
176,17,H,10.05991437,8.79285799,10.91031566,1,0.255372464657,4.30631780624,3.33055353165,-0.921913504601
176,18,O,10.49017594,11.66309583,10.33123013,-2,-0.679666817188,-0.905501723289,0.604440510273,0.203925609589
176,19,O,10.99579903,12.06227017,13.26105479,-2,-0.344266474247,1.19135403633,0.1279874295,0.134016633034
176,20,H,14.15308778,10.85748496,12.86991083,1,0.205090805888,0.0706376582384,3.68008899689,2.55301332474
176,21,H,13.11873481,12.31384698,9.78684332,1,0.195106208324,0.702186405659,3.43348884583,0.0837531834841
176,22,H,12.41089593,13.07149891,13.20250293,1,0.2467187047,2.4530608654,1.46022975445,-1.4287416935
176,23,H,12.8899774,9.51115521,11.73413461,1,0.224254921079,4.17916154861,-1.29370307922,1.15251946449
176,24,H,10.00854455,13.51971215,11.76714951,1,0.238127216697,0.12612721324,-0.945513248444,-0.196219339967
176,25,H,9.52758809,11.77289322,10.09865796,1,0.178941071033,1.61176919937,0.0565114878118,0.312667399645
176,26,O,13.85778934,9.26183317,12.12704904,-2,-0.507365643978,-1.26559221745,1.2317250967,-1.1358590126
176,27,H,16.08032862,8.5599323,12.35971423,1,0.280676215887,0.846943974495,-0.0541260764003,-2.71588587761
176,28,H,10.69811689,12.73244612,13.92740241,1,0.248565912247,-0.602645754814,-1.28653240204,-0.993208944798
176,29,O,11.00149417,9.43796794,10.78312888,-2,-0.330733954906,-1.3967436552,-13.3145723343,4.77515411377
176,30,H,12.77643689,10.56334481,10.08880355,1,0.232148811221,0.420562446117,-0.320214807987,-0.423469305038
176,31,H,12,12,12,1,0.260047644377,-0.949511826038,2.53435540199,1.04716706276
176,32,H,11.16120157,9.73689609,13.92283404,1,0.238530308008,-0.0101614259183,0.180757880211,-0.406290888786
176,33,O,13.70001496,10.76533928,9.8465424,-2,-0.421984136105,1.83902442455,-4.23577690125,0.495539933443
176,34,H,15.13449475,11.79082455,13.80188906,1,0.214505493641,-1.3465899229,-0.0968335419893,-0.510248303413
176,35,O,15.99199059,8.83147117,11.34608422,-2,-0.207386016846,2.88574337959,-2.3452732563,-2.49636244774
177,0,H,16.58460115,10.35055282,12.00229802,1,0.191986873746,1.92358660698,-2.36763334274,-2.86073660851
177,1,O,12.70410841,13.69679791,12.47164422,-2,-0.418172061443,-0.069419182837,-0.707324922085,0.181933224201
177,2,H,14.09885421,8.63200695,9.91257437,1,0.235034734011,0.44137480855,-0.825738608837,1.87579226494
177,3,O,14.26962819,8.67705752,8.98599243,-2,-0.429527074099,-1.30253732204,-1.59249401093,-1.09478676319
177,4,H,14.31267344,9.98948027,10.15275506,1,0.226839601994,-1.86890912056,5.66719865799,-1.10557305813
177,5,O,14.35150566,12.01956543,13.58673858,-2,-0.47775810957,-5.86435222626,-2.29980993271,-3.77537512779
177,6,O,10.43032953,5.24701572,5.81909826,-2,-0.397662907839,-1.62320816517,2.98253488541,-0.00930106639862
177,7,H,14.9113971,9.48368922,11.70023462,1,0.170394554734,-3.64696455002,0.571649491787,0.129724532366
177,8,H,11.36743135,9.7910212,12.39053167,1,0.167096629739,0.586013913155,-2.0246694088,2.67207455635
177,9,H,11.56128116,4.81777512,8.57632877,1,0.287745475769,0.766931831837,-0.218937963247,1.32272005081
177,10,O,13.32784821,13.50370577,10.0402158,-2,-0.52438557148,5.38297939301,-3.2880294323,-9.46682834625
177,11,H,12.92886063,13.58409081,10.76411371,1,0.20998030901,-5.42726707458,1.44443547726,8.65633773804
177,12,O,16.28302505,10.98506974,12.5478726,-2,-0.423293322325,1.20150744915,5.85001754761,3.20341873169
177,13,H,10.76791524,11.44616554,12.9718,1,0.250400662422,-1.49820828438,1.04482793808,1.50897526741
177,14,H,13.64546508,13.71853118,12.20723103,1,0.239961743355,-0.356171637774,-0.288987755775,1.32632362843
177,15,H,11.10569087,14.42035141,11.10012217,1,0.243238717318,1.37944400311,-0.192778676748,-0.52124363184
177,16,O,11.66572378,9.4183183,13.39146998,-2,-0.463414132595,-2.35097312927,2.45942568779,-1.59721660614
177,17,H,10.31911602,8.12994616,9.72993679,1,0.254304051399,2.02122783661,-2.39197635651,-0.668430685997
177,18,O,10.23908521,14.52532032,11.43864248,-2,-0.524642586708,-2.54045391083,-1.55889296532,1.26538205147
177,19,H,10.84271605,10.6724917,10.35292822,1,0.140119791031,-1.20388579369,2.12892436981,1.01419937611
177,20,H,11.08199372,5.49195332,7.17263515,1,0.239958405495,-1.45400798321,0.36917424202,2.23976039886
177,21,O,11.12687835,7.53530111,9.37664788,-2,-0.320756852627,-4.68162536621,0.0876974612474,0.466874182224
177,22,H,16.97524209,11.70498893,12.4720609,1,0.242958411574,-1.36267220974,-0.902162909508,0.362343907356
177,23,H,16.63998519,8.74703484,10.60967196,1,0.296999156475,-1.18715047836,0.0527940429747,3.14943790436
177,24,H,10.42688538,8.86236992,10.86065826,1,0.229480490088,2.90488600731,3.46252584457,1.48125112057
177,25,O,10.62412097,11.81677297,10.43942605,-2,-0.48042422533,0.605747282505,-0.922031641006,0.19765098393
177,26,H,13.35528096,8.36154414,8.7807726,1,0.243135467172,1.12690472603,0.386199146509,-0.809766829014
177,27,O,11.12286096,12.25180805,13.40571908,-2,-0.32390293479,1.00328612328,-0.158863216639,-0.381832689047
177,28,H,14.16297283,11.08243833,12.98641592,1,0.208071053028,0.836910128593,3.34836673737,2.41328144073
177,29,H,13.44092774,12.47329706,9.99813909,1,0.173970893025,0.265203684568,2.96852278709,-0.357726454735
177,30,H,12.49333142,13.24355982,13.33965973,1,0.22934448719,1.98284947872,0.916637480259,-1.73884773254
177,31,H,11.07983696,4.58654319,6.00332604,1,0.281540244818,-0.61229211092,-2.00524926186,-0.130978092551
177,32,H,12.95466198,9.73519401,11.90786323,1,0.230606764555,5.03580951691,-1.61213934422,1.29754567146
177,33,H,9.99369178,13.59487454,11.75583061,1,0.236161231995,0.755879700184,2.12639856339,-0.84646320343
177,34,H,9.68005152,12.03889461,10.36356787,1,0.218648448586,0.62290251255,-0.156538158655,-0.138386562467
177,35,O,13.98530361,9.4226009,12.24132436,-2,-0.482682466507,-3.09477972984,1.30494487286,-1.52243590355
177,36,H,16.04074756,8.91139587,12.32393774,1,0.274494916201,1.03307676315,-2.68900132179,5.89547157288
177,37,H,11.35655183,8.26442076,8.81876472,1,0.256790459156,1.23477113247,0.851718068123,-1.33317303658
177,38,H,10.84463878,12.97176553,14.07785604,1,0.247729197145,-0.845555603504,-2.42991471291,-1.62917077541
177,39,H,9.52440377,5.40618241,6.27455331,1,0.292536020279,2.39964771271,-1.74948585033,-1.01724076271
177,40,O,11.1713555,9.62209992,10.91061618,-2,-0.427064687014,-2.37004804611,-3.46907520294,-1.01983582973
177,41,O,10.86505723,5.36761587,8.24281572,-2,-0.267455875874,-1.2845788002,2.13853693008,-2.23275518417
177,42,H,12.7924529,10.64614384,10.21825249,1,0.206627935171,4.29897642136,1.57813549042,-1.50075483322
177,43,H,12,12,12,1,0.181004285812,-1.03665423393,2.49448657036,1.05995476246
177,44,H,11.12749405,10.01623904,13.97442649,1,0.225406900048,0.991657435894,-1.17082989216,-0.238911181688
177,45,O,13.82024871,10.99041417,9.93793538,-2,-0.401530057192,-2.68415617943,-6.0629491806,2.24715304375
177,46,H,15.139916,11.81746014,13.93817137,1,0.227601826191,4.40993452072,-1.1512542963,1.99607348442
177,47,H,10.48603826,6.41559806,8.74640163,1,0.288615256548,3.13710856438,-1.10808539391,0.01636800915
177,48,O,16.11771656,9.05340017,11.45593243,-2,-0.286112099886,2.0172533989,-0.890300095081,-9.98227500916
178,0,O,12.84495057,13.7701005,12.59510491,-2,-0.348934799433,6.09582996368,0.818961441517,-2.48011612892
178,1,H,14.33127854,10.34489181,10.16559054,1,0.243497878313,4.41197490692,-5.82364940643,0.797948360443
178,2,O,14.51036703,12.09356974,13.66008561,-2,-0.425908148289,4.8622751236,4.25499200821,5.31051969528
178,3,H,14.84528062,9.65184866,11.77180911,1,0.254826009274,1.52442240715,0.704799234867,-1.82332873344
178,4,H,11.43417343,9.86589187,12.64416665,1,0.172176599503,0.855908989906,-2.02876377106,-0.752536654472
178,5,H,11.72046639,4.83167287,8.73692008,1,0.319274365902,-1.13556456566,1.78236043453,0.105136692524
178,6,O,13.44069926,13.58138656,10.09144384,-2,-0.512249410152,-2.41466474533,0.439341068268,3.83750486374
178,7,H,12.80055855,13.67413419,11.05914058,1,0.1753077209,3.1639482975,-0.654069900513,-4.5516242981
178,8,H,11.07614247,11.46932035,13.05715204,1,0.23809158802,-1.33526563644,2.22179532051,2.43778681755
178,9,H,13.90469633,13.50277109,12.55510675,1,0.240591078997,-3.69058084488,1.45072126389,-0.0845230445266
178,10,H,11.36644004,14.47664121,11.35759759,1,0.233821570873,-1.70954787731,0.205446869135,0.203315168619
178,11,O,11.78234515,9.53538293,13.53010346,-2,-0.426535725594,-1.92050135136,2.17200636864,-0.0743119567633
178,12,H,10.43812491,8.15882057,9.84295038,1,0.258175343275,2.12871670723,-2.65543913841,-0.67270642519
178,13,O,10.39095588,14.59426793,11.50131459,-2,-0.502841055393,0.219566091895,-1.09444069862,0.0879634171724
178,14,H,10.80045141,11.07528676,10.3135489,1,0.216489344835,-0.0383474603295,-9.90208053589,-1.94885969162
178,15,H,11.16164689,5.57058907,7.394287,1,0.31695920229,-0.516602218151,-0.913050353527,2.16229748726
178,16,O,11.301381,7.63735414,9.48268193,-2,-0.34015455842,-4.28652477264,1.59140408039,-0.266317486763
178,17,H,10.9160129,9.00006055,10.82537128,1,0.194867819548,-2.85520124435,-5.37616729736,-0.224196061492
178,18,O,10.78806268,11.89038438,10.52150174,-2,-0.380641371012,1.50167500973,10.9668626785,3.60316967964
178,19,O,11.28354041,12.35532335,13.52426461,-2,-0.332552552223,0.909913539886,-2.38690519333,-2.05663323402
178,20,H,14.24817042,11.41452055,13.18838202,1,0.243386417627,-2.11440110207,-5.83560371399,-3.71452903748
178,21,H,13.82108427,12.6759266,10.17553872,1,0.179576531053,-0.336149811745,1.18603074551,-0.278031259775
178,22,H,12.68329348,13.33871912,13.38081147,1,0.210277885199,-0.773290336132,-1.34457874298,2.47782421112
178,23,H,13.3062632,9.7907691,12.09628675,1,0.245099306107,-3.21129226685,0.910238981247,-1.59163618088
178,24,H,10.02966581,13.69290005,11.70954588,1,0.23722268641,0.877678334713,1.61750006676,-0.183967903256
178,25,H,9.90533822,12.21860631,10.61901491,1,0.240447714925,-0.618478119373,0.133392632008,-0.325133144855
178,26,O,14.13118458,9.50272839,12.32475088,-2,-0.47279214859,2.05811357498,-2.03909540176,3.64843249321
178,27,H,11.44998466,8.40631818,8.92158759,1,0.260534703732,1.45537149906,0.352770596743,-0.533727645874
178,28,H,10.95786346,13.03162895,14.14694945,1,0.245061457157,-1.29011785984,-1.29996013641,-0.41405659914
178,29,O,11.37000152,9.71302742,11.01465102,-2,-0.586470603943,3.76390457153,5.66581010818,1.07402122021
178,30,O,10.99676434,5.47519951,8.41452563,-2,-0.124190807343,0.834797024727,-2.05042219162,-4.31788873672
178,31,H,13.04750485,10.7165846,10.23628074,1,0.236216142774,0.716999769211,1.46560585499,-0.793995857239
178,32,H,12,12,12,1,0.179273068905,-1.41318058968,1.33676874638,-0.525715947151
178,33,H,11.14457363,10.12976574,13.98400374,1,0.220363870263,0.773110091686,-1.15836417675,1.28249645233
178,34,O,13.96140543,11.11212497,10.01294402,-2,-0.399052113295,-5.35249376297,3.10240912437,-0.491871535778
178,35,H,15.3417624,11.7198819,14.16311238,1,0.240480184555,-2.45620799065,1.30142700672,-1.42562043667
178,36,H,10.87385432,6.47504136,8.63845477,1,0.250304758549,1.31420862675,0.881941974163,2.50291132927
179,0,O,13.03234266,13.80451689,12.74507636,-2,-0.391018033028,5.25909376144,-1.71112859249,1.90106141567
179,1,H,14.61278194,10.40938673,10.2416505,1,0.231299415231,1.3092392683,-0.545313596725,-0.488302767277
179,2,O,14.70508958,12.13645129,13.77876741,-2,-0.388178497553,3.45666432381,-1.27821230888,2.93964004517
179,3,H,14.87187836,9.84526512,11.76939818,1,0.230775684118,0.782006382942,0.120007291436,-0.479171901941
179,4,H,11.55730289,9.79025257,12.85614104,1,0.180739283562,-0.0450302027166,-1.20111846924,-4.26887178421
179,5,O,13.5741563,13.61574662,10.18827258,-2,-0.554317712784,-2.5797495842,0.698267102242,3.8427131176
179,6,H,12.84627699,13.66833954,11.17445041,1,0.187732428312,4.37443113327,-0.749712347984,-4.58221387863
179,7,H,11.32810797,11.56919812,13.28063296,1,0.240887314081,-1.74966526031,-1.54630303383,0.649062335491
179,8,H,14.00155955,13.27156895,12.94018552,1,0.191400721669,-2.21431851387,2.72477889061,-1.77532875538
179,9,H,11.55089611,14.4897009,11.64899146,1,0.224503532052,-1.74382376671,-0.108062207699,0.140374660492
179,10,O,11.92173863,9.61544429,13.70225318,-2,-0.450560450554,0.0946849957108,0.664063930511,2.65364193916
179,11,H,10.50319959,8.00958059,9.99324065,1,0.118819952011,0.0370635315776,-1.20552074909,-0.603249430656
179,12,O,10.57283873,14.61020968,11.5921682,-2,-0.521892905235,1.820333004,3.1982562542,-0.374374210835
179,13,H,10.7830787,11.03516132,10.24016398,1,0.23857370019,0.961971640587,0.36142206192,1.73723888397
179,14,O,11.49849504,7.70056899,9.617452,-2,-0.467696070671,-1.14752721786,2.71689510345,-1.15843677521
179,15,H,8.45392705,8.72541,10.59938025,1,0.203977406025,-0.152448192239,0.700938761234,0.248574405909
179,16,H,11.29772463,8.91062764,10.81457957,1,0.161082953215,0.668254733086,0.158614546061,0.704525530338
179,17,O,10.98216057,11.9512519,10.64437388,-2,-0.369121491909,-0.216565340757,0.964838147163,1.14756238461
179,18,O,11.47408962,12.4065471,13.67012721,-2,-0.377809971571,1.02450180054,1.16897594929,0.558054447174
179,19,H,14.28117152,11.46799408,13.23741375,1,0.24849511683,0.275066822767,-1.37730002403,0.13490575552
179,20,H,14.2121786,12.87978156,10.37592685,1,0.195451259613,-1.22157609463,0.972382128239,-0.116621762514
179,21,H,12.84093826,13.30711628,13.56452021,1,0.194803923368,-1.57093214989,0.813570737839,-0.478752613068
179,22,H,13.48283978,9.8624684,12.22713919,1,0.227069273591,-3.57574748993,0.318900585175,-1.10041177273
179,23,H,10.11873497,13.82687822,11.72319729,1,0.241072997451,-0.68554764986,-2.15311479568,0.603600263596
179,24,O,9.09667219,8.09057981,10.32351457,-2,-0.755593001842,0.473572045565,-0.770073354244,-0.356725126505
179,25,H,10.13057639,12.34800491,10.90990811,1,0.223690032959,0.526926219463,-0.617855668068,-0.68629270792
179,26,O,14.3051109,9.53083173,12.45219412,-2,-0.474595338106,2.85447883606,-0.881592929363,1.80854105949
179,27,H,11.59847838,8.54071556,9.04570399,1,0.222121804953,0.228835254908,-2.21599793434,1.04220890999
179,28,H,11.01184767,13.00919513,14.25656223,1,0.251507818699,-1.21296823025,-1.08165216446,-0.281877994537
179,29,O,11.60862172,9.7727637,11.15804775,-2,-0.641866207123,0.554528236389,0.695084273815,0.076022028923
179,30,H,13.32797768,10.80772599,10.24491871,1,0.235974296927,-6.18139648438,-1.84541499615,0.62418961525
179,31,H,12,12,12,1,0.122236788273,-1.41820752621,0.257375210524,-2.35572767258
179,32,H,11.2096071,10.11864755,14.09147078,1,0.218485921621,-0.276675969362,-0.362589329481,1.93459904194
179,33,O,14.1123083,11.2019178,10.12251674,-2,-0.435459077358,4.78990697861,1.19259870052,-0.670860469341
179,34,H,15.47686606,11.64292098,14.39669008,1,0.237407118082,-3.49937939644,1.92399263382,-2.96929574013
