frame,stem,input,slurm,charge,multiplicity,n_atoms,sample_kind,source_condensed_frame,sample_order
0,C3_DFTprod_stopH2_0000,expand/C3_DFTprod_stopH2_0000.inp,expand/C3_DFTprod_stopH2_group_0000_0009.slurm,1,1,40,closest_approach,1251,
1,C3_DFTprod_stopH2_0001,expand/C3_DFTprod_stopH2_0001.inp,expand/C3_DFTprod_stopH2_group_0000_0009.slurm,-2,1,39,closest_approach,1251,
2,C3_DFTprod_stopH2_0002,expand/C3_DFTprod_stopH2_0002.inp,expand/C3_DFTprod_stopH2_group_0000_0009.slurm,0,1,38,closest_approach,1251,
3,C3_DFTprod_stopH2_0003,expand/C3_DFTprod_stopH2_0003.inp,expand/C3_DFTprod_stopH2_group_0000_0009.slurm,3,1,32,closest_approach,1251,
4,C3_DFTprod_stopH2_0004,expand/C3_DFTprod_stopH2_0004.inp,expand/C3_DFTprod_stopH2_group_0000_0009.slurm,-2,1,31,closest_approach,1251,
5,C3_DFTprod_stopH2_0005,expand/C3_DFTprod_stopH2_0005.inp,expand/C3_DFTprod_stopH2_group_0000_0009.slurm,3,1,33,closest_approach,1251,
6,C3_DFTprod_stopH2_0006,expand/C3_DFTprod_stopH2_0006.inp,expand/C3_DFTprod_stopH2_group_0000_0009.slurm,2,1,28,closest_approach,1250,
7,C3_DFTprod_stopH2_0007,expand/C3_DFTprod_stopH2_0007.inp,expand/C3_DFTprod_stopH2_group_0000_0009.slurm,-1,1,39,closest_approach,1250,
8,C3_DFTprod_stopH2_0008,expand/C3_DFTprod_stopH2_0008.inp,expand/C3_DFTprod_stopH2_group_0000_0009.slurm,-2,1,20,closest_approach,1250,
9,C3_DFTprod_stopH2_0009,expand/C3_DFTprod_stopH2_0009.inp,expand/C3_DFTprod_stopH2_group_0000_0009.slurm,2,1,32,closest_approach,1250,
10,C3_DFTprod_stopH2_0010,expand/C3_DFTprod_stopH2_0010.inp,expand/C3_DFTprod_stopH2_group_0010_0019.slurm,3,1,54,closest_approach,1250,
11,C3_DFTprod_stopH2_0011,expand/C3_DFTprod_stopH2_0011.inp,expand/C3_DFTprod_stopH2_group_0010_0019.slurm,1,1,39,closest_approach,1250,
12,C3_DFTprod_stopH2_0012,expand/C3_DFTprod_stopH2_0012.inp,expand/C3_DFTprod_stopH2_group_0010_0019.slurm,1,1,35,closest_approach,1249,
13,C3_DFTprod_stopH2_0013,expand/C3_DFTprod_stopH2_0013.inp,expand/C3_DFTprod_stopH2_group_0010_0019.slurm,1,1,49,closest_approach,1249,
14,C3_DFTprod_stopH2_0014,expand/C3_DFTprod_stopH2_0014.inp,expand/C3_DFTprod_stopH2_group_0010_0019.slurm,1,1,42,closest_approach,1249,
15,C3_DFTprod_stopH2_0015,expand/C3_DFTprod_stopH2_0015.inp,expand/C3_DFTprod_stopH2_group_0010_0019.slurm,-1,1,34,closest_approach,1249,
16,C3_DFTprod_stopH2_0016,expand/C3_DFTprod_stopH2_0016.inp,expand/C3_DFTprod_stopH2_group_0010_0019.slurm,1,1,28,closest_approach,1249,
17,C3_DFTprod_stopH2_0017,expand/C3_DFTprod_stopH2_0017.inp,expand/C3_DFTprod_stopH2_group_0010_0019.slurm,4,1,40,closest_approach,1249,
18,C3_DFTprod_stopH2_0018,expand/C3_DFTprod_stopH2_0018.inp,expand/C3_DFTprod_stopH2_group_0010_0019.slurm,0,1,26,closest_approach,1248,
19,C3_DFTprod_stopH2_0019,expand/C3_DFTprod_stopH2_0019.inp,expand/C3_DFTprod_stopH2_group_0010_0019.slurm,4,1,81,closest_approach,1248,
20,C3_DFTprod_stopH2_0020,expand/C3_DFTprod_stopH2_0020.inp,expand/C3_DFTprod_stopH2_group_0020_0029.slurm,1,1,30,closest_approach,1248,
21,C3_DFTprod_stopH2_0021,expand/C3_DFTprod_stopH2_0021.inp,expand/C3_DFTprod_stopH2_group_0020_0029.slurm,-1,1,26,closest_approach,1247,
22,C3_DFTprod_stopH2_0022,expand/C3_DFTprod_stopH2_0022.inp,expand/C3_DFTprod_stopH2_group_0020_0029.slurm,-1,1,58,closest_approach,1247,
23,C3_DFTprod_stopH2_0023,expand/C3_DFTprod_stopH2_0023.inp,expand/C3_DFTprod_stopH2_group_0020_0029.slurm,0,1,53,closest_approach,1247,
24,C3_DFTprod_stopH2_0024,expand/C3_DFTprod_stopH2_0024.inp,expand/C3_DFTprod_stopH2_group_0020_0029.slurm,-2,1,36,closest_approach,1247,
25,C3_DFTprod_stopH2_0025,expand/C3_DFTprod_stopH2_0025.inp,expand/C3_DFTprod_stopH2_group_0020_0029.slurm,-1,1,49,closest_approach,1247,
26,C3_DFTprod_stopH2_0026,expand/C3_DFTprod_stopH2_0026.inp,expand/C3_DFTprod_stopH2_group_0020_0029.slurm,0,1,30,closest_approach,1247,
27,C3_DFTprod_stopH2_0027,expand/C3_DFTprod_stopH2_0027.inp,expand/C3_DFTprod_stopH2_group_0020_0029.slurm,2,1,32,closest_approach,1247,
28,C3_DFTprod_stopH2_0028,expand/C3_DFTprod_stopH2_0028.inp,expand/C3_DFTprod_stopH2_group_0020_0029.slurm,-1,1,31,closest_approach,1246,
29,C3_DFTprod_stopH2_0029,expand/C3_DFTprod_stopH2_0029.inp,expand/C3_DFTprod_stopH2_group_0020_0029.slurm,1,1,39,closest_approach,1246,
30,C3_DFTprod_stopH2_0030,expand/C3_DFTprod_stopH2_0030.inp,expand/C3_DFTprod_stopH2_group_0030_0039.slurm,2,1,42,closest_approach,1246,
31,C3_DFTprod_stopH2_0031,expand/C3_DFTprod_stopH2_0031.inp,expand/C3_DFTprod_stopH2_group_0030_0039.slurm,6,1,63,closest_approach,1246,
32,C3_DFTprod_stopH2_0032,expand/C3_DFTprod_stopH2_0032.inp,expand/C3_DFTprod_stopH2_group_0030_0039.slurm,4,1,53,closest_approach,1245,
33,C3_DFTprod_stopH2_0033,expand/C3_DFTprod_stopH2_0033.inp,expand/C3_DFTprod_stopH2_group_0030_0039.slurm,3,1,43,closest_approach,1245,
34,C3_DFTprod_stopH2_0034,expand/C3_DFTprod_stopH2_0034.inp,expand/C3_DFTprod_stopH2_group_0030_0039.slurm,2,1,48,closest_approach,1245,
35,C3_DFTprod_stopH2_0035,expand/C3_DFTprod_stopH2_0035.inp,expand/C3_DFTprod_stopH2_group_0030_0039.slurm,1,1,44,closest_approach,1245,
36,C3_DFTprod_stopH2_0036,expand/C3_DFTprod_stopH2_0036.inp,expand/C3_DFTprod_stopH2_group_0030_0039.slurm,0,1,33,closest_approach,1245,
37,C3_DFTprod_stopH2_0037,expand/C3_DFTprod_stopH2_0037.inp,expand/C3_DFTprod_stopH2_group_0030_0039.slurm,2,1,40,closest_approach,1245,
38,C3_DFTprod_stopH2_0038,expand/C3_DFTprod_stopH2_0038.inp,expand/C3_DFTprod_stopH2_group_0030_0039.slurm,4,1,57,closest_approach,1244,
39,C3_DFTprod_stopH2_0039,expand/C3_DFTprod_stopH2_0039.inp,expand/C3_DFTprod_stopH2_group_0030_0039.slurm,4,1,51,closest_approach,1244,
40,C3_DFTprod_stopH2_0040,expand/C3_DFTprod_stopH2_0040.inp,expand/C3_DFTprod_stopH2_group_0040_0049.slurm,6,1,86,closest_approach,1244,
41,C3_DFTprod_stopH2_0041,expand/C3_DFTprod_stopH2_0041.inp,expand/C3_DFTprod_stopH2_group_0040_0049.slurm,4,1,30,closest_approach,1244,
42,C3_DFTprod_stopH2_0042,expand/C3_DFTprod_stopH2_0042.inp,expand/C3_DFTprod_stopH2_group_0040_0049.slurm,-3,1,25,closest_approach,1244,
43,C3_DFTprod_stopH2_0043,expand/C3_DFTprod_stopH2_0043.inp,expand/C3_DFTprod_stopH2_group_0040_0049.slurm,3,1,26,closest_approach,1244,
44,C3_DFTprod_stopH2_0044,expand/C3_DFTprod_stopH2_0044.inp,expand/C3_DFTprod_stopH2_group_0040_0049.slurm,4,1,63,closest_approach,1244,
45,C3_DFTprod_stopH2_0045,expand/C3_DFTprod_stopH2_0045.inp,expand/C3_DFTprod_stopH2_group_0040_0049.slurm,0,1,58,closest_approach,1244,
46,C3_DFTprod_stopH2_0046,expand/C3_DFTprod_stopH2_0046.inp,expand/C3_DFTprod_stopH2_group_0040_0049.slurm,1,1,54,closest_approach,1244,
47,C3_DFTprod_stopH2_0047,expand/C3_DFTprod_stopH2_0047.inp,expand/C3_DFTprod_stopH2_group_0040_0049.slurm,1,1,36,closest_approach,1243,
48,C3_DFTprod_stopH2_0048,expand/C3_DFTprod_stopH2_0048.inp,expand/C3_DFTprod_stopH2_group_0040_0049.slurm,2,1,55,closest_approach,1243,
49,C3_DFTprod_stopH2_0049,expand/C3_DFTprod_stopH2_0049.inp,expand/C3_DFTprod_stopH2_group_0040_0049.slurm,0,1,59,closest_approach,1243,
50,C3_DFTprod_stopH2_0050,expand/C3_DFTprod_stopH2_0050.inp,expand/C3_DFTprod_stopH2_group_0050_0059.slurm,0,1,96,closest_approach,1241,
51,C3_DFTprod_stopH2_0051,expand/C3_DFTprod_stopH2_0051.inp,expand/C3_DFTprod_stopH2_group_0050_0059.slurm,-1,1,86,closest_approach,1241,
52,C3_DFTprod_stopH2_0052,expand/C3_DFTprod_stopH2_0052.inp,expand/C3_DFTprod_stopH2_group_0050_0059.slurm,1,1,32,closest_approach,1241,
53,C3_DFTprod_stopH2_0053,expand/C3_DFTprod_stopH2_0053.inp,expand/C3_DFTprod_stopH2_group_0050_0059.slurm,3,1,111,closest_approach,1241,
54,C3_DFTprod_stopH2_0054,expand/C3_DFTprod_stopH2_0054.inp,expand/C3_DFTprod_stopH2_group_0050_0059.slurm,2,1,133,closest_approach,1241,
55,C3_DFTprod_stopH2_0055,expand/C3_DFTprod_stopH2_0055.inp,expand/C3_DFTprod_stopH2_group_0050_0059.slurm,1,1,26,closest_approach,1241,
56,C3_DFTprod_stopH2_0056,expand/C3_DFTprod_stopH2_0056.inp,expand/C3_DFTprod_stopH2_group_0050_0059.slurm,2,1,43,closest_approach,1241,
57,C3_DFTprod_stopH2_0057,expand/C3_DFTprod_stopH2_0057.inp,expand/C3_DFTprod_stopH2_group_0050_0059.slurm,0,1,64,closest_approach,1241,
58,C3_DFTprod_stopH2_0058,expand/C3_DFTprod_stopH2_0058.inp,expand/C3_DFTprod_stopH2_group_0050_0059.slurm,1,1,37,closest_approach,1240,
59,C3_DFTprod_stopH2_0059,expand/C3_DFTprod_stopH2_0059.inp,expand/C3_DFTprod_stopH2_group_0050_0059.slurm,2,1,43,closest_approach,1240,
60,C3_DFTprod_stopH2_0060,expand/C3_DFTprod_stopH2_0060.inp,expand/C3_DFTprod_stopH2_group_0060_0069.slurm,2,1,52,closest_approach,1240,
61,C3_DFTprod_stopH2_0061,expand/C3_DFTprod_stopH2_0061.inp,expand/C3_DFTprod_stopH2_group_0060_0069.slurm,2,1,66,closest_approach,1238,
62,C3_DFTprod_stopH2_0062,expand/C3_DFTprod_stopH2_0062.inp,expand/C3_DFTprod_stopH2_group_0060_0069.slurm,4,1,66,closest_approach,1238,
63,C3_DFTprod_stopH2_0063,expand/C3_DFTprod_stopH2_0063.inp,expand/C3_DFTprod_stopH2_group_0060_0069.slurm,0,1,40,closest_approach,1238,
64,C3_DFTprod_stopH2_0064,expand/C3_DFTprod_stopH2_0064.inp,expand/C3_DFTprod_stopH2_group_0060_0069.slurm,4,1,51,closest_approach,1238,
65,C3_DFTprod_stopH2_0065,expand/C3_DFTprod_stopH2_0065.inp,expand/C3_DFTprod_stopH2_group_0060_0069.slurm,1,1,35,closest_approach,1238,
66,C3_DFTprod_stopH2_0066,expand/C3_DFTprod_stopH2_0066.inp,expand/C3_DFTprod_stopH2_group_0060_0069.slurm,-1,1,34,closest_approach,1238,
67,C3_DFTprod_stopH2_0067,expand/C3_DFTprod_stopH2_0067.inp,expand/C3_DFTprod_stopH2_group_0060_0069.slurm,2,1,36,closest_approach,1237,
68,C3_DFTprod_stopH2_0068,expand/C3_DFTprod_stopH2_0068.inp,expand/C3_DFTprod_stopH2_group_0060_0069.slurm,3,1,57,closest_approach,1236,
69,C3_DFTprod_stopH2_0069,expand/C3_DFTprod_stopH2_0069.inp,expand/C3_DFTprod_stopH2_group_0060_0069.slurm,1,1,36,closest_approach,1236,
70,C3_DFTprod_stopH2_0070,expand/C3_DFTprod_stopH2_0070.inp,expand/C3_DFTprod_stopH2_group_0070_0079.slurm,4,1,53,closest_approach,1236,
71,C3_DFTprod_stopH2_0071,expand/C3_DFTprod_stopH2_0071.inp,expand/C3_DFTprod_stopH2_group_0070_0079.slurm,4,1,41,closest_approach,1235,
72,C3_DFTprod_stopH2_0072,expand/C3_DFTprod_stopH2_0072.inp,expand/C3_DFTprod_stopH2_group_0070_0079.slurm,5,1,55,closest_approach,1235,
73,C3_DFTprod_stopH2_0073,expand/C3_DFTprod_stopH2_0073.inp,expand/C3_DFTprod_stopH2_group_0070_0079.slurm,-2,1,31,closest_approach,1234,
74,C3_DFTprod_stopH2_0074,expand/C3_DFTprod_stopH2_0074.inp,expand/C3_DFTprod_stopH2_group_0070_0079.slurm,1,1,61,closest_approach,1233,
75,C3_DFTprod_stopH2_0075,expand/C3_DFTprod_stopH2_0075.inp,expand/C3_DFTprod_stopH2_group_0070_0079.slurm,1,1,53,closest_approach,1233,
76,C3_DFTprod_stopH2_0076,expand/C3_DFTprod_stopH2_0076.inp,expand/C3_DFTprod_stopH2_group_0070_0079.slurm,2,1,40,closest_approach,1233,
77,C3_DFTprod_stopH2_0077,expand/C3_DFTprod_stopH2_0077.inp,expand/C3_DFTprod_stopH2_group_0070_0079.slurm,0,1,42,closest_approach,1233,
78,C3_DFTprod_stopH2_0078,expand/C3_DFTprod_stopH2_0078.inp,expand/C3_DFTprod_stopH2_group_0070_0079.slurm,2,1,47,closest_approach,1232,
79,C3_DFTprod_stopH2_0079,expand/C3_DFTprod_stopH2_0079.inp,expand/C3_DFTprod_stopH2_group_0070_0079.slurm,0,1,25,closest_approach,1232,
80,C3_DFTprod_stopH2_0080,expand/C3_DFTprod_stopH2_0080.inp,expand/C3_DFTprod_stopH2_group_0080_0089.slurm,3,1,71,closest_approach,1231,
81,C3_DFTprod_stopH2_0081,expand/C3_DFTprod_stopH2_0081.inp,expand/C3_DFTprod_stopH2_group_0080_0089.slurm,3,1,36,closest_approach,1231,
82,C3_DFTprod_stopH2_0082,expand/C3_DFTprod_stopH2_0082.inp,expand/C3_DFTprod_stopH2_group_0080_0089.slurm,1,1,52,closest_approach,1231,
83,C3_DFTprod_stopH2_0083,expand/C3_DFTprod_stopH2_0083.inp,expand/C3_DFTprod_stopH2_group_0080_0089.slurm,9,1,82,closest_approach,1231,
84,C3_DFTprod_stopH2_0084,expand/C3_DFTprod_stopH2_0084.inp,expand/C3_DFTprod_stopH2_group_0080_0089.slurm,3,1,69,closest_approach,1230,
85,C3_DFTprod_stopH2_0085,expand/C3_DFTprod_stopH2_0085.inp,expand/C3_DFTprod_stopH2_group_0080_0089.slurm,1,1,36,closest_approach,1230,
86,C3_DFTprod_stopH2_0086,expand/C3_DFTprod_stopH2_0086.inp,expand/C3_DFTprod_stopH2_group_0080_0089.slurm,3,1,55,closest_approach,1229,
87,C3_DFTprod_stopH2_0087,expand/C3_DFTprod_stopH2_0087.inp,expand/C3_DFTprod_stopH2_group_0080_0089.slurm,1,1,33,closest_approach,1228,
88,C3_DFTprod_stopH2_0088,expand/C3_DFTprod_stopH2_0088.inp,expand/C3_DFTprod_stopH2_group_0080_0089.slurm,-1,1,33,closest_approach,1228,
89,C3_DFTprod_stopH2_0089,expand/C3_DFTprod_stopH2_0089.inp,expand/C3_DFTprod_stopH2_group_0080_0089.slurm,1,1,22,closest_approach,1228,
90,C3_DFTprod_stopH2_0090,expand/C3_DFTprod_stopH2_0090.inp,expand/C3_DFTprod_stopH2_group_0090_0099.slurm,2,1,43,closest_approach,1228,
91,C3_DFTprod_stopH2_0091,expand/C3_DFTprod_stopH2_0091.inp,expand/C3_DFTprod_stopH2_group_0090_0099.slurm,-2,1,28,closest_approach,1228,
92,C3_DFTprod_stopH2_0092,expand/C3_DFTprod_stopH2_0092.inp,expand/C3_DFTprod_stopH2_group_0090_0099.slurm,1,1,43,closest_approach,1228,
93,C3_DFTprod_stopH2_0093,expand/C3_DFTprod_stopH2_0093.inp,expand/C3_DFTprod_stopH2_group_0090_0099.slurm,0,1,50,closest_approach,1227,
94,C3_DFTprod_stopH2_0094,expand/C3_DFTprod_stopH2_0094.inp,expand/C3_DFTprod_stopH2_group_0090_0099.slurm,-1,1,30,closest_approach,1227,
95,C3_DFTprod_stopH2_0095,expand/C3_DFTprod_stopH2_0095.inp,expand/C3_DFTprod_stopH2_group_0090_0099.slurm,-1,1,45,closest_approach,1227,
96,C3_DFTprod_stopH2_0096,expand/C3_DFTprod_stopH2_0096.inp,expand/C3_DFTprod_stopH2_group_0090_0099.slurm,1,1,36,closest_approach,1226,
97,C3_DFTprod_stopH2_0097,expand/C3_DFTprod_stopH2_0097.inp,expand/C3_DFTprod_stopH2_group_0090_0099.slurm,0,1,40,closest_approach,1225,
98,C3_DFTprod_stopH2_0098,expand/C3_DFTprod_stopH2_0098.inp,expand/C3_DFTprod_stopH2_group_0090_0099.slurm,-1,1,27,closest_approach,1225,
99,C3_DFTprod_stopH2_0099,expand/C3_DFTprod_stopH2_0099.inp,expand/C3_DFTprod_stopH2_group_0090_0099.slurm,3,1,42,closest_approach,1224,
100,C3_DFTprod_stopH2_0100,expand/C3_DFTprod_stopH2_0100.inp,expand/C3_DFTprod_stopH2_group_0100_0109.slurm,1,1,35,closest_approach,1224,
101,C3_DFTprod_stopH2_0101,expand/C3_DFTprod_stopH2_0101.inp,expand/C3_DFTprod_stopH2_group_0100_0109.slurm,2,1,49,closest_approach,1224,
102,C3_DFTprod_stopH2_0102,expand/C3_DFTprod_stopH2_0102.inp,expand/C3_DFTprod_stopH2_group_0100_0109.slurm,3,1,54,closest_approach,1224,
103,C3_DFTprod_stopH2_0103,expand/C3_DFTprod_stopH2_0103.inp,expand/C3_DFTprod_stopH2_group_0100_0109.slurm,2,1,29,closest_approach,1223,
104,C3_DFTprod_stopH2_0104,expand/C3_DFTprod_stopH2_0104.inp,expand/C3_DFTprod_stopH2_group_0100_0109.slurm,-1,1,28,closest_approach,1223,
105,C3_DFTprod_stopH2_0105,expand/C3_DFTprod_stopH2_0105.inp,expand/C3_DFTprod_stopH2_group_0100_0109.slurm,0,1,41,closest_approach,1223,
106,C3_DFTprod_stopH2_0106,expand/C3_DFTprod_stopH2_0106.inp,expand/C3_DFTprod_stopH2_group_0100_0109.slurm,0,1,26,closest_approach,1223,
107,C3_DFTprod_stopH2_0107,expand/C3_DFTprod_stopH2_0107.inp,expand/C3_DFTprod_stopH2_group_0100_0109.slurm,7,1,83,closest_approach,1223,
108,C3_DFTprod_stopH2_0108,expand/C3_DFTprod_stopH2_0108.inp,expand/C3_DFTprod_stopH2_group_0100_0109.slurm,3,1,32,closest_approach,1222,
109,C3_DFTprod_stopH2_0109,expand/C3_DFTprod_stopH2_0109.inp,expand/C3_DFTprod_stopH2_group_0100_0109.slurm,2,1,46,closest_approach,1222,
110,C3_DFTprod_stopH2_0110,expand/C3_DFTprod_stopH2_0110.inp,expand/C3_DFTprod_stopH2_group_0110_0119.slurm,3,1,61,closest_approach,1222,
111,C3_DFTprod_stopH2_0111,expand/C3_DFTprod_stopH2_0111.inp,expand/C3_DFTprod_stopH2_group_0110_0119.slurm,1,1,32,closest_approach,1222,
112,C3_DFTprod_stopH2_0112,expand/C3_DFTprod_stopH2_0112.inp,expand/C3_DFTprod_stopH2_group_0110_0119.slurm,1,1,53,closest_approach,1222,
113,C3_DFTprod_stopH2_0113,expand/C3_DFTprod_stopH2_0113.inp,expand/C3_DFTprod_stopH2_group_0110_0119.slurm,0,1,27,closest_approach,1222,
114,C3_DFTprod_stopH2_0114,expand/C3_DFTprod_stopH2_0114.inp,expand/C3_DFTprod_stopH2_group_0110_0119.slurm,2,1,36,closest_approach,1221,
115,C3_DFTprod_stopH2_0115,expand/C3_DFTprod_stopH2_0115.inp,expand/C3_DFTprod_stopH2_group_0110_0119.slurm,2,1,32,closest_approach,1221,
116,C3_DFTprod_stopH2_0116,expand/C3_DFTprod_stopH2_0116.inp,expand/C3_DFTprod_stopH2_group_0110_0119.slurm,0,1,33,closest_approach,1220,
117,C3_DFTprod_stopH2_0117,expand/C3_DFTprod_stopH2_0117.inp,expand/C3_DFTprod_stopH2_group_0110_0119.slurm,1,1,39,closest_approach,1220,
118,C3_DFTprod_stopH2_0118,expand/C3_DFTprod_stopH2_0118.inp,expand/C3_DFTprod_stopH2_group_0110_0119.slurm,-2,1,41,closest_approach,1220,
119,C3_DFTprod_stopH2_0119,expand/C3_DFTprod_stopH2_0119.inp,expand/C3_DFTprod_stopH2_group_0110_0119.slurm,1,1,38,closest_approach,1219,
120,C3_DFTprod_stopH2_0120,expand/C3_DFTprod_stopH2_0120.inp,expand/C3_DFTprod_stopH2_group_0120_0129.slurm,0,1,37,closest_approach,1219,
121,C3_DFTprod_stopH2_0121,expand/C3_DFTprod_stopH2_0121.inp,expand/C3_DFTprod_stopH2_group_0120_0129.slurm,6,1,37,closest_approach,1218,
122,C3_DFTprod_stopH2_0122,expand/C3_DFTprod_stopH2_0122.inp,expand/C3_DFTprod_stopH2_group_0120_0129.slurm,3,1,29,closest_approach,1218,
123,C3_DFTprod_stopH2_0123,expand/C3_DFTprod_stopH2_0123.inp,expand/C3_DFTprod_stopH2_group_0120_0129.slurm,0,1,28,closest_approach,1218,
124,C3_DFTprod_stopH2_0124,expand/C3_DFTprod_stopH2_0124.inp,expand/C3_DFTprod_stopH2_group_0120_0129.slurm,-1,1,39,closest_approach,1217,
125,C3_DFTprod_stopH2_0125,expand/C3_DFTprod_stopH2_0125.inp,expand/C3_DFTprod_stopH2_group_0120_0129.slurm,1,1,27,closest_approach,1217,
126,C3_DFTprod_stopH2_0126,expand/C3_DFTprod_stopH2_0126.inp,expand/C3_DFTprod_stopH2_group_0120_0129.slurm,4,1,36,closest_approach,1216,
127,C3_DFTprod_stopH2_0127,expand/C3_DFTprod_stopH2_0127.inp,expand/C3_DFTprod_stopH2_group_0120_0129.slurm,1,1,63,closest_approach,1216,
128,C3_DFTprod_stopH2_0128,expand/C3_DFTprod_stopH2_0128.inp,expand/C3_DFTprod_stopH2_group_0120_0129.slurm,6,1,53,closest_approach,1216,
129,C3_DFTprod_stopH2_0129,expand/C3_DFTprod_stopH2_0129.inp,expand/C3_DFTprod_stopH2_group_0120_0129.slurm,1,1,29,closest_approach,1216,
130,C3_DFTprod_stopH2_0130,expand/C3_DFTprod_stopH2_0130.inp,expand/C3_DFTprod_stopH2_group_0130_0139.slurm,2,1,48,closest_approach,1215,
131,C3_DFTprod_stopH2_0131,expand/C3_DFTprod_stopH2_0131.inp,expand/C3_DFTprod_stopH2_group_0130_0139.slurm,2,1,32,closest_approach,1215,
132,C3_DFTprod_stopH2_0132,expand/C3_DFTprod_stopH2_0132.inp,expand/C3_DFTprod_stopH2_group_0130_0139.slurm,2,1,33,closest_approach,1215,
133,C3_DFTprod_stopH2_0133,expand/C3_DFTprod_stopH2_0133.inp,expand/C3_DFTprod_stopH2_group_0130_0139.slurm,0,1,64,closest_approach,1214,
134,C3_DFTprod_stopH2_0134,expand/C3_DFTprod_stopH2_0134.inp,expand/C3_DFTprod_stopH2_group_0130_0139.slurm,3,1,46,closest_approach,1214,
135,C3_DFTprod_stopH2_0135,expand/C3_DFTprod_stopH2_0135.inp,expand/C3_DFTprod_stopH2_group_0130_0139.slurm,2,1,77,closest_approach,1214,
136,C3_DFTprod_stopH2_0136,expand/C3_DFTprod_stopH2_0136.inp,expand/C3_DFTprod_stopH2_group_0130_0139.slurm,5,1,51,closest_approach,1213,
137,C3_DFTprod_stopH2_0137,expand/C3_DFTprod_stopH2_0137.inp,expand/C3_DFTprod_stopH2_group_0130_0139.slurm,1,1,32,closest_approach,1213,
138,C3_DFTprod_stopH2_0138,expand/C3_DFTprod_stopH2_0138.inp,expand/C3_DFTprod_stopH2_group_0130_0139.slurm,6,1,72,closest_approach,1213,
139,C3_DFTprod_stopH2_0139,expand/C3_DFTprod_stopH2_0139.inp,expand/C3_DFTprod_stopH2_group_0130_0139.slurm,1,1,41,closest_approach,1213,
140,C3_DFTprod_stopH2_0140,expand/C3_DFTprod_stopH2_0140.inp,expand/C3_DFTprod_stopH2_group_0140_0149.slurm,-2,1,33,closest_approach,1212,
141,C3_DFTprod_stopH2_0141,expand/C3_DFTprod_stopH2_0141.inp,expand/C3_DFTprod_stopH2_group_0140_0149.slurm,3,1,55,closest_approach,1212,
142,C3_DFTprod_stopH2_0142,expand/C3_DFTprod_stopH2_0142.inp,expand/C3_DFTprod_stopH2_group_0140_0149.slurm,2,1,80,closest_approach,1211,
143,C3_DFTprod_stopH2_0143,expand/C3_DFTprod_stopH2_0143.inp,expand/C3_DFTprod_stopH2_group_0140_0149.slurm,0,1,73,closest_approach,1211,
144,C3_DFTprod_stopH2_0144,expand/C3_DFTprod_stopH2_0144.inp,expand/C3_DFTprod_stopH2_group_0140_0149.slurm,2,1,60,closest_approach,1211,
145,C3_DFTprod_stopH2_0145,expand/C3_DFTprod_stopH2_0145.inp,expand/C3_DFTprod_stopH2_group_0140_0149.slurm,3,1,38,closest_approach,1211,
146,C3_DFTprod_stopH2_0146,expand/C3_DFTprod_stopH2_0146.inp,expand/C3_DFTprod_stopH2_group_0140_0149.slurm,0,1,48,closest_approach,1211,
147,C3_DFTprod_stopH2_0147,expand/C3_DFTprod_stopH2_0147.inp,expand/C3_DFTprod_stopH2_group_0140_0149.slurm,0,1,50,closest_approach,1211,
148,C3_DFTprod_stopH2_0148,expand/C3_DFTprod_stopH2_0148.inp,expand/C3_DFTprod_stopH2_group_0140_0149.slurm,3,1,87,closest_approach,1211,
149,C3_DFTprod_stopH2_0149,expand/C3_DFTprod_stopH2_0149.inp,expand/C3_DFTprod_stopH2_group_0140_0149.slurm,2,1,48,closest_approach,1210,
150,C3_DFTprod_stopH2_0150,expand/C3_DFTprod_stopH2_0150.inp,expand/C3_DFTprod_stopH2_group_0150_0159.slurm,0,1,30,closest_approach,1210,
151,C3_DFTprod_stopH2_0151,expand/C3_DFTprod_stopH2_0151.inp,expand/C3_DFTprod_stopH2_group_0150_0159.slurm,2,1,33,closest_approach,1210,
152,C3_DFTprod_stopH2_0152,expand/C3_DFTprod_stopH2_0152.inp,expand/C3_DFTprod_stopH2_group_0150_0159.slurm,1,1,36,closest_approach,1209,
153,C3_DFTprod_stopH2_0153,expand/C3_DFTprod_stopH2_0153.inp,expand/C3_DFTprod_stopH2_group_0150_0159.slurm,4,1,50,closest_approach,1209,
154,C3_DFTprod_stopH2_0154,expand/C3_DFTprod_stopH2_0154.inp,expand/C3_DFTprod_stopH2_group_0150_0159.slurm,-1,1,43,closest_approach,1209,
155,C3_DFTprod_stopH2_0155,expand/C3_DFTprod_stopH2_0155.inp,expand/C3_DFTprod_stopH2_group_0150_0159.slurm,1,1,40,closest_approach,1209,
156,C3_DFTprod_stopH2_0156,expand/C3_DFTprod_stopH2_0156.inp,expand/C3_DFTprod_stopH2_group_0150_0159.slurm,0,1,30,closest_approach,1208,
157,C3_DFTprod_stopH2_0157,expand/C3_DFTprod_stopH2_0157.inp,expand/C3_DFTprod_stopH2_group_0150_0159.slurm,2,1,46,closest_approach,1208,
158,C3_DFTprod_stopH2_0158,expand/C3_DFTprod_stopH2_0158.inp,expand/C3_DFTprod_stopH2_group_0150_0159.slurm,4,1,33,closest_approach,1208,
159,C3_DFTprod_stopH2_0159,expand/C3_DFTprod_stopH2_0159.inp,expand/C3_DFTprod_stopH2_group_0150_0159.slurm,-1,1,16,closest_approach,1208,
160,C3_DFTprod_stopH2_0160,expand/C3_DFTprod_stopH2_0160.inp,expand/C3_DFTprod_stopH2_group_0160_0169.slurm,6,1,38,closest_approach,1207,
161,C3_DFTprod_stopH2_0161,expand/C3_DFTprod_stopH2_0161.inp,expand/C3_DFTprod_stopH2_group_0160_0169.slurm,5,1,46,closest_approach,1207,
162,C3_DFTprod_stopH2_0162,expand/C3_DFTprod_stopH2_0162.inp,expand/C3_DFTprod_stopH2_group_0160_0169.slurm,0,1,42,closest_approach,1207,
163,C3_DFTprod_stopH2_0163,expand/C3_DFTprod_stopH2_0163.inp,expand/C3_DFTprod_stopH2_group_0160_0169.slurm,4,1,55,closest_approach,1206,
164,C3_DFTprod_stopH2_0164,expand/C3_DFTprod_stopH2_0164.inp,expand/C3_DFTprod_stopH2_group_0160_0169.slurm,3,1,28,closest_approach,1206,
165,C3_DFTprod_stopH2_0165,expand/C3_DFTprod_stopH2_0165.inp,expand/C3_DFTprod_stopH2_group_0160_0169.slurm,4,1,45,closest_approach,1206,
166,C3_DFTprod_stopH2_0166,expand/C3_DFTprod_stopH2_0166.inp,expand/C3_DFTprod_stopH2_group_0160_0169.slurm,-1,1,33,closest_approach,1206,
167,C3_DFTprod_stopH2_0167,expand/C3_DFTprod_stopH2_0167.inp,expand/C3_DFTprod_stopH2_group_0160_0169.slurm,2,1,80,closest_approach,1205,
168,C3_DFTprod_stopH2_0168,expand/C3_DFTprod_stopH2_0168.inp,expand/C3_DFTprod_stopH2_group_0160_0169.slurm,3,1,73,closest_approach,1205,
169,C3_DFTprod_stopH2_0169,expand/C3_DFTprod_stopH2_0169.inp,expand/C3_DFTprod_stopH2_group_0160_0169.slurm,4,1,101,closest_approach,1205,
170,C3_DFTprod_stopH2_0170,expand/C3_DFTprod_stopH2_0170.inp,expand/C3_DFTprod_stopH2_group_0170_0179.slurm,0,1,98,closest_approach,1205,
171,C3_DFTprod_stopH2_0171,expand/C3_DFTprod_stopH2_0171.inp,expand/C3_DFTprod_stopH2_group_0170_0179.slurm,2,1,26,closest_approach,1204,
172,C3_DFTprod_stopH2_0172,expand/C3_DFTprod_stopH2_0172.inp,expand/C3_DFTprod_stopH2_group_0170_0179.slurm,4,1,48,closest_approach,1204,
173,C3_DFTprod_stopH2_0173,expand/C3_DFTprod_stopH2_0173.inp,expand/C3_DFTprod_stopH2_group_0170_0179.slurm,1,1,46,closest_approach,1203,
174,C3_DFTprod_stopH2_0174,expand/C3_DFTprod_stopH2_0174.inp,expand/C3_DFTprod_stopH2_group_0170_0179.slurm,4,1,53,closest_approach,1203,
175,C3_DFTprod_stopH2_0175,expand/C3_DFTprod_stopH2_0175.inp,expand/C3_DFTprod_stopH2_group_0170_0179.slurm,0,1,48,closest_approach,1203,
176,C3_DFTprod_stopH2_0176,expand/C3_DFTprod_stopH2_0176.inp,expand/C3_DFTprod_stopH2_group_0170_0179.slurm,-1,1,42,closest_approach,1203,
177,C3_DFTprod_stopH2_0177,expand/C3_DFTprod_stopH2_0177.inp,expand/C3_DFTprod_stopH2_group_0170_0179.slurm,-1,1,34,closest_approach,1202,
178,C3_DFTprod_stopH2_0178,expand/C3_DFTprod_stopH2_0178.inp,expand/C3_DFTprod_stopH2_group_0170_0179.slurm,-1,1,35,closest_approach,1202,
179,C3_DFTprod_stopH2_0179,expand/C3_DFTprod_stopH2_0179.inp,expand/C3_DFTprod_stopH2_group_0170_0179.slurm,0,1,34,closest_approach,1202,
180,C3_DFTprod_stopH2_0180,expand/C3_DFTprod_stopH2_0180.inp,expand/C3_DFTprod_stopH2_group_0180_0189.slurm,-1,1,31,closest_approach,1202,
181,C3_DFTprod_stopH2_0181,expand/C3_DFTprod_stopH2_0181.inp,expand/C3_DFTprod_stopH2_group_0180_0189.slurm,1,1,45,closest_approach,1201,
182,C3_DFTprod_stopH2_0182,expand/C3_DFTprod_stopH2_0182.inp,expand/C3_DFTprod_stopH2_group_0180_0189.slurm,-2,1,40,closest_approach,1201,
183,C3_DFTprod_stopH2_0183,expand/C3_DFTprod_stopH2_0183.inp,expand/C3_DFTprod_stopH2_group_0180_0189.slurm,1,1,25,closest_approach,1201,
184,C3_DFTprod_stopH2_0184,expand/C3_DFTprod_stopH2_0184.inp,expand/C3_DFTprod_stopH2_group_0180_0189.slurm,-2,1,31,closest_approach,1200,
185,C3_DFTprod_stopH2_0185,expand/C3_DFTprod_stopH2_0185.inp,expand/C3_DFTprod_stopH2_group_0180_0189.slurm,2,1,26,closest_approach,1200,
186,C3_DFTprod_stopH2_0186,expand/C3_DFTprod_stopH2_0186.inp,expand/C3_DFTprod_stopH2_group_0180_0189.slurm,-2,1,28,closest_approach,1200,
187,C3_DFTprod_stopH2_0187,expand/C3_DFTprod_stopH2_0187.inp,expand/C3_DFTprod_stopH2_group_0180_0189.slurm,1,1,32,closest_approach,1199,
188,C3_DFTprod_stopH2_0188,expand/C3_DFTprod_stopH2_0188.inp,expand/C3_DFTprod_stopH2_group_0180_0189.slurm,1,1,51,closest_approach,1199,
189,C3_DFTprod_stopH2_0189,expand/C3_DFTprod_stopH2_0189.inp,expand/C3_DFTprod_stopH2_group_0180_0189.slurm,4,1,60,closest_approach,1197,
190,C3_DFTprod_stopH2_0190,expand/C3_DFTprod_stopH2_0190.inp,expand/C3_DFTprod_stopH2_group_0190_0199.slurm,1,1,28,closest_approach,1197,
191,C3_DFTprod_stopH2_0191,expand/C3_DFTprod_stopH2_0191.inp,expand/C3_DFTprod_stopH2_group_0190_0199.slurm,-1,1,40,closest_approach,1197,
192,C3_DFTprod_stopH2_0192,expand/C3_DFTprod_stopH2_0192.inp,expand/C3_DFTprod_stopH2_group_0190_0199.slurm,5,1,70,closest_approach,1197,
193,C3_DFTprod_stopH2_0193,expand/C3_DFTprod_stopH2_0193.inp,expand/C3_DFTprod_stopH2_group_0190_0199.slurm,4,1,69,closest_approach,1197,
194,C3_DFTprod_stopH2_0194,expand/C3_DFTprod_stopH2_0194.inp,expand/C3_DFTprod_stopH2_group_0190_0199.slurm,0,1,43,closest_approach,1196,
195,C3_DFTprod_stopH2_0195,expand/C3_DFTprod_stopH2_0195.inp,expand/C3_DFTprod_stopH2_group_0190_0199.slurm,2,1,39,closest_approach,1195,
196,C3_DFTprod_stopH2_0196,expand/C3_DFTprod_stopH2_0196.inp,expand/C3_DFTprod_stopH2_group_0190_0199.slurm,4,1,74,closest_approach,1195,
197,C3_DFTprod_stopH2_0197,expand/C3_DFTprod_stopH2_0197.inp,expand/C3_DFTprod_stopH2_group_0190_0199.slurm,5,1,88,closest_approach,1195,
198,C3_DFTprod_stopH2_0198,expand/C3_DFTprod_stopH2_0198.inp,expand/C3_DFTprod_stopH2_group_0190_0199.slurm,7,1,88,closest_approach,1195,
199,C3_DFTprod_stopH2_0199,expand/C3_DFTprod_stopH2_0199.inp,expand/C3_DFTprod_stopH2_group_0190_0199.slurm,8,1,96,closest_approach,1195,
200,C3_DFTprod_stopH2_0200,expand/C3_DFTprod_stopH2_0200.inp,expand/C3_DFTprod_stopH2_group_0200_0209.slurm,4,1,32,closest_approach,1291,
201,C3_DFTprod_stopH2_0201,expand/C3_DFTprod_stopH2_0201.inp,expand/C3_DFTprod_stopH2_group_0200_0209.slurm,-1,1,21,closest_approach,1291,
202,C3_DFTprod_stopH2_0202,expand/C3_DFTprod_stopH2_0202.inp,expand/C3_DFTprod_stopH2_group_0200_0209.slurm,1,1,20,closest_approach,1291,
203,C3_DFTprod_stopH2_0203,expand/C3_DFTprod_stopH2_0203.inp,expand/C3_DFTprod_stopH2_group_0200_0209.slurm,2,1,31,closest_approach,1291,
204,C3_DFTprod_stopH2_0204,expand/C3_DFTprod_stopH2_0204.inp,expand/C3_DFTprod_stopH2_group_0200_0209.slurm,5,1,45,closest_approach,1291,
205,C3_DFTprod_stopH2_0205,expand/C3_DFTprod_stopH2_0205.inp,expand/C3_DFTprod_stopH2_group_0200_0209.slurm,6,1,50,closest_approach,1290,
206,C3_DFTprod_stopH2_0206,expand/C3_DFTprod_stopH2_0206.inp,expand/C3_DFTprod_stopH2_group_0200_0209.slurm,1,1,34,closest_approach,1290,
207,C3_DFTprod_stopH2_0207,expand/C3_DFTprod_stopH2_0207.inp,expand/C3_DFTprod_stopH2_group_0200_0209.slurm,3,1,44,closest_approach,1290,
208,C3_DFTprod_stopH2_0208,expand/C3_DFTprod_stopH2_0208.inp,expand/C3_DFTprod_stopH2_group_0200_0209.slurm,3,1,28,closest_approach,1290,
209,C3_DFTprod_stopH2_0209,expand/C3_DFTprod_stopH2_0209.inp,expand/C3_DFTprod_stopH2_group_0200_0209.slurm,2,1,37,closest_approach,1290,
210,C3_DFTprod_stopH2_0210,expand/C3_DFTprod_stopH2_0210.inp,expand/C3_DFTprod_stopH2_group_0210_0219.slurm,2,1,29,closest_approach,1289,
211,C3_DFTprod_stopH2_0211,expand/C3_DFTprod_stopH2_0211.inp,expand/C3_DFTprod_stopH2_group_0210_0219.slurm,5,1,36,closest_approach,1289,
212,C3_DFTprod_stopH2_0212,expand/C3_DFTprod_stopH2_0212.inp,expand/C3_DFTprod_stopH2_group_0210_0219.slurm,4,1,30,closest_approach,1289,
213,C3_DFTprod_stopH2_0213,expand/C3_DFTprod_stopH2_0213.inp,expand/C3_DFTprod_stopH2_group_0210_0219.slurm,3,1,39,closest_approach,1288,
214,C3_DFTprod_stopH2_0214,expand/C3_DFTprod_stopH2_0214.inp,expand/C3_DFTprod_stopH2_group_0210_0219.slurm,6,1,39,closest_approach,1288,
215,C3_DFTprod_stopH2_0215,expand/C3_DFTprod_stopH2_0215.inp,expand/C3_DFTprod_stopH2_group_0210_0219.slurm,5,1,37,closest_approach,1288,
216,C3_DFTprod_stopH2_0216,expand/C3_DFTprod_stopH2_0216.inp,expand/C3_DFTprod_stopH2_group_0210_0219.slurm,7,1,47,closest_approach,1288,
217,C3_DFTprod_stopH2_0217,expand/C3_DFTprod_stopH2_0217.inp,expand/C3_DFTprod_stopH2_group_0210_0219.slurm,3,1,53,closest_approach,1288,
218,C3_DFTprod_stopH2_0218,expand/C3_DFTprod_stopH2_0218.inp,expand/C3_DFTprod_stopH2_group_0210_0219.slurm,11,1,72,closest_approach,1288,
219,C3_DFTprod_stopH2_0219,expand/C3_DFTprod_stopH2_0219.inp,expand/C3_DFTprod_stopH2_group_0210_0219.slurm,-5,1,31,closest_approach,1287,
220,C3_DFTprod_stopH2_0220,expand/C3_DFTprod_stopH2_0220.inp,expand/C3_DFTprod_stopH2_group_0220_0229.slurm,2,1,32,closest_approach,1287,
221,C3_DFTprod_stopH2_0221,expand/C3_DFTprod_stopH2_0221.inp,expand/C3_DFTprod_stopH2_group_0220_0229.slurm,6,1,57,closest_approach,1287,
222,C3_DFTprod_stopH2_0222,expand/C3_DFTprod_stopH2_0222.inp,expand/C3_DFTprod_stopH2_group_0220_0229.slurm,3,1,35,closest_approach,1287,
223,C3_DFTprod_stopH2_0223,expand/C3_DFTprod_stopH2_0223.inp,expand/C3_DFTprod_stopH2_group_0220_0229.slurm,2,1,69,closest_approach,1287,
224,C3_DFTprod_stopH2_0224,expand/C3_DFTprod_stopH2_0224.inp,expand/C3_DFTprod_stopH2_group_0220_0229.slurm,4,1,40,closest_approach,1286,
225,C3_DFTprod_stopH2_0225,expand/C3_DFTprod_stopH2_0225.inp,expand/C3_DFTprod_stopH2_group_0220_0229.slurm,5,1,39,closest_approach,1286,
226,C3_DFTprod_stopH2_0226,expand/C3_DFTprod_stopH2_0226.inp,expand/C3_DFTprod_stopH2_group_0220_0229.slurm,3,1,37,closest_approach,1286,
227,C3_DFTprod_stopH2_0227,expand/C3_DFTprod_stopH2_0227.inp,expand/C3_DFTprod_stopH2_group_0220_0229.slurm,2,1,33,closest_approach,1286,
228,C3_DFTprod_stopH2_0228,expand/C3_DFTprod_stopH2_0228.inp,expand/C3_DFTprod_stopH2_group_0220_0229.slurm,1,1,33,closest_approach,1285,
229,C3_DFTprod_stopH2_0229,expand/C3_DFTprod_stopH2_0229.inp,expand/C3_DFTprod_stopH2_group_0220_0229.slurm,3,1,35,closest_approach,1285,
230,C3_DFTprod_stopH2_0230,expand/C3_DFTprod_stopH2_0230.inp,expand/C3_DFTprod_stopH2_group_0230_0239.slurm,3,1,59,closest_approach,1285,
231,C3_DFTprod_stopH2_0231,expand/C3_DFTprod_stopH2_0231.inp,expand/C3_DFTprod_stopH2_group_0230_0239.slurm,4,1,68,closest_approach,1284,
232,C3_DFTprod_stopH2_0232,expand/C3_DFTprod_stopH2_0232.inp,expand/C3_DFTprod_stopH2_group_0230_0239.slurm,0,1,40,closest_approach,1284,
233,C3_DFTprod_stopH2_0233,expand/C3_DFTprod_stopH2_0233.inp,expand/C3_DFTprod_stopH2_group_0230_0239.slurm,0,1,46,closest_approach,1284,
234,C3_DFTprod_stopH2_0234,expand/C3_DFTprod_stopH2_0234.inp,expand/C3_DFTprod_stopH2_group_0230_0239.slurm,5,1,61,closest_approach,1284,
235,C3_DFTprod_stopH2_0235,expand/C3_DFTprod_stopH2_0235.inp,expand/C3_DFTprod_stopH2_group_0230_0239.slurm,2,1,21,closest_approach,1283,
236,C3_DFTprod_stopH2_0236,expand/C3_DFTprod_stopH2_0236.inp,expand/C3_DFTprod_stopH2_group_0230_0239.slurm,2,1,39,closest_approach,1283,
237,C3_DFTprod_stopH2_0237,expand/C3_DFTprod_stopH2_0237.inp,expand/C3_DFTprod_stopH2_group_0230_0239.slurm,3,1,50,closest_approach,1283,
238,C3_DFTprod_stopH2_0238,expand/C3_DFTprod_stopH2_0238.inp,expand/C3_DFTprod_stopH2_group_0230_0239.slurm,0,1,27,closest_approach,1283,
239,C3_DFTprod_stopH2_0239,expand/C3_DFTprod_stopH2_0239.inp,expand/C3_DFTprod_stopH2_group_0230_0239.slurm,-1,1,36,closest_approach,1283,
240,C3_DFTprod_stopH2_0240,expand/C3_DFTprod_stopH2_0240.inp,expand/C3_DFTprod_stopH2_group_0240_0249.slurm,2,1,29,closest_approach,1283,
241,C3_DFTprod_stopH2_0241,expand/C3_DFTprod_stopH2_0241.inp,expand/C3_DFTprod_stopH2_group_0240_0249.slurm,1,1,51,closest_approach,1282,
242,C3_DFTprod_stopH2_0242,expand/C3_DFTprod_stopH2_0242.inp,expand/C3_DFTprod_stopH2_group_0240_0249.slurm,1,1,25,closest_approach,1282,
243,C3_DFTprod_stopH2_0243,expand/C3_DFTprod_stopH2_0243.inp,expand/C3_DFTprod_stopH2_group_0240_0249.slurm,3,1,34,closest_approach,1281,
244,C3_DFTprod_stopH2_0244,expand/C3_DFTprod_stopH2_0244.inp,expand/C3_DFTprod_stopH2_group_0240_0249.slurm,2,1,26,closest_approach,1281,
245,C3_DFTprod_stopH2_0245,expand/C3_DFTprod_stopH2_0245.inp,expand/C3_DFTprod_stopH2_group_0240_0249.slurm,5,1,34,closest_approach,1281,
246,C3_DFTprod_stopH2_0246,expand/C3_DFTprod_stopH2_0246.inp,expand/C3_DFTprod_stopH2_group_0240_0249.slurm,1,1,38,closest_approach,1281,
247,C3_DFTprod_stopH2_0247,expand/C3_DFTprod_stopH2_0247.inp,expand/C3_DFTprod_stopH2_group_0240_0249.slurm,3,1,33,closest_approach,1281,
248,C3_DFTprod_stopH2_0248,expand/C3_DFTprod_stopH2_0248.inp,expand/C3_DFTprod_stopH2_group_0240_0249.slurm,4,1,43,closest_approach,1281,
249,C3_DFTprod_stopH2_0249,expand/C3_DFTprod_stopH2_0249.inp,expand/C3_DFTprod_stopH2_group_0240_0249.slurm,1,1,24,closest_approach,1280,
250,C3_DFTprod_stopH2_0250,expand/C3_DFTprod_stopH2_0250.inp,expand/C3_DFTprod_stopH2_group_0250_0259.slurm,2,1,39,closest_approach,1280,
251,C3_DFTprod_stopH2_0251,expand/C3_DFTprod_stopH2_0251.inp,expand/C3_DFTprod_stopH2_group_0250_0259.slurm,5,1,35,closest_approach,1280,
252,C3_DFTprod_stopH2_0252,expand/C3_DFTprod_stopH2_0252.inp,expand/C3_DFTprod_stopH2_group_0250_0259.slurm,2,1,36,closest_approach,1280,
253,C3_DFTprod_stopH2_0253,expand/C3_DFTprod_stopH2_0253.inp,expand/C3_DFTprod_stopH2_group_0250_0259.slurm,5,1,20,closest_approach,1280,
254,C3_DFTprod_stopH2_0254,expand/C3_DFTprod_stopH2_0254.inp,expand/C3_DFTprod_stopH2_group_0250_0259.slurm,-2,1,25,closest_approach,1279,
255,C3_DFTprod_stopH2_0255,expand/C3_DFTprod_stopH2_0255.inp,expand/C3_DFTprod_stopH2_group_0250_0259.slurm,-4,1,30,closest_approach,1279,
256,C3_DFTprod_stopH2_0256,expand/C3_DFTprod_stopH2_0256.inp,expand/C3_DFTprod_stopH2_group_0250_0259.slurm,4,1,20,closest_approach,1279,
257,C3_DFTprod_stopH2_0257,expand/C3_DFTprod_stopH2_0257.inp,expand/C3_DFTprod_stopH2_group_0250_0259.slurm,1,1,40,closest_approach,1279,
258,C3_DFTprod_stopH2_0258,expand/C3_DFTprod_stopH2_0258.inp,expand/C3_DFTprod_stopH2_group_0250_0259.slurm,3,1,34,closest_approach,1278,
259,C3_DFTprod_stopH2_0259,expand/C3_DFTprod_stopH2_0259.inp,expand/C3_DFTprod_stopH2_group_0250_0259.slurm,2,1,38,closest_approach,1278,
260,C3_DFTprod_stopH2_0260,expand/C3_DFTprod_stopH2_0260.inp,expand/C3_DFTprod_stopH2_group_0260_0269.slurm,4,1,50,closest_approach,1278,
261,C3_DFTprod_stopH2_0261,expand/C3_DFTprod_stopH2_0261.inp,expand/C3_DFTprod_stopH2_group_0260_0269.slurm,4,1,36,closest_approach,1277,
262,C3_DFTprod_stopH2_0262,expand/C3_DFTprod_stopH2_0262.inp,expand/C3_DFTprod_stopH2_group_0260_0269.slurm,2,1,31,closest_approach,1277,
263,C3_DFTprod_stopH2_0263,expand/C3_DFTprod_stopH2_0263.inp,expand/C3_DFTprod_stopH2_group_0260_0269.slurm,6,1,36,closest_approach,1276,
264,C3_DFTprod_stopH2_0264,expand/C3_DFTprod_stopH2_0264.inp,expand/C3_DFTprod_stopH2_group_0260_0269.slurm,1,1,51,closest_approach,1276,
265,C3_DFTprod_stopH2_0265,expand/C3_DFTprod_stopH2_0265.inp,expand/C3_DFTprod_stopH2_group_0260_0269.slurm,3,1,45,closest_approach,1276,
266,C3_DFTprod_stopH2_0266,expand/C3_DFTprod_stopH2_0266.inp,expand/C3_DFTprod_stopH2_group_0260_0269.slurm,2,1,31,closest_approach,1275,
267,C3_DFTprod_stopH2_0267,expand/C3_DFTprod_stopH2_0267.inp,expand/C3_DFTprod_stopH2_group_0260_0269.slurm,2,1,34,closest_approach,1275,
268,C3_DFTprod_stopH2_0268,expand/C3_DFTprod_stopH2_0268.inp,expand/C3_DFTprod_stopH2_group_0260_0269.slurm,3,1,38,closest_approach,1275,
269,C3_DFTprod_stopH2_0269,expand/C3_DFTprod_stopH2_0269.inp,expand/C3_DFTprod_stopH2_group_0260_0269.slurm,0,1,38,closest_approach,1274,
270,C3_DFTprod_stopH2_0270,expand/C3_DFTprod_stopH2_0270.inp,expand/C3_DFTprod_stopH2_group_0270_0279.slurm,3,1,35,closest_approach,1274,
271,C3_DFTprod_stopH2_0271,expand/C3_DFTprod_stopH2_0271.inp,expand/C3_DFTprod_stopH2_group_0270_0279.slurm,3,1,48,closest_approach,1274,
272,C3_DFTprod_stopH2_0272,expand/C3_DFTprod_stopH2_0272.inp,expand/C3_DFTprod_stopH2_group_0270_0279.slurm,3,1,39,closest_approach,1274,
273,C3_DFTprod_stopH2_0273,expand/C3_DFTprod_stopH2_0273.inp,expand/C3_DFTprod_stopH2_group_0270_0279.slurm,0,1,27,closest_approach,1273,
274,C3_DFTprod_stopH2_0274,expand/C3_DFTprod_stopH2_0274.inp,expand/C3_DFTprod_stopH2_group_0270_0279.slurm,-1,1,18,closest_approach,1273,
275,C3_DFTprod_stopH2_0275,expand/C3_DFTprod_stopH2_0275.inp,expand/C3_DFTprod_stopH2_group_0270_0279.slurm,1,1,28,closest_approach,1273,
276,C3_DFTprod_stopH2_0276,expand/C3_DFTprod_stopH2_0276.inp,expand/C3_DFTprod_stopH2_group_0270_0279.slurm,2,1,47,closest_approach,1273,
277,C3_DFTprod_stopH2_0277,expand/C3_DFTprod_stopH2_0277.inp,expand/C3_DFTprod_stopH2_group_0270_0279.slurm,1,1,37,closest_approach,1273,
278,C3_DFTprod_stopH2_0278,expand/C3_DFTprod_stopH2_0278.inp,expand/C3_DFTprod_stopH2_group_0270_0279.slurm,0,1,29,closest_approach,1272,
279,C3_DFTprod_stopH2_0279,expand/C3_DFTprod_stopH2_0279.inp,expand/C3_DFTprod_stopH2_group_0270_0279.slurm,8,1,54,closest_approach,1272,
280,C3_DFTprod_stopH2_0280,expand/C3_DFTprod_stopH2_0280.inp,expand/C3_DFTprod_stopH2_group_0280_0289.slurm,0,1,27,closest_approach,1272,
281,C3_DFTprod_stopH2_0281,expand/C3_DFTprod_stopH2_0281.inp,expand/C3_DFTprod_stopH2_group_0280_0289.slurm,0,1,27,closest_approach,1272,
282,C3_DFTprod_stopH2_0282,expand/C3_DFTprod_stopH2_0282.inp,expand/C3_DFTprod_stopH2_group_0280_0289.slurm,-3,1,27,closest_approach,1272,
283,C3_DFTprod_stopH2_0283,expand/C3_DFTprod_stopH2_0283.inp,expand/C3_DFTprod_stopH2_group_0280_0289.slurm,2,1,44,closest_approach,1271,
284,C3_DFTprod_stopH2_0284,expand/C3_DFTprod_stopH2_0284.inp,expand/C3_DFTprod_stopH2_group_0280_0289.slurm,1,1,22,closest_approach,1271,
285,C3_DFTprod_stopH2_0285,expand/C3_DFTprod_stopH2_0285.inp,expand/C3_DFTprod_stopH2_group_0280_0289.slurm,3,1,25,closest_approach,1271,
286,C3_DFTprod_stopH2_0286,expand/C3_DFTprod_stopH2_0286.inp,expand/C3_DFTprod_stopH2_group_0280_0289.slurm,4,1,31,closest_approach,1271,
287,C3_DFTprod_stopH2_0287,expand/C3_DFTprod_stopH2_0287.inp,expand/C3_DFTprod_stopH2_group_0280_0289.slurm,3,1,48,closest_approach,1271,
288,C3_DFTprod_stopH2_0288,expand/C3_DFTprod_stopH2_0288.inp,expand/C3_DFTprod_stopH2_group_0280_0289.slurm,-2,1,31,closest_approach,1270,
289,C3_DFTprod_stopH2_0289,expand/C3_DFTprod_stopH2_0289.inp,expand/C3_DFTprod_stopH2_group_0280_0289.slurm,4,1,53,closest_approach,1270,
290,C3_DFTprod_stopH2_0290,expand/C3_DFTprod_stopH2_0290.inp,expand/C3_DFTprod_stopH2_group_0290_0299.slurm,2,1,43,closest_approach,1270,
291,C3_DFTprod_stopH2_0291,expand/C3_DFTprod_stopH2_0291.inp,expand/C3_DFTprod_stopH2_group_0290_0299.slurm,6,1,35,closest_approach,1269,
292,C3_DFTprod_stopH2_0292,expand/C3_DFTprod_stopH2_0292.inp,expand/C3_DFTprod_stopH2_group_0290_0299.slurm,2,1,49,closest_approach,1269,
293,C3_DFTprod_stopH2_0293,expand/C3_DFTprod_stopH2_0293.inp,expand/C3_DFTprod_stopH2_group_0290_0299.slurm,2,1,32,closest_approach,1269,
294,C3_DFTprod_stopH2_0294,expand/C3_DFTprod_stopH2_0294.inp,expand/C3_DFTprod_stopH2_group_0290_0299.slurm,1,1,29,closest_approach,1269,
295,C3_DFTprod_stopH2_0295,expand/C3_DFTprod_stopH2_0295.inp,expand/C3_DFTprod_stopH2_group_0290_0299.slurm,0,1,32,closest_approach,1268,
296,C3_DFTprod_stopH2_0296,expand/C3_DFTprod_stopH2_0296.inp,expand/C3_DFTprod_stopH2_group_0290_0299.slurm,-2,1,36,closest_approach,1268,
297,C3_DFTprod_stopH2_0297,expand/C3_DFTprod_stopH2_0297.inp,expand/C3_DFTprod_stopH2_group_0290_0299.slurm,-3,1,35,closest_approach,1267,
298,C3_DFTprod_stopH2_0298,expand/C3_DFTprod_stopH2_0298.inp,expand/C3_DFTprod_stopH2_group_0290_0299.slurm,2,1,37,closest_approach,1267,
299,C3_DFTprod_stopH2_0299,expand/C3_DFTprod_stopH2_0299.inp,expand/C3_DFTprod_stopH2_group_0290_0299.slurm,2,1,40,closest_approach,1267,
300,C3_DFTprod_stopH2_0300,expand/C3_DFTprod_stopH2_0300.inp,expand/C3_DFTprod_stopH2_group_0300_0309.slurm,1,1,37,closest_approach,1266,
301,C3_DFTprod_stopH2_0301,expand/C3_DFTprod_stopH2_0301.inp,expand/C3_DFTprod_stopH2_group_0300_0309.slurm,2,1,48,closest_approach,1266,
302,C3_DFTprod_stopH2_0302,expand/C3_DFTprod_stopH2_0302.inp,expand/C3_DFTprod_stopH2_group_0300_0309.slurm,0,1,29,closest_approach,1265,
303,C3_DFTprod_stopH2_0303,expand/C3_DFTprod_stopH2_0303.inp,expand/C3_DFTprod_stopH2_group_0300_0309.slurm,2,1,26,closest_approach,1265,
304,C3_DFTprod_stopH2_0304,expand/C3_DFTprod_stopH2_0304.inp,expand/C3_DFTprod_stopH2_group_0300_0309.slurm,-1,1,41,closest_approach,1265,
305,C3_DFTprod_stopH2_0305,expand/C3_DFTprod_stopH2_0305.inp,expand/C3_DFTprod_stopH2_group_0300_0309.slurm,-1,1,41,closest_approach,1265,
306,C3_DFTprod_stopH2_0306,expand/C3_DFTprod_stopH2_0306.inp,expand/C3_DFTprod_stopH2_group_0300_0309.slurm,0,1,38,closest_approach,1265,
307,C3_DFTprod_stopH2_0307,expand/C3_DFTprod_stopH2_0307.inp,expand/C3_DFTprod_stopH2_group_0300_0309.slurm,2,1,35,closest_approach,1264,
308,C3_DFTprod_stopH2_0308,expand/C3_DFTprod_stopH2_0308.inp,expand/C3_DFTprod_stopH2_group_0300_0309.slurm,4,1,27,closest_approach,1264,
309,C3_DFTprod_stopH2_0309,expand/C3_DFTprod_stopH2_0309.inp,expand/C3_DFTprod_stopH2_group_0300_0309.slurm,3,1,34,closest_approach,1264,
310,C3_DFTprod_stopH2_0310,expand/C3_DFTprod_stopH2_0310.inp,expand/C3_DFTprod_stopH2_group_0310_0319.slurm,6,1,45,closest_approach,1264,
311,C3_DFTprod_stopH2_0311,expand/C3_DFTprod_stopH2_0311.inp,expand/C3_DFTprod_stopH2_group_0310_0319.slurm,2,1,45,closest_approach,1263,
312,C3_DFTprod_stopH2_0312,expand/C3_DFTprod_stopH2_0312.inp,expand/C3_DFTprod_stopH2_group_0310_0319.slurm,3,1,30,closest_approach,1262,
313,C3_DFTprod_stopH2_0313,expand/C3_DFTprod_stopH2_0313.inp,expand/C3_DFTprod_stopH2_group_0310_0319.slurm,4,1,59,closest_approach,1261,
314,C3_DFTprod_stopH2_0314,expand/C3_DFTprod_stopH2_0314.inp,expand/C3_DFTprod_stopH2_group_0310_0319.slurm,-1,1,33,closest_approach,1261,
315,C3_DFTprod_stopH2_0315,expand/C3_DFTprod_stopH2_0315.inp,expand/C3_DFTprod_stopH2_group_0310_0319.slurm,4,1,51,closest_approach,1261,
316,C3_DFTprod_stopH2_0316,expand/C3_DFTprod_stopH2_0316.inp,expand/C3_DFTprod_stopH2_group_0310_0319.slurm,-2,1,21,closest_approach,1261,
317,C3_DFTprod_stopH2_0317,expand/C3_DFTprod_stopH2_0317.inp,expand/C3_DFTprod_stopH2_group_0310_0319.slurm,1,1,20,closest_approach,1261,
318,C3_DFTprod_stopH2_0318,expand/C3_DFTprod_stopH2_0318.inp,expand/C3_DFTprod_stopH2_group_0310_0319.slurm,2,1,23,closest_approach,1261,
319,C3_DFTprod_stopH2_0319,expand/C3_DFTprod_stopH2_0319.inp,expand/C3_DFTprod_stopH2_group_0310_0319.slurm,7,1,43,closest_approach,1261,
320,C3_DFTprod_stopH2_0320,expand/C3_DFTprod_stopH2_0320.inp,expand/C3_DFTprod_stopH2_group_0320_0329.slurm,6,1,42,closest_approach,1261,
321,C3_DFTprod_stopH2_0321,expand/C3_DFTprod_stopH2_0321.inp,expand/C3_DFTprod_stopH2_group_0320_0329.slurm,4,1,62,closest_approach,1261,
322,C3_DFTprod_stopH2_0322,expand/C3_DFTprod_stopH2_0322.inp,expand/C3_DFTprod_stopH2_group_0320_0329.slurm,4,1,33,closest_approach,1261,
323,C3_DFTprod_stopH2_0323,expand/C3_DFTprod_stopH2_0323.inp,expand/C3_DFTprod_stopH2_group_0320_0329.slurm,1,1,32,closest_approach,1260,
324,C3_DFTprod_stopH2_0324,expand/C3_DFTprod_stopH2_0324.inp,expand/C3_DFTprod_stopH2_group_0320_0329.slurm,4,1,40,closest_approach,1260,
325,C3_DFTprod_stopH2_0325,expand/C3_DFTprod_stopH2_0325.inp,expand/C3_DFTprod_stopH2_group_0320_0329.slurm,-1,1,47,closest_approach,1259,
326,C3_DFTprod_stopH2_0326,expand/C3_DFTprod_stopH2_0326.inp,expand/C3_DFTprod_stopH2_group_0320_0329.slurm,2,1,27,closest_approach,1259,
327,C3_DFTprod_stopH2_0327,expand/C3_DFTprod_stopH2_0327.inp,expand/C3_DFTprod_stopH2_group_0320_0329.slurm,1,1,29,closest_approach,1259,
328,C3_DFTprod_stopH2_0328,expand/C3_DFTprod_stopH2_0328.inp,expand/C3_DFTprod_stopH2_group_0320_0329.slurm,5,1,36,closest_approach,1259,
329,C3_DFTprod_stopH2_0329,expand/C3_DFTprod_stopH2_0329.inp,expand/C3_DFTprod_stopH2_group_0320_0329.slurm,4,1,37,closest_approach,1259,
330,C3_DFTprod_stopH2_0330,expand/C3_DFTprod_stopH2_0330.inp,expand/C3_DFTprod_stopH2_group_0330_0339.slurm,1,1,37,closest_approach,1258,
331,C3_DFTprod_stopH2_0331,expand/C3_DFTprod_stopH2_0331.inp,expand/C3_DFTprod_stopH2_group_0330_0339.slurm,-1,1,39,closest_approach,1258,
332,C3_DFTprod_stopH2_0332,expand/C3_DFTprod_stopH2_0332.inp,expand/C3_DFTprod_stopH2_group_0330_0339.slurm,1,1,47,closest_approach,1258,
333,C3_DFTprod_stopH2_0333,expand/C3_DFTprod_stopH2_0333.inp,expand/C3_DFTprod_stopH2_group_0330_0339.slurm,5,1,53,closest_approach,1258,
334,C3_DFTprod_stopH2_0334,expand/C3_DFTprod_stopH2_0334.inp,expand/C3_DFTprod_stopH2_group_0330_0339.slurm,1,1,37,closest_approach,1258,
335,C3_DFTprod_stopH2_0335,expand/C3_DFTprod_stopH2_0335.inp,expand/C3_DFTprod_stopH2_group_0330_0339.slurm,4,1,39,closest_approach,1256,
336,C3_DFTprod_stopH2_0336,expand/C3_DFTprod_stopH2_0336.inp,expand/C3_DFTprod_stopH2_group_0330_0339.slurm,1,1,25,closest_approach,1256,
337,C3_DFTprod_stopH2_0337,expand/C3_DFTprod_stopH2_0337.inp,expand/C3_DFTprod_stopH2_group_0330_0339.slurm,0,1,30,closest_approach,1256,
338,C3_DFTprod_stopH2_0338,expand/C3_DFTprod_stopH2_0338.inp,expand/C3_DFTprod_stopH2_group_0330_0339.slurm,2,1,24,closest_approach,1256,
339,C3_DFTprod_stopH2_0339,expand/C3_DFTprod_stopH2_0339.inp,expand/C3_DFTprod_stopH2_group_0330_0339.slurm,4,1,21,closest_approach,1256,
340,C3_DFTprod_stopH2_0340,expand/C3_DFTprod_stopH2_0340.inp,expand/C3_DFTprod_stopH2_group_0340_0349.slurm,5,1,41,closest_approach,1255,
341,C3_DFTprod_stopH2_0341,expand/C3_DFTprod_stopH2_0341.inp,expand/C3_DFTprod_stopH2_group_0340_0349.slurm,0,1,33,closest_approach,1255,
342,C3_DFTprod_stopH2_0342,expand/C3_DFTprod_stopH2_0342.inp,expand/C3_DFTprod_stopH2_group_0340_0349.slurm,2,1,35,closest_approach,1254,
343,C3_DFTprod_stopH2_0343,expand/C3_DFTprod_stopH2_0343.inp,expand/C3_DFTprod_stopH2_group_0340_0349.slurm,0,1,28,closest_approach,1254,
344,C3_DFTprod_stopH2_0344,expand/C3_DFTprod_stopH2_0344.inp,expand/C3_DFTprod_stopH2_group_0340_0349.slurm,1,1,37,closest_approach,1254,
345,C3_DFTprod_stopH2_0345,expand/C3_DFTprod_stopH2_0345.inp,expand/C3_DFTprod_stopH2_group_0340_0349.slurm,2,1,25,closest_approach,1254,
346,C3_DFTprod_stopH2_0346,expand/C3_DFTprod_stopH2_0346.inp,expand/C3_DFTprod_stopH2_group_0340_0349.slurm,4,1,40,closest_approach,1253,
347,C3_DFTprod_stopH2_0347,expand/C3_DFTprod_stopH2_0347.inp,expand/C3_DFTprod_stopH2_group_0340_0349.slurm,0,1,20,closest_approach,1253,
348,C3_DFTprod_stopH2_0348,expand/C3_DFTprod_stopH2_0348.inp,expand/C3_DFTprod_stopH2_group_0340_0349.slurm,-1,1,24,closest_approach,1253,
349,C3_DFTprod_stopH2_0349,expand/C3_DFTprod_stopH2_0349.inp,expand/C3_DFTprod_stopH2_group_0340_0349.slurm,5,1,45,closest_approach,1252,
350,C3_DFTprod_stopH2_0350,expand/C3_DFTprod_stopH2_0350.inp,expand/C3_DFTprod_stopH2_group_0350_0359.slurm,5,1,44,closest_approach,1252,
351,C3_DFTprod_stopH2_0351,expand/C3_DFTprod_stopH2_0351.inp,expand/C3_DFTprod_stopH2_group_0350_0359.slurm,5,1,43,closest_approach,1252,
352,C3_DFTprod_stopH2_0352,expand/C3_DFTprod_stopH2_0352.inp,expand/C3_DFTprod_stopH2_group_0350_0359.slurm,2,1,45,closest_approach,1252,
353,C3_DFTprod_stopH2_0353,expand/C3_DFTprod_stopH2_0353.inp,expand/C3_DFTprod_stopH2_group_0350_0359.slurm,3,1,45,closest_approach,1252,
354,C3_DFTprod_stopH2_0354,expand/C3_DFTprod_stopH2_0354.inp,expand/C3_DFTprod_stopH2_group_0350_0359.slurm,-1,1,29,closest_approach,1252,
355,C3_DFTprod_stopH2_0355,expand/C3_DFTprod_stopH2_0355.inp,expand/C3_DFTprod_stopH2_group_0350_0359.slurm,0,1,31,closest_approach,1251,
356,C3_DFTprod_stopH2_0356,expand/C3_DFTprod_stopH2_0356.inp,expand/C3_DFTprod_stopH2_group_0350_0359.slurm,2,1,31,closest_approach,1251,
357,C3_DFTprod_stopH2_0357,expand/C3_DFTprod_stopH2_0357.inp,expand/C3_DFTprod_stopH2_group_0350_0359.slurm,2,1,25,closest_approach,1250,
358,C3_DFTprod_stopH2_0358,expand/C3_DFTprod_stopH2_0358.inp,expand/C3_DFTprod_stopH2_group_0350_0359.slurm,2,1,38,closest_approach,1250,
359,C3_DFTprod_stopH2_0359,expand/C3_DFTprod_stopH2_0359.inp,expand/C3_DFTprod_stopH2_group_0350_0359.slurm,0,1,29,closest_approach,1249,
360,C3_DFTprod_stopH2_0360,expand/C3_DFTprod_stopH2_0360.inp,expand/C3_DFTprod_stopH2_group_0360_0369.slurm,3,1,57,closest_approach,1249,
361,C3_DFTprod_stopH2_0361,expand/C3_DFTprod_stopH2_0361.inp,expand/C3_DFTprod_stopH2_group_0360_0369.slurm,4,1,25,closest_approach,1248,
362,C3_DFTprod_stopH2_0362,expand/C3_DFTprod_stopH2_0362.inp,expand/C3_DFTprod_stopH2_group_0360_0369.slurm,-2,1,35,closest_approach,1248,
363,C3_DFTprod_stopH2_0363,expand/C3_DFTprod_stopH2_0363.inp,expand/C3_DFTprod_stopH2_group_0360_0369.slurm,-3,1,29,closest_approach,1248,
364,C3_DFTprod_stopH2_0364,expand/C3_DFTprod_stopH2_0364.inp,expand/C3_DFTprod_stopH2_group_0360_0369.slurm,0,1,18,closest_approach,1248,
365,C3_DFTprod_stopH2_0365,expand/C3_DFTprod_stopH2_0365.inp,expand/C3_DFTprod_stopH2_group_0360_0369.slurm,-1,1,26,closest_approach,1247,
366,C3_DFTprod_stopH2_0366,expand/C3_DFTprod_stopH2_0366.inp,expand/C3_DFTprod_stopH2_group_0360_0369.slurm,-2,1,29,closest_approach,1247,
367,C3_DFTprod_stopH2_0367,expand/C3_DFTprod_stopH2_0367.inp,expand/C3_DFTprod_stopH2_group_0360_0369.slurm,0,1,30,closest_approach,1247,
368,C3_DFTprod_stopH2_0368,expand/C3_DFTprod_stopH2_0368.inp,expand/C3_DFTprod_stopH2_group_0360_0369.slurm,0,1,26,closest_approach,1247,
369,C3_DFTprod_stopH2_0369,expand/C3_DFTprod_stopH2_0369.inp,expand/C3_DFTprod_stopH2_group_0360_0369.slurm,2,1,34,closest_approach,1246,
370,C3_DFTprod_stopH2_0370,expand/C3_DFTprod_stopH2_0370.inp,expand/C3_DFTprod_stopH2_group_0370_0379.slurm,3,1,30,closest_approach,1246,
371,C3_DFTprod_stopH2_0371,expand/C3_DFTprod_stopH2_0371.inp,expand/C3_DFTprod_stopH2_group_0370_0379.slurm,-1,1,23,closest_approach,1246,
372,C3_DFTprod_stopH2_0372,expand/C3_DFTprod_stopH2_0372.inp,expand/C3_DFTprod_stopH2_group_0370_0379.slurm,2,1,30,closest_approach,1246,
373,C3_DFTprod_stopH2_0373,expand/C3_DFTprod_stopH2_0373.inp,expand/C3_DFTprod_stopH2_group_0370_0379.slurm,-2,1,27,closest_approach,1246,
374,C3_DFTprod_stopH2_0374,expand/C3_DFTprod_stopH2_0374.inp,expand/C3_DFTprod_stopH2_group_0370_0379.slurm,1,1,27,closest_approach,1245,
375,C3_DFTprod_stopH2_0375,expand/C3_DFTprod_stopH2_0375.inp,expand/C3_DFTprod_stopH2_group_0370_0379.slurm,1,1,37,closest_approach,1245,
376,C3_DFTprod_stopH2_0376,expand/C3_DFTprod_stopH2_0376.inp,expand/C3_DFTprod_stopH2_group_0370_0379.slurm,0,1,28,closest_approach,1244,
377,C3_DFTprod_stopH2_0377,expand/C3_DFTprod_stopH2_0377.inp,expand/C3_DFTprod_stopH2_group_0370_0379.slurm,0,1,25,closest_approach,1243,
378,C3_DFTprod_stopH2_0378,expand/C3_DFTprod_stopH2_0378.inp,expand/C3_DFTprod_stopH2_group_0370_0379.slurm,0,1,25,closest_approach,1243,
379,C3_DFTprod_stopH2_0379,expand/C3_DFTprod_stopH2_0379.inp,expand/C3_DFTprod_stopH2_group_0370_0379.slurm,-2,1,28,closest_approach,1243,
380,C3_DFTprod_stopH2_0380,expand/C3_DFTprod_stopH2_0380.inp,expand/C3_DFTprod_stopH2_group_0380_0389.slurm,5,1,32,closest_approach,1242,
381,C3_DFTprod_stopH2_0381,expand/C3_DFTprod_stopH2_0381.inp,expand/C3_DFTprod_stopH2_group_0380_0389.slurm,2,1,39,closest_approach,1242,
382,C3_DFTprod_stopH2_0382,expand/C3_DFTprod_stopH2_0382.inp,expand/C3_DFTprod_stopH2_group_0380_0389.slurm,4,1,36,closest_approach,1242,
383,C3_DFTprod_stopH2_0383,expand/C3_DFTprod_stopH2_0383.inp,expand/C3_DFTprod_stopH2_group_0380_0389.slurm,1,1,25,closest_approach,1240,
384,C3_DFTprod_stopH2_0384,expand/C3_DFTprod_stopH2_0384.inp,expand/C3_DFTprod_stopH2_group_0380_0389.slurm,2,1,29,closest_approach,1240,
385,C3_DFTprod_stopH2_0385,expand/C3_DFTprod_stopH2_0385.inp,expand/C3_DFTprod_stopH2_group_0380_0389.slurm,-3,1,31,closest_approach,1240,
386,C3_DFTprod_stopH2_0386,expand/C3_DFTprod_stopH2_0386.inp,expand/C3_DFTprod_stopH2_group_0380_0389.slurm,2,1,36,closest_approach,1240,
387,C3_DFTprod_stopH2_0387,expand/C3_DFTprod_stopH2_0387.inp,expand/C3_DFTprod_stopH2_group_0380_0389.slurm,1,1,19,closest_approach,1240,
388,C3_DFTprod_stopH2_0388,expand/C3_DFTprod_stopH2_0388.inp,expand/C3_DFTprod_stopH2_group_0380_0389.slurm,3,1,27,closest_approach,1240,
389,C3_DFTprod_stopH2_0389,expand/C3_DFTprod_stopH2_0389.inp,expand/C3_DFTprod_stopH2_group_0380_0389.slurm,-1,1,34,closest_approach,1240,
390,C3_DFTprod_stopH2_0390,expand/C3_DFTprod_stopH2_0390.inp,expand/C3_DFTprod_stopH2_group_0390_0399.slurm,-1,1,49,closest_approach,1239,
391,C3_DFTprod_stopH2_0391,expand/C3_DFTprod_stopH2_0391.inp,expand/C3_DFTprod_stopH2_group_0390_0399.slurm,3,1,54,closest_approach,1239,
392,C3_DFTprod_stopH2_0392,expand/C3_DFTprod_stopH2_0392.inp,expand/C3_DFTprod_stopH2_group_0390_0399.slurm,1,1,26,closest_approach,1239,
393,C3_DFTprod_stopH2_0393,expand/C3_DFTprod_stopH2_0393.inp,expand/C3_DFTprod_stopH2_group_0390_0399.slurm,1,1,28,closest_approach,1239,
394,C3_DFTprod_stopH2_0394,expand/C3_DFTprod_stopH2_0394.inp,expand/C3_DFTprod_stopH2_group_0390_0399.slurm,4,1,30,closest_approach,1239,
395,C3_DFTprod_stopH2_0395,expand/C3_DFTprod_stopH2_0395.inp,expand/C3_DFTprod_stopH2_group_0390_0399.slurm,3,1,24,closest_approach,1239,
396,C3_DFTprod_stopH2_0396,expand/C3_DFTprod_stopH2_0396.inp,expand/C3_DFTprod_stopH2_group_0390_0399.slurm,-2,1,30,closest_approach,1238,
397,C3_DFTprod_stopH2_0397,expand/C3_DFTprod_stopH2_0397.inp,expand/C3_DFTprod_stopH2_group_0390_0399.slurm,0,1,34,closest_approach,1238,
398,C3_DFTprod_stopH2_0398,expand/C3_DFTprod_stopH2_0398.inp,expand/C3_DFTprod_stopH2_group_0390_0399.slurm,6,1,38,closest_approach,1238,
399,C3_DFTprod_stopH2_0399,expand/C3_DFTprod_stopH2_0399.inp,expand/C3_DFTprod_stopH2_group_0390_0399.slurm,-3,1,17,closest_approach,1238,
400,C3_DFTprod_stopH2_0400,expand/C3_DFTprod_stopH2_0400.inp,expand/C3_DFTprod_stopH2_group_0400_0409.slurm,6,1,14,closest_approach,1375,
401,C3_DFTprod_stopH2_0401,expand/C3_DFTprod_stopH2_0401.inp,expand/C3_DFTprod_stopH2_group_0400_0409.slurm,1,1,24,closest_approach,1374,
402,C3_DFTprod_stopH2_0402,expand/C3_DFTprod_stopH2_0402.inp,expand/C3_DFTprod_stopH2_group_0400_0409.slurm,-2,1,19,closest_approach,1374,
403,C3_DFTprod_stopH2_0403,expand/C3_DFTprod_stopH2_0403.inp,expand/C3_DFTprod_stopH2_group_0400_0409.slurm,2,1,25,closest_approach,1373,
404,C3_DFTprod_stopH2_0404,expand/C3_DFTprod_stopH2_0404.inp,expand/C3_DFTprod_stopH2_group_0400_0409.slurm,2,1,16,closest_approach,1373,
405,C3_DFTprod_stopH2_0405,expand/C3_DFTprod_stopH2_0405.inp,expand/C3_DFTprod_stopH2_group_0400_0409.slurm,0,1,17,closest_approach,1369,
406,C3_DFTprod_stopH2_0406,expand/C3_DFTprod_stopH2_0406.inp,expand/C3_DFTprod_stopH2_group_0400_0409.slurm,4,1,23,closest_approach,1367,
407,C3_DFTprod_stopH2_0407,expand/C3_DFTprod_stopH2_0407.inp,expand/C3_DFTprod_stopH2_group_0400_0409.slurm,0,1,19,closest_approach,1366,
408,C3_DFTprod_stopH2_0408,expand/C3_DFTprod_stopH2_0408.inp,expand/C3_DFTprod_stopH2_group_0400_0409.slurm,1,1,20,closest_approach,1364,
409,C3_DFTprod_stopH2_0409,expand/C3_DFTprod_stopH2_0409.inp,expand/C3_DFTprod_stopH2_group_0400_0409.slurm,-1,1,26,closest_approach,1364,
410,C3_DFTprod_stopH2_0410,expand/C3_DFTprod_stopH2_0410.inp,expand/C3_DFTprod_stopH2_group_0410_0419.slurm,-2,1,26,closest_approach,1362,
411,C3_DFTprod_stopH2_0411,expand/C3_DFTprod_stopH2_0411.inp,expand/C3_DFTprod_stopH2_group_0410_0419.slurm,2,1,27,closest_approach,1362,
412,C3_DFTprod_stopH2_0412,expand/C3_DFTprod_stopH2_0412.inp,expand/C3_DFTprod_stopH2_group_0410_0419.slurm,2,1,19,closest_approach,1361,
413,C3_DFTprod_stopH2_0413,expand/C3_DFTprod_stopH2_0413.inp,expand/C3_DFTprod_stopH2_group_0410_0419.slurm,1,1,24,closest_approach,1360,
414,C3_DFTprod_stopH2_0414,expand/C3_DFTprod_stopH2_0414.inp,expand/C3_DFTprod_stopH2_group_0410_0419.slurm,1,1,13,closest_approach,1359,
415,C3_DFTprod_stopH2_0415,expand/C3_DFTprod_stopH2_0415.inp,expand/C3_DFTprod_stopH2_group_0410_0419.slurm,2,1,15,closest_approach,1357,
416,C3_DFTprod_stopH2_0416,expand/C3_DFTprod_stopH2_0416.inp,expand/C3_DFTprod_stopH2_group_0410_0419.slurm,5,1,17,closest_approach,1356,
417,C3_DFTprod_stopH2_0417,expand/C3_DFTprod_stopH2_0417.inp,expand/C3_DFTprod_stopH2_group_0410_0419.slurm,-1,1,28,closest_approach,1356,
418,C3_DFTprod_stopH2_0418,expand/C3_DFTprod_stopH2_0418.inp,expand/C3_DFTprod_stopH2_group_0410_0419.slurm,0,1,18,closest_approach,1355,
419,C3_DFTprod_stopH2_0419,expand/C3_DFTprod_stopH2_0419.inp,expand/C3_DFTprod_stopH2_group_0410_0419.slurm,2,1,24,closest_approach,1354,
420,C3_DFTprod_stopH2_0420,expand/C3_DFTprod_stopH2_0420.inp,expand/C3_DFTprod_stopH2_group_0420_0429.slurm,-2,1,23,closest_approach,1353,
421,C3_DFTprod_stopH2_0421,expand/C3_DFTprod_stopH2_0421.inp,expand/C3_DFTprod_stopH2_group_0420_0429.slurm,2,1,17,closest_approach,1352,
422,C3_DFTprod_stopH2_0422,expand/C3_DFTprod_stopH2_0422.inp,expand/C3_DFTprod_stopH2_group_0420_0429.slurm,0,1,24,closest_approach,1352,
423,C3_DFTprod_stopH2_0423,expand/C3_DFTprod_stopH2_0423.inp,expand/C3_DFTprod_stopH2_group_0420_0429.slurm,-2,1,19,closest_approach,1352,
424,C3_DFTprod_stopH2_0424,expand/C3_DFTprod_stopH2_0424.inp,expand/C3_DFTprod_stopH2_group_0420_0429.slurm,0,1,19,closest_approach,1351,
425,C3_DFTprod_stopH2_0425,expand/C3_DFTprod_stopH2_0425.inp,expand/C3_DFTprod_stopH2_group_0420_0429.slurm,0,1,16,closest_approach,1351,
426,C3_DFTprod_stopH2_0426,expand/C3_DFTprod_stopH2_0426.inp,expand/C3_DFTprod_stopH2_group_0420_0429.slurm,1,1,18,closest_approach,1350,
427,C3_DFTprod_stopH2_0427,expand/C3_DFTprod_stopH2_0427.inp,expand/C3_DFTprod_stopH2_group_0420_0429.slurm,3,1,21,closest_approach,1350,
428,C3_DFTprod_stopH2_0428,expand/C3_DFTprod_stopH2_0428.inp,expand/C3_DFTprod_stopH2_group_0420_0429.slurm,0,1,15,closest_approach,1349,
429,C3_DFTprod_stopH2_0429,expand/C3_DFTprod_stopH2_0429.inp,expand/C3_DFTprod_stopH2_group_0420_0429.slurm,0,1,16,closest_approach,1348,
430,C3_DFTprod_stopH2_0430,expand/C3_DFTprod_stopH2_0430.inp,expand/C3_DFTprod_stopH2_group_0430_0439.slurm,0,1,12,closest_approach,1347,
431,C3_DFTprod_stopH2_0431,expand/C3_DFTprod_stopH2_0431.inp,expand/C3_DFTprod_stopH2_group_0430_0439.slurm,3,1,30,closest_approach,1347,
432,C3_DFTprod_stopH2_0432,expand/C3_DFTprod_stopH2_0432.inp,expand/C3_DFTprod_stopH2_group_0430_0439.slurm,-2,1,19,closest_approach,1347,
433,C3_DFTprod_stopH2_0433,expand/C3_DFTprod_stopH2_0433.inp,expand/C3_DFTprod_stopH2_group_0430_0439.slurm,2,1,17,closest_approach,1346,
434,C3_DFTprod_stopH2_0434,expand/C3_DFTprod_stopH2_0434.inp,expand/C3_DFTprod_stopH2_group_0430_0439.slurm,0,1,27,closest_approach,1346,
435,C3_DFTprod_stopH2_0435,expand/C3_DFTprod_stopH2_0435.inp,expand/C3_DFTprod_stopH2_group_0430_0439.slurm,-2,1,19,closest_approach,1345,
436,C3_DFTprod_stopH2_0436,expand/C3_DFTprod_stopH2_0436.inp,expand/C3_DFTprod_stopH2_group_0430_0439.slurm,1,1,20,closest_approach,1345,
437,C3_DFTprod_stopH2_0437,expand/C3_DFTprod_stopH2_0437.inp,expand/C3_DFTprod_stopH2_group_0430_0439.slurm,-4,1,20,closest_approach,1344,
438,C3_DFTprod_stopH2_0438,expand/C3_DFTprod_stopH2_0438.inp,expand/C3_DFTprod_stopH2_group_0430_0439.slurm,3,1,19,closest_approach,1343,
439,C3_DFTprod_stopH2_0439,expand/C3_DFTprod_stopH2_0439.inp,expand/C3_DFTprod_stopH2_group_0430_0439.slurm,4,1,17,closest_approach,1343,
440,C3_DFTprod_stopH2_0440,expand/C3_DFTprod_stopH2_0440.inp,expand/C3_DFTprod_stopH2_group_0440_0449.slurm,0,1,13,closest_approach,1343,
441,C3_DFTprod_stopH2_0441,expand/C3_DFTprod_stopH2_0441.inp,expand/C3_DFTprod_stopH2_group_0440_0449.slurm,3,1,17,closest_approach,1341,
442,C3_DFTprod_stopH2_0442,expand/C3_DFTprod_stopH2_0442.inp,expand/C3_DFTprod_stopH2_group_0440_0449.slurm,5,1,21,closest_approach,1341,
443,C3_DFTprod_stopH2_0443,expand/C3_DFTprod_stopH2_0443.inp,expand/C3_DFTprod_stopH2_group_0440_0449.slurm,0,1,18,closest_approach,1341,
444,C3_DFTprod_stopH2_0444,expand/C3_DFTprod_stopH2_0444.inp,expand/C3_DFTprod_stopH2_group_0440_0449.slurm,0,1,19,closest_approach,1340,
445,C3_DFTprod_stopH2_0445,expand/C3_DFTprod_stopH2_0445.inp,expand/C3_DFTprod_stopH2_group_0440_0449.slurm,0,1,13,closest_approach,1340,
446,C3_DFTprod_stopH2_0446,expand/C3_DFTprod_stopH2_0446.inp,expand/C3_DFTprod_stopH2_group_0440_0449.slurm,-1,1,11,closest_approach,1340,
447,C3_DFTprod_stopH2_0447,expand/C3_DFTprod_stopH2_0447.inp,expand/C3_DFTprod_stopH2_group_0440_0449.slurm,2,1,21,closest_approach,1338,
448,C3_DFTprod_stopH2_0448,expand/C3_DFTprod_stopH2_0448.inp,expand/C3_DFTprod_stopH2_group_0440_0449.slurm,4,1,22,closest_approach,1337,
449,C3_DFTprod_stopH2_0449,expand/C3_DFTprod_stopH2_0449.inp,expand/C3_DFTprod_stopH2_group_0440_0449.slurm,0,1,13,closest_approach,1336,
450,C3_DFTprod_stopH2_0450,expand/C3_DFTprod_stopH2_0450.inp,expand/C3_DFTprod_stopH2_group_0450_0459.slurm,-1,1,18,closest_approach,1335,
451,C3_DFTprod_stopH2_0451,expand/C3_DFTprod_stopH2_0451.inp,expand/C3_DFTprod_stopH2_group_0450_0459.slurm,1,1,17,closest_approach,1334,
452,C3_DFTprod_stopH2_0452,expand/C3_DFTprod_stopH2_0452.inp,expand/C3_DFTprod_stopH2_group_0450_0459.slurm,2,1,11,closest_approach,1334,
453,C3_DFTprod_stopH2_0453,expand/C3_DFTprod_stopH2_0453.inp,expand/C3_DFTprod_stopH2_group_0450_0459.slurm,-4,1,26,closest_approach,1334,
454,C3_DFTprod_stopH2_0454,expand/C3_DFTprod_stopH2_0454.inp,expand/C3_DFTprod_stopH2_group_0450_0459.slurm,1,1,20,closest_approach,1333,
455,C3_DFTprod_stopH2_0455,expand/C3_DFTprod_stopH2_0455.inp,expand/C3_DFTprod_stopH2_group_0450_0459.slurm,1,1,16,closest_approach,1332,
456,C3_DFTprod_stopH2_0456,expand/C3_DFTprod_stopH2_0456.inp,expand/C3_DFTprod_stopH2_group_0450_0459.slurm,4,1,25,closest_approach,1332,
457,C3_DFTprod_stopH2_0457,expand/C3_DFTprod_stopH2_0457.inp,expand/C3_DFTprod_stopH2_group_0450_0459.slurm,3,1,12,closest_approach,1332,
458,C3_DFTprod_stopH2_0458,expand/C3_DFTprod_stopH2_0458.inp,expand/C3_DFTprod_stopH2_group_0450_0459.slurm,0,1,12,closest_approach,1330,
459,C3_DFTprod_stopH2_0459,expand/C3_DFTprod_stopH2_0459.inp,expand/C3_DFTprod_stopH2_group_0450_0459.slurm,-3,1,18,closest_approach,1330,
460,C3_DFTprod_stopH2_0460,expand/C3_DFTprod_stopH2_0460.inp,expand/C3_DFTprod_stopH2_group_0460_0469.slurm,2,1,14,closest_approach,1329,
461,C3_DFTprod_stopH2_0461,expand/C3_DFTprod_stopH2_0461.inp,expand/C3_DFTprod_stopH2_group_0460_0469.slurm,-2,1,21,closest_approach,1328,
462,C3_DFTprod_stopH2_0462,expand/C3_DFTprod_stopH2_0462.inp,expand/C3_DFTprod_stopH2_group_0460_0469.slurm,2,1,14,closest_approach,1327,
463,C3_DFTprod_stopH2_0463,expand/C3_DFTprod_stopH2_0463.inp,expand/C3_DFTprod_stopH2_group_0460_0469.slurm,-1,1,9,closest_approach,1325,
464,C3_DFTprod_stopH2_0464,expand/C3_DFTprod_stopH2_0464.inp,expand/C3_DFTprod_stopH2_group_0460_0469.slurm,-3,1,21,closest_approach,1325,
465,C3_DFTprod_stopH2_0465,expand/C3_DFTprod_stopH2_0465.inp,expand/C3_DFTprod_stopH2_group_0460_0469.slurm,5,1,17,closest_approach,1325,
466,C3_DFTprod_stopH2_0466,expand/C3_DFTprod_stopH2_0466.inp,expand/C3_DFTprod_stopH2_group_0460_0469.slurm,1,1,28,closest_approach,1324,
467,C3_DFTprod_stopH2_0467,expand/C3_DFTprod_stopH2_0467.inp,expand/C3_DFTprod_stopH2_group_0460_0469.slurm,1,1,13,closest_approach,1324,
468,C3_DFTprod_stopH2_0468,expand/C3_DFTprod_stopH2_0468.inp,expand/C3_DFTprod_stopH2_group_0460_0469.slurm,-1,1,19,closest_approach,1323,
469,C3_DFTprod_stopH2_0469,expand/C3_DFTprod_stopH2_0469.inp,expand/C3_DFTprod_stopH2_group_0460_0469.slurm,1,1,19,closest_approach,1323,
470,C3_DFTprod_stopH2_0470,expand/C3_DFTprod_stopH2_0470.inp,expand/C3_DFTprod_stopH2_group_0470_0479.slurm,3,1,18,closest_approach,1322,
471,C3_DFTprod_stopH2_0471,expand/C3_DFTprod_stopH2_0471.inp,expand/C3_DFTprod_stopH2_group_0470_0479.slurm,-2,1,16,closest_approach,1322,
472,C3_DFTprod_stopH2_0472,expand/C3_DFTprod_stopH2_0472.inp,expand/C3_DFTprod_stopH2_group_0470_0479.slurm,-1,1,15,closest_approach,1322,
473,C3_DFTprod_stopH2_0473,expand/C3_DFTprod_stopH2_0473.inp,expand/C3_DFTprod_stopH2_group_0470_0479.slurm,3,1,23,closest_approach,1322,
474,C3_DFTprod_stopH2_0474,expand/C3_DFTprod_stopH2_0474.inp,expand/C3_DFTprod_stopH2_group_0470_0479.slurm,3,1,17,closest_approach,1322,
475,C3_DFTprod_stopH2_0475,expand/C3_DFTprod_stopH2_0475.inp,expand/C3_DFTprod_stopH2_group_0470_0479.slurm,1,1,25,closest_approach,1321,
476,C3_DFTprod_stopH2_0476,expand/C3_DFTprod_stopH2_0476.inp,expand/C3_DFTprod_stopH2_group_0470_0479.slurm,0,1,16,closest_approach,1321,
477,C3_DFTprod_stopH2_0477,expand/C3_DFTprod_stopH2_0477.inp,expand/C3_DFTprod_stopH2_group_0470_0479.slurm,-1,1,17,closest_approach,1320,
478,C3_DFTprod_stopH2_0478,expand/C3_DFTprod_stopH2_0478.inp,expand/C3_DFTprod_stopH2_group_0470_0479.slurm,-2,1,20,closest_approach,1320,
479,C3_DFTprod_stopH2_0479,expand/C3_DFTprod_stopH2_0479.inp,expand/C3_DFTprod_stopH2_group_0470_0479.slurm,4,1,11,closest_approach,1318,
480,C3_DFTprod_stopH2_0480,expand/C3_DFTprod_stopH2_0480.inp,expand/C3_DFTprod_stopH2_group_0480_0489.slurm,2,1,25,closest_approach,1318,
481,C3_DFTprod_stopH2_0481,expand/C3_DFTprod_stopH2_0481.inp,expand/C3_DFTprod_stopH2_group_0480_0489.slurm,0,1,15,closest_approach,1318,
482,C3_DFTprod_stopH2_0482,expand/C3_DFTprod_stopH2_0482.inp,expand/C3_DFTprod_stopH2_group_0480_0489.slurm,-1,1,18,closest_approach,1318,
483,C3_DFTprod_stopH2_0483,expand/C3_DFTprod_stopH2_0483.inp,expand/C3_DFTprod_stopH2_group_0480_0489.slurm,-1,1,11,closest_approach,1318,
484,C3_DFTprod_stopH2_0484,expand/C3_DFTprod_stopH2_0484.inp,expand/C3_DFTprod_stopH2_group_0480_0489.slurm,2,1,11,closest_approach,1317,
485,C3_DFTprod_stopH2_0485,expand/C3_DFTprod_stopH2_0485.inp,expand/C3_DFTprod_stopH2_group_0480_0489.slurm,1,1,16,closest_approach,1317,
486,C3_DFTprod_stopH2_0486,expand/C3_DFTprod_stopH2_0486.inp,expand/C3_DFTprod_stopH2_group_0480_0489.slurm,3,1,22,closest_approach,1317,
487,C3_DFTprod_stopH2_0487,expand/C3_DFTprod_stopH2_0487.inp,expand/C3_DFTprod_stopH2_group_0480_0489.slurm,0,1,13,closest_approach,1317,
488,C3_DFTprod_stopH2_0488,expand/C3_DFTprod_stopH2_0488.inp,expand/C3_DFTprod_stopH2_group_0480_0489.slurm,3,1,19,closest_approach,1316,
489,C3_DFTprod_stopH2_0489,expand/C3_DFTprod_stopH2_0489.inp,expand/C3_DFTprod_stopH2_group_0480_0489.slurm,3,1,19,closest_approach,1316,
490,C3_DFTprod_stopH2_0490,expand/C3_DFTprod_stopH2_0490.inp,expand/C3_DFTprod_stopH2_group_0490_0499.slurm,3,1,19,closest_approach,1316,
491,C3_DFTprod_stopH2_0491,expand/C3_DFTprod_stopH2_0491.inp,expand/C3_DFTprod_stopH2_group_0490_0499.slurm,3,1,18,closest_approach,1316,
492,C3_DFTprod_stopH2_0492,expand/C3_DFTprod_stopH2_0492.inp,expand/C3_DFTprod_stopH2_group_0490_0499.slurm,-3,1,18,closest_approach,1316,
493,C3_DFTprod_stopH2_0493,expand/C3_DFTprod_stopH2_0493.inp,expand/C3_DFTprod_stopH2_group_0490_0499.slurm,-1,1,11,closest_approach,1316,
494,C3_DFTprod_stopH2_0494,expand/C3_DFTprod_stopH2_0494.inp,expand/C3_DFTprod_stopH2_group_0490_0499.slurm,2,1,25,closest_approach,1315,
495,C3_DFTprod_stopH2_0495,expand/C3_DFTprod_stopH2_0495.inp,expand/C3_DFTprod_stopH2_group_0490_0499.slurm,-3,1,20,closest_approach,1315,
496,C3_DFTprod_stopH2_0496,expand/C3_DFTprod_stopH2_0496.inp,expand/C3_DFTprod_stopH2_group_0490_0499.slurm,1,1,22,closest_approach,1314,
497,C3_DFTprod_stopH2_0497,expand/C3_DFTprod_stopH2_0497.inp,expand/C3_DFTprod_stopH2_group_0490_0499.slurm,0,1,27,closest_approach,1314,
498,C3_DFTprod_stopH2_0498,expand/C3_DFTprod_stopH2_0498.inp,expand/C3_DFTprod_stopH2_group_0490_0499.slurm,0,1,17,closest_approach,1314,
499,C3_DFTprod_stopH2_0499,expand/C3_DFTprod_stopH2_0499.inp,expand/C3_DFTprod_stopH2_group_0490_0499.slurm,0,1,13,closest_approach,1314,
500,C3_DFTprod_stopH2_0500,expand/C3_DFTprod_stopH2_0500.inp,expand/C3_DFTprod_stopH2_group_0500_0509.slurm,-3,1,16,closest_approach,1313,
501,C3_DFTprod_stopH2_0501,expand/C3_DFTprod_stopH2_0501.inp,expand/C3_DFTprod_stopH2_group_0500_0509.slurm,1,1,22,closest_approach,1313,
502,C3_DFTprod_stopH2_0502,expand/C3_DFTprod_stopH2_0502.inp,expand/C3_DFTprod_stopH2_group_0500_0509.slurm,-3,1,14,closest_approach,1313,
503,C3_DFTprod_stopH2_0503,expand/C3_DFTprod_stopH2_0503.inp,expand/C3_DFTprod_stopH2_group_0500_0509.slurm,1,1,23,closest_approach,1313,
504,C3_DFTprod_stopH2_0504,expand/C3_DFTprod_stopH2_0504.inp,expand/C3_DFTprod_stopH2_group_0500_0509.slurm,-2,1,13,closest_approach,1313,
505,C3_DFTprod_stopH2_0505,expand/C3_DFTprod_stopH2_0505.inp,expand/C3_DFTprod_stopH2_group_0500_0509.slurm,0,1,18,closest_approach,1312,
506,C3_DFTprod_stopH2_0506,expand/C3_DFTprod_stopH2_0506.inp,expand/C3_DFTprod_stopH2_group_0500_0509.slurm,-1,1,20,closest_approach,1312,
507,C3_DFTprod_stopH2_0507,expand/C3_DFTprod_stopH2_0507.inp,expand/C3_DFTprod_stopH2_group_0500_0509.slurm,1,1,18,closest_approach,1312,
508,C3_DFTprod_stopH2_0508,expand/C3_DFTprod_stopH2_0508.inp,expand/C3_DFTprod_stopH2_group_0500_0509.slurm,4,1,15,closest_approach,1312,
509,C3_DFTprod_stopH2_0509,expand/C3_DFTprod_stopH2_0509.inp,expand/C3_DFTprod_stopH2_group_0500_0509.slurm,-1,1,21,closest_approach,1312,
510,C3_DFTprod_stopH2_0510,expand/C3_DFTprod_stopH2_0510.inp,expand/C3_DFTprod_stopH2_group_0510_0519.slurm,3,1,25,closest_approach,1312,
511,C3_DFTprod_stopH2_0511,expand/C3_DFTprod_stopH2_0511.inp,expand/C3_DFTprod_stopH2_group_0510_0519.slurm,0,1,10,closest_approach,1312,
512,C3_DFTprod_stopH2_0512,expand/C3_DFTprod_stopH2_0512.inp,expand/C3_DFTprod_stopH2_group_0510_0519.slurm,-3,1,13,closest_approach,1311,
513,C3_DFTprod_stopH2_0513,expand/C3_DFTprod_stopH2_0513.inp,expand/C3_DFTprod_stopH2_group_0510_0519.slurm,3,1,16,closest_approach,1311,
514,C3_DFTprod_stopH2_0514,expand/C3_DFTprod_stopH2_0514.inp,expand/C3_DFTprod_stopH2_group_0510_0519.slurm,0,1,18,closest_approach,1311,
515,C3_DFTprod_stopH2_0515,expand/C3_DFTprod_stopH2_0515.inp,expand/C3_DFTprod_stopH2_group_0510_0519.slurm,0,1,16,closest_approach,1311,
516,C3_DFTprod_stopH2_0516,expand/C3_DFTprod_stopH2_0516.inp,expand/C3_DFTprod_stopH2_group_0510_0519.slurm,0,1,12,closest_approach,1311,
517,C3_DFTprod_stopH2_0517,expand/C3_DFTprod_stopH2_0517.inp,expand/C3_DFTprod_stopH2_group_0510_0519.slurm,-2,1,19,closest_approach,1310,
518,C3_DFTprod_stopH2_0518,expand/C3_DFTprod_stopH2_0518.inp,expand/C3_DFTprod_stopH2_group_0510_0519.slurm,-1,1,16,closest_approach,1310,
519,C3_DFTprod_stopH2_0519,expand/C3_DFTprod_stopH2_0519.inp,expand/C3_DFTprod_stopH2_group_0510_0519.slurm,3,1,16,closest_approach,1310,
520,C3_DFTprod_stopH2_0520,expand/C3_DFTprod_stopH2_0520.inp,expand/C3_DFTprod_stopH2_group_0520_0529.slurm,4,1,32,closest_approach,1310,
521,C3_DFTprod_stopH2_0521,expand/C3_DFTprod_stopH2_0521.inp,expand/C3_DFTprod_stopH2_group_0520_0529.slurm,3,1,17,closest_approach,1310,
522,C3_DFTprod_stopH2_0522,expand/C3_DFTprod_stopH2_0522.inp,expand/C3_DFTprod_stopH2_group_0520_0529.slurm,4,1,17,closest_approach,1309,
523,C3_DFTprod_stopH2_0523,expand/C3_DFTprod_stopH2_0523.inp,expand/C3_DFTprod_stopH2_group_0520_0529.slurm,6,1,16,closest_approach,1309,
524,C3_DFTprod_stopH2_0524,expand/C3_DFTprod_stopH2_0524.inp,expand/C3_DFTprod_stopH2_group_0520_0529.slurm,3,1,21,closest_approach,1309,
525,C3_DFTprod_stopH2_0525,expand/C3_DFTprod_stopH2_0525.inp,expand/C3_DFTprod_stopH2_group_0520_0529.slurm,-1,1,18,closest_approach,1309,
526,C3_DFTprod_stopH2_0526,expand/C3_DFTprod_stopH2_0526.inp,expand/C3_DFTprod_stopH2_group_0520_0529.slurm,-3,1,22,closest_approach,1309,
527,C3_DFTprod_stopH2_0527,expand/C3_DFTprod_stopH2_0527.inp,expand/C3_DFTprod_stopH2_group_0520_0529.slurm,6,1,22,closest_approach,1309,
528,C3_DFTprod_stopH2_0528,expand/C3_DFTprod_stopH2_0528.inp,expand/C3_DFTprod_stopH2_group_0520_0529.slurm,-2,1,14,closest_approach,1309,
529,C3_DFTprod_stopH2_0529,expand/C3_DFTprod_stopH2_0529.inp,expand/C3_DFTprod_stopH2_group_0520_0529.slurm,0,1,12,closest_approach,1309,
530,C3_DFTprod_stopH2_0530,expand/C3_DFTprod_stopH2_0530.inp,expand/C3_DFTprod_stopH2_group_0530_0539.slurm,3,1,18,closest_approach,1309,
531,C3_DFTprod_stopH2_0531,expand/C3_DFTprod_stopH2_0531.inp,expand/C3_DFTprod_stopH2_group_0530_0539.slurm,2,1,22,closest_approach,1308,
532,C3_DFTprod_stopH2_0532,expand/C3_DFTprod_stopH2_0532.inp,expand/C3_DFTprod_stopH2_group_0530_0539.slurm,0,1,20,closest_approach,1308,
533,C3_DFTprod_stopH2_0533,expand/C3_DFTprod_stopH2_0533.inp,expand/C3_DFTprod_stopH2_group_0530_0539.slurm,-3,1,19,closest_approach,1308,
534,C3_DFTprod_stopH2_0534,expand/C3_DFTprod_stopH2_0534.inp,expand/C3_DFTprod_stopH2_group_0530_0539.slurm,2,1,15,closest_approach,1308,
535,C3_DFTprod_stopH2_0535,expand/C3_DFTprod_stopH2_0535.inp,expand/C3_DFTprod_stopH2_group_0530_0539.slurm,-1,1,19,closest_approach,1308,
536,C3_DFTprod_stopH2_0536,expand/C3_DFTprod_stopH2_0536.inp,expand/C3_DFTprod_stopH2_group_0530_0539.slurm,1,1,20,closest_approach,1308,
537,C3_DFTprod_stopH2_0537,expand/C3_DFTprod_stopH2_0537.inp,expand/C3_DFTprod_stopH2_group_0530_0539.slurm,-3,1,27,closest_approach,1308,
538,C3_DFTprod_stopH2_0538,expand/C3_DFTprod_stopH2_0538.inp,expand/C3_DFTprod_stopH2_group_0530_0539.slurm,-1,1,23,closest_approach,1308,
539,C3_DFTprod_stopH2_0539,expand/C3_DFTprod_stopH2_0539.inp,expand/C3_DFTprod_stopH2_group_0530_0539.slurm,-3,1,17,closest_approach,1308,
540,C3_DFTprod_stopH2_0540,expand/C3_DFTprod_stopH2_0540.inp,expand/C3_DFTprod_stopH2_group_0540_0549.slurm,6,1,19,closest_approach,1308,
541,C3_DFTprod_stopH2_0541,expand/C3_DFTprod_stopH2_0541.inp,expand/C3_DFTprod_stopH2_group_0540_0549.slurm,2,1,29,closest_approach,1307,
542,C3_DFTprod_stopH2_0542,expand/C3_DFTprod_stopH2_0542.inp,expand/C3_DFTprod_stopH2_group_0540_0549.slurm,0,1,20,closest_approach,1307,
543,C3_DFTprod_stopH2_0543,expand/C3_DFTprod_stopH2_0543.inp,expand/C3_DFTprod_stopH2_group_0540_0549.slurm,-2,1,15,closest_approach,1307,
544,C3_DFTprod_stopH2_0544,expand/C3_DFTprod_stopH2_0544.inp,expand/C3_DFTprod_stopH2_group_0540_0549.slurm,0,1,21,closest_approach,1307,
545,C3_DFTprod_stopH2_0545,expand/C3_DFTprod_stopH2_0545.inp,expand/C3_DFTprod_stopH2_group_0540_0549.slurm,-1,1,18,closest_approach,1307,
546,C3_DFTprod_stopH2_0546,expand/C3_DFTprod_stopH2_0546.inp,expand/C3_DFTprod_stopH2_group_0540_0549.slurm,4,1,14,closest_approach,1307,
547,C3_DFTprod_stopH2_0547,expand/C3_DFTprod_stopH2_0547.inp,expand/C3_DFTprod_stopH2_group_0540_0549.slurm,1,1,16,closest_approach,1306,
548,C3_DFTprod_stopH2_0548,expand/C3_DFTprod_stopH2_0548.inp,expand/C3_DFTprod_stopH2_group_0540_0549.slurm,3,1,21,closest_approach,1306,
549,C3_DFTprod_stopH2_0549,expand/C3_DFTprod_stopH2_0549.inp,expand/C3_DFTprod_stopH2_group_0540_0549.slurm,-4,1,24,closest_approach,1306,
550,C3_DFTprod_stopH2_0550,expand/C3_DFTprod_stopH2_0550.inp,expand/C3_DFTprod_stopH2_group_0550_0559.slurm,-3,1,21,closest_approach,1306,
551,C3_DFTprod_stopH2_0551,expand/C3_DFTprod_stopH2_0551.inp,expand/C3_DFTprod_stopH2_group_0550_0559.slurm,5,1,23,closest_approach,1306,
552,C3_DFTprod_stopH2_0552,expand/C3_DFTprod_stopH2_0552.inp,expand/C3_DFTprod_stopH2_group_0550_0559.slurm,-1,1,17,closest_approach,1306,
553,C3_DFTprod_stopH2_0553,expand/C3_DFTprod_stopH2_0553.inp,expand/C3_DFTprod_stopH2_group_0550_0559.slurm,-4,1,18,closest_approach,1306,
554,C3_DFTprod_stopH2_0554,expand/C3_DFTprod_stopH2_0554.inp,expand/C3_DFTprod_stopH2_group_0550_0559.slurm,-3,1,16,closest_approach,1306,
555,C3_DFTprod_stopH2_0555,expand/C3_DFTprod_stopH2_0555.inp,expand/C3_DFTprod_stopH2_group_0550_0559.slurm,-1,1,21,closest_approach,1306,
556,C3_DFTprod_stopH2_0556,expand/C3_DFTprod_stopH2_0556.inp,expand/C3_DFTprod_stopH2_group_0550_0559.slurm,3,1,18,closest_approach,1306,
557,C3_DFTprod_stopH2_0557,expand/C3_DFTprod_stopH2_0557.inp,expand/C3_DFTprod_stopH2_group_0550_0559.slurm,2,1,24,closest_approach,1305,
558,C3_DFTprod_stopH2_0558,expand/C3_DFTprod_stopH2_0558.inp,expand/C3_DFTprod_stopH2_group_0550_0559.slurm,4,1,16,closest_approach,1305,
559,C3_DFTprod_stopH2_0559,expand/C3_DFTprod_stopH2_0559.inp,expand/C3_DFTprod_stopH2_group_0550_0559.slurm,4,1,24,closest_approach,1305,
560,C3_DFTprod_stopH2_0560,expand/C3_DFTprod_stopH2_0560.inp,expand/C3_DFTprod_stopH2_group_0560_0569.slurm,-2,1,19,closest_approach,1305,
561,C3_DFTprod_stopH2_0561,expand/C3_DFTprod_stopH2_0561.inp,expand/C3_DFTprod_stopH2_group_0560_0569.slurm,0,1,13,closest_approach,1305,
562,C3_DFTprod_stopH2_0562,expand/C3_DFTprod_stopH2_0562.inp,expand/C3_DFTprod_stopH2_group_0560_0569.slurm,-1,1,14,closest_approach,1305,
563,C3_DFTprod_stopH2_0563,expand/C3_DFTprod_stopH2_0563.inp,expand/C3_DFTprod_stopH2_group_0560_0569.slurm,-2,1,20,closest_approach,1305,
564,C3_DFTprod_stopH2_0564,expand/C3_DFTprod_stopH2_0564.inp,expand/C3_DFTprod_stopH2_group_0560_0569.slurm,-2,1,13,closest_approach,1305,
565,C3_DFTprod_stopH2_0565,expand/C3_DFTprod_stopH2_0565.inp,expand/C3_DFTprod_stopH2_group_0560_0569.slurm,5,1,26,closest_approach,1305,
566,C3_DFTprod_stopH2_0566,expand/C3_DFTprod_stopH2_0566.inp,expand/C3_DFTprod_stopH2_group_0560_0569.slurm,2,1,18,closest_approach,1305,
567,C3_DFTprod_stopH2_0567,expand/C3_DFTprod_stopH2_0567.inp,expand/C3_DFTprod_stopH2_group_0560_0569.slurm,0,1,18,closest_approach,1304,
568,C3_DFTprod_stopH2_0568,expand/C3_DFTprod_stopH2_0568.inp,expand/C3_DFTprod_stopH2_group_0560_0569.slurm,-6,1,13,closest_approach,1304,
569,C3_DFTprod_stopH2_0569,expand/C3_DFTprod_stopH2_0569.inp,expand/C3_DFTprod_stopH2_group_0560_0569.slurm,0,1,18,closest_approach,1304,
570,C3_DFTprod_stopH2_0570,expand/C3_DFTprod_stopH2_0570.inp,expand/C3_DFTprod_stopH2_group_0570_0579.slurm,0,1,23,closest_approach,1304,
571,C3_DFTprod_stopH2_0571,expand/C3_DFTprod_stopH2_0571.inp,expand/C3_DFTprod_stopH2_group_0570_0579.slurm,-2,1,23,closest_approach,1304,
572,C3_DFTprod_stopH2_0572,expand/C3_DFTprod_stopH2_0572.inp,expand/C3_DFTprod_stopH2_group_0570_0579.slurm,2,1,27,closest_approach,1304,
573,C3_DFTprod_stopH2_0573,expand/C3_DFTprod_stopH2_0573.inp,expand/C3_DFTprod_stopH2_group_0570_0579.slurm,1,1,19,closest_approach,1304,
574,C3_DFTprod_stopH2_0574,expand/C3_DFTprod_stopH2_0574.inp,expand/C3_DFTprod_stopH2_group_0570_0579.slurm,1,1,13,closest_approach,1304,
575,C3_DFTprod_stopH2_0575,expand/C3_DFTprod_stopH2_0575.inp,expand/C3_DFTprod_stopH2_group_0570_0579.slurm,-2,1,14,closest_approach,1304,
576,C3_DFTprod_stopH2_0576,expand/C3_DFTprod_stopH2_0576.inp,expand/C3_DFTprod_stopH2_group_0570_0579.slurm,-1,1,21,closest_approach,1304,
577,C3_DFTprod_stopH2_0577,expand/C3_DFTprod_stopH2_0577.inp,expand/C3_DFTprod_stopH2_group_0570_0579.slurm,-4,1,22,closest_approach,1303,
578,C3_DFTprod_stopH2_0578,expand/C3_DFTprod_stopH2_0578.inp,expand/C3_DFTprod_stopH2_group_0570_0579.slurm,4,1,23,closest_approach,1303,
579,C3_DFTprod_stopH2_0579,expand/C3_DFTprod_stopH2_0579.inp,expand/C3_DFTprod_stopH2_group_0570_0579.slurm,0,1,18,closest_approach,1303,
580,C3_DFTprod_stopH2_0580,expand/C3_DFTprod_stopH2_0580.inp,expand/C3_DFTprod_stopH2_group_0580_0589.slurm,1,1,14,closest_approach,1303,
581,C3_DFTprod_stopH2_0581,expand/C3_DFTprod_stopH2_0581.inp,expand/C3_DFTprod_stopH2_group_0580_0589.slurm,2,1,12,closest_approach,1302,
582,C3_DFTprod_stopH2_0582,expand/C3_DFTprod_stopH2_0582.inp,expand/C3_DFTprod_stopH2_group_0580_0589.slurm,4,1,19,closest_approach,1302,
583,C3_DFTprod_stopH2_0583,expand/C3_DFTprod_stopH2_0583.inp,expand/C3_DFTprod_stopH2_group_0580_0589.slurm,-4,1,12,closest_approach,1302,
584,C3_DFTprod_stopH2_0584,expand/C3_DFTprod_stopH2_0584.inp,expand/C3_DFTprod_stopH2_group_0580_0589.slurm,-1,1,28,closest_approach,1302,
585,C3_DFTprod_stopH2_0585,expand/C3_DFTprod_stopH2_0585.inp,expand/C3_DFTprod_stopH2_group_0580_0589.slurm,2,1,25,closest_approach,1302,
586,C3_DFTprod_stopH2_0586,expand/C3_DFTprod_stopH2_0586.inp,expand/C3_DFTprod_stopH2_group_0580_0589.slurm,1,1,23,closest_approach,1302,
587,C3_DFTprod_stopH2_0587,expand/C3_DFTprod_stopH2_0587.inp,expand/C3_DFTprod_stopH2_group_0580_0589.slurm,5,1,28,closest_approach,1302,
588,C3_DFTprod_stopH2_0588,expand/C3_DFTprod_stopH2_0588.inp,expand/C3_DFTprod_stopH2_group_0580_0589.slurm,3,1,15,closest_approach,1302,
589,C3_DFTprod_stopH2_0589,expand/C3_DFTprod_stopH2_0589.inp,expand/C3_DFTprod_stopH2_group_0580_0589.slurm,13,1,31,closest_approach,1302,
590,C3_DFTprod_stopH2_0590,expand/C3_DFTprod_stopH2_0590.inp,expand/C3_DFTprod_stopH2_group_0590_0599.slurm,0,1,22,closest_approach,1302,
591,C3_DFTprod_stopH2_0591,expand/C3_DFTprod_stopH2_0591.inp,expand/C3_DFTprod_stopH2_group_0590_0599.slurm,2,1,24,closest_approach,1301,
592,C3_DFTprod_stopH2_0592,expand/C3_DFTprod_stopH2_0592.inp,expand/C3_DFTprod_stopH2_group_0590_0599.slurm,1,1,27,closest_approach,1301,
593,C3_DFTprod_stopH2_0593,expand/C3_DFTprod_stopH2_0593.inp,expand/C3_DFTprod_stopH2_group_0590_0599.slurm,1,1,20,closest_approach,1301,
594,C3_DFTprod_stopH2_0594,expand/C3_DFTprod_stopH2_0594.inp,expand/C3_DFTprod_stopH2_group_0590_0599.slurm,1,1,26,closest_approach,1301,
595,C3_DFTprod_stopH2_0595,expand/C3_DFTprod_stopH2_0595.inp,expand/C3_DFTprod_stopH2_group_0590_0599.slurm,4,1,22,closest_approach,1301,
596,C3_DFTprod_stopH2_0596,expand/C3_DFTprod_stopH2_0596.inp,expand/C3_DFTprod_stopH2_group_0590_0599.slurm,1,1,16,closest_approach,1301,
597,C3_DFTprod_stopH2_0597,expand/C3_DFTprod_stopH2_0597.inp,expand/C3_DFTprod_stopH2_group_0590_0599.slurm,1,1,22,closest_approach,1301,
598,C3_DFTprod_stopH2_0598,expand/C3_DFTprod_stopH2_0598.inp,expand/C3_DFTprod_stopH2_group_0590_0599.slurm,4,1,34,closest_approach,1301,
599,C3_DFTprod_stopH2_0599,expand/C3_DFTprod_stopH2_0599.inp,expand/C3_DFTprod_stopH2_group_0590_0599.slurm,4,1,16,closest_approach,1301,
600,C3_DFTprod_stopH2_0600,expand/C3_DFTprod_stopH2_0600.inp,expand/C3_DFTprod_stopH2_group_0600_0609.slurm,3,1,33,closest_approach,1429,
601,C3_DFTprod_stopH2_0601,expand/C3_DFTprod_stopH2_0601.inp,expand/C3_DFTprod_stopH2_group_0600_0609.slurm,0,1,18,closest_approach,1429,
602,C3_DFTprod_stopH2_0602,expand/C3_DFTprod_stopH2_0602.inp,expand/C3_DFTprod_stopH2_group_0600_0609.slurm,-1,1,17,closest_approach,1429,
603,C3_DFTprod_stopH2_0603,expand/C3_DFTprod_stopH2_0603.inp,expand/C3_DFTprod_stopH2_group_0600_0609.slurm,4,1,24,closest_approach,1428,
604,C3_DFTprod_stopH2_0604,expand/C3_DFTprod_stopH2_0604.inp,expand/C3_DFTprod_stopH2_group_0600_0609.slurm,4,1,30,closest_approach,1428,
605,C3_DFTprod_stopH2_0605,expand/C3_DFTprod_stopH2_0605.inp,expand/C3_DFTprod_stopH2_group_0600_0609.slurm,-3,1,21,closest_approach,1428,
606,C3_DFTprod_stopH2_0606,expand/C3_DFTprod_stopH2_0606.inp,expand/C3_DFTprod_stopH2_group_0600_0609.slurm,1,1,19,closest_approach,1427,
607,C3_DFTprod_stopH2_0607,expand/C3_DFTprod_stopH2_0607.inp,expand/C3_DFTprod_stopH2_group_0600_0609.slurm,0,1,24,closest_approach,1427,
608,C3_DFTprod_stopH2_0608,expand/C3_DFTprod_stopH2_0608.inp,expand/C3_DFTprod_stopH2_group_0600_0609.slurm,-1,1,23,closest_approach,1427,
609,C3_DFTprod_stopH2_0609,expand/C3_DFTprod_stopH2_0609.inp,expand/C3_DFTprod_stopH2_group_0600_0609.slurm,4,1,17,closest_approach,1426,
610,C3_DFTprod_stopH2_0610,expand/C3_DFTprod_stopH2_0610.inp,expand/C3_DFTprod_stopH2_group_0610_0619.slurm,-1,1,26,closest_approach,1426,
611,C3_DFTprod_stopH2_0611,expand/C3_DFTprod_stopH2_0611.inp,expand/C3_DFTprod_stopH2_group_0610_0619.slurm,0,1,24,closest_approach,1426,
612,C3_DFTprod_stopH2_0612,expand/C3_DFTprod_stopH2_0612.inp,expand/C3_DFTprod_stopH2_group_0610_0619.slurm,0,1,29,closest_approach,1425,
613,C3_DFTprod_stopH2_0613,expand/C3_DFTprod_stopH2_0613.inp,expand/C3_DFTprod_stopH2_group_0610_0619.slurm,4,1,17,closest_approach,1425,
614,C3_DFTprod_stopH2_0614,expand/C3_DFTprod_stopH2_0614.inp,expand/C3_DFTprod_stopH2_group_0610_0619.slurm,-2,1,22,closest_approach,1424,
615,C3_DFTprod_stopH2_0615,expand/C3_DFTprod_stopH2_0615.inp,expand/C3_DFTprod_stopH2_group_0610_0619.slurm,1,1,26,closest_approach,1423,
616,C3_DFTprod_stopH2_0616,expand/C3_DFTprod_stopH2_0616.inp,expand/C3_DFTprod_stopH2_group_0610_0619.slurm,2,1,27,closest_approach,1422,
617,C3_DFTprod_stopH2_0617,expand/C3_DFTprod_stopH2_0617.inp,expand/C3_DFTprod_stopH2_group_0610_0619.slurm,1,1,25,closest_approach,1421,
618,C3_DFTprod_stopH2_0618,expand/C3_DFTprod_stopH2_0618.inp,expand/C3_DFTprod_stopH2_group_0610_0619.slurm,2,1,26,closest_approach,1421,
619,C3_DFTprod_stopH2_0619,expand/C3_DFTprod_stopH2_0619.inp,expand/C3_DFTprod_stopH2_group_0610_0619.slurm,-2,1,22,closest_approach,1421,
620,C3_DFTprod_stopH2_0620,expand/C3_DFTprod_stopH2_0620.inp,expand/C3_DFTprod_stopH2_group_0620_0629.slurm,3,1,21,closest_approach,1421,
621,C3_DFTprod_stopH2_0621,expand/C3_DFTprod_stopH2_0621.inp,expand/C3_DFTprod_stopH2_group_0620_0629.slurm,0,1,26,closest_approach,1421,
622,C3_DFTprod_stopH2_0622,expand/C3_DFTprod_stopH2_0622.inp,expand/C3_DFTprod_stopH2_group_0620_0629.slurm,6,1,23,closest_approach,1420,
623,C3_DFTprod_stopH2_0623,expand/C3_DFTprod_stopH2_0623.inp,expand/C3_DFTprod_stopH2_group_0620_0629.slurm,2,1,26,closest_approach,1420,
624,C3_DFTprod_stopH2_0624,expand/C3_DFTprod_stopH2_0624.inp,expand/C3_DFTprod_stopH2_group_0620_0629.slurm,1,1,20,closest_approach,1420,
625,C3_DFTprod_stopH2_0625,expand/C3_DFTprod_stopH2_0625.inp,expand/C3_DFTprod_stopH2_group_0620_0629.slurm,3,1,30,closest_approach,1420,
626,C3_DFTprod_stopH2_0626,expand/C3_DFTprod_stopH2_0626.inp,expand/C3_DFTprod_stopH2_group_0620_0629.slurm,-3,1,25,closest_approach,1419,
627,C3_DFTprod_stopH2_0627,expand/C3_DFTprod_stopH2_0627.inp,expand/C3_DFTprod_stopH2_group_0620_0629.slurm,0,1,24,closest_approach,1419,
628,C3_DFTprod_stopH2_0628,expand/C3_DFTprod_stopH2_0628.inp,expand/C3_DFTprod_stopH2_group_0620_0629.slurm,1,1,25,closest_approach,1419,
629,C3_DFTprod_stopH2_0629,expand/C3_DFTprod_stopH2_0629.inp,expand/C3_DFTprod_stopH2_group_0620_0629.slurm,-1,1,23,closest_approach,1418,
630,C3_DFTprod_stopH2_0630,expand/C3_DFTprod_stopH2_0630.inp,expand/C3_DFTprod_stopH2_group_0630_0639.slurm,2,1,31,closest_approach,1417,
631,C3_DFTprod_stopH2_0631,expand/C3_DFTprod_stopH2_0631.inp,expand/C3_DFTprod_stopH2_group_0630_0639.slurm,1,1,36,closest_approach,1417,
632,C3_DFTprod_stopH2_0632,expand/C3_DFTprod_stopH2_0632.inp,expand/C3_DFTprod_stopH2_group_0630_0639.slurm,1,1,22,closest_approach,1417,
633,C3_DFTprod_stopH2_0633,expand/C3_DFTprod_stopH2_0633.inp,expand/C3_DFTprod_stopH2_group_0630_0639.slurm,0,1,28,closest_approach,1417,
634,C3_DFTprod_stopH2_0634,expand/C3_DFTprod_stopH2_0634.inp,expand/C3_DFTprod_stopH2_group_0630_0639.slurm,2,1,26,closest_approach,1416,
635,C3_DFTprod_stopH2_0635,expand/C3_DFTprod_stopH2_0635.inp,expand/C3_DFTprod_stopH2_group_0630_0639.slurm,2,1,28,closest_approach,1416,
636,C3_DFTprod_stopH2_0636,expand/C3_DFTprod_stopH2_0636.inp,expand/C3_DFTprod_stopH2_group_0630_0639.slurm,0,1,21,closest_approach,1416,
637,C3_DFTprod_stopH2_0637,expand/C3_DFTprod_stopH2_0637.inp,expand/C3_DFTprod_stopH2_group_0630_0639.slurm,2,1,22,closest_approach,1415,
638,C3_DFTprod_stopH2_0638,expand/C3_DFTprod_stopH2_0638.inp,expand/C3_DFTprod_stopH2_group_0630_0639.slurm,-3,1,18,closest_approach,1415,
639,C3_DFTprod_stopH2_0639,expand/C3_DFTprod_stopH2_0639.inp,expand/C3_DFTprod_stopH2_group_0630_0639.slurm,1,1,19,closest_approach,1415,
640,C3_DFTprod_stopH2_0640,expand/C3_DFTprod_stopH2_0640.inp,expand/C3_DFTprod_stopH2_group_0640_0649.slurm,-1,1,23,closest_approach,1414,
641,C3_DFTprod_stopH2_0641,expand/C3_DFTprod_stopH2_0641.inp,expand/C3_DFTprod_stopH2_group_0640_0649.slurm,1,1,25,closest_approach,1414,
642,C3_DFTprod_stopH2_0642,expand/C3_DFTprod_stopH2_0642.inp,expand/C3_DFTprod_stopH2_group_0640_0649.slurm,0,1,33,closest_approach,1414,
643,C3_DFTprod_stopH2_0643,expand/C3_DFTprod_stopH2_0643.inp,expand/C3_DFTprod_stopH2_group_0640_0649.slurm,3,1,28,closest_approach,1412,
644,C3_DFTprod_stopH2_0644,expand/C3_DFTprod_stopH2_0644.inp,expand/C3_DFTprod_stopH2_group_0640_0649.slurm,1,1,16,closest_approach,1412,
645,C3_DFTprod_stopH2_0645,expand/C3_DFTprod_stopH2_0645.inp,expand/C3_DFTprod_stopH2_group_0640_0649.slurm,-1,1,20,closest_approach,1412,
646,C3_DFTprod_stopH2_0646,expand/C3_DFTprod_stopH2_0646.inp,expand/C3_DFTprod_stopH2_group_0640_0649.slurm,2,1,20,closest_approach,1411,
647,C3_DFTprod_stopH2_0647,expand/C3_DFTprod_stopH2_0647.inp,expand/C3_DFTprod_stopH2_group_0640_0649.slurm,3,1,28,closest_approach,1410,
648,C3_DFTprod_stopH2_0648,expand/C3_DFTprod_stopH2_0648.inp,expand/C3_DFTprod_stopH2_group_0640_0649.slurm,-2,1,22,closest_approach,1410,
649,C3_DFTprod_stopH2_0649,expand/C3_DFTprod_stopH2_0649.inp,expand/C3_DFTprod_stopH2_group_0640_0649.slurm,2,1,23,closest_approach,1410,
650,C3_DFTprod_stopH2_0650,expand/C3_DFTprod_stopH2_0650.inp,expand/C3_DFTprod_stopH2_group_0650_0659.slurm,0,1,26,closest_approach,1409,
651,C3_DFTprod_stopH2_0651,expand/C3_DFTprod_stopH2_0651.inp,expand/C3_DFTprod_stopH2_group_0650_0659.slurm,1,1,22,closest_approach,1409,
652,C3_DFTprod_stopH2_0652,expand/C3_DFTprod_stopH2_0652.inp,expand/C3_DFTprod_stopH2_group_0650_0659.slurm,1,1,19,closest_approach,1409,
653,C3_DFTprod_stopH2_0653,expand/C3_DFTprod_stopH2_0653.inp,expand/C3_DFTprod_stopH2_group_0650_0659.slurm,2,1,21,closest_approach,1409,
654,C3_DFTprod_stopH2_0654,expand/C3_DFTprod_stopH2_0654.inp,expand/C3_DFTprod_stopH2_group_0650_0659.slurm,3,1,25,closest_approach,1408,
655,C3_DFTprod_stopH2_0655,expand/C3_DFTprod_stopH2_0655.inp,expand/C3_DFTprod_stopH2_group_0650_0659.slurm,2,1,17,closest_approach,1408,
656,C3_DFTprod_stopH2_0656,expand/C3_DFTprod_stopH2_0656.inp,expand/C3_DFTprod_stopH2_group_0650_0659.slurm,2,1,21,closest_approach,1408,
657,C3_DFTprod_stopH2_0657,expand/C3_DFTprod_stopH2_0657.inp,expand/C3_DFTprod_stopH2_group_0650_0659.slurm,-2,1,19,closest_approach,1408,
658,C3_DFTprod_stopH2_0658,expand/C3_DFTprod_stopH2_0658.inp,expand/C3_DFTprod_stopH2_group_0650_0659.slurm,1,1,25,closest_approach,1407,
659,C3_DFTprod_stopH2_0659,expand/C3_DFTprod_stopH2_0659.inp,expand/C3_DFTprod_stopH2_group_0650_0659.slurm,6,1,22,closest_approach,1407,
660,C3_DFTprod_stopH2_0660,expand/C3_DFTprod_stopH2_0660.inp,expand/C3_DFTprod_stopH2_group_0660_0669.slurm,0,1,24,closest_approach,1407,
661,C3_DFTprod_stopH2_0661,expand/C3_DFTprod_stopH2_0661.inp,expand/C3_DFTprod_stopH2_group_0660_0669.slurm,2,1,22,closest_approach,1406,
662,C3_DFTprod_stopH2_0662,expand/C3_DFTprod_stopH2_0662.inp,expand/C3_DFTprod_stopH2_group_0660_0669.slurm,1,1,43,closest_approach,1406,
663,C3_DFTprod_stopH2_0663,expand/C3_DFTprod_stopH2_0663.inp,expand/C3_DFTprod_stopH2_group_0660_0669.slurm,1,1,26,closest_approach,1405,
664,C3_DFTprod_stopH2_0664,expand/C3_DFTprod_stopH2_0664.inp,expand/C3_DFTprod_stopH2_group_0660_0669.slurm,-2,1,22,closest_approach,1405,
665,C3_DFTprod_stopH2_0665,expand/C3_DFTprod_stopH2_0665.inp,expand/C3_DFTprod_stopH2_group_0660_0669.slurm,0,1,19,closest_approach,1405,
666,C3_DFTprod_stopH2_0666,expand/C3_DFTprod_stopH2_0666.inp,expand/C3_DFTprod_stopH2_group_0660_0669.slurm,1,1,20,closest_approach,1404,
667,C3_DFTprod_stopH2_0667,expand/C3_DFTprod_stopH2_0667.inp,expand/C3_DFTprod_stopH2_group_0660_0669.slurm,0,1,30,closest_approach,1404,
668,C3_DFTprod_stopH2_0668,expand/C3_DFTprod_stopH2_0668.inp,expand/C3_DFTprod_stopH2_group_0660_0669.slurm,-1,1,26,closest_approach,1404,
669,C3_DFTprod_stopH2_0669,expand/C3_DFTprod_stopH2_0669.inp,expand/C3_DFTprod_stopH2_group_0660_0669.slurm,2,1,26,closest_approach,1404,
670,C3_DFTprod_stopH2_0670,expand/C3_DFTprod_stopH2_0670.inp,expand/C3_DFTprod_stopH2_group_0670_0679.slurm,1,1,23,closest_approach,1403,
671,C3_DFTprod_stopH2_0671,expand/C3_DFTprod_stopH2_0671.inp,expand/C3_DFTprod_stopH2_group_0670_0679.slurm,2,1,32,closest_approach,1403,
672,C3_DFTprod_stopH2_0672,expand/C3_DFTprod_stopH2_0672.inp,expand/C3_DFTprod_stopH2_group_0670_0679.slurm,1,1,17,closest_approach,1403,
673,C3_DFTprod_stopH2_0673,expand/C3_DFTprod_stopH2_0673.inp,expand/C3_DFTprod_stopH2_group_0670_0679.slurm,3,1,23,closest_approach,1403,
674,C3_DFTprod_stopH2_0674,expand/C3_DFTprod_stopH2_0674.inp,expand/C3_DFTprod_stopH2_group_0670_0679.slurm,0,1,15,closest_approach,1403,
675,C3_DFTprod_stopH2_0675,expand/C3_DFTprod_stopH2_0675.inp,expand/C3_DFTprod_stopH2_group_0670_0679.slurm,1,1,23,closest_approach,1402,
676,C3_DFTprod_stopH2_0676,expand/C3_DFTprod_stopH2_0676.inp,expand/C3_DFTprod_stopH2_group_0670_0679.slurm,2,1,22,closest_approach,1401,
677,C3_DFTprod_stopH2_0677,expand/C3_DFTprod_stopH2_0677.inp,expand/C3_DFTprod_stopH2_group_0670_0679.slurm,2,1,31,closest_approach,1401,
678,C3_DFTprod_stopH2_0678,expand/C3_DFTprod_stopH2_0678.inp,expand/C3_DFTprod_stopH2_group_0670_0679.slurm,2,1,28,closest_approach,1401,
679,C3_DFTprod_stopH2_0679,expand/C3_DFTprod_stopH2_0679.inp,expand/C3_DFTprod_stopH2_group_0670_0679.slurm,2,1,24,closest_approach,1400,
680,C3_DFTprod_stopH2_0680,expand/C3_DFTprod_stopH2_0680.inp,expand/C3_DFTprod_stopH2_group_0680_0689.slurm,1,1,27,closest_approach,1399,
681,C3_DFTprod_stopH2_0681,expand/C3_DFTprod_stopH2_0681.inp,expand/C3_DFTprod_stopH2_group_0680_0689.slurm,2,1,17,closest_approach,1399,
682,C3_DFTprod_stopH2_0682,expand/C3_DFTprod_stopH2_0682.inp,expand/C3_DFTprod_stopH2_group_0680_0689.slurm,2,1,20,closest_approach,1398,
683,C3_DFTprod_stopH2_0683,expand/C3_DFTprod_stopH2_0683.inp,expand/C3_DFTprod_stopH2_group_0680_0689.slurm,2,1,25,closest_approach,1398,
684,C3_DFTprod_stopH2_0684,expand/C3_DFTprod_stopH2_0684.inp,expand/C3_DFTprod_stopH2_group_0680_0689.slurm,-1,1,27,closest_approach,1397,
685,C3_DFTprod_stopH2_0685,expand/C3_DFTprod_stopH2_0685.inp,expand/C3_DFTprod_stopH2_group_0680_0689.slurm,1,1,28,closest_approach,1397,
686,C3_DFTprod_stopH2_0686,expand/C3_DFTprod_stopH2_0686.inp,expand/C3_DFTprod_stopH2_group_0680_0689.slurm,1,1,26,closest_approach,1397,
687,C3_DFTprod_stopH2_0687,expand/C3_DFTprod_stopH2_0687.inp,expand/C3_DFTprod_stopH2_group_0680_0689.slurm,0,1,27,closest_approach,1397,
688,C3_DFTprod_stopH2_0688,expand/C3_DFTprod_stopH2_0688.inp,expand/C3_DFTprod_stopH2_group_0680_0689.slurm,4,1,35,closest_approach,1396,
689,C3_DFTprod_stopH2_0689,expand/C3_DFTprod_stopH2_0689.inp,expand/C3_DFTprod_stopH2_group_0680_0689.slurm,3,1,30,closest_approach,1396,
690,C3_DFTprod_stopH2_0690,expand/C3_DFTprod_stopH2_0690.inp,expand/C3_DFTprod_stopH2_group_0690_0699.slurm,0,1,20,closest_approach,1396,
691,C3_DFTprod_stopH2_0691,expand/C3_DFTprod_stopH2_0691.inp,expand/C3_DFTprod_stopH2_group_0690_0699.slurm,0,1,29,closest_approach,1394,
692,C3_DFTprod_stopH2_0692,expand/C3_DFTprod_stopH2_0692.inp,expand/C3_DFTprod_stopH2_group_0690_0699.slurm,0,1,24,closest_approach,1394,
693,C3_DFTprod_stopH2_0693,expand/C3_DFTprod_stopH2_0693.inp,expand/C3_DFTprod_stopH2_group_0690_0699.slurm,-1,1,22,closest_approach,1394,
694,C3_DFTprod_stopH2_0694,expand/C3_DFTprod_stopH2_0694.inp,expand/C3_DFTprod_stopH2_group_0690_0699.slurm,-1,1,32,closest_approach,1394,
695,C3_DFTprod_stopH2_0695,expand/C3_DFTprod_stopH2_0695.inp,expand/C3_DFTprod_stopH2_group_0690_0699.slurm,3,1,23,closest_approach,1393,
696,C3_DFTprod_stopH2_0696,expand/C3_DFTprod_stopH2_0696.inp,expand/C3_DFTprod_stopH2_group_0690_0699.slurm,0,1,21,closest_approach,1393,
697,C3_DFTprod_stopH2_0697,expand/C3_DFTprod_stopH2_0697.inp,expand/C3_DFTprod_stopH2_group_0690_0699.slurm,1,1,22,closest_approach,1392,
698,C3_DFTprod_stopH2_0698,expand/C3_DFTprod_stopH2_0698.inp,expand/C3_DFTprod_stopH2_group_0690_0699.slurm,5,1,31,closest_approach,1392,
699,C3_DFTprod_stopH2_0699,expand/C3_DFTprod_stopH2_0699.inp,expand/C3_DFTprod_stopH2_group_0690_0699.slurm,-3,1,21,closest_approach,1392,
700,C3_DFTprod_stopH2_0700,expand/C3_DFTprod_stopH2_0700.inp,expand/C3_DFTprod_stopH2_group_0700_0709.slurm,4,1,30,closest_approach,1391,
701,C3_DFTprod_stopH2_0701,expand/C3_DFTprod_stopH2_0701.inp,expand/C3_DFTprod_stopH2_group_0700_0709.slurm,3,1,30,closest_approach,1390,
702,C3_DFTprod_stopH2_0702,expand/C3_DFTprod_stopH2_0702.inp,expand/C3_DFTprod_stopH2_group_0700_0709.slurm,4,1,31,closest_approach,1390,
703,C3_DFTprod_stopH2_0703,expand/C3_DFTprod_stopH2_0703.inp,expand/C3_DFTprod_stopH2_group_0700_0709.slurm,0,1,33,closest_approach,1390,
704,C3_DFTprod_stopH2_0704,expand/C3_DFTprod_stopH2_0704.inp,expand/C3_DFTprod_stopH2_group_0700_0709.slurm,4,1,26,closest_approach,1390,
705,C3_DFTprod_stopH2_0705,expand/C3_DFTprod_stopH2_0705.inp,expand/C3_DFTprod_stopH2_group_0700_0709.slurm,-2,1,22,closest_approach,1389,
706,C3_DFTprod_stopH2_0706,expand/C3_DFTprod_stopH2_0706.inp,expand/C3_DFTprod_stopH2_group_0700_0709.slurm,2,1,30,closest_approach,1388,
707,C3_DFTprod_stopH2_0707,expand/C3_DFTprod_stopH2_0707.inp,expand/C3_DFTprod_stopH2_group_0700_0709.slurm,2,1,24,closest_approach,1387,
708,C3_DFTprod_stopH2_0708,expand/C3_DFTprod_stopH2_0708.inp,expand/C3_DFTprod_stopH2_group_0700_0709.slurm,1,1,22,closest_approach,1387,
709,C3_DFTprod_stopH2_0709,expand/C3_DFTprod_stopH2_0709.inp,expand/C3_DFTprod_stopH2_group_0700_0709.slurm,0,1,21,closest_approach,1387,
710,C3_DFTprod_stopH2_0710,expand/C3_DFTprod_stopH2_0710.inp,expand/C3_DFTprod_stopH2_group_0710_0719.slurm,0,1,28,closest_approach,1386,
711,C3_DFTprod_stopH2_0711,expand/C3_DFTprod_stopH2_0711.inp,expand/C3_DFTprod_stopH2_group_0710_0719.slurm,0,1,18,closest_approach,1386,
712,C3_DFTprod_stopH2_0712,expand/C3_DFTprod_stopH2_0712.inp,expand/C3_DFTprod_stopH2_group_0710_0719.slurm,5,1,30,closest_approach,1385,
713,C3_DFTprod_stopH2_0713,expand/C3_DFTprod_stopH2_0713.inp,expand/C3_DFTprod_stopH2_group_0710_0719.slurm,2,1,35,closest_approach,1385,
714,C3_DFTprod_stopH2_0714,expand/C3_DFTprod_stopH2_0714.inp,expand/C3_DFTprod_stopH2_group_0710_0719.slurm,-1,1,25,closest_approach,1385,
715,C3_DFTprod_stopH2_0715,expand/C3_DFTprod_stopH2_0715.inp,expand/C3_DFTprod_stopH2_group_0710_0719.slurm,1,1,21,closest_approach,1385,
716,C3_DFTprod_stopH2_0716,expand/C3_DFTprod_stopH2_0716.inp,expand/C3_DFTprod_stopH2_group_0710_0719.slurm,-1,1,20,closest_approach,1384,
717,C3_DFTprod_stopH2_0717,expand/C3_DFTprod_stopH2_0717.inp,expand/C3_DFTprod_stopH2_group_0710_0719.slurm,-1,1,26,closest_approach,1384,
718,C3_DFTprod_stopH2_0718,expand/C3_DFTprod_stopH2_0718.inp,expand/C3_DFTprod_stopH2_group_0710_0719.slurm,0,1,28,closest_approach,1384,
719,C3_DFTprod_stopH2_0719,expand/C3_DFTprod_stopH2_0719.inp,expand/C3_DFTprod_stopH2_group_0710_0719.slurm,0,1,29,closest_approach,1383,
720,C3_DFTprod_stopH2_0720,expand/C3_DFTprod_stopH2_0720.inp,expand/C3_DFTprod_stopH2_group_0720_0729.slurm,-2,1,25,closest_approach,1382,
721,C3_DFTprod_stopH2_0721,expand/C3_DFTprod_stopH2_0721.inp,expand/C3_DFTprod_stopH2_group_0720_0729.slurm,3,1,24,closest_approach,1381,
722,C3_DFTprod_stopH2_0722,expand/C3_DFTprod_stopH2_0722.inp,expand/C3_DFTprod_stopH2_group_0720_0729.slurm,-3,1,27,closest_approach,1381,
723,C3_DFTprod_stopH2_0723,expand/C3_DFTprod_stopH2_0723.inp,expand/C3_DFTprod_stopH2_group_0720_0729.slurm,4,1,24,closest_approach,1381,
724,C3_DFTprod_stopH2_0724,expand/C3_DFTprod_stopH2_0724.inp,expand/C3_DFTprod_stopH2_group_0720_0729.slurm,4,1,21,closest_approach,1380,
725,C3_DFTprod_stopH2_0725,expand/C3_DFTprod_stopH2_0725.inp,expand/C3_DFTprod_stopH2_group_0720_0729.slurm,-2,1,20,closest_approach,1380,
726,C3_DFTprod_stopH2_0726,expand/C3_DFTprod_stopH2_0726.inp,expand/C3_DFTprod_stopH2_group_0720_0729.slurm,-1,1,18,closest_approach,1380,
727,C3_DFTprod_stopH2_0727,expand/C3_DFTprod_stopH2_0727.inp,expand/C3_DFTprod_stopH2_group_0720_0729.slurm,0,1,20,closest_approach,1380,
728,C3_DFTprod_stopH2_0728,expand/C3_DFTprod_stopH2_0728.inp,expand/C3_DFTprod_stopH2_group_0720_0729.slurm,1,1,22,closest_approach,1380,
729,C3_DFTprod_stopH2_0729,expand/C3_DFTprod_stopH2_0729.inp,expand/C3_DFTprod_stopH2_group_0720_0729.slurm,-1,1,17,closest_approach,1380,
730,C3_DFTprod_stopH2_0730,expand/C3_DFTprod_stopH2_0730.inp,expand/C3_DFTprod_stopH2_group_0730_0739.slurm,-1,1,26,closest_approach,1380,
731,C3_DFTprod_stopH2_0731,expand/C3_DFTprod_stopH2_0731.inp,expand/C3_DFTprod_stopH2_group_0730_0739.slurm,-1,1,27,closest_approach,1379,
732,C3_DFTprod_stopH2_0732,expand/C3_DFTprod_stopH2_0732.inp,expand/C3_DFTprod_stopH2_group_0730_0739.slurm,-1,1,20,closest_approach,1379,
733,C3_DFTprod_stopH2_0733,expand/C3_DFTprod_stopH2_0733.inp,expand/C3_DFTprod_stopH2_group_0730_0739.slurm,-4,1,22,closest_approach,1379,
734,C3_DFTprod_stopH2_0734,expand/C3_DFTprod_stopH2_0734.inp,expand/C3_DFTprod_stopH2_group_0730_0739.slurm,2,1,28,closest_approach,1379,
735,C3_DFTprod_stopH2_0735,expand/C3_DFTprod_stopH2_0735.inp,expand/C3_DFTprod_stopH2_group_0730_0739.slurm,0,1,18,closest_approach,1379,
736,C3_DFTprod_stopH2_0736,expand/C3_DFTprod_stopH2_0736.inp,expand/C3_DFTprod_stopH2_group_0730_0739.slurm,-1,1,20,closest_approach,1378,
737,C3_DFTprod_stopH2_0737,expand/C3_DFTprod_stopH2_0737.inp,expand/C3_DFTprod_stopH2_group_0730_0739.slurm,1,1,16,closest_approach,1378,
738,C3_DFTprod_stopH2_0738,expand/C3_DFTprod_stopH2_0738.inp,expand/C3_DFTprod_stopH2_group_0730_0739.slurm,-1,1,20,closest_approach,1377,
739,C3_DFTprod_stopH2_0739,expand/C3_DFTprod_stopH2_0739.inp,expand/C3_DFTprod_stopH2_group_0730_0739.slurm,2,1,20,closest_approach,1377,
740,C3_DFTprod_stopH2_0740,expand/C3_DFTprod_stopH2_0740.inp,expand/C3_DFTprod_stopH2_group_0740_0749.slurm,0,1,29,closest_approach,1377,
741,C3_DFTprod_stopH2_0741,expand/C3_DFTprod_stopH2_0741.inp,expand/C3_DFTprod_stopH2_group_0740_0749.slurm,6,1,27,closest_approach,1377,
742,C3_DFTprod_stopH2_0742,expand/C3_DFTprod_stopH2_0742.inp,expand/C3_DFTprod_stopH2_group_0740_0749.slurm,4,1,32,closest_approach,1376,
743,C3_DFTprod_stopH2_0743,expand/C3_DFTprod_stopH2_0743.inp,expand/C3_DFTprod_stopH2_group_0740_0749.slurm,2,1,29,closest_approach,1376,
744,C3_DFTprod_stopH2_0744,expand/C3_DFTprod_stopH2_0744.inp,expand/C3_DFTprod_stopH2_group_0740_0749.slurm,1,1,20,closest_approach,1376,
745,C3_DFTprod_stopH2_0745,expand/C3_DFTprod_stopH2_0745.inp,expand/C3_DFTprod_stopH2_group_0740_0749.slurm,0,1,29,closest_approach,1376,
746,C3_DFTprod_stopH2_0746,expand/C3_DFTprod_stopH2_0746.inp,expand/C3_DFTprod_stopH2_group_0740_0749.slurm,2,1,23,closest_approach,1376,
747,C3_DFTprod_stopH2_0747,expand/C3_DFTprod_stopH2_0747.inp,expand/C3_DFTprod_stopH2_group_0740_0749.slurm,3,1,22,closest_approach,1376,
748,C3_DFTprod_stopH2_0748,expand/C3_DFTprod_stopH2_0748.inp,expand/C3_DFTprod_stopH2_group_0740_0749.slurm,6,1,25,closest_approach,1375,
749,C3_DFTprod_stopH2_0749,expand/C3_DFTprod_stopH2_0749.inp,expand/C3_DFTprod_stopH2_group_0740_0749.slurm,6,1,35,closest_approach,1375,
750,C3_DFTprod_stopH2_0750,expand/C3_DFTprod_stopH2_0750.inp,expand/C3_DFTprod_stopH2_group_0750_0759.slurm,6,1,28,closest_approach,1375,
751,C3_DFTprod_stopH2_0751,expand/C3_DFTprod_stopH2_0751.inp,expand/C3_DFTprod_stopH2_group_0750_0759.slurm,9,1,43,closest_approach,1375,
752,C3_DFTprod_stopH2_0752,expand/C3_DFTprod_stopH2_0752.inp,expand/C3_DFTprod_stopH2_group_0750_0759.slurm,2,1,24,closest_approach,1375,
753,C3_DFTprod_stopH2_0753,expand/C3_DFTprod_stopH2_0753.inp,expand/C3_DFTprod_stopH2_group_0750_0759.slurm,-2,1,22,closest_approach,1375,
754,C3_DFTprod_stopH2_0754,expand/C3_DFTprod_stopH2_0754.inp,expand/C3_DFTprod_stopH2_group_0750_0759.slurm,4,1,19,closest_approach,1375,
755,C3_DFTprod_stopH2_0755,expand/C3_DFTprod_stopH2_0755.inp,expand/C3_DFTprod_stopH2_group_0750_0759.slurm,-1,1,22,closest_approach,1373,
756,C3_DFTprod_stopH2_0756,expand/C3_DFTprod_stopH2_0756.inp,expand/C3_DFTprod_stopH2_group_0750_0759.slurm,2,1,27,closest_approach,1372,
757,C3_DFTprod_stopH2_0757,expand/C3_DFTprod_stopH2_0757.inp,expand/C3_DFTprod_stopH2_group_0750_0759.slurm,5,1,40,closest_approach,1372,
758,C3_DFTprod_stopH2_0758,expand/C3_DFTprod_stopH2_0758.inp,expand/C3_DFTprod_stopH2_group_0750_0759.slurm,2,1,30,closest_approach,1372,
759,C3_DFTprod_stopH2_0759,expand/C3_DFTprod_stopH2_0759.inp,expand/C3_DFTprod_stopH2_group_0750_0759.slurm,4,1,37,closest_approach,1372,
760,C3_DFTprod_stopH2_0760,expand/C3_DFTprod_stopH2_0760.inp,expand/C3_DFTprod_stopH2_group_0760_0769.slurm,2,1,24,closest_approach,1372,
761,C3_DFTprod_stopH2_0761,expand/C3_DFTprod_stopH2_0761.inp,expand/C3_DFTprod_stopH2_group_0760_0769.slurm,3,1,33,closest_approach,1371,
762,C3_DFTprod_stopH2_0762,expand/C3_DFTprod_stopH2_0762.inp,expand/C3_DFTprod_stopH2_group_0760_0769.slurm,-1,1,18,closest_approach,1371,
763,C3_DFTprod_stopH2_0763,expand/C3_DFTprod_stopH2_0763.inp,expand/C3_DFTprod_stopH2_group_0760_0769.slurm,-1,1,36,closest_approach,1371,
764,C3_DFTprod_stopH2_0764,expand/C3_DFTprod_stopH2_0764.inp,expand/C3_DFTprod_stopH2_group_0760_0769.slurm,6,1,19,closest_approach,1371,
765,C3_DFTprod_stopH2_0765,expand/C3_DFTprod_stopH2_0765.inp,expand/C3_DFTprod_stopH2_group_0760_0769.slurm,5,1,29,closest_approach,1370,
766,C3_DFTprod_stopH2_0766,expand/C3_DFTprod_stopH2_0766.inp,expand/C3_DFTprod_stopH2_group_0760_0769.slurm,0,1,18,closest_approach,1369,
767,C3_DFTprod_stopH2_0767,expand/C3_DFTprod_stopH2_0767.inp,expand/C3_DFTprod_stopH2_group_0760_0769.slurm,0,1,25,closest_approach,1369,
768,C3_DFTprod_stopH2_0768,expand/C3_DFTprod_stopH2_0768.inp,expand/C3_DFTprod_stopH2_group_0760_0769.slurm,2,1,32,closest_approach,1369,
769,C3_DFTprod_stopH2_0769,expand/C3_DFTprod_stopH2_0769.inp,expand/C3_DFTprod_stopH2_group_0760_0769.slurm,2,1,25,closest_approach,1369,
770,C3_DFTprod_stopH2_0770,expand/C3_DFTprod_stopH2_0770.inp,expand/C3_DFTprod_stopH2_group_0770_0779.slurm,2,1,21,closest_approach,1369,
771,C3_DFTprod_stopH2_0771,expand/C3_DFTprod_stopH2_0771.inp,expand/C3_DFTprod_stopH2_group_0770_0779.slurm,-1,1,26,closest_approach,1368,
772,C3_DFTprod_stopH2_0772,expand/C3_DFTprod_stopH2_0772.inp,expand/C3_DFTprod_stopH2_group_0770_0779.slurm,1,1,27,closest_approach,1367,
773,C3_DFTprod_stopH2_0773,expand/C3_DFTprod_stopH2_0773.inp,expand/C3_DFTprod_stopH2_group_0770_0779.slurm,2,1,23,closest_approach,1367,
774,C3_DFTprod_stopH2_0774,expand/C3_DFTprod_stopH2_0774.inp,expand/C3_DFTprod_stopH2_group_0770_0779.slurm,0,1,28,closest_approach,1367,
775,C3_DFTprod_stopH2_0775,expand/C3_DFTprod_stopH2_0775.inp,expand/C3_DFTprod_stopH2_group_0770_0779.slurm,1,1,22,closest_approach,1366,
776,C3_DFTprod_stopH2_0776,expand/C3_DFTprod_stopH2_0776.inp,expand/C3_DFTprod_stopH2_group_0770_0779.slurm,1,1,24,closest_approach,1366,
777,C3_DFTprod_stopH2_0777,expand/C3_DFTprod_stopH2_0777.inp,expand/C3_DFTprod_stopH2_group_0770_0779.slurm,-1,1,29,closest_approach,1365,
778,C3_DFTprod_stopH2_0778,expand/C3_DFTprod_stopH2_0778.inp,expand/C3_DFTprod_stopH2_group_0770_0779.slurm,2,1,34,closest_approach,1365,
779,C3_DFTprod_stopH2_0779,expand/C3_DFTprod_stopH2_0779.inp,expand/C3_DFTprod_stopH2_group_0770_0779.slurm,2,1,31,closest_approach,1365,
780,C3_DFTprod_stopH2_0780,expand/C3_DFTprod_stopH2_0780.inp,expand/C3_DFTprod_stopH2_group_0780_0789.slurm,3,1,26,closest_approach,1365,
781,C3_DFTprod_stopH2_0781,expand/C3_DFTprod_stopH2_0781.inp,expand/C3_DFTprod_stopH2_group_0780_0789.slurm,3,1,35,closest_approach,1364,
782,C3_DFTprod_stopH2_0782,expand/C3_DFTprod_stopH2_0782.inp,expand/C3_DFTprod_stopH2_group_0780_0789.slurm,1,1,22,closest_approach,1364,
783,C3_DFTprod_stopH2_0783,expand/C3_DFTprod_stopH2_0783.inp,expand/C3_DFTprod_stopH2_group_0780_0789.slurm,5,1,34,closest_approach,1363,
784,C3_DFTprod_stopH2_0784,expand/C3_DFTprod_stopH2_0784.inp,expand/C3_DFTprod_stopH2_group_0780_0789.slurm,2,1,30,closest_approach,1363,
785,C3_DFTprod_stopH2_0785,expand/C3_DFTprod_stopH2_0785.inp,expand/C3_DFTprod_stopH2_group_0780_0789.slurm,4,1,29,closest_approach,1363,
786,C3_DFTprod_stopH2_0786,expand/C3_DFTprod_stopH2_0786.inp,expand/C3_DFTprod_stopH2_group_0780_0789.slurm,-2,1,19,closest_approach,1363,
787,C3_DFTprod_stopH2_0787,expand/C3_DFTprod_stopH2_0787.inp,expand/C3_DFTprod_stopH2_group_0780_0789.slurm,4,1,19,closest_approach,1363,
788,C3_DFTprod_stopH2_0788,expand/C3_DFTprod_stopH2_0788.inp,expand/C3_DFTprod_stopH2_group_0780_0789.slurm,2,1,22,closest_approach,1362,
789,C3_DFTprod_stopH2_0789,expand/C3_DFTprod_stopH2_0789.inp,expand/C3_DFTprod_stopH2_group_0780_0789.slurm,2,1,25,closest_approach,1361,
790,C3_DFTprod_stopH2_0790,expand/C3_DFTprod_stopH2_0790.inp,expand/C3_DFTprod_stopH2_group_0790_0799.slurm,1,1,25,closest_approach,1361,
791,C3_DFTprod_stopH2_0791,expand/C3_DFTprod_stopH2_0791.inp,expand/C3_DFTprod_stopH2_group_0790_0799.slurm,4,1,32,closest_approach,1360,
792,C3_DFTprod_stopH2_0792,expand/C3_DFTprod_stopH2_0792.inp,expand/C3_DFTprod_stopH2_group_0790_0799.slurm,2,1,24,closest_approach,1360,
793,C3_DFTprod_stopH2_0793,expand/C3_DFTprod_stopH2_0793.inp,expand/C3_DFTprod_stopH2_group_0790_0799.slurm,0,1,15,closest_approach,1360,
794,C3_DFTprod_stopH2_0794,expand/C3_DFTprod_stopH2_0794.inp,expand/C3_DFTprod_stopH2_group_0790_0799.slurm,5,1,27,closest_approach,1360,
795,C3_DFTprod_stopH2_0795,expand/C3_DFTprod_stopH2_0795.inp,expand/C3_DFTprod_stopH2_group_0790_0799.slurm,-1,1,27,closest_approach,1359,
796,C3_DFTprod_stopH2_0796,expand/C3_DFTprod_stopH2_0796.inp,expand/C3_DFTprod_stopH2_group_0790_0799.slurm,4,1,31,closest_approach,1359,
797,C3_DFTprod_stopH2_0797,expand/C3_DFTprod_stopH2_0797.inp,expand/C3_DFTprod_stopH2_group_0790_0799.slurm,-3,1,23,closest_approach,1358,
798,C3_DFTprod_stopH2_0798,expand/C3_DFTprod_stopH2_0798.inp,expand/C3_DFTprod_stopH2_group_0790_0799.slurm,1,1,28,closest_approach,1357,
799,C3_DFTprod_stopH2_0799,expand/C3_DFTprod_stopH2_0799.inp,expand/C3_DFTprod_stopH2_group_0790_0799.slurm,0,1,22,closest_approach,1357,
800,C3_DFTprod_stopH2_0800,expand/C3_DFTprod_stopH2_0800.inp,expand/C3_DFTprod_stopH2_group_0800_0809.slurm,-8,1,3,closest_approach,1072,
801,C3_DFTprod_stopH2_0801,expand/C3_DFTprod_stopH2_0801.inp,expand/C3_DFTprod_stopH2_group_0800_0809.slurm,-6,1,5,closest_approach,965,
802,C3_DFTprod_stopH2_0802,expand/C3_DFTprod_stopH2_0802.inp,expand/C3_DFTprod_stopH2_group_0800_0809.slurm,-2,1,28,closest_approach,1387,
803,C3_DFTprod_stopH2_0803,expand/C3_DFTprod_stopH2_0803.inp,expand/C3_DFTprod_stopH2_group_0800_0809.slurm,2,1,26,closest_approach,1386,
804,C3_DFTprod_stopH2_0804,expand/C3_DFTprod_stopH2_0804.inp,expand/C3_DFTprod_stopH2_group_0800_0809.slurm,0,1,21,closest_approach,1386,
805,C3_DFTprod_stopH2_0805,expand/C3_DFTprod_stopH2_0805.inp,expand/C3_DFTprod_stopH2_group_0800_0809.slurm,2,1,32,closest_approach,1385,
806,C3_DFTprod_stopH2_0806,expand/C3_DFTprod_stopH2_0806.inp,expand/C3_DFTprod_stopH2_group_0800_0809.slurm,5,1,26,closest_approach,1384,
807,C3_DFTprod_stopH2_0807,expand/C3_DFTprod_stopH2_0807.inp,expand/C3_DFTprod_stopH2_group_0800_0809.slurm,1,1,19,closest_approach,1382,
808,C3_DFTprod_stopH2_0808,expand/C3_DFTprod_stopH2_0808.inp,expand/C3_DFTprod_stopH2_group_0800_0809.slurm,0,1,21,closest_approach,1378,
809,C3_DFTprod_stopH2_0809,expand/C3_DFTprod_stopH2_0809.inp,expand/C3_DFTprod_stopH2_group_0800_0809.slurm,0,1,24,closest_approach,1373,
810,C3_DFTprod_stopH2_0810,expand/C3_DFTprod_stopH2_0810.inp,expand/C3_DFTprod_stopH2_group_0810_0819.slurm,1,1,22,closest_approach,1372,
811,C3_DFTprod_stopH2_0811,expand/C3_DFTprod_stopH2_0811.inp,expand/C3_DFTprod_stopH2_group_0810_0819.slurm,1,1,25,closest_approach,1372,
812,C3_DFTprod_stopH2_0812,expand/C3_DFTprod_stopH2_0812.inp,expand/C3_DFTprod_stopH2_group_0810_0819.slurm,1,1,25,closest_approach,1372,
813,C3_DFTprod_stopH2_0813,expand/C3_DFTprod_stopH2_0813.inp,expand/C3_DFTprod_stopH2_group_0810_0819.slurm,-2,1,28,closest_approach,1370,
814,C3_DFTprod_stopH2_0814,expand/C3_DFTprod_stopH2_0814.inp,expand/C3_DFTprod_stopH2_group_0810_0819.slurm,0,1,24,closest_approach,1363,
815,C3_DFTprod_stopH2_0815,expand/C3_DFTprod_stopH2_0815.inp,expand/C3_DFTprod_stopH2_group_0810_0819.slurm,-2,1,19,closest_approach,1363,
816,C3_DFTprod_stopH2_0816,expand/C3_DFTprod_stopH2_0816.inp,expand/C3_DFTprod_stopH2_group_0810_0819.slurm,0,1,24,closest_approach,1362,
817,C3_DFTprod_stopH2_0817,expand/C3_DFTprod_stopH2_0817.inp,expand/C3_DFTprod_stopH2_group_0810_0819.slurm,2,1,20,closest_approach,1357,
818,C3_DFTprod_stopH2_0818,expand/C3_DFTprod_stopH2_0818.inp,expand/C3_DFTprod_stopH2_group_0810_0819.slurm,-1,1,29,closest_approach,1353,
819,C3_DFTprod_stopH2_0819,expand/C3_DFTprod_stopH2_0819.inp,expand/C3_DFTprod_stopH2_group_0810_0819.slurm,3,1,21,closest_approach,1352,
820,C3_DFTprod_stopH2_0820,expand/C3_DFTprod_stopH2_0820.inp,expand/C3_DFTprod_stopH2_group_0820_0829.slurm,1,1,28,closest_approach,1352,
821,C3_DFTprod_stopH2_0821,expand/C3_DFTprod_stopH2_0821.inp,expand/C3_DFTprod_stopH2_group_0820_0829.slurm,3,1,24,closest_approach,1351,
822,C3_DFTprod_stopH2_0822,expand/C3_DFTprod_stopH2_0822.inp,expand/C3_DFTprod_stopH2_group_0820_0829.slurm,3,1,15,closest_approach,1350,
823,C3_DFTprod_stopH2_0823,expand/C3_DFTprod_stopH2_0823.inp,expand/C3_DFTprod_stopH2_group_0820_0829.slurm,1,1,19,closest_approach,1349,
824,C3_DFTprod_stopH2_0824,expand/C3_DFTprod_stopH2_0824.inp,expand/C3_DFTprod_stopH2_group_0820_0829.slurm,2,1,20,closest_approach,1348,
825,C3_DFTprod_stopH2_0825,expand/C3_DFTprod_stopH2_0825.inp,expand/C3_DFTprod_stopH2_group_0820_0829.slurm,2,1,20,closest_approach,1348,
826,C3_DFTprod_stopH2_0826,expand/C3_DFTprod_stopH2_0826.inp,expand/C3_DFTprod_stopH2_group_0820_0829.slurm,4,1,22,closest_approach,1345,
827,C3_DFTprod_stopH2_0827,expand/C3_DFTprod_stopH2_0827.inp,expand/C3_DFTprod_stopH2_group_0820_0829.slurm,1,1,25,closest_approach,1344,
828,C3_DFTprod_stopH2_0828,expand/C3_DFTprod_stopH2_0828.inp,expand/C3_DFTprod_stopH2_group_0820_0829.slurm,1,1,31,closest_approach,1344,
829,C3_DFTprod_stopH2_0829,expand/C3_DFTprod_stopH2_0829.inp,expand/C3_DFTprod_stopH2_group_0820_0829.slurm,-1,1,29,closest_approach,1342,
830,C3_DFTprod_stopH2_0830,expand/C3_DFTprod_stopH2_0830.inp,expand/C3_DFTprod_stopH2_group_0830_0839.slurm,-1,1,23,closest_approach,1341,
831,C3_DFTprod_stopH2_0831,expand/C3_DFTprod_stopH2_0831.inp,expand/C3_DFTprod_stopH2_group_0830_0839.slurm,0,1,21,closest_approach,1341,
832,C3_DFTprod_stopH2_0832,expand/C3_DFTprod_stopH2_0832.inp,expand/C3_DFTprod_stopH2_group_0830_0839.slurm,-1,1,17,closest_approach,1339,
833,C3_DFTprod_stopH2_0833,expand/C3_DFTprod_stopH2_0833.inp,expand/C3_DFTprod_stopH2_group_0830_0839.slurm,1,1,16,closest_approach,1339,
834,C3_DFTprod_stopH2_0834,expand/C3_DFTprod_stopH2_0834.inp,expand/C3_DFTprod_stopH2_group_0830_0839.slurm,3,1,30,closest_approach,1335,
835,C3_DFTprod_stopH2_0835,expand/C3_DFTprod_stopH2_0835.inp,expand/C3_DFTprod_stopH2_group_0830_0839.slurm,3,1,30,closest_approach,1334,
836,C3_DFTprod_stopH2_0836,expand/C3_DFTprod_stopH2_0836.inp,expand/C3_DFTprod_stopH2_group_0830_0839.slurm,1,1,13,closest_approach,1333,
837,C3_DFTprod_stopH2_0837,expand/C3_DFTprod_stopH2_0837.inp,expand/C3_DFTprod_stopH2_group_0830_0839.slurm,0,1,27,closest_approach,1332,
838,C3_DFTprod_stopH2_0838,expand/C3_DFTprod_stopH2_0838.inp,expand/C3_DFTprod_stopH2_group_0830_0839.slurm,-1,1,17,closest_approach,1331,
839,C3_DFTprod_stopH2_0839,expand/C3_DFTprod_stopH2_0839.inp,expand/C3_DFTprod_stopH2_group_0830_0839.slurm,-1,1,23,closest_approach,1329,
840,C3_DFTprod_stopH2_0840,expand/C3_DFTprod_stopH2_0840.inp,expand/C3_DFTprod_stopH2_group_0840_0849.slurm,0,1,21,closest_approach,1328,
841,C3_DFTprod_stopH2_0841,expand/C3_DFTprod_stopH2_0841.inp,expand/C3_DFTprod_stopH2_group_0840_0849.slurm,1,1,25,closest_approach,1328,
842,C3_DFTprod_stopH2_0842,expand/C3_DFTprod_stopH2_0842.inp,expand/C3_DFTprod_stopH2_group_0840_0849.slurm,3,1,18,closest_approach,1326,
843,C3_DFTprod_stopH2_0843,expand/C3_DFTprod_stopH2_0843.inp,expand/C3_DFTprod_stopH2_group_0840_0849.slurm,-1,1,23,closest_approach,1325,
844,C3_DFTprod_stopH2_0844,expand/C3_DFTprod_stopH2_0844.inp,expand/C3_DFTprod_stopH2_group_0840_0849.slurm,2,1,32,closest_approach,1324,
845,C3_DFTprod_stopH2_0845,expand/C3_DFTprod_stopH2_0845.inp,expand/C3_DFTprod_stopH2_group_0840_0849.slurm,2,1,23,closest_approach,1324,
846,C3_DFTprod_stopH2_0846,expand/C3_DFTprod_stopH2_0846.inp,expand/C3_DFTprod_stopH2_group_0840_0849.slurm,1,1,31,closest_approach,1324,
847,C3_DFTprod_stopH2_0847,expand/C3_DFTprod_stopH2_0847.inp,expand/C3_DFTprod_stopH2_group_0840_0849.slurm,1,1,22,closest_approach,1323,
848,C3_DFTprod_stopH2_0848,expand/C3_DFTprod_stopH2_0848.inp,expand/C3_DFTprod_stopH2_group_0840_0849.slurm,-4,1,20,closest_approach,1323,
849,C3_DFTprod_stopH2_0849,expand/C3_DFTprod_stopH2_0849.inp,expand/C3_DFTprod_stopH2_group_0840_0849.slurm,-1,1,23,closest_approach,1321,
850,C3_DFTprod_stopH2_0850,expand/C3_DFTprod_stopH2_0850.inp,expand/C3_DFTprod_stopH2_group_0850_0859.slurm,-1,1,23,closest_approach,1321,
851,C3_DFTprod_stopH2_0851,expand/C3_DFTprod_stopH2_0851.inp,expand/C3_DFTprod_stopH2_group_0850_0859.slurm,0,1,27,closest_approach,1320,
852,C3_DFTprod_stopH2_0852,expand/C3_DFTprod_stopH2_0852.inp,expand/C3_DFTprod_stopH2_group_0850_0859.slurm,-1,1,17,closest_approach,1320,
853,C3_DFTprod_stopH2_0853,expand/C3_DFTprod_stopH2_0853.inp,expand/C3_DFTprod_stopH2_group_0850_0859.slurm,1,1,31,closest_approach,1319,
854,C3_DFTprod_stopH2_0854,expand/C3_DFTprod_stopH2_0854.inp,expand/C3_DFTprod_stopH2_group_0850_0859.slurm,1,1,22,closest_approach,1316,
855,C3_DFTprod_stopH2_0855,expand/C3_DFTprod_stopH2_0855.inp,expand/C3_DFTprod_stopH2_group_0850_0859.slurm,1,1,19,closest_approach,1315,
856,C3_DFTprod_stopH2_0856,expand/C3_DFTprod_stopH2_0856.inp,expand/C3_DFTprod_stopH2_group_0850_0859.slurm,0,1,21,closest_approach,1314,
857,C3_DFTprod_stopH2_0857,expand/C3_DFTprod_stopH2_0857.inp,expand/C3_DFTprod_stopH2_group_0850_0859.slurm,0,1,24,closest_approach,1314,
858,C3_DFTprod_stopH2_0858,expand/C3_DFTprod_stopH2_0858.inp,expand/C3_DFTprod_stopH2_group_0850_0859.slurm,2,1,26,closest_approach,1312,
859,C3_DFTprod_stopH2_0859,expand/C3_DFTprod_stopH2_0859.inp,expand/C3_DFTprod_stopH2_group_0850_0859.slurm,1,1,19,closest_approach,1312,
860,C3_DFTprod_stopH2_0860,expand/C3_DFTprod_stopH2_0860.inp,expand/C3_DFTprod_stopH2_group_0860_0869.slurm,-1,1,20,closest_approach,1312,
861,C3_DFTprod_stopH2_0861,expand/C3_DFTprod_stopH2_0861.inp,expand/C3_DFTprod_stopH2_group_0860_0869.slurm,1,1,28,closest_approach,1311,
862,C3_DFTprod_stopH2_0862,expand/C3_DFTprod_stopH2_0862.inp,expand/C3_DFTprod_stopH2_group_0860_0869.slurm,2,1,26,closest_approach,1310,
863,C3_DFTprod_stopH2_0863,expand/C3_DFTprod_stopH2_0863.inp,expand/C3_DFTprod_stopH2_group_0860_0869.slurm,0,1,21,closest_approach,1309,
864,C3_DFTprod_stopH2_0864,expand/C3_DFTprod_stopH2_0864.inp,expand/C3_DFTprod_stopH2_group_0860_0869.slurm,1,1,13,closest_approach,1308,
865,C3_DFTprod_stopH2_0865,expand/C3_DFTprod_stopH2_0865.inp,expand/C3_DFTprod_stopH2_group_0860_0869.slurm,4,1,22,closest_approach,1307,
866,C3_DFTprod_stopH2_0866,expand/C3_DFTprod_stopH2_0866.inp,expand/C3_DFTprod_stopH2_group_0860_0869.slurm,1,1,16,closest_approach,1307,
867,C3_DFTprod_stopH2_0867,expand/C3_DFTprod_stopH2_0867.inp,expand/C3_DFTprod_stopH2_group_0860_0869.slurm,-1,1,23,closest_approach,1307,
868,C3_DFTprod_stopH2_0868,expand/C3_DFTprod_stopH2_0868.inp,expand/C3_DFTprod_stopH2_group_0860_0869.slurm,4,1,19,closest_approach,1306,
869,C3_DFTprod_stopH2_0869,expand/C3_DFTprod_stopH2_0869.inp,expand/C3_DFTprod_stopH2_group_0860_0869.slurm,-1,1,26,closest_approach,1304,
870,C3_DFTprod_stopH2_0870,expand/C3_DFTprod_stopH2_0870.inp,expand/C3_DFTprod_stopH2_group_0870_0879.slurm,-2,1,16,closest_approach,1303,
871,C3_DFTprod_stopH2_0871,expand/C3_DFTprod_stopH2_0871.inp,expand/C3_DFTprod_stopH2_group_0870_0879.slurm,-1,1,17,closest_approach,1300,
872,C3_DFTprod_stopH2_0872,expand/C3_DFTprod_stopH2_0872.inp,expand/C3_DFTprod_stopH2_group_0870_0879.slurm,3,1,30,closest_approach,1300,
873,C3_DFTprod_stopH2_0873,expand/C3_DFTprod_stopH2_0873.inp,expand/C3_DFTprod_stopH2_group_0870_0879.slurm,0,1,15,closest_approach,1299,
874,C3_DFTprod_stopH2_0874,expand/C3_DFTprod_stopH2_0874.inp,expand/C3_DFTprod_stopH2_group_0870_0879.slurm,-1,1,14,closest_approach,1297,
875,C3_DFTprod_stopH2_0875,expand/C3_DFTprod_stopH2_0875.inp,expand/C3_DFTprod_stopH2_group_0870_0879.slurm,-1,1,20,closest_approach,1296,
876,C3_DFTprod_stopH2_0876,expand/C3_DFTprod_stopH2_0876.inp,expand/C3_DFTprod_stopH2_group_0870_0879.slurm,0,1,24,closest_approach,1294,
877,C3_DFTprod_stopH2_0877,expand/C3_DFTprod_stopH2_0877.inp,expand/C3_DFTprod_stopH2_group_0870_0879.slurm,1,1,22,closest_approach,1294,
878,C3_DFTprod_stopH2_0878,expand/C3_DFTprod_stopH2_0878.inp,expand/C3_DFTprod_stopH2_group_0870_0879.slurm,-3,1,27,closest_approach,1293,
879,C3_DFTprod_stopH2_0879,expand/C3_DFTprod_stopH2_0879.inp,expand/C3_DFTprod_stopH2_group_0870_0879.slurm,1,1,19,closest_approach,1293,
880,C3_DFTprod_stopH2_0880,expand/C3_DFTprod_stopH2_0880.inp,expand/C3_DFTprod_stopH2_group_0880_0889.slurm,1,1,19,closest_approach,1293,
881,C3_DFTprod_stopH2_0881,expand/C3_DFTprod_stopH2_0881.inp,expand/C3_DFTprod_stopH2_group_0880_0889.slurm,0,1,18,closest_approach,1292,
882,C3_DFTprod_stopH2_0882,expand/C3_DFTprod_stopH2_0882.inp,expand/C3_DFTprod_stopH2_group_0880_0889.slurm,-1,1,20,closest_approach,1291,
883,C3_DFTprod_stopH2_0883,expand/C3_DFTprod_stopH2_0883.inp,expand/C3_DFTprod_stopH2_group_0880_0889.slurm,-1,1,23,closest_approach,1290,
884,C3_DFTprod_stopH2_0884,expand/C3_DFTprod_stopH2_0884.inp,expand/C3_DFTprod_stopH2_group_0880_0889.slurm,2,1,20,closest_approach,1290,
885,C3_DFTprod_stopH2_0885,expand/C3_DFTprod_stopH2_0885.inp,expand/C3_DFTprod_stopH2_group_0880_0889.slurm,3,1,21,closest_approach,1289,
886,C3_DFTprod_stopH2_0886,expand/C3_DFTprod_stopH2_0886.inp,expand/C3_DFTprod_stopH2_group_0880_0889.slurm,0,1,24,closest_approach,1289,
887,C3_DFTprod_stopH2_0887,expand/C3_DFTprod_stopH2_0887.inp,expand/C3_DFTprod_stopH2_group_0880_0889.slurm,-1,1,26,closest_approach,1287,
888,C3_DFTprod_stopH2_0888,expand/C3_DFTprod_stopH2_0888.inp,expand/C3_DFTprod_stopH2_group_0880_0889.slurm,1,1,25,closest_approach,1285,
889,C3_DFTprod_stopH2_0889,expand/C3_DFTprod_stopH2_0889.inp,expand/C3_DFTprod_stopH2_group_0880_0889.slurm,-1,1,20,closest_approach,1285,
890,C3_DFTprod_stopH2_0890,expand/C3_DFTprod_stopH2_0890.inp,expand/C3_DFTprod_stopH2_group_0890_0899.slurm,-1,1,17,closest_approach,1282,
891,C3_DFTprod_stopH2_0891,expand/C3_DFTprod_stopH2_0891.inp,expand/C3_DFTprod_stopH2_group_0890_0899.slurm,1,1,22,closest_approach,1280,
892,C3_DFTprod_stopH2_0892,expand/C3_DFTprod_stopH2_0892.inp,expand/C3_DFTprod_stopH2_group_0890_0899.slurm,2,1,14,closest_approach,1279,
893,C3_DFTprod_stopH2_0893,expand/C3_DFTprod_stopH2_0893.inp,expand/C3_DFTprod_stopH2_group_0890_0899.slurm,1,1,16,closest_approach,1278,
894,C3_DFTprod_stopH2_0894,expand/C3_DFTprod_stopH2_0894.inp,expand/C3_DFTprod_stopH2_group_0890_0899.slurm,4,1,22,closest_approach,1276,
895,C3_DFTprod_stopH2_0895,expand/C3_DFTprod_stopH2_0895.inp,expand/C3_DFTprod_stopH2_group_0890_0899.slurm,2,1,26,closest_approach,1275,
896,C3_DFTprod_stopH2_0896,expand/C3_DFTprod_stopH2_0896.inp,expand/C3_DFTprod_stopH2_group_0890_0899.slurm,3,1,21,closest_approach,1274,
897,C3_DFTprod_stopH2_0897,expand/C3_DFTprod_stopH2_0897.inp,expand/C3_DFTprod_stopH2_group_0890_0899.slurm,2,1,20,closest_approach,1273,
898,C3_DFTprod_stopH2_0898,expand/C3_DFTprod_stopH2_0898.inp,expand/C3_DFTprod_stopH2_group_0890_0899.slurm,-2,1,19,closest_approach,1272,
899,C3_DFTprod_stopH2_0899,expand/C3_DFTprod_stopH2_0899.inp,expand/C3_DFTprod_stopH2_group_0890_0899.slurm,0,1,27,closest_approach,1271,
900,C3_DFTprod_stopH2_0900,expand/C3_DFTprod_stopH2_0900.inp,expand/C3_DFTprod_stopH2_group_0900_0909.slurm,1,1,31,closest_approach,1270,
901,C3_DFTprod_stopH2_0901,expand/C3_DFTprod_stopH2_0901.inp,expand/C3_DFTprod_stopH2_group_0900_0909.slurm,-1,1,17,closest_approach,1269,
902,C3_DFTprod_stopH2_0902,expand/C3_DFTprod_stopH2_0902.inp,expand/C3_DFTprod_stopH2_group_0900_0909.slurm,0,1,21,closest_approach,1269,
903,C3_DFTprod_stopH2_0903,expand/C3_DFTprod_stopH2_0903.inp,expand/C3_DFTprod_stopH2_group_0900_0909.slurm,2,1,23,closest_approach,1268,
904,C3_DFTprod_stopH2_0904,expand/C3_DFTprod_stopH2_0904.inp,expand/C3_DFTprod_stopH2_group_0900_0909.slurm,3,1,24,closest_approach,1267,
905,C3_DFTprod_stopH2_0905,expand/C3_DFTprod_stopH2_0905.inp,expand/C3_DFTprod_stopH2_group_0900_0909.slurm,0,1,27,closest_approach,1264,
906,C3_DFTprod_stopH2_0906,expand/C3_DFTprod_stopH2_0906.inp,expand/C3_DFTprod_stopH2_group_0900_0909.slurm,1,1,19,closest_approach,1261,
907,C3_DFTprod_stopH2_0907,expand/C3_DFTprod_stopH2_0907.inp,expand/C3_DFTprod_stopH2_group_0900_0909.slurm,2,1,14,closest_approach,1261,
908,C3_DFTprod_stopH2_0908,expand/C3_DFTprod_stopH2_0908.inp,expand/C3_DFTprod_stopH2_group_0900_0909.slurm,3,1,27,closest_approach,1259,
909,C3_DFTprod_stopH2_0909,expand/C3_DFTprod_stopH2_0909.inp,expand/C3_DFTprod_stopH2_group_0900_0909.slurm,3,1,21,closest_approach,1258,
910,C3_DFTprod_stopH2_0910,expand/C3_DFTprod_stopH2_0910.inp,expand/C3_DFTprod_stopH2_group_0910_0919.slurm,3,1,24,closest_approach,1256,
911,C3_DFTprod_stopH2_0911,expand/C3_DFTprod_stopH2_0911.inp,expand/C3_DFTprod_stopH2_group_0910_0919.slurm,4,1,25,closest_approach,1255,
912,C3_DFTprod_stopH2_0912,expand/C3_DFTprod_stopH2_0912.inp,expand/C3_DFTprod_stopH2_group_0910_0919.slurm,2,1,23,closest_approach,1253,
913,C3_DFTprod_stopH2_0913,expand/C3_DFTprod_stopH2_0913.inp,expand/C3_DFTprod_stopH2_group_0910_0919.slurm,5,1,17,closest_approach,1248,
914,C3_DFTprod_stopH2_0914,expand/C3_DFTprod_stopH2_0914.inp,expand/C3_DFTprod_stopH2_group_0910_0919.slurm,-2,1,19,closest_approach,1248,
915,C3_DFTprod_stopH2_0915,expand/C3_DFTprod_stopH2_0915.inp,expand/C3_DFTprod_stopH2_group_0910_0919.slurm,3,1,24,closest_approach,1247,
916,C3_DFTprod_stopH2_0916,expand/C3_DFTprod_stopH2_0916.inp,expand/C3_DFTprod_stopH2_group_0910_0919.slurm,0,1,21,closest_approach,1245,
917,C3_DFTprod_stopH2_0917,expand/C3_DFTprod_stopH2_0917.inp,expand/C3_DFTprod_stopH2_group_0910_0919.slurm,2,1,17,closest_approach,1244,
918,C3_DFTprod_stopH2_0918,expand/C3_DFTprod_stopH2_0918.inp,expand/C3_DFTprod_stopH2_group_0910_0919.slurm,3,1,24,closest_approach,1241,
919,C3_DFTprod_stopH2_0919,expand/C3_DFTprod_stopH2_0919.inp,expand/C3_DFTprod_stopH2_group_0910_0919.slurm,3,1,24,closest_approach,1239,
920,C3_DFTprod_stopH2_0920,expand/C3_DFTprod_stopH2_0920.inp,expand/C3_DFTprod_stopH2_group_0920_0929.slurm,0,1,21,closest_approach,1238,
921,C3_DFTprod_stopH2_0921,expand/C3_DFTprod_stopH2_0921.inp,expand/C3_DFTprod_stopH2_group_0920_0929.slurm,-2,1,19,closest_approach,1237,
922,C3_DFTprod_stopH2_0922,expand/C3_DFTprod_stopH2_0922.inp,expand/C3_DFTprod_stopH2_group_0920_0929.slurm,-1,1,23,closest_approach,1236,
923,C3_DFTprod_stopH2_0923,expand/C3_DFTprod_stopH2_0923.inp,expand/C3_DFTprod_stopH2_group_0920_0929.slurm,2,1,26,closest_approach,1235,
924,C3_DFTprod_stopH2_0924,expand/C3_DFTprod_stopH2_0924.inp,expand/C3_DFTprod_stopH2_group_0920_0929.slurm,1,1,19,closest_approach,1235,
925,C3_DFTprod_stopH2_0925,expand/C3_DFTprod_stopH2_0925.inp,expand/C3_DFTprod_stopH2_group_0920_0929.slurm,-1,1,20,closest_approach,1231,
926,C3_DFTprod_stopH2_0926,expand/C3_DFTprod_stopH2_0926.inp,expand/C3_DFTprod_stopH2_group_0920_0929.slurm,3,1,24,closest_approach,1231,
927,C3_DFTprod_stopH2_0927,expand/C3_DFTprod_stopH2_0927.inp,expand/C3_DFTprod_stopH2_group_0920_0929.slurm,0,1,24,closest_approach,1231,
928,C3_DFTprod_stopH2_0928,expand/C3_DFTprod_stopH2_0928.inp,expand/C3_DFTprod_stopH2_group_0920_0929.slurm,0,1,18,closest_approach,1230,
929,C3_DFTprod_stopH2_0929,expand/C3_DFTprod_stopH2_0929.inp,expand/C3_DFTprod_stopH2_group_0920_0929.slurm,2,1,20,closest_approach,1229,
930,C3_DFTprod_stopH2_0930,expand/C3_DFTprod_stopH2_0930.inp,expand/C3_DFTprod_stopH2_group_0930_0939.slurm,2,1,20,closest_approach,1228,
931,C3_DFTprod_stopH2_0931,expand/C3_DFTprod_stopH2_0931.inp,expand/C3_DFTprod_stopH2_group_0930_0939.slurm,4,1,25,closest_approach,1226,
932,C3_DFTprod_stopH2_0932,expand/C3_DFTprod_stopH2_0932.inp,expand/C3_DFTprod_stopH2_group_0930_0939.slurm,0,1,24,closest_approach,1226,
933,C3_DFTprod_stopH2_0933,expand/C3_DFTprod_stopH2_0933.inp,expand/C3_DFTprod_stopH2_group_0930_0939.slurm,2,1,20,closest_approach,1221,
934,C3_DFTprod_stopH2_0934,expand/C3_DFTprod_stopH2_0934.inp,expand/C3_DFTprod_stopH2_group_0930_0939.slurm,-1,1,17,closest_approach,1219,
935,C3_DFTprod_stopH2_0935,expand/C3_DFTprod_stopH2_0935.inp,expand/C3_DFTprod_stopH2_group_0930_0939.slurm,2,1,20,closest_approach,1218,
936,C3_DFTprod_stopH2_0936,expand/C3_DFTprod_stopH2_0936.inp,expand/C3_DFTprod_stopH2_group_0930_0939.slurm,0,1,18,closest_approach,1211,
937,C3_DFTprod_stopH2_0937,expand/C3_DFTprod_stopH2_0937.inp,expand/C3_DFTprod_stopH2_group_0930_0939.slurm,3,1,21,closest_approach,1210,
938,C3_DFTprod_stopH2_0938,expand/C3_DFTprod_stopH2_0938.inp,expand/C3_DFTprod_stopH2_group_0930_0939.slurm,-1,1,14,closest_approach,1210,
939,C3_DFTprod_stopH2_0939,expand/C3_DFTprod_stopH2_0939.inp,expand/C3_DFTprod_stopH2_group_0930_0939.slurm,1,1,25,closest_approach,1207,
940,C3_DFTprod_stopH2_0940,expand/C3_DFTprod_stopH2_0940.inp,expand/C3_DFTprod_stopH2_group_0940_0949.slurm,-1,1,20,closest_approach,1206,
941,C3_DFTprod_stopH2_0941,expand/C3_DFTprod_stopH2_0941.inp,expand/C3_DFTprod_stopH2_group_0940_0949.slurm,4,1,22,closest_approach,1205,
942,C3_DFTprod_stopH2_0942,expand/C3_DFTprod_stopH2_0942.inp,expand/C3_DFTprod_stopH2_group_0940_0949.slurm,2,1,23,closest_approach,1205,
943,C3_DFTprod_stopH2_0943,expand/C3_DFTprod_stopH2_0943.inp,expand/C3_DFTprod_stopH2_group_0940_0949.slurm,2,1,23,closest_approach,1203,
944,C3_DFTprod_stopH2_0944,expand/C3_DFTprod_stopH2_0944.inp,expand/C3_DFTprod_stopH2_group_0940_0949.slurm,1,1,22,closest_approach,1202,
945,C3_DFTprod_stopH2_0945,expand/C3_DFTprod_stopH2_0945.inp,expand/C3_DFTprod_stopH2_group_0940_0949.slurm,3,1,27,closest_approach,1202,
946,C3_DFTprod_stopH2_0946,expand/C3_DFTprod_stopH2_0946.inp,expand/C3_DFTprod_stopH2_group_0940_0949.slurm,0,1,18,closest_approach,1200,
947,C3_DFTprod_stopH2_0947,expand/C3_DFTprod_stopH2_0947.inp,expand/C3_DFTprod_stopH2_group_0940_0949.slurm,-1,1,20,closest_approach,1199,
948,C3_DFTprod_stopH2_0948,expand/C3_DFTprod_stopH2_0948.inp,expand/C3_DFTprod_stopH2_group_0940_0949.slurm,1,1,19,closest_approach,1199,
949,C3_DFTprod_stopH2_0949,expand/C3_DFTprod_stopH2_0949.inp,expand/C3_DFTprod_stopH2_group_0940_0949.slurm,3,1,21,closest_approach,1196,
950,C3_DFTprod_stopH2_0950,expand/C3_DFTprod_stopH2_0950.inp,expand/C3_DFTprod_stopH2_group_0950_0959.slurm,-1,1,20,closest_approach,1196,
951,C3_DFTprod_stopH2_0951,expand/C3_DFTprod_stopH2_0951.inp,expand/C3_DFTprod_stopH2_group_0950_0959.slurm,1,1,22,closest_approach,1196,
952,C3_DFTprod_stopH2_0952,expand/C3_DFTprod_stopH2_0952.inp,expand/C3_DFTprod_stopH2_group_0950_0959.slurm,0,1,21,closest_approach,1195,
953,C3_DFTprod_stopH2_0953,expand/C3_DFTprod_stopH2_0953.inp,expand/C3_DFTprod_stopH2_group_0950_0959.slurm,-2,1,19,closest_approach,1194,
954,C3_DFTprod_stopH2_0954,expand/C3_DFTprod_stopH2_0954.inp,expand/C3_DFTprod_stopH2_group_0950_0959.slurm,4,1,22,closest_approach,1193,
955,C3_DFTprod_stopH2_0955,expand/C3_DFTprod_stopH2_0955.inp,expand/C3_DFTprod_stopH2_group_0950_0959.slurm,-1,1,26,closest_approach,1191,
956,C3_DFTprod_stopH2_0956,expand/C3_DFTprod_stopH2_0956.inp,expand/C3_DFTprod_stopH2_group_0950_0959.slurm,3,1,30,closest_approach,1190,
957,C3_DFTprod_stopH2_0957,expand/C3_DFTprod_stopH2_0957.inp,expand/C3_DFTprod_stopH2_group_0950_0959.slurm,1,1,25,closest_approach,1190,
958,C3_DFTprod_stopH2_0958,expand/C3_DFTprod_stopH2_0958.inp,expand/C3_DFTprod_stopH2_group_0950_0959.slurm,-2,1,13,closest_approach,1190,
959,C3_DFTprod_stopH2_0959,expand/C3_DFTprod_stopH2_0959.inp,expand/C3_DFTprod_stopH2_group_0950_0959.slurm,0,1,21,closest_approach,1185,
960,C3_DFTprod_stopH2_0960,expand/C3_DFTprod_stopH2_0960.inp,expand/C3_DFTprod_stopH2_group_0960_0969.slurm,2,1,29,closest_approach,1182,
961,C3_DFTprod_stopH2_0961,expand/C3_DFTprod_stopH2_0961.inp,expand/C3_DFTprod_stopH2_group_0960_0969.slurm,1,1,19,closest_approach,1182,
962,C3_DFTprod_stopH2_0962,expand/C3_DFTprod_stopH2_0962.inp,expand/C3_DFTprod_stopH2_group_0960_0969.slurm,0,1,27,closest_approach,1182,
963,C3_DFTprod_stopH2_0963,expand/C3_DFTprod_stopH2_0963.inp,expand/C3_DFTprod_stopH2_group_0960_0969.slurm,1,1,16,closest_approach,1182,
964,C3_DFTprod_stopH2_0964,expand/C3_DFTprod_stopH2_0964.inp,expand/C3_DFTprod_stopH2_group_0960_0969.slurm,1,1,28,closest_approach,1180,
965,C3_DFTprod_stopH2_0965,expand/C3_DFTprod_stopH2_0965.inp,expand/C3_DFTprod_stopH2_group_0960_0969.slurm,-1,1,17,closest_approach,1179,
966,C3_DFTprod_stopH2_0966,expand/C3_DFTprod_stopH2_0966.inp,expand/C3_DFTprod_stopH2_group_0960_0969.slurm,0,1,21,closest_approach,1179,
967,C3_DFTprod_stopH2_0967,expand/C3_DFTprod_stopH2_0967.inp,expand/C3_DFTprod_stopH2_group_0960_0969.slurm,3,1,21,closest_approach,1178,
968,C3_DFTprod_stopH2_0968,expand/C3_DFTprod_stopH2_0968.inp,expand/C3_DFTprod_stopH2_group_0960_0969.slurm,-1,1,26,closest_approach,1177,
969,C3_DFTprod_stopH2_0969,expand/C3_DFTprod_stopH2_0969.inp,expand/C3_DFTprod_stopH2_group_0960_0969.slurm,1,1,22,closest_approach,1176,
970,C3_DFTprod_stopH2_0970,expand/C3_DFTprod_stopH2_0970.inp,expand/C3_DFTprod_stopH2_group_0970_0979.slurm,1,1,22,closest_approach,1176,
971,C3_DFTprod_stopH2_0971,expand/C3_DFTprod_stopH2_0971.inp,expand/C3_DFTprod_stopH2_group_0970_0979.slurm,2,1,23,closest_approach,1175,
972,C3_DFTprod_stopH2_0972,expand/C3_DFTprod_stopH2_0972.inp,expand/C3_DFTprod_stopH2_group_0970_0979.slurm,2,1,17,closest_approach,1172,
973,C3_DFTprod_stopH2_0973,expand/C3_DFTprod_stopH2_0973.inp,expand/C3_DFTprod_stopH2_group_0970_0979.slurm,0,1,18,closest_approach,1172,
974,C3_DFTprod_stopH2_0974,expand/C3_DFTprod_stopH2_0974.inp,expand/C3_DFTprod_stopH2_group_0970_0979.slurm,2,1,23,closest_approach,1170,
975,C3_DFTprod_stopH2_0975,expand/C3_DFTprod_stopH2_0975.inp,expand/C3_DFTprod_stopH2_group_0970_0979.slurm,1,1,19,closest_approach,1169,
976,C3_DFTprod_stopH2_0976,expand/C3_DFTprod_stopH2_0976.inp,expand/C3_DFTprod_stopH2_group_0970_0979.slurm,1,1,19,closest_approach,1169,
977,C3_DFTprod_stopH2_0977,expand/C3_DFTprod_stopH2_0977.inp,expand/C3_DFTprod_stopH2_group_0970_0979.slurm,1,1,16,closest_approach,1169,
978,C3_DFTprod_stopH2_0978,expand/C3_DFTprod_stopH2_0978.inp,expand/C3_DFTprod_stopH2_group_0970_0979.slurm,-2,1,13,closest_approach,1168,
979,C3_DFTprod_stopH2_0979,expand/C3_DFTprod_stopH2_0979.inp,expand/C3_DFTprod_stopH2_group_0970_0979.slurm,1,1,22,closest_approach,1167,
980,C3_DFTprod_stopH2_0980,expand/C3_DFTprod_stopH2_0980.inp,expand/C3_DFTprod_stopH2_group_0980_0989.slurm,0,1,21,closest_approach,1165,
981,C3_DFTprod_stopH2_0981,expand/C3_DFTprod_stopH2_0981.inp,expand/C3_DFTprod_stopH2_group_0980_0989.slurm,0,1,18,closest_approach,1164,
982,C3_DFTprod_stopH2_0982,expand/C3_DFTprod_stopH2_0982.inp,expand/C3_DFTprod_stopH2_group_0980_0989.slurm,-1,1,20,closest_approach,1164,
983,C3_DFTprod_stopH2_0983,expand/C3_DFTprod_stopH2_0983.inp,expand/C3_DFTprod_stopH2_group_0980_0989.slurm,1,1,19,closest_approach,1164,
984,C3_DFTprod_stopH2_0984,expand/C3_DFTprod_stopH2_0984.inp,expand/C3_DFTprod_stopH2_group_0980_0989.slurm,2,1,23,closest_approach,1164,
985,C3_DFTprod_stopH2_0985,expand/C3_DFTprod_stopH2_0985.inp,expand/C3_DFTprod_stopH2_group_0980_0989.slurm,1,1,13,closest_approach,1164,
986,C3_DFTprod_stopH2_0986,expand/C3_DFTprod_stopH2_0986.inp,expand/C3_DFTprod_stopH2_group_0980_0989.slurm,1,1,19,closest_approach,1163,
987,C3_DFTprod_stopH2_0987,expand/C3_DFTprod_stopH2_0987.inp,expand/C3_DFTprod_stopH2_group_0980_0989.slurm,1,1,22,closest_approach,1161,
988,C3_DFTprod_stopH2_0988,expand/C3_DFTprod_stopH2_0988.inp,expand/C3_DFTprod_stopH2_group_0980_0989.slurm,2,1,17,closest_approach,1160,
989,C3_DFTprod_stopH2_0989,expand/C3_DFTprod_stopH2_0989.inp,expand/C3_DFTprod_stopH2_group_0980_0989.slurm,0,1,24,closest_approach,1159,
990,C3_DFTprod_stopH2_0990,expand/C3_DFTprod_stopH2_0990.inp,expand/C3_DFTprod_stopH2_group_0990_0999.slurm,1,1,22,closest_approach,1159,
991,C3_DFTprod_stopH2_0991,expand/C3_DFTprod_stopH2_0991.inp,expand/C3_DFTprod_stopH2_group_0990_0999.slurm,1,1,25,closest_approach,1159,
992,C3_DFTprod_stopH2_0992,expand/C3_DFTprod_stopH2_0992.inp,expand/C3_DFTprod_stopH2_group_0990_0999.slurm,4,1,19,closest_approach,1157,
993,C3_DFTprod_stopH2_0993,expand/C3_DFTprod_stopH2_0993.inp,expand/C3_DFTprod_stopH2_group_0990_0999.slurm,2,1,17,closest_approach,1157,
994,C3_DFTprod_stopH2_0994,expand/C3_DFTprod_stopH2_0994.inp,expand/C3_DFTprod_stopH2_group_0990_0999.slurm,-2,1,19,closest_approach,1157,
995,C3_DFTprod_stopH2_0995,expand/C3_DFTprod_stopH2_0995.inp,expand/C3_DFTprod_stopH2_group_0990_0999.slurm,2,1,29,closest_approach,1156,
996,C3_DFTprod_stopH2_0996,expand/C3_DFTprod_stopH2_0996.inp,expand/C3_DFTprod_stopH2_group_0990_0999.slurm,-1,1,26,closest_approach,1156,
997,C3_DFTprod_stopH2_0997,expand/C3_DFTprod_stopH2_0997.inp,expand/C3_DFTprod_stopH2_group_0990_0999.slurm,-1,1,20,closest_approach,1156,
998,C3_DFTprod_stopH2_0998,expand/C3_DFTprod_stopH2_0998.inp,expand/C3_DFTprod_stopH2_group_0990_0999.slurm,0,1,30,closest_approach,1156,
999,C3_DFTprod_stopH2_0999,expand/C3_DFTprod_stopH2_0999.inp,expand/C3_DFTprod_stopH2_group_0990_0999.slurm,2,1,20,closest_approach,1156,
1000,C3_DFTprod_stopH2_1000,expand/C3_DFTprod_stopH2_1000.inp,expand/C3_DFTprod_stopH2_group_1000_1002.slurm,1,1,16,closest_approach,1155,
1001,C3_DFTprod_stopH2_1001,expand/C3_DFTprod_stopH2_1001.inp,expand/C3_DFTprod_stopH2_group_1000_1002.slurm,-1,1,17,closest_approach,1155,
1002,C3_DFTprod_stopH2_1002,expand/C3_DFTprod_stopH2_1002.inp,expand/C3_DFTprod_stopH2_group_1000_1002.slurm,-11,1,13,closest_approach,1137,
