{
  "run_id": "r08_cold_w",
  "trajectory": "/home/kevinsh/mlip/codesVP/6_26_NPT_MACE/expand/MDresults/r08_cold_w/r08_cold_w.xyz",
  "discarded_frames": 0,
  "used_frames": 13,
  "settings": {
    "generated_script": "/home/kevinsh/mlip/codesVP/6_26_NPT_MACE/expand/npt_r08_cold_w.py",
    "target_density_g_cm3": 0.405,
    "target_pressure_GPa": 15.0,
    "target_temperature_K": 1640.0
  },
  "estimates": {
    "pressure_GPa": {
      "mean": 1.7950957028412045,
      "std": 0.964150681019579,
      "naive_se": 0.2674072859761244,
      "block_se": 0.33543843774403564,
      "block_size": 2,
      "n_blocks": 6,
      "tau_int_frames": 2.1777742451781466,
      "tau_se": 0.5580776918804187
    },
    "density_g_cm3": {
      "mean": 0.599120800238924,
      "std": 0.13988524749939685,
      "naive_se": 0.03879718711846509,
      "block_se": 0.053725192046073775,
      "block_size": 2,
      "n_blocks": 6,
      "tau_int_frames": 2.590242560528412,
      "tau_se": 0.08830503251444106
    },
    "temperature_K": {
      "mean": 1677.4485417257356,
      "std": 89.15947659093042,
      "naive_se": 24.728389580163917,
      "block_se": 35.70138580089583,
      "block_size": 2,
      "n_blocks": 6,
      "tau_int_frames": 1.5922868544617,
      "tau_se": 44.128735887694816
    }
  }
}