frame,atom_index,symbol,x_A,y_A,z_A,formal_charge_e,predicted_charge_e,force_x_eV_A,force_y_eV_A,force_z_eV_A
0,0,H,9.04638977,12.69041951,12.97776359,1,0.198577836156,0.90804374218,1.2171523571,-3.73039484024
0,1,O,12.00387415,11.99911896,10.68902028,-2,-0.411091148853,6.02039957047,2.46927046776,1.99321866035
0,2,H,10.22830312,10.6984727,9.70881406,1,0.236030995846,-0.482177555561,-1.5971955061,-0.789318203926
0,3,H,14.00025823,13.35300633,11.50542538,1,0.232202231884,0.753919184208,-1.1222910881,-0.299317717552
0,4,O,10.97866385,11.25748,13.29951981,-2,-0.421267688274,2.14273309708,-2.19924330711,2.14955186844
0,5,H,15.82112532,15.97842313,10.34284957,1,0.244473770261,-2.83731508255,1.13372218609,-0.646420061588
0,6,O,9.96369866,11.25927459,10.41597623,-2,-0.453115284443,-2.19637966156,-1.6113306284,1.0002695322
0,7,H,11.3519755,11.6732565,10.03630506,1,0.239459306002,-0.0555136278272,0.763893663883,0.482134282589
0,8,O,9.3618432,13.00705177,11.99288639,-2,-0.50649189949,0.648180544376,1.39510524273,4.86671495438
0,9,O,14.83745983,16.08654433,9.99885862,-2,-0.484041452408,4.01260232925,1.82833981514,1.28717756271
0,10,H,14.80853881,15.24095,9.63886689,1,0.245062619448,-0.557644248009,-1.74597561359,-2.59166789055
0,11,H,14.67245584,12.87886678,13.65407252,1,0.227602049708,-0.371112078428,0.0268129948527,-0.0503014065325
0,12,H,10.95254067,12.17837727,13.47765241,1,0.21622055769,-0.710378527641,1.8462908268,0.256107866764
0,13,O,13.32446879,9.04398124,12.27421419,-2,-0.566314935684,-0.0344922877848,-0.173253744841,1.73609936237
0,14,H,10.90453624,15.67634478,12.60716,1,0.251503050327,-0.364437460899,2.75642037392,-0.600780010223
0,15,H,13.56362747,9.87090693,12.79555474,1,0.27177554369,-0.431795060635,-1.84112846851,-0.745422542095
0,16,O,14.19978606,15.18390615,12.28964695,-2,-0.513681232929,-2.95049738884,2.91155385971,0.0802879184484
0,17,H,13.78443062,16.15102937,12.43821627,1,0.224739119411,1.53316307068,-3.3636367321,-0.71427577734
0,18,O,14.24708423,13.48946884,10.55915739,-2,-0.484321951866,-0.409332245588,-0.696897149086,0.489309310913
0,19,H,10.88627862,14.5775183,13.5538635,1,0.239296853542,0.0113543830812,-0.467680931091,1.83339297771
0,20,O,9.72445356,13.79012895,9.61162596,-2,-0.644123077393,1.91611349583,-7.91214990616,-0.703788936138
0,21,H,12.90524926,12.49931331,10.37194059,1,0.257801502943,-2.80562472343,-1.34986197948,0.317431926727
0,22,H,9.65064036,13.10553721,10.52916952,1,0.214665085077,-0.0357637181878,1.5383285284,-3.94658613205
0,23,O,10.9954168,14.76282272,12.64360511,-2,-0.379340589046,1.21507930756,-1.40308940411,-0.786460220814
0,24,H,13.6731646,14.81825083,11.47399678,1,0.228646606207,0.0256982669234,2.33653235435,3.34420442581
0,25,H,10.0047654,10.76535674,11.28169113,1,0.262708812952,0.0547226518393,0.635620892048,-1.42816483974
0,26,H,11.58915171,10.965758,14.09064478,1,0.169227153063,-1.55455446243,0.15906599164,-1.88491761684
0,27,H,13.28209377,12.16114818,13.81965431,1,0.219686195254,0.487237364054,0.306762516499,-0.130443781614
0,28,O,13.89275673,12.55739369,13.17444373,-2,-0.455657839775,-0.271441072226,-0.550992548466,0.174769878387
0,29,H,12,12,12,1,0.259217560291,-0.0878041908145,-0.345161229372,-2.72234940529
0,30,H,9.50146159,14.43832449,10.12925478,1,0.230888530612,-2.14836978912,6.76339101791,3.6871240139
0,31,H,14.50632789,14.42576911,10.65081963,1,0.205925509334,0.779772520065,-1.11112463474,-0.64956009388
0,32,H,10.14150509,13.8847987,12.15432366,1,0.201342940331,-2.7533454895,-2.5966668129,-0.214682668447
0,33,H,13.11346635,8.28563039,12.90916784,1,0.242393389344,0.54895824194,1.99941647053,-1.06294345856
1,0,H,8.97480461,12.80929996,12.87306965,1,0.239339083433,0.680420875549,1.09637188911,-2.67390346527
1,1,O,11.90217079,12.06931715,10.55410876,-2,-0.355809748173,3.65457224846,1.88221180439,3.01718235016
1,2,H,10.16171883,10.75349816,9.52383193,1,0.22690539062,-1.17283689976,0.320061564445,2.84150075912
1,3,H,13.96727324,13.44596543,11.45704084,1,0.226384460926,1.30576765537,-0.919646441936,-1.21715342999
1,4,O,11.63156511,9.68651926,9.62723557,-2,-0.434179753065,-0.272524774075,-2.89144325256,-3.8432803154
1,5,O,14.10762601,9.21764874,9.35969156,-2,-0.50240701437,0.0151490550488,2.86340332031,3.2984058857
1,6,O,10.87723433,11.37470378,13.2649456,-2,-0.40261349082,1.90924739838,-1.09493660927,-0.271118164062
1,7,H,15.73542402,16.10180106,10.18615888,1,0.245568618178,-1.45740640163,1.08121013641,0.147129654884
1,8,O,9.86491405,11.3141633,10.34519469,-2,-0.465672492981,-2.6450278759,0.0728676021099,-6.18236255646
1,9,H,11.2773047,11.84240799,9.78350125,1,0.232424795628,0.809737443924,0.809890449047,1.68555629253
1,10,H,11.60808398,9.44937698,13.16112257,1,0.238409981132,-0.958400785923,-1.7489836216,3.31731843948
1,11,O,9.32684714,13.05902747,11.93511842,-2,-0.44681173563,-3.56378912926,-3.64250040054,2.6727309227
1,12,O,14.76164752,16.15377454,9.94402852,-2,-0.421029627323,2.69556379318,-0.278155624866,-0.508048534393
1,13,O,11.4649758,9.2146311,14.17450228,-2,-0.476064264774,-0.504040360451,3.51868033409,-3.21248698235
1,14,H,14.79270241,15.2967571,9.51497499,1,0.238328441978,-0.436894506216,0.398236691952,-1.78423583508
1,15,H,11.59169993,7.06201116,13.63484854,1,0.200124293566,-1.75826370716,-0.685029268265,-1.39422333241
1,16,H,14.59294819,12.87223922,13.77269182,1,0.24007460475,-2.38406419754,-0.791273713112,-1.76998627186
1,17,H,10.69552378,12.2905243,13.35617157,1,0.23956528306,-0.336228519678,1.1060551405,0.745616734028
1,18,H,12.18584946,9.55472978,10.41376318,1,0.220116704702,-0.810365438461,-0.856081783772,-0.359043747187
1,19,O,13.21295014,9.09534033,12.16698153,-2,-0.418516308069,-0.193121030927,-0.307829380035,-1.48297870159
1,20,H,14.93163633,9.8014365,9.30715948,1,0.238429293036,-1.69895231724,-1.22778701782,0.196478292346
1,21,H,13.33345359,9.88939445,12.64924508,1,0.251170247793,0.659845709801,1.13723742962,0.824981033802
1,22,O,14.10858481,15.26357454,12.17476066,-2,-0.480469882488,0.670431733131,-3.80100631714,-1.19510424137
1,23,H,13.64449427,15.99052871,12.4367023,1,0.250761270523,-2.04663491249,3.12816953659,0.803826928139
1,24,O,14.16172655,13.6240473,10.48129845,-2,-0.409591138363,-1.1117477417,-2.538387537,1.1240940094
1,25,H,12.68137763,12.70109291,10.50764164,1,0.225683346391,-1.21465682983,-0.876573085785,-1.78417742252
1,26,H,13.66716017,14.80844322,11.35168525,1,0.212377250195,-0.663909673691,3.20206141472,4.04235744476
1,27,H,10.07887928,10.85218739,11.10332921,1,0.240289494395,0.716240167618,-1.81080412865,2.21601557732
1,28,H,11.37486651,10.89350269,14.01281451,1,0.231240093708,-1.27863872051,0.391031593084,-0.403787016869
1,29,H,13.05848806,12.24298307,13.57337051,1,0.248712256551,1.63319075108,0.674559056759,-0.305501699448
1,30,O,13.86084482,12.5921623,13.09415004,-2,-0.395825773478,0.416481882334,-0.184457808733,1.83544015884
1,31,O,12.3231702,6.83507582,14.16173585,-2,-0.776386320591,1.42972075939,1.02444291115,0.430709570646
1,32,H,12,12,12,1,0.249708175659,-0.861930370331,-0.56901037693,-1.82328975201
1,33,H,13.57074473,9.61560452,10.25382214,1,0.229821413755,3.60123920441,-1.84673404694,-3.83031702042
1,34,H,11.8173039,8.29891329,14.30091622,1,0.143350660801,1.18292486668,-1.69861161709,0.971753358841
1,35,H,11.83651308,8.95779863,8.82406758,1,0.244302392006,-0.191483303905,2.82493758202,3.93830180168
1,36,H,14.38750247,14.54766011,10.52496611,1,0.196609646082,1.4525963068,0.0738919600844,-0.878782689571
1,37,H,9.87635078,13.76604825,11.99907315,1,0.253322660923,2.25220274925,3.54489445686,0.494079858065
1,38,H,12.90831024,8.46548742,12.83895778,1,0.222357690334,0.47558426857,-1.38096177578,0.316302388906
2,0,H,8.96436669,12.94400932,12.75648162,1,0.250209897757,-3.18380975723,-0.914534151554,5.7677488327
2,1,O,11.83746161,12.15315833,10.51791379,-2,-0.335186183453,1.18308126926,-1.06684327126,2.39665555954
2,2,H,10.05383791,10.84523126,9.60234736,1,0.214191794395,-0.12674061954,-1.12708425522,-0.32536610961
2,3,H,14.01741449,13.51968023,11.44155345,1,0.216998204589,0.929564774036,-0.703449726105,-0.503420174122
2,4,O,11.52337375,9.77044,9.55872192,-2,-0.448753833771,-1.44946551323,3.00973963737,4.37606716156
2,5,O,14.01156364,9.25836812,9.36461645,-2,-0.47324603796,0.501554369926,3.9302546978,3.78035378456
2,6,O,10.80660368,11.49372957,13.31831367,-2,-0.401245623827,-0.735693335533,4.94937562943,-4.10818052292
2,7,H,15.61627879,16.27891127,10.14159963,1,0.258750110865,3.17825579643,0.82630187273,1.05251133442
2,8,O,9.78409274,11.37568541,10.34457889,-2,-0.468509614468,-1.92975974083,-0.81113743782,0.52891433239
2,9,H,11.28753613,12.07347938,9.69751136,1,0.239182114601,0.305352091789,0.437363922596,1.18500494957
2,10,H,11.49029358,9.56016679,13.23515509,1,0.236390307546,-0.530039072037,-1.66907215118,1.10068774223
2,11,O,9.30050799,13.10452572,11.97063193,-2,-0.445635259151,1.57877027988,-0.0318313091993,-5.36045312881
2,12,O,14.71778475,16.23188424,9.97894398,-2,-0.414100974798,-2.15550994873,-2.41983699799,-3.3701198101
2,13,O,11.42381794,9.2932028,14.17776646,-2,-0.480135142803,-0.873250722885,3.28807258606,-0.703022956848
2,14,H,14.76169969,15.40673678,9.36599571,1,0.249790549278,-0.233810991049,2.693836689,0.276080548763
2,15,H,11.46939604,7.02791872,13.51852911,1,0.190091401339,1.27605700493,-0.976639389992,0.942759752274
2,16,O,15.96176593,13.95500436,12.89440952,-2,-0.554931521416,-0.208554804325,6.46014499664,0.717880129814
2,17,H,14.39871659,12.87593726,13.92359635,1,0.23169156909,-1.18090200424,-0.308230549097,-1.54481780529
2,18,H,10.47620639,12.46423249,13.38061526,1,0.244742497802,0.9922773242,-3.15565395355,0.616191327572
2,19,H,12.11261163,9.70102716,10.3659008,1,0.225526273251,-1.60878407955,-0.499659836292,-1.4825412035
2,20,O,13.12286221,9.15313195,12.14350507,-2,-0.418582946062,-0.206633910537,0.433505028486,-0.48743969202
2,21,H,14.72813804,9.98057736,9.39454321,1,0.232185870409,-1.01532542706,-1.79673433304,-0.77127045393
2,22,H,15.85478777,13.07906163,12.77008554,1,0.239657282829,-0.678901016712,-4.05036354065,-1.14748978615
2,23,H,15.13320922,14.61404156,12.64754716,1,0.169154420495,2.80060052872,-2.80501031876,0.936363816261
2,24,H,13.14598214,9.96973279,12.63119481,1,0.242913559079,0.708842992783,0.833554446697,0.138191610575
2,25,O,14.04102224,15.33985682,12.14504809,-2,-0.329501628876,2.05709457397,5.95015287399,8.2319726944
2,26,H,13.43151805,15.98154056,12.5361567,1,0.262505590916,0.563890397549,0.151404559612,0.314964294434
2,27,O,14.09799325,13.75944067,10.49853811,-2,-0.441146105528,-0.958797872066,-1.99508857727,-0.577725946903
2,28,H,12.39792862,12.8799863,10.63417058,1,0.2326592803,1.63875377178,2.22465348244,-1.62599301338
2,29,H,13.60550219,14.96662826,11.51834302,1,0.223581433296,-4.91449642181,-2.99181938171,-5.51162481308
2,30,H,10.1783339,10.87809722,11.1072205,1,0.232423827052,-0.935301542282,0.700833141804,-1.02082073689
2,31,H,11.10445322,10.9279191,13.98225949,1,0.225009605289,0.574463427067,-1.63315033913,3.49192643166
2,32,H,12.92503252,12.40369845,13.42823168,1,0.237563699484,1.8863863945,0.314405679703,-0.0532633960247
2,33,O,13.85293198,12.62933778,13.10596558,-2,-0.387459903955,-1.75423574448,-0.553137540817,1.77955436707
2,34,O,12.22608749,6.95010735,14.18293729,-2,-0.720683991909,-1.70306181908,1.43863940239,-1.62983727455
2,35,H,12,12,12,1,0.204254791141,-1.09072458744,-0.584151387215,-1.07216095924
2,36,H,13.55343108,9.6793057,10.26251886,1,0.217188701034,2.2148141861,-2.42200660706,-3.21452069283
2,37,H,11.68164133,8.31660084,14.33360932,1,0.134466782212,1.05801701546,-1.72237920761,0.289910316467
2,38,H,11.79175971,9.20703195,8.92847873,1,0.245081067085,2.03933906555,-3.35766267776,-3.20588183403
2,39,H,14.32397755,14.69481816,10.46067996,1,0.190496385098,0.651332199574,-0.482766538858,-0.196156695485
2,40,H,9.80215305,13.87920245,11.9880103,1,0.259539544582,0.854090452194,2.11022925377,0.0245100110769
2,41,H,12.76350331,8.61179006,12.87070235,1,0.212872177362,0.481260001659,-1.67422580719,-0.0361432284117
3,0,H,8.87127667,13.01879536,12.90607139,1,0.207191646099,0.262882232666,-0.527899384499,-1.34585762024
3,1,O,11.80458031,12.24340955,10.52251282,-2,-0.312955111265,3.7641017437,2.88173675537,3.21821069717
3,2,H,9.967947,10.89346725,9.71535008,1,0.20880112052,0.744552195072,-2.75332117081,-3.85024785995
3,3,H,14.12985056,13.59285436,11.43969158,1,0.215109691024,0.767192900181,-0.465999156237,1.23381495476
3,4,O,11.43376193,9.87024532,9.5352812,-2,-0.446415901184,-0.5581189394,-0.269698917866,-1.67350423336
3,5,O,10.76080281,11.62987832,13.39267545,-2,-0.415873467922,1.20293951035,1.22016978264,-1.47774457932
3,6,H,6.8876523,14.50428252,14.49463575,1,0.252915948629,0.520970523357,-0.371016532183,0.0360841304064
3,7,O,9.72477455,11.44277791,10.37772071,-2,-0.440522074699,-1.63195621967,0.461572796106,4.47484254837
3,8,H,11.36070013,12.34675825,9.69091574,1,0.22546428442,-0.961820363998,-0.273468315601,-0.99430835247
3,9,H,11.37327658,9.62370771,13.36726361,1,0.23419290781,-0.512432336807,0.132944732904,-5.42405939102
3,10,O,9.29586278,13.15218392,12.02236563,-2,-0.446252167225,1.03119385242,4.24102640152,2.49356579781
3,11,O,11.40831243,9.38544438,14.21209105,-2,-0.51044857502,-0.899525523186,1.38816285133,6.22088432312
3,12,H,8.01102367,14.12044712,13.23466235,1,0.251601159573,-4.56913566589,2.25649428368,1.63687670231
3,13,H,16.93299654,13.38506936,9.09749796,1,0.262182563543,-0.0375982299447,-0.276037365198,1.37054181099
3,14,H,11.43853194,6.96964711,13.50305277,1,0.19667583704,1.56833004951,-0.357932120562,1.42192864418
3,15,O,15.95046983,14.06357636,12.90044711,-2,-0.553819298744,-3.07260513306,1.55934453011,-1.8191139698
3,16,H,14.13336173,12.90380024,14.0490535,1,0.23006939888,0.949926018715,0.178377360106,0.121020615101
3,17,H,10.3482994,12.50417358,13.47604737,1,0.242211714387,0.204482257366,-1.27056121826,0.424769073725
3,18,H,11.99058508,9.84884242,10.28274557,1,0.238872632384,1.24837589264,-0.271668672562,1.91228246689
3,19,O,13.0555327,9.21949519,12.15079416,-2,-0.458503037691,-0.8261500597,2.18675637245,1.82409656048
3,20,H,10.74018463,15.83874917,12.58935126,1,0.257058620453,-0.934156298637,5.97140598297,-1.58570599556
3,21,H,15.71345501,13.13054843,12.7609647,1,0.2122605443,0.949405193329,0.389580368996,-0.124764472246
3,22,H,15.07521434,14.6104422,12.41609447,1,0.157118201256,4.70981836319,-2.45995354652,3.02864289284
3,23,H,13.0219566,10.10772182,12.65377979,1,0.231570512056,0.748792111874,-1.81705129147,-1.41784894466
3,24,O,14.0057308,15.43272171,12.16931306,-2,-0.322635263205,-6.83909893036,4.80936431885,1.11636281013
3,25,H,15.95429849,12.60938869,10.50215823,1,0.116512358189,0.0921052396297,-3.19194817543,0.936496496201
3,26,H,13.25243501,16.03382443,12.65234262,1,0.251198291779,3.5176782608,-1.62060582638,-0.665412783623
3,27,O,14.05867465,13.89521357,10.54905621,-2,-0.39413061738,-1.05556619167,0.801749229431,-3.62573385239
3,28,H,10.71602863,14.95060557,13.61015161,1,0.264781475067,0.418536782265,-1.15739643574,-1.76313197613
3,29,O,9.49294295,13.92802242,9.6635465,-2,-0.560280740261,1.75197720528,-2.15442943573,1.42724430561
3,30,H,12.18875513,13.15202727,10.69982806,1,0.238992348313,-0.30897974968,-1.40679883957,-1.01282310486
3,31,H,9.79772433,13.17239583,10.49157384,1,0.24026542902,-2.1797349453,3.00674200058,-3.36153578758
3,32,O,16.58536979,13.54007056,10.01728348,-2,-0.318257987499,2.8157145977,2.71698570251,-3.34738898277
3,33,O,10.87229187,14.9650445,12.59746387,-2,-0.265172183514,1.5122961998,-3.31828641891,3.7768201828
3,34,H,13.32098238,15.05296694,11.54445635,1,0.235819011927,1.11461722851,0.237684175372,1.10364067554
3,35,H,10.22860456,10.95994971,11.10663187,1,0.230269104242,-1.7910951376,1.17773962021,-0.951037585735
3,36,O,7.05920379,14.59434955,13.55212399,-2,-0.516912698746,3.60064339638,-1.37247109413,-1.72529554367
3,37,H,10.87172233,10.9921326,14.12195476,1,0.22548930347,-0.0458439961076,-0.544011235237,1.01733255386
3,38,O,15.74684826,11.63341162,10.84132114,-2,-0.55839240551,-0.322925269604,0.136364132166,0.278048992157
3,39,H,12.90135757,12.61791199,13.33563082,1,0.230706289411,0.525411367416,-0.387695431709,-0.326574444771
3,40,O,13.86735394,12.67058084,13.15438175,-2,-0.371904909611,-2.66788434982,-0.319340825081,0.382034778595
3,41,O,12.14915509,7.0766303,14.23072943,-2,-0.657559633255,-2.30561041832,1.0590389967,-1.6326417923
3,42,H,12,12,12,1,0.185429751873,-0.658660829067,-0.485002219677,-0.715276122093
3,43,H,9.43236027,14.8953067,9.75779855,1,0.230453878641,0.224577784538,-0.852331995964,0.634398043156
3,44,H,15.85896139,14.10373554,9.80929743,1,0.262184083462,-0.562704205513,0.815719306469,0.0325095243752
3,45,H,11.60110058,8.3060142,14.42001199,1,0.105450958014,1.15672647953,-1.56446802616,-0.398102223873
3,46,H,11.90915585,9.32139551,8.919727,1,0.244982630014,0.0651999115944,-0.453643321991,-0.544387221336
3,47,H,14.8356913,11.74056842,11.06575955,1,0.23460111022,-0.937274336815,-0.949438095093,0.289694041014
3,48,H,14.28886614,14.85526954,10.43191809,1,0.245489299297,0.120946973562,-1.7860212326,0.257096022367
3,49,H,9.88503292,14.17363269,12.06111652,1,0.182501465082,-2.86110043526,-4.2290725708,0.111181735992
3,50,H,12.68409779,8.70181726,12.92729161,1,0.201612442732,0.95058465004,-0.721393406391,-0.997925519943
4,0,H,8.80100547,13.06351072,13.0474962,1,0.198475897312,1.83402049541,-0.182898491621,-4.30701446533
4,1,O,11.79362275,12.34858769,10.54371461,-2,-0.278161346912,2.23809289932,5.30531597137,1.11216104031
4,2,H,9.9317391,10.84567298,9.6932724,1,0.197110548615,-0.627216219902,1.72062957287,1.18189144135
4,3,H,14.26805032,13.6789104,11.47970674,1,0.215043514967,0.0770247206092,0.691297233105,-0.153135627508
4,4,O,11.3483438,9.97789625,9.51861183,-2,-0.483234703541,2.76084828377,-2.70636916161,-3.88253760338
4,5,O,10.72989484,11.7689983,13.46934053,-2,-0.391521632671,3.55967450142,-4.229991436,2.05768203735
4,6,H,6.83493538,14.55599033,14.53083693,1,0.248670578003,1.05376029015,-0.534465909004,-0.757934749126
4,7,H,15.65910398,16.72966777,10.27634452,1,0.268594861031,-2.79673051834,-0.920249223709,-0.46783015132
4,8,O,9.67191749,11.51506538,10.42908314,-2,-0.458674043417,-2.27606797218,-0.831742942333,-5.29129266739
4,9,H,11.42269176,12.60458367,9.6585892,1,0.21226760745,-0.407474070787,-1.50434458256,0.29822358489
4,10,H,11.25903085,9.70639755,13.29562957,1,0.226628154516,0.21812069416,-1.50367033482,2.32180285454
4,11,O,9.30607628,13.22109553,12.08095759,-2,-0.444275349379,-0.869722723961,4.10757875443,5.55111217499
4,12,O,14.68643736,16.39734939,10.09752912,-2,-0.365885317326,3.07904624939,0.887072682381,-2.04312252998
4,13,O,11.40418925,9.48298464,14.26884508,-2,-0.565897405148,-1.80333662033,3.27114462852,-1.30178141594
4,14,H,8.0096645,14.1879594,13.18239253,1,0.24492007494,-4.46502161026,2.19343233109,2.19506955147
4,15,O,8.70862985,10.61675447,12.42240552,-2,-0.461237728596,-3.73621511459,-3.12830042839,-2.75537633896
4,16,H,14.7088626,16.08285257,9.1298046,1,0.267760664225,-0.0444101467729,1.17467153072,1.77850747108
4,17,H,16.84833018,13.58552558,9.10335277,1,0.256924510002,0.367903202772,-0.999515891075,1.41049981117
4,18,H,11.49238913,6.92790589,13.59008108,1,0.229445248842,-0.509147644043,-0.648297905922,-0.651688754559
4,19,H,13.89463467,12.96909628,14.1787055,1,0.227123558521,1.37775218487,-0.569717824459,-1.01518845558
4,20,H,10.244132,12.51251184,13.59283417,1,0.232233732939,-2.20447325706,3.01098322868,0.290331840515
4,21,H,11.90210506,10.00885142,10.28376771,1,0.220816507936,0.590182602406,-0.155457302928,1.20114850998
4,22,O,12.99503514,9.29799039,12.17130268,-2,-0.468544870615,-0.407478153706,1.12001502514,0.378421127796
4,23,H,10.68953666,16.04149317,12.48980739,1,0.266663700342,0.477735370398,-2.21570396423,0.116169169545
4,24,O,12.84587636,8.33830632,8.15220609,-2,-0.367667585611,-1.01481807232,0.0069226147607,-1.83135473728
4,25,H,12.94429712,10.17513867,12.61630912,1,0.235922187567,0.60919290781,-0.641811788082,-0.500086069107
4,26,H,15.89070227,12.65759286,10.56747578,1,0.132322028279,0.245879903436,-3.16283726692,0.670492053032
4,27,H,9.53666832,10.52208227,12.78458394,1,0.217760369182,2.62143802643,-0.499539554119,1.42282903194
4,28,O,14.02898964,14.03027215,10.60101107,-2,-0.460140794516,-0.746292114258,0.584456086159,-0.295167833567
4,29,H,10.73152804,14.98029955,13.60881221,1,0.268875479698,0.0223618745804,-0.130353659391,0.670887589455
4,30,O,9.45555444,13.9957144,9.73970491,-2,-0.598566830158,1.516908288,-10.1789464951,1.39593493938
4,31,H,11.99248419,13.36947035,10.72774069,1,0.231354773045,0.259891241789,-2.94516634941,0.0144630745053
4,32,H,9.8094767,13.22310933,10.55989026,1,0.257178723812,-2.30801343918,2.92389941216,-3.17441177368
4,33,O,16.57046953,13.62268444,10.06356973,-2,-0.3529920578,0.430220901966,5.51117324829,-4.22760820389
4,34,O,10.87081182,15.0480172,12.66402627,-2,-0.280826508999,0.356560647488,3.62071013451,-0.459585905075
4,35,H,8.68422265,9.86814237,11.68740498,1,0.229751124978,-0.231776118279,2.49406433105,2.36880302429
4,36,H,10.19339603,11.13409808,11.06576072,1,0.223191708326,1.27110278606,-1.03398513794,2.67429685593
4,37,O,7.08189501,14.67502775,13.59251818,-2,-0.525078058243,2.98168087006,-1.10450339317,-1.65322721004
4,38,H,13.60265963,7.99230631,7.68347489,1,0.267336517572,0.816600382328,-0.118687339127,0.270643651485
4,39,H,10.64753179,11.12626587,14.30901659,1,0.22697353363,1.04031574726,0.656798541546,-1.97222530842
4,40,O,15.75325066,11.67495773,10.88594098,-2,-0.56062990427,-2.76437425613,1.02017199993,0.416366279125
4,41,H,12.91190219,12.84277987,13.23817953,1,0.234238117933,0.160352408886,-0.43278247118,-0.898030161858
4,42,O,13.88566063,12.71473806,13.21276609,-2,-0.400567948818,-1.72654390335,1.04869747162,2.0566213131
4,43,O,12.07626382,7.21103819,14.27957167,-2,-0.607254087925,-0.42620202899,1.61038863659,0.921516656876
4,44,H,12,12,12,1,0.200102448463,-0.499355882406,-0.269427359104,-0.880262732506
4,45,H,9.47330569,14.85308523,9.70018598,1,0.243313997984,0.536421835423,7.32559013367,0.450913995504
4,46,H,15.89304588,14.3606515,9.84600459,1,0.265373468399,1.28029632568,-1.74508225918,1.46356523037
4,47,H,11.56865793,8.28651771,14.49756396,1,0.0911126285791,1.49501824379,-2.08943486214,-0.9526668787
4,48,H,12.08449725,9.3937028,8.84848765,1,0.181255459785,-2.84206914902,2.3561732769,3.11446094513
4,49,H,14.77643445,11.79820364,11.05142412,1,0.227145552635,1.39178025723,-1.33509922028,-0.0691446885467
4,50,H,14.26621158,15.00215619,10.44646958,1,0.169451668859,-0.442736983299,-1.52108132839,1.55817341805
4,51,H,9.88465447,14.2797428,12.18066379,1,0.176831379533,-2.36509275436,-4.17661809921,-0.198846966028
4,52,H,12.67129768,8.77095482,12.93970677,1,0.205403238535,0.499166786671,-0.635469734669,-0.320269942284
4,53,H,12.26594054,8.57557325,7.38832966,1,0.27358263731,0.34521907568,-0.489635854959,0.69680160284
5,0,H,8.84260575,13.11148362,12.99803879,1,0.170554250479,-0.165778338909,0.897191047668,-1.32733976841
5,1,O,11.79607927,12.47244861,10.56653557,-2,-0.241161048412,1.30931532383,3.6388835907,-0.886675417423
5,2,H,9.87481573,10.89974902,9.7520009,1,0.189883694053,-0.818405985832,1.66987347603,1.23939037323
5,3,O,11.27666897,10.07687851,9.48798926,-2,-0.390964597464,6.25703573227,-2.62977457047,-1.23518061638
5,4,O,10.71281466,11.89092128,13.54967067,-2,-0.364490628242,-0.129571929574,0.976305484772,2.10665607452
5,5,O,9.61797406,11.58290514,10.46485612,-2,-0.472786784172,-0.458648771048,-1.89877295494,-3.29746818542
5,6,H,9.20694772,12.72014814,14.81023816,1,0.248485043645,6.4822063446,-3.37355875969,3.56484603882
5,7,O,17.2158008,16.0508487,10.93568004,-2,-0.478841930628,2.37260937691,-5.08645820618,0.502301156521
5,8,H,11.49219922,12.76674785,9.64474289,1,0.226971819997,-0.0620365291834,-2.22444796562,0.700958013535
5,9,H,11.16970082,9.75168719,13.32972174,1,0.211488485336,0.59532725811,-1.08320903778,3.06892609596
5,10,O,9.32015587,13.30631493,12.14875516,-2,-0.434802293777,0.708068847656,2.47666120529,-0.116217672825
5,11,O,11.40512812,9.58525691,14.32036568,-2,-0.632916927338,-2.00547981262,2.90943217278,-2.2619330883
5,12,O,8.6620059,10.71041747,12.45524648,-2,-0.445800065994,0.120513416827,-2.28958749771,-0.463787972927
5,13,H,16.78542603,13.75897333,9.14798176,1,0.264720857143,0.970961213112,-1.21444022655,0.0600253455341
5,14,H,11.50077209,6.90381573,13.65508926,1,0.247942626476,-0.328918069601,-0.115594998002,-0.0845838263631
5,15,H,13.74011768,13.03895821,14.24289997,1,0.227806717157,1.36576139927,-1.01103329659,-1.44715571404
5,16,H,10.09658771,12.64725332,13.69454413,1,0.196312353015,1.68547785282,-0.659133911133,-1.66973400116
5,17,H,11.822464,10.18260576,10.33585616,1,0.227865844965,-1.17462849617,-0.514623939991,-1.24365258217
5,18,H,7.94920626,12.30793067,14.53682024,1,0.260667622089,0.869304418564,3.62391543388,-0.242039009929
5,19,O,12.93863367,9.38037896,12.19172691,-2,-0.481867522001,0.198303923011,-1.41004180908,-2.52731394768
5,20,H,16.67134812,15.18037455,10.91495657,1,0.203608080745,1.14070761204,3.06543827057,1.05831515789
5,21,H,12.90048413,10.22687807,12.55727181,1,0.249475806952,0.277409106493,2.17129397392,1.38857531548
5,22,H,15.87825158,12.61208236,10.63042712,1,0.167473658919,0.765506744385,0.0565700680017,-0.167654976249
5,23,H,9.59070079,10.66981401,12.67599815,1,0.206001728773,0.254012346268,0.662700116634,1.60678517818
5,24,H,18.08547203,15.36902282,11.03501419,1,0.229152321815,-2.62872242928,3.41927099228,-0.317026406527
5,25,H,11.81510865,13.43868276,10.76939697,1,0.239039599895,0.354487895966,-0.67981159687,1.21481883526
5,26,O,16.56220653,13.71797808,10.09653673,-2,-0.326122075319,-1.61090970039,4.65356016159,-3.12208938599
5,27,H,8.88050848,10.15664349,11.66143774,1,0.215940639377,-2.01805496216,0.574721336365,0.354433685541
5,28,H,10.21748289,11.29546907,11.14789392,1,0.223268061876,-0.298818945885,0.509045243263,0.203828513622
5,29,H,10.4635247,11.37169351,14.35922169,1,0.213238626719,1.80659544468,-1.10618209839,-0.892869234085
5,30,O,15.75391535,11.72042958,10.93638415,-2,-0.532665133476,-2.67308998108,-1.52324259281,0.719260752201
5,31,H,12.93644788,13.057244,13.08556688,1,0.234787911177,2.1401450634,-0.920054137707,-0.235368162394
5,32,O,13.90114612,12.75999345,13.27798342,-2,-0.423577427864,-3.6839132309,1.90702843666,1.76832795143
5,33,O,12.01013978,7.34806166,14.32972554,-2,-0.538803040981,0.791481018066,-1.21184206009,0.20304018259
5,34,H,12,12,12,1,0.171731516719,-0.343392133713,-0.120761349797,-0.129124611616
5,35,H,15.96847913,14.55896866,9.91833163,1,0.272939801216,0.813544809818,-2.34842681885,0.860093772411
5,36,H,11.58799093,8.25599358,14.53021844,1,0.123899951577,0.169798731804,-0.1323222965,-0.645073950291
5,37,H,12.13255409,9.60843868,8.91746796,1,0.228635042906,-4.05701446533,1.83564710617,2.07514357567
5,38,H,14.77465266,11.80508931,11.04082863,1,0.239680752158,0.945996642113,-1.02545595169,0.352009505033
5,39,H,9.80267937,14.17100733,12.31533251,1,0.220302164555,-1.25744891167,-1.25337135792,-0.177691727877
5,40,O,8.55381219,13.22022338,14.55900577,-2,-0.364946693182,-8.61518192291,-0.480093866587,-1.34002113342
5,41,H,12.69795818,8.81814581,12.92958839,1,0.217871263623,-0.0645549669862,-0.735298216343,0.782265901566
6,0,H,8.87799779,13.14824299,12.91037084,1,0.188832372427,-4.35613203049,-1.54029965401,4.72184801102
6,1,O,11.80599248,12.60569502,10.57941336,-2,-0.271857261658,1.73951494694,0.337051600218,0.506839334965
6,2,H,9.8094702,11.04120432,9.87146867,1,0.201515644789,1.13130736351,-2.93810677528,-3.47946572304
6,3,O,11.22457451,10.16807748,9.44682905,-2,-0.433403730392,0.482825875282,0.227410301566,1.42429196835
6,4,O,10.69856787,12.00897671,13.62397583,-2,-0.359409928322,1.72011291981,3.33419942856,-2.77391529083
6,5,O,9.56633754,11.64244884,10.48483938,-2,-0.44695854187,-0.0340871959925,2.27826523781,3.83650350571
6,6,H,9.28807677,12.67047065,14.88924504,1,0.209796771407,-3.09318971634,3.20972704887,0.522180438042
6,7,O,17.20480794,16.13278128,11.01176715,-2,-0.501408576965,1.89004206657,-1.05580425262,0.293787330389
6,8,H,11.59212337,12.79845955,9.66401508,1,0.237502545118,-0.311569601297,-1.13565087318,-1.01586949825
6,9,H,11.11861654,9.76949087,13.51987683,1,0.221109002829,-1.5009355545,0.0816660299897,-4.45835781097
6,10,O,9.33375914,13.39279182,12.20657995,-2,-0.448366552591,-0.521247446537,-3.49220943451,-8.89559936523
6,11,O,11.40800265,9.69193643,14.35570187,-2,-0.665190577507,0.339736640453,1.94165277481,4.8955988884
6,12,O,8.62051706,10.79329547,12.47882744,-2,-0.425828933716,3.95222043991,-1.02719688416,1.9054864645
6,13,H,16.75825246,13.88683011,9.16880447,1,0.263005942106,1.02436208725,-1.40170419216,-0.431738078594
6,14,H,11.44861013,6.92936028,13.70267605,1,0.251574516296,0.716276466846,1.33459472656,1.4459656477
6,15,O,7.5764002,10.97577292,14.90851678,-2,-0.326290547848,-3.6543200016,-1.74274730682,0.204577192664
6,16,H,13.67849785,13.10314575,14.21104861,1,0.240818500519,0.247628957033,-0.129035234451,1.49474811554
6,17,H,10.05670683,12.76206197,13.71620332,1,0.194218277931,1.58543801308,-0.148995235562,-1.50786709785
6,18,H,11.66344187,10.35589061,10.30159264,1,0.236763864756,-0.938415288925,-0.373561531305,0.266872555017
6,19,H,8.02134192,12.16801287,14.35572409,1,0.195153474808,-0.207964226604,3.00418257713,1.20349752903
6,20,O,12.88756863,9.45785223,12.19689328,-2,-0.4865655303,-0.0579110682011,0.638234257698,-0.949866890907
6,21,H,6.59627961,10.88328591,15.3104796,1,0.249090105295,3.37791967392,0.609304726124,-1.23322379589
6,22,H,16.39206644,15.61292289,10.94704424,1,0.248911052942,0.933385968208,0.787199735641,1.12874484062
6,23,H,12.87585895,10.37273284,12.54984988,1,0.246660709381,0.159678369761,-1.12270057201,0.612203121185
6,24,H,15.93306038,12.61758108,10.63969659,1,0.176478967071,0.384893149137,0.646775484085,-0.289296358824
6,25,H,9.68299416,10.87202275,12.67324916,1,0.194885551929,-3.77969288826,0.212120816112,1.40487706661
6,26,H,17.96718297,15.44158493,11.12759937,1,0.254261791706,-2.4407017231,1.77670025826,-0.298512220383
6,27,H,11.68537636,13.486982,10.8790335,1,0.247719764709,-0.306232273579,1.5541036129,1.21168708801
6,28,O,16.55753796,13.82439729,10.11227802,-2,-0.363010436296,0.0728680193424,1.8586294651,-2.16681003571
6,29,H,7.55903097,10.33674351,14.1453147,1,0.260592341423,0.433411896229,0.683515608311,0.593206703663
6,30,H,8.96064168,10.49221368,11.63992117,1,0.196171343327,-2.03448605537,-0.463928341866,-1.54484510422
6,31,H,10.2445728,11.48548693,11.23671319,1,0.232293426991,-2.17601442337,1.06021690369,-2.4403488636
6,32,H,10.3539198,11.60280472,14.34063549,1,0.220260947943,0.0809704363346,-4.44045257568,3.97335481644
6,33,O,15.74802419,11.76145364,10.98723701,-2,-0.546785116196,0.0697539150715,-2.04572176933,0.593432188034
6,34,H,13.05771487,13.23595378,12.89970033,1,0.240733683109,2.7794816494,-1.43124496937,1.08507609367
6,35,O,13.90788471,12.80777284,13.34228091,-2,-0.444388628006,-3.16023254395,1.53637361526,-2.54700827599
6,36,O,11.95412923,7.47504249,14.37372015,-2,-0.515554428101,2.18419957161,-7.60593700409,-2.15130901337
6,37,H,12,12,12,1,0.132340282202,-0.11174787581,-0.260206133127,0.366066038609
6,38,H,16.06898687,14.64704775,10.00832024,1,0.254851639271,-0.6539016366,-0.0931158065796,0.734287619591
6,39,H,11.60034343,8.29665601,14.5229024,1,0.152827888727,-2.29368662834,4.60651159286,0.376472264528
6,40,H,12.04444988,9.92517744,9.08284716,1,0.240950629115,1.45775711536,-1.10965418816,-2.11850118637
6,41,H,14.80931723,11.76111949,11.03576868,1,0.253775715828,-1.18716406822,-0.474679380655,0.370453357697
6,42,H,9.76123954,14.07946291,12.46836952,1,0.242535620928,3.98667740822,7.33306980133,2.38112401962
6,43,O,8.47543025,13.2852003,14.56597864,-2,-0.47286465764,2.03075385094,-5.65648841858,0.677841246128
6,44,H,12.73326648,8.83586373,12.94164907,1,0.222251117229,0.0384128428996,0.637934803963,0.0715104714036
7,0,O,11.81831918,12.74405495,10.57256721,-2,-0.286565333605,1.03058135509,2.17215871811,3.16118097305
7,1,H,9.81194021,11.07674442,9.8230769,1,0.209412515163,-0.0501245111227,0.363015890121,-0.201766178012
7,2,O,11.17069222,10.26457428,9.38727294,-2,-0.409062564373,0.265345990658,-0.135411605239,-0.352813184261
7,3,H,11.05926514,13.30640908,8.39870124,1,0.24324336648,-3.06575083733,0.507346451283,-2.87919569016
7,4,O,10.68456783,12.13677693,13.66459657,-2,-0.342434883118,1.6099088192,-1.05023956299,-0.81378775835
7,5,O,9.51466249,11.70962184,10.49446969,-2,-0.404656976461,-0.759842395782,0.684895157814,-1.45857131481
7,6,H,11.71027951,12.76183041,9.62836139,1,0.229102954268,-0.166306018829,-0.0695231556892,-0.358651220798
7,7,H,11.00474685,9.81788051,13.51413363,1,0.223620086908,-0.067373290658,-0.154308244586,-0.0360330045223
7,8,O,11.41321905,9.80866005,14.3795022,-2,-0.526111006737,-0.789122641087,2.57832860947,0.0518657565117
7,9,H,10.49823815,14.21614346,7.2173414,1,0.235160306096,-0.696319460869,-1.99838912487,1.14877009392
7,10,O,8.59430311,10.87662394,12.48660632,-2,-0.499038785696,3.79442381859,-0.0694956481457,0.061392173171
7,11,H,16.75099385,13.97239439,9.12606984,1,0.273386657238,0.431247472763,-1.01041936874,0.970797300339
7,12,H,11.38759974,7.0531049,13.78792397,1,0.24410751462,-0.336420893669,-0.0668668299913,-0.0874449834228
7,13,O,10.23954406,13.37530814,7.74197955,-2,-0.447151869535,3.45936465263,1.80112338066,1.02915966511
7,14,H,13.64070222,13.21864339,14.21017144,1,0.249058783054,-0.332505226135,0.214812964201,1.23648560047
7,15,H,10.13844263,12.87569656,13.63586852,1,0.245221167803,-1.61312258244,2.56965970993,-0.332080632448
7,16,H,11.44323664,10.53903854,10.2474232,1,0.23833373189,-0.472817629576,-0.368690431118,1.87997841835
7,17,H,9.48697569,11.30153044,15.75692514,1,0.209236636758,1.18354904652,-0.574028015137,2.4325325489
7,18,O,12.83731083,9.54043207,12.17493788,-2,-0.469007045031,0.0265419110656,1.35640025139,-0.127635523677
7,19,O,10.34702821,11.17891165,16.30099635,-2,-0.481649786234,-0.486875236034,0.703577756882,-5.28640937805
7,20,H,12.86050559,10.47774295,12.5458827,1,0.238879516721,0.132702171803,-2.23335075378,0.30626565218
7,21,H,10.95816968,10.941936,15.32692406,1,0.191205620766,-0.634499788284,-1.72444927692,4.10866212845
7,22,H,16.01937404,12.69987376,10.58690206,1,0.161427497864,-1.22537481785,-2.28645253181,1.21917486191
7,23,H,9.57972079,11.1073522,12.7370537,1,0.190214887261,-3.25169229507,-0.764704525471,0.590062618256
7,24,H,11.58308824,13.61804728,11.0243699,1,0.254659712315,0.189598172903,-1.44326531887,-1.73849749565
7,25,O,16.55739129,13.93802701,10.09864101,-2,-0.360609829426,1.76814460754,-0.103776700795,-2.75323915482
7,26,H,8.9061373,10.81659337,11.52914542,1,0.169095486403,-2.30682229996,-0.295656979084,1.23551499844
7,27,H,10.1764572,11.74585111,11.17709425,1,0.24046677351,0.00164334475994,0.118003860116,-0.242961525917
7,28,H,10.26508578,11.67136962,14.4267225,1,0.20768404007,0.778428018093,-0.0565355569124,-0.63979101181
7,29,O,15.73908251,11.80266051,11.02213488,-2,-0.549705326557,0.314229995012,0.891100168228,-0.693114280701
7,30,H,13.30727966,13.36068342,12.73306612,1,0.247414857149,1.48664784431,-0.878169476986,1.44726777077
7,31,O,13.90293467,12.86262021,13.37756334,-2,-0.452672541142,-1.33450007439,0.619662046432,-2.76960468292
7,32,O,11.90580079,7.58337446,14.39040159,-2,-0.510255753994,0.720633864403,-0.898366570473,-0.151066064835
7,33,H,12,12,12,1,0.145824074745,0.0997606664896,-0.591788649559,0.910929858685
7,34,H,16.11243839,14.74659222,10.08698066,1,0.274954617023,-1.50758016109,2.37567067146,1.17873752117
7,35,H,11.52354415,8.55141457,14.49670236,1,0.097483754158,0.313713461161,-0.586818158627,0.161532521248
7,36,H,12.07165174,10.21855058,9.12674698,1,0.24312902987,1.33580195904,-0.824973165989,-1.8784058094
7,37,H,14.78160098,11.70371163,11.02447312,1,0.255304694176,0.279558569193,0.1512375772,-0.0142197012901
7,38,H,12.77224186,8.89221014,12.93406613,1,0.22129330039,-0.124775215983,1.07868754864,-0.315022706985
8,0,O,11.83158041,12.89026154,10.54586918,-2,-0.290408343077,0.780127167702,0.371161282063,1.56580984592
8,1,H,9.84103002,11.11952909,9.71182739,1,0.213861629367,-1.30372881889,2.43785905838,1.95946609974
8,2,O,11.11595021,10.36783076,9.2974136,-2,-0.361896157265,5.71560382843,1.05251383781,0.60771894455
8,3,O,10.67428014,12.26021819,13.67188895,-2,-0.359104186296,0.577507734299,-0.104483693838,-1.25779700279
8,4,O,9.45985438,11.78041594,10.47121996,-2,-0.377662986517,-0.543643951416,-1.23569154739,-4.27832078934
8,5,H,11.84389385,12.74434262,9.54914653,1,0.249836921692,-0.566034376621,1.42004370689,1.75932002068
8,6,H,10.88386517,9.89546637,13.44838659,1,0.23294518888,1.7899698019,0.380023002625,3.497590065
8,7,O,11.41756461,9.9394001,14.37391334,-2,-0.362282603979,-2.81375312805,3.2211766243,-3.86784958839
8,8,O,8.58107999,10.96449859,12.46595396,-2,-0.515506148338,-2.28695130348,-1.24195659161,-2.08410072327
8,9,H,11.29610482,7.19070516,13.8422095,1,0.232900649309,-1.24133086205,-1.18623626232,-1.07414782047
8,10,H,13.58458407,13.39062935,14.2254292,1,0.246821582317,0.499017179012,-1.00869762897,-2.18854355812
8,11,H,10.22829258,13.09411313,13.48812409,1,0.245098143816,-0.485191881657,-0.140464127064,0.824974834919
8,12,H,11.20202066,10.72820855,10.23775384,1,0.237272500992,0.270794302225,-1.77623975277,-1.46568191051
8,13,H,9.45137168,11.47329558,15.87678572,1,0.213206872344,0.522673666477,-0.368394553661,1.1301022768
8,14,O,12.78932342,9.63039197,12.12121632,-2,-0.456549853086,0.0392896458507,-0.46936237812,-1.50051009655
8,15,O,10.34228336,11.2859415,16.26170105,-2,-0.507739961147,0.372321546078,-0.216149151325,-4.13399791718
8,16,H,12.85036371,10.48677786,12.51336754,1,0.238717630506,0.261520087719,0.864145159721,1.15017104149
8,17,H,10.92791311,10.84150801,15.22719172,1,0.164435863495,-0.705375730991,-1.24233722687,3.61851549149
8,18,H,16.05662241,12.72731565,10.53558287,1,0.250876069069,-1.85365915298,-2.96769738197,1.54579889774
8,19,H,9.34181492,11.3310003,12.82757841,1,0.204414084554,1.87996029854,0.882781028748,1.0489897728
8,20,H,11.52960486,13.71495045,11.05400466,1,0.253398478031,0.464016258717,-1.13778913021,-2.58138561249
8,21,H,8.7329054,11.14346951,11.43395995,1,0.142149716616,-0.902707338333,-0.655225872993,2.69163894653
8,22,H,10.13487588,12.04725643,11.06825741,1,0.243399232626,0.631797134876,0.161631703377,0.305311113596
8,23,H,10.24341243,11.72660412,14.4330733,1,0.209821343422,0.6356138587,1.79888212681,-0.961223006248
8,24,O,15.72953515,11.85456468,11.02925067,-2,-0.502697467804,0.432368904352,2.10365748405,-1.27423286438
8,25,H,13.62469057,13.45680438,12.5990231,1,0.250920772552,0.407818645239,0.000196076929569,1.08537149429
8,26,O,13.89306932,12.92365303,13.37492898,-2,-0.444734215736,-1.12350153923,0.910922527313,0.833825945854
8,27,O,11.86328941,7.69169993,14.37652753,-2,-0.556890428066,1.00537967682,1.52592098713,0.659899830818
8,28,H,12,12,12,1,0.117405533791,-0.0721961483359,-0.0340474247932,0.729952991009
8,29,H,11.45393126,8.83525689,14.43603677,1,0.0654373764992,1.04849457741,-3.01162314415,0.929458796978
8,30,H,12.1984709,10.47127209,9.03265798,1,0.234866499901,-4.62539243698,-0.820657432079,0.705169796944
8,31,H,14.75747537,11.67453149,10.98380411,1,0.264498770237,1.41876661777,0.813809633255,-0.316794902086
8,32,H,12.81117349,9.02267043,12.87720681,1,0.223187446594,-0.229573354125,-0.327672362328,0.335500538349
9,0,H,8.74997455,13.17411827,12.69360411,1,0.233443528414,-1.42541193962,-0.653213739395,0.811931490898
9,1,O,11.86101153,13.02222293,10.50205584,-2,-0.357624262571,2.41587996483,-4.40137195587,-0.20351973176
9,2,H,9.83458401,11.27457135,9.67095667,1,0.2002594769,-1.68986225128,1.67487752438,0.777028024197
9,3,O,11.09390635,10.4658485,9.18539792,-2,-0.411070644855,4.42086553574,1.38709652424,0.840944826603
9,4,O,10.68251663,12.36470086,13.65373638,-2,-0.417878657579,2.76323533058,2.47292017937,-3.30801391602
9,5,O,9.42027602,11.83348835,10.4121453,-2,-0.398655444384,2.27766823769,0.707069396973,-1.16219973564
9,6,H,11.99847586,12.79875759,9.54097688,1,0.248453766108,-0.882163286209,1.69419705868,1.59801268578
9,7,H,10.86951864,10.00889995,13.52824031,1,0.249932363629,0.177620694041,0.790806770325,0.429459512234
9,8,O,9.36974213,13.66080522,12.1916867,-2,-0.383302748203,2.84852170944,4.7009139061,1.26986432076
9,9,O,11.4298003,10.06927332,14.33132423,-2,-0.32182598114,-1.25767767429,2.24943041801,-0.819316267967
9,10,O,8.5807492,11.04037952,12.41654807,-2,-0.50849634409,-0.889291465282,0.49411213398,0.470763742924
9,11,H,10.28718265,5.89324665,15.1421195,1,0.262475967407,0.589926421642,0.0876898765564,0.393957048655
9,12,H,11.18625826,7.27355227,13.83529184,1,0.205837965012,1.23047196865,0.858584046364,0.449077099562
9,13,H,9.93013444,6.53614604,13.87414075,1,0.261673808098,1.63811612129,1.96788918972,-3.98838210106
9,14,H,10.79225136,16.32809766,10.62708098,1,0.226667240262,-0.498279035091,0.878571331501,1.48943161964
9,15,H,13.54943164,13.53740736,14.10816091,1,0.259642601013,0.543464958668,-0.915166974068,-1.68812608719
9,16,H,10.34474478,13.26875422,13.34248751,1,0.211043566465,0.191876530647,-3.14516425133,1.62902903557
9,17,H,11.00121533,10.84090778,10.13494152,1,0.242110595107,1.40708947182,-1.9604382515,-1.78925049305
9,18,H,9.4423978,11.59603666,16.05242706,1,0.23080021143,-0.847310066223,-0.219989776611,0.013074900955
9,19,O,12.75934906,9.70568225,12.03913646,-2,-0.465704202652,0.0997622162104,0.00533416867256,-0.748197615147
9,20,O,10.35655895,11.38473761,16.18357221,-2,-0.587689876556,1.66949701309,-0.985766410828,-1.8372439146
9,21,H,10.39192941,16.50262567,12.53073907,1,0.250985950232,2.30994653702,-3.91232347488,0.715906918049
9,22,H,12.86789255,10.53742986,12.48725905,1,0.237475782633,0.27917894721,0.985501408577,0.339317262173
9,23,H,10.87496358,10.64255643,15.24640067,1,0.155755460262,-0.984019637108,0.721231460571,1.63368630409
9,24,H,9.2124363,11.56720014,12.94847817,1,0.199671253562,-0.446501165628,-0.915475547314,-1.19429159164
9,25,H,10.75814849,15.69959988,13.79025949,1,0.238589838147,0.920475900173,-0.736618995667,-1.05063462257
9,26,H,9.25315992,17.29508422,7.95819497,1,0.27307510376,-0.698636472225,-0.94662976265,-0.79474812746
9,27,O,9.36104762,14.26709504,9.90938144,-2,-0.459980487823,2.81922864914,6.14200401306,-1.09350073338
9,28,H,11.54639264,13.77159448,10.93202999,1,0.248308956623,-0.596473097801,2.98922324181,-0.526624619961
9,29,H,9.5681515,13.8990848,10.76401908,1,0.159016817808,-1.10254776478,-0.620423972607,0.342595398426
9,30,O,10.95909935,15.5271548,12.81039155,-2,-0.228791683912,-3.1073012352,4.89442443848,1.34187340736
9,31,H,8.54799857,11.42565922,11.45167936,1,0.16966214776,0.492627352476,-1.14233481884,2.33838224411
9,32,O,9.56504521,6.16669384,14.58948794,-2,-0.512192964554,-3.05811548233,-2.44912791252,3.70531916618
9,33,H,10.15807447,12.33992659,10.94111909,1,0.229913130403,-2.40439271927,-2.0897064209,-1.94617068768
9,34,H,10.28139182,11.85739029,14.32070925,1,0.207055896521,-0.7898260355,-0.205132216215,2.70368123055
9,35,H,13.94844853,13.54384272,12.50097296,1,0.259600400925,-0.134794801474,-1.03895580769,2.44058799744
9,36,H,11.28927747,16.16272542,9.32466437,1,0.221327319741,2.31814241409,-1.12783408165,2.03535985947
9,37,O,13.89679026,12.97754532,13.35049002,-2,-0.471665233374,-0.607620358467,1.80056214333,-1.06655299664
9,38,O,11.8415298,7.79412061,14.34015227,-2,-0.614310026169,-0.238232389092,-0.94509780407,-0.969360470772
9,39,H,12,12,12,1,0.0815009474754,-0.255441576242,0.49471861124,0.377456694841
9,40,O,11.63711022,16.05853059,10.30154144,-2,-0.364401847124,-0.783330261707,0.413648933172,-3.54041194916
9,41,H,9.89434958,15.23255592,10.13939874,1,0.193783789873,-3.13349890709,-4.71629714966,-1.68561768532
9,42,H,11.45713705,9.02849291,14.38575175,1,0.117739573121,0.880440354347,-2.66333341599,1.19810581207
9,43,H,12.13724015,10.65826771,8.94799795,1,0.24008885026,-4.03000354767,-1.03686439991,0.954054355621
9,44,H,10.54881446,17.32031732,8.83051124,1,0.261257588863,-1.8579390049,1.72035241127,-1.20846617222
9,45,H,10.0163902,14.51398392,12.66771739,1,0.198958620429,-2.58937764168,-1.93245589733,-1.76307809353
9,46,O,9.77096216,17.86446119,8.49646313,-2,-0.50024574995,2.24561357498,-0.170857876539,1.69343221188
9,47,H,12.85872909,9.14689241,12.81193516,1,0.2277276963,-0.231602206826,-1.20057749748,0.391375035048
10,0,H,14.81221844,13.76290567,13.51855305,1,0.216620624065,-0.0807140544057,0.981029570103,0.164758056402
10,1,O,12.52191997,12.84902002,12.05831545,-2,-0.270745635033,-1.80136346817,-0.378906160593,2.43446516991
10,2,H,13.15487198,10.38885054,10.43237753,1,0.208251088858,-1.2037705183,2.83674287796,-1.15374362469
10,3,H,12,12,12,1,0.297183930874,1.06481361389,-1.1278924942,-2.07590246201
10,4,H,13.15777592,10.10218723,13.43794259,1,0.261860877275,0.263799726963,-3.47163367271,-1.17306923866
10,5,H,12.6624249,13.54064333,11.40239425,1,0.151524871588,0.191842228174,-0.00153091666289,-1.69447791576
10,6,H,13.73666696,10.89102692,14.73440827,1,0.216962486506,-1.12891626358,-0.657116174698,-1.68391513824
10,7,H,12.78390745,12.13024452,9.5674276,1,0.174952164292,1.55653226376,-4.18201684952,2.30616950989
10,8,H,12.86273448,8.80803477,10.42431333,1,0.220225960016,-0.27690461278,-0.549435138702,0.27523753047
10,9,H,11.70420811,13.16840115,12.50276231,1,0.260403305292,-0.163642376661,1.47506690025,1.38253760338
10,10,O,13.21318112,10.89847925,13.86904597,-2,-0.460933566093,1.5165913105,3.69969272614,3.28541874886
10,11,H,10.13483026,13.93825998,14.10232673,1,0.186413422227,0.218170642853,-2.5614426136,-1.00328314304
10,12,H,11.55641635,10.66760549,13.70706071,1,0.207299560308,-0.555219054222,-0.341398090124,-0.985976338387
10,13,O,10.85982586,10.14506316,13.21800261,-2,-0.504754960537,-0.873773992062,0.480096548796,3.59417247772
10,14,O,10.32156999,13.02566792,13.65967029,-2,-0.488024652004,-0.941375732422,1.68334197998,0.977635502815
10,15,O,10.26479991,10.61670011,10.68487522,-2,-0.483066260815,-5.10404586792,0.165104731917,2.38600230217
10,16,O,14.00686945,13.5258488,14.00132867,-2,-0.552708029747,1.83473539352,-3.86372375488,-0.831734478474
10,17,H,9.35172091,10.31019903,11.2745635,1,0.215200841427,4.22121906281,0.553457677364,-2.34065246582
10,18,H,14.16605866,12.48554433,13.77386511,1,0.236714273691,-1.4436314106,3.4492661953,0.872858405113
10,19,O,13.29317213,11.39988031,10.23704999,-2,-0.563767313957,-0.35817450285,2.26574587822,-1.73982298374
10,20,O,12.66946233,9.16069783,11.31063794,-2,-0.421589314938,4.20693874359,-0.184382706881,1.33685159683
10,21,H,9.95252686,11.55257921,10.6959751,1,0.223262101412,0.78413850069,-0.455070883036,-0.561711132526
10,22,H,10.30400854,10.04117626,14.06448143,1,0.194748103619,0.573343753815,-0.276384651661,-1.94251835346
10,23,H,9.56098262,12.4081326,13.82653093,1,0.237971007824,0.960123896599,1.03919565678,-0.225165516138
10,24,H,13.66532037,9.21577489,11.73858507,1,0.235995233059,-3.46071648598,-0.577806413174,-1.60413384438
11,0,H,14.70992147,13.7903991,13.44742272,1,0.233610168099,0.526300668716,1.12080478668,-0.402414828539
11,1,O,12.45542973,12.98082718,12.06949349,-2,-0.261807143688,-2.18437480927,-2.81768727303,1.73239398003
11,2,H,13.10962942,10.55375054,10.46169814,1,0.215089291334,-1.42219650745,0.949677050114,-1.48004817963
11,3,H,12,12,12,1,0.293458074331,2.03179907799,0.833071649075,-1.72148609161
11,4,H,13.17769823,10.00268585,13.54262123,1,0.234728112817,-0.161586076021,1.43856263161,0.716447234154
11,5,H,12.47912757,13.65655757,11.39969504,1,0.267878592014,0.429181694984,0.377040565014,-1.68406021595
11,6,H,12.27522769,8.37635295,12.42549858,1,0.264674842358,1.57253038883,0.214327424765,3.64840722084
11,7,H,13.68447899,11.04551123,14.65742121,1,0.217192694545,-0.83037674427,-0.225003883243,-0.486553639174
11,8,H,12.75240662,12.14619931,9.48929607,1,0.219746410847,1.04390656948,-3.36743927002,1.93129384518
11,9,H,12.81426524,8.63196063,10.4574158,1,0.214310795069,-0.920986354351,2.09812426567,2.77520084381
11,10,H,11.62462939,13.15207807,12.53708505,1,0.244261622429,-0.773207485676,1.86160087585,1.76291143894
11,11,O,13.11393016,11.0042833,13.85129996,-2,-0.431381046772,1.32333302498,-1.99461901188,0.292562901974
11,12,H,9.83148195,13.87348454,13.97240123,1,0.225800901651,-2.22423601151,4.92060565948,1.93473780155
11,13,H,17.44254543,13.98085438,10.77839991,1,0.258231967688,-3.8528547287,2.30107188225,0.498799711466
11,14,H,17.01563125,15.37926177,11.41519795,1,0.245969757438,-1.7835739851,-1.86180102825,-1.36850166321
11,15,H,11.47684033,10.87770924,13.71706871,1,0.198425531387,-1.87274610996,-2.21535825729,-1.94906401634
11,16,O,10.74095563,10.24878852,13.2031186,-2,-0.497165977955,0.854005932808,2.51571106911,3.97116208076
11,17,O,10.20770085,13.1341986,13.67742363,-2,-0.496652126312,2.11494278908,-4.86591053009,-2.04010653496
11,18,O,10.13440868,10.66926119,10.69143926,-2,-0.546688735485,0.952963471413,2.06595778465,-1.41592216492
11,19,O,13.94221647,13.63176016,13.99307174,-2,-0.578298449516,1.1876052618,-5.53169107437,-0.397373497486
11,20,O,14.51980955,13.81728851,10.37220373,-2,-0.60338973999,-4.1395201683,0.630956411362,-0.459179013968
11,21,O,12.9158409,8.26273018,13.38552459,-2,-0.616965651512,-0.0530879683793,0.11740719527,-2.64800190926
11,22,H,9.45098625,10.36224261,11.25324625,1,0.238001868129,-0.827103078365,-0.444853693247,1.07852637768
11,23,H,14.07066642,12.46743674,13.78294027,1,0.22369915247,-1.26325678825,5.14362049103,0.955175340176
11,24,H,15.42985161,13.90083908,10.25535455,1,0.230424806476,1.54766607285,0.357591211796,-0.532779932022
11,25,O,13.17091719,11.51261527,10.21971638,-2,-0.525012731552,0.197193458676,2.88761639595,-1.36650109291
11,26,H,12.60887924,8.37571654,14.27242444,1,0.233700037003,-1.15361845493,-0.286147981882,0.462252259254
11,27,H,14.35833057,12.90462454,10.47818721,1,0.228900656104,-0.466622143984,-2.01914405823,0.0742288529873
11,28,O,12.6096424,9.29731371,11.30308632,-2,-0.379907250404,4.62853527069,-2.29253268242,-2.85413956642
11,29,H,10.17611673,11.64745938,10.84876772,1,0.241191327572,-0.310650765896,-1.4232711792,-0.29086124897
11,30,H,10.15518081,10.21736118,14.01580695,1,0.188329860568,0.429196476936,-0.480255275965,-1.39082217216
11,31,O,16.50457672,14.59785253,10.93283952,-2,-0.479837179184,8.58724212646,0.669507622719,1.83806920052
11,32,H,9.50909946,12.4641418,13.69319707,1,0.258711844683,0.337069571018,-0.0157071389258,-0.192897200584
11,33,H,13.64490318,9.38116274,11.68322958,1,0.240767657757,-3.52347278595,-0.661833226681,-0.991456329823
12,0,H,14.51182563,13.79032911,13.45755509,1,0.240369647741,-0.334712982178,1.22323954105,0.359489321709
12,1,O,12.26485508,13.05132913,12.18342497,-2,-0.279938697815,-3.85676169395,-0.807772815228,-0.297384768724
12,2,H,12.85284187,10.69306343,10.58752092,1,0.22344622016,-1.32356917858,-1.57113921642,-0.859138667583
12,3,H,12,12,12,1,0.292150497437,1.42443692684,2.42964100838,-0.619218230247
12,4,H,13.07227554,9.94169702,13.7787912,1,0.221514627337,-1.14418292046,4.17411327362,0.16050966084
12,5,H,12.17856801,13.72871935,11.39078069,1,0.257573962212,0.457182168961,-1.89603745937,1.41688144207
12,6,H,13.5110275,11.10828354,14.64112835,1,0.191407620907,0.822528660297,0.670608818531,1.7215988636
12,7,H,12.55234727,11.97080891,9.57661853,1,0.255060583353,-1.77269494534,0.550727069378,-3.32388901711
12,8,H,12.5928093,8.52959779,10.76362382,1,0.215138018131,-1.01146697998,2.50096344948,1.72667741776
12,9,H,11.38331885,13.18185086,12.76941626,1,0.246925830841,1.2347471714,0.707998812199,-0.271358549595
12,10,O,12.90039987,11.05533454,13.93023576,-2,-0.419828414917,0.636829614639,-5.23303222656,-1.62367081642
12,11,H,9.32877666,13.95300131,13.98538171,1,0.180606231093,2.04521012306,-1.69549620152,-0.529133439064
12,12,H,17.15796497,14.29854609,10.83928527,1,0.277575969696,0.9948579669,-1.09644162655,-0.67441624403
12,13,H,16.62641937,15.36442994,11.52570927,1,0.278024286032,0.647299766541,3.97060775757,2.67448735237
12,14,H,11.17949601,10.91186557,13.70961609,1,0.220755577087,0.0362089052796,-0.63214045763,-0.502518296242
12,15,O,10.51245677,10.31450364,13.29663508,-2,-0.522535741329,1.40874326229,0.833862364292,-0.446928948164
12,16,O,9.99069703,13.18124353,13.78806419,-2,-0.467292547226,-2.09664201736,1.81773078442,0.352463155985
12,17,O,9.89753794,10.67809474,10.78920195,-2,-0.588579535484,3.12928581238,4.20223379135,-3.5092856884
12,18,O,13.76273877,13.67531698,14.08147897,-2,-0.563898265362,1.88536930084,-3.63241410255,-1.12476408482
12,19,O,14.31561858,13.87519098,10.43432057,-2,-0.653716266155,-2.77687072754,-1.39297235012,-0.242459416389
12,20,H,9.3638004,10.31794768,11.41977755,1,0.250601291656,-1.8070204258,-0.958348572254,3.13373804092
12,21,H,13.79493204,12.64179733,13.86221963,1,0.222732499242,-0.98522400856,3.11863255501,1.08079051971
12,22,H,15.26867105,14.05845747,10.33342718,1,0.236382558942,-1.27093935013,-0.715221226215,0.177612647414
12,23,O,12.93371688,11.58599001,10.29396481,-2,-0.545630931854,2.81927847862,1.13412809372,3.23511195183
12,24,H,14.07116072,12.9586889,10.74659762,1,0.241629257798,1.05546998978,1.15708398819,-0.926201224327
12,25,O,12.44819336,9.37559007,11.38214319,-2,-0.433359235525,-0.787746310234,-3.63006782532,-2.36574530602
12,26,H,10.24365932,11.61900451,11.05348649,1,0.254584133625,-1.58862936497,-3.09235882759,-0.407954514027
12,27,H,9.92084603,10.31464179,14.00638152,1,0.207865476608,-1.99151873589,-0.517513811588,1.76061189175
12,28,O,16.3182072,14.68692526,11.02969006,-2,-0.510258674622,1.39696586132,-1.74233496189,-1.10257947445
12,29,H,9.35764044,12.46189826,13.62766143,1,0.243706911802,0.419119656086,-0.132638886571,-0.159592092037
12,30,H,13.33778347,9.47252904,11.62578393,1,0.226987242699,2.33444571495,0.25435975194,1.18626737595
13,0,H,14.21451171,13.68294334,13.52681597,1,0.245200008154,-0.377793729305,1.38215768337,0.768380403519
13,1,O,11.97198205,12.98666588,12.33214559,-2,-0.245940804482,-3.10799884796,0.487767875195,-1.00514256954
13,2,H,12.42463315,10.63836516,10.73719985,1,0.19238050282,-0.805272042751,-0.690188527107,-0.638161182404
13,3,H,12,12,12,1,0.276808828115,0.103563383222,1.71170306206,0.0248911362141
13,4,H,12.80660112,9.94008251,14.05201523,1,0.227056354284,-2.07718634605,2.67686510086,-0.458953142166
13,5,H,11.79403695,13.58012269,11.45449049,1,0.253894269466,0.75288939476,-1.49730145931,2.11470460892
13,6,H,13.30918703,11.05300174,14.72382797,1,0.214163169265,-0.881684482098,0.964259088039,-0.165114417672
13,7,H,12.10451364,11.68611062,9.57309418,1,0.226752653718,0.66192138195,-0.288860440254,1.19567763805
13,8,H,14.45926269,10.47114934,10.14992223,1,0.234376132488,-0.553428888321,-0.697396337986,1.60239601135
13,9,H,12.21836766,8.42056263,11.19591514,1,0.230595782399,-0.62587505579,-1.36110758781,-0.662401914597
13,10,H,15.71059481,10.75944689,9.54022229,1,0.231117621064,1.18407952785,4.72396373749,1.43104076385
13,11,H,11.114054,13.10900703,13.02808801,1,0.136044889688,1.66668200493,-0.0700452029705,-1.33027410507
13,12,O,12.59773891,10.96303593,14.03889457,-2,-0.429811894894,2.30478835106,-3.05738973618,1.00709760189
13,13,H,16.87033252,14.38639371,10.93581273,1,0.284167945385,4.40032243729,-1.3608289957,-1.07936513424
13,14,H,16.13822253,15.39405356,11.79063568,1,0.271927177906,-0.287930011749,-0.769168794155,-0.781235575676
13,15,H,10.84060839,10.79626968,13.71564973,1,0.235142201185,3.57282042503,2.8270380497,1.8713259697
13,16,O,10.19944043,10.25419661,13.42115845,-2,-0.516305327415,-4.86151027679,-3.24151039124,-0.343402326107
13,17,O,9.58756623,10.56785769,10.91175112,-2,-0.579203426838,-2.22128152847,-1.37821507454,2.02850079536
13,18,H,13.96480311,9.24368758,13.76679901,1,0.259758025408,0.853475868702,-0.63691419363,-0.327005714178
13,19,O,13.49709909,13.58580321,14.20267867,-2,-0.565883517265,3.34094619751,6.92345619202,1.11476242542
13,20,O,14.01327534,13.80164249,10.53445937,-2,-0.635578513145,-2.0763463974,-1.68369102478,0.4825052917
13,21,H,14.66097308,10.82292878,11.61631532,1,0.245930165052,0.235261544585,-1.49063396454,-1.18016552925
13,22,O,14.60625288,10.00555836,11.02338227,-2,-0.484295368195,0.557673096657,1.48964333534,0.648061990738
13,23,H,9.0687005,10.10232813,11.76612088,1,0.237373650074,2.77734875679,2.40117120743,-3.30946278572
13,24,H,13.37696864,12.77450285,13.95794559,1,0.235371574759,-2.37406349182,-7.73321962357,-1.45065152645
13,25,H,14.99353329,14.04428762,10.49940647,1,0.208788454533,-2.30906105042,-1.12316071987,0.566403329372
13,26,O,12.61580721,11.53487461,10.41086178,-2,-0.460057318211,-0.89960116148,0.930810689926,-1.54152560234
13,27,H,13.75149025,12.91865924,11.00775007,1,0.230159133673,1.66418421268,2.59513235092,-1.83631408215
13,28,O,12.19224665,9.31354159,11.48277659,-2,-0.451826095581,-2.00994634628,-0.131571084261,0.899243354797
13,29,H,15.3152432,9.92870227,14.24531913,1,0.243715450168,-2.69464373589,-2.86156082153,1.03419494629
13,30,H,10.12267916,11.31242507,11.24802147,1,0.247152298689,-0.833031713963,-0.903163075447,0.294175982475
13,31,H,15.65176953,12.23489297,8.79205949,1,0.214603900909,0.450288921595,-0.784643292427,4.27387094498
13,32,H,9.51870645,10.24831521,14.12823869,1,0.221855983138,0.693037033081,0.069087639451,-0.564982831478
13,33,O,16.04547531,14.645106,11.15657361,-2,-0.479064881802,-1.43033277988,3.06821298599,2.52381277084
13,34,O,15.78318141,11.89254497,9.84891676,-2,-0.443977952003,-0.212319895625,-3.49725675583,-6.48268938065
13,35,H,13.09989287,9.45476847,11.63402543,1,0.214546591043,2.46879601479,0.341659903526,0.229741275311
13,36,O,14.56286946,9.19751077,14.52404565,-2,-0.526937484741,2.95122766495,2.6648952961,-0.953940570354
14,0,H,13.8761749,13.52805801,13.6349203,1,0.222846597433,0.626733601093,-0.145247340202,0.253659784794
14,1,O,11.64213675,12.83843085,12.47156739,-2,-0.196907997131,-2.73429346085,0.974660158157,-0.342034131289
14,2,H,11.9385114,10.48630792,10.86099646,1,0.176440238953,0.537897050381,0.528142690659,-0.399807095528
14,3,H,12,12,12,1,0.243182346225,0.00784185528755,-0.858770668507,0.688881456852
14,4,H,12.36606007,13.84865179,8.65034479,1,0.171988740563,0.0387211032212,4.03847551346,1.12121224403
14,5,H,12.42098852,9.92662364,14.26659657,1,0.196327030659,-1.07544207573,-6.66747236252,0.391982197762
14,6,H,11.40779447,13.26318529,11.59841692,1,0.271633297205,-0.182407021523,0.80943697691,0.819878935814
14,7,H,11.61214111,8.52449786,12.89462955,1,0.191849470139,1.2456086874,0.0348778031766,2.66397857666
14,8,H,13.0753875,10.97308078,14.80490805,1,0.231396958232,-2.14544320107,0.777654469013,-1.68871426582
14,9,O,12.65965259,17.0546037,7.62502234,-2,-0.532558739185,-2.57404136658,3.13922166824,0.778132200241
14,10,H,17.64689946,14.51756017,9.86302579,1,0.26413667202,0.0206874571741,0.849568009377,-1.05820477009
14,11,H,11.60187551,11.34596266,9.60876419,1,0.222653120756,2.31905770302,0.607735216618,3.56397891045
14,12,H,14.15678209,10.2029793,10.21199169,1,0.237559989095,-0.288124471903,-0.946227908134,2.77597665787
14,13,H,11.76905536,8.1724974,11.58272457,1,0.236569881439,0.613794267178,1.71099281311,-1.38431501389
14,14,H,15.53606872,10.70048088,9.99951272,1,0.216221630573,0.606861650944,3.41014552116,-0.201175957918
14,15,H,10.88483611,12.92899779,13.21457329,1,0.290257811546,2.28869700432,-0.531212508678,-2.24213218689
14,16,O,12.27451175,10.78031177,14.14364882,-2,-0.360315471888,1.84800195694,6.88370132446,1.84808146954
14,17,H,16.7475718,14.28170787,11.00801825,1,0.243924334645,-3.48340415955,0.614667654037,2.02328515053
14,18,H,13.00811143,16.29429217,7.9795746,1,0.251504898071,1.85897028446,-2.89562368393,-0.0650177225471
14,19,H,13.89825717,13.48376031,9.17936141,1,0.200239241123,0.252298176289,0.248665571213,2.24521327019
14,20,H,15.60690532,15.33748009,12.03297882,1,0.260903447866,1.21292960644,-3.44767713547,-3.24159431458
14,21,H,10.65033803,10.70686215,13.78916716,1,0.21472927928,-1.83042740822,-1.68186366558,0.173239037395
14,22,O,9.85067097,10.10192542,13.53486525,-2,-0.443890482187,-0.997779905796,1.01802206039,2.67737627029
14,23,H,14.58473455,12.98591962,12.27192904,1,0.169362455606,0.98985016346,-0.323685467243,-0.147544085979
14,24,O,9.25002624,10.36817714,11.03508273,-2,-0.524577856064,-2.67964196205,-2.06914877892,1.90392184258
14,25,H,13.52215872,9.30863072,13.99269915,1,0.230561420321,3.33077168465,-1.79266405106,1.10888922215
14,26,O,13.21098625,13.43208702,14.31932326,-2,-0.545796394348,-2.15734171867,-1.83848583698,0.344721496105
14,27,O,13.67949465,13.64125562,10.63495692,-2,-0.459697216749,-1.70043063164,1.71979665756,0.554943323135
14,28,O,18.1292036,13.70201897,9.86110749,-2,-0.488571822643,0.590047836304,-0.795861542225,-0.0240325555205
14,29,O,12.12613616,8.1741863,13.71762375,-2,-0.452561408281,-2.5547478199,-0.655365943909,-0.910245358944
14,30,O,12.02095639,14.86675264,9.08620853,-2,-0.544491410255,-1.30299711227,-2.15422773361,-0.990814745426
14,31,H,14.58340739,10.74764752,11.78894158,1,0.214770033956,-0.785594701767,-1.24790143967,-1.21585965157
14,32,O,14.33151534,9.79552211,11.13661388,-2,-0.414925962687,0.0824474692345,2.58615779877,0.539686560631
14,33,H,8.85461537,9.91852938,11.92653712,1,0.229252547026,1.6225528717,1.63697099686,-3.33535265923
14,34,H,13.0566166,12.19851409,8.80224908,1,0.245317012072,1.83460140228,2.05258440971,-0.437992066145
14,35,H,12.84966377,12.52446823,13.97189487,1,0.21172568202,1.80257797241,2.99678277969,1.37853252888
14,36,H,14.61142532,13.88832896,10.72240487,1,0.182239189744,0.523817181587,0.0244808029383,0.896853029728
14,37,O,12.27052034,11.40093259,10.52076549,-2,-0.355891436338,-4.24730443954,-1.47028887272,-3.635607481
14,38,O,13.5175009,13.0381684,8.44695597,-2,-0.404837548733,-2.22027564049,-4.09971046448,-4.32288265228
14,39,O,14.64445884,12.15193073,12.7422096,-2,-0.700111508369,-0.449253022671,-1.96308779716,-0.681144833565
14,40,H,17.9826339,13.2604092,9.00650331,1,0.271006405354,-0.18452128768,0.387780785561,0.560635685921
14,41,H,11.38063919,7.81187052,14.2196981,1,0.234822914004,0.469480246305,-0.0820743888617,0.410124838352
14,42,H,13.49253759,12.88699062,11.16621498,1,0.211003735662,0.590720653534,-1.14628815651,0.378485053778
14,43,O,11.90335361,9.16782532,11.57237957,-2,-0.393507659435,1.51647806168,-1.15716910362,-0.521042346954
14,44,H,14.87710039,9.55634704,14.53289872,1,0.27080476284,11.3507919312,9.71467590332,-1.6954754591
14,45,H,9.93278811,10.87823636,11.42801866,1,0.238612160087,0.80976742506,0.585219919682,0.547669708729
14,46,H,15.24672943,11.94134305,8.99339838,1,0.226017221808,0.315703094006,-0.296275764704,1.06098604202
14,47,H,9.11891238,10.09435816,14.27362403,1,0.233301118016,2.53380012512,0.3815510571,-1.85620737076
14,48,O,15.74220405,14.52854731,11.28052769,-2,-0.390058547258,3.65202331543,3.27087593079,2.07519006729
14,49,H,12.72766005,15.5131926,9.15028729,1,0.218584448099,0.191142171621,-1.09058237076,0.63381677866
14,50,O,15.45452175,11.74558363,9.94256703,-2,-0.427035868168,0.686128020287,-2.78818941116,-1.91561985016
14,51,H,13.01374395,9.37654277,11.65624218,1,0.216440215707,-1.17198836803,-0.788823008537,-0.925441503525
14,52,H,11.94648547,17.12193989,8.33506062,1,0.243464827538,0.753751695156,0.485138684511,-1.74879491329
14,53,O,14.27515736,9.03393819,14.61921619,-2,-0.555913925171,-12.3590955734,-8.5540599823,0.567719638348
15,0,H,13.56329384,13.43797336,13.73134181,1,0.231003791094,1.02142643929,-0.274153292179,-0.447694480419
15,1,O,11.31438812,12.73512949,12.58722765,-2,-0.236348390579,1.07891440392,-0.970250785351,-1.7066719532
15,2,H,16.12755013,9.78344104,16.89464971,1,0.239462316036,2.69597434998,-1.58837080002,-0.909577429295
15,3,H,11.49613871,10.43543136,10.95680295,1,0.184887111187,1.35591161251,0.0456278547645,0.724308788776
15,4,H,12,12,12,1,0.268566429615,-0.80441647768,-0.438442260027,1.0409206152
15,5,H,12.09593478,13.74657819,8.73197335,1,0.157785117626,0.583378791809,3.93847894669,1.04518175125
15,6,H,11.98262665,9.67868073,14.4373516,1,0.205430209637,-1.23126351833,0.260016769171,-0.287088721991
15,7,H,11.00381814,13.01400225,11.73261587,1,0.267773449421,-1.49931967258,1.51714944839,-1.05947613716
15,8,H,11.27664568,8.58377346,12.92351084,1,0.209553509951,2.66527748108,-0.280025631189,4.04616594315
15,9,H,12.75349708,10.9834358,14.81879622,1,0.239544689655,-1.88101887703,-0.482580006123,-1.32617819309
15,10,O,15.82507701,9.14368491,16.16835035,-2,-0.347530543804,-3.2399315834,3.43974757195,7.19615793228
15,11,H,11.2038149,11.13014484,9.80721982,1,0.218412712216,2.0262157917,1.65576970577,1.75434064865
15,12,O,16.71590613,12.21870201,12.2285203,-2,-0.535213589668,0.303716868162,0.295804440975,-0.688466131687
15,13,H,13.84080805,9.93707488,10.37254451,1,0.250402808189,0.104317143559,0.681671917439,-1.1990544796
15,14,H,11.31849369,8.00081,11.85375034,1,0.24701268971,1.88326334953,3.77305650711,-2.61304187775
15,15,H,10.67751925,12.76508625,13.32114144,1,0.270587801933,-0.151614293456,-0.12819494307,-0.0051233805716
15,16,H,16.19467619,9.65905701,14.96948456,1,0.161544129252,1.56070792675,-0.0942838042974,0.0406952239573
15,17,O,11.96566146,10.65953053,14.23223948,-2,-0.372769445181,1.79979872704,0.683647930622,2.00719547272
15,18,H,16.46098801,14.24464873,11.136927,1,0.261845827103,-3.27415895462,1.62828946114,1.63105213642
15,19,H,13.58959266,13.25376618,9.47702987,1,0.154240757227,-0.956039965153,-0.580769062042,-1.57724833488
15,20,H,17.18037359,12.78876157,11.59967133,1,0.234654381871,-0.272819012403,-0.625615239143,0.283230036497
15,21,H,15.14990377,15.16990325,12.0973067,1,0.271377682686,2.0279712677,-1.82932066917,-2.01898741722
15,22,H,10.38708,10.5861053,13.84701655,1,0.21389696002,-2.83418560028,-2.10790610313,0.103218868375
15,23,O,9.50811555,9.99527574,13.63244201,-2,-0.456988215446,1.9516646862,1.64418315887,0.988644599915
15,24,H,17.1914251,10.17033039,13.90140754,1,0.251196742058,4.48431253433,-0.300430029631,-1.83537864685
15,25,H,14.31762518,12.91622049,12.33424349,1,0.165482476354,0.267731249332,-1.51532804966,1.40603864193
15,26,O,16.36311757,10.23075663,14.21267842,-2,-0.502655029297,-4.35531711578,1.65845763683,-0.239232808352
15,27,O,8.91641532,10.20560684,11.14306608,-2,-0.523195624352,4.10992622375,3.80826592445,-4.8366394043
15,28,H,13.25111986,9.33067493,14.25044595,1,0.209758862853,1.32828462124,-0.288043946028,-0.840467631817
15,29,O,12.92650829,13.31889083,14.41288083,-2,-0.559210419655,-4.22748422623,-3.43237543106,0.515487670898
15,30,O,13.3475336,13.53024454,10.71913242,-2,-0.386315971613,-0.00969839841127,2.10048151016,1.26889491081
15,31,H,15.69331581,12.34988204,12.20207269,1,0.19115768373,2.14610242844,-0.822417259216,0.592550218105
15,32,O,11.81922665,8.08357736,13.83413622,-2,-0.48234552145,-2.80125880241,1.05038225651,-2.77229905128
15,33,O,11.7232064,14.76846029,9.19367134,-2,-0.587321341038,-1.32208168507,-1.67914235592,-0.798277974129
15,34,H,14.45157901,10.55446267,11.82608029,1,0.247139811516,-1.4699819088,-2.08046555519,-1.26105690002
15,35,O,14.06510206,9.6417147,11.23789524,-2,-0.371020972729,0.440605938435,1.76128339767,3.3590259552
15,36,H,8.71311365,9.84939065,11.90729962,1,0.228806376457,-2.92285466194,-3.45689678192,5.90844964981
15,37,H,12.67584276,12.00756877,8.9154077,1,0.244022920728,3.10219407082,4.32049608231,-2.03663468361
15,38,H,12.39240551,12.40643912,14.01413104,1,0.221224576235,3.5439350605,4.74256706238,2.27417421341
15,39,H,14.26304464,13.77549338,10.95860402,1,0.188591554761,0.74114972353,1.14276134968,-0.165996134281
15,40,O,11.91923184,11.30476087,10.60220892,-2,-0.326898097992,-3.9237010479,-1.88960921764,-2.18239498138
15,41,O,13.22714522,12.96073933,8.54168419,-2,-0.454571545124,-2.47329139709,-5.71392917633,0.0492336302996
15,42,H,14.98976322,9.76920377,16.54474204,1,0.265326142311,0.624637544155,-3.23589801788,-2.74733686447
15,43,O,14.3401087,12.04874366,12.83029403,-2,-0.610263228416,-0.94640147686,0.485102027655,-2.51016116142
15,44,H,11.06181872,7.57051282,14.08814596,1,0.22426636517,-0.45482173562,-0.716139912605,1.06232523918
15,45,H,13.25950055,12.82322228,11.30065131,1,0.223665311933,-0.500327825546,-2.41497302055,1.22306978703
15,46,O,11.62918447,9.0644203,11.63987647,-2,-0.404326021671,-0.439790904522,-3.53999972343,-0.0248520709574
15,47,H,14.81682525,9.52951124,14.70687651,1,0.220941513777,-3.69003939629,-1.84950840473,-1.42102479935
15,48,H,9.77610177,10.52004391,11.58333065,1,0.229220658541,-1.59216964245,-0.255500733852,-1.72590363026
15,49,H,8.85487379,10.01416699,14.35618677,1,0.235007166862,0.796241164207,0.304159939289,-0.263355851173
15,50,O,15.45710717,14.4651081,11.38820819,-2,-0.36236089468,1.79374277592,1.51275873184,0.535915791988
15,51,H,12.36710835,15.48686672,9.25173299,1,0.233134150505,0.167943015695,-0.851398468018,-0.427773952484
15,52,H,12.84455598,9.30047528,11.61417308,1,0.200696691871,-0.282512545586,-0.693734109402,-0.0147422477603
15,53,O,13.96628237,8.89613523,14.68954662,-2,-0.548286557198,2.95115447044,1.68554329872,0.88585960865
16,0,H,13.32768956,13.40016078,13.77179149,1,0.235263645649,-0.124089762568,-0.645055413246,0.753415107727
16,1,O,11.03317102,12.68449376,12.65911575,-2,-0.284863889217,-0.627600371838,-0.186508089304,-4.17310142517
16,2,H,11.17995465,10.46730145,11.06568805,1,0.194069951773,1.14207541943,-1.07021713257,1.95895242691
16,3,H,12,12,12,1,0.308851927519,-0.775692105293,-0.107094101608,1.09832346439
16,4,H,11.93225799,13.88501766,8.8622623,1,0.158107817173,-0.161841839552,2.15670228004,0.335292905569
16,5,H,11.54223693,9.45734294,14.53153854,1,0.194919869304,1.53436505795,3.73789310455,-1.18315863609
16,6,H,10.56462242,12.88088139,11.77440177,1,0.270452260971,0.547503590584,-0.105990953743,1.98735690117
16,7,H,11.14928774,8.66887179,13.11539479,1,0.212557464838,1.97302377224,-0.847973585129,1.93675482273
16,8,H,12.383941,11.03562466,14.77541925,1,0.225799351931,1.12674117088,-0.268292337656,0.902712285519
16,9,H,10.92559794,11.09539603,10.03457564,1,0.224981218576,-1.82977902889,1.27604734898,-3.34957170486
16,10,H,11.66449628,9.69931108,17.31863807,1,0.23554481566,-3.4532315731,0.378931701183,-1.49572837353
16,11,O,16.45152715,12.13442754,12.31127432,-2,-0.536422252655,0.785491406918,4.83689451218,-4.28002119064
16,12,H,13.55778557,9.77701167,10.42351085,1,0.266246140003,0.898826479912,0.506649911404,-0.243760749698
16,13,H,10.95566126,8.01507609,11.92780363,1,0.237878218293,2.52576899529,3.92444348335,-2.58099603653
16,14,H,10.44839343,12.64731064,13.41728917,1,0.247538596392,-0.395515322685,-0.628100693226,0.364343047142
16,15,O,11.70413776,10.59925676,14.28850061,-2,-0.467519938946,-2.09574055672,-3.91416764259,-0.0912559777498
16,16,H,16.07509336,14.29739685,11.28500043,1,0.268107295036,4.31584596634,0.247494339943,0.0309507809579
16,17,H,12.52940044,15.29282969,12.50786087,1,0.222689196467,-6.06699466705,-0.374767899513,-0.925583600998
16,18,H,13.27355967,13.03931971,9.63147869,1,0.137964457273,-0.183207303286,0.7197945714,-1.93763315678
16,19,H,16.8672868,12.92780564,11.54603552,1,0.218415617943,-1.56368458271,-4.69882965088,3.92707014084
16,20,H,14.83923272,14.99141232,12.03488566,1,0.289761513472,-1.09118580818,4.61152076721,4.56431245804
16,21,H,14.09835916,12.81734945,12.4129308,1,0.173814743757,0.107281766832,1.26810240746,-0.103853434324
16,22,O,12.67209798,13.25084757,14.46701138,-2,-0.520451784134,0.826045751572,3.06573724747,2.0885283947
16,23,O,13.056799,13.48216181,10.77469681,-2,-0.375008404255,1.90534031391,-1.39610874653,5.2864408493
16,24,O,10.71720355,9.80593885,16.83370539,-2,-0.512483358383,4.21690177917,-0.808740139008,-0.220120176673
16,25,H,15.41428995,12.40984817,12.35923922,1,0.176852807403,3.31761193275,-1.83487403393,0.474128693342
16,26,O,11.54338496,8.05482968,13.90353548,-2,-0.4070327878,-3.31184768677,-0.525876522064,-0.820540726185
16,27,O,11.46544125,14.71915595,9.25945384,-2,-0.547972083092,-1.37709569931,-0.630508124828,-0.622039854527
16,28,H,14.24885098,10.28752895,11.74412146,1,0.27250546217,0.41592079401,1.92366969585,1.08427274227
16,29,O,13.84274284,9.54947868,11.31859204,-2,-0.34326338768,-1.85798978806,-2.24030137062,-1.25102734566
16,30,H,12.51475363,12.10978451,8.88496599,1,0.236880928278,-0.0305182170123,-0.102643087506,-1.21314573288
16,31,H,12.14864853,12.5767282,14.1288633,1,0.204877018929,-0.63016295433,-1.55788397789,-0.679855823517
16,32,H,14.0064033,13.76506921,11.12572441,1,0.189863681793,-1.13571715355,0.350119382143,-1.71769583225
16,33,O,11.59866643,11.25798132,10.64460044,-2,-0.339088261127,0.562652587891,-0.367733746767,1.38539648056
16,34,O,12.96861439,12.92182157,8.60328378,-2,-0.48511749506,0.651028692722,-2.47682738304,-0.25672185421
16,35,O,14.07471596,12.00312857,12.87537599,-2,-0.616832494736,-1.31965613365,-1.55158758163,-0.978479862213
16,36,H,10.81219118,7.34630848,13.93690825,1,0.234080195427,1.66227245331,1.37548184395,0.678945839405
16,37,H,13.03781361,12.68814022,11.42867759,1,0.220525026321,-0.159111112356,1.22770297527,-1.57617688179
16,38,O,11.40144541,9.00811286,11.67069447,-2,-0.459895014763,-1.41285407543,-3.39177131653,0.0797959193587
16,39,O,15.21921961,14.46027062,11.46007804,-2,-0.375909417868,-3.07969689369,-3.17607927322,-4.21748018265
16,40,H,12.06173825,15.4632749,9.31172534,1,0.239338293672,0.284711778164,-0.156651332974,-0.116668023169
16,41,H,12.61739661,9.23163346,11.54868725,1,0.203069850802,-0.958647549152,-0.891471028328,1.24985098839
16,42,O,11.36092324,15.31736299,12.19909444,-2,-0.469734191895,2.54841709137,-1.70811116695,3.100659132
16,43,H,11.04020893,9.73644948,15.8643989,1,0.226029664278,-1.11821627617,0.640025675297,2.56772732735
16,44,H,10.78349006,14.57880087,12.76785419,1,0.214607790112,3.41224932671,3.41695332527,-1.82061398029
17,0,H,13.1140441,13.36691634,13.81339699,1,0.234566777945,0.176703497767,-0.883220434189,0.206084728241
17,1,O,10.78535102,12.6637374,12.69183384,-2,-0.321482270956,-2.94238066673,-0.239576175809,-1.71569144726
17,2,H,10.99014033,10.49795946,11.23412751,1,0.198610633612,0.568676829338,-0.455208033323,0.281454950571
17,3,H,12,12,12,1,0.229808747768,-0.835164308548,0.0316864475608,0.995748698711
17,4,H,11.18760168,9.42595007,14.54190611,1,0.210330665112,2.06650662422,4.44029951096,-0.111737027764
17,5,H,10.17215714,12.76851865,11.86456079,1,0.256348878145,1.69982981682,-0.295157968998,2.32694220543
17,6,H,11.15738119,8.73396507,13.35901994,1,0.228720650077,-0.55076032877,2.14288187027,-4.15552616119
17,7,H,12.08092059,11.12201293,14.78269193,1,0.223647221923,0.883470118046,-0.591614127159,0.82479596138
17,8,H,10.58355919,11.18745116,10.05981631,1,0.227878093719,-0.326227098703,0.704020798206,-1.10511863232
17,9,H,9.13522044,12.58233718,17.67172953,1,0.260428726673,1.28812336922,1.28301942348,0.519018650055
17,10,H,11.38020625,9.74912521,17.19401316,1,0.253777474165,-0.195202350616,-0.0457555316389,1.11862707138
17,11,H,13.36095285,9.71072005,10.39765746,1,0.266130924225,1.50222945213,-0.282863020897,2.66144299507
17,12,H,10.71229282,8.17725469,11.82585397,1,0.241048038006,0.68588912487,-0.601171374321,-0.655262589455
17,13,H,10.20159134,12.55952615,13.51358303,1,0.240726009011,0.981689989567,-0.230923071504,-1.65808129311
17,14,O,11.47014356,10.55834399,14.31731205,-2,-0.462903648615,-2.56443524361,-4.22555923462,-0.0161072611809
17,15,H,15.93347844,14.37907622,11.38595755,1,0.275141894817,1.07574808598,0.587332427502,0.747129917145
17,16,O,9.01547022,11.67001132,17.55722737,-2,-0.59293282032,-0.680871725082,-3.66514086723,-0.179800182581
17,17,H,12.02805513,15.17929143,12.55660674,1,0.254210203886,0.871667861938,0.139804646373,0.0945919081569
17,18,H,12.987265,12.88262652,9.63293825,1,0.144395977259,0.439876168966,1.76469087601,-1.49637377262
17,19,H,14.53510576,15.04918133,12.12139986,1,0.28921058774,1.7974832058,0.275778919458,-0.0356525443494
17,20,H,13.90522422,12.79563139,12.45076294,1,0.174712359905,1.47479331493,1.67831730843,-0.635373592377
17,21,O,12.45837918,13.22523542,14.49931464,-2,-0.510528802872,2.1726474762,4.16716575623,3.64830684662
17,22,O,12.80574385,13.4617641,10.82297578,-2,-0.396751433611,1.60530221462,-0.860307753086,4.77994346619
17,23,O,10.45593014,9.81372529,16.90776622,-2,-0.400823354721,3.02014970779,-1.77902030945,-3.53280162811
17,24,O,11.2895041,8.05509615,13.94298199,-2,-0.379981219769,-1.00371718407,-5.98685216904,3.85545563698
17,25,H,14.08846057,10.17635866,11.70712061,1,0.268207848072,2.08556413651,4.53943729401,2.24928212166
17,26,O,13.64613388,9.47669075,11.37327575,-2,-0.374284982681,-3.72781324387,-3.94272494316,-5.39431142807
17,27,H,12.34730797,12.1646125,8.78397472,1,0.247500225902,-4.30518436432,-7.12625265121,-0.459329843521
17,28,H,11.8616557,12.66507666,14.15240039,1,0.208972916007,-2.26779079437,-2.54382634163,-1.91249120235
17,29,H,9.70148717,10.85108921,17.58968566,1,0.196065664291,-1.38880550861,3.57816004753,-0.372908622026
17,30,H,13.73799617,13.79167097,11.15592327,1,0.183684244752,-1.45324230194,-0.165023177862,-1.73426020145
17,31,O,11.31451798,11.23954357,10.66826918,-2,-0.367344856262,-0.154151916504,-0.310672551394,0.533791005611
17,32,O,12.74693171,12.91149879,8.63948252,-2,-0.57370942831,3.7860429287,4.81841611862,-1.43144571781
17,33,O,13.83979248,11.98373615,12.8911741,-2,-0.671406567097,-1.15697813034,-2.51099443436,-0.659663021564
17,34,H,10.69241283,7.21367109,13.75217888,1,0.249666690826,1.69607615471,3.0677614212,0.643560171127
17,35,H,12.82621399,12.62499352,11.43944004,1,0.209155768156,0.00940655171871,1.48625302315,-1.32163071632
17,36,O,11.20912151,8.97492278,11.67436393,-2,-0.460645347834,0.647312998772,1.58824276924,-0.888344526291
17,37,O,15.00501666,14.47522391,11.4942204,-2,-0.395377248526,-2.28840136528,-0.15578982234,-0.229452759027
17,38,H,12.30820458,9.13970563,11.54034338,1,0.19658523798,-1.43881738186,-1.22184574604,1.12902224064
17,39,O,11.1474468,15.26994569,12.22533818,-2,-0.53156042099,0.118498541415,2.20751023293,-1.07070744038
17,40,H,10.80115958,9.76745905,15.88782371,1,0.236609533429,-2.20848536491,1.05436742306,3.06819105148
17,41,H,10.73567918,14.59570479,12.70373847,1,0.233590394258,-1.16525840759,-1.43564605713,1.0886824131
18,0,H,12.93992618,13.31904386,13.85517515,1,0.220370933414,0.875717878342,-0.719734191895,-0.737269222736
18,1,O,10.57095042,12.65561719,12.7122521,-2,-0.306605309248,-1.10401642323,-0.523395657539,0.43187469244
18,2,H,10.90309702,10.54355016,11.39832908,1,0.244810149074,-0.267147123814,0.65421038866,-1.54853212833
18,3,H,12,12,12,1,0.161296606064,0.252981454134,-0.351948618889,1.18819594383
18,4,H,11.87664144,14.16262459,9.0257638,1,0.156215801835,-3.02987146378,0.132619813085,0.189968645573
18,5,H,10.96853456,9.57064522,14.5461259,1,0.207512930036,1.07835531235,2.7012887001,2.02134728432
18,6,H,9.89297826,12.64635172,12.04259199,1,0.246112674475,-0.168387904763,0.148404628038,-0.978945732117
18,7,H,11.19776631,8.86229141,13.41444071,1,0.261264503002,0.195574894547,-2.39382576942,-0.681632816792
18,8,H,11.84318319,11.21008198,14.85638046,1,0.232109293342,-1.04067635536,-3.03146743774,-0.599168121815
18,9,H,10.25153537,11.34101101,9.99102682,1,0.237756878138,2.91780304909,-0.661199450493,3.04537415504
18,10,H,13.28899696,9.67815395,10.46350971,1,0.242898702621,0.384065538645,-0.553532898426,1.62506330013
18,11,H,10.03437197,12.50868622,13.52650279,1,0.23628616333,0.373409807682,-0.182513564825,-0.538820147514
18,12,O,11.27120796,10.51953523,14.33729059,-2,-0.450165688992,-0.15102314949,1.03948509693,-0.0288966447115
18,13,H,11.71797866,15.06564623,12.66195618,1,0.245921805501,6.48717260361,0.318415254354,2.33762550354
18,14,H,12.78461209,12.81412353,9.57331291,1,0.183331161737,0.863678991795,0.647229969501,1.48258388042
18,15,H,13.75716902,12.85894488,12.45015091,1,0.179750829935,0.893182516098,-1.59003043175,1.12471365929
18,16,O,12.29538465,13.22657191,14.53214563,-2,-0.499373793602,-5.30731630325,-1.70010495186,0.672513365746
18,17,O,12.60296418,13.45103543,10.88144679,-2,-0.344090551138,-0.835168361664,1.13338816166,0.924793958664
18,18,O,11.07294745,8.05251446,13.98336424,-2,-0.459410130978,-0.667978644371,-1.05928742886,-0.922440469265
18,19,O,11.04215041,14.70401051,9.32948142,-2,-0.479246467352,2.3321056366,0.626680731773,-1.05683779716
18,20,H,14.03686246,10.27824103,11.77009724,1,0.228409677744,-2.31772637367,-2.87603926659,-0.881847262383
18,21,O,13.47877758,9.40331049,11.40870885,-2,-0.483769476414,1.57023394108,3.72716164589,-0.499391078949
18,22,H,12.0371172,11.94121828,8.67452821,1,0.237700611353,2.1227684021,4.44340801239,-0.994168817997
18,23,H,11.49865112,12.61244167,14.06035768,1,0.199715971947,4.79182815552,3.10450410843,2.26556682587
18,24,H,13.4471771,13.80374798,11.07355345,1,0.242983385921,1.50224590302,0.993676960468,0.162884145975
18,25,O,11.07419032,11.2316229,10.69034193,-2,-0.34938377142,-2.41320705414,-0.482104092836,-1.42096054554
18,26,O,12.57832015,12.92348193,8.66281506,-2,-0.405597627163,-1.69852852821,-6.66284370422,-3.48001146317
18,27,O,13.6445569,11.97065977,12.8986689,-2,-0.581126570702,-1.16021513939,0.834955275059,-2.8040997982
18,28,H,10.68240434,7.21780174,13.5572645,1,0.259719848633,0.896540939808,2.48438262939,0.457099914551
18,29,H,12.62563418,12.63190231,11.35710663,1,0.20808172226,0.387124210596,-1.38319683075,0.830145299435
18,30,H,11.59183569,15.5093268,9.35913151,1,0.215908974409,-1.23731255531,0.501008927822,0.461953490973
18,31,O,10.97026084,15.24358368,12.23912078,-2,-0.504505872726,-3.53691363335,3.2135322094,-2.9423289299
18,32,H,10.64784791,14.51456281,12.68082779,1,0.215116620064,-2.98929977417,-2.53312849998,0.893647551537
19,0,H,12.82173767,13.25722709,13.8563171,1,0.219925105572,-0.264715313911,-0.615335345268,0.912481367588
19,1,O,10.38087938,12.65384029,12.72957826,-2,-0.294699966908,-0.342730760574,0.0115952417254,-1.65910863876
19,2,H,10.83608826,10.63517259,11.46664632,1,0.243921071291,-1.43788921833,-0.654848694801,-0.591425359249
19,3,H,12,12,12,1,0.133903443813,1.23285150528,-0.481637150049,1.5226200819
19,4,H,11.8396017,14.16131335,9.05339525,1,0.153766319156,-4.29908037186,0.972211301327,0.748074412346
19,5,H,10.83137933,9.7265564,14.63244239,1,0.253844261169,-1.72754633427,-6.07660531998,3.48707413673
19,6,H,9.63281328,12.52153941,12.15103961,1,0.252205759287,0.0353222936392,0.0435808002949,-1.35447502136
19,7,H,11.56690274,11.19472456,14.92292301,1,0.24762186408,-0.773570477962,-2.54063558578,-0.547497212887
19,8,O,11.36484204,16.82994738,7.77313406,-2,-0.526485562325,-0.851425051689,7.20798873901,0.929138362408
19,9,H,10.09912558,11.48075315,10.03834983,1,0.243750780821,1.69891703129,-1.42131733894,2.89803743362
19,10,O,11.5898939,11.51901093,6.50620221,-2,-0.437834262848,2.04105210304,-1.87182879448,-3.99924969673
19,11,H,10.74670053,12.87339167,6.86191555,1,0.191398113966,-0.133951127529,1.41759097576,-0.0200801044703
19,12,H,11.31719392,11.56839463,7.36982921,1,0.249296605587,-1.78053843975,-0.266248524189,1.95093846321
19,13,O,15.92753224,12.04071141,12.39807592,-2,-0.445740818977,-2.08582949638,2.64328670502,-1.99376702309
19,14,H,13.26501664,9.65980381,10.57441967,1,0.233827829361,-0.775591790676,0.149659186602,-2.19939208031
19,15,H,14.80825052,11.59318165,10.78104611,1,0.202707841992,1.34676086903,0.409756720066,2.15352749825
19,16,H,9.91636618,12.49432169,13.51280077,1,0.241488605738,-0.964846432209,-0.711238980293,2.75534892082
19,17,O,11.10127686,10.49514615,14.35186365,-2,-0.4671895504,2.63885450363,8.41722393036,-2.78186321259
19,18,H,11.57092853,16.04654762,7.46082467,1,0.274985939264,1.3198851347,-5.99730205536,-1.9585596323
19,19,H,11.78661453,14.9786371,12.85815758,1,0.194132700562,-4.132147789,1.79525256157,-2.74754905701
19,20,H,12.66755969,12.78120411,9.57693927,1,0.186992064118,0.645503818989,0.107423059642,0.889851748943
19,21,H,16.00479128,12.74300131,11.62423238,1,0.221911385655,0.31676030159,-1.86282837391,2.52544093132
19,22,H,13.63088685,12.85601984,12.4955299,1,0.192579552531,-0.232208624482,-0.823233604431,0.442448973656
19,23,O,12.14461842,13.22826459,14.55767588,-2,-0.483187735081,-2.3873090744,-0.354898154736,-0.523839473724
19,24,O,12.42170882,13.4503566,10.9409052,-2,-0.354320466518,-0.643383741379,2.57390117645,0.528666973114
19,25,H,14.90070484,12.16578926,12.72887473,1,0.161309823394,2.71729230881,-1.0608215332,-0.262081474066
19,26,H,10.96040791,11.81803629,5.8334615,1,0.252976417542,0.00531815458089,-0.462285667658,0.430817008018
19,27,O,10.87879026,14.72036955,9.35340504,-2,-0.447000861168,3.48396658897,-0.840562224388,-1.42144453526
19,28,H,13.87149903,10.24124179,11.79166713,1,0.224055081606,-2.24263572693,-3.41131281853,-0.316353023052
19,29,O,13.34374044,9.34665457,11.44165723,-2,-0.49066144228,2.34893870354,2.96943974495,3.06068110466
19,30,H,11.85370811,11.94467015,8.57093453,1,0.219632834196,3.04774141312,4.837931633,1.08955860138
19,31,H,11.40132424,12.73328582,14.05993887,1,0.192537292838,2.83789467812,1.68653690815,1.68733918667
19,32,H,13.29080403,13.84304833,10.97111622,1,0.241589516401,0.501884698868,-0.128212630749,0.238140180707
19,33,O,10.85570974,11.23079507,10.70608392,-2,-0.379757165909,-0.221331685781,1.21476960182,-2.50640368462
19,34,O,12.42988517,12.92454761,8.66967507,-2,-0.360029071569,-2.17733883858,-5.60927534103,-3.08405256271
19,35,O,13.47443756,11.96675128,12.895417,-2,-0.470253944397,-1.56693303585,0.748157322407,-1.82759952545
19,36,O,10.49356968,13.7576761,6.58191668,-2,-0.500089883804,-0.392255157232,0.954735219479,0.451942682266
19,37,H,12.43194345,12.56735218,11.28070314,1,0.199679583311,0.86990249157,-1.36597168446,0.226457461715
19,38,H,16.83123323,10.45732343,9.46331916,1,0.24217350781,-0.030251648277,0.835252285004,2.91145730019
19,39,H,10.7198459,14.29097287,7.37099858,1,0.224849104881,-0.632081747055,-0.179034098983,-0.218426063657
19,40,H,14.36686573,10.79630615,9.62782659,1,0.233935654163,0.520417749882,-1.67838215828,-1.40467262268
19,41,O,16.92817716,10.78163398,10.44193279,-2,-0.489385843277,-1.11682879925,-1.06002378464,-2.35158491135
19,42,H,11.354273,15.56179786,9.39682323,1,0.195566371083,-0.643988490105,-0.279187113047,0.850438773632
19,43,O,14.22410941,11.59675432,10.06764203,-2,-0.390115976334,-1.86382818222,1.67707943916,-1.26984417439
19,44,H,16.03564542,10.78008225,10.90847208,1,0.232314392924,2.50268268585,-0.510318517685,-0.775873661041
19,45,O,10.80714045,15.23399416,12.24024007,-2,-0.451814234257,3.0334854126,-4.43655538559,5.18504190445
19,46,H,11.07201054,16.81445982,8.66919061,1,0.257730364799,-0.546168267727,-0.0199419409037,0.230692133307
19,47,H,10.41740038,14.29077519,12.68992281,1,0.171957582235,1.12097382545,4.04647016525,-2.29107165337
20,0,O,11.64977566,13.3541214,9.94051828,-2,-0.466386258602,0.0161287412047,-0.474791884422,-2.43208599091
20,1,O,12.83706407,11.95081941,11.72561931,-2,-0.381013453007,4.82022094727,-5.52625751495,-5.24905014038
20,2,H,13.96377536,12.07078919,15.25036603,1,0.214466452599,-1.3030667305,2.58201265335,-1.42305159569
20,3,H,9.56413897,11.94093723,14.046581,1,0.22848212719,-0.655748069286,-0.354103565216,-0.294611901045
20,4,O,12.25510791,14.42123252,12.70006029,-2,-0.444823265076,-1.29636597633,-2.35407018661,0.264662116766
20,5,H,10.86568729,14.35754264,11.50584525,1,0.226218670607,1.61077463627,0.713624179363,-1.82118475437
20,6,O,10.4620234,12.0296906,13.74871404,-2,-0.476629495621,1.37149608135,-0.119468905032,-2.62522482872
20,7,H,10.16589354,13.97941438,12.49767641,1,0.232635080814,-1.34250855446,-0.774656772614,2.15605759621
20,8,O,14.69896134,13.98885091,12.82074765,-2,-0.451452672482,-0.152791872621,-1.07394337654,-4.06497955322
20,9,O,10.96885045,9.35755022,12.84581012,-2,-0.54963862896,-4.36425113678,-0.622157275677,-2.17091441154
20,10,H,9.78540122,12.25847045,11.23133546,1,0.203589871526,-0.921239733696,-0.0732748806477,-1.16886353493
20,11,H,12.8897126,14.98840649,13.01193472,1,0.223996222019,2.08399653435,3.4833984375,0.722723603249
20,12,H,14.25719108,12.95763723,12.22649588,1,0.215026214719,1.64143013954,4.91511058807,1.57294595242
20,13,O,9.53225676,11.29785361,11.25458398,-2,-0.479146540165,0.792848467827,-0.680150032043,0.605912268162
20,14,H,13.13983674,11.30742955,14.72160406,1,0.225776642561,-2.12811231613,-1.81818878651,-1.28294682503
20,15,O,13.16742,12.24598156,14.59466651,-2,-0.386081933975,3.33738780022,-0.536049425602,2.90887951851
20,16,H,10.49057317,11.77575344,12.72977004,1,0.203291550279,-1.20626962185,0.386047065258,3.92491459846
20,17,H,11.76691921,9.37098649,13.22842571,1,0.272106766701,4.6668753624,0.061804253608,2.29877376556
20,18,O,10.14036336,13.77183757,11.57764269,-2,-0.435540616512,-1.99689590931,0.403789699078,0.691426455975
20,19,H,14.85498143,14.81014833,12.13455115,1,0.208646431565,-0.61007142067,-3.67215251923,2.06189489365
20,20,O,15.38807565,11.12470449,13.38733712,-2,-0.528417170048,-2.80836939812,-0.0437528640032,-1.71881663799
20,21,H,11.03499711,9.89113854,12.05328758,1,0.251796454191,-0.395513564348,0.0768048167229,-0.168367087841
20,22,H,16.05465456,11.39118306,13.98192697,1,0.253442943096,0.870778024197,1.10324597359,0.915434956551
20,23,H,12.65170493,11.1099401,10.95087199,1,0.232118874788,1.40731966496,3.97358608246,3.39521169662
20,24,H,11.82853428,12.89019426,9.09885076,1,0.239808171988,0.289884537458,0.639163315296,0.643797516823
20,25,H,12,12,12,1,0.226587951183,-5.10535144806,1.1851541996,2.04073786736
20,26,H,12.47395141,13.65307982,10.32364862,1,0.246225357056,0.432507008314,-0.207564994693,-0.0959347113967
20,27,H,8.96302289,10.9059281,10.59117329,1,0.248721703887,0.0844144523144,0.771500945091,-0.202719584107
20,28,H,12.73792175,13.7019917,13.18352616,1,0.21333616972,-1.41074407101,-0.309107989073,-0.495685040951
20,29,H,14.63595769,11.81218711,13.28341172,1,0.232856318355,2.27123737335,-1.65555012226,1.01106309891
21,0,O,11.9109327,13.19552669,9.92829427,-2,-0.469498574734,-1.35324299335,1.72982275486,1.68358743191
21,1,O,13.08392244,11.79497014,11.70464209,-2,-0.417490899563,-3.05259752274,-3.49095392227,-1.27648341656
21,2,H,14.01304,11.90938342,15.19307606,1,0.23757982254,4.9609003067,0.107933551073,5.02726602554
21,3,H,9.72851171,11.70482007,13.99175775,1,0.226440370083,2.1425242424,0.164586380124,-1.45023548603
21,4,H,8.57136812,9.80423712,9.39121412,1,0.245467111468,1.00497508049,2.00140881538,-2.59886169434
21,5,O,12.5512543,14.2509306,12.68615051,-2,-0.454817205667,-2.20807051659,0.762404918671,-1.98529100418
21,6,H,14.38403711,15.16172599,13.85407621,1,0.241258338094,-0.911829590797,0.611579656601,-0.183942392468
21,7,H,11.14382528,14.2477955,11.3438972,1,0.243184059858,-1.80651021004,-1.72877132893,0.255362808704
21,8,O,10.67726548,11.91760674,13.70288475,-2,-0.449026286602,-1.13108575344,0.284175366163,-0.081148609519
21,9,H,10.40944426,13.60550294,12.56320566,1,0.232072457671,-0.379771977663,0.0651247426867,-2.37054181099
21,10,O,14.93224195,13.81078295,12.78568305,-2,-0.432286500931,5.43663263321,8.16581821442,2.29580664635
21,11,O,11.1853251,9.20992909,12.77815047,-2,-0.535426080227,0.413264781237,0.157730355859,-1.04359447956
21,12,H,10.00329725,12.18040647,11.13282513,1,0.185240358114,-1.13084316254,-2.44357347488,-0.604081690311
21,13,H,13.09690994,15.01869237,12.82378785,1,0.198005974293,-0.0841737315059,-0.616803765297,-0.0542018674314
21,14,H,14.56312365,13.18729944,12.35455516,1,0.232855141163,-4.26118278503,-8.15784835815,-4.04717063904
21,15,O,8.87803239,10.5305027,8.69529245,-2,-0.493032336235,-0.750833570957,-1.91485524178,1.83925664425
21,16,O,9.8084721,11.09776019,11.20716432,-2,-0.486701369286,-1.31877446175,0.166915848851,-2.21575903893
21,17,H,13.38227015,11.07943726,14.3008174,1,0.239891022444,-0.867699146271,2.37506389618,-0.1608877033
21,18,O,13.39223759,12.05533558,14.60060768,-2,-0.443966507912,-3.98249411583,-2.26811766624,-4.80118989944
21,19,H,10.78803731,11.82713681,12.70675526,1,0.207690268755,-1.80749130249,-0.77098107338,2.57578015327
21,20,H,12.02522375,9.08717241,13.26669552,1,0.259525537491,-0.619753539562,0.441689133644,-1.03438401222
21,21,O,10.39100677,13.58935209,11.52910799,-2,-0.412302315235,0.1814340204,1.93762612343,3.4162106514
21,22,H,14.91994452,14.45272461,12.01677336,1,0.242194280028,0.648565471172,-0.457514077425,1.46295750141
21,23,H,13.0913618,16.18076149,13.57857955,1,0.259645462036,-1.42911887169,0.914420425892,-1.25431036949
21,24,H,11.27344624,9.72339523,11.90879026,1,0.251116216183,0.0587132833898,-0.952673017979,2.10782766342
21,25,O,13.76893898,15.8814406,14.12127353,-2,-0.514739990234,3.02903008461,0.258546024561,2.97027683258
21,26,H,9.60605619,11.04425706,9.10975923,1,0.260850608349,-0.438055515289,-0.534125447273,-0.404092043638
21,27,H,13.12212029,10.89568464,11.0111389,1,0.213183045387,-0.70378023386,4.13655900955,3.196352005
21,28,H,12.20210004,12.88154804,9.14909833,1,0.24698318541,1.61200833321,-1.61671900749,-4.4511346817
21,29,H,12,12,12,1,0.226876601577,5.03242588043,-1.09659457207,-2.09010601044
21,30,H,12.6995055,13.3894543,10.41943816,1,0.240814507008,0.608454823494,-0.150727987289,0.647161006927
21,31,H,9.12414854,10.61743079,10.51280613,1,0.20995670557,2.65141582489,2.93424153328,3.3339202404
21,32,H,12.95579352,13.55490764,13.1648538,1,0.208456993103,0.456963866949,-1.01538813114,1.29565143585
22,0,O,11.89217917,13.10050129,10.0280324,-2,-0.445572257042,3.62876987457,-0.320195525885,-3.93967247009
22,1,O,13.04557417,11.68873447,11.78969686,-2,-0.444796442986,-2.91806817055,4.16550827026,3.47280454636
22,2,H,13.98539167,11.80718876,15.45381001,1,0.228991627693,-1.01374638081,-0.323435902596,-1.69381761551
22,3,H,9.70252945,11.52097089,13.98031681,1,0.236047029495,1.69311499596,0.360540688038,-0.915725588799
22,4,O,12.56688866,14.13809345,12.77444937,-2,-0.472300320864,-1.28646755219,2.89906740189,-2.43676066399
22,5,H,14.21068884,15.06435555,13.8546349,1,0.241126388311,2.46877598763,-3.68496894836,-1.9529645443
22,6,H,11.05242103,14.12025104,11.30785991,1,0.247861996293,-0.948569476604,-0.91981112957,1.05102598667
22,7,O,10.61430296,11.86806519,13.76554307,-2,-0.448547035456,-1.84909820557,-0.00358288036659,6.51800346375
22,8,H,10.34111768,13.31361005,12.59716296,1,0.224885374308,0.183802202344,1.74433076382,-1.65474843979
22,9,O,14.90565332,13.71716999,12.86885601,-2,-0.445582985878,0.932657778263,-2.00958132744,-0.469686985016
22,10,O,11.12541799,9.12566675,12.81390243,-2,-0.517857670784,2.96159148216,-1.6053917408,2.96857070923
22,11,H,9.88130018,11.9996113,11.10985851,1,0.205045685172,-0.449616640806,-2.3188495636,-0.245383828878
22,12,H,13.03073736,15.11060265,12.77609889,1,0.214988693595,-1.55021393299,-4.99016475677,0.223398089409
22,13,H,14.34094316,13.08688609,12.36086049,1,0.217623099685,0.146728560328,-2.0099029541,2.03242206573
22,14,O,9.80674946,10.96080999,11.26268338,-2,-0.485055685043,0.650579869747,2.04273891449,-0.0497195981443
22,15,H,13.29270758,10.99805972,14.00745089,1,0.242711186409,0.494258761406,4.22816419601,3.54667496681
22,16,O,13.33282781,11.91832801,14.70053523,-2,-0.446451246738,0.540961325169,-3.68112134933,-1.88323748112
22,17,H,10.72592109,11.90555503,12.89115244,1,0.213549077511,-0.240397408605,-1.07922255993,-4.77948188782
22,18,H,12.03430416,8.91320638,13.39259189,1,0.244753092527,-3.58717775345,1.16868579388,-3.09699678421
22,19,O,10.36761815,13.47203478,11.60082669,-2,-0.447324067354,-1.28540873528,0.0745668187737,1.92879199982
22,20,H,14.73968681,14.15450744,12.06646878,1,0.232120782137,1.09771549702,3.3787522316,-1.82328188419
22,21,H,13.058835,16.12333207,13.64371445,1,0.260669529438,-1.42691159248,1.21007323265,-0.845118761063
22,22,H,11.24250801,9.5670702,11.96485674,1,0.250511467457,0.552958607674,0.144633725286,0.237907782197
22,23,O,13.71431224,15.73794148,14.15837424,-2,-0.507621407509,-0.136585980654,4.64022064209,4.8287935257
22,24,H,13.26876021,10.93423651,11.33165061,1,0.244188681245,-0.412129819393,-2.74548625946,-1.68111717701
22,25,H,12.3861477,12.87342857,9.14531431,1,0.223952054977,-1.53799438477,0.676983118057,2.16212797165
22,26,H,12,12,12,1,0.261875063181,4.20774507523,-1.98134958744,-1.78735971451
22,27,H,12.68674401,13.14540916,10.62414476,1,0.22617071867,-1.1725757122,-0.137045204639,-0.47185832262
22,28,H,9.13459586,10.54604491,10.72921189,1,0.237232983112,-0.283186376095,0.239793390036,-0.329748868942
22,29,H,12.91066475,13.41727848,13.31250648,1,0.206804603338,0.538488566875,0.836050748825,1.08616042137
23,0,O,11.6735658,13.10564152,10.21585303,-2,-0.415898442268,4.26458072662,-0.648859858513,-4.05540704727
23,1,O,12.4005521,15.74235313,10.97673979,-2,-0.509626924992,3.74376487732,-1.17077445984,2.66663622856
23,2,O,12.78914517,11.69787817,11.98667393,-2,-0.344622194767,10.0181035995,-0.633424758911,2.00866484642
23,3,H,13.73276436,11.77510122,15.76448559,1,0.224116802216,-2.44611310959,-0.47317019105,-4.50313949585
23,4,H,9.53407355,11.43982712,14.0362573,1,0.233743309975,-0.903449058533,-0.834291219711,0.0335883945227
23,5,O,12.37097923,14.13317572,12.95516148,-2,-0.432509630919,-2.73705029488,-2.45210552216,-1.70071232319
23,6,H,13.92223444,14.93255058,13.85246028,1,0.2083247751,-0.419787734747,1.3516459465,0.411418259144
23,7,H,10.71064021,14.05582353,11.43221341,1,0.243254795671,2.19784903526,2.20281481743,0.0906151384115
23,8,O,10.33767197,11.92208714,13.94486085,-2,-0.457572221756,1.15333998203,1.10933887959,-0.473922669888
23,9,H,10.05980942,13.22975828,12.64082617,1,0.220278546214,-0.0434009358287,1.36836266518,4.43958187103
23,10,O,14.67576459,13.72963862,13.05738403,-2,-0.531993806362,-1.98869335651,-3.2642865181,-4.73693799973
23,11,O,10.86532614,9.14172934,12.9585936,-2,-0.528933227062,0.465557694435,-1.55464065075,2.83565306664
23,12,H,9.51937704,11.80947922,11.17988755,1,0.225480645895,0.292689561844,3.71406269073,-0.965784728527
23,13,H,12.65613663,15.07526595,12.88830786,1,0.203299105167,-0.248454540968,-1.70102584362,1.80037951469
23,14,H,13.80951023,12.83898642,12.43754158,1,0.258980453014,3.06348609924,1.96691870689,2.77785348892
23,15,O,9.60218264,10.93511682,11.42150737,-2,-0.449992388487,3.31173491478,-1.37637889385,1.91148352623
23,16,H,13.00211439,11.23478259,14.02346034,1,0.231303527951,1.09667861462,1.7593473196,4.06175994873
23,17,H,12.78151304,14.8794424,11.45540939,1,0.231753528118,-1.66238427162,2.59879755974,-2.39694285393
23,18,O,13.06323622,11.87213159,14.8897076,-2,-0.443631649017,1.32122051716,-1.10406184196,0.500830411911
23,19,H,10.44116403,12.02477107,12.97862357,1,0.206914886832,-0.0911677628756,-1.48934853077,1.2610502243
23,20,H,11.63313881,15.4812184,10.54315229,1,0.243060797453,-2.00933933258,-0.857265651226,-1.33565354347
23,21,H,11.68321207,8.92208201,13.47385946,1,0.260254442692,-1.08581578732,0.439199030399,-1.16647386551
23,22,O,10.13021041,13.45603131,11.77881473,-2,-0.472673773766,-4.42517280579,-1.98874127865,-3.41040921211
23,23,H,14.41695223,14.11056893,12.15573772,1,0.211905300617,1.59692275524,0.370890974998,1.61199688911
23,24,H,12.72732253,16.24874812,13.75922872,1,0.236547604203,2.85475850105,-1.69957089424,1.96087992191
23,25,H,11.03564954,9.51658443,12.12583211,1,0.256702840328,0.600665271282,0.800066947937,-1.49594151974
23,26,O,13.45393117,15.70794233,14.30897791,-2,-0.515013694763,-1.08272778988,2.63029170036,-0.493968844414
23,27,H,13.18658024,10.92325172,11.6792428,1,0.270321726799,-0.389296084642,-1.82255423069,-1.03965961933
23,28,H,12.28352772,13.00049398,9.35692756,1,0.218520909548,-2.19683980942,0.468294590712,2.33462023735
23,29,H,12,12,12,1,0.254162728786,-9.16002464294,1.74184262753,-0.316008061171
23,30,H,12.40971936,12.97855529,10.87395135,1,0.207112669945,-1.12586271763,0.539276719093,-1.05954790115
23,31,H,8.86617488,10.57817913,11.06510575,1,0.242270156741,-3.74912214279,-2.52221703529,-1.62642157078
23,32,H,12.6803808,13.42238118,13.61220256,1,0.21415835619,-0.216648995876,2.53156638145,0.069919668138
24,0,O,11.82562124,13.06134805,10.4333531,-2,-0.486631840467,-1.67591965199,0.200066238642,0.178035125136
24,1,O,12.91753424,11.66184966,12.23800456,-2,-0.326777666807,0.994482278824,-3.376922369,0.0668572336435
24,2,H,13.72600895,11.67112039,15.89946846,1,0.257356643677,0.143485248089,-0.713647902012,-1.84219527245
24,3,H,9.67761599,11.27550014,14.14994406,1,0.227176964283,1.10379993916,0.621697485447,0.292867094278
24,4,O,12.52507997,14.06932988,13.17251803,-2,-0.48329269886,-0.821395993233,-7.37739229202,0.027596630156
24,5,H,10.83390686,14.03669911,11.62098864,1,0.259730100632,0.150400787592,0.170239508152,0.967704415321
24,6,O,10.42355982,11.93185125,14.16627735,-2,-0.487971812487,-1.02747094631,-0.471967577934,-2.65027236938
24,7,H,10.13030779,13.20142415,12.914961,1,0.227809026837,0.0391759239137,2.18131899834,1.0149179697
24,8,O,10.96431436,9.11088843,13.1532857,-2,-0.569331884384,-3.88442206383,1.53884196281,-3.66977787018
24,9,H,9.5150119,11.73606469,11.26359045,1,0.234409600496,1.06109654903,0.209498569369,0.277969092131
24,10,H,12.61614843,14.93561097,13.15087183,1,0.255379468203,1.17284703255,6.06008720398,0.876788198948
24,11,H,13.7942217,12.67068809,12.69499793,1,-0.00914880633354,1.24422967434,1.14292740822,0.155271530151
24,12,O,11.91489046,9.73133048,9.42894781,-2,-0.574138045311,0.069581322372,1.9625493288,0.181597083807
24,13,O,9.76741625,10.86163023,11.63173492,-2,-0.424643456936,-5.03207540512,-0.991983532906,-2.15324187279
24,14,H,13.1089411,11.50600769,14.28209314,1,0.272051036358,0.934604525566,-2.67620873451,-4.33885622025
24,15,O,13.15585216,11.7772874,15.12159253,-2,-0.551480233669,-1.02531087399,3.42957925797,6.24687671661
24,16,H,10.51832387,12.0175409,13.1373806,1,0.215317621827,0.193662777543,-1.52431213856,3.2077395916
24,17,H,11.71827615,8.8931645,13.56001141,1,0.263556718826,4.5099902153,-1.37694036961,2.51876950264
24,18,O,10.23833435,13.38640025,11.99022685,-2,-0.511600613594,-2.12402915955,-0.612829744816,-1.21635913849
24,19,H,11.47531712,10.37620756,10.08663007,1,0.268203794956,0.846201002598,-1.12590384483,-1.93131566048
24,20,H,11.21667402,9.46194739,12.25927678,1,0.261491537094,-0.589689433575,-0.581539928913,1.43924772739
24,21,H,13.43757094,10.73047305,11.99127785,1,0.237897872925,-2.30929374695,2.53831744194,0.218885242939
24,22,H,12.34329927,10.25930343,8.68346384,1,0.249667152762,-1.07645440102,-0.770114481449,1.78749060631
24,23,H,12.41546819,13.10668099,9.75082901,1,0.236676365137,2.1687078476,0.455255955458,-3.64810085297
24,24,H,12,12,12,1,0.264836251736,0.128337174654,-1.76432800293,0.578583240509
24,25,H,12.4403447,12.79030544,11.09043187,1,0.219261735678,1.11035847664,0.626927733421,0.473926723003
24,26,H,8.78128575,10.44448986,11.38781136,1,0.219833046198,3.89854216576,0.672983765602,1.20364737511
24,27,H,12.80064815,13.51615478,13.95166614,1,0.254362076521,-0.203442335129,1.55379807949,-0.264653027058
25,0,O,12.06264434,13.06796415,10.62604865,-2,-0.484480679035,-0.253296613693,0.609080195427,-2.06056904793
25,1,O,13.15453725,11.66946599,12.47015239,-2,-0.352337181568,0.557238221169,-1.44479548931,0.0302383452654
25,2,H,13.88374602,11.57659325,15.98217,1,0.253867834806,5.21256113052,-1.6233881712,3.72883462906
25,3,H,9.90351309,11.19146832,14.28004786,1,0.223740532994,2.27419185638,2.36944174767,0.978637099266
25,4,O,12.75733083,14.02984296,13.35980417,-2,-0.44577050209,-0.08273242414,3.49617981911,0.642976284027
25,5,H,11.07037092,14.07829003,11.85120261,1,0.249857604504,-1.56356775761,-1.50157082081,1.21070361137
25,6,O,10.60092043,11.99132672,14.35330014,-2,-0.488127917051,-3.10416245461,-2.83646631241,1.30971682072
25,7,H,10.29203472,13.34637146,13.21828274,1,0.228027269244,0.412071466446,1.06140816212,-2.97316455841
25,8,O,11.14873881,9.14104795,13.31344213,-2,-0.548830926418,3.70713376999,-0.834660172462,0.18060028553
25,9,H,9.64118213,11.74951486,11.36141894,1,0.236276328564,2.06228899956,-2.54325962067,1.58638107777
25,10,H,12.67308436,15.05779952,13.48066517,1,0.221254467964,0.367856860161,-2.85064864159,-0.533238172531
25,11,H,13.92525622,12.60832345,12.96527657,1,0.27649089694,-0.340877503157,-0.569084525108,-0.961379885674
25,12,O,12.10572028,9.74975913,9.61765717,-2,-0.594678044319,-1.50423693657,2.40490531921,3.77075147629
25,13,O,10.01167017,10.83939958,11.8144819,-2,-0.427121460438,-6.90508174896,1.31244981289,-2.57136154175
25,14,H,13.34730485,11.71728126,14.370041,1,0.25819671154,1.028855443,-0.885480165482,0.792985796928
25,15,O,13.3318485,11.74590765,15.33873839,-2,-0.585180640221,-6.19472789764,2.36069369316,-4.20259571075
25,16,H,10.70102437,11.97715621,13.42140196,1,0.210737764835,1.03618729115,-0.354736119509,-1.63227987289
25,17,H,12.06221425,8.84239076,13.72868707,1,0.233381807804,-2.88007807732,0.823927521706,-1.00878858566
25,18,O,10.43033401,13.36666435,12.17302733,-2,-0.526944577694,-0.292020857334,1.49426662922,2.2351899147
25,19,H,11.81467493,10.52426424,10.36871666,1,0.261842429638,1.11730837822,-3.08857893944,-3.69795036316
25,20,H,11.45638773,9.45226429,12.42178606,1,0.252158284187,-0.761829078197,-0.472656726837,1.17767000198
25,21,H,13.6556487,10.73969844,12.30297825,1,0.177856236696,-1.36005091667,2.22073769569,0.159192949533
25,22,H,12.5574183,10.17942189,8.8981677,1,0.243757009506,0.203941643238,0.6744094491,-0.17104665935
25,23,H,12.72070372,13.28034253,9.97747568,1,0.222395375371,0.475409239531,0.282214999199,-1.06903040409
25,24,H,12,12,12,1,0.240414038301,0.59250921011,-1.19834601879,1.55959451199
25,25,H,12.61975937,12.68978044,11.28218417,1,0.210221499205,1.65338885784,0.218877241015,0.587662279606
25,26,H,8.9448485,10.37631554,11.75638475,1,0.211336359382,4.74462985992,1.22199964523,0.46761739254
25,27,H,12.99720271,13.75856913,14.25447079,1,0.241659641266,-0.202908426523,-0.346920669079,0.462650835514
26,0,O,12.21490177,13.14687928,10.7392148,-2,-0.449090778828,3.83505296707,1.17213082314,-3.24072122574
26,1,O,13.31534538,11.74911324,12.62928419,-2,-0.339675843716,-0.292886316776,6.45483255386,2.01530981064
26,2,H,14.19347454,11.49511838,16.13834965,1,0.220519483089,-2.44157457352,1.21861004829,-3.59231495857
26,3,H,10.07182744,11.2960257,14.40729223,1,0.223048329353,1.22515285015,1.76094603539,1.27330243587
26,4,O,12.896131,14.06421939,13.46945254,-2,-0.387579798698,-0.186953365803,5.23435592651,4.15624046326
26,5,H,11.1662443,14.10854832,12.08180067,1,0.24585840106,0.320203006268,0.227809756994,-0.698471546173
26,6,O,10.69173747,12.11434718,14.46543972,-2,-0.499923408031,-2.35547590256,-2.52590680122,1.21289408207
26,7,H,10.39495637,13.62586333,13.27392006,1,0.231823518872,-0.209449738264,-0.776338338852,-1.81010377407
26,8,O,11.26812065,9.2479468,13.39459717,-2,-0.530486404896,4.01215934753,-2.61364579201,3.77827811241
26,9,H,9.77795725,11.70713434,11.50492901,1,0.247690618038,1.00792062283,-0.0746844485402,0.184034436941
26,10,H,12.61505866,15.12129487,13.72563513,1,0.214497953653,0.784800231457,-3.45624542236,-2.25040483475
26,11,H,13.95742125,12.58692674,13.11691564,1,0.303344488144,-2.03204798698,-2.587682724,-2.19187355042
26,12,O,12.21208946,9.84956078,9.74478569,-2,-0.586429536343,-0.0513643920422,0.193858325481,0.860942006111
26,13,O,10.15619582,10.8987805,11.91465671,-2,-0.443464040756,-3.81134152412,-0.410037904978,-0.513305723667
26,14,H,13.54284375,11.93182441,14.41611739,1,0.237288951874,0.0273242592812,-1.38716721535,4.39970493317
26,15,O,13.40936801,11.79621235,15.46747216,-2,-0.53605234623,2.30160188675,-0.170773848891,0.0227804780006
26,16,H,10.86101349,11.97652459,13.55110727,1,0.218637987971,1.2007869482,0.367429763079,-1.73055553436
26,17,H,12.23342301,8.88374565,13.8026673,1,0.237310290337,-4.11044406891,1.35908281803,-1.28886401653
26,18,O,10.5396173,13.42572573,12.28779672,-2,-0.496048688889,-1.30654597282,1.252997756,2.4962785244
26,19,H,12.12626949,10.57733798,10.39049596,1,0.278142899275,-0.249245911837,-0.370030552149,-0.667129695415
26,20,H,11.57096408,9.51305556,12.55922404,1,0.259969592094,0.161639660597,0.675431311131,-2.09882283211
26,21,H,13.72163797,10.95036023,12.55272562,1,0.2634742558,2.30791735649,-3.93016290665,-0.369839131832
26,22,H,12.71596441,10.21965465,9.02310424,1,0.255171179771,0.186737000942,0.199753373861,-0.274174273014
26,23,H,12.9720646,13.51364519,10.07288405,1,0.222095653415,-2.72253537178,-1.2865704298,2.05335760117
26,24,H,12,12,12,1,-0.0567170679569,-0.45856243372,-0.654299020767,0.942146897316
26,25,H,12.79718642,12.69803166,11.38956301,1,0.207583844662,0.176196247339,1.10669851303,-1.05520355701
26,26,H,9.24745166,10.4250166,12.07625251,1,0.227435141802,2.81352138519,0.603819906712,-0.200044959784
26,27,H,13.11205616,14.05643791,14.46388554,1,0.231575161219,-0.132587432861,-1.58421230316,-1.41343975067
27,0,O,12.38254293,13.21789356,10.82621598,-2,-0.43497812748,2.08612537384,0.44244992733,-1.58057057858
27,1,O,13.4806051,11.83500026,12.77519754,-2,-0.390062510967,-2.06128954887,-1.86185002327,-1.53280997276
27,2,H,10.21932851,11.48047654,14.59420886,1,0.238698393106,-1.29391396046,-1.34389531612,0.957276701927
27,3,H,9.1875402,9.81752676,10.0954089,1,0.231139853597,-1.15693295002,-0.222801461816,-0.459672749043
27,4,O,13.02787244,14.10355093,13.5702544,-2,-0.399767994881,-0.456477344036,3.90201592445,4.16728687286
27,5,H,10.61384639,8.15147487,11.92099412,1,0.256365835667,-1.22657608986,-0.742929339409,0.35554844141
27,6,H,11.31030142,14.13055381,12.26857796,1,0.242200344801,1.76256275177,0.570096552372,-2.13453149796
27,7,O,10.78718872,12.22069987,14.55998714,-2,-0.534362673759,1.69678759575,-0.105097696185,-2.39796590805
27,8,H,10.4961408,13.8598368,13.22009889,1,0.235731184483,-1.9414716959,-0.342531561852,3.05664372444
27,9,O,11.41413136,9.34536712,13.4645543,-2,-0.504109084606,0.796574831009,-0.807056486607,0.572704672813
27,10,H,9.9417072,11.69479811,11.66899744,1,0.252177089453,-2.14515852928,4.56919193268,-1.46379721165
27,11,H,12.56224014,14.97128774,13.83624923,1,0.230486467481,-0.0573687627912,-0.876728713512,-2.53462529182
27,12,H,13.97510793,12.5049536,13.16957455,1,0.264974474907,1.48112285137,1.54958450794,1.34598493576
27,13,O,9.26000767,10.68057242,9.69453646,-2,-0.553235054016,0.453724861145,0.0346947163343,0.111942842603
27,14,O,12.3252995,9.94028962,9.85520601,-2,-0.516298532486,1.41656053066,-2.81507635117,-5.13909339905
27,15,O,10.30209317,10.95246322,11.9960693,-2,-0.429145783186,4.36937046051,-1.17797446251,0.537949383259
27,16,H,11.08617068,11.99077602,13.58568593,1,0.2380861938,-0.313540458679,1.16515696049,2.64090013504
27,17,O,10.50188339,8.5736277,11.07727966,-2,-0.484558135271,0.0299874655902,0.283562004566,-1.86498808861
27,18,H,12.23191871,8.97854708,13.8144033,1,0.248184069991,-0.0915848165751,-0.185531184077,0.500234544277
27,19,O,10.65255596,13.4811847,12.39191891,-2,-0.462593197823,-0.90313655138,0.165585041046,-1.40057110786
27,20,H,12.44690197,10.63180943,10.39245301,1,0.269324302673,0.1788482517,4.26449871063,3.90278887749
27,21,H,11.69272474,9.61564729,12.58706187,1,0.25653642416,-0.380875557661,0.343568772078,-0.453238338232
27,22,H,10.06280889,10.82592439,10.23426757,1,0.233908191323,0.057100251317,0.60496866703,-1.06845843792
27,23,H,13.90010612,10.98723107,12.76487809,1,0.280283212662,0.770912408829,-0.648098707199,0.202188238502
27,24,H,12.90574287,10.29276476,9.10631226,1,0.235514551401,-1.22931277752,-1.14795839787,0.975677371025
27,25,H,13.0886342,13.64966379,10.27395693,1,0.23357129097,-1.24323952198,-0.271806001663,0.0368004739285
27,26,H,12,12,12,1,-0.187305867672,0.124040558934,0.460630178452,0.459494888783
27,27,H,13.00753726,12.76458997,11.41282442,1,0.211114540696,-0.0528849214315,0.12603148818,0.220115080476
27,28,H,9.71379832,8.49083892,10.49679771,1,0.250667870045,0.991427898407,-1.38925433159,1.62331962585
27,29,H,9.64643196,10.46125897,12.3735431,1,0.254630088806,-2.53222250938,-2.26192331314,1.50690150261
27,30,H,13.25222018,14.25264988,14.55256101,1,0.232822656631,0.870840549469,-2.28152132034,-1.14343559742
28,0,O,12.528832,13.22188447,10.90499173,-2,-0.428095251322,-1.73606276512,-2.25655841827,1.31430506706
28,1,O,13.61072181,11.84754005,12.90675149,-2,-0.408854186535,0.696230113506,-6.17722797394,-1.32293641567
28,2,H,10.22720218,11.55772314,14.82537394,1,0.242435142398,0.512631714344,0.286343812943,-0.112267673016
28,3,H,9.29860735,9.78285772,10.24074805,1,0.235386252403,-0.78726541996,2.14278292656,-1.71332991123
28,4,O,13.12512836,14.08662878,13.67260576,-2,-0.432075411081,1.14635109901,0.559831440449,0.752684593201
28,5,H,11.5234472,14.10434386,12.3518813,1,0.239437431097,-1.27845489979,-2.05040383339,-1.23650479317
28,6,O,10.86931123,12.26171987,14.63635081,-2,-0.53453874588,0.194919407368,-0.838624417782,0.00875510554761
28,7,H,10.49418983,13.99021926,13.28308771,1,0.231256023049,-1.13725757599,-1.47151589394,0.0283582862467
28,8,O,11.54498923,9.38647008,13.52321306,-2,-0.547497987747,-2.5672044754,1.86302733421,-2.99435305595
28,9,H,9.98051259,11.81626656,11.78104412,1,0.26675209403,0.552564263344,-2.22834324837,1.1717736721
28,10,H,12.45474889,14.72004639,13.81469089,1,0.249822676182,-1.93816304207,1.29957795143,-0.796560764313
28,11,H,14.11455594,12.52166065,13.27507797,1,0.257073223591,1.5508223772,1.6380418539,1.31991958618
28,12,O,9.40050424,10.71336794,9.79112099,-2,-0.545313775539,0.883088588715,-3.17589664459,1.78583323956
28,13,O,12.42105884,9.96156224,9.94472455,-2,-0.483981579542,2.76192927361,3.91709589958,1.21503007412
28,14,O,10.44018803,10.94065573,12.07104406,-2,-0.438158512115,-1.78743457794,0.95532399416,0.461758524179
28,15,H,11.27352023,12.00807405,13.75827431,1,0.247529223561,-0.677425384521,0.281095027924,1.37389755249
28,16,H,12.25763801,8.9718027,13.87414332,1,0.261847108603,3.31415534019,-2.05193185806,1.61025285721
28,17,O,10.74318342,13.47510859,12.48522937,-2,-0.441081225872,1.09341800213,4.05931282043,0.386651813984
28,18,H,12.73701739,10.78687166,10.55102269,1,0.255801409483,-1.72101175785,-2.73417592049,-1.32277715206
28,19,H,11.77355697,9.68026582,12.58419246,1,0.271241754293,-0.364999979734,-0.70238417387,1.95617568493
28,20,H,10.25830362,10.75442841,10.29468813,1,0.235096216202,-0.576293945312,0.845563828945,-1.25750482082
28,21,H,14.11694932,10.90613922,12.96001299,1,0.268341124058,-1.54529035091,3.52502250671,0.0059404335916
28,22,H,13.03512687,10.28037463,9.22547042,1,0.231844738126,-1.10285949707,-1.12135756016,0.251337736845
28,23,H,13.14034366,13.69835578,10.47151831,1,0.243300080299,2.75055265427,3.49974060059,-3.65925121307
28,24,H,12,12,12,1,-0.20784920454,-0.512481629848,-0.329815030098,0.340721994638
28,25,H,13.21695672,12.79302942,11.42112009,1,0.225653141737,0.00998426228762,-0.712809324265,1.13081562519
28,26,H,9.91042259,10.34595227,12.70951192,1,0.25768494606,0.993121147156,1.7919948101,-1.46658074856
28,27,H,13.44092951,14.27752808,14.55543541,1,0.246943369508,1.2724364996,-0.813710510731,0.767855226994
29,0,O,12.66748149,13.15425437,10.98269452,-2,-0.388379722834,4.24023914337,1.46717679501,-1.39979708195
29,1,O,13.73807408,11.77448783,13.02233806,-2,-0.442646950483,4.16633319855,1.77789926529,1.55276787281
29,2,H,10.22183991,11.58702969,15.02691744,1,0.2396787256,2.72532486916,1.55482518673,-1.53109300137
29,3,H,9.37441952,9.82904259,10.33758276,1,0.243942201138,-0.451972037554,0.316799759865,0.379593074322
29,4,O,13.21559583,14.00696805,13.76547069,-2,-0.456148922443,-1.96041297913,2.0527510643,-0.263669371605
29,5,H,11.69100492,13.91146905,12.36562201,1,0.23338508606,-1.75341045856,-1.24448335171,-0.573384463787
29,6,O,7.60783292,9.55501785,8.73000279,-2,-0.606687605381,2.78194403648,0.0452878475189,1.60451948643
29,7,O,10.95673716,12.23999855,14.70294114,-2,-0.537513017654,-4.08317422867,-0.121089592576,5.45086193085
29,8,H,10.45076839,13.96691248,13.34813365,1,0.231471061707,0.540304005146,-1.89875245094,-1.7402023077
29,9,H,8.56225646,9.69689747,9.18489434,1,0.207628875971,-2.86252093315,-1.05179476738,-2.83276462555
29,10,O,11.67666848,9.38030504,13.56110487,-2,-0.526642680168,2.52669215202,-2.77688956261,3.12087750435
29,11,H,10.02550697,11.78335821,11.95583466,1,0.258918255568,1.63277542591,-3.26476144791,1.09645342827
29,12,H,12.28300071,14.47775624,13.74701525,1,0.253872483969,3.28824615479,-1.26222360134,1.09508860111
29,13,H,7.34757592,10.39051616,9.10942076,1,0.250906229019,-1.15179014206,0.60893291235,-0.213108688593
29,14,H,14.38972663,12.6251732,13.43519079,1,0.266613513231,-3.01537132263,-3.69245910645,-1.69301331043
29,15,O,9.54944392,10.672754,9.88204322,-2,-0.479344308376,1.58427250385,-0.760704994202,1.0093972683
29,16,O,12.52739377,9.93510986,10.02801575,-2,-0.480828583241,1.81691193581,3.60551023483,3.33211350441
29,17,O,10.5795961,10.87516814,12.13869606,-2,-0.45979899168,-2.96894097328,1.56838583946,1.50551187992
29,18,H,11.45001644,11.98061083,13.9846257,1,0.252916485071,1.29781782627,-1.76906895638,-2.61753606796
29,19,H,12.46215645,8.8156874,14.00757846,1,0.248798906803,-2.79700422287,2.10644507408,-2.16943001747
29,20,O,10.84165363,13.42090309,12.56926709,-2,-0.445978313684,-0.12773552537,3.87842273712,1.11220765114
29,21,H,12.93888108,10.75077482,10.64255561,1,0.250565558672,-2.2528386116,-3.09211063385,-1.53740787506
29,22,H,11.83826261,9.66034783,12.66138581,1,0.263271152973,0.938275635242,-0.366109132767,-0.302396029234
29,23,H,10.44847165,10.67445772,10.30214601,1,0.248478278518,-0.373504966497,0.72849047184,-1.00378084183
29,24,H,14.26656989,10.94862212,13.12683048,1,0.241719380021,-0.498679757118,0.798760890961,-0.0762712433934
29,25,H,13.14254466,10.1762755,9.35008002,1,0.228405177593,0.369673222303,-0.480367541313,-1.65283572674
29,26,H,13.30926891,13.80489636,10.50775949,1,0.223545506597,-2.15009045601,-0.982267737389,0.335199415684
29,27,H,12,12,12,1,-0.0446531772614,-0.761194884777,-0.658546209335,0.00139284599572
29,28,H,13.4487456,12.74677991,11.45644415,1,0.226729050279,-1.12010347843,-0.0915286391973,0.295541882515
29,29,H,10.19843172,10.2587297,12.94655155,1,0.252674639225,1.12692344189,2.48213219643,-2.56599712372
29,30,H,13.70968229,14.21136797,14.56603189,1,0.245101958513,-0.706987500191,0.521338224411,0.281161338091
30,0,H,11.52715236,8.04767631,10.94459617,1,0.16876411438,-2.35150623322,-1.88259208202,1.68288314342
30,1,O,12.93546969,8.31714576,10.67535625,-2,-0.406900644302,-0.776060163975,1.42368066311,-1.87194895744
30,2,H,14.30367382,10.93317457,13.99123959,1,0.236453056335,-1.27595818043,-0.0195156428963,-2.94524025917
30,3,H,13.54032741,13.01359687,10.59225418,1,0.28110820055,-9.01746749878,2.3456492424,-10.7499780655
30,4,O,11.89689052,8.93055592,13.30529117,-2,-0.441217064857,0.202329948545,0.815156698227,-1.44507610798
30,5,H,13.19655303,12.77551512,13.57218416,1,0.252900242805,-0.288496524096,0.903198838234,-1.0533066988
30,6,H,13.73786468,11.04400091,12.41088573,1,0.238441005349,-1.58109164238,2.74355864525,-1.75793612003
30,7,H,10.4104663,13.07582345,13.15867034,1,0.221889466047,0.517729282379,-0.000187698751688,0.442961037159
30,8,H,10.22993541,9.55448554,16.02262171,1,0.231867611408,0.31270352006,-0.864304423332,1.4315841198
30,9,H,11.56547427,13.58235993,8.47129607,1,0.260708153248,1.45869731903,-2.54976630211,1.68154168129
30,10,H,10.32013438,7.19984348,10.74122597,1,0.224784821272,-0.568017184734,-0.363162100315,0.223270788789
30,11,H,10.48247495,13.08001555,10.48458808,1,0.223057791591,-1.12397325039,0.343748956919,-0.372890472412
30,12,H,12.28303925,12.17731512,9.44276157,1,0.260277360678,-0.0691263377666,1.72458183765,-1.30448961258
30,13,O,10.05193829,9.51620967,16.9912335,-2,-0.590270042419,1.28248620033,4.60973930359,-2.13115787506
30,14,H,11.90707159,9.26658952,12.37337631,1,0.212421536446,-1.13219892979,0.423578798771,2.00469350815
30,15,H,12.59907446,8.29739107,13.21522148,1,0.218825906515,0.434085428715,-0.702394843102,0.901802420616
30,16,H,9.80841609,8.89888302,17.58634455,1,0.271772652864,-0.996288836002,-3.70593190193,1.65578353405
30,17,H,12,12,12,1,0.217283248901,1.15956664085,2.88614392281,2.90523529053
30,18,H,10.46441203,10.23423705,13.74984694,1,0.263704389334,-0.882410943508,-1.46405863762,0.67929404974
30,19,O,14.15883093,10.571923,13.05242072,-2,-0.537314295769,3.50035691261,-3.99197864532,3.55155134201
30,20,H,11.25532106,11.77412731,10.76028986,1,0.204918429255,0.40120407939,-1.84704482555,1.62088263035
30,21,O,11.6772038,12.60934801,8.78411717,-2,-0.472653687,-1.17101299763,0.665985763073,-0.477176964283
30,22,H,11.11393431,12.23562082,14.25341156,1,0.238295257092,0.694765925407,2.29384183884,-1.31437647343
30,23,O,10.76114929,7.58622839,11.50557571,-2,-0.51582044363,0.856264948845,0.873788297176,-2.36101579666
30,24,O,11.27033742,13.05184251,13.62847444,-2,-0.453519403934,-1.49174273014,-2.34897780418,1.69895672798
30,25,H,15.11067371,13.03342186,11.00906487,1,0.263377666473,-2.89154028893,-0.109584391117,-0.640411376953
30,26,O,9.94188191,10.26341085,14.57703926,-2,-0.477833658457,-0.733779549599,0.55091637373,0.567518115044
30,27,O,13.60139003,12.53707701,14.38086303,-2,-0.491279631853,0.604427218437,-0.181211128831,2.73622655869
30,28,O,14.11718086,12.91201222,11.14068329,-2,-0.490824133158,11.9663858414,-2.01014876366,11.3899059296
30,29,H,11.13114159,13.72453514,11.64182878,1,0.242801696062,-2.17540979385,-0.21125279367,-0.0769041329622
30,30,O,10.2178497,13.37112601,11.37219807,-2,-0.445639848709,2.17349004745,1.66514527798,-0.789922654629
30,31,H,14.42955825,12.98458787,14.52747879,1,0.250726372004,0.156005784869,0.513559639454,-0.331078857183
30,32,H,12.91316778,8.7420061,11.50845016,1,0.255110681057,0.955984652042,0.836766421795,1.04249477386
30,33,H,13.72783823,7.85664899,10.65475086,1,0.26585906744,2.32719302177,-1.53489100933,-0.204792231321
30,34,O,11.69692259,11.29966924,11.52444953,-2,-0.42773064971,-1.32430648804,-2.83642697334,-4.29282236099
30,35,H,9.33696347,9.52080075,14.85974994,1,0.24565461278,0.846711039543,1.00438988209,-2.09605836868
31,0,H,11.27792832,8.1963676,10.46828598,1,0.183118104935,-1.18341314793,-1.40037250519,1.30558168888
31,1,O,12.73186671,8.36562321,10.25567494,-2,-0.488566219807,2.04831504822,0.983412325382,0.760460197926
31,2,H,14.01355896,10.88840025,13.48881126,1,0.249851971865,-0.734419941902,1.91847884655,2.73691129684
31,3,H,13.26424603,13.36685958,9.94380768,1,0.25614887476,3.3792514801,-1.3145544529,2.81020641327
31,4,O,11.69794936,9.02608585,12.92585182,-2,-0.417152822018,3.8174226284,-0.949882566929,-4.40030527115
31,5,H,13.9632349,6.00649057,10.45234156,1,0.281768500805,1.54065227509,3.0335829258,-0.567125976086
31,6,H,12.95517212,12.92314157,13.24902753,1,0.242468833923,-0.191003009677,0.333095878363,-0.0142803043127
31,7,H,13.42302151,11.04324322,11.95398143,1,0.229560464621,0.259226053953,0.579845428467,0.696581602097
31,8,H,10.10405107,13.13171294,12.78299278,1,0.231113672256,2.70932650566,0.772544145584,0.577985167503
31,9,H,11.36904585,13.51604986,8.05712075,1,0.27600595355,0.644068360329,2.80875086784,0.019944768399
31,10,H,9.99199234,7.15153762,10.30551016,1,0.221650242805,1.6647695303,2.31272959709,3.25747466087
31,11,H,10.34681919,13.25200094,9.96840628,1,0.21633335948,-1.79129850864,0.610006034374,2.34420633316
31,12,H,11.96322947,12.21969922,9.07715185,1,0.267599642277,0.65077984333,1.04288840294,-0.021958746016
31,13,H,11.8626867,9.35987027,11.90562142,1,0.201472431421,-2.11960983276,0.262352615595,4.33758497238
31,14,H,12.53063236,8.40031622,12.80259201,1,0.19983561337,-2.44698047638,1.48353874683,1.64060688019
31,15,H,15.37704077,6.79282213,10.88642335,1,0.275879859924,-1.98154723644,0.484087020159,-1.44325172901
31,16,H,12,12,12,1,0.233980208635,-3.29297399521,-1.74341058731,-4.23973894119
31,17,H,10.31069415,10.36182223,13.38920547,1,0.255005121231,-2.55517506599,-1.85830426216,2.65746855736
31,18,O,13.92899458,10.60151313,12.63818319,-2,-0.522038340569,1.28220057487,-3.4229259491,-4.52580690384
31,19,O,11.87451775,5.64546058,9.93638669,-2,-0.553412973881,0.508318781853,1.42619490623,0.239775717258
31,20,H,14.88684019,12.3708275,15.08666993,1,0.244006961584,1.11760520935,-1.86186552048,-0.638529896736
31,21,O,14.57220669,6.89289991,10.26191019,-2,-0.330770075321,1.39313995838,-4.7252163887,1.93843770027
31,22,H,10.95918087,11.67695485,10.46760907,1,0.213775977492,-3.051623106,2.20576047897,-2.08422327042
31,23,O,15.03850254,12.92942157,15.81647282,-2,-0.529312252998,-2.53857660294,1.3144043684,1.76751196384
31,24,O,11.49558297,12.66802301,8.36755941,-2,-0.503397941589,-1.07119321823,-3.96981358528,0.0564450025558
31,25,H,10.88083372,12.36198214,13.67003457,1,0.235669255257,0.603884458542,-1.28927600384,1.66761398315
31,26,O,10.5946397,7.64668313,11.10420237,-2,-0.387606650591,-2.23059248924,-1.96298348904,-5.3992562294
31,27,O,11.07079485,13.15619814,13.19812429,-2,-0.413983255625,-3.53592729568,0.292012274265,-1.32349264622
31,28,H,14.80182839,13.1624644,10.68812828,1,0.248399138451,1.30833780766,0.821583211422,-0.754186570644
31,29,O,9.6986865,10.31889246,14.24475972,-2,-0.538847923279,0.313032448292,0.503933787346,-0.937007784843
31,30,O,13.38209566,12.60588592,14.04432997,-2,-0.453919947147,-2.26563739777,-0.686862945557,-0.0329495891929
31,31,H,11.36291477,6.51087171,10.5291191,1,0.163352221251,2.36861300468,-2.16923427582,-1.75468993187
31,32,O,13.89554169,12.93686351,10.70977784,-2,-0.453879922628,-4.5830411911,0.696038484573,-1.97452437878
31,33,H,10.8636952,13.7707568,11.31697528,1,0.235657453537,-2.39090418816,-0.598800957203,-0.678702831268
31,34,O,9.96814679,13.44887123,10.92871312,-2,-0.460525870323,3.34306979179,1.10090374947,-2.78450155258
31,35,H,14.18877739,13.04522514,14.07372847,1,0.235171929002,1.87020301819,1.84530460835,-0.484858185053
31,36,H,12.68085555,8.79459865,11.14351012,1,0.221512079239,1.19024837017,-0.649908304214,-1.7960473299
31,37,H,13.75374095,7.79611246,10.29887965,1,0.1768476367,-2.53951692581,1.44413220882,-0.0206311419606
31,38,O,11.51065735,11.37024656,11.09885465,-2,-0.462832570076,6.02597141266,-1.52634358406,6.45408296585
31,39,H,14.02457813,13.05943175,15.95803656,1,0.247063562274,2.61299037933,0.124811157584,0.489765316248
31,40,H,9.06327967,9.55561781,14.45475055,1,0.240284383297,2.08304691315,1.45044410229,-1.66529393196
31,41,H,12.52504947,5.87466369,9.18959357,1,0.232713401318,-2.23103833199,0.278919637203,1.78271985054
32,0,O,12.68841857,8.49061219,10.0234398,-2,-0.710172474384,0.0533675849438,-1.79885911942,-0.184000968933
32,1,H,13.85981501,10.98044109,13.30588639,1,0.241289079189,-0.726075232029,0.566461801529,-0.153748810291
32,2,H,13.23971961,13.75238512,9.52371778,1,0.242586880922,2.9110918045,-3.36520576477,4.35980319977
32,3,O,11.66742042,9.19629505,12.71768944,-2,-0.445512413979,2.47484302521,-2.47163963318,0.74293410778
32,4,H,13.87032005,6.12279757,10.26477207,1,0.291214466095,2.25932049751,4.07628631592,-1.11808919907
32,5,H,12.85860387,13.15586413,13.1054275,1,0.229192644358,0.124993607402,-0.58129888773,1.10115194321
32,6,H,13.25132759,11.17651596,11.72729848,1,0.214094221592,1.7152402401,-0.747543990612,1.99481391907
32,7,H,10.06855155,13.31194744,12.61541806,1,0.22783485055,1.29130578041,1.07428431511,-0.0409983769059
32,8,H,10.28995269,13.53246747,9.74054635,1,0.239313811064,-1.14136695862,0.194545432925,1.4764829874
32,9,H,11.8563983,9.54242788,11.8614626,1,0.213361129165,-1.12317454815,1.43900835514,-1.29129695892
32,10,H,12.52737692,8.62924645,12.68224689,1,0.219016432762,-2.2941339016,1.09390711784,1.12324714661
32,11,H,15.43498568,6.85941803,10.65266493,1,0.304040163755,-4.1882610321,1.4991672039,-2.56922054291
32,12,H,12,12,12,1,0.257025688887,-3.2312579155,-0.97141700983,-4.79238557816
32,13,H,10.20369407,10.47530437,13.34785494,1,0.25953412056,0.014920245856,-1.49284684658,-0.84901702404
32,14,O,13.86103027,10.69660994,12.39323979,-2,-0.447857946157,-0.432040065527,-0.0809160545468,-1.73839497566
32,15,H,14.5626081,10.29459122,11.00289523,1,0.178031504154,0.0737016797066,-0.358569294214,-2.71037936211
32,16,H,14.76245214,12.52465826,14.81884994,1,0.233774200082,0.798895478249,-0.978923678398,0.779382407665
32,17,O,14.47976451,7.05808797,10.01667111,-2,-0.214762568474,5.08134746552,-9.30742073059,2.7710018158
32,18,H,10.7131448,11.75772564,10.29617036,1,0.192428559065,1.35036456585,0.010157123208,2.1299893856
32,19,O,14.9647103,13.0498398,15.58803983,-2,-0.531743824482,-1.9889626503,1.26788520813,1.3267095089
32,20,H,10.85610189,12.49628063,13.33066108,1,0.234217807651,0.671638250351,-1.83902597427,1.84692013264
32,21,O,11.01922623,13.33582496,12.94854552,-2,-0.397169530392,-2.62462592125,0.772783756256,-0.444493323565
32,22,H,14.72755744,13.41959334,10.49975397,1,0.222158297896,-0.786747992039,-0.275132209063,-0.316036373377
32,23,O,9.62388751,10.45000394,14.09495652,-2,-0.5456995368,-0.811732411385,1.46815776825,1.80802965164
32,24,O,13.31408456,12.74916814,13.89308533,-2,-0.420971930027,1.08002984524,2.4795165062,-2.44140982628
32,25,O,13.82212434,13.03590331,10.46254241,-2,-0.395090460777,-2.07673287392,3.9176530838,-3.80612015724
32,26,H,10.64960054,13.85532137,11.14519354,1,0.236479073763,1.33455717564,0.406572252512,0.718634426594
32,27,O,9.8892458,13.60056024,10.66054625,-2,-0.463572531939,-0.652592122555,0.126318141818,-3.3024699688
32,28,H,14.20322122,13.24148222,13.76635153,1,0.235695004463,-2.15193319321,-0.750403285027,0.070019505918
32,29,H,12.66195087,8.87844189,10.88603523,1,0.200495392084,0.0858431607485,0.184215039015,0.0521467402577
32,30,O,14.43817551,10.15686786,9.98893666,-2,-0.50919008255,-3.47885894775,2.8294043541,1.15462815762
32,31,H,13.8550242,7.83909239,10.11894803,1,0.182168960571,-4.13424158096,4.11979198456,0.306977987289
32,32,O,11.50043109,11.50975655,10.8732706,-2,-0.475131690502,1.84150481224,0.275660693645,2.57348203659
32,33,H,13.31575134,10.53219601,9.8473731,1,0.207494735718,5.24191808701,-2.05453562737,0.464847296476
32,34,H,13.99739405,13.35895742,15.78388823,1,0.244480147958,2.73689222336,-0.730913460255,-0.125388294458
32,35,H,8.95595627,9.75845466,14.16228081,1,0.250947922468,0.700962901115,0.00287400465459,-0.917750954628
33,0,O,14.72554211,15.27769477,12.19387698,-2,-0.513846516609,-0.0167087465525,0.909534871578,1.27996385098
33,1,H,13.84485742,11.13689655,13.34867241,1,0.240400657058,0.0943856313825,-0.671021103859,-3.34759664536
33,2,H,13.47968235,14.07942035,9.45194434,1,0.25610819459,1.50764727592,-4.02694559097,4.07961845398
33,3,O,11.79498042,9.41448569,12.72022395,-2,-0.4895170331,-1.98578739166,-1.82220923901,3.1419301033
33,4,H,12.91214486,13.40564398,13.22037673,1,0.2155123353,-0.608720719814,-0.413734942675,0.55806350708
33,5,H,13.31205316,11.33648183,11.83256954,1,0.210254192352,0.0710424408317,0.572386324406,-0.154633879662
33,6,H,10.22140025,13.60263537,12.6472877,1,0.227367430925,-2.51726031303,0.749412357807,-0.497118473053
33,7,H,10.35582062,13.86539557,9.76007665,1,0.256763517857,0.959303021431,0.32300439477,-2.41732144356
33,8,H,11.93215566,9.88828896,11.9673188,1,0.237173393369,0.528890073299,1.86833131313,-3.55966615677
33,9,H,12.59534978,8.936847,12.85564644,1,0.247395321727,0.884302258492,-0.43114066124,0.220989465714
33,10,H,12,12,12,1,0.23410153389,-2.99090862274,-0.603133916855,-5.57988119125
33,11,H,10.27270753,10.5743169,13.45205458,1,0.254447102547,2.02246809006,-1.25112688541,-2.66218948364
33,12,O,13.94215676,10.84566264,12.34224545,-2,-0.427093029022,0.595717668533,0.299382925034,4.40537071228
33,13,H,14.60417329,10.4957998,10.98593454,1,0.178910434246,0.919119596481,-0.585825324059,-1.68597662449
33,14,H,14.85997386,12.65813701,14.79252419,1,0.243982538581,0.208989948034,0.42838254571,1.99967503548
33,15,H,10.68019595,11.9098489,10.42880833,1,0.203398525715,3.16242074966,-0.302791714668,2.66237688065
33,16,O,15.03487871,13.22583077,15.56829033,-2,-0.551187038422,2.99519896507,-1.01262903214,0.0399161204696
33,17,H,11.0273538,12.59490513,13.2817184,1,0.23807258904,0.482158333063,2.8329539299,-0.277589052916
33,18,O,11.11198625,13.57116234,12.90250441,-2,-0.388696312904,1.10743665695,-3.42117786407,2.3831012249
33,19,H,14.8093773,13.70761847,10.46364345,1,0.2016530931,-1.9708135128,-2.24601769447,-0.523706436157
33,20,O,9.7058231,10.63924657,14.15659622,-2,-0.533761799335,-2.21611571312,1.26389718056,3.05629920959
33,21,O,13.40017098,12.9554506,13.93976868,-2,-0.422537535429,1.3720780611,2.21241593361,-2.94191646576
33,22,O,13.89483481,13.19730061,10.4130476,-2,-0.35150539875,0.911858797073,6.3220243454,-3.9608066082
33,23,H,10.65265651,14.00075799,11.20763226,1,0.230990156531,0.929527044296,0.146437034011,-0.0159916784614
33,24,H,14.39789366,14.56374928,11.62384145,1,0.231681227684,-1.20305657387,0.659231126308,0.96170938015
33,25,O,9.96200399,13.80272344,10.58811389,-2,-0.484902232885,-2.0419728756,-0.134806483984,1.2483484745
33,26,H,14.08450263,15.72102664,12.82851981,1,0.263428270817,0.782401800156,-1.34048271179,-1.70691466331
33,27,H,14.28449563,13.42550048,13.65464955,1,0.229632988572,-1.98930883408,-1.02567195892,0.849089801311
33,28,O,14.54034081,10.37801309,9.99249212,-2,-0.530503749847,-5.27157402039,1.86698842049,0.922914266586
33,29,O,11.64923247,11.70108362,10.85851898,-2,-0.416137874126,-0.452672362328,0.564477741718,2.64623188972
33,30,H,13.43147512,10.78753354,9.99553838,1,0.198514699936,4.95170879364,-1.90135478973,-0.835763275623
33,31,H,14.25889602,13.67281498,15.83305393,1,0.257117301226,-1.39700555801,0.275020509958,0.027712456882
33,32,H,8.96953002,10.03400504,14.05703817,1,0.252782821655,0.175250992179,-0.103810049593,-0.316238284111
34,0,H,14.00106868,11.24945537,13.48325454,1,0.233732998371,0.635782897472,-0.229804083705,-0.169003665447
34,1,H,13.89784004,14.3167583,9.73683415,1,0.22822919488,0.0138497631997,-4.28022527695,3.37474513054
34,2,O,12.05306589,9.65864818,12.97868802,-2,-0.473708033562,-1.29232513905,1.88828682899,-1.94102716446
34,3,H,13.05499362,13.65370337,13.60189582,1,0.222619429231,-1.0176306963,0.284597784281,0.202876284719
34,4,H,13.50732222,11.56667598,12.17930677,1,0.216327980161,-0.681462705135,1.42799568176,-1.3627935648
34,5,H,9.64667394,9.9558207,12.77306363,1,0.229963898659,0.420918703079,-0.787486374378,2.37937259674
34,6,H,10.38735835,13.95066292,12.90546185,1,0.239613115788,0.597500383854,-0.114707142115,0.919760465622
34,7,H,11.88374061,14.1630134,8.18052342,1,0.22981646657,-0.17437133193,-1.73912835121,-0.574358701706
34,8,H,10.62919403,14.20886647,9.9158507,1,0.241450071335,-0.5878059268,-0.213922768831,0.687712490559
34,9,H,12.15405522,13.22507726,9.34403389,1,0.228166088462,-0.648015320301,-1.19410777092,-2.99850273132
34,10,H,12.14324586,10.35485482,12.164578,1,0.223208874464,0.47050383687,-3.69167137146,2.603276968
34,11,H,12.86066472,9.22586707,13.30839117,1,0.241421848536,-0.238732859492,0.97378641367,-1.00128889084
34,12,H,8.52491954,9.65675929,11.78805767,1,0.252022653818,-1.06720948219,-0.416154026985,0.0322365537286
34,13,H,12,12,12,1,0.221335440874,-0.0247053466737,1.00756859779,2.73976659775
34,14,O,9.39902378,9.98136995,11.89865626,-2,-0.486235439777,0.283796429634,0.675218760967,-3.64485406876
34,15,H,10.57829582,10.66024283,13.67124893,1,0.218797773123,-1.14617526531,0.235225692391,2.9820830822
34,16,O,14.16133407,11.02492141,12.54518211,-2,-0.429052710533,1.23117935658,-0.38369178772,2.95048594475
34,17,H,14.83805062,10.7061874,11.14750635,1,0.198546141386,2.55008435249,-0.611215770245,3.26866006851
34,18,H,10.95928244,12.06502612,10.95063706,1,0.226010113955,0.896643221378,-0.301853179932,-0.17570617795
34,19,O,11.84715974,13.16742476,8.33060305,-2,-0.480223238468,1.04348623753,2.85965919495,3.52782654762
34,20,H,11.36241595,12.8459223,13.46460593,1,0.253967016935,-0.400274217129,2.85376811028,-0.450019061565
34,21,O,11.34491895,13.824005,13.10570549,-2,-0.403666466475,-1.26400756836,-2.59813761711,1.05611646175
34,22,H,14.94514982,13.91057092,10.62482449,1,0.20524635911,0.459924012423,-1.11966049671,0.954521358013
34,23,O,9.92577969,10.85976313,14.46778221,-2,-0.479563653469,-0.198306292295,-1.33239483833,-2.63799190521
34,24,O,13.62793445,13.19860957,14.22044379,-2,-0.477662473917,-0.270820885897,-0.0563835501671,-0.0824162438512
34,25,O,14.11014495,13.40105884,10.60070501,-2,-0.359338730574,-0.277826726437,5.81563520432,-4.24911499023
34,26,H,10.85090652,14.18045221,11.5001309,1,0.214723452926,-0.862889170647,-0.226672932506,-2.33124184608
34,27,O,10.16795266,14.02862724,10.76187779,-2,-0.488550454378,1.26185452938,0.618170082569,0.679030895233
34,28,H,14.41231864,13.53985498,13.82021818,1,0.247632578015,1.78309857845,-0.0603300854564,0.135527312756
34,29,O,14.76518044,10.63794775,10.24111799,-2,-0.561725258827,4.26973867416,-2.147138834,-3.39953613281
34,30,O,11.9337519,11.92043482,11.09262846,-2,-0.397262305021,-1.53147041798,-0.780610859394,-2.94965624809
34,31,H,13.95096844,10.95231422,10.34983965,1,0.239716753364,-6.05650997162,2.18349480629,-1.57450401783
34,32,H,9.09222003,10.32755053,14.21562498,1,0.224440515041,1.82217931747,1.46189117432,1.04801785946
35,0,H,10.06650009,15.64327363,9.72145298,1,0.231973662972,-1.23645973206,-2.81594586372,-0.317835837603
35,1,H,13.68435584,16.528177,8.43384422,1,0.173546284437,3.38663458824,-1.69718205929,-0.720126211643
35,2,H,14.24626274,11.26868076,13.44696225,1,0.241304457188,0.282742738724,-0.0463735051453,3.25821375847
35,3,O,12.33345172,9.88089391,13.02941963,-2,-0.423234790564,0.168413370848,0.0549011826515,0.698134243488
35,4,H,13.15525348,13.86295366,13.78452066,1,0.223632246256,1.16472530365,0.0314951352775,1.00024294853
35,5,O,10.09505649,16.55120969,9.82413877,-2,-0.334283471107,-1.67252087593,3.9992454052,5.57848739624
35,6,H,13.70603858,11.83686546,12.24853935,1,0.216764211655,2.14511156082,-1.09227359295,-0.079147875309
35,7,H,9.96064791,10.23349273,12.87281015,1,0.227747559547,-1.85158360004,-0.865274727345,-2.66300630569
35,8,H,10.57957267,14.24308367,13.00708003,1,0.253019660711,3.05474472046,-0.926626443863,1.20723080635
35,9,H,10.95053597,14.47110495,9.89684372,1,0.243856415153,-0.766035079956,-1.71853864193,2.08819627762
35,10,H,12.38953626,10.61508867,12.30575991,1,0.218817412853,1.38173449039,-3.45938205719,1.72081339359
35,11,H,13.18630014,9.48872546,13.52357616,1,0.238637730479,-2.63080453873,2.05908298492,-2.49281167984
35,12,H,8.68885514,10.01163025,11.78334431,1,0.249667793512,0.274058163166,0.0667109638453,0.764980018139
35,13,H,15.10053777,16.90350622,7.63362535,1,0.224555820227,-1.26349854469,-2.87144207954,2.04188013077
35,14,O,12.29918329,16.18347985,8.8017443,-2,-0.487712949514,-4.39827680588,2.27660894394,-1.11636614799
35,15,H,9.95500234,16.5822099,10.96861019,1,0.281743317842,0.741414785385,0.166737407446,-5.25190258026
35,16,H,12,12,12,1,0.221405625343,1.99437987804,-0.149012878537,3.64188241959
35,17,O,9.63143623,10.16793726,11.92025156,-2,-0.481702268124,1.20815312862,0.386202245951,0.688719391823
35,18,O,14.68219372,16.11796968,8.21733252,-2,-0.558713555336,-0.963017404079,4.50338506699,-1.58277761936
35,19,H,11.27321952,16.5910335,9.20070188,1,0.172093853354,2.73575401306,0.371121287346,-2.14797210693
35,20,H,10.85598826,10.72506931,13.80694492,1,0.199611097574,-1.20432770252,0.606530487537,3.06692385674
35,21,O,14.41074968,11.17557763,12.54990749,-2,-0.429096341133,-1.21275985241,2.19402980804,-1.37898218632
35,22,H,15.24529364,10.86601628,11.24008035,1,0.21107929945,0.925332725048,-0.494570374489,-1.49619758129
35,23,H,11.31022901,12.17941997,11.26854733,1,0.224091053009,-3.05146336555,0.655573606491,-3.51098465919
35,24,H,11.70210989,13.18683692,13.43041085,1,0.257557630539,-0.533429741859,-2.79647397995,1.50848579407
35,25,O,11.60449847,14.03787206,13.10668016,-2,-0.399835258722,-3.64715790749,3.74032855034,-1.58387970924
35,26,O,10.17938884,11.04532722,14.56072752,-2,-0.436379790306,-0.686540603638,-1.86899793148,-3.4525077343
35,27,O,12.59064648,11.61922124,15.76742081,-2,-0.537207782269,1.97921335697,1.40287327766,-3.59076452255
35,28,O,13.87912065,13.41302348,14.2911277,-2,-0.423786580563,-0.946693062782,0.708824813366,-0.82464069128
35,29,H,11.0477155,14.31861757,11.46229644,1,0.205786153674,0.382365018129,-0.119553014636,-0.722040653229
35,30,O,10.40882947,14.22079108,10.73372291,-2,-0.43345874548,1.11214196682,0.291960269213,-1.92874848843
35,31,H,12.24182615,11.37117497,14.84404311,1,0.221518442035,0.615714788437,0.1356369555,2.59966659546
35,32,H,13.37381684,12.24963875,15.41873039,1,0.205290496349,-2.41213488579,-1.86265575886,1.62243366241
35,33,H,14.65461938,13.59100292,13.76978805,1,0.252951353788,0.804669141769,0.0530303791165,-0.205224126577
35,34,O,15.03495958,10.86338155,10.27485843,-2,-0.572751998901,1.44159328938,-0.386126041412,0.567506551743
35,35,O,12.24495199,12.1057285,11.10987612,-2,-0.390048205853,0.330450564623,-0.166678696871,-0.661191701889
35,36,H,14.17476329,11.19491607,10.43219819,1,0.241492986679,-1.63469421864,0.447519719601,-1.08729255199
35,37,H,9.30450111,10.60797241,14.22747583,1,0.220172166824,2.01779794693,1.34146690369,1.47689080238
35,38,H,12.233914,15.80858287,9.62599393,1,0.249895080924,1.96425235271,-2.15615940094,3.28371143341
36,0,H,10.22724261,15.74876467,9.63041972,1,0.230100274086,-0.974458515644,2.45926761627,-0.631123185158
36,1,O,8.79481586,12.79768913,9.77271603,-2,-0.440145730972,5.1808052063,0.263078570366,-1.76412820816
36,2,H,14.44429594,11.24551062,13.30749592,1,0.239604353905,0.653601050377,0.654003441334,-2.78089642525
36,3,O,12.51864443,10.09441112,12.81326318,-2,-0.432404011488,-1.33328866959,-8.37879657745,8.47039890289
36,4,H,13.20841003,14.04562112,13.7290719,1,0.223332822323,1.9673794508,0.450034707785,0.0507856234908
36,5,O,10.27599702,16.7693121,9.59802358,-2,-0.342856824398,-2.22277092934,-1.8817731142,1.4008462429
36,6,H,13.91298656,12.05200359,12.03062921,1,0.210466459394,1.41576623917,-1.01587080956,0.344104379416
36,7,H,9.85126591,13.19913451,9.93823513,1,0.198549047112,-4.45739459991,-0.796340346336,0.346448808908
36,8,H,10.08933981,10.44771038,12.56220592,1,0.211742013693,-0.512065112591,-0.606890201569,-0.0863404795527
36,9,H,10.80080012,14.46261674,12.89320961,1,0.246218964458,0.607395172119,-0.504741609097,0.866147994995
36,10,H,11.14287198,14.64218383,9.71040635,1,0.254619240761,1.05043828487,-0.690052092075,-1.2323050499
36,11,H,12.59790689,10.72555311,12.25829467,1,0.223417773843,2.47822928429,5.61222171783,-6.13945293427
36,12,H,13.33413866,9.80252324,13.36065522,1,0.245821505785,-2.14490103722,1.16009640694,-2.11480784416
36,13,H,8.72110866,10.38993972,11.55746481,1,0.164445817471,2.82759809494,0.682253956795,0.901904523373
36,14,H,6.93728494,10.84942712,11.39482818,1,0.257329553366,-2.50202465057,-1.25571656227,-0.584280908108
36,15,O,12.47618246,16.33675275,8.56259278,-2,-0.56975877285,-3.0549826622,-0.425653457642,3.62113857269
36,16,H,10.01521532,16.84337557,10.53992387,1,0.265158087015,0.413646787405,0.99405837059,-0.484708338976
36,17,H,12,12,12,1,0.196629464626,2.64036750793,0.642127156258,-2.8392572403
36,18,H,9.1088097,12.21020965,13.46881553,1,0.202462777495,1.39237987995,-3.35965943336,2.68771409988
36,19,O,9.78298427,10.34509619,11.67032275,-2,-0.500838637352,-0.445728838444,-0.573657810688,-1.43807721138
36,20,H,11.45733689,16.69497308,9.04943628,1,0.132077813148,3.73789978027,-0.0126086790115,-2.27840781212
36,21,H,10.98518467,10.80742692,13.81961629,1,0.210529133677,1.67315852642,-1.3393419981,-0.569976747036
36,22,H,9.17619105,12.26755878,9.0122562,1,0.22220313549,-1.59303474426,0.179989993572,0.823872745037
36,23,O,14.56143995,11.32772347,12.27923054,-2,-0.436457246542,-0.803017139435,1.47826576233,4.46768379211
36,24,H,15.62941313,10.99928654,11.00653927,1,0.220688462257,-1.82422566414,0.387090921402,-3.50117993355
36,25,H,7.81627825,11.96437511,10.808464,1,0.216910272837,0.282237231731,0.0195693410933,-0.123412765563
36,26,H,11.45987497,12.30164166,11.15707138,1,0.193680495024,0.828435957432,0.337369531393,-3.04833555222
36,27,H,11.91152461,13.39530902,13.19324192,1,0.249247178435,-0.667439818382,-1.16031599045,0.608468592167
36,28,O,11.76152359,14.25185691,12.83074002,-2,-0.403627574444,-1.18097484112,1.76109063625,-0.874100625515
36,29,O,10.34381464,11.21699994,14.36323453,-2,-0.418946802616,-1.42157328129,0.641674876213,1.01622962952
36,30,O,12.75399099,11.80058114,15.50412275,-2,-0.524433553219,-0.342316001654,-0.993634164333,1.13654601574
36,31,O,7.66620793,11.37898302,11.57515023,-2,-0.388870686293,-0.370918661356,0.42862200737,0.251545876265
36,32,O,14.02793836,13.62013701,14.08333991,-2,-0.442667067051,1.91843593121,0.108458206058,-1.77508759499
36,33,H,11.1797145,14.44884312,11.12091569,1,0.223744541407,1.72969591618,-0.213634371758,2.32618069649
36,34,O,8.81383068,12.93833749,13.05849618,-2,-0.488765001297,0.272905766964,4.99403953552,-4.25758361816
36,35,O,10.56416185,14.4026097,10.42707985,-2,-0.325564563274,-0.77097928524,-0.00862000416964,-1.32403111458
36,36,H,12.42688593,11.7272984,14.63352702,1,0.232044622302,-1.29352140427,-0.996462464333,-1.20193016529
36,37,H,13.34427477,12.48462322,15.27481407,1,0.215991318226,1.93476879597,1.66299700737,0.600844979286
36,38,H,14.85038823,13.62532028,13.43345881,1,0.252657085657,-2.98026537895,0.319345623255,1.75302565098
36,39,O,15.22246026,11.07811712,10.03531195,-2,-0.567677378654,-3.13681912422,1.532315135,2.13961577415
36,40,O,12.46094913,12.2789556,10.84921576,-2,-0.365686833858,-4.25035762787,-0.807490110397,5.48277902603
36,41,H,14.12071343,11.48967639,10.18887213,1,0.220454007387,5.53825569153,-2.2350332737,-0.872140169144
36,42,H,9.50141548,10.87432786,14.03627695,1,0.233326151967,0.0604049898684,-0.574396312237,0.734804213047
36,43,H,9.28468927,12.80596903,12.17238008,1,0.225703477859,-1.49348640442,0.428046792746,1.54471564293
36,44,H,12.62444633,15.86861524,9.43966657,1,0.229544848204,1.17273938656,0.634671092033,-1.65423750877
37,0,O,14.98598969,9.0957558,12.41969253,-2,-0.486330091953,1.44640791416,1.12918841839,-0.0649520978332
37,1,O,8.86338231,13.02153122,9.56801682,-2,-0.441817343235,-0.52884888649,-1.28863739967,-1.58398044109
37,2,H,14.60052134,11.22827242,13.10465784,1,0.265903711319,0.0924598425627,2.12866926193,-3.72032570839
37,3,O,12.60445293,10.27108786,12.65340845,-2,-0.40697273612,-5.57400226593,2.084430933,-2.59224915504
37,4,H,14.09164326,12.20897929,11.84794038,1,0.23552967608,-1.15277504921,1.99499762058,-0.524753034115
37,5,H,9.66124296,13.51377357,9.78044203,1,0.175779342651,0.375457465649,1.06558597088,0.863272070885
37,6,H,10.10159033,10.6177719,12.29767901,1,0.218080535531,1.33517515659,0.00741624459624,3.27668905258
37,7,H,10.94893923,14.63185611,12.84234789,1,0.248197451234,-2.28296756744,0.439207106829,0.914433181286
37,8,H,11.28684778,14.74439194,9.50145901,1,0.248191595078,0.501446187496,0.199221923947,-1.64428818226
37,9,H,12.81797449,11.02585075,12.02047016,1,0.190321549773,0.0667862221599,-2.09655451775,0.409406960011
37,10,H,13.32654805,10.12027424,13.15169014,1,0.227359071374,3.66601610184,-1.359998703,2.35254025459
37,11,H,8.78687932,10.79843567,11.41486238,1,0.106566637754,2.6906645298,-0.528776884079,0.0107284300029
37,12,H,6.92187624,10.96292972,11.17300835,1,0.27004057169,3.16594791412,2.41531133652,0.679556190968
37,13,H,12,12,12,1,0.122188776731,1.54619860649,0.580100893974,-3.0771048069
37,14,H,9.11080421,12.21555966,13.25075033,1,0.199971631169,-0.594137787819,2.72474360466,-1.05440950394
37,15,O,9.84311172,10.50351095,11.44552147,-2,-0.519419789314,-1.60760843754,-0.449970602989,-3.64333558083
37,16,H,15.02742404,10.0789448,12.16196152,1,0.167417019606,0.00962016172707,-2.87426185608,-0.569798946381
37,17,H,11.10180822,10.80473526,13.85162536,1,0.218422219157,0.353057205677,-1.03684008121,-0.231381013989
37,18,H,9.2364729,12.58784711,8.78267048,1,0.240450561047,-0.806919932365,-0.367774963379,0.0888970941305
37,19,O,14.61639887,11.47200433,12.05563747,-2,-0.374813348055,2.7970468998,-1.04408311844,4.45276165009
37,20,H,7.90021552,12.07265852,10.62063207,1,0.22613209486,0.863828420639,2.94874095917,-4.08126688004
37,21,H,11.57459635,12.41515111,10.91237449,1,0.186249643564,1.07536995411,0.412380725145,-2.01566958427
37,22,H,11.98832146,13.51404874,13.01658885,1,0.250010490417,-0.580606222153,3.20330309868,-1.22741901875
37,23,O,11.82425131,14.45452523,12.58534106,-2,-0.436702460051,2.51736402512,-3.19948601723,1.04053342342
37,24,O,10.41694587,11.37750191,14.19077327,-2,-0.414894998074,1.15816533566,1.05444848537,1.25584328175
37,25,O,12.82226991,11.96433443,15.27803707,-2,-0.493146538734,0.730318665504,0.400281339884,-0.1312161237
37,26,O,7.79503383,11.57475368,11.36096329,-2,-0.296522706747,-7.11524009705,-5.53293848038,2.77853798866
37,27,H,11.29150096,14.55626372,10.91361754,1,0.213307589293,-1.3021273613,-0.324841797352,-0.4646743536
37,28,O,8.90237641,13.10356031,12.82999054,-2,-0.476172208786,2.05385756493,-0.848305523396,-1.19819700718
37,29,O,10.62855914,14.56629964,10.15036391,-2,-0.395758897066,1.82053101063,0.968952834606,2.1480281353
37,30,H,12.46201963,11.99081268,14.39971743,1,0.242987498641,-0.753322958946,-0.613473176956,-0.411440342665
37,31,H,13.32526606,12.77818901,15.2157545,1,0.250868052244,0.505348563194,0.377495348454,0.804759144783
37,32,O,12.57198334,12.43278636,10.63645689,-2,-0.460443794727,-3.23547840118,-1.35251331329,4.70035171509
37,33,H,9.59066792,11.05897699,13.90048228,1,0.236925020814,-1.20730400085,-1.54011631012,0.0648528411984
37,34,H,9.33749369,12.97201541,11.90835951,1,0.227157354355,-1.25694000721,0.423323184252,2.22943902016
37,35,H,15.92519079,8.82730978,12.35617638,1,0.234936803579,-0.772790253162,-0.0992261767387,0.1658308357
38,0,O,15.02828857,9.23567975,12.24043243,-2,-0.46326854825,-1.72475278378,3.46861696243,0.0111215896904
38,1,O,8.88243346,13.20524369,9.42164788,-2,-0.437215149403,-4.05923032761,-3.32988524437,-1.27658045292
38,2,O,13.60040549,9.52111663,9.59880113,-2,-0.438570618629,2.43933987617,-0.0599725991488,0.821665644646
38,3,H,14.72052892,11.2828293,12.82830173,1,0.258161842823,-0.270419239998,2.16960024834,0.7755843997
38,4,O,12.627178,10.41125008,12.55529295,-2,-0.382013618946,-0.135041862726,2.88397979736,-1.43736314774
38,5,H,14.53852506,7.59425028,9.65847253,1,0.28273883462,-0.147707805037,-0.786382079124,0.680099666119
38,6,H,14.16453795,12.40924273,11.70818272,1,0.248151376843,0.0805901512504,0.290134102106,-0.00456546247005
38,7,H,9.44147592,13.85042676,9.7542302,1,0.20403239131,2.41349196434,2.31675744057,0.614292085171
38,8,H,10.13472159,10.75261941,12.23817359,1,0.196472704411,0.0187667738646,-0.800999462605,-2.61420345306
38,9,H,13.15437942,9.02101996,8.38978698,1,0.153806492686,-1.86267006397,0.350700080395,-4.07231521606
38,10,H,10.95559087,14.78837799,12.875396,1,0.243835926056,1.54275774956,0.0995525494218,-1.10599207878
38,11,H,11.41174837,14.78273366,9.26050292,1,0.238164067268,-2.12468719482,-0.369108766317,1.15151977539
38,12,H,12.98763777,11.25075923,11.84539034,1,0.204296156764,-1.33114111423,-3.12119102478,1.44056677818
38,13,H,13.42210257,10.34240721,13.10911381,1,0.22079564631,-0.844264566898,-0.682958483696,-0.0699410438538
38,14,H,8.9486252,11.16134524,11.33086768,1,0.104546129704,1.65791344643,-1.70922982693,-0.669106066227
38,15,H,7.01419771,11.18273834,11.06754709,1,0.259535849094,1.69976985455,0.770273864269,0.426525533199
38,16,H,16.0950976,7.82383192,10.11457419,1,0.283423423767,0.274828970432,-0.737513959408,0.878274917603
38,17,H,12,12,12,1,0.0855770111084,1.09325826168,0.0893133059144,-2.23839831352
38,18,H,9.03634994,12.30136968,13.05455451,1,0.214467689395,-0.397250950336,2.90251302719,-1.15972542763
38,19,O,9.85300421,10.62374896,11.27247742,-2,-0.497605681419,1.26807141304,0.668856143951,2.96722483635
38,20,H,15.10124554,10.291893,12.04521411,1,0.149813741446,-0.355630666018,-4.59715604782,-1.00084519386
38,21,H,11.19319723,10.72674997,13.92121933,1,0.223436638713,-2.94660902023,2.45622706413,0.500675618649
38,22,H,9.22084296,12.83842503,8.60925544,1,0.260229170322,0.388040423393,0.0424368716776,-0.109597861767
38,23,O,14.63148985,11.57893886,11.91464857,-2,-0.319960147142,1.746920228,1.54735398293,-0.370079606771
38,24,H,7.96788864,12.25977282,10.32294148,1,0.225090682507,0.399123907089,-0.487135827541,1.6401758194
38,25,O,15.38444528,8.01659605,9.52831016,-2,-0.357046306133,0.909182548523,0.585983335972,-1.73772144318
38,26,H,11.72308532,12.48372678,10.62469786,1,0.208681747317,-3.93954253197,-0.0116163305938,-0.929430961609
38,27,H,11.97736659,13.71040849,12.81974002,1,0.249954402447,0.203538954258,1.32412362099,-0.947437822819
38,28,O,11.84635555,14.6120052,12.40809431,-2,-0.425323933363,-2.00026917458,-1.10400474072,2.49164295197
38,29,O,10.44997746,11.50770946,14.07581504,-2,-0.392248153687,1.35071575642,-3.4724009037,-0.504832804203
38,30,O,12.84094983,12.09308966,15.12040587,-2,-0.474745154381,1.54391956329,3.83605957031,-1.56716620922
38,31,O,7.85568213,11.71919721,11.22129551,-2,-0.328545510769,-5.41462278366,0.464872449636,-2.9164788723
38,32,H,12.65868579,8.15465464,6.73510043,1,0.223970159888,0.299142211676,1.44067692757,1.20025479794
38,33,H,11.2974491,14.61191152,10.76746618,1,0.209571570158,-1.86457538605,0.0734484344721,-1.58216321468
38,34,O,8.95172649,13.22948108,12.66440536,-2,-0.488424539566,-0.106971174479,-0.427201420069,4.15660047531
38,35,O,10.65554634,14.69352897,9.94455531,-2,-0.4109364748,5.05803775787,1.26093494892,0.796078264713
38,36,H,12.42880644,12.15783469,14.19429168,1,0.240386739373,0.853326380253,0.0413870699704,2.30029845238
38,37,H,13.3325197,13.05077,15.25166872,1,0.237018376589,-1.94634592533,-3.67599225044,-0.537993609905
38,38,H,13.20346546,9.75205282,10.48139406,1,0.253532290459,0.491642743349,-0.589494884014,-1.59345602989
38,39,H,14.74551134,9.1887541,9.60301624,1,0.224502846599,-3.75903153419,1.02185571194,0.444900363684
38,40,O,12.62622482,12.54733403,10.50064878,-2,-0.576558172703,2.61969041824,-0.900918006897,3.60753631592
38,41,H,9.57003776,11.10484667,13.82157504,1,0.227035865188,1.62142968178,-0.0980619937181,0.983444571495
38,42,H,9.27634815,13.13267526,11.81429297,1,0.238635063171,0.858156085014,-0.296351075172,-2.6622402668
38,43,O,12.7623841,9.05543223,7.15430043,-2,-0.612681210041,1.17322671413,-1.46165907383,3.05881071091
38,44,H,15.92264436,9.06663112,12.19312896,1,0.235278248787,3.22588300705,-1.38642334938,0.160341143608
39,0,O,15.02076178,9.36584029,12.13729067,-2,-0.43563836813,1.64471817017,-6.72691106796,1.51491641998
39,1,O,13.60404198,9.62357698,9.52795512,-2,-0.332763433456,-1.45069563389,0.489242821932,-0.287633359432
39,2,H,14.78340687,11.41683575,12.7273746,1,0.248486891389,0.544651865959,1.24445140362,2.76396584511
39,3,O,12.60551381,10.53283331,12.53394526,-2,-0.359895706177,2.46543574333,2.13556814194,0.995060920715
39,4,H,14.18111805,12.58446272,11.65325407,1,0.249284490943,0.994359493256,-1.69033420086,0.474664062262
39,5,H,10.14513387,10.83518866,12.15255698,1,0.204167306423,0.0264421943575,-0.885453641415,-2.43096113205
39,6,H,13.10724346,9.13036888,8.38315442,1,0.167162597179,-1.67218017578,0.484855353832,-4.42451238632
39,7,H,10.98736423,14.94368766,12.91679277,1,0.24485757947,2.26768255234,0.106378898025,-1.91691982746
39,8,H,13.03788255,11.26679851,11.85677228,1,0.185778677464,-0.386990576982,-2.41159892082,0.551724076271
39,9,H,13.46494595,10.49614293,13.17336396,1,0.225103095174,-3.63983249664,-0.520317077637,-1.94539308548
39,10,H,9.14960339,11.43144772,11.28113702,1,0.140345305204,0.533872783184,-1.39068877697,-0.613933980465
39,11,H,7.10643044,11.43305602,11.07972566,1,0.272448897362,-6.72174310684,-3.83436179161,-0.726267158985
39,12,H,12,12,12,1,0.176103979349,0.818837583065,0.366016387939,-2.61840844154
39,13,O,9.82687862,10.71752956,11.1882018,-2,-0.488916903734,2.5989677906,0.465289443731,3.19792580605
39,14,H,15.11631588,10.21626522,11.97889708,1,0.1794488132,-0.183634400368,5.67061519623,-2.25076675415
39,15,H,11.09409758,10.77263139,14.08811785,1,0.2242012918,-1.81143057346,2.5973098278,-0.0640768930316
39,16,O,14.60941069,11.66569825,11.85717935,-2,-0.373365044594,0.0933636724949,3.89737439156,-3.33663368225
39,17,H,8.00823003,12.38915888,10.18065384,1,0.283628970385,-0.940132915974,-2.45956778526,4.39204597473
39,18,H,11.68318262,12.50505049,10.37354704,1,0.196588754654,-0.0911771431565,0.266770035028,-0.765196084976
39,19,H,11.92806723,13.89671425,12.63780309,1,0.266350567341,1.04384124279,-3.59974789619,0.513822138309
39,20,O,11.82033014,14.74007788,12.32151979,-2,-0.5101775527,-3.45877456665,3.76551914215,1.45720541477
39,21,O,10.44966506,11.60284689,14.03072489,-2,-0.400174438953,-1.17054665089,-4.44345712662,-0.509522616863
39,22,O,12.81778066,12.2066099,15.04511894,-2,-0.488741070032,1.52880716324,1.86319637299,0.765970051289
39,23,O,7.8592399,11.8396852,11.15882639,-2,-0.361009418964,4.71696329117,8.26538944244,-4.04707431793
39,24,H,12.56962082,8.30391457,6.66186389,1,0.210791707039,0.553561031818,2.333548069,1.44536697865
39,25,H,12.41309428,12.27496948,14.16706454,1,0.245406836271,0.191363573074,0.585433006287,0.613044798374
39,26,H,13.2257091,13.1012022,15.33980327,1,0.246597334743,-1.25705420971,-2.2664372921,-1.17744719982
39,27,H,13.11424419,9.79439097,10.36804112,1,0.282506942749,1.04060959816,-0.609507739544,-0.882557630539
39,28,H,14.49238462,9.30316558,9.5090373,1,0.274484276772,0.705830097198,-0.146311223507,1.16853904724
39,29,O,12.64322869,12.63186594,10.45847895,-2,-0.619050562382,-1.43201732635,-1.5575221777,4.32633781433
39,30,H,9.55428571,11.09065539,13.85005171,1,0.229466930032,2.35904693604,1.79275465012,0.726992070675
39,31,O,12.75593513,9.22917859,7.07000305,-2,-0.622385799885,0.679643511772,-2.66391348839,2.85168218613
39,32,H,15.98661727,9.19903377,12.12739412,1,0.238906994462,-0.591787755489,-1.12358236313,0.238041490316
40,0,H,10.51647556,12.09969876,6.47000556,1,0.260910153389,3.59351825714,2.24204945564,1.23650574684
40,1,H,11.16566502,14.25053969,9.35611645,1,0.242518812418,-0.443674981594,-1.08620691299,-0.177809342742
40,2,O,7.6554272,12.00865242,12.27526221,-2,-0.444653272629,4.61809778214,-0.418620795012,1.04405450821
40,3,O,16.00539792,13.92581498,15.38297271,-2,-0.58678817749,-0.678470015526,1.83829784393,-1.48810184002
40,4,H,16.25139955,14.8313303,15.58007863,1,0.243033930659,0.608761787415,0.265813529491,0.53402453661
40,5,O,11.97296894,8.56191051,8.88353384,-2,-0.543229103088,-0.115663737059,2.07676815987,0.660468935966
40,6,H,15.62859563,9.01422896,11.76245783,1,0.253891468048,-4.64347076416,-0.467101871967,-4.27996778488
40,7,O,11.20427411,8.23380193,16.82774755,-2,-0.373983621597,-1.77493453026,0.659920811653,-1.29918766022
40,8,H,14.15914252,11.71386238,12.60812816,1,0.308183908463,0.206254556775,-2.4191262722,-0.364644378424
40,9,H,14.20203092,13.75763173,14.77395705,1,0.246098339558,-1.99416232109,0.734038710594,1.05087649822
40,10,O,10.24797823,11.54416797,12.05273363,-2,-0.439723670483,4.88550710678,2.28855037689,0.152788028121
40,11,H,9.44649772,11.22042221,12.00364487,1,0.23059643805,-5.25623083115,-2.09770107269,-0.987179219723
40,12,H,14.68959631,11.03016353,10.05881774,1,0.238232135773,-0.00714965723455,-1.30601787567,-0.804494440556
40,13,H,11.53948422,9.8788404,10.63662047,1,0.230042055249,0.128114596009,0.358929008245,0.00234447792172
40,14,H,12.03676952,12.87155619,13.31713463,1,0.216570168734,-1.94165849686,0.969613492489,1.1064671278
40,15,O,10.89943839,14.81776896,11.22859136,-2,-0.30335611105,-4.34095907211,1.93699574471,3.95778441429
40,16,H,16.82426539,9.60173168,12.00649462,1,0.257179826498,1.00622677803,0.253720730543,0.505651116371
40,17,H,12.14776525,13.19823191,6.92054777,1,0.262007445097,-2.19528031349,-1.85178732872,-1.09893321991
40,18,H,10.24040219,7.38170122,10.18170793,1,0.24484321475,1.32216358185,-2.21103906631,-0.55146163702
40,19,H,13.50482327,12.68222339,13.86201621,1,0.24701115489,-0.55595010519,0.319705754519,0.404944449663
40,20,O,10.98373582,6.74740578,9.87032139,-2,-0.619329690933,-8.61929607391,-5.97756481171,4.99233865738
40,21,H,10.99815833,15.59956485,10.74587236,1,0.255691289902,0.234593421221,2.42475032806,-1.07597947121
40,22,H,12,12,12,1,0.298971444368,2.97583127022,2.73620676994,-1.9637362957
40,23,H,10.43196357,15.00770912,12.19856104,1,0.300617873669,1.45478308201,-0.863623440266,-2.23218417168
40,24,O,12.14438486,9.44795249,11.25327059,-2,-0.408377081156,2.6222140789,-0.988035261631,-0.618111670017
40,25,O,11.25790667,13.13406616,13.91916611,-2,-0.52755689621,3.45851182938,4.01196908951,-0.929492235184
40,26,H,13.11845829,8.50969411,14.83701208,1,0.230069473386,-1.7389550209,-0.682549774647,-1.33792936802
40,27,O,12.34699021,12.95386015,11.12805742,-2,-0.767007529736,-3.02264642715,-3.82732629776,0.295951008797
40,28,H,12.53989933,10.38486123,12.51123882,1,0.166764855385,-0.706918776035,-3.2750043869,-2.32478737831
40,29,O,10.90244443,13.32165123,9.18997987,-2,-0.45726275444,-0.891873657703,2.3332798481,1.8314974308
40,30,H,11.65378832,8.51960206,15.82765973,1,0.281025350094,-0.012192837894,-1.02497601509,-0.337763190269
40,31,O,14.88261286,11.90375112,10.33923524,-2,-0.574369192123,-1.3945183754,1.36053133011,0.962692022324
40,32,H,10.87460398,12.32662515,13.95124341,1,0.225817173719,-2.48794484138,-3.77034568787,0.154883772135
40,33,H,15.38426564,14.11130121,14.58560224,1,0.252942025661,3.29788017273,-0.564141571522,1.52409768105
40,34,H,8.28916816,11.20137144,12.4221751,1,0.26922339201,-2.79670953751,1.27700591087,-0.43724656105
40,35,O,10.67197786,10.17477867,14.46126225,-2,-0.481695353985,-0.98228853941,0.595654964447,2.54633641243
40,36,H,10.84512624,9.90613326,13.58324838,1,0.238240659237,-0.198244825006,0.735225379467,-1.80626881123
40,37,H,12.00659626,9.29743067,9.57836456,1,0.254974663258,0.94918102026,-1.71779644489,-3.29128551483
40,38,H,11.75488761,8.94430802,14.02776967,1,0.243375003338,1.64153754711,-1.84480452538,1.30599021912
40,39,O,14.91743232,10.94241802,12.67389222,-2,-0.334625244141,2.39114999771,0.0347140058875,-1.63650631905
40,40,H,5.44253689,10.52230762,13.10919114,1,0.224425643682,0.752908110619,0.62676179409,-3.77869820595
40,41,H,11.60073945,14.14234199,11.07644417,1,0.237153559923,2.73383951187,-2.97587776184,1.13712918758
40,42,H,13.99973766,12.14783899,10.78483879,1,0.22424647212,1.20871722698,0.348191201687,-1.1897277832
40,43,O,11.33497787,12.56529967,7.0667189,-2,-0.464854925871,-0.984781622887,-0.716048955917,-1.90653574467
40,44,O,14.27412164,12.9162723,14.37406007,-2,-0.525770366192,-0.318875133991,-2.48194503784,-1.43002486229
40,45,H,10.92338162,13.24471888,8.22931532,1,0.218479096889,0.0799943432212,-1.49024128914,-1.35446035862
40,46,O,5.74730693,10.75693189,12.10185209,-2,-0.653798520565,-1.35907614231,-1.15673303604,4.31001663208
40,47,H,12.46022156,8.50844215,8.07296347,1,0.267457813025,0.586760163307,0.960638523102,-0.293530285358
40,48,H,11.85005349,7.81265596,17.40741894,1,0.275754719973,-0.00856483541429,-0.748221218586,0.206796243787
40,49,H,14.91661956,10.83802724,13.60592416,1,0.264105081558,0.269017994404,-0.134403407574,1.98691797256
40,50,O,12.76956817,11.09563585,13.00393901,-2,-0.811042189598,-1.61557102203,4.89402103424,2.84046888351
40,51,H,7.88627782,12.37990567,13.13284362,1,0.280708551407,-0.353832364082,1.00897634029,0.323630690575
40,52,H,13.15967267,9.39636963,10.86920163,1,0.23353895545,-3.28697371483,0.263079792261,0.930690169334
40,53,H,14.73951652,9.96884664,12.34487455,1,0.252285480499,-0.383627414703,2.50657701492,0.836199343204
40,54,H,6.5819514,11.33531771,12.31992921,1,0.172629654408,-2.69907236099,-1.32245028019,-0.709454774857
40,55,H,11.36459706,10.81812856,14.71865183,1,0.242093682289,-0.14345869422,-0.482394129038,-0.656999886036
40,56,O,16.28101122,8.87970486,12.32880392,-2,-0.549263715744,4.38148403168,-0.878528296947,3.25478601456
40,57,H,11.48438611,7.36497691,9.5935003,1,0.216334074736,6.14131784439,5.9260468483,-3.37681317329
40,58,H,10.78587421,10.87104232,11.65790887,1,0.221148997545,0.485589444637,-0.475660264492,-0.135838374496
40,59,O,12.20227378,8.16569841,14.5259252,-2,-0.474671363831,1.37711691856,1.92416787148,1.03651380539
40,60,H,10.37300734,7.70508309,16.53404058,1,0.289372563362,1.67588746548,0.486379235983,0.939467489719
40,61,H,11.51203995,12.71759155,10.23615722,1,0.222791939974,2.86606645584,0.857693076134,1.80284070969
41,0,H,10.44571514,11.88772161,6.27555137,1,0.279542028904,3.7215359211,1.77143287659,1.89011204243
41,1,H,11.16392683,13.8790396,9.32105255,1,0.248164519668,-0.505770385265,-1.3460675478,-1.62678098679
41,2,O,7.5364936,11.67959255,12.22445873,-2,-0.349362313747,2.85270619392,-2.91859292984,-1.88457608223
41,3,O,15.91755861,13.57419211,15.27589722,-2,-0.597148954868,4.1922416687,-0.451956927776,3.96884202957
41,4,H,16.13246239,14.44479522,15.53994868,1,0.250058144331,0.284312725067,1.28501498699,0.300937473774
41,5,H,8.50761106,12.21981044,10.90227331,1,0.190698087215,0.02736043185,1.13095104694,-1.42275607586
41,6,O,11.90665676,8.23870476,8.79262348,-2,-0.434327185154,0.0338165983558,-1.00003099442,-1.9833701849
41,7,H,15.45636398,8.73560567,11.45198808,1,0.248901069164,2.83333420753,-1.57158172131,2.3130273819
41,8,H,14.11052581,15.91760524,14.16247278,1,0.280446618795,0.23552531004,-2.57088899612,3.57380819321
41,9,H,14.10151653,11.15051695,12.51284694,1,0.248183146119,-3.85047292709,1.528886199,-0.150093898177
41,10,H,14.07551616,13.40121894,14.68734974,1,0.210629433393,-2.10445094109,0.33857229352,0.8234603405
41,11,H,13.16903624,15.73876722,15.17084445,1,0.231994718313,-4.59853792191,2.63874793053,2.30441403389
41,12,O,10.23521616,11.20305988,12.01119178,-2,-0.417242705822,-5.20889472961,0.0940952375531,1.24301278591
41,13,H,9.24590313,10.85762873,12.01066979,1,0.217169985175,4.08020448685,0.788284778595,-0.296985089779
41,14,H,14.50769313,10.66001302,9.95963556,1,0.231645852327,0.654367625713,0.668987870216,-0.185349717736
41,15,H,11.54383752,9.59082885,10.55375582,1,0.248726651073,-0.546632349491,1.12303519249,-0.578685462475
41,16,H,12.03186391,12.50365141,13.23482126,1,0.190710812807,-2.52526044846,1.74030923843,2.4916882515
41,17,O,10.76895051,14.41977405,11.14859308,-2,-0.225659787655,-0.917827367783,4.86449575424,0.816732227802
41,18,H,16.85591073,9.14814566,11.90319255,1,0.241981506348,-0.635774433613,-0.827062964439,0.840320646763
41,19,H,12.10846119,12.78021605,6.85803339,1,0.280595213175,-2.78405022621,-1.58184087276,-0.643022596836
41,20,H,10.22630572,6.85489829,10.17665937,1,0.251556068659,-3.06510329247,1.37324476242,1.86459338665
41,21,H,13.38127141,12.2417726,13.76891421,1,0.218449145555,2.7906370163,0.982280135155,2.3214070797
41,22,O,10.9076976,6.42744858,9.76755942,-2,-0.673326611519,3.30191421509,-1.10243105888,-1.43949985504
41,23,H,10.87454658,15.26098864,10.67407681,1,0.25813254714,0.749957382679,-0.188582569361,-0.534812510014
41,24,H,12,12,12,1,0.226362317801,2.20421266556,0.458691596985,-3.2968814373
41,25,H,10.24977097,14.76675048,11.89604328,1,0.266531646252,0.0959980487823,-0.974442362785,0.497753709555
41,26,O,12.00724257,9.06407674,11.17805058,-2,-0.389548689127,-0.02726797387,-1.56233656406,0.402394115925
41,27,O,11.16472231,12.76450755,13.81658091,-2,-0.490419268608,2.24094820023,-0.524233937263,-1.80296778679
41,28,O,12.31165681,12.57653329,11.05200333,-2,-0.534776687622,-5.44028282166,-1.22896194458,0.570159435272
41,29,H,12.20642761,9.9516834,12.42614197,1,0.167655602098,2.20269179344,3.34357786179,2.2265958786
41,30,O,10.89431958,12.97291911,9.052416,-2,-0.470892995596,0.475586175919,1.25982451439,4.91563940048
41,31,O,13.49408182,14.3351333,12.84419065,-2,-0.479503810406,-1.94896125793,-1.62674760818,-5.5378446579
41,32,H,9.35919108,13.02518818,11.75769498,1,0.213318318129,-0.638368606567,0.145661890507,-4.17435836792
41,33,O,14.79773337,11.53904991,10.2833159,-2,-0.535338521004,0.468429028988,-1.6426306963,-1.2500795126
41,34,H,10.93004459,11.82619648,13.71163805,1,0.207868292928,-0.700299441814,0.0154822673649,0.702811956406
41,35,H,15.38233773,13.58119077,14.55860035,1,0.235071137547,-0.958244740963,0.031613945961,-3.44988393784
41,36,H,8.08013709,10.73408492,12.25137091,1,0.268014371395,-2.5450053215,2.07667922974,0.257692486048
41,37,H,11.8759835,8.90963406,9.39651432,1,0.275265157223,0.632082998753,2.84612417221,0.724429309368
41,38,O,14.84319174,10.61419979,12.61420267,-2,-0.282210171223,6.22028923035,-7.01013088226,2.91278266907
41,39,H,5.35770151,10.15957505,12.91125025,1,0.241806834936,-0.144313320518,-0.0754700303078,-0.123282745481
41,40,H,11.5098997,13.60074875,11.25727816,1,0.208969563246,2.46078658104,-2.17886257172,0.039200913161
41,41,H,13.99161808,11.78906335,10.7143697,1,0.222209900618,-1.1371679306,1.25461423397,0.498972088099
41,42,O,11.2282207,12.2283446,6.98915043,-2,-0.443940103054,-0.745835721493,-1.34723734856,-3.9203414917
41,43,O,14.2159807,12.55317621,14.3150758,-2,-0.533733069897,-2.68171572685,-4.03935098648,-2.37121462822
41,44,O,9.08987629,12.99140521,10.70874636,-2,-0.516381263733,-1.33843588829,-0.884810984135,4.67904996872
41,45,H,10.80426788,12.56634736,8.20061127,1,0.208516284823,0.340189039707,0.244778543711,-1.91182351112
41,46,O,5.65462391,10.39662697,12.02670392,-2,-0.658963024616,0.459004878998,0.170397818089,0.278121978045
41,47,H,12.32285547,8.18866445,7.97100674,1,0.299561113119,1.07957386971,0.699341535568,-1.6844278574
41,48,H,14.80219366,10.29052434,13.6460781,1,0.261305868626,0.0667998045683,1.8178550005,-2.99339938164
41,49,O,13.80055174,15.1269529,15.03208322,-2,-0.385777592659,4.76182937622,2.64681553841,-2.90576410294
41,50,O,12.69950494,10.79101824,12.89216107,-2,-0.785783171654,-4.40372991562,-2.12697124481,-0.962703704834
41,51,H,7.8354763,12.10907499,12.9688537,1,0.285567551851,0.885705113411,1.80160844326,3.05567479134
41,52,H,12.90690712,8.97105714,10.8520257,1,0.258352071047,0.150849804282,-0.00282834284008,0.0823258832097
41,53,H,14.58534873,9.5150771,12.24695226,1,0.282818853855,0.412247508764,3.92540192604,1.33869791031
41,54,H,6.49088157,11.04579668,12.17839432,1,0.171237051487,-4.02414321899,-1.92700564861,-0.236637204885
41,55,O,16.17487768,8.49011264,12.21761446,-2,-0.489513516426,-1.60416996479,1.45212638378,-3.7129573822
41,56,H,11.4883374,7.2607777,9.42885244,1,0.172266155481,-1.85405039787,-3.61389231682,1.0085747242
41,57,H,10.71709217,10.51657414,11.65788637,1,0.222388207912,1.57433831692,-2.39742541313,-0.77168160677
41,58,H,12.78680818,14.84406751,12.42722672,1,0.229109346867,0.103923559189,-0.286714404821,-0.273397088051
41,59,H,13.77424061,14.90008945,13.48306014,1,0.178268924356,1.04872918129,1.16016435623,2.2308204174
41,60,H,11.35504576,12.30347431,10.28228394,1,0.263799130917,3.29263830185,1.32999205589,0.951526939869
42,0,H,14.68214769,12.80338826,11.01325664,1,0.231102347374,-0.850877940655,1.00467157364,0.558254718781
42,1,H,14.0861004,14.5585024,10.67853584,1,0.231720164418,2.30971503258,-4.58817577362,0.758333623409
42,2,H,8.27298091,11.91239483,10.9733583,1,0.213593542576,-2.06701946259,-2.11363601685,0.163386285305
42,3,H,14.2711256,15.58389907,14.39609538,1,0.274339079857,-0.990638494492,-2.11254119873,3.05724644661
42,4,H,13.75504692,10.59810664,12.57125107,1,0.21688362956,-2.57844042778,0.605937242508,0.467397123575
42,5,H,13.72765461,13.05050119,14.7884319,1,0.216623917222,0.677866637707,-2.57509446144,-0.653561890125
42,6,H,12.86024297,15.49140173,15.1081155,1,0.240502342582,0.514641523361,-1.5663819313,0.945568442345
42,7,O,10.09270427,10.83597367,12.15027302,-2,-0.38838288188,-2.1142115593,-3.76586341858,-1.08897590637
42,8,O,15.83368432,13.03664997,7.82946764,-2,-0.518298983574,-1.32921302319,0.221682786942,-3.33025217056
42,9,H,16.57321413,12.67053373,7.37776122,1,0.265259355307,1.10818839073,-0.258353948593,0.458296924829
42,10,H,9.1364003,10.48000442,12.17738738,1,0.227279797196,1.93524086475,0.743817150593,0.00969456881285
42,11,H,14.25106273,10.31257192,10.06191043,1,0.215158849955,0.536841034889,0.123535580933,-0.482466220856
42,12,H,11.7724113,12.21908039,13.45852328,1,0.196291834116,2.55733036995,0.700691998005,-0.0558891296387
42,13,O,10.52456076,14.00728881,11.2512434,-2,-0.332383394241,2.1428565979,4.1931180954,-1.27509081364
42,14,O,13.59625041,12.49633925,8.73451636,-2,-0.649853348732,5.58266448975,0.383811175823,-6.1549282074
42,15,H,13.27240227,11.82370301,13.96102833,1,0.215503185987,-0.18639332056,-0.318499803543,0.240373417735
42,16,H,10.68147696,14.88209575,10.74011342,1,0.219263374805,0.691995561123,-2.13893270493,0.0150980986655
42,17,H,12,12,12,1,0.219474345446,-0.0970882549882,-4.27649450302,6.97486066818
42,18,H,9.92245329,14.44816112,11.82231979,1,0.235140800476,-1.46414840221,-0.31360322237,1.83030903339
42,19,O,10.96795591,12.36663894,13.88637206,-2,-0.525967478752,-2.95377278328,-3.14456582069,0.439157307148
42,20,O,12.14333069,12.16834759,11.1566834,-2,-0.279523253441,-3.53087568283,2.98547697067,-8.2132062912
42,21,H,12.97956511,12.74834092,9.30179461,1,0.23633916676,-3.40351819992,2.35421872139,3.79926800728
42,22,H,11.90389805,9.65378893,12.57886072,1,0.190646141768,2.72704577446,2.66005015373,1.67966866493
42,23,O,13.29291747,13.93102896,12.97125236,-2,-0.516837537289,-1.14121699333,3.03384518623,-1.05269801617
42,24,H,9.48341446,12.58575343,11.69084361,1,0.258964657784,-3.17255806923,-0.292697489262,-3.92153763771
42,25,O,14.59983472,11.14407688,10.40890138,-2,-0.486489593983,0.774686634541,-2.00887870789,0.822176098824
42,26,H,10.78154419,11.28951131,13.67318078,1,0.231308877468,-0.0939632356167,3.87370705605,1.22110044956
42,27,O,14.74832164,13.68817663,10.63520333,-2,-0.514088153839,0.00609182566404,4.97361373901,-1.0207054615
42,28,H,15.88578361,13.29163309,8.70760489,1,0.274137675762,2.27083778381,0.566611289978,2.95907664299
42,29,O,14.67118187,10.23994672,12.73687148,-2,-0.252911686897,3.4451212883,-6.88832139969,2.20804667473
42,30,H,11.40019234,12.98068031,11.60479837,1,0.263589501381,0.402952522039,1.45377612114,-1.86994850636
42,31,H,13.80169887,11.44779859,10.83140629,1,0.209799647331,-0.489131242037,0.314747661352,-0.106837742031
42,32,H,14.54574251,13.13083074,8.68279935,1,0.231085151434,-5.64969110489,-2.88884782791,0.380922883749
42,33,O,14.03438389,12.14864919,14.42823452,-2,-0.563763082027,0.426362454891,1.60885226727,1.91121482849
42,34,O,8.82792985,12.61587479,10.77916286,-2,-0.586922645569,3.34658718109,1.38442599773,3.21711778641
42,35,H,14.5583509,9.79895463,13.70367545,1,0.260099053383,0.42812988162,2.52903199196,-1.79618752003
42,36,O,13.60227749,14.80535922,15.16230305,-2,-0.383360773325,1.32550728321,5.7611246109,-1.66917967796
42,37,O,12.50079528,10.45215838,12.95952879,-2,-0.714469194412,-3.77113652229,-3.13591647148,-1.44529175758
42,38,H,14.33313211,9.24168362,12.39891532,1,0.252195686102,1.40989899635,2.7744383812,-0.155923247337
42,39,H,10.59451258,10.03232817,11.78195581,1,0.229575127363,-1.12396979332,1.65323603153,0.498615652323
42,40,H,12.51605709,14.35373691,12.51231239,1,0.220412299037,1.24479937553,-0.290551781654,0.759920597076
42,41,H,13.59941213,14.65800494,13.72340098,1,0.166578292847,-1.52135038376,-3.34650230408,-2.63601064682
42,42,H,11.24888601,11.91275237,10.56005401,1,0.270384281874,2.66385340691,0.119437530637,1.55358409882
43,0,H,14.31675881,12.6399026,10.73869128,1,0.236085474491,-0.513993501663,0.16640663147,0.561901509762
43,1,H,13.89748294,14.30169884,10.4164656,1,0.235122233629,1.58492684364,-3.14839053154,0.700531542301
43,2,H,7.92390915,11.71034109,10.80383053,1,0.222443014383,0.370197415352,0.144087955356,0.0266805868596
43,3,H,13.19534761,10.27969548,12.39824394,1,0.186875775456,-0.761607766151,0.635362327099,0.289083302021
43,4,H,13.35002915,12.78587299,14.59305893,1,0.230297982693,1.41911780834,-1.98279201984,-0.169809728861
43,5,O,9.9060306,10.64830317,12.02939131,-2,-0.400626301765,4.27707147598,-1.25300645828,-1.62410891056
43,6,H,9.09106577,10.3060102,12.09265217,1,0.222151696682,-5.41047239304,-1.44295942783,0.606816709042
43,7,H,13.9803896,10.16165291,9.93168258,1,0.223249137402,-0.231358483434,-1.39758741856,-1.17358958721
43,8,H,11.61194886,12.18039888,13.43029656,1,0.205724328756,1.68295681477,0.748821735382,0.735217750072
43,9,O,10.24995915,13.79950177,11.09845353,-2,-0.380141019821,-0.808643758297,3.96611952782,2.06944966316
43,10,O,13.35287987,12.30060759,8.61773786,-2,-0.574403345585,-8.70038795471,-4.64941692352,-1.30933761597
43,11,H,13.09671879,11.55873215,13.88102318,1,0.224441856146,-2.3949611187,-2.18801093102,-1.39713990688
43,12,H,10.48755573,14.5759114,10.56574345,1,0.183485582471,0.653759002686,-0.451954931021,-0.494068980217
43,13,H,12,12,12,1,0.259137034416,1.15060174465,-2.76085162163,0.333619654179
43,14,H,9.47332028,14.28206612,11.61205481,1,0.2259811759,1.82355678082,-2.01905322075,-0.93831795454
43,15,O,10.72333895,12.14563171,13.70442114,-2,-0.529232680798,-1.7784229517,-0.943347752094,0.431621313095
43,16,O,11.92708619,11.9573725,10.9925639,-2,-0.250429093838,2.91525220871,3.4541079998,2.21955895424
43,17,H,12.83772348,12.70496542,9.31477669,1,0.239793196321,0.140578746796,0.0268350169063,-0.391461312771
43,18,H,11.72809059,9.67600351,12.51598039,1,0.219841688871,-4.45017242432,-5.97519111633,-2.30358099937
43,19,O,13.0463911,13.72307505,12.84090998,-2,-0.448982357979,0.236496418715,1.9561984539,1.12090551853
43,20,H,9.37805447,12.33853138,11.13715991,1,0.248277813196,-2.61545705795,-0.485754877329,-1.05998015404
43,21,O,14.36399542,10.9371674,10.2846305,-2,-0.516495049,-0.463512688875,0.385278016329,2.32334828377
43,22,H,10.55876931,11.18163612,13.42740355,1,0.222271978855,-0.196529686451,2.07916045189,0.831790030003
43,23,O,14.54640656,13.4955422,10.41517292,-2,-0.547458469868,0.326104909182,4.7713098526,-0.615794718266
43,24,O,14.46852097,10.03841645,12.60829607,-2,-0.39168548584,3.41540837288,1.46958172321,0.997341394424
43,25,H,11.25894588,12.64944045,11.59537732,1,0.272191733122,-1.26155352592,2.07731938362,-1.6214376688
43,26,H,13.53549987,11.3139732,10.70308393,1,0.210813641548,1.65533185005,-0.947045505047,-1.0163640976
43,27,H,14.0353408,12.79659095,8.54083246,1,0.24580642581,7.28283977509,4.91750764847,-0.63525134325
43,28,O,13.80899482,11.93432402,14.29276584,-2,-0.544714450836,1.79078745842,3.22785019875,3.16103005409
43,29,O,8.53610672,12.43098664,10.60402744,-2,-0.600829839706,0.080374866724,-0.706083774567,0.414524704218
43,30,H,14.2950243,9.5881584,13.41717685,1,0.250902414322,0.793301343918,0.987335026264,3.76831889153
43,31,O,12.25479224,10.2950624,12.77378107,-2,-0.523189067841,3.49142551422,5.39327669144,2.74765968323
43,32,H,14.10950772,9.2707116,12.30063993,1,0.239814192057,-0.521939814091,-4.27108573914,-4.39587163925
43,33,H,10.35862037,9.82894881,11.68298367,1,0.199250251055,-0.356366664171,1.11859798431,-0.0325971394777
43,34,H,12.26851861,14.05246724,12.38614305,1,0.235032886267,-0.23636713624,0.905413866043,0.084561266005
43,35,H,13.28912222,14.42055819,13.56338342,1,0.215582996607,-0.736790835857,-1.6490688324,-2.09508609772
43,36,H,11.16822137,11.72269495,10.55637242,1,0.253612995148,-3.65155029297,-2.15897107124,-2.15015912056
44,0,H,13.88440719,12.64756796,10.41530342,1,0.237375348806,0.816005170345,0.737480282784,-0.0333128646016
44,1,H,13.70112505,14.09221379,10.08987436,1,0.253089338541,-5.36024570465,5.88620901108,0.0486780777574
44,2,H,12.64489775,10.13539389,12.10735458,1,0.207655578852,9.1856546402,-1.40105772018,-5.04195547104
44,3,H,12.98926284,12.62450161,14.31292018,1,0.22886916995,-0.0899573341012,1.20786750317,1.0413364172
44,4,O,9.670063,10.62149133,11.82486058,-2,-0.413638591766,-4.83996915817,-0.253254204988,-0.256571620703
44,5,H,8.75274729,10.23257421,11.96236942,1,0.228383421898,0.846135556698,1.34554326534,-0.039576523006
44,6,H,13.63562202,10.09762851,9.71457418,1,0.218426913023,0.811405897141,0.876905500889,-0.16582159698
44,7,H,11.47988567,12.33881763,13.34790142,1,0.210541158915,-4.4168920517,-1.17402398586,0.713635921478
44,8,O,9.91653073,13.76870111,10.8794179,-2,-0.432954549789,-3.67485022545,-0.0734876319766,2.86591482162
44,9,O,13.02787228,12.25695375,8.42098084,-2,-0.571349918842,-3.7689781189,3.06270718575,1.64965736866
44,10,H,12.76540982,11.34907879,13.64621296,1,0.204930439591,2.45173001289,0.465481489897,1.30732274055
44,11,H,10.27490267,14.40533503,10.30631114,1,0.227860689163,0.595663189888,1.55989205837,-1.34812641144
44,12,H,12,12,12,1,0.205593571067,0.645476579666,-1.05084836483,0.860427677631
44,13,H,9.03401171,14.16701965,11.31800107,1,0.233340576291,3.09490680695,-1.32328951359,-1.3958003521
44,14,O,10.41525259,12.08853172,13.45263171,-2,-0.541605770588,5.02131652832,9.70952415466,3.87275505066
44,15,O,11.66147832,11.92184408,10.75951827,-2,-0.354837030172,-2.76410317421,3.62308859825,1.0825830698
44,16,H,12.54886656,12.83051721,9.29455273,1,0.237295925617,1.94277012348,-2.78020238876,-4.59887456894
44,17,H,11.34777044,9.60851751,12.24929463,1,0.22461155057,0.28739246726,0.519060254097,0.915349721909
44,18,O,12.7363246,13.67755232,12.62977223,-2,-0.434199094772,-1.03731620312,-3.16990637779,-4.48027276993
44,19,O,14.06679638,10.89915352,10.09271923,-2,-0.507834911346,0.140535801649,-2.55725455284,0.291623473167
44,20,H,10.23514226,11.31917599,13.11165709,1,0.207447186112,-0.745863735676,-6.31729412079,-2.75946617126
44,21,O,14.28851057,13.4714145,10.12313056,-2,-0.554376423359,6.36376571655,-4.54601812363,1.05432331562
44,22,O,14.21216868,10.00721977,12.4039407,-2,-0.439184069633,1.35904037952,-1.60472989082,0.150469467044
44,23,H,10.98087349,12.61151992,11.40391814,1,0.27324461937,1.03327941895,-1.21685814857,-2.33917951584
44,24,H,13.27618088,11.29605871,10.4611632,1,0.206566512585,0.0274175256491,-0.383246988058,-0.138835296035
44,25,H,13.80135795,12.81533896,8.27132036,1,0.219634890556,0.0084711201489,-0.272328525782,0.122344188392
44,26,O,13.52189434,11.88693421,14.0899235,-2,-0.540861606598,-1.47014117241,-2.50828766823,-0.594537496567
44,27,H,14.01650673,9.56310845,13.22385494,1,0.237818568945,0.546446800232,0.551093280315,1.8696603775
44,28,O,11.95270524,10.3179307,12.52744225,-2,-0.425111144781,-10.0806732178,-0.236994206905,5.10387611389
44,29,H,13.82091222,9.26845801,11.92721896,1,0.233630806208,1.07675349712,-0.327312290668,-1.52828001976
44,30,H,10.02992699,9.8419393,11.50658423,1,0.212288603187,1.4884865284,-2.32486534119,-1.58947920799
44,31,H,11.9563506,13.9786795,12.18633985,1,0.244467869401,-0.828378915787,0.901332259178,-0.501569092274
44,32,H,12.87961362,14.26089165,13.27565939,1,0.233886510134,1.16850733757,3.67607307434,4.00810861588
44,33,H,10.83834716,11.60780901,10.33755245,1,0.228993654251,0.166209712625,-0.600999295712,-0.146406069398
45,0,H,13.48136057,12.76110462,10.14616688,1,0.219907522202,1.17719817162,0.819256782532,-0.106367327273
45,1,H,13.28958341,14.21504355,9.80939328,1,0.202984660864,2.51504135132,-1.34153294563,0.821771025658
45,2,H,13.682984,14.91097522,14.80792297,1,0.291332274675,4.02081489563,1.19846272469,-0.477817952633
45,3,H,12.11167338,17.31276941,9.18025258,1,0.260528683662,1.06301510334,-0.600095927715,0.469409406185
45,4,H,12.44291424,10.05312841,11.69215582,1,0.23396538198,-2.54443407059,2.59225797653,3.33506059647
45,5,H,12.61473121,12.63472899,14.13336764,1,0.224874615669,0.109456911683,0.662292778492,0.74266654253
45,6,H,12.16391213,15.33244688,14.1724008,1,0.288769066334,0.0568764694035,2.26219964027,-0.364751636982
45,7,O,9.39828956,10.68587436,11.66824292,-2,-0.357571452856,-6.99330615997,-3.62644171715,-1.63313674927
45,8,H,8.38665462,10.29561897,11.87723778,1,0.261403381824,3.13293099403,1.88365018368,-0.606578469276
45,9,H,13.28903854,10.13042378,9.57411921,1,0.216447293758,1.36724901199,1.47871637344,0.124906472862
45,10,H,11.08152471,12.53872441,13.35900201,1,0.214635789394,-3.59629297256,-1.93636119366,-0.556701600552
45,11,O,13.11572787,15.2676413,8.80946108,-2,-0.581508517265,-0.57444190979,5.387196064,-3.66478419304
45,12,H,12.52826952,11.23838288,13.51244929,1,0.198405280709,2.18082952499,1.75481653214,1.62606143951
45,13,H,12,12,12,1,0.200479269028,-0.122477859259,-0.474640071392,-0.106685578823
45,14,O,10.10196009,12.14852702,13.2658233,-2,-0.601794540882,1.72932302952,2.87975096703,1.32462024689
45,15,O,11.37118977,11.98928499,10.59123796,-2,-0.359834372997,-6.42241477966,2.55194187164,-0.44431835413
45,16,H,10.95267259,9.58728735,12.02007186,1,0.214115425944,2.56032323837,2.91492414474,2.15526342392
45,17,H,12.91517467,16.39781969,8.01949446,1,0.297670513391,0.304386019707,-1.68054306507,2.37116551399
45,18,O,12.397457,13.70922795,12.45413763,-2,-0.432700067759,-2.377171278,0.579741477966,-1.5165194273
45,19,H,11.85628007,18.13531654,8.01854764,1,0.260761857033,2.42768907547,-1.00782549381,-0.11149314791
45,20,O,13.74826922,10.94934567,9.95480708,-2,-0.476413667202,0.574630737305,-4.10787963867,-2.19639468193
45,21,H,9.8508113,11.31294126,12.72592119,1,0.196116343141,1.90149879456,1.79019713402,1.35440647602
45,22,O,14.02531618,13.52057403,9.89344942,-2,-0.606329321861,-1.71705925465,-0.503579080105,0.978514790535
45,23,H,12.85913715,14.55662911,8.30742669,1,0.256487429142,-0.170657917857,-3.04551815987,-2.5768802166
45,24,O,13.93332871,10.06740281,12.2489821,-2,-0.401796221733,-0.360272049904,-5.00290632248,-0.593914747238
45,25,H,10.68615783,12.65624668,11.13215543,1,0.229320719838,2.36311507225,-1.85900592804,-1.33093416691
45,26,H,12.98104572,11.3508039,10.27475488,1,0.207527428865,-1.81760644913,1.19475567341,0.835661768913
45,27,O,13.20171712,11.91742699,13.93703822,-2,-0.539517521858,-1.57638776302,-2.9472990036,-0.77168661356
45,28,O,12.66656258,17.60233103,8.39470188,-2,-0.368149220943,-3.59353971481,1.91314411163,-0.564824342728
45,29,H,13.75044035,9.63475764,13.17357901,1,0.234144583344,0.521863400936,1.04198276997,-2.3720126152
45,30,O,12.79771572,14.89135497,14.68979698,-2,-0.502691864967,-4.33764076233,-2.37178778648,1.90606582165
45,31,O,11.60689721,10.43435485,12.35046286,-2,-0.459140002728,0.879880070686,-6.56542062759,-3.87289094925
45,32,H,12.70029486,16.18306927,10.78299738,1,0.232668802142,-2.55605626106,-1.36660981178,-1.21602606773
45,33,H,13.56939968,9.29812193,11.5201542,1,0.232208848,2.62754917145,2.38404345512,3.05658650398
45,34,H,11.88220839,15.38331777,9.46197782,1,0.203945070505,1.38739728928,1.89268803596,3.2168469429
45,35,H,9.72879935,9.85369112,11.29182709,1,0.230369344354,0.0736560672522,0.269035518169,-0.320951342583
45,36,H,11.58271111,14.06603562,12.01282108,1,0.231961488724,1.31254041195,0.142310619354,0.0956766158342
45,37,O,11.75724136,15.89860318,10.47063484,-2,-0.57024949789,0.0920386612415,0.945988178253,0.191765069962
45,38,H,12.51194055,14.32933661,13.20626941,1,0.188095837831,0.757398724556,-1.07982540131,-0.579530239105
45,39,H,10.46192179,11.55554859,10.125986,1,0.2285695225,3.623057127,0.977918744087,1.37875056267
46,0,H,13.19532795,12.91981494,9.94203823,1,0.208912670612,0.39312338829,-0.182947337627,0.314175128937
46,1,H,12.99642295,14.42159851,9.59876285,1,0.187389627099,3.95152807236,-2.52680063248,0.862078309059
46,2,O,14.66794136,13.16478736,14.66386554,-2,-0.528964042664,1.26839745045,-0.504663467407,0.451721042395
46,3,H,14.53594575,14.09278421,14.85824628,1,0.233154028654,1.0458407402,-0.378560066223,-1.1557662487
46,4,H,13.37661662,14.8101417,15.02150159,1,0.22688472271,-1.4879142046,1.07552742958,-0.868002891541
46,5,H,11.7516961,17.25332381,8.95142845,1,0.253291815519,1.89058506489,0.307823389769,1.89925122261
46,6,O,11.39361382,16.79078425,13.39320006,-2,-0.617731750011,3.27679872513,2.5688791275,0.585375845432
46,7,H,12.16250351,10.15723648,11.50856092,1,0.245598644018,-3.42138171196,3.30951595306,4.46363735199
46,8,H,12.28012969,12.73481142,14.03927273,1,0.228116482496,1.19285404682,-1.41359615326,-0.158086910844
46,9,H,11.96823925,15.62523857,13.88564944,1,0.174115419388,0.312263906002,3.69730091095,0.040109615773
46,10,O,9.13820987,10.79003295,11.55890619,-2,-0.282768785954,-5.29977560043,-4.67904663086,-3.76242733002
46,11,H,8.2031855,10.50880475,11.79368133,1,0.267307251692,1.08170175552,0.943456828594,-0.233303278685
46,12,H,13.01700976,10.26655967,9.5253033,1,0.222210556269,0.460300683975,-0.516600370407,-1.04078304768
46,13,H,10.21366352,9.36763556,9.9742322,1,0.265457481146,0.0193010121584,-2.93286061287,0.992082774639
46,14,H,10.54648293,12.70262666,13.39399267,1,0.231535613537,4.86926984787,2.40585517883,1.13368189335
46,15,O,12.81940517,15.36281468,8.69367887,-2,-0.45461076498,-0.789916992188,4.18994474411,-4.15511226654
46,16,H,12.42986303,11.24754111,13.49676989,1,0.207585200667,-1.16921675205,-0.323442548513,0.479759812355
46,17,H,12,12,12,1,0.29364451766,-0.260666131973,1.26953136921,0.479316055775
46,18,O,10.35288679,8.55101167,10.62520994,-2,-0.368401229382,-4.19598388672,3.06272959709,-2.33664417267
46,19,O,9.83027789,12.26742605,13.14244614,-2,-0.623891949654,-6.89503145218,-3.48769521713,-2.08517765999
46,20,H,10.16176365,14.85215375,14.09307284,1,0.255249530077,0.634205698967,-0.269066482782,0.467411547899
46,21,O,11.10087293,12.11150233,10.48192732,-2,-0.332664698362,-1.03858304024,-2.06983685493,-4.0892496109
46,22,H,10.78257007,9.77541471,11.94451848,1,0.184730529785,0.363462358713,1.06423473358,1.76684677601
46,23,H,12.45050527,16.47317504,8.00750377,1,0.273657977581,2.0289850235,-1.5019723177,1.68060004711
46,24,H,10.10776609,16.42711826,13.79347733,1,0.165923580527,0.906520545483,-0.701647818089,-0.0443898364902
46,25,O,12.08551019,13.78985043,12.32646629,-2,-0.416196793318,-1.56287407875,1.06000447273,0.30644506216
46,26,H,11.64564694,18.0898285,7.9919578,1,0.267660111189,-3.22495913506,3.32073545456,-3.28306388855
46,27,O,13.46928972,11.03981327,9.86926895,-2,-0.427253603935,-1.62519001961,-0.769217014313,0.117179423571
46,28,H,9.57300891,11.41843532,12.42078985,1,0.168205320835,2.678378582,3.74047112465,3.62324261665
46,29,H,14.81131558,11.3546354,12.04638917,1,0.215908974409,1.64806592464,2.32053875923,-0.117739006877
46,30,H,14.70452122,12.88270369,13.7026276,1,0.23204511404,0.0467908456922,1.40443229675,1.16476011276
46,31,O,13.79756434,13.61517665,9.72917176,-2,-0.575279712677,-2.36143946648,1.72763693333,0.0869998633862
46,32,H,12.63360738,14.68392523,8.09710951,1,0.260275781155,0.157280921936,-2.05157423019,-1.979388237
46,33,O,9.593316,15.57050156,13.87693316,-2,-0.587510049343,-3.56669807434,-0.705499827862,-0.0159448049963
46,34,O,13.6827554,10.16365629,12.14328392,-2,-0.342426717281,0.292127728462,-3.23301625252,-1.52518963814
46,35,H,10.49858478,12.69511735,10.83150824,1,0.226198583841,-1.46928930283,3.385825634,2.53920388222
46,36,O,15.39397698,12.18949767,12.15135068,-2,-0.491157472134,0.0647193565965,-1.46888530254,-1.89616942406
46,37,H,12.63719496,11.49111344,10.18184393,1,0.19155985117,1.13055121899,0.0856707245111,-0.347034424543
46,38,O,12.90732352,11.98348407,13.83732431,-2,-0.473387002945,-0.812739372253,0.272989273071,0.35582575202
46,39,O,12.41051145,17.71505715,8.2845126,-2,-0.294312179089,0.388993710279,-3.28773856163,2.19628167152
46,40,H,13.54730913,9.77807915,13.04617912,1,0.251459628344,0.231264412403,-0.0480303615332,-1.17983520031
46,41,O,12.53799514,15.07393266,14.60896385,-2,-0.47936040163,-0.10144867748,-2.47158670425,1.1839196682
46,42,O,11.29989901,10.5781189,12.21914909,-2,-0.424488425255,4.68349313736,-5.59188222885,-3.86626672745
46,43,H,15.8251542,12.37802482,11.25412518,1,0.2422324121,-1.33599531651,-0.363785654306,1.98466062546
46,44,H,11.24387935,8.55096584,10.48820575,1,0.260688900948,4.45782899857,-1.22396576405,-0.240061342716
46,45,H,12.40551382,16.23286506,10.67137805,1,0.235944584012,-2.31226730347,-0.647114336491,-0.605607032776
46,46,H,13.50692348,9.50657554,11.34073704,1,0.249069750309,1.66459727287,1.5699621439,3.14175319672
46,47,H,11.57361098,15.59513649,9.44091545,1,0.191169247031,0.365583091974,0.245921880007,1.75015044212
46,48,H,9.45419791,9.93710653,11.09747523,1,0.231375992298,-0.887873113155,2.05426502228,1.89446032047
46,49,H,11.28730689,14.20913317,11.91193312,1,0.218351021409,1.10594809055,-0.0101614296436,0.485753595829
46,50,O,11.46738272,16.05295838,10.31937933,-2,-0.469675719738,-0.245775252581,1.55045557022,0.893555879593
46,51,H,11.94764681,17.5225051,13.86034977,1,0.213045954704,-1.35407018661,-2.06192040443,-1.26361060143
46,52,H,12.23198047,14.42080944,13.17411056,1,0.182295233011,0.529600024223,-1.65711081028,-1.46481764317
46,53,H,10.31987951,11.62308781,10.04851861,1,0.227828979492,2.27872776985,0.446516275406,0.37343236804
47,0,H,12.99523884,13.03035158,9.80110461,1,0.229951113462,-0.236522331834,-0.700968563557,0.336045712233
47,1,H,12.95024824,14.52672316,9.43262313,1,0.174970164895,2.25530266762,-2.13822054863,1.0438876152
47,2,H,11.51859289,17.2585602,8.78497067,1,0.277242779732,1.73227322102,1.51350069046,0.985199868679
47,3,H,11.76693724,10.41660423,11.56450223,1,0.228644713759,2.19968104362,0.590720593929,-0.369458466768
47,4,H,12.02529701,12.75627745,13.95552143,1,0.251741558313,-0.281094223261,-1.13653254509,-0.157527297735
47,5,O,8.89746722,10.88051497,11.46072595,-2,-0.389939934015,2.05440187454,-1.04518306255,-3.47431612015
47,6,H,8.0543977,10.76795305,11.70338308,1,0.276376754045,-5.35403490067,-0.626566886902,1.43764269352
47,7,H,12.77156632,10.3712436,9.47893763,1,0.228454247117,-0.12084453553,-1.42595434189,-1.21657168865
47,8,H,10.23518233,12.94379233,13.48293572,1,0.234407663345,-0.623214304447,-1.29819583893,-1.53466618061
47,9,O,12.55144068,15.4653804,8.5941078,-2,-0.550887703896,-3.9632806778,1.42554748058,-6.69892644882
47,10,H,12.30300091,11.21443739,13.5002838,1,0.242488235235,-1.48413574696,-0.359676122665,0.456441253424
47,11,H,12,12,12,1,0.0874422192574,-0.244172215462,1.03340816498,0.755748093128
47,12,O,9.57340341,12.37497618,13.04316754,-2,-0.658047914505,-1.68784630299,1.79264998436,1.70117115974
47,13,O,10.86644322,12.22456901,10.3919779,-2,-0.404617667198,3.6794128418,5.68439626694,1.28870022297
47,14,H,10.66083359,9.94816902,11.94829047,1,0.232160106301,-4.6387887001,-6.5487446785,0.135283619165
47,15,H,12.13334765,16.51479964,8.10043903,1,0.258055835962,3.19241523743,-4.61434602737,0.520105719566
47,16,O,11.80169423,13.87360754,12.22631011,-2,-0.430449545383,0.510821402073,0.428058892488,0.932632267475
47,17,H,11.33825942,18.21116486,7.84736826,1,0.276103913784,1.63974094391,0.712209820747,-0.75409424305
47,18,O,13.22150656,11.12744271,9.81123145,-2,-0.485957950354,-1.32383036613,0.51747572422,0.350518256426
47,19,H,9.43826,11.68869738,12.25708279,1,0.217320263386,2.03940463066,1.83278048038,1.92819213867
47,20,H,14.56116178,11.39918784,12.01716975,1,0.218179166317,2.09011101723,3.64522695541,-0.487048268318
47,21,O,13.59653636,13.71380654,9.59599557,-2,-0.626447200775,-0.0599850714207,1.56813144684,0.0267751291394
47,22,H,12.39510322,14.6974265,7.7999617,1,0.264662265778,0.800127506256,3.23076057434,3.35861349106
47,23,O,13.46215869,10.25416877,12.05489856,-2,-0.412588000298,-0.00384648144245,3.784055233,2.46165585518
47,24,H,10.24279836,12.90096425,10.65414968,1,0.239877194166,0.294211387634,0.815499901772,0.666643917561
47,25,O,15.11728973,12.31231141,12.03711508,-2,-0.626108467579,-2.21911525726,-3.70365786552,4.17663955688
47,26,H,12.38345122,11.60918876,10.09799385,1,0.197543427348,1.52717041969,-0.249592006207,-0.338743180037
47,27,O,12.64397162,12.04756961,13.7667094,-2,-0.525132238865,1.78628504276,0.91105902195,0.462979823351
47,28,O,12.18370049,17.80957895,8.20656846,-2,-0.406520873308,-4.8811044693,0.197183832526,0.8279697299
47,29,H,13.38162509,9.86391347,12.87747272,1,0.271936148405,0.214257240295,-1.96529018879,2.27945971489
47,30,O,11.0434945,10.70408991,12.10328534,-2,-0.425981432199,4.26735019684,3.4038939476,1.48592281342
47,31,H,15.39941554,12.57279164,11.22209951,1,0.261867463589,0.686236739159,0.802600622177,-3.72103595734
47,32,H,13.57047256,9.75559172,11.33702907,1,0.274123191833,1.12179791927,-3.43520593643,-4.06920337677
47,33,H,9.1840815,10.10288394,10.97621739,1,0.269590973854,-0.200226932764,0.00843806564808,-0.101655602455
47,34,H,11.06270354,14.3317915,11.85065689,1,0.249644488096,-0.62332379818,0.574813842773,-0.356428384781
47,35,H,12.01495087,14.38374946,13.03422112,1,0.234793305397,0.274371415377,-0.146463632584,-0.873880207539
47,36,H,10.30046835,11.69316865,10.01752171,1,0.245101451874,-4.42000722885,-5.07781171799,-3.46467375755
48,0,H,12.82168615,13.04683528,9.67614609,1,0.237684339285,0.144805550575,0.765994668007,-0.234224438667
48,1,H,13.00891499,14.53492326,9.26497243,1,0.223299950361,-2.79911208153,4.88517284393,-0.641935229301
48,2,O,14.2388811,13.34065688,14.45924761,-2,-0.501133978367,0.473657906055,1.43503594398,0.590668618679
48,3,H,14.08103095,14.30489204,14.50152632,1,0.233914464712,0.390887051821,-0.733902812004,0.296341329813
48,4,H,14.1403062,14.42301679,12.89217773,1,0.179306611419,0.0942124947906,2.74470329285,-2.31085920334
48,5,H,11.3539599,17.34804986,8.65588226,1,0.223199233413,-0.860308945179,0.674979269505,2.40764069557
48,6,H,11.55803075,10.65337424,11.54632434,1,0.212381616235,4.8831448555,-1.21196305752,-2.83499002457
48,7,H,11.74111023,12.70875141,13.85173255,1,0.24761235714,-1.64813280106,0.213411301374,0.503171920776
48,8,H,14.77903373,14.34766878,9.50083616,1,0.201223373413,2.28402805328,1.62650322914,-0.175925880671
48,9,O,14.09075794,14.89106727,11.96200641,-2,-0.492003142834,-0.409734725952,-4.27295160294,2.31188583374
48,10,H,12.50431041,10.37426255,9.36731029,1,0.225024551153,1.15181338787,1.04335331917,0.0944624915719
48,11,H,9.95164503,13.10305526,13.48077768,1,0.24707275629,-2.09985947609,-2.87718296051,-3.55196452141
48,12,O,12.27825685,15.52119744,8.44859271,-2,-0.374603122473,0.141955405474,-5.27717638016,-4.94982099533
48,13,H,12.08227158,11.11743842,13.48009621,1,0.243988141418,-0.537824034691,2.95144057274,1.13194680214
48,14,H,12,12,12,1,-0.0317040085793,-0.0363672040403,0.799722850323,0.939159691334
48,15,O,9.31125896,12.44279246,12.93021669,-2,-0.552696585655,-1.31154489517,4.07180738449,6.45740461349
48,16,O,10.64976371,12.30578528,10.28505529,-2,-0.380287945271,-3.93620061874,2.60929489136,-1.24571561813
48,17,H,13.96872347,13.89776993,11.63254483,1,0.189805775881,-0.0226552337408,3.33988213539,-0.127699404955
48,18,H,10.36112097,9.81596145,11.92551936,1,0.231836020947,1.2882386446,3.10637116432,0.540783524513
48,19,H,12.00130286,16.37094313,8.1623006,1,0.216186061502,1.12628805637,1.44007956982,-2.10810422897
48,20,O,11.52138188,13.91354738,12.10297108,-2,-0.427752524614,-0.824556410313,-0.813616216183,-1.06600749493
48,21,H,11.0849077,18.37361603,7.64271057,1,0.248123466969,3.81561493874,-1.48598861694,1.32143986225
48,22,O,12.97495062,11.17695782,9.73480005,-2,-0.437185615301,0.123481445014,-2.82960510254,-1.86286735535
48,23,H,9.40164792,12.02288275,12.1274986,1,0.248561426997,2.00884199142,-0.561995267868,-2.28401231766
48,24,H,14.3200243,11.54425403,11.92734697,1,0.226997703314,0.448340237141,0.883185625076,-0.619172513485
48,25,H,14.43101611,13.11258845,13.5303099,1,0.220206424594,0.161365658045,-0.486237645149,0.509940266609
48,26,O,13.40000875,13.7742263,9.44630375,-2,-0.46969807148,3.09743785858,-6.99903106689,1.55419743061
48,27,H,12.17160517,14.83653828,7.63408098,1,0.288274884224,0.57179749012,2.52164554596,2.72037148476
48,28,O,13.24172614,10.3185352,11.94533757,-2,-0.366951704025,1.2707272768,-2.72622895241,0.266559720039
48,29,H,9.93304414,13.13920604,10.50484073,1,0.243157923222,2.70372009277,-3.42385530472,-1.14566409588
48,30,O,14.83704599,12.38556829,11.9106461,-2,-0.473633557558,0.799104273319,0.204974457622,-1.12095725536
48,31,H,12.20425594,11.66129712,9.97357339,1,0.195552036166,-1.34243023396,1.00942468643,0.727079629898
48,32,O,12.38831618,12.06823599,13.67517651,-2,-0.4699909091,1.36414706707,-4.24021196365,-1.94786763191
48,33,O,11.94485515,17.85639725,8.10871046,-2,-0.442452609539,-3.99444580078,3.74881601334,-3.21219682693
48,34,H,13.21624007,9.77688042,12.77467916,1,0.253567397594,0.585359692574,0.304950833321,-1.140645504
48,35,O,10.79835478,10.79393226,11.97396244,-2,-0.400976747274,-6.44704627991,-4.60544157028,2.60538578033
48,36,H,15.02536008,12.76004037,10.99691904,1,0.250210464001,-0.376944184303,-1.35685396194,1.46607422829
48,37,O,15.39554714,15.17155515,9.37201506,-2,-0.587011516094,0.182770892978,-0.672989070415,-0.141798958182
48,38,H,16.36112812,15.0523827,9.49029519,1,0.24245095253,-1.25329256058,-0.440509825945,0.0392848998308
48,39,H,11.82277231,16.17584097,10.47601294,1,0.244631171227,-0.648854672909,0.520662486553,0.32163977623
48,40,H,13.68238114,9.80582846,11.19630843,1,0.262861669064,-0.795815825462,0.847594857216,1.61217558384
48,41,H,11.149914,15.74312907,9.23296241,1,0.198430240154,-1.10963737965,0.513954699039,2.55140900612
48,42,H,10.80078508,14.43663515,11.74472932,1,0.237837135792,0.0739120692015,0.642904341221,0.100027859211
48,43,O,10.94023245,16.33480465,10.07628471,-2,-0.539083003998,-0.153844192624,-1.16662943363,-0.0817383378744
48,44,H,11.83900556,14.31300134,12.88830778,1,0.242286339402,0.719539105892,1.31136202812,0.759988844395
48,45,H,10.12393732,11.55371466,9.84602788,1,0.231480538845,0.703415811062,1.96514475346,0.975128531456
49,0,H,9.07061157,18.77419523,10.889305,1,0.270967304707,0.122896060348,-0.137391746044,-0.141762942076
49,1,O,9.33479303,17.85683319,11.13217257,-2,-0.324802935123,-3.36655139923,2.68980693817,2.02215313911
49,2,H,12.68189811,13.07377513,9.46646379,1,0.24326325953,-0.343991696835,0.834746479988,-0.382801026106
49,3,H,12.9645312,14.73020035,8.98752913,1,0.245935544372,-0.433909744024,-1.42152500153,0.858513891697
49,4,O,14.05181269,13.4016065,14.25988253,-2,-0.549657940865,-1.34343731403,3.32209181786,5.580950737
49,5,H,13.89264731,14.37573058,14.2602413,1,0.23743519187,0.598617553711,-1.34311819077,0.239685550332
49,6,H,13.8461458,8.0762091,9.71508827,1,0.267014324665,0.566084206104,-1.06132948399,4.44851398468
49,7,H,13.80488098,14.67631642,12.63833933,1,0.209568962455,-0.105736836791,-0.33120983839,3.10289621353
49,8,H,11.16491055,17.4829011,8.54543905,1,0.228457868099,-1.52961599827,-0.10226265341,2.42815494537
49,9,H,11.61839113,10.80163402,11.30008294,1,0.239769160748,-3.95660424232,-1.16753709316,1.89547789097
49,10,H,11.38619656,12.67516109,13.68735879,1,0.250242084265,1.07198023796,-1.68032586575,-0.0834752544761
49,11,H,14.61180618,14.34435352,9.25322402,1,0.195109561086,1.46894299984,1.86143743992,-0.152416139841
49,12,O,12.48418359,8.72233751,9.04939155,-2,-0.476176381111,-0.660455465317,0.400293886662,-2.63515639305
49,13,O,13.90221365,14.92506275,11.77107154,-2,-0.561474263668,-0.842385709286,-2.58342766762,-4.45927000046
49,14,H,12.28090307,10.41295417,9.18811017,1,0.197190895677,0.714794874191,1.23266708851,0.589767694473
49,15,H,12.22309502,8.84173811,8.06937698,1,0.233917444944,1.24461221695,-0.11771941185,2.02435970306
49,16,H,9.59290796,13.12133741,13.23790147,1,0.245618700981,0.820502579212,1.0231449604,0.173382863402
49,17,H,14.5739758,8.79391063,11.0808177,1,0.230775266886,0.178177714348,-1.8508797884,-0.371859908104
49,18,O,12.02482282,15.54609091,8.21067548,-2,-0.364589691162,0.0947060137987,-2.97431635857,4.18046569824
49,19,H,11.84364675,11.14217695,13.41395717,1,0.249554798007,-0.628059566021,0.979191184044,0.662545323372
49,20,H,12,12,12,1,-0.0345150232315,-0.0164526607841,-0.121722057462,3.95853638649
49,21,H,9.80837135,17.31258918,10.51000498,1,0.261933594942,1.54090535641,-1.54586935043,-2.15600156784
49,22,O,9.06886,12.51658346,12.75692168,-2,-0.595790266991,-1.52040863037,-0.837648034096,-2.57474899292
49,23,O,10.44822345,12.38706249,10.09568294,-2,-0.405692815781,-4.09491920471,1.25617229939,-2.47685861588
49,24,H,13.73120758,13.8665823,11.38951346,1,0.202183708549,0.535555720329,4.82469654083,1.55377078056
49,25,H,10.16282365,9.82676893,11.82980294,1,0.213425591588,2.00442838669,4.09580039978,-0.143433824182
49,26,H,11.95773685,16.39798776,7.98990155,1,0.230993241072,0.714267134666,5.72289562225,-2.32578516006
49,27,O,11.26202847,13.94196814,11.89118814,-2,-0.452229619026,0.194436311722,1.64710390568,1.74640238285
49,28,H,11.04237107,18.49285841,7.43768043,1,0.239589840174,1.66641950607,-1.09376513958,0.730967402458
49,29,O,12.75270623,11.21334704,9.57246647,-2,-0.484804362059,-0.832931697369,-0.8248513937,-1.83213198185
49,30,H,9.47484936,12.35353158,11.82017352,1,0.243609786034,-0.536576092243,0.212941467762,3.28739333153
49,31,H,14.03755036,11.70958081,11.71129377,1,0.230630159378,-1.52396047115,-2.12116956711,-0.447015106678
49,32,H,14.31209339,13.14754643,13.44975605,1,0.239430934191,1.64943253994,-1.37828588486,-4.63782596588
49,33,O,13.23785425,13.81074934,9.22343033,-2,-0.524594187737,0.774177491665,-0.951075673103,0.0594462156296
49,34,H,11.95766472,15.06315506,7.47839946,1,0.279547959566,-0.221607461572,-3.51291489601,-4.9056725502
49,35,O,13.04318274,10.374601,11.75167341,-2,-0.408475875854,2.92258906364,-4.08196210861,1.22473835945
49,36,H,9.78288984,17.88880477,11.97634078,1,0.232372432947,0.732731699944,-0.0850421860814,1.26756131649
49,37,H,9.7232954,13.18978222,10.22197408,1,0.22679041326,2.38850593567,-3.01619124413,-1.04511713982
49,38,O,14.58019995,12.45571677,11.6990017,-2,-0.489507853985,2.54913139343,3.56409335136,-3.16118764877
49,39,H,11.97771578,11.74784682,9.79100041,1,0.193731695414,-0.223959594965,0.188822776079,0.158701896667
49,40,O,12.15822425,12.06876365,13.49507258,-2,-0.429843485355,-1.41205120087,-0.106379382312,-3.21396589279
49,41,O,11.71231128,17.90541958,7.91934059,-2,-0.497476398945,-0.697867155075,3.36121249199,-2.9537730217
49,42,H,13.06597792,9.67330095,12.54001424,1,0.227597236633,-0.173584714532,2.12999415398,-2.2866153717
49,43,O,10.56387866,10.86292629,11.77372077,-2,-0.546102285385,2.28442001343,-5.59385681152,-1.54664134979
49,44,H,14.67796906,12.86673082,10.7154866,1,0.247334510088,-0.15028989315,-2.09141850471,3.10448813438
49,45,O,15.15954709,15.21161688,9.17129668,-2,-0.593781113625,0.173966109753,-1.42591321468,-0.135962203145
49,46,H,16.07140924,14.89667015,9.19127745,1,0.232148438692,-0.0108432509005,0.331151872873,-0.0012105256319
49,47,H,11.58630736,16.14690775,10.36345094,1,0.243170037866,-2.44673061371,1.24112987518,-0.792553424835
49,48,H,13.72930447,9.85307259,11.04077172,1,0.253791332245,-3.25300645828,2.11218380928,2.32841014862
49,49,H,13.33674821,9.17775175,9.34197704,1,0.260661840439,-2.06105136871,0.223785281181,-1.68254983425
49,50,H,10.92872066,15.69268653,8.99174757,1,0.249711275101,-0.773377656937,1.74684500694,2.45959615707
49,51,O,13.84271293,8.16284523,10.82581283,-2,-0.513215899467,2.07523322105,0.125523850322,-2.72136211395
49,52,H,10.54861898,14.54972299,11.55949251,1,0.228438615799,1.15877652168,-0.286731570959,0.881958305836
49,53,O,10.69294055,16.44742639,9.86957824,-2,-0.504439294338,3.37406396866,-4.14191484451,-0.695707082748
49,54,H,11.71182032,14.32323174,12.74474311,1,0.239688560367,-1.30866789818,-0.321713984013,-2.70406794548
49,55,H,10.00531891,11.52372222,9.65220038,1,0.235568135977,0.848679661751,3.18173789978,1.69809186459
50,0,O,12.37042635,11.47791842,10.40060451,-2,-0.333270341158,4.10030221939,-2.336602211,-2.40781259537
50,1,O,11.13593479,13.7392142,8.81035378,-2,-0.530633032322,-1.22859990597,-2.34415555,0.577709853649
50,2,H,9.61356179,10.21951275,12.18553039,1,0.226576060057,1.33827233315,1.78298223019,0.122318536043
50,3,O,14.60754005,9.49078536,12.16330983,-2,-0.551898479462,-2.39040923119,2.30397129059,0.0778002440929
50,4,H,11.87259221,10.77631366,9.98124469,1,0.229601815343,-1.75511300564,0.119003251195,0.276192486286
50,5,H,13.98598247,10.31680114,11.90641752,1,0.267803907394,2.61807894707,-2.93521714211,0.591583788395
50,6,H,11.81514071,12.56730247,13.59127423,1,0.12911696732,-0.989206910133,-0.379124999046,-0.188257694244
50,7,H,10.95653522,14.07659662,13.0177731,1,0.186032474041,-0.757816255093,-0.31304705143,0.252668648958
50,8,H,15.22179956,9.16248944,11.50311113,1,0.25683760643,-0.300713896751,0.683393061161,-0.507817924023
50,9,H,10.74673678,9.9096548,11.34479852,1,0.233815148473,0.237710729241,1.12096834183,0.688292622566
50,10,H,11.60897771,13.31717546,9.57981351,1,0.251342833042,-0.827572703362,0.586039185524,-1.11112785339
50,11,H,10.55010235,12.44763644,14.62966971,1,0.210758671165,-0.403273999691,-0.215703725815,1.40686321259
50,12,O,11.30825465,14.65223344,12.29693442,-2,-0.498418390751,0.945713102818,0.727017879486,-0.869727790356
50,13,H,14.06655367,14.54132518,12.31192824,1,0.246919289231,0.169086694717,-2.37012147903,-2.54277634621
50,14,H,13.38407132,12.890036,12.60863569,1,0.182393401861,-1.87061798573,-2.61238884926,2.05322408676
50,15,H,10.37956777,13.06680281,8.63335297,1,0.247912555933,1.91773915291,1.83554005623,0.474926322699
50,16,O,10.48036263,12.75131005,13.74446398,-2,-0.591767132282,1.37601363659,0.450622916222,-0.730823278427
50,17,O,12.79075934,12.10040943,13.19749215,-2,-0.434292256832,-0.475579977036,2.47464203835,-5.89213228226
50,18,H,10.6166083,15.19927139,11.91648041,1,0.246579378843,-0.119409382343,-0.216141596437,0.257295370102
50,19,O,14.06085174,13.78183841,11.55936007,-2,-0.371481388807,0.348084539175,2.90872335434,2.77503466606
50,20,O,10.45550099,10.69508808,11.87987953,-2,-0.40742701292,-1.84121716022,-3.21543717384,-0.778790295124
50,21,H,13.3796511,14.15625252,10.98857976,1,0.255167514086,-0.364408761263,-0.0503661558032,-0.0885284990072
50,22,H,13.23868994,11.02208915,9.93664557,1,0.234356701374,-1.96405959129,2.65898752213,2.04670572281
50,23,H,12,12,12,1,0.313973665237,2.23699784279,-0.663584589958,3.51717948914
51,0,O,12.47124625,11.61350283,10.40417938,-2,-0.330648958683,0.0456872545183,-4.29370069504,-1.74620640278
51,1,O,11.2721567,13.86052092,8.79042324,-2,-0.469478815794,-1.99691832066,-2.69986152649,1.38281929493
51,2,O,8.77552058,13.3697253,11.50326879,-2,-0.456229090691,2.44818139076,-6.86564922333,0.0340703874826
51,3,H,9.81911066,10.20377551,12.03019391,1,0.22960588336,-2.1584405899,-0.378608107567,2.47289514542
51,4,O,10.39929821,15.93271179,10.58451325,-2,-0.455473423004,-3.61334657669,1.72908580303,-0.254759699106
51,5,O,14.71621779,9.55008905,12.09561386,-2,-0.544333159924,-2.02593755722,1.94814622402,0.121451482177
51,6,H,11.85971807,10.85042366,10.13867471,1,0.234144032001,-0.57005918026,2.35295963287,0.484771966934
51,7,H,14.26695003,10.45640545,11.86741505,1,0.268299818039,2.01478338242,-2.54414820671,0.471694588661
51,8,H,11.91672631,12.65809637,13.49940471,1,0.140841335058,-1.29535126686,-0.823024332523,0.812353014946
51,9,H,8.96390168,12.47011534,10.88319487,1,0.215188786387,-1.16998851299,3.97276163101,1.57732522488
51,10,H,9.65357424,9.689546,10.86300015,1,0.217853844166,0.0805598124862,-3.86097669601,-4.74205684662
51,11,H,10.89287129,14.20799945,12.85504989,1,0.185626298189,-0.325457692146,-0.568190455437,1.06787836552
51,12,H,9.8547046,8.24585834,10.98037055,1,0.246436744928,0.0605747811496,-3.08937311172,2.20866823196
51,13,H,15.40281913,9.24003193,11.50408671,1,0.257341086864,-0.031201325357,0.732662558556,-0.458982557058
51,14,H,11.08912231,10.02316393,11.35815424,1,0.233797803521,-0.801725685596,2.43170022964,2.03209352493
51,15,H,11.66626668,13.48632269,9.64385109,1,0.243892520666,-0.715733468533,0.572565257549,-1.68245792389
51,16,H,10.74913822,12.60614917,14.62277651,1,0.207352846861,0.00465008057654,-1.00986564159,3.70119953156
51,17,O,11.44393131,14.72429461,12.27131984,-2,-0.511374354362,1.67603170872,-0.0483275055885,0.073575809598
51,18,H,14.2927893,14.65098676,12.30028242,1,0.234592199326,-0.637132227421,-3.15748667717,-3.35194659233
51,19,H,9.223231,12.76325087,12.2963416,1,0.202321261168,-1.28978550434,3.11545348167,-1.43860280514
51,20,O,9.85550674,8.74117581,10.21244472,-2,-0.470459103584,-0.786216855049,6.11031150818,0.996999502182
51,21,H,9.3926406,15.71227068,10.70291798,1,0.261588573456,3.12382650375,0.0616587176919,-0.968886256218
51,22,H,13.14728909,12.94177968,12.67416252,1,0.193489462137,2.25374031067,2.44275331497,-1.28029692173
51,23,H,10.41045374,13.25683264,8.69151785,1,0.241387322545,2.74894952774,2.13080358505,0.279230475426
51,24,O,10.57953164,12.88892527,13.78322075,-2,-0.585433661938,0.99084675312,0.25390535593,-3.63338208199
51,25,O,12.9380276,12.17330819,13.1449912,-2,-0.403340816498,-4.66602325439,-1.77415823936,-1.57907068729
51,26,H,10.86939725,15.40643819,11.88071023,1,0.168115794659,0.4043225348,-0.0441759973764,-0.138026461005
51,27,O,14.15703914,13.87059436,11.52035108,-2,-0.446845024824,5.23050451279,1.64732575417,5.4456152916
51,28,O,10.53935297,10.76238405,11.86387144,-2,-0.351706922054,3.1765627861,-1.80714464188,-2.39715719223
51,29,H,13.42170186,14.14596953,11.10884714,1,0.251452475786,-4.46751737595,1.99689042568,-2.3067150116
51,30,H,10.88216194,15.33703394,10.00297763,1,0.245674610138,-0.868207991123,-0.458971172571,-0.368569254875
51,31,H,13.15248609,10.95206641,10.04716114,1,0.224786058068,0.759127378464,2.30740118027,0.887234270573
51,32,H,12,12,12,1,0.321534514427,2.40069556236,-0.382721602917,2.29723930359
52,0,H,10.65856998,11.27802543,14.62235187,1,0.252522170544,0.0859353244305,-0.665840566158,0.662792384624
52,1,O,12.47884916,11.76828776,10.3498804,-2,-0.360540091991,-3.18771338463,-2.14717316628,-0.181666910648
52,2,O,11.30154287,14.00335709,8.72625727,-2,-0.417753010988,0.820327460766,-0.0836178511381,1.95634484291
52,3,H,10.02633243,10.81100962,16.09395248,1,0.251590579748,0.7796215415,0.236898869276,-1.03229045868
52,4,O,8.84177439,13.45975428,11.44737219,-2,-0.504637479782,1.43331587315,-0.709245085716,2.89111995697
52,5,H,9.84152126,10.2116422,11.95349229,1,0.241046920419,0.122706875205,0.599795937538,1.55743765831
52,6,O,10.41419055,16.05866384,10.5467414,-2,-0.435582727194,1.17707455158,2.26008558273,-1.25993669033
52,7,O,14.73265989,9.65250284,11.99231443,-2,-0.54125392437,1.47213053703,-4.57297229767,0.2911632061
52,8,H,11.1241539,13.95770626,15.24186248,1,0.231515720487,0.458533734083,0.348057508469,1.22837030888
52,9,H,11.71842053,11.08969854,10.25044113,1,0.23486058414,0.386078745127,2.90176939964,-0.542622327805
52,10,H,14.52752253,10.49016698,11.76095528,1,0.277462244034,-0.885297060013,4.53455209732,-0.847541749477
52,11,H,11.91577142,12.71319978,13.36363471,1,0.168292284012,-0.91108494997,-0.924145817757,1.76068425179
52,12,O,9.88965444,11.04781024,15.15651375,-2,-0.49914881587,-1.33467841148,-1.03515839577,0.65009188652
52,13,H,8.92109033,12.79010781,10.78804778,1,0.247272104025,-0.100917026401,-0.778574466705,-0.755198836327
52,14,H,9.7359858,9.79646404,10.70048048,1,0.199892446399,-0.0120937228203,-1.87605535984,-3.78103280067
52,15,H,10.73820262,14.32661505,12.67436155,1,0.20076701045,1.96165323257,1.25889146328,-0.645307183266
52,16,H,9.3736826,15.25081159,16.5158323,1,0.236610338092,-0.501199007034,0.676461696625,0.0452072136104
52,17,H,9.7668581,8.41515734,11.10711799,1,0.22395157814,0.455003976822,0.504126369953,-4.09733247757
52,18,H,9.44052488,14.40790506,15.35264897,1,0.233305484056,-1.85838770866,1.9670021534,-0.75971019268
52,19,H,15.46306838,9.38589569,11.39544344,1,0.257322281599,-0.633835494518,0.209042698145,0.618195712566
52,20,H,11.28683559,10.32596299,11.43913188,1,0.243563756347,-0.77993953228,-0.27749684453,1.23021769524
52,21,H,11.59801116,13.70751453,9.5828626,1,0.253741532564,0.942973077297,-0.272136807442,0.496757805347
52,22,H,10.83848065,12.74208971,14.68306127,1,0.176042765379,-1.00789809227,0.478518098593,-1.91566586494
52,23,H,10.99599033,15.11928735,5.97747202,1,0.253328859806,-0.922238051891,-1.02953290939,1.00291001797
52,24,O,11.48892079,14.83132707,12.1947841,-2,-0.512019515038,-0.848511636257,-0.498574852943,0.810027062893
52,25,H,14.39466253,14.58733673,12.07946197,1,0.248183980584,0.786003947258,3.57867527008,3.27006626129
52,26,H,9.3412837,13.02009083,12.27001063,1,0.222130805254,-1.44671416283,1.42166864872,-2.02319121361
52,27,O,9.87300996,8.92794652,10.14200525,-2,-0.451090276241,-0.878703474998,0.378740727901,6.16665363312
52,28,H,9.51068311,15.88832753,10.63558498,1,0.270074993372,-2.33329820633,-0.543838262558,0.163260996342
52,29,O,10.99057675,13.54122029,16.13727037,-2,-0.436574876308,-1.36075222492,0.0841460451484,-0.192731410265
52,30,O,10.47614347,14.51763695,6.57475643,-2,-0.543916583061,-1.50727021694,1.62444221973,-4.77559661865
52,31,H,12.91120562,13.14405177,12.62155982,1,0.196853876114,2.41439628601,1.23878526688,-0.644856214523
52,32,H,10.00205894,13.33268078,16.04458102,1,0.229264125228,2.12033104897,-0.348171293736,1.04769468307
52,33,H,10.46770586,13.56802647,8.69836054,1,0.260098814964,-1.46088302135,-0.570006847382,-0.354339301586
52,34,O,10.58797527,13.06196286,13.75523166,-2,-0.561803400517,2.24152565002,-1.4010579586,-0.00930817425251
52,35,O,12.97560964,12.2759467,13.03658216,-2,-0.365478932858,-5.36219644547,0.0367050617933,-1.91043806076
52,36,H,10.97488426,14.38904827,7.32286116,1,0.200891837478,2.14793658257,0.11287368834,1.6761674881
52,37,H,11.04239656,15.63255389,11.73511283,1,0.161708876491,0.824998795986,-1.46798765659,0.796947658062
52,38,O,14.17122585,13.9954914,11.45401621,-2,-0.492206126451,-3.83286499977,-2.98859381676,-5.27314949036
52,39,O,10.53804681,10.85813907,11.78614603,-2,-0.356633275747,0.56805574894,-0.354156672955,-0.127235382795
52,40,O,8.86983228,15.15818414,15.68964934,-2,-0.512245297432,1.30315184593,-1.45778739452,0.10670683533
52,41,H,13.20206946,14.21518859,11.08662755,1,0.244900986552,3.30490446091,0.0171811431646,1.75920116901
52,42,H,10.78294243,15.36932455,9.99525097,1,0.25353962183,-0.114289596677,-0.118558160961,-0.519448399544
52,43,H,13.02476113,11.03277718,10.13572723,1,0.228707030416,2.88294672966,-0.336188286543,-0.297066509724
52,44,H,12,12,12,1,0.291440546513,2.59116315842,-0.0115487426519,1.75764715672
53,0,H,10.55382045,11.51729608,14.60797429,1,0.253493845463,2.81932401657,0.5558822155,-1.51950180531
53,1,O,12.34210579,11.92037181,10.2408183,-2,-0.408359020948,-0.37227332592,-1.82109189034,-0.320953607559
53,2,H,9.98131082,11.22537361,16.03337152,1,0.240727081895,0.0569863393903,-0.1500107795,-2.4015417099
53,3,H,9.72358709,10.24210053,11.91510323,1,0.254683345556,2.20624136925,1.5682888031,-0.451753497124
53,4,O,10.30320327,16.19215352,10.45014237,-2,-0.412386566401,-0.833770036697,-0.484947472811,-3.27174663544
53,5,O,18.03734488,9.02356829,8.06714207,-2,-0.523714065552,-0.420519709587,-3.28975629807,4.5906829834
53,6,O,14.62680226,9.75446718,11.85337129,-2,-0.440301388502,0.579012036324,1.73887777328,-1.4123301506
53,7,H,16.41012826,10.02936842,9.10635784,1,0.27036768198,-1.183604002,1.43616008759,-0.885208249092
53,8,H,11.0258636,13.99696544,15.11707143,1,0.23150151968,-0.449461817741,0.624157011509,1.35425686836
53,9,H,11.45597506,11.48693249,10.26186719,1,0.221405684948,0.195238158107,1.03925061226,-0.871331453323
53,10,H,16.50990877,10.37423508,10.86232993,1,0.282832980156,1.19921278954,-1.84295272827,-4.67850971222
53,11,H,14.59711753,10.68891037,11.53424498,1,0.242026686668,-0.848795294762,-0.283617943525,1.03032672405
53,12,H,11.76723934,12.70338177,13.23776895,1,0.175499647856,-1.16879236698,0.113453567028,2.00982379913
53,13,O,9.81431416,11.21661464,15.03424747,-2,-0.518122196198,-3.44817090034,-2.40924477577,4.42883968353
53,14,H,10.56016725,14.48476985,12.41150585,1,0.222172901034,1.77365767956,0.770224452019,-0.0674020797014
53,15,H,16.39310458,10.4599116,16.01082457,1,0.289146214724,3.08688855171,2.70939874649,2.06296396255
53,16,H,15.32537027,9.53477282,11.21837638,1,0.20825894177,-0.475582569838,-1.74685049057,0.178778022528
53,17,H,11.30196097,10.64311529,11.54752338,1,0.247963652015,-0.499010711908,-1.71189069748,0.854478180408
53,18,H,14.72315835,10.37801997,14.84255211,1,0.15363317728,-3.56771755219,0.791166961193,-1.31471586227
53,19,O,16.6508878,9.72699027,9.96570315,-2,-0.411152273417,-0.553708672523,1.54766774178,6.10758447647
53,20,H,16.25769206,9.35734865,14.98692372,1,0.298634588718,0.992139816284,-0.905191540718,-0.743824005127
53,21,H,10.73258965,12.90295741,14.55906626,1,0.177045613527,-0.999325215816,0.235128670931,-1.08253931999
53,22,O,11.39387715,14.94488276,12.06648506,-2,-0.510334134102,-0.357236385345,0.0850188434124,-0.105183675885
53,23,H,14.40861075,14.66412435,11.98116361,1,0.247297555208,-0.243960335851,1.53285312653,1.17263102531
53,24,O,13.73699911,10.58091024,14.44806203,-2,-0.569344341755,2.28252029419,-0.618842065334,-1.72525370121
53,25,H,9.35567495,16.04589545,10.47266618,1,0.271148055792,-0.529621064663,0.514404058456,0.468707054853
53,26,O,10.89569338,13.68095363,16.05835078,-2,-0.494049191475,-2.04126143456,-0.143551126122,0.666946768761
53,27,H,12.68695027,13.42193241,12.47213775,1,0.221877589822,1.91018104553,-2.60698080063,1.08093500137
53,28,H,9.9013896,13.39712193,16.10028875,1,0.237885981798,2.77719497681,1.10525870323,-0.319849818945
53,29,O,10.46703677,13.23728971,13.67240413,-2,-0.62746065855,2.62209653854,-1.15804088116,-1.17928862572
53,30,H,13.83006621,10.55078386,13.43146178,1,0.211623936892,-0.100766591728,-0.0507784113288,3.25373601913
53,31,H,17.76853625,9.38942946,9.0277903,1,0.180349364877,1.80513286591,-0.77631187439,-2.99648857117
53,32,O,12.85599019,12.3841058,12.8684238,-2,-0.31325250864,-6.68543624878,2.97313284874,-4.36872673035
53,33,H,11.10819318,15.77971375,11.53165201,1,0.18268814683,0.51857227087,-2.05497336388,1.73413026333
53,34,O,14.03931532,14.113474,11.32768104,-2,-0.497614085674,-3.10574245453,-1.39256155491,-3.18034267426
53,35,O,10.40333995,10.96047761,11.65150133,-2,-0.435379326344,-2.02411580086,-1.05011796951,0.0831454843283
53,36,O,15.81896877,9.92451926,15.58710556,-2,-0.426538735628,-2.59526276588,-2.39620184898,-0.637927234173
53,37,H,13.00378588,14.25850686,11.07175899,1,0.239856019616,3.71463608742,0.551394820213,1.46962583065
53,38,H,10.53813066,15.38742972,9.90150189,1,0.281780719757,0.156302198768,1.33410263062,0.772386074066
53,39,H,18.07618736,8.02023221,8.5048063,1,0.226045995951,0.0473019555211,3.4335694313,-2.37268781662
53,40,H,12.9058478,11.11582156,10.14777266,1,0.239423438907,-0.0946993082762,1.03930151463,-0.0429306924343
53,41,H,12,12,12,1,0.278638154268,3.85619544983,1.19522082806,2.6300599575
54,0,H,10.36950316,11.71021818,14.44924242,1,0.227192983031,-1.83780169487,-1.88064873219,0.282665938139
54,1,O,12.01210563,12.02358262,10.0534263,-2,-0.455961823463,0.91998052597,-0.908517122269,-0.0673825517297
54,2,H,9.74972337,11.51243455,15.77945763,1,0.203997612,-1.25974905491,-1.33336961269,-1.24815559387
54,3,H,9.52456302,10.30827099,11.81294934,1,0.253375053406,0.593493759632,0.41166049242,0.0996261537075
54,4,O,14.34133217,9.82214657,11.64839198,-2,-0.416941165924,0.834000825882,4.77341794968,-2.95539164543
54,5,H,10.74222586,14.00951414,14.97125714,1,0.229768931866,-0.745457708836,0.849520623684,-0.187294512987
54,6,H,11.02345618,11.88919573,10.11637626,1,0.229580387473,1.434035182,-0.836514055729,-0.36075335741
54,7,H,14.42015379,10.84719033,11.24210942,1,0.24950389564,-0.811312198639,-3.202511549,2.35553121567
54,8,H,11.44601818,12.62957171,13.09947467,1,0.225929543376,-1.46619284153,1.41334211826,1.35703527927
54,9,O,9.52787101,11.34083861,14.84206411,-2,-0.532999753952,-0.329672932625,0.462920486927,-0.316114068031
54,10,H,16.31447164,10.4407867,15.80447267,1,0.268552184105,-1.14040029049,-0.208219915628,-0.508037149906
54,11,H,14.95897854,9.57709258,10.94668533,1,0.227276399732,0.196292549372,-1.42490315437,0.188396736979
54,12,H,11.07509304,10.81766108,11.61239416,1,0.256246030331,-3.72144150734,-0.611003220081,-0.20685480535
54,13,H,14.42151838,10.43013213,14.63697258,1,0.153763011098,-4.05881881714,1.21031284332,-1.70798635483
54,14,H,16.01042359,9.37098586,14.65321291,1,0.287426382303,-1.80429768562,2.23419189453,2.54358291626
54,15,H,10.38389584,13.01960948,14.28594528,1,0.182636320591,0.00568480789661,-2.1589217186,4.33377408981
54,16,H,14.22535139,14.77619826,11.91222765,1,0.246986165643,-3.12928009033,-2.30661201477,-3.51743602753
54,17,H,10.93006907,12.16331707,16.37603791,1,0.208937272429,1.31033730507,1.04055583477,0.384894311428
54,18,O,13.4075848,10.65943594,14.22879048,-2,-0.562654435635,3.04694747925,-0.693555831909,-2.07508540154
54,19,H,12.27660913,11.24793628,16.54104697,1,0.250089645386,-3.60037779808,0.277499049902,-0.961255371571
54,20,O,10.60440166,13.7788291,15.89891902,-2,-0.448221504688,0.072547480464,0.358786255121,2.78839015961
54,21,H,12.39646714,13.51313991,12.31078406,1,0.263275772333,1.04388260841,-3.49683952332,0.818792045116
54,22,H,9.69621231,13.46616808,16.08644768,1,0.247933998704,0.412429630756,0.956138312817,-0.976214528084
54,23,O,10.16015841,13.36731348,13.50600991,-2,-0.693632543087,2.39595794678,1.65122842789,-6.82788181305
54,24,H,13.50509289,10.65218294,13.19187802,1,0.20681360364,-0.0264398604631,-0.186082318425,3.85458946228
54,25,O,12.51922176,12.45968295,12.60957801,-2,-0.240437865257,-1.18322432041,4.90562343597,2.11569929123
54,26,O,13.70900779,14.17832086,11.12079011,-2,-0.465687632561,6.28989458084,1.74662458897,3.13171935081
54,27,O,10.07300367,11.02150575,11.43970177,-2,-0.468837201595,2.52681612968,-0.780749499798,0.296247243881
54,28,O,11.2528686,11.26917556,16.26344223,-2,-0.48165845871,5.55392360687,-1.52085089684,2.62759685516
54,29,O,15.53232102,10.03090118,15.35288506,-2,-0.37650603056,4.28781318665,-2.73549246788,-1.39576756954
54,30,H,12.80450133,14.2570204,11.03145699,1,0.25487357378,-2.84619641304,1.3546102047,-0.43543073535
54,31,H,12.60586549,11.19010293,10.06022191,1,0.243769526482,-2.37589383125,1.71996665001,-0.309266299009
54,32,H,12,12,12,1,0.225610077381,-0.58748281002,-1.08160889149,-3.12222981453
55,0,O,11.70773131,12.25713814,10.10130043,-2,-0.51841199398,-0.760420978069,2.52945685387,-0.476098686457
55,1,H,9.38236125,10.51786495,11.95227106,1,0.228967443109,-1.59363412857,-1.02994954586,0.507986307144
55,2,O,14.09026978,10.04314368,11.68415919,-2,-0.472185105085,1.40648639202,2.16377472878,-3.20948457718
55,3,H,10.70182312,12.36432967,10.14938799,1,0.246279090643,2.26152467728,-1.87134182453,-0.149439364672
55,4,H,14.2165662,10.96768404,11.27331701,1,0.264364242554,-0.627428352833,-1.10930991173,1.63094389439
55,5,H,11.1803586,12.73445176,13.21880028,1,-0.00789079070091,1.30235373974,-0.282663375139,-0.26907902956
55,6,H,15.38426662,11.91092024,14.32039587,1,0.248804882169,-0.904050827026,2.65478086472,-2.04664516449
55,7,H,14.60261886,9.68552183,10.9088167,1,0.217209935188,-0.649019241333,-0.874818205833,1.29161381721
55,8,H,14.64980907,12.72985299,13.01136893,1,0.27295807004,0.923947453499,-0.614745140076,1.84440135956
55,9,H,10.68957839,11.06540007,11.87811201,1,0.233229830861,-1.81211364269,0.464382171631,-1.06904435158
55,10,H,13.93430883,10.66095444,14.60312322,1,0.244992315769,1.59886193275,-0.69938313961,0.710582256317
55,11,O,15.18888247,12.81538894,13.85146715,-2,-0.571692407131,0.373159587383,-1.60236656666,0.109666615725
55,12,H,13.92538585,14.86618374,11.91204228,1,0.248029917479,-1.81851577759,-0.865711450577,-1.73518383503
55,13,O,13.11340016,10.87293806,14.23361437,-2,-0.564116299152,-2.51266503334,0.278409451246,4.03627920151
55,14,H,12.18857112,13.59826551,12.41955415,1,0.240308821201,0.307242453098,1.84143853188,-1.39867949486
55,15,H,13.19055721,10.86347745,13.3456831,1,0.251818925142,0.652369558811,-0.266442596912,-4.15495586395
55,16,O,12.19768619,12.68608014,12.59740255,-2,-0.282223075628,-1.40165138245,-1.15564799309,5.75823736191
55,17,O,13.4251806,14.37729512,11.16784789,-2,-0.515014231205,4.22683191299,0.900235593319,1.00880491734
55,18,O,9.77484114,11.21882407,11.46574299,-2,-0.508296728134,2.30107545853,-0.146267443895,0.790486693382
55,19,H,12.50117368,14.43855724,11.21039278,1,0.242110610008,-1.75539410114,0.913330495358,-0.144898220897
55,20,H,12.22075886,11.45373528,10.17701284,1,0.239448323846,-1.24485254288,-0.842859208584,-0.393800765276
55,21,H,12,12,12,1,0.261308431625,-0.274107098579,-0.384302437305,-2.64169430733
56,0,O,11.46272137,12.57088489,10.3669365,-2,-0.509313941002,2.23996210098,2.86235618591,-1.24565267563
56,1,H,10.11546529,10.07012758,13.64790881,1,0.240683764219,2.33624720573,0.15575774014,0.0831364914775
56,2,H,15.67538245,12.50128504,9.75068171,1,0.225783705711,-2.46357250214,0.0790279135108,2.64358758926
56,3,H,9.21245504,10.75260681,12.2943023,1,0.214845657349,-1.46326005459,0.348486542702,-2.17868638039
56,4,H,13.28138423,9.85772513,9.52697597,1,0.246329441667,-2.58938670158,-1.53815186024,3.01691842079
56,5,O,13.90895268,10.34611019,11.94191884,-2,-0.492101699114,1.84019637108,-5.23483848572,2.22212123871
56,6,H,10.54807148,12.79167888,10.3760736,1,0.240839406848,-1.06968665123,-1.30727148056,0.13792014122
56,7,H,14.05041984,11.12993594,11.56382797,1,0.222340136766,1.12181782722,5.57354974747,-1.93277692795
56,8,H,11.02292245,12.97216706,13.49662945,1,0.160129636526,2.84238123894,0.0371686518192,-1.7190682888
56,9,O,12.58492238,9.67058061,10.32419322,-2,-0.474260270596,-0.42584297061,3.50340867043,-7.55232954025
56,10,H,10.95750884,9.29416098,11.43264748,1,0.240995213389,0.039151340723,0.337267547846,0.174144297838
56,11,O,15.03264184,12.39517538,10.57367855,-2,-0.50377124548,0.104558050632,1.69822728634,-2.32980251312
56,12,H,15.06135108,12.22438273,14.55885211,1,0.240737363696,-0.443699270487,1.72851455212,-1.2956045866
56,13,H,14.28691816,9.83906996,11.15455656,1,0.218529388309,-0.526908278465,0.554752230644,2.32772707939
56,14,H,14.30700678,12.93397422,13.25929676,1,0.255908668041,2.21414685249,0.118327639997,3.15388464928
56,15,H,10.27497893,11.38797739,12.28267759,1,0.222863346338,3.12524247169,1.09853219986,0.438740313053
56,16,H,13.6280779,10.92105174,14.87388076,1,0.238210529089,3.20239591599,-1.37506055832,1.38518464565
56,17,H,14.28368686,13.11021925,10.57190199,1,0.256806671619,2.12626099586,-1.36410188675,-0.48109999299
56,18,O,9.30340964,9.75543542,13.97902022,-2,-0.516369283199,-4.09568309784,2.49155712128,0.00396300107241
56,19,O,11.13596549,9.30722311,12.38679075,-2,-0.459799766541,-0.638776123524,-1.89261102676,-0.289424031973
56,20,O,14.9435999,13.10619457,14.0915654,-2,-0.570412158966,-1.3980730772,-1.43755567074,-1.92766022682
56,21,H,13.64623725,14.97214645,12.09947605,1,0.252443313599,4.30931186676,3.81412935257,7.01579809189
56,22,O,12.86950066,11.16520356,14.45838245,-2,-0.551155924797,-4.1141667366,1.12791407108,-0.36257404089
56,23,H,10.48693463,8.6324603,12.72815839,1,0.238532483578,1.02646124363,0.882223188877,-0.368614703417
56,24,H,12.07031125,13.86987285,12.66804496,1,0.227895185351,0.705792605877,2.6649081707,-0.452726334333
56,25,H,12.9516702,11.11780929,13.51701267,1,0.241910621524,0.696931481361,-0.679001390934,-0.468321949244
56,26,H,8.73309857,10.58348207,13.68999801,1,0.239039003849,0.819974839687,-2.5372698307,1.85488581657
56,27,O,11.93279502,12.9796802,12.82665961,-2,-0.32050549984,-4.05458068848,-4.04818058014,3.90623641014
56,28,O,13.21696578,14.64482175,11.44560349,-2,-0.48435536027,-7.62725925446,-3.05484580994,-7.03755712509
56,29,O,9.54714692,11.49285469,11.71573669,-2,-0.487039864063,-2.47154188156,-1.46374833584,0.798772513866
56,30,H,12.68083486,8.9633525,10.88479587,1,0.257132351398,1.22881984711,-2.70178771019,1.68115913868
56,31,H,12.15857303,14.741075,11.57728663,1,0.244670212269,4.09115409851,0.385476499796,-1.17623066902
56,32,H,11.82851198,11.71391916,10.47526388,1,0.244994670153,-0.911037683487,-1.90693545341,-0.433148622513
56,33,H,12,12,12,1,0.197464451194,0.222666949034,1.07977473736,0.407099246979
57,0,O,11.23136845,12.74120268,10.58270635,-2,-0.465637713671,3.72911524773,-2.35579705238,-1.08151817322
57,1,H,15.52199755,12.36335276,9.84850071,1,0.234813213348,-3.21782946587,1.84353148937,1.9233288765
57,2,H,8.94641438,10.86572163,12.46665692,1,0.229815512896,-0.890837371349,0.50504899025,-1.65681815147
57,3,H,13.04831635,9.98974428,9.80664582,1,0.2563123703,-1.36320221424,-0.904845952988,1.54614412785
57,4,O,13.73529804,10.48921498,12.1593985,-2,-0.471862822771,1.07071495056,1.93217694759,1.12486147881
57,5,H,15.14790802,10.56705473,9.45923117,1,0.244089975953,-1.72085654736,1.20510292053,-2.46491670609
57,6,H,10.33322646,12.96596204,10.56078362,1,0.243493527174,-2.19509983063,-0.440852940083,0.211054727435
57,7,H,15.90438065,11.42440927,10.76861149,1,0.249620184302,-1.47696018219,-4.50662612915,-1.95871984959
57,8,H,13.93019695,11.37897114,11.71300364,1,0.20264223218,0.223358154297,-1.53704178333,0.457423388958
57,9,H,10.94678734,13.11272444,13.62459596,1,0.241481482983,-0.700309693813,-0.260428607464,1.25505304337
57,10,H,16.07115438,13.57074238,16.66197642,1,0.234036907554,-1.477820158,-0.00944912433624,0.738087296486
57,11,O,12.31947518,9.79216152,10.47257612,-2,-0.464203715324,-0.255325376987,-0.866764485836,-2.19846868515
57,12,H,10.85284001,9.46857392,11.70932958,1,0.255617380142,-1.26810312271,-0.206193551421,-5.02602863312
57,13,O,13.4993018,17.20177783,13.35940396,-2,-0.551082313061,0.798155426979,-0.0502587035298,-0.35179901123
57,14,O,12.12447569,15.49309478,14.42113418,-2,-0.56476598978,-2.61000418663,-2.20056438446,-1.71344447136
57,15,O,14.79335674,12.55746326,10.71733531,-2,-0.521607875824,-1.24774312973,2.30503129959,-1.33658063412
57,16,H,14.72403967,12.42343997,14.70099683,1,0.246485725045,0.332813441753,-2.49320530891,0.851131796837
57,17,H,13.95745803,9.86886229,11.45536065,1,0.219867393374,0.897458016872,0.580161809921,0.563338220119
57,18,H,14.81624564,13.43774944,15.76490006,1,0.185950636864,0.301837950945,1.31437778473,4.37078285217
57,19,O,15.08585404,13.51144363,16.8264328,-2,-0.583939015865,1.17736387253,-0.463711738586,-3.82686018944
57,20,H,14.06799384,13.01414741,13.6040574,1,0.264856994152,-0.994459152222,0.253064393997,-0.723453819752
57,21,H,10.00180935,11.62256967,12.63765545,1,0.234806761146,0.493456572294,0.992445528507,-1.14133787155
57,22,H,17.22160036,12.14001968,8.31207722,1,0.258925110102,0.340050160885,-2.1796412468,1.40796434879
57,23,O,16.4815625,12.42377704,8.884169,-2,-0.348650068045,2.29761528969,1.02278578281,-3.18499135971
57,24,H,13.4940117,10.9745368,15.19274944,1,0.219827234745,-3.58402109146,0.923261106014,-2.85266828537
57,25,H,11.40081671,14.91229071,13.89922699,1,0.228273332119,2.54847598076,3.15822052956,2.31726503372
57,26,H,13.92900344,13.13835077,10.67086071,1,0.243098437786,2.67110848427,-1.09025549889,-0.292079299688
57,27,H,13.36119238,17.97795321,13.9100319,1,0.250147044659,0.0155896693468,-0.00652172416449,-0.377194344997
57,28,O,15.68523261,10.46376315,10.18342506,-2,-0.568396031857,4.03991365433,0.0360641404986,4.83737754822
57,29,H,13.30783224,17.15043348,12.22137205,1,0.221765905619,0.405175626278,0.908118724823,3.88139510155
57,30,O,10.90795295,9.41413878,12.59156468,-2,-0.497972011566,0.024467587471,-1.00737416744,6.7707695961
57,31,O,14.69803123,13.24056742,14.27272391,-2,-0.451273739338,0.885883629322,1.68514788151,-1.47009515762
57,32,H,12.13103895,16.69917878,10.84575746,1,0.297013372183,0.606257557869,-0.206761822104,0.446184873581
57,33,H,13.5385208,15.04643302,12.51141775,1,0.239973455667,-1.51896238327,-0.479494720697,-1.95704638958
57,34,O,12.61733718,11.3139312,14.62827475,-2,-0.506382107735,3.0447807312,-1.42285776138,-0.214004054666
57,35,H,10.28506301,8.81489603,13.07554509,1,0.25496172905,0.864693582058,0.780632257462,-1.4506970644
57,36,H,11.99567232,14.09693637,12.81206286,1,0.224299937487,-0.407132267952,-4.0038561821,1.09882926941
57,37,O,12.94677692,17.13785366,11.15504302,-2,-0.331127583981,-1.63208663464,1.34620320797,-5.1879940033
57,38,H,12.73352127,11.18619854,13.58252505,1,0.225629985332,0.519443511963,-0.563434004784,3.87517905235
57,39,O,11.66399694,13.10111807,13.01661576,-2,-0.380849808455,1.47401022911,1.59386718273,-1.33215892315
57,40,O,12.99718845,14.75028379,11.67101629,-2,-0.407347559929,-0.59871083498,0.893871903419,1.97424280643
57,41,O,9.32176872,11.61415188,11.92520687,-2,-0.477013230324,-0.280265450478,-1.6717158556,2.85107946396
57,42,H,12.56900341,9.15072384,11.19694311,1,0.255014359951,-0.209246724844,1.0471329689,-1.46264946461
57,43,H,11.99137733,14.92143142,11.8356267,1,0.230313196778,2.75148582458,0.220000594854,-0.978023648262
57,44,H,12.88750245,18.00833989,10.70723486,1,0.287371695042,0.405586242676,-0.394873708487,0.612684488297
57,45,H,12.6603595,16.23893449,13.8951191,1,0.163372814655,-0.846854329109,-0.712432563305,0.418126612902
57,46,H,16.45616132,13.15707462,8.26268,1,0.266441524029,-1.81467866898,1.67627120018,0.700540304184
57,47,H,11.3819074,11.72537662,10.67657472,1,0.23443569243,-1.13832736015,2.23277449608,-0.671538591385
57,48,H,12,12,12,1,-0.0526438355446,-0.469974815845,1.57966637611,0.67824280262
58,0,O,11.03821442,12.81180977,10.7683395,-2,-0.432376027107,-1.81685125828,-3.76739025116,-1.1435239315
58,1,H,9.83178901,10.01320738,14.03368985,1,0.231534868479,-2.07705664635,1.41229391098,0.946826219559
58,2,H,15.23970989,12.25604788,10.0133411,1,0.250882804394,-3.18435239792,2.47979474068,1.16957616806
58,3,H,8.63875215,10.93174856,12.50201562,1,0.224844425917,-0.420540601015,-0.666439592838,0.38952589035
58,4,H,12.80352847,10.01532116,10.1221219,1,0.251988351345,4.31320381165,1.34478318691,-3.14772725105
58,5,O,13.58970018,10.54897518,12.35297706,-2,-0.464992165565,1.0140901804,4.61602401733,1.27950716019
58,6,H,14.88805055,10.65483029,9.61183051,1,0.233395427465,0.776679754257,0.069589458406,0.78896266222
58,7,H,10.03992297,12.99317541,10.73416701,1,0.220478057861,1.94844460487,0.125247091055,0.272606939077
58,8,H,15.70579126,11.50477195,10.84957114,1,0.248959839344,-0.659979343414,-5.14573049545,-0.916604697704
58,9,H,13.85156742,11.49646171,11.82994777,1,0.201934933662,-0.282778024673,-3.5507133007,1.22097504139
58,10,H,10.7800095,13.20953251,13.8037022,1,0.249511271715,-1.75553274155,0.503751397133,2.62654256821
58,11,O,12.07915807,9.82312287,10.58602714,-2,-0.447786420584,-3.7645072937,-3.99272823334,4.554728508
58,12,H,10.69679355,9.51249238,11.72927492,1,0.250162303448,-1.05426108837,-0.732245922089,3.35221886635
58,13,H,8.9938139,11.02266584,10.34347141,1,0.234557271004,-2.10157680511,-4.23912525177,0.754117071629
58,14,H,8.2759589,10.0691378,11.37349415,1,0.249241411686,-1.49503695965,-0.674459457397,5.03858613968
58,15,O,14.56929631,12.62792596,10.82898485,-2,-0.496250391006,4.31445264816,-1.06344747543,-0.152980223298
58,16,H,14.44131867,12.39946778,14.86965091,1,0.236831337214,0.812424302101,1.49577116966,0.0992521569133
58,17,H,13.67315636,9.83675761,11.75695635,1,0.222579076886,1.41913557053,-0.241351172328,-0.751637816429
58,18,H,13.79660704,13.01811367,13.86203348,1,0.252170056105,-2.21184158325,0.0511277876794,-2.11244916916
58,19,H,9.78905097,11.83759531,12.89724076,1,0.234503626823,-1.55525147915,-0.342729568481,-2.48255133629
58,20,H,17.08638967,12.13861054,8.41019799,1,0.256026387215,-2.3148920536,-0.315230280161,2.79409217834
58,21,O,16.2920773,12.4483507,9.06423533,-2,-0.358231008053,4.07199192047,0.890556395054,-5.04696702957
58,22,H,13.20597194,11.00600706,15.3653478,1,0.222683385015,-3.04645323753,0.787308633327,-2.65420079231
58,23,H,13.75004961,12.98942911,10.70930907,1,0.258775502443,-3.34392309189,2.0245115757,-1.22029328346
58,24,O,8.88644323,9.9556183,14.41418925,-2,-0.540882050991,2.21305060387,-2.17049574852,0.807136058807
58,25,O,15.51196032,10.50288561,10.35328041,-2,-0.539282917976,1.16004431248,1.22762608528,1.00812995434
58,26,O,10.71045294,9.42806945,12.78816683,-2,-0.469083547592,2.77786517143,1.26104474068,-3.33542656898
58,27,O,14.48066056,13.28772741,14.42029082,-2,-0.535065174103,1.47513198853,-1.17082464695,1.84493160248
58,28,H,13.40358718,14.99893962,12.81540546,1,0.26423561573,-2.3941450119,-0.645602226257,-3.96528291702
58,29,O,12.40192645,11.3691033,14.76191918,-2,-0.485094100237,2.38245010376,-1.09933078289,2.95145606995
58,30,O,8.46631203,10.06167067,10.51956793,-2,-0.619391918182,2.57365584373,1.46555519104,-6.64581441879
58,31,H,10.12267368,8.90693344,13.28553029,1,0.241736516356,-1.35840249062,-2.20201897621,-0.749477505684
58,32,H,11.90078132,14.01795038,12.96851866,1,0.208468660712,-1.14630186558,-2.53429555893,0.686298549175
58,33,H,12.54193583,11.13877091,13.82727084,1,0.23241353035,0.552946448326,-0.61861115694,0.435957252979
58,34,H,8.11864352,11.63743839,8.78921746,1,0.24978774786,0.617019593716,-0.44749930501,2.57638120651
58,35,H,8.33134196,10.65549044,14.18023159,1,0.260844230652,-0.923041403294,1.78341579437,-0.273464769125
58,36,H,9.08226343,12.50109044,8.37709847,1,0.242594346404,0.989743709564,-0.541045486927,3.49864411354
58,37,O,11.43291632,13.13175815,13.17257771,-2,-0.423242926598,2.86066174507,0.661132216454,-1.77879691124
58,38,O,12.80535472,14.76312396,11.88598427,-2,-0.4090051651,5.87853145599,0.391189366579,3.28146076202
58,39,O,9.12558171,11.64139784,12.1193874,-2,-0.436386704445,2.25652432442,2.83955860138,3.37465119362
58,40,H,12.47431163,9.24346884,11.40974082,1,0.258631914854,-2.27366733551,1.95691168308,-2.95806932449
58,41,H,11.94259744,15.04492029,12.01028793,1,0.248029559851,-2.6644320488,1.74345219135,-0.127311423421
58,42,O,8.8769567,12.03855803,9.33212066,-2,-0.336221039295,-1.60537838936,2.5301630497,-7.22430562973
58,43,H,16.17436222,13.23850223,8.49232108,1,0.261331915855,-0.922374248505,0.133089631796,1.18619084358
58,44,H,10.89596687,11.75150248,10.79784409,1,0.219762414694,0.946748912334,3.12022852898,-0.417383015156
58,45,H,12,12,12,1,-0.225605070591,-0.98221719265,1.24718987942,0.165515512228
59,0,O,10.91426782,12.76290667,10.92065788,-2,-0.392636299133,-2.90490198135,-2.57740259171,-1.56883144379
59,1,H,9.6778822,9.92321152,14.25740778,1,0.23315140605,0.0563193485141,1.74408781528,-0.22123016417
59,2,H,14.89086041,12.21768476,10.19579727,1,0.23831269145,0.290622115135,0.44570800662,-1.91863203049
59,3,H,8.3583211,10.89406337,12.53366629,1,0.243514463305,1.09239757061,1.4684022665,2.31209826469
59,4,H,12.80328954,10.01179606,10.28374611,1,0.237069606781,-2.42238473892,-0.145153522491,0.0553703531623
59,5,O,13.52104324,10.52113387,12.51886257,-2,-0.448018968105,0.637589395046,0.825087785721,0.191156759858
59,6,H,14.73644156,10.61822626,9.73761645,1,0.250789433718,2.27501106262,-0.789073288441,2.14826703072
59,7,H,9.91019607,12.90698236,10.90373973,1,0.209188178182,1.4365221262,1.99203431606,0.447288811207
59,8,H,15.55090211,11.23017728,10.88283818,1,0.240993261337,1.25876450539,3.73654794693,2.89208364487
59,9,H,13.8361927,11.32373975,11.96915676,1,0.211642026901,-0.350021511316,-1.86542248726,0.77546787262
59,10,H,10.5330816,13.26290204,14.07653449,1,0.236810654402,3.78982186317,-0.485887169838,-2.8129734993
59,11,O,11.90661265,9.7392082,10.68203294,-2,-0.420783102512,2.77988767624,-0.150354012847,-1.49741613865
59,12,H,10.545281,9.38046479,11.8669222,1,0.24401126802,-0.80899643898,-0.425180524588,4.00092697144
59,13,H,11.61987088,14.42572966,9.24617541,1,0.250779002905,2.09102010727,1.23724460602,2.77585434914
59,14,H,9.01495845,10.99637777,10.47412415,1,0.258419007063,-3.06752705574,-5.06659460068,0.102875500917
59,15,H,8.21339103,10.30322994,11.643444,1,0.202310755849,-0.660293221474,-3.37319540977,-4.9840760231
59,16,O,14.42455872,12.58316161,10.91209432,-2,-0.425478428602,-1.35930252075,2.06696295738,1.720271945
59,17,H,14.29019922,12.27071104,15.02219964,1,0.224133491516,0.760821461678,3.54360127449,-1.28402137756
59,18,H,13.51221785,9.70138151,11.99001112,1,0.228276848793,1.2935218811,1.34345841408,0.805449426174
59,19,H,13.49809261,12.93366505,13.9744564,1,0.231041431427,2.34467959404,1.2288800478,1.56667304039
59,20,H,9.56760026,11.94150078,12.99847224,1,0.249907597899,-0.265897154808,-0.777050077915,0.15130841732
59,21,H,12.85867788,10.99019932,15.41594578,1,0.247034236789,4.17827033997,-2.76994037628,4.30001449585
59,22,H,13.52876307,12.7946686,10.62734412,1,0.265710830688,-0.101985193789,0.289978802204,-0.268940865993
59,23,O,8.77962279,9.89257917,14.59524735,-2,-0.527694046497,-3.55183887482,1.41920614243,0.758924007416
59,24,O,15.4138219,10.44623122,10.50257818,-2,-0.488272964954,-2.07874584198,-5.54431152344,-5.26760911942
59,25,O,10.59780431,9.34245832,12.94865524,-2,-0.472841978073,1.43946409225,0.0669531673193,-3.39291906357
59,26,O,14.34103164,13.22552689,14.5397719,-2,-0.512876868248,-2.96268987656,-4.49475622177,-0.362253248692
59,27,H,13.22067529,14.79964011,12.87780384,1,0.265721201897,0.910575687885,0.52949154377,0.847074866295
59,28,O,12.26941914,11.31859508,14.86802746,-2,-0.499579250813,-4.92938423157,3.74990844727,0.196500003338
59,29,O,8.33408101,10.00489966,10.65371404,-2,-0.650413811207,2.12390494347,3.11343121529,2.44062256813
59,30,H,9.95180744,8.79636654,13.39547737,1,0.234629750252,-0.350523680449,-0.978457212448,-1.21149539948
59,31,H,11.8241147,13.71461464,13.11721024,1,0.205655992031,3.49512028694,5.1553478241,-1.00534081459
59,32,H,12.43074098,10.94522568,14.0635096,1,0.240481674671,0.595339655876,-1.82529115677,-3.76048970222
59,33,H,8.01831729,11.56574946,8.93668896,1,0.25921061635,0.429812848568,-0.772036075592,2.59394526482
59,34,H,8.1251609,10.67497042,14.37412651,1,0.252129167318,2.79679226875,-2.32720422745,0.720739662647
59,35,H,8.92645395,12.47776972,8.74549096,1,0.253124624491,2.25611877441,2.16864562035,-0.801642894745
59,36,O,11.29072213,13.05202071,13.29130764,-2,-0.396604090929,-7.73942565918,-5.31690120697,5.26088809967
59,37,O,12.70904745,14.6680825,12.09340359,-2,-0.393574893475,-0.511922359467,0.593982100487,1.31036281586
59,38,O,9.01440396,11.57082392,12.29511434,-2,-0.412518382072,0.0773211196065,2.5055077076,0.551851332188
59,39,H,12.33639147,9.29151686,11.42998971,1,0.230975657701,-1.66173899174,-0.256927281618,0.0257076509297
59,40,H,11.83826823,15.1278263,12.16544492,1,0.276106268167,1.15595114231,-0.115152224898,-0.343912124634
59,41,H,12.72012003,14.60826473,10.61464335,1,0.226637050509,-0.713879823685,-0.302004516125,-1.34822547436
59,42,O,8.7330242,11.98588796,9.51990644,-2,-0.338705539703,-2.65444588661,0.592280387878,-3.1177110672
59,43,H,10.53096753,11.83681913,10.85955217,1,0.220887422562,2.47307777405,-0.112511709332,-0.0771693512797
59,44,O,12.10528993,15.0038088,9.9607966,-2,-0.568489909172,-1.81117653847,-0.284536749125,-3.80898761749
59,45,H,12,12,12,1,-0.220166921616,-1.13164436817,0.938595235348,0.102156460285
60,0,O,11.51034532,14.19558328,13.28138884,-2,-0.457608133554,2.0833864212,1.52546513081,-0.592247068882
60,1,H,14.54650185,9.23570282,12.89353898,1,0.219731792808,0.114578589797,-0.397989779711,0.63952678442
60,2,H,10.68746062,12.65868487,9.88571059,1,0.232716053724,-3.78782272339,-1.4992415905,2.27269697189
60,3,H,9.4915186,15.42114465,11.26387848,1,0.270922094584,-0.116514451802,-0.68273794651,-0.560463786125
60,4,H,9.18045502,13.32574383,10.27860715,1,0.242304742336,2.5858232975,-4.70547294617,1.09174251556
60,5,O,13.97765809,13.77852428,11.79707481,-2,-0.564587712288,0.471733033657,-0.0313044041395,0.608441829681
60,6,H,14.33428803,11.2248958,14.73567336,1,0.240689069033,0.32396376133,0.0643802955747,-0.158047527075
60,7,H,13.85562538,11.52998412,10.18951105,1,0.225884586573,-0.494237393141,-1.0855653286,-0.523601412773
60,8,H,12,12,12,1,0.0279699265957,1.91720211506,0.0469097755849,-0.99122262001
60,9,H,12.46007828,14.12453365,13.06349418,1,0.245800226927,0.548756957054,1.55447912216,-1.67426812649
60,10,H,9.29104519,12.47233401,12.93574188,1,0.248840332031,0.681205511093,-1.91698694229,-0.933836936951
60,11,H,15.86896449,11.40515765,12.25946607,1,0.265551716089,-1.18620598316,1.95297622681,0.745704770088
60,12,H,13.61594269,13.44660434,10.98001197,1,0.226247817278,-0.644251286983,0.410299569368,-0.216203451157
60,13,H,14.56819581,11.21294752,8.66413352,1,0.269506812096,1.1049785614,-1.5159907341,-0.86697947979
60,14,H,11.66002835,13.46937907,13.78981899,1,0.263524889946,-1.28439342976,-3.94537568092,3.13796401024
60,15,O,12.8267132,11.76590777,10.9541414,-2,-0.444656908512,4.11841869354,0.443378269672,7.50224876404
60,16,O,14.51893761,9.90774004,12.2261536,-2,-0.570143759251,-1.71286511421,1.94118487835,-1.29422926903
60,17,H,12.05656049,11.75423644,10.60985029,1,0.236729875207,-8.16234016418,-0.631542146206,-5.39966678619
60,18,H,10.65489514,14.85272448,12.35022766,1,0.217580199242,-0.326749801636,-0.86969268322,-0.628103911877
60,19,H,16.51831757,12.700786,12.83996006,1,0.25032043457,0.554066359997,0.710097908974,0.253922373056
60,20,H,10.17358507,9.26889671,17.01800534,1,0.230130940676,0.672327101231,-2.65949845314,-1.24063670635
60,21,O,14.20204622,11.81713295,9.27421371,-2,-0.402178049088,0.0149626471102,1.61948573589,-0.997695684433
60,22,H,12.47764174,9.2519561,12.26773491,1,0.243388622999,-0.526132881641,-0.622286558151,-1.23659443855
60,23,O,15.69023308,12.40061347,12.48980393,-2,-0.404490292072,2.29221558571,-4.50090789795,-0.354215443134
60,24,O,12.844375,9.50806355,16.52870293,-2,-0.423141121864,2.62103891373,3.84245467186,1.27917098999
60,25,O,10.66616389,8.45773061,16.58725257,-2,-0.586497843266,-0.789458334446,3.47038006783,1.66683411598
60,26,H,12.87306762,11.08281435,14.93199403,1,0.235486730933,-0.492580235004,0.254228174686,-0.499419748783
60,27,O,12.12356432,9.95554869,12.78979874,-2,-0.437961369753,-0.668307900429,-2.09779286385,2.13135814667
60,28,H,9.51029788,11.18489531,11.88890466,1,0.243739873171,0.0108620692044,1.54894709587,2.25862264633
60,29,H,14.50108089,12.94049096,12.12785542,1,0.182178333402,-1.20260846615,2.53923106194,-0.223197817802
60,30,O,9.79661873,12.28913799,10.47983471,-2,-0.415819585323,1.20225000381,6.72647428513,-4.78857421875
60,31,H,13.48033774,10.37679292,12.41553132,1,0.221401274204,3.73538780212,-1.81851017475,0.0352370552719
60,32,H,13.60341038,9.6550764,17.27680494,1,0.263408005238,-2.98564219475,-0.0179078057408,-2.7744011879
60,33,O,13.55158792,10.86983832,14.29844565,-2,-0.464737176895,1.17372953892,1.44907462597,1.2058788538
60,34,H,11.82111138,10.70327639,12.3422107,1,0.241669774055,-1.46669185162,1.09778177738,-1.39077174664
60,35,H,12.46199736,10.43969447,16.12073714,1,0.276825010777,1.69375085831,-3.58247947693,2.3738386631
60,36,H,11.58498084,8.91032601,16.65588702,1,0.170935675502,-1.58792889118,-1.83724999428,-0.144091635942
60,37,O,10.07042476,15.52775041,11.99806425,-2,-0.645370304585,-0.874986588955,2.48693823814,0.0503276288509
60,38,H,15.02836299,12.61548149,10.02984507,1,0.346034705639,1.01485133171,0.647632360458,0.402528941631
60,39,O,9.69235535,11.55889985,12.8143777,-2,-0.522326946259,-0.62576687336,0.0867359489202,-0.167576849461
61,0,O,11.20907533,14.19308188,13.40699503,-2,-0.505815088749,1.16323399544,-1.59892523289,1.60131847858
61,1,H,14.39042048,9.07514815,12.98967269,1,0.212708950043,-0.926420807838,2.63080334663,-1.61089301109
61,2,H,10.25859354,12.50090298,10.13038763,1,0.244546413422,4.82726144791,1.07343947887,-2.98004746437
61,3,H,9.22467131,15.40305772,11.42313335,1,0.279942631721,-1.45414853096,-0.613853335381,-2.85971498489
61,4,H,9.0713905,13.21037308,10.41806017,1,0.247290745378,0.839965105057,-3.4008769989,0.988135933876
61,5,O,13.69200051,13.68633721,11.94433119,-2,-0.611081838608,0.725201666355,1.0195877552,1.81091582775
61,6,H,14.07337972,11.21806086,14.94426756,1,0.247654393315,-1.50245022774,-0.530782163143,-0.982621610165
61,7,H,13.52902088,11.44565606,10.20941037,1,0.237515330315,-0.314109414816,-1.12269032001,1.20800745487
61,8,H,12,12,12,1,0.243739306927,2.32743191719,-0.00383921340108,-1.69084966183
61,9,H,12.11639992,14.20007261,13.11973875,1,0.251242280006,1.6029651165,0.756230890751,-0.854376494884
61,10,H,8.90897986,12.29047151,12.90579692,1,0.245053172112,-0.920229017735,1.76853513718,0.221871241927
61,11,H,15.58540496,11.35348038,12.46325274,1,0.276420235634,-0.129631415009,1.25683236122,0.368958979845
61,12,H,13.25955844,13.4424825,11.15627527,1,0.229373604059,-0.724679231644,0.121304050088,-1.06701397896
61,13,H,14.29160305,10.96077252,8.9218922,1,0.215826153755,-0.245734006166,1.32443630695,0.742658793926
61,14,H,11.29875617,13.34440659,13.85377397,1,0.26338288188,-0.978365540504,-0.251293689013,0.377788066864
61,15,O,12.53736887,11.74717913,11.1301037,-2,-0.377437382936,-6.96007680893,0.52430164814,2.1597135067
61,16,O,14.23024647,9.86851649,12.34693665,-2,-0.532489359379,1.2366771698,-1.42267155647,0.346584230661
61,17,H,11.66984327,11.77293556,10.58312251,1,0.235468775034,2.38710093498,-0.462557852268,0.503066420555
61,18,H,10.51591453,14.92844159,12.32467362,1,0.246931582689,2.5387506485,-2.94940328598,0.0972224995494
61,19,H,16.24397094,12.91588002,12.87411371,1,0.254223078489,-2.04420661926,-1.94081735611,-0.885739088058
61,20,O,13.93688954,11.76880787,9.42081702,-2,-0.391956955194,1.14557874203,-1.84356415272,-4.69427251816
61,21,H,12.11586752,9.25320035,12.08029162,1,0.233582004905,-1.07915949821,1.59726011753,2.08817148209
61,22,O,15.43235,12.33256224,12.62898605,-2,-0.435266345739,3.71317124367,-1.01519095898,1.30560493469
61,23,H,12.54880413,11.00216524,14.98280767,1,0.254600524902,-1.57184517384,0.158400028944,1.18131887913
61,24,O,11.85170008,9.8643614,12.87530543,-2,-0.48720908165,-0.618693232536,-2.79136109352,-2.21494650841
61,25,H,9.3163897,11.18212931,12.03152266,1,0.238621592522,0.381508111954,0.560393154621,2.17805671692
61,26,H,14.35006536,12.89339749,12.19170409,1,0.186373502016,-1.3998862505,2.12613987923,-0.317866027355
61,27,O,9.53156732,12.24630696,10.5601388,-2,-0.474792957306,-5.93296575546,2.83758807182,0.726697444916
61,28,H,13.35058961,10.33498166,12.57828701,1,0.216005086899,1.9601149559,-1.6049311161,0.491755545139
61,29,O,13.2848617,10.85422924,14.4336575,-2,-0.510328471661,3.34093499184,1.20893037319,1.17953979969
61,30,H,11.50040169,10.64585895,12.45682358,1,0.236230999231,-0.934333920479,-0.368570864201,0.142806231976
61,31,O,9.80095515,15.4311438,12.11561092,-2,-0.679641902447,-2.79093074799,4.6037364006,1.48390674591
61,32,H,14.83205191,12.59560792,9.96395672,1,0.245163917542,1.64745879173,0.906112194061,0.348074674606
61,33,O,9.46011034,11.54335591,12.96764917,-2,-0.53587770462,0.69051271677,-2.55270290375,-1.39383196831
62,0,O,10.84358596,14.141156,13.49641232,-2,-0.475628137589,2.85002493858,-4.75245714188,2.28295040131
62,1,H,14.10758348,8.98490641,13.00153946,1,0.223466545343,-0.821184813976,1.82194948196,-0.955429017544
62,2,H,10.01738202,12.34101079,10.22104032,1,0.259403884411,0.967813670635,-0.00822639837861,-0.867159366608
62,3,H,8.83096614,15.29713996,11.39139682,1,0.23794336617,2.23436594009,-0.146174713969,1.67862534523
62,4,H,8.86770913,12.94189583,10.57463726,1,0.275958299637,-4.49572992325,9.12926387787,0.160477817059
62,5,O,13.34021728,13.54515805,12.05922584,-2,-0.56525349617,-3.71807742119,3.79076647758,-1.22471153736
62,6,H,13.66837169,11.13412821,15.07369873,1,0.256713837385,0.202265873551,0.46977904439,0.555975854397
62,7,H,13.09941946,11.26373162,10.25684285,1,0.244423955679,-0.0664642974734,0.595836162567,1.30277788639
62,8,H,12,12,12,1,0.258262813091,-2.96991491318,5.37808418274,11.8360900879
62,9,H,11.77282264,14.25130272,13.10888595,1,0.250935763121,-0.654973745346,-0.862035632133,1.31248366833
62,10,H,15.20147437,11.30348688,12.63595861,1,0.276293039322,1.31232786179,-2.74538397789,-0.226500272751
62,11,H,12.79932822,13.38774129,11.23647802,1,0.233804553747,1.77620327473,0.406440019608,1.37690317631
62,12,H,13.97256809,10.74928948,9.20396667,1,0.161819905043,0.166931927204,1.74852669239,-0.19466727972
62,13,H,10.8239878,13.11550117,13.93244605,1,0.266748636961,0.378286540508,4.35658884048,-1.99370706081
62,14,O,12.16328648,11.68034003,11.27215963,-2,-0.425274908543,-2.32797145844,-6.0459485054,-14.8521080017
62,15,O,13.88016549,9.77796694,12.43084145,-2,-0.503675699234,9.80908584595,-5.95992946625,-3.78724336624
62,16,H,11.29624621,11.70910078,10.52788162,1,0.223569706082,3.511241436,-0.148118406534,3.5963408947
62,17,H,10.42088413,14.78265261,12.27512106,1,0.249478548765,-4.55342006683,1.42584347725,-0.882038533688
62,18,H,15.7845229,12.99593233,12.88697908,1,0.255490928888,-1.22539615631,-3.3863940239,-0.511677920818
62,19,O,13.6192818,11.67752744,9.52795924,-2,-0.296988278627,2.19312381744,-1.89069437981,-2.58644008636
62,20,H,11.64926556,9.28746405,11.98423234,1,0.22790594399,-0.254055351019,0.554492592812,2.65550303459
62,21,O,15.11744567,12.21323302,12.73608393,-2,-0.459213078022,1.30844199657,5.03985071182,1.31096017361
62,22,H,12.09333511,10.89882453,15.00485344,1,0.251367866993,1.51687026024,-0.211802452803,-0.375725120306
62,23,O,11.51247896,9.71943823,12.91691436,-2,-0.486340880394,-2.15309095383,-0.293954968452,-3.69768309593
62,24,H,14.03722671,12.92485694,12.19290864,1,0.191286087036,1.18697428703,-1.45297133923,-0.0669011250138
62,25,O,9.18103522,12.16404767,10.60689081,-2,-0.552432239056,2.99356150627,-8.82714939117,0.541109919548
62,26,H,13.20766434,10.17881559,12.74751583,1,0.218851685524,-7.11652374268,3.74450945854,4.05875825882
62,27,O,12.96092205,10.79531879,14.53542976,-2,-0.50851392746,-1.57928800583,0.383243441582,0.918475747108
62,28,H,11.065327,10.52666187,12.53623547,1,0.238823443651,0.235541060567,-1.26533806324,1.12641346455
62,29,O,9.45283759,15.30481942,12.20331367,-2,-0.675634980202,-0.0342872813344,-0.116134569049,-2.42845392227
62,30,H,14.46518314,12.41846707,9.74734038,1,0.146407008171,-0.67268371582,-0.732460141182,-0.0634010732174
63,0,O,10.62533208,13.88549025,13.1614892,-2,-0.585905253887,0.0305874124169,-2.37588644028,0.499323189259
63,1,H,13.9149566,8.77448196,12.57881854,1,0.222348928452,0.907478690147,-3.32145667076,2.23276305199
63,2,H,7.65807528,6.39673097,11.52367883,1,0.215531513095,0.220103651285,-1.82881712914,3.59110546112
63,3,H,10.02723519,12.02391885,9.83513939,1,0.239190936089,-5.19167900085,0.00636252388358,1.48421132565
63,4,H,8.59084707,12.83894335,10.32051174,1,0.231823801994,1.43509972095,-2.70589375496,-0.295402050018
63,5,O,13.11458949,13.22212042,11.74197199,-2,-0.531291663647,-3.34456253052,3.28735542297,-0.0713703632355
63,6,H,13.40252349,10.88505654,14.80836512,1,0.259354233742,0.773320376873,0.843964278698,1.25425291061
63,7,H,12.80482453,10.95970057,9.97517233,1,0.258755147457,-0.646469056606,1.73186588287,2.67310237885
63,8,H,12,12,12,1,0.276597052813,0.0823449790478,-0.803393185139,-2.5410528183
63,9,H,11.51630327,14.05985009,12.74776894,1,0.254749059677,-1.09657859802,-1.00501561165,0.987824082375
63,10,H,14.98978154,10.94777287,12.3666046,1,0.266320228577,0.750817418098,-0.122596159577,0.0377271473408
63,11,O,7.88348964,5.96847,12.51568109,-2,-0.512321293354,-1.12257194519,1.18475985527,-3.25257444382
63,12,H,12.5468935,13.15440898,10.94386904,1,0.243684336543,1.47069704533,0.152987480164,0.503318309784
63,13,O,10.63154481,7.40216385,10.86539937,-2,-0.576814651489,1.88630700111,2.58981704712,0.509603917599
63,14,H,13.82683493,10.47568506,9.06570354,1,0.25054115057,0.434700250626,0.659427404404,-0.690870881081
63,15,H,10.49858377,12.89502426,13.50067155,1,0.264163523912,1.03489112854,3.44299483299,-1.34604465961
63,16,O,11.91682253,11.40897482,10.9499908,-2,-0.449022889137,0.621232151985,-0.912516355515,1.37187170982
63,17,H,8.14228567,8.69090036,11.51910409,1,0.225672930479,1.26937055588,1.49822723866,0.503656566143
63,18,H,8.16278588,5.75444127,10.27410327,1,0.238370001316,1.27059936523,0.985228359699,-1.05705189705
63,19,H,10.8122442,8.06451602,10.16702726,1,0.230966970325,0.0807435661554,-1.08759391308,-0.366825699806
63,20,O,13.69370555,9.48506701,12.07665076,-2,-0.542180418968,-1.12589478493,4.80071496964,-1.62427318096
63,21,H,9.28997659,6.94523325,10.45867517,1,0.192032694817,1.48282670975,-0.659926354885,-0.168827190995
63,22,H,11.26727863,11.43279968,10.25905826,1,0.190902814269,-1.48664772511,0.313278228045,0.0252882298082
63,23,H,15.3794505,12.76559438,12.52005026,1,0.250224322081,1.39632976055,-1.139310956,0.425972223282
63,24,H,8.12371864,5.0574926,12.29101573,1,0.238987863064,0.0480607822537,0.200847685337,0.198248282075
63,25,O,13.44926631,11.38848834,9.20152802,-2,-0.332455396652,-2.41205811501,-5.1628112793,-1.80540299416
63,26,H,11.35701175,9.17864081,11.61273918,1,0.225817129016,1.82416439056,-1.27086257935,-1.83699595928
63,27,O,14.94485588,11.91598918,12.41919849,-2,-0.477601647377,-1.06795418262,0.67750030756,-0.211151644588
63,28,H,10.30990393,8.22352507,11.61189103,1,0.252661705017,-0.325697869062,-3.29552865028,-1.58279728889
63,29,O,8.49699146,6.63821437,9.97417056,-2,-0.520020842552,-3.10740232468,-1.40984165668,-0.697331011295
63,30,H,11.84136889,10.6186824,14.54801756,1,0.261294960976,1.60770320892,-0.129954695702,-0.0473431944847
63,31,O,11.30712941,9.38550519,12.51809628,-2,-0.461598813534,-1.84749722481,1.58266735077,1.35207271576
63,32,H,13.90309915,12.70317459,11.76267377,1,0.203091830015,1.07328593731,-1.83812832832,-0.239837169647
63,33,O,8.97097131,11.87150976,10.22794538,-2,-0.512220442295,3.18116879463,2.95673704147,-1.34700894356
63,34,H,12.92796024,9.95616072,12.64678716,1,0.226569086313,2.27020144463,-1.71624612808,-1.41392791271
63,35,O,12.7715994,10.54680216,14.21123346,-2,-0.485903292894,-2.49632310867,-0.234688028693,-0.378762632608
63,36,H,8.61924097,7.44909476,11.80841147,1,0.240526974201,2.45537924767,2.51029491425,1.98910200596
63,37,H,10.7781953,10.16305574,12.26538343,1,0.23100015521,-0.364504128695,0.321105986834,1.36088132858
63,38,H,14.14349109,11.95042682,9.09607649,1,0.256147682667,3.52048230171,3.11814284325,0.195020198822
63,39,O,8.98909336,8.44956089,11.99231154,-2,-0.459990620613,-5.49205541611,-1.8438090086,-0.2204926759
64,0,O,10.40657467,13.64422669,12.96500209,-2,-0.603740572929,-2.07587504387,5.97814702988,-0.0158706326038
64,1,H,13.74409658,8.45548739,12.41656542,1,0.194868505001,-0.128313884139,0.602556586266,-0.898436546326
64,2,O,12.87047383,12.92804962,11.56195625,-2,-0.433213829994,1.69844341278,-0.465035915375,2.73546099663
64,3,H,13.15704076,10.7062641,14.73527995,1,0.253346741199,-1.43675863743,-0.505465805531,-1.26870989799
64,4,H,12.50448992,10.81007491,9.94543618,1,0.224362790585,-1.28121268749,1.54217851162,2.87004184723
64,5,H,12,12,12,1,0.283861577511,0.961109519005,0.0846994966269,-1.16862380505
64,6,H,11.22443773,13.8235648,12.60789288,1,0.256376624107,2.29833459854,-0.0666274130344,-0.895790576935
64,7,O,10.48917736,16.25539782,9.81722966,-2,-0.554774403572,2.43640756607,-1.2756499052,-0.0513520352542
64,8,H,14.80061894,10.61638489,12.22890822,1,0.25659686327,0.0710886493325,1.54892325401,0.101401679218
64,9,H,12.35671947,12.94565847,10.79171155,1,0.24727833271,-0.759573459625,0.0209319442511,-2.30497074127
64,10,O,10.38646724,7.13411297,10.65302285,-2,-0.510150074959,0.177206248045,1.23176169395,5.59250974655
64,11,H,13.72197411,10.25806147,9.02401603,1,0.271718561649,0.208883449435,-0.89482653141,-0.0211518146098
64,12,H,10.21704553,12.81545344,13.16042316,1,0.274568915367,-0.756534934044,-5.88033771515,1.14900588989
64,13,O,11.66796632,11.15482896,10.7731015,-2,-0.538079679012,4.93710041046,-2.11479735374,3.28788757324
64,14,H,7.98543084,5.55583072,10.08625809,1,0.253960371017,-1.03706419468,-2.24207901955,0.636443376541
64,15,H,10.51272825,7.64291442,9.91352888,1,0.271309912205,0.504991173744,1.65618693829,-3.32361912727
64,16,O,13.499238,9.22765269,11.85376494,-2,-0.553297758102,-0.773396551609,1.06227207184,3.07051110268
64,17,H,9.17232346,6.52418834,10.28808559,1,0.181689932942,-1.99146080017,-0.190388426185,-1.10234665871
64,18,O,12.53791489,15.36407653,11.78970582,-2,-0.56062245369,0.447589159012,4.40363264084,-1.78489124775
64,19,H,11.12599273,11.20092621,10.10250169,1,0.19783949852,-5.81566762924,0.915686905384,-5.0702419281
64,20,H,15.01750937,12.55456075,12.37959841,1,0.241610690951,1.54554235935,-0.761882662773,1.03259205818
64,21,O,13.26319171,11.10135664,9.01029487,-2,-0.372800111771,1.24123120308,-0.754167079926,-1.43167364597
64,22,H,11.17312579,9.04767265,11.29903288,1,0.236522465944,1.59073209763,0.00202643871307,-0.22562392056
64,23,O,14.76314699,11.64083004,12.23763422,-2,-0.463275581598,-1.16021561623,-0.678379654884,-1.2750878334
64,24,H,10.20481855,7.9155745,11.40649922,1,0.250796347857,0.425160467625,-3.35520339012,-1.93335783482
64,25,H,11.22729605,15.83344852,9.27242044,1,0.253270298243,-1.63276171684,0.977559566498,0.487985193729
64,26,O,8.27159371,6.37619764,9.78505554,-2,-0.655727207661,1.48612320423,1.8532782793,-0.0859263986349
64,27,H,10.93898715,16.23734685,10.69539323,1,0.26064991951,-1.29020941257,0.986014127731,-0.683324337006
64,28,H,11.64756583,10.38129758,14.20353049,1,0.263642549515,-0.842325329781,0.187858819962,0.851063013077
64,29,O,11.08981301,9.07848234,12.2560987,-2,-0.444947332144,-2.38368940353,0.451777994633,0.161176458001
64,30,H,11.88187004,15.2740885,11.10159065,1,0.243417605758,0.20201267302,-1.43396544456,0.628894269466
64,31,H,13.79309859,12.41519988,11.45095935,1,0.234359651804,-1.66575753689,-0.637625277042,0.459951788187
64,32,H,12.73932761,9.67990685,12.62154689,1,0.236702784896,3.0794801712,-1.51654517651,-2.75488781929
64,33,O,12.57017278,10.3191724,14.02155404,-2,-0.446391016245,1.92673420906,0.502070009708,0.93194013834
64,34,H,12.65249142,14.71755404,12.41864874,1,0.260360300541,0.0399560928345,-2.20405054092,1.3841817379
64,35,H,10.48314326,9.83530328,12.22004111,1,0.239422395825,-0.0416679009795,0.187649592757,0.766053259373
64,36,H,13.96367336,11.62708737,8.59634673,1,0.248486250639,-0.205642998219,0.781816780567,0.14878706634
65,0,O,10.07397733,13.36069742,12.90017998,-2,-0.593068003654,-1.80911374092,-0.283680796623,0.728032588959
65,1,H,13.45493902,8.10389278,12.38338917,1,0.202303111553,-0.220989733934,1.92360806465,-2.56778693199
65,2,H,9.25432577,11.42330594,9.70237112,1,0.277740865946,10.0450534821,2.15880417824,-2.15172624588
65,3,H,8.01605977,12.25095632,10.10056619,1,0.272965848446,1.83442807198,-3.38875508308,-0.905514836311
65,4,O,12.51363053,12.5750899,11.52248065,-2,-0.315336346626,4.44491195679,3.04150366783,-2.52172732353
65,5,H,12.7247378,10.4695147,14.74132489,1,0.243174508214,-1.14980792999,-0.681839287281,-1.33559310436
65,6,H,12.05125169,10.7047877,10.1808588,1,0.193583637476,2.35810232162,-0.972439885139,-0.810251772404
65,7,H,12,12,12,1,0.270491600037,-2.04538822174,-2.93166685104,1.96996092796
65,8,H,10.95281214,13.50985713,12.58987306,1,0.251592338085,0.176655441523,-0.447657346725,-0.111426725984
65,9,O,10.19743549,15.92261242,9.7723565,-2,-0.586532771587,-7.52751255035,3.57137870789,7.20051050186
65,10,H,14.51344276,10.33883388,12.22165546,1,0.254538953304,0.242893636227,-0.275240421295,0.571133971214
65,11,H,12.03031994,12.68086338,10.65750818,1,0.157658576965,0.0304844025522,0.247541129589,0.177532732487
65,12,H,9.81183858,12.42544147,13.0030456,1,0.256576299667,0.756227195263,0.708289384842,-0.360426783562
65,13,O,11.32073439,10.83829699,10.73784628,-2,-0.461210280657,-5.20930624008,-0.568861842155,-3.40696549416
65,14,O,13.18798308,8.92036868,11.77077014,-2,-0.493255108595,0.17819775641,-2.48244261742,4.01655387878
65,15,O,12.16734686,15.0493418,11.73199168,-2,-0.576730549335,2.5425927639,2.33052372932,2.80401492119
65,16,H,10.62724246,10.94264827,9.88483429,1,0.188167735934,2.16683936119,-0.648834824562,3.44755768776
65,17,H,14.6290786,12.28432775,12.47541587,1,0.192078649998,0.626301050186,-3.18323302269,0.489804714918
65,18,O,14.46440919,11.30567372,12.18166878,-2,-0.478013157845,-0.758949756622,3.93002295494,-1.5835725069
65,19,H,10.80640264,15.63600398,9.29387459,1,0.279076129198,8.12314987183,-3.82919764519,-7.41267538071
65,20,H,10.64734325,15.9743276,10.62989195,1,0.275463581085,-1.12137830257,0.918018102646,-0.0239282213151
65,21,H,11.29438651,10.11701995,14.02254442,1,0.261250525713,0.59828209877,0.155609339476,0.463820427656
65,22,H,11.60768469,14.99737285,11.01450504,1,0.251930475235,-1.4425330162,-1.83539831638,-1.72007513046
65,23,H,13.47137396,12.04453715,11.27704906,1,0.288521200418,-0.941627979279,-0.35056450963,1.42455780506
65,24,O,8.44958895,11.30324096,9.86358976,-2,-0.592132270336,-12.4907226562,1.51834261417,2.99105811119
65,25,H,12.62404154,9.24810422,12.55406174,1,0.201765671372,0.733398318291,0.415691614151,-1.77275824547
65,26,O,12.26332113,10.03708641,13.96320717,-2,-0.475731641054,0.0677252039313,0.722687125206,1.28570377827
65,27,H,12.36455223,14.30284279,12.30060159,1,0.25313025713,-0.207910344005,0.237791150808,-0.885812103748
66,0,O,9.89370822,13.30407323,12.63357458,-2,-0.563577234745,-0.164285182953,-3.83482146263,-0.135758042336
66,1,H,13.30655625,8.08922581,12.03991553,1,0.220957487822,1.24439954758,-1.69408214092,-1.25463318825
66,2,H,9.27263868,11.42315304,9.43317175,1,0.263967752457,-4.03832674026,0.115853272378,0.277937352657
66,3,H,7.90311189,11.93414386,9.77728076,1,0.284232646227,-5.09342098236,10.6906528473,3.4000878334
66,4,O,12.32666978,12.46465021,11.26173668,-2,-0.290477097034,4.6568903923,1.63082969189,-3.72210645676
66,5,H,12.38031714,10.45385886,14.48608329,1,0.243178918958,0.216677039862,0.291872352362,0.531573057175
66,6,H,11.94252378,10.81703964,10.12286119,1,0.219543635845,2.0907793045,-0.679905354977,-1.47062134743
66,7,H,12,12,12,1,0.266609400511,-1.58376002312,-1.76400876045,1.48205554485
66,8,H,10.86438041,13.39858894,12.38201208,1,0.238226249814,-2.64985585213,-0.364180207253,0.78851467371
66,9,H,14.40405124,10.30006061,12.03662445,1,0.254683047533,0.512138366699,-2.41082692146,1.32118272781
66,10,H,11.84496146,12.62853856,10.33991025,1,0.152811586857,-0.155782803893,-0.0642054155469,1.72026216984
66,11,H,9.59400676,12.24973925,12.6466913,1,0.237115889788,1.66719329357,4.28392696381,-0.282334476709
66,12,O,11.10180967,10.74905516,10.49210878,-2,-0.488737821579,-5.80102157593,-1.10610127449,-2.27307224274
66,13,O,12.7889513,14.13090647,13.70945326,-2,-0.468014031649,2.32646012306,1.66973733902,2.34495568275
66,14,O,13.03471655,8.83223413,11.49143696,-2,-0.505834937096,3.13384723663,-2.76553225517,-4.03112602234
66,15,O,11.95553126,14.9715258,11.47148786,-2,-0.595851182938,0.661076903343,-0.717166960239,1.02624249458
66,16,H,10.41836609,10.87209778,9.66583557,1,0.202484369278,3.10474610329,-1.15413463116,2.87795090675
66,17,H,14.45292581,12.10647749,12.43500681,1,0.184662640095,0.42447963357,-3.23409461975,-0.367218524218
66,18,H,13.05622607,15.09241558,14.23476442,1,0.228577837348,-0.730520784855,-4.42741823196,-2.35400032997
66,19,O,14.3128892,11.21014292,11.91549706,-2,-0.486473530531,-0.680650472641,5.84809160233,-1.53561091423
66,20,H,11.11102658,10.0929241,13.66550797,1,0.256899267435,1.85166037083,-0.273582756519,0.0965076237917
66,21,H,11.4283251,14.87053617,10.66539846,1,0.230715721846,0.258038431406,-0.615819633007,0.492816269398
66,22,H,13.53569715,13.43152838,13.76039358,1,0.236217334867,-1.37576591969,2.28004550934,0.489364802837
66,23,H,13.2351822,11.87998974,10.95751128,1,0.290449976921,-0.964003324509,0.851791679859,1.72691917419
66,24,O,8.25577743,11.22926129,9.55090155,-2,-0.591018021107,8.16254997253,-10.2574148178,-3.84105801582
66,25,H,12.66252706,9.08656152,12.23844903,1,0.225185334682,-4.06708192825,4.1442527771,5.06037187576
66,26,O,12.11167834,9.98440217,13.70246581,-2,-0.484759747982,-2.37357115746,0.189028397202,-0.321428269148
66,27,H,12.24300232,14.11158875,11.9862694,1,0.238224297762,-0.632890403271,3.36721134186,-2.04777359962
67,0,O,9.88833149,13.43414322,12.19969986,-2,-0.543500542641,-1.61614644527,-0.789927363396,-0.224025353789
67,1,H,13.39016313,8.20074805,11.48522668,1,0.224957421422,1.20675897598,-2.54376554489,0.161027282476
67,2,H,9.294176,11.63926474,8.99762966,1,0.258961141109,-4.70694637299,-0.656940281391,0.28902721405
67,3,H,7.76707967,12.21900792,9.39476638,1,0.252856731415,1.85378348827,-2.91880869865,-1.10313558578
67,4,O,12.32930171,12.56851234,10.81225101,-2,-0.316668570042,2.32335329056,0.967298746109,-1.88166058064
67,5,H,12.22014936,10.66922424,14.08395572,1,0.232731923461,1.22635126114,-0.242248162627,-0.18350417912
67,6,H,12.12996044,11.08334946,9.75101279,1,0.271249651909,-5.51723432541,-2.39122080803,0.824543833733
67,7,H,12,12,12,1,-0.0424301028252,-0.218723192811,-0.463091909885,0.408483564854
67,8,H,10.82456916,13.4632291,12.06183072,1,0.232386440039,0.395000457764,0.168955653906,0.245751231909
67,9,H,14.50141742,10.39135062,11.73996492,1,0.255087018013,-0.415907502174,1.32153308392,-0.27189078927
67,10,H,11.81131616,12.74135076,9.96871744,1,0.247082948685,0.187184140086,-0.0221982244402,1.58816754818
67,11,H,9.62385218,12.49933968,12.11062042,1,0.249126583338,0.290675878525,0.602475583553,-0.0928245410323
67,12,O,11.03232723,10.86127339,10.07672999,-2,-0.521595954895,10.283452034,-0.965225040913,6.60478115082
67,13,H,11.91366915,12.12873253,15.10896835,1,0.231548339128,-3.63285446167,0.62813603878,0.13966883719
67,14,O,12.77748157,14.23379182,13.31537333,-2,-0.42646676302,1.10709547997,4.27849340439,2.36967134476
67,15,O,10.66740595,13.36234685,14.83855474,-2,-0.522947669029,-2.19880890846,3.5526471138,-0.599262535572
67,16,O,13.06226679,8.93886127,11.0330491,-2,-0.512252807617,-1.45006608963,2.41261029243,2.64654445648
67,17,O,11.91659072,15.09289827,11.04452576,-2,-0.553865253925,-0.903890490532,1.03675973415,-1.60778689384
67,18,H,10.53280657,10.93752073,9.41721258,1,0.228531718254,-6.07843732834,0.178135231137,-8.72722816467
67,19,H,14.48549702,11.97071331,12.22230702,1,0.259311944246,0.0334853939712,-1.40401411057,-0.950704991817
67,20,H,13.15950302,15.22103088,13.84487224,1,0.248368620872,-1.28328227997,-4.71407604218,-2.48168158531
67,21,O,14.32631676,11.33427613,11.47735043,-2,-0.471905261278,0.896486639977,-0.0132051706314,0.939663648605
67,22,H,13.16884995,12.72225578,14.65557088,1,0.251437038183,-0.202927201986,-0.384515076876,0.491349190474
67,23,O,12.79630818,11.97784998,15.147275,-2,-0.485133618116,5.05094099045,-1.30210626125,0.420671612024
67,24,H,11.17813127,10.25845523,13.15231287,1,0.260103553534,-0.312139987946,-0.406548917294,-0.751659691334
67,25,H,11.43913608,14.89814094,10.19293948,1,0.235839098692,0.839994549751,0.152478575706,1.52994716167
67,26,H,13.39671538,13.50758393,13.39039792,1,0.247587010264,0.885807335377,0.616363823414,-0.200591444969
67,27,H,13.10703504,11.94987796,10.55297127,1,0.256161093712,-0.49024105072,1.13211321831,1.36412620544
67,28,O,8.25125493,11.33340694,9.06381752,-2,-0.544570684433,2.31895446777,3.95443558693,0.713759601116
67,29,H,12.68163739,9.31858702,11.95162132,1,0.197472378612,0.53300601244,-0.178527489305,-3.01507115364
67,30,O,12.1245828,10.1338244,13.27106533,-2,-0.445742964745,-0.935434103012,0.522990465164,0.719981849194
67,31,H,12.27180079,14.28349785,11.41254543,1,0.226873129606,0.199144810438,0.405904322863,-0.380823194981
67,32,H,11.51553365,13.61473411,15.10891338,1,0.257300019264,1.33147644997,0.529054045677,0.610754191875
67,33,H,10.47474329,12.48113654,14.88788113,1,0.262106359005,-0.999912261963,-3.06396651268,0.403930187225
68,0,O,9.87066595,13.53225802,11.85714538,-2,-0.530645430088,-0.773458242416,4.95963191986,0.711165249348
68,1,H,13.50638837,8.1641222,11.03815495,1,0.222343727946,-1.21555173397,2.16350388527,-0.976619303226
68,2,H,9.29738587,10.99101727,12.62612164,1,0.257209718227,0.93476831913,1.32346892357,3.01745557785
68,3,O,12.32434071,12.64336877,10.45466693,-2,-0.385417938232,-1.36041879654,4.84246826172,2.66426682472
68,4,H,12.10159452,10.85786884,13.76501512,1,0.227201163769,1.35322225094,-1.25988566875,-1.28026032448
68,5,H,12.00662165,11.19954907,9.4524055,1,0.263152956963,-4.81733942032,-2.41272139549,0.678386986256
68,6,H,12,12,12,1,-0.30607765913,0.146316945553,-0.0905876606703,-0.384349197149
68,7,H,10.7991608,13.50306477,11.86003632,1,0.237757444382,1.80652618408,0.466030716896,0.401561558247
68,8,H,14.58535228,10.5327708,11.51843582,1,0.2382735461,-0.859427034855,0.36354675889,-2.32139897346
68,9,H,11.74302481,12.80780525,9.73348587,1,0.262705683708,-0.913392722607,0.0764888599515,-0.662399053574
68,10,O,9.56050603,11.34121914,13.59302654,-2,-0.383853793144,-1.49461627007,-2.19702839851,-3.31113314629
68,11,H,9.63000652,12.71104933,11.65052828,1,0.255176067352,-1.63126671314,-5.01800870895,-1.40048646927
68,12,O,10.97625869,10.94164933,9.76849128,-2,-0.469957053661,1.70656263828,0.026131670922,-3.59170341492
68,13,H,11.81194595,12.34908726,14.78839828,1,0.209597736597,2.47171974182,-1.12124311924,0.291660606861
68,14,O,12.74894106,14.31892568,13.01683212,-2,-0.4344419837,-2.98360967636,1.62474405766,-0.680306971073
68,15,O,10.65259756,13.45708542,14.49820859,-2,-0.475570857525,0.30092599988,0.510476231575,0.998272061348
68,16,O,13.07565792,9.02176044,10.66922607,-2,-0.508174180984,-0.103621721268,-0.447931498289,4.6699757576
68,17,O,11.86125134,15.1878777,10.70104872,-2,-0.532395720482,-0.72409170866,3.15297484398,0.0826902613044
68,18,H,8.82034441,10.9983941,14.09726133,1,0.252790510654,-0.199824288487,-0.105032801628,0.440256565809
68,19,H,10.42517237,10.96695929,8.92488737,1,0.231948703527,1.12555277348,-0.32158473134,1.4846342802
68,20,H,14.51949293,11.74811524,12.04743721,1,0.24666647613,-0.558972716331,1.40680801868,-1.03386068344
68,21,H,13.19121802,15.0442541,13.38674388,1,0.256732046604,0.970278024673,1.82171297073,0.601818799973
68,22,O,14.3265821,11.42831468,11.13262123,-2,-0.425656616688,2.12183904648,-1.84913289547,3.32867455482
68,23,H,13.1719618,12.8595258,14.31694447,1,0.236595481634,-0.622816622257,-2.22232842445,1.59852135181
68,24,O,12.80774934,12.04975712,14.8229822,-2,-0.447087585926,-0.817116856575,1.94363129139,-0.870727360249
68,25,H,11.20796277,10.37544024,12.71204499,1,0.252802670002,-0.967611193657,-0.296663880348,-0.669144392014
68,26,H,11.47793556,14.89883615,9.90356353,1,0.251072645187,-1.12360429764,0.122277632356,-1.67316603661
68,27,H,13.29602373,13.6123995,13.08726309,1,0.264485299587,2.79707622528,-2.93462133408,-0.549336135387
68,28,H,12.9552937,12.03166954,10.29539447,1,0.243194505572,3.82581233978,-2.78616452217,-0.574247598648
68,29,H,12.69785832,9.52546427,11.63355225,1,0.191208988428,1.54373645782,-2.15120816231,-3.8538787365
68,30,O,12.12279776,10.25539833,12.93018509,-2,-0.406675726175,-0.138120040298,1.26304876804,2.05394601822
68,31,H,12.32374101,14.4349033,10.92536321,1,0.232192441821,1.93022871017,-2.16655111313,1.27998542786
68,32,H,11.5640263,13.6810129,14.81044771,1,0.251238793135,-1.8835953474,0.222193434834,-0.298470258713
68,33,H,10.3491776,12.5198202,14.47810498,1,0.221607938409,0.153889760375,1.09155702591,-0.17178376019
69,0,O,9.83551419,13.59771274,11.56961894,-2,-0.485212981701,0.39917075634,-3.35771012306,-1.22289669514
69,1,H,13.52185766,8.17863148,10.62070367,1,0.237226605415,-1.41750490665,2.40146899223,-0.199821680784
69,2,H,9.3264591,11.22993256,12.37437381,1,0.268474757671,-0.064421929419,0.449331611395,1.18519628048
69,3,H,10.10322101,13.66817363,7.33308515,1,0.251057267189,1.29401862621,-0.670195579529,1.29211521149
69,4,O,12.29682196,12.68624218,10.15985429,-2,-0.449165314436,1.13368856907,1.16496527195,1.24593913555
69,5,O,15.12498797,11.77353483,13.55144175,-2,-0.413931727409,-0.336398720741,-2.15856981277,3.34384346008
69,6,H,12.03083245,10.95573673,13.43753999,1,0.214171767235,0.851687729359,-0.90731137991,-0.332207500935
69,7,H,11.65282893,11.16600802,9.18149051,1,0.247969955206,9.23327159882,2.01121854782,-3.72379207611
69,8,H,12,12,12,1,-0.280365288258,0.21057741344,0.495569527149,-0.588002622128
69,9,H,10.84046928,13.50970506,11.72724251,1,0.222637087107,-2.17382478714,0.151584714651,-0.207128599286
69,10,H,14.63080777,10.66435437,11.2334748,1,0.226842075586,0.404214203358,-3.42724609375,-2.55231523514
69,11,H,11.61328435,12.81853918,9.49828121,1,0.217958018184,0.223540350795,-0.556160151958,0.0297130122781
69,12,O,9.78312292,6.82620056,9.13121397,-2,-0.62979388237,3.38681578636,3.29260635376,-1.7699252367
69,13,O,9.52726349,11.38069935,13.32701899,-2,-0.379570811987,2.39904093742,0.643686115742,-2.99717473984
69,14,H,9.53554585,12.65720257,11.19771431,1,0.224727451801,1.31895673275,3.39802312851,0.929079592228
69,15,O,10.90841616,10.97726026,9.50903559,-2,-0.354278594255,-12.554438591,-3.51136159897,-1.51632404327
69,16,H,11.82074091,12.43764223,14.55396808,1,0.193998068571,1.66800034046,-1.39099919796,0.317062824965
69,17,O,12.68159824,14.35888817,12.76502594,-2,-0.412470638752,-0.0618427097797,-3.62698125839,-0.213957548141
69,18,H,10.05472195,7.21981921,8.19900581,1,0.222716510296,-1.10660934448,-1.57277727127,2.43152284622
69,19,O,10.61750197,13.50575344,14.20897252,-2,-0.482019603252,-0.384176254272,-1.19447422028,0.765743434429
69,20,O,13.0723142,9.06070301,10.37027107,-2,-0.478691220284,1.85099685192,-1.77593696117,-0.0891428217292
69,21,O,11.78594578,15.24715292,10.40881819,-2,-0.504713356495,2.6046295166,-1.70051157475,0.640795886517
69,22,H,8.88759438,10.98590491,13.81853093,1,0.264967828989,-3.09098100662,-1.98245728016,2.18386507034
69,23,H,10.30599916,10.9216732,8.50445604,1,0.271190464497,2.20770978928,-0.103231474757,4.63524866104
69,24,H,14.5215936,11.58405622,11.84151354,1,0.203048989177,-0.84756988287,3.50890564919,-1.65902876854
69,25,H,13.33761344,14.93783801,13.00232442,1,0.237477391958,2.16798949242,3.5197763443,0.782765626907
69,26,H,10.95487259,9.76176682,10.2520469,1,0.231855615973,-1.78439486027,-3.46610879898,-0.425712436438
69,27,O,14.31175383,11.4706286,10.85187861,-2,-0.413744628429,1.45916891098,0.221742257476,3.13786363602
69,28,O,10.79006979,13.40838737,8.02380218,-2,-0.422961115837,-1.93884336948,-1.34358096123,-2.89538550377
69,29,H,10.46650839,7.63869387,9.71210449,1,0.172621399164,-2.92210459709,-3.1253991127,-1.53487300873
69,30,H,15.27405307,11.62846583,14.71035067,1,0.24290907383,-1.21950411797,0.158701449633,-5.71849441528
69,31,H,13.13170307,12.84270079,14.10282043,1,0.223125994205,1.14343452454,0.547123968601,-0.285001039505
69,32,O,12.79490198,12.0831002,14.54634463,-2,-0.429527372122,-2.81144189835,-0.361507445574,1.05121290684
69,33,H,11.16858295,10.43186228,12.29661722,1,0.241366297007,1.45091891289,-0.58158916235,0.63860565424
69,34,O,10.50767869,8.70459008,10.45008192,-2,-0.420863330364,0.386176735163,4.59429693222,4.32905006409
69,35,H,11.44862533,14.86860026,9.61604839,1,0.22379347682,-0.751915454865,0.59719824791,-0.542136311531
69,36,H,13.30796444,13.57879941,12.79345038,1,0.240018904209,-1.20281124115,0.50331056118,-1.05571699142
69,37,H,12.94748111,11.96211047,10.06561931,1,0.230068311095,-0.0649520009756,0.618842661381,-0.177328750491
69,38,H,12.7911818,9.5615849,11.15332501,1,0.213660523295,0.47935590148,-0.942332029343,0.0594192408025
69,39,H,14.47897388,11.05023226,13.15165428,1,0.240148425102,1.75417673588,1.64289045334,3.12643647194
69,40,O,12.10138665,10.33760539,12.64720218,-2,-0.380292832851,-2.1478497982,1.00795102119,0.211836412549
69,41,H,12.44572858,14.45036224,10.56315382,1,0.217320337892,-1.54593157768,2.37261080742,0.245600670576
69,42,H,10.25109269,8.67444446,11.45966857,1,0.256256967783,0.770345032215,-0.429070472717,-3.1970000267
69,43,H,10.93682085,14.20616561,8.46396984,1,0.254934847355,0.183723941445,2.04645180702,0.67152929306
69,44,H,11.50888749,13.74324618,14.58328672,1,0.239733934402,-1.98715341091,0.045068051666,-0.507548034191
69,45,H,10.20392683,12.53004572,14.08766644,1,0.205324292183,1.43306100368,2.79218745232,0.156465470791
70,0,O,11.06845769,12.03935615,12.36774247,-2,-0.411067694426,3.08206319809,0.462739646435,2.65360283852
70,1,H,10.65500626,8.07219691,8.02237101,1,0.209447711706,-2.23424649239,1.12015688419,-3.32385587692
70,2,H,9.85147959,9.55651975,14.17339894,1,0.263896524906,1.25032663345,0.541557729244,-0.0633049309254
70,3,H,11.00843695,9.55782305,9.87460553,1,0.187508642673,2.60573339462,-0.997209846973,-0.455700397491
70,4,H,11.49249953,12.64112489,13.07250006,1,0.204545542598,-1.65916752815,-0.736406564713,-0.651121020317
70,5,O,11.9941028,14.23647569,11.37222738,-2,-0.528230190277,9.47630977631,3.84134268761,-1.77991890907
70,6,H,11.58379608,10.38936246,13.53099479,1,0.301715254784,-3.06279802322,0.0853215157986,-0.00311186909676
70,7,H,9.97333857,10.07049141,9.44395294,1,0.221514090896,2.18384552002,2.94206619263,2.72556757927
70,8,H,10.08901761,13.2712027,9.60978159,1,0.230593889952,-0.546656847,-0.233100354671,0.499545037746
70,9,O,13.36506639,9.92351153,12.40006824,-2,-0.414341032505,-1.75565302372,-2.32313156128,-1.02540326118
70,10,H,13.46133305,12.33971658,9.99609109,1,0.228519827127,-0.636842310429,-0.81434327364,-0.314603298903
70,11,H,12.56183198,11.00630593,10.78732193,1,0.244996279478,3.21410441399,3.44159841537,-1.16253113747
70,12,O,10.53607183,9.87335864,13.51415471,-2,-0.1887332201,-0.435743927956,-1.28142273426,-1.90766394138
70,13,H,13.91723915,11.77366985,13.02701707,1,0.237251400948,1.99403750896,-1.4995496273,-1.60765957832
70,14,O,13.29678767,11.86975278,10.82446663,-2,-0.431296110153,-1.89639532566,-2.85742306709,-0.114854566753
70,15,H,10.46755748,12.17784901,10.66103566,1,0.214570701122,-2.96432447433,1.86080408096,-1.01117622852
70,16,H,11.24616913,7.31356989,11.01688051,1,0.221823811531,-2.16935229301,-7.79309844971,-0.463000983
70,17,H,10.22519804,9.53133517,12.57076199,1,0.28039342165,1.45822441578,1.04986011982,1.64410674572
70,18,O,11.11583146,7.84064116,8.75500435,-2,-0.761580348015,1.49814140797,0.338075071573,4.6602191925
70,19,O,13.49439469,12.45608627,13.46847601,-2,-0.462073683739,-2.76682066917,0.970100939274,2.35966849327
70,20,H,11.06397681,8.40033361,10.13351239,1,0.196833983064,1.90485990047,-2.92894148827,0.275155842304
70,21,O,9.6762829,12.79474871,10.35976569,-2,-0.521127521992,2.42531895638,-0.894490122795,-0.249706894159
70,22,O,10.82195588,10.4239787,10.21040158,-2,-0.339723259211,-4.51716661453,-0.886882722378,-3.17430305481
70,23,H,12,12,12,1,0.178265303373,-1.01665949821,-0.302025407553,-0.563623249531
70,24,H,12.68832276,9.817804,13.04568737,1,0.212820395827,0.197093769908,0.294732779264,2.21819448471
70,25,H,13.94380678,13.27339296,13.56299905,1,0.256768167019,1.05538439751,0.661567509174,-0.229822129011
70,26,H,12.80830792,9.18817689,11.93674557,1,0.199688777328,1.79791760445,0.41075104475,-1.14046561718
70,27,O,11.562648,8.10281094,11.13383991,-2,-0.478287249804,1.07487916946,8.0760011673,0.577925920486
70,28,H,11.27101955,13.79043081,11.51967595,1,0.224360078573,-5.84459257126,-4.15225219727,0.90365511179
70,29,H,12.863536,13.64379184,11.23451756,1,0.220946490765,-3.71182012558,1.6036015749,0.724186897278
71,0,O,10.79671108,12.18459416,12.4691528,-2,-0.636397004128,6.81313276291,-0.308727174997,1.28190219402
71,1,H,8.0794206,10.61621784,12.81648525,1,0.263434946537,1.28530192375,0.303252637386,-1.54437303543
71,2,H,9.61293826,9.6353992,14.20562472,1,0.219149440527,1.73067557812,0.612800955772,-0.245213970542
71,3,H,10.78801206,9.79406121,9.85593157,1,0.195292636752,2.67021036148,-0.998962759972,-0.832947075367
71,4,H,11.35261571,12.67879971,13.20266196,1,0.181042537093,-2.00268268585,-0.878573179245,-1.62269449234
71,5,O,11.74585179,14.36005725,11.44817239,-2,-0.614054203033,-0.311357468367,0.441506624222,-0.320885449648
71,6,H,11.29609941,10.5616693,13.47184156,1,0.277566283941,-3.29261064529,0.370680063963,0.951889336109
71,7,H,8.22486188,9.71237196,7.88281452,1,0.243440955877,0.801295697689,1.814458251,2.32896566391
71,8,O,8.18932973,9.97962669,12.08657576,-2,-0.536146044731,-5.13687467575,-1.52797245979,3.46967554092
71,9,H,9.60953602,10.13000759,9.53926824,1,0.241443395615,0.415842324495,3.00592517853,0.832650542259
71,10,H,9.79354687,13.55283743,9.73601254,1,0.234389811754,-0.0473677143455,0.718491792679,-0.70899283886
71,11,O,13.08620553,10.11657138,12.46344099,-2,-0.485662817955,-5.35130643845,-4.47384786606,0.372784852982
71,12,H,13.05871933,12.31958469,10.06739108,1,0.253935098648,0.119225725532,3.07668066025,-6.73164224625
71,13,H,12.50565191,11.26681331,10.80566481,1,0.244773119688,-1.49223303795,-2.93861341476,-0.470812112093
71,14,O,10.30463782,10.03143299,13.56877654,-2,-0.400141626596,-0.524495542049,-1.40187072754,-1.99127912521
71,15,H,13.68630687,11.85769583,13.04570875,1,0.243244111538,-0.264353364706,1.35064470768,0.70396989584
71,16,O,13.02403828,12.01987462,10.87664729,-2,-0.440805315971,1.88374686241,-0.623887896538,6.06771230698
71,17,H,8.8013069,9.91869462,11.43145235,1,0.260762453079,3.25212478638,1.53096222878,-2.66374588013
71,18,H,10.20124892,12.48340583,10.60229684,1,0.232575789094,3.19092011452,-2.70937252045,1.21890664101
71,19,H,10.94659356,7.38201417,11.07120228,1,0.201446741819,0.919881999493,-0.080892264843,1.54906189442
71,20,H,9.85801741,9.71867387,12.33657261,1,0.330647438765,1.2818043232,0.845655083656,2.48388957977
71,21,O,13.23385627,12.58066726,13.56088624,-2,-0.502003312111,1.3564119339,0.293236374855,0.0459697730839
71,22,O,8.50260798,10.35826568,8.66940851,-2,-0.416939675808,0.0278396643698,-2.28585743904,-2.42658901215
71,23,H,10.9741848,8.545187,10.34941097,1,0.231805890799,1.28384447098,0.076447352767,1.88629508018
71,24,H,7.80636234,10.27107114,9.31598534,1,0.279472947121,-0.883690953255,0.19071444869,0.456411063671
71,25,O,9.4728738,12.96632725,10.40738525,-2,-0.537078499794,-3.99376821518,2.38440799713,-1.16063714027
71,26,O,10.55069885,10.58047922,10.2947989,-2,-0.536171138287,-3.33601140976,-1.15061020851,-1.32514238358
71,27,H,12,12,12,1,0.275471389294,-4.94527053833,1.2426109314,1.26707208157
71,28,H,12.30022033,9.9662295,13.15465181,1,0.206820249557,3.57398438454,0.385489076376,-0.992773115635
71,29,H,13.727229,13.43933365,13.5047657,1,0.240934222937,-0.531938314438,-1.44474589825,-0.120363421738
71,30,H,12.45634305,9.3017831,11.92834256,1,0.20082628727,3.04245209694,2.56049656868,0.85001128912
71,31,O,11.35029698,8.26865553,11.24770681,-2,-0.413501560688,-2.05786299706,-1.52847242355,-2.80825233459
71,32,H,10.84454195,13.8473088,11.55267008,1,0.224303215742,3.24037122726,0.722100019455,-0.0127653535455
71,33,H,12.61483482,13.85816734,11.45965601,1,0.236121952534,-2.71724200249,0.425844341516,0.211939290166
72,0,O,10.86089169,12.26901195,12.47920248,-2,-0.608441770077,4.52276039124,-2.42696237564,-1.45818006992
72,1,H,8.23267592,10.71676495,12.85571874,1,0.252888172865,0.771070361137,-0.141753658652,-2.31907320023
72,2,H,9.76101812,9.66909212,14.12918202,1,0.25464963913,1.36891317368,0.709214687347,0.294480234385
72,3,H,11.00484911,9.91244165,9.6990946,1,0.169574379921,-0.0914939939976,1.9925621748,1.83987104893
72,4,H,11.41512649,12.6135399,13.16725109,1,0.190849810839,-0.0848299264908,1.19582557678,1.31390941143
72,5,O,11.80398151,14.42543501,11.42469156,-2,-0.641546607018,-6.35905170441,2.08918046951,-1.43557429314
72,6,H,11.09979291,10.66383468,13.3694604,1,0.269323527813,2.0828127861,3.63104176521,0.571979701519
72,7,H,8.31010345,9.66610504,7.96342288,1,0.241136491299,1.18918979168,2.20905208588,1.98455488682
72,8,O,8.24875239,10.10380252,12.05765706,-2,-0.510232329369,0.28431981802,-0.484602749348,-1.37695991993
72,9,H,9.60340359,10.28278049,9.60963546,1,0.218028604984,1.65626847744,2.13471746445,0.588908076286
72,10,H,9.77337415,13.79639594,9.72133381,1,0.232089206576,-0.00857246294618,-0.704959690571,0.52251881361
72,11,O,13.10059004,10.23314444,12.43108157,-2,-0.441288053989,-3.66465973854,-4.44315099716,-1.27613902092
72,12,H,12.98241689,12.38053777,9.77076989,1,0.229863777757,0.37464800477,0.0444218888879,4.18804788589
72,13,H,12.6778513,11.28703658,10.67996378,1,0.227997153997,-0.810985445976,-2.60266137123,0.122710734606
72,14,O,10.38373032,10.12474936,13.5179127,-2,-0.421921908855,-4.25573348999,-4.65150928497,-0.230613067746
72,15,H,13.74043757,11.94872508,13.01814958,1,0.239644140005,-0.381153970957,0.923158764839,0.657787322998
72,16,O,13.06763212,12.10811863,10.85238914,-2,-0.414262473583,0.893785715103,2.35099625587,-5.01543807983
72,17,H,8.87680707,10.23849803,11.19781246,1,0.246244475245,-1.51970076561,1.03680086136,3.31437325478
72,18,H,10.37138709,12.56953598,10.48999356,1,0.237323448062,0.216930031776,-0.320457220078,-0.289706110954
72,19,H,9.85426653,9.90207914,12.21290594,1,0.310799568892,0.459758073092,0.15687443316,0.16393943131
72,20,O,13.28751874,12.64230532,13.55959671,-2,-0.494890391827,1.85545802116,0.679639339447,-0.523320794106
72,21,O,8.59358004,10.41376916,8.67380339,-2,-0.423667013645,1.05596518517,-2.6852812767,-3.6778447628
72,22,H,7.88394248,10.344829,9.25178412,1,0.273816347122,-2.64154934883,0.290104866028,1.972889781
72,23,O,9.5735834,13.07904913,10.35713258,-2,-0.531267702579,-0.948774755001,1.21932065487,-0.897966325283
72,24,O,10.57657813,10.67183748,10.27735868,-2,-0.504972219467,-1.33990526199,-4.9328289032,-3.15636897087
72,25,H,12,12,12,1,0.256054192781,-4.57449007034,1.43191838264,0.670090615749
72,26,H,12.43133579,10.06106502,13.13060482,1,0.228115558624,1.48452425003,0.450473338366,0.612181782722
72,27,H,13.76998652,13.48687652,13.33520033,1,0.23490896821,-0.827611327171,-1.30246818066,0.477850615978
72,28,H,12.52647535,9.47302428,11.85996858,1,0.212232604623,2.71601963043,2.61983203888,1.06479716301
72,29,H,10.88386279,13.83010569,11.49130657,1,0.219894602895,4.0254201889,1.90742301941,0.338939607143
72,30,H,12.57421624,14.01718606,11.63935035,1,0.247056052089,2.55067062378,-2.37592196465,0.957354426384
73,0,O,11.21880244,12.27799004,12.42627091,-2,-0.456324994564,-1.60422420502,-0.719304680824,1.16510605812
73,1,H,10.23379432,9.65202468,14.01588334,1,0.230716019869,-0.752016305923,-0.391474306583,2.44778680801
73,2,H,11.4775736,10.0656146,9.55582483,1,0.19900649786,-1.93057250977,2.02449417114,2.29711556435
73,3,H,11.74709602,12.54311747,13.15737172,1,0.21781206131,0.302047520876,1.64599108696,2.0370092392
73,4,O,12.11820148,14.42745478,11.3380536,-2,-0.590024530888,3.48540663719,1.59443318844,0.818578898907
73,5,H,11.25244047,10.88363505,13.23688614,1,0.260022670031,0.647814691067,3.24381566048,0.580710351467
73,6,H,8.7622388,9.65911126,8.06159945,1,0.255389809608,0.114595137537,-1.14548897743,-1.07679307461
73,7,H,9.98089472,10.47498391,9.67570113,1,0.188825458288,1.76670622826,0.783340930939,0.952634513378
73,8,H,9.99780905,13.92961397,9.64578375,1,0.23029397428,0.644163131714,-1.96302175522,1.16210830212
73,9,O,13.38306387,10.26847522,12.33547771,-2,-0.480791568756,1.93540751934,0.489382952452,-0.98554700613
73,10,H,13.22117105,12.40064536,9.63750621,1,0.210179075599,0.842144846916,-0.174212142825,4.84046077728
73,11,H,13.04919695,11.08732251,10.50371348,1,0.227792784572,1.57913684845,4.33487224579,1.55288302898
73,12,O,10.72522349,10.1337473,13.40160303,-2,-0.4299467206,-0.166552498937,-3.23082780838,-0.939927637577
73,13,H,14.03572306,12.00658048,12.97537222,1,0.242422938347,1.04867708683,-2.51367259026,-1.52410912514
73,14,O,13.39221751,12.13453229,10.75624643,-2,-0.445159971714,-1.89258313179,-3.71223092079,-7.43821907043
73,15,H,10.83241825,12.51949538,10.30794658,1,0.245810240507,-3.10869932175,2.24395108223,-1.0190962553
73,16,H,10.12843968,10.03444965,12.16276852,1,0.189960956573,-0.760955810547,-0.373890519142,-1.9660462141
73,17,O,13.62336636,12.63570629,13.50061862,-2,-0.486672013998,-0.508732378483,1.84258282185,1.79855394363
73,18,O,8.96278683,10.39383822,8.61241876,-2,-0.440314471722,-3.17544031143,0.495986878872,2.00108194351
73,19,H,8.13795894,10.35141228,9.23399168,1,0.270562648773,2.08166456223,0.594402194023,-1.38842082024
73,20,O,9.95042525,13.12369983,10.24737278,-2,-0.558809518814,1.65101873875,-0.280872166157,-0.830945312977
73,21,O,10.87289452,10.68068854,10.19014327,-2,-0.452769905329,1.37872755527,-3.24392700195,-2.89087295532
73,22,H,12,12,12,1,0.201440736651,1.49704611301,-0.708124101162,-2.56856250763
73,23,H,12.9403166,10.07944784,13.10963256,1,0.245049953461,-1.21279978752,-0.668596684933,3.16011142731
73,24,H,14.03032023,13.40783454,13.11851489,1,0.240800991654,0.138355761766,0.973285675049,0.371939688921
73,25,H,12.94803297,9.66770191,11.76895947,1,0.233452782035,-0.594414412975,-1.27154767513,-1.43562281132
73,26,H,11.41703735,13.80954948,11.38355924,1,0.213820740581,-1.11644339561,-0.79657971859,0.339693278074
73,27,H,12.90305748,14.01185971,11.82364383,1,0.237453445792,-2.289478302,0.927232325077,-1.46160912514
74,0,O,11.41816859,12.37140629,12.58391174,-2,-0.383627712727,-2.48004794121,1.23974621296,6.53827571869
74,1,H,9.03744377,10.86845461,12.80655726,1,0.252579033375,-1.10546278954,0.590930640697,0.762842178345
74,2,H,10.51391628,9.69232283,14.19999567,1,0.143447130919,0.0642335861921,0.408465743065,-0.196729376912
74,3,H,11.68689705,10.4002532,9.71671143,1,0.189447447658,0.0999585986137,-0.52816849947,-0.688628554344
74,4,H,11.94594202,12.64965218,13.44912473,1,0.248210579157,-0.0806461423635,0.381278902292,-2.63518357277
74,5,O,12.29155279,14.52036173,11.45438943,-2,-0.579336762428,4.7407374382,1.34904515743,2.69813156128
74,6,H,11.3165075,11.33838816,13.33052075,1,0.237909555435,-1.27242207527,-1.00304961205,-0.483951210976
74,7,O,8.80038945,10.29745703,12.07211074,-2,-0.487850427628,1.48463964462,0.545821070671,-0.88462805748
74,8,H,10.25005034,10.77382701,9.91600933,1,0.216766968369,-5.99879312515,-0.0418839231133,-3.66741323471
74,9,H,10.0751719,14.04835808,9.79332273,1,0.236206099391,1.12769913673,-1.09905457497,0.224352568388
74,10,O,13.52461525,10.39024604,12.44054313,-2,-0.499867141247,1.07562494278,0.677457749844,5.12724494934
74,11,H,13.38317972,12.52087651,9.98632372,1,0.22689846158,-0.314485877752,2.1604821682,-2.58030462265
74,12,H,13.34159944,11.21717586,10.61690924,1,0.233596324921,1.25249242783,3.18491387367,1.22385668755
74,13,O,10.91061627,10.21568989,13.47344509,-2,-0.47304970026,-0.922413408756,-0.222353726625,-2.41215920448
74,14,H,14.20755351,12.0337841,13.0794011,1,0.243062913418,-0.420259863138,-0.46412602067,0.269387692213
74,15,O,13.56110746,12.23009658,10.83888493,-2,-0.485819339752,-0.440733104944,-4.88469362259,0.34996214509
74,16,H,9.10119122,10.87030328,11.33602517,1,0.265267372131,-0.896269381046,-0.148936733603,0.0678779110312
74,17,H,10.95707156,12.65810943,10.27119516,1,0.253640770912,-0.200640335679,0.923143267632,-1.07676649094
74,18,H,10.25932034,10.21212028,12.4429031,1,0.317703604698,1.15869784355,-1.17858505249,2.9908311367
74,19,O,13.80906111,12.71616695,13.64825112,-2,-0.491836428642,0.896328568459,0.593319892883,-0.435578167439
74,20,O,10.18749267,13.24569315,10.33909953,-2,-0.558103442192,-1.6397601366,0.115111514926,0.323919296265
74,21,O,11.02725764,10.76511995,10.29784836,-2,-0.456639647484,6.07280063629,0.026453524828,3.85847353935
74,22,H,12,12,12,1,0.226981192827,3.42675709724,-1.31355810165,-2.70199942589
74,23,H,13.27470935,10.13345997,13.43448977,1,0.234281927347,0.393410891294,0.13134790957,-3.58856940269
74,24,H,14.13647664,13.46579007,13.11935165,1,0.235334128141,0.00372053030878,0.189299285412,0.839799702168
74,25,H,13.14599097,9.84849613,11.79798334,1,0.211726054549,-1.31328582764,-2.11452913284,-0.848710298538
74,26,H,11.73312443,13.79567277,11.48837464,1,0.216449066997,-2.23057055473,-1.41087007523,-0.257139921188
74,27,H,12.99972402,14.13665654,12.15913858,1,0.226621985435,-2.48131036758,1.89299142361,-2.81719183922
75,0,O,11.3643261,12.56704286,12.92945854,-2,-0.373873203993,0.788321912289,-0.445439577103,2.54206490517
75,1,H,9.0502591,11.12170401,13.09496498,1,0.243338569999,-1.47226309776,-0.841868877411,0.00892259739339
75,2,H,10.5301192,9.84977353,14.52692264,1,0.191377311945,0.624685704708,1.42457139492,-2.35984635353
75,3,H,11.64173865,10.7993077,10.00299276,1,0.211233913898,1.72402977943,-0.665067076683,-2.67397999763
75,4,H,11.89940316,12.88914702,13.78863664,1,0.235869348049,0.380749553442,0.1501326859,-2.78750324249
75,5,O,12.23954711,14.71445807,11.74431245,-2,-0.607120394707,-1.69383704662,-2.93581628799,-0.0202196277678
75,6,H,11.06091261,11.8050898,13.57523595,1,0.210301935673,-0.150248616934,-0.68862760067,-1.48731684685
75,7,H,9.14340034,9.69004614,8.62698351,1,0.245843753219,0.0849076136947,2.83989453316,1.52723550797
75,8,O,8.77557875,10.5363852,12.33918482,-2,-0.496673822403,-0.0385725535452,0.79733389616,1.79032707214
75,9,H,10.04525513,11.13699027,10.13882372,1,0.218503892422,2.40689396858,-1.02974700928,-0.164508149028
75,10,H,9.94329326,14.220968,10.07988948,1,0.242267221212,0.678872704506,0.013680562377,-0.639821648598
75,11,O,13.43173375,10.61360575,12.7251438,-2,-0.461168855429,-0.411937296391,-3.02388858795,1.64279854298
75,12,H,13.30614954,12.89127545,10.34556948,1,0.256212711334,-0.59469473362,1.94290077686,-2.75220322609
75,13,H,13.43752351,11.58156891,10.9586365,1,0.242912054062,-0.0300653390586,-9.455037117,-1.87917482853
75,14,O,10.85399425,10.39678589,13.70375435,-2,-0.449297279119,1.63495707512,-1.94374442101,5.50097465515
75,15,H,14.09755705,12.12572162,13.36345504,1,0.233879104257,-1.06401515007,1.52600646019,1.34311890602
75,16,O,13.48812889,12.40684757,11.09193697,-2,-0.489437937737,1.1456592083,7.73173379898,3.87174606323
75,17,H,8.76630855,11.28979195,11.77909295,1,0.257421821356,-0.361604422331,0.982878923416,-1.93544745445
75,18,H,10.81659507,12.90325964,10.33158611,1,0.255278110504,3.34497857094,-2.59474349022,-2.39531159401
75,19,H,10.21738721,10.39609118,13.03371051,1,0.227817028761,-1.5136231184,-1.39778578281,-2.30636358261
75,20,O,13.75678446,12.89414036,13.95941164,-2,-0.510926604271,1.60210382938,0.0842000693083,-2.16732120514
75,21,O,9.13647039,10.63461599,9.08380757,-2,-0.473840743303,1.83272635937,-2.69637584686,-4.25813007355
75,22,H,8.38953469,10.6476375,9.58956155,1,0.272151052952,-3.60439395905,-0.157337740064,1.89184212685
75,23,O,10.18066897,13.46198692,10.6010383,-2,-0.535915732384,-4.79546117783,2.46300911903,2.61206793785
75,24,O,10.9606935,10.95030882,10.58596781,-2,-0.522321879864,-1.96332573891,1.28434562683,3.27885341644
75,25,H,12,12,12,1,0.274190068245,-0.78693395853,1.00254225731,2.14029097557
75,26,H,13.39115631,10.26532005,13.78390705,1,0.205097913742,-0.428455263376,0.620811223984,-4.65812110901
75,27,H,14.00187169,13.64483251,13.3377704,1,0.234417438507,-0.176759332418,-1.1096842289,1.34766030312
75,28,H,13.01636403,9.9944043,11.97267279,1,0.20686660707,1.04523849487,1.15970027447,3.28926110268
75,29,H,11.66793238,13.8058816,11.74057226,1,0.222858995199,1.40209805965,4.30421733856,-0.516856729984
75,30,H,12.72745762,14.47440956,12.53127144,1,0.232737749815,0.389967948198,0.657200932503,0.214961916208
76,0,O,11.3568588,12.70704754,13.13460515,-2,-0.414852380753,1.02056920528,2.02350664139,-1.71311163902
76,1,H,9.02205707,11.26896848,13.25361938,1,0.236406683922,-0.91188955307,-0.358210861683,-0.0602227263153
76,2,H,10.59415267,10.01331513,14.57586157,1,0.227364122868,0.430323123932,-0.391044050455,0.963432610035
76,3,H,11.68530551,11.07193827,10.04316965,1,0.205019131303,-2.19742012024,-0.1587485075,1.44779312611
76,4,H,11.92049755,13.07829147,13.83661903,1,0.221737802029,0.866719782352,-0.16393019259,-0.395129114389
76,5,O,12.22471219,14.84404969,11.88824839,-2,-0.590901494026,-1.01336729527,-1.76221811771,-1.10544359684
76,6,H,10.81643854,12.13012873,13.61833397,1,0.226110368967,-1.13558030128,-1.82141900063,0.833463251591
76,7,H,9.24144986,9.81228776,8.88233608,1,0.24956664443,-0.0167729742825,1.63307952881,0.904835522175
76,8,O,8.79457052,10.72533551,12.46744936,-2,-0.458656430244,-2.37383055687,4.86558389664,-1.46922123432
76,9,H,9.96114815,11.36820952,10.18747598,1,0.214826539159,3.02785038948,-1.69784581661,1.06654345989
76,10,H,9.87750842,14.35381161,10.15934423,1,0.224052622914,0.778837859631,-0.803469181061,0.240040764213
76,11,O,13.38225046,10.77543104,12.86985665,-2,-0.459522426128,0.288635849953,-2.6806871891,-0.380455166101
76,12,H,13.26565467,13.31342702,10.36503345,1,0.261556595564,1.18257427216,-3.54288554192,3.47109174728
76,13,H,13.57661708,11.54386602,11.08712524,1,0.230176687241,0.195810467005,2.4348461628,-0.821454644203
76,14,O,10.84908919,10.51962515,13.80968346,-2,-0.47607639432,2.43220686913,-1.02836453915,3.22132015228
76,15,H,13.94440784,12.23012975,13.56932084,1,0.224709570408,-0.201366275549,0.540027141571,0.148383662105
76,16,O,13.45870856,12.54498677,11.21521014,-2,-0.440599471331,-0.860163033009,1.48092389107,-2.93956184387
76,17,H,8.46064284,11.65109254,11.97311484,1,0.240135937929,1.12766635418,-3.5393538475,1.1496720314
76,18,H,10.82003257,12.99110523,10.16400016,1,0.207149922848,-2.51112341881,2.40666508675,1.76693761349
76,19,H,12.02917648,12.98383285,9.18215423,1,0.260243326426,0.537490904331,-0.596832573414,0.751026451588
76,20,H,10.08387395,10.42108356,13.33247783,1,0.207696154714,-2.04524803162,-1.08896112442,-3.03062033653
76,21,O,13.75249334,13.01517109,14.11742263,-2,-0.537894129753,0.440062731504,0.208305835724,0.326386779547
76,22,H,10.68422459,12.37044374,8.47643109,1,0.258970350027,0.388952553272,-0.245855614543,0.446946233511
76,23,O,9.14592795,10.7467691,9.24908854,-2,-0.435620486736,-1.29513025284,-1.08612847328,-1.61337459087
76,24,H,8.33586153,10.75769849,9.77008349,1,0.267883867025,-0.354418665171,-0.300356119871,-0.177017569542
76,25,O,10.20521842,13.62448194,10.72721434,-2,-0.51029843092,0.223259657621,-1.23675465584,-1.33311295509
76,26,O,10.93468845,11.08756781,10.74015491,-2,-0.527499675751,1.41183853149,0.793588221073,-1.85850656033
76,27,H,12,12,12,1,0.251902937889,-0.571479558945,0.800770401955,1.1888974905
76,28,H,13.52798296,10.35213991,13.76237101,1,0.238723620772,-0.676835596561,0.0690625309944,-1.67400550842
76,29,H,13.90578927,13.72506378,13.487549,1,0.245480030775,0.360391795635,0.129502952099,-0.0454727225006
76,30,H,12.97535698,10.11516679,12.2042807,1,0.241846248507,0.680023252964,1.11387979984,2.2544491291
76,31,H,11.69184723,13.95931784,11.81632582,1,0.226024389267,0.873019814491,3.05393457413,0.0809313058853
76,32,O,11.43641667,12.97214391,8.45542337,-2,-0.551390767097,-0.382196962833,0.565576672554,-2.47919416428
76,33,H,12.51143048,14.80839963,12.78667768,1,0.235728412867,0.280589491129,0.383811026812,0.833751618862
77,0,O,11.3489913,12.82595634,13.26436292,-2,-0.486597508192,-2.98006772995,-1.39450383186,-3.93470859528
77,1,H,8.94049616,11.3570955,13.35116951,1,0.235130250454,-0.402448773384,0.711257338524,1.00696349144
77,2,H,13.05172991,7.98906848,12.95466736,1,0.264244258404,3.27093601227,-1.54146456718,-0.560729146004
77,3,H,10.65085185,10.10857689,14.6029023,1,0.213470980525,0.221643045545,-1.43144106865,2.7458293438
77,4,H,11.60480154,11.2784553,10.11751777,1,0.207300841808,-0.648461043835,-0.432669818401,0.92411082983
77,5,H,11.99387981,13.22251588,13.80226896,1,0.21395945549,1.20907998085,0.112419612706,2.13889050484
77,6,O,12.20436657,14.9431339,11.96136391,-2,-0.552009820938,4.19611978531,6.0740904808,4.17528295517
77,7,H,10.54208957,12.33251782,13.62258827,1,0.255254685879,2.71249556541,1.01974129677,0.0694660916924
77,8,H,9.33110694,9.98312733,9.11233614,1,0.265077024698,0.951523184776,-4.00676059723,-0.880249023438
77,9,O,8.80633842,10.90272418,12.52476065,-2,-0.396652013063,-3.87282586098,3.58297896385,-2.23760509491
77,10,H,10.05859105,11.4493062,10.23927458,1,0.183339893818,1.58532738686,-1.07094085217,1.67828857899
77,11,H,9.8451928,14.44745061,10.16422448,1,0.214170947671,0.769838750362,-0.917328119278,1.37692809105
77,12,O,13.33477137,10.90780782,12.94465752,-2,-0.45765542984,1.63752353191,3.05978369713,-1.21106028557
77,13,H,13.30914774,13.54149968,10.45155142,1,0.252713173628,0.968238413334,-3.80443048477,3.14819073677
77,14,H,13.70062413,11.55232389,11.11282815,1,0.244139164686,-0.670946419239,4.75494098663,-0.0666234195232
77,15,O,10.85180954,10.61383198,13.86107001,-2,-0.520993709564,-4.45148611069,-1.17782473564,-2.0971288681
77,16,H,13.74990493,12.30989097,13.70200855,1,0.216669097543,-0.0901947319508,-0.708263754845,-0.821379959583
77,17,O,13.68356503,7.38793027,12.36208496,-2,-0.546956300735,-0.514495074749,-0.175491988659,2.64421367645
77,18,O,13.4228434,12.66310471,11.26329259,-2,-0.41235357523,-0.750331997871,-0.91393995285,-3.03965210915
77,19,H,8.20895724,11.78536312,12.12508953,1,0.242317214608,2.15825438499,-3.31320714951,1.00008928776
77,20,H,10.68819895,13.16292869,10.04685989,1,0.185573428869,-1.61684167385,2.14666366577,2.93544316292
77,21,H,12.02997199,12.98390124,9.35539453,1,0.246134102345,-0.783985137939,-0.194032087922,-1.34993600845
77,22,H,12.18941194,7.91425456,12.08668091,1,0.239055261016,-1.56604087353,3.48043060303,-0.732421815395
77,23,H,9.83501284,10.35297935,13.36985867,1,0.205506935716,4.73609828949,0.296866476536,0.588607609272
77,24,O,13.74909374,13.1080656,14.20733652,-2,-0.548422932625,0.21657922864,0.999164938927,2.07907700539
77,25,H,10.53089847,12.54709452,8.63654187,1,0.246555656195,3.38068413734,1.44366312027,-0.553547143936
77,26,O,9.15034607,10.83309065,9.34030934,-2,-0.432581037283,-5.439930439,4.04773187637,1.45330166817
77,27,H,12.25295067,9.02968491,11.01020993,1,0.225941807032,-1.05493092537,0.389077693224,3.75056672096
77,28,H,8.25585711,10.80173563,9.9028352,1,0.275331705809,2.80637979507,-0.055663343519,-1.89444720745
77,29,O,10.23085564,13.75147051,10.78105503,-2,-0.480835318565,-0.64330637455,-0.266480386257,-3.36493325233
77,30,O,10.91006702,11.20452892,10.8207584,-2,-0.453791439533,1.59466433525,0.940924167633,-1.28632950783
77,31,H,12,12,12,1,0.213121414185,-0.56125074625,1.56071352959,1.23160338402
77,32,H,13.62739917,10.3891314,13.62060587,1,0.240670859814,1.59414696693,-1.78364229202,3.63770031929
77,33,H,13.83165417,13.79354954,13.56720823,1,0.248979970813,0.524587631226,0.76493626833,-0.949847042561
77,34,H,12.94560518,10.21389313,12.48464235,1,0.194063812494,-2.1621658802,-1.90176928043,-1.93136680126
77,35,O,12.00668888,9.02721781,12.08487819,-2,-0.450199365616,0.0127090672031,-4.4246764183,-5.10784435272
77,36,H,11.73404972,14.20176641,11.81646681,1,0.230404809117,-3.03650426865,-3.82093834877,0.0501608103514
77,37,O,11.45598228,13.08629403,8.54408621,-2,-0.499932318926,-1.91114926338,-1.83168566227,0.317529261112
77,38,H,14.05869919,6.69461905,12.96021604,1,0.250885277987,-0.510035693645,0.761250376701,-0.693369030952
77,39,H,12.32833768,15.12504869,13.01537957,1,0.228969037533,-0.879431724548,-0.979479253292,-4.23906469345
78,0,O,11.3233973,12.89831938,13.34671749,-2,-0.49881875515,-1.23337507248,-0.229397580028,-2.21261835098
78,1,H,13.07663208,7.90110693,13.01533996,1,0.271393954754,1.60922980309,-0.778571069241,0.846275150776
78,2,H,10.69302762,10.08558056,14.71624202,1,0.208204716444,0.846430122852,1.58133208752,-1.70751070976
78,3,H,11.49322155,11.39522439,10.224973,1,0.241829290986,4.29130983353,0.107576563954,-2.93617320061
78,4,H,12.10785387,13.30047633,13.83734592,1,0.201933786273,-1.69985854626,-0.985148787498,0.743525385857
78,5,O,12.18628149,15.0143395,12.01255694,-2,-0.561639547348,0.885193288326,1.83997678757,2.51130914688
78,6,H,10.40427014,12.52471649,13.60380189,1,0.254760861397,3.11878418922,1.24737536907,0.569893479347
78,7,H,10.19510733,11.40568993,10.3305452,1,0.234201684594,-5.65282392502,0.674492359161,-2.3694832325
78,8,H,9.84292681,14.48981909,10.19497978,1,0.228943556547,-0.163290500641,1.15593242645,1.44528627396
78,9,O,13.28526808,11.00227875,12.98062529,-2,-0.425669312477,2.68645167351,-4.33994579315,1.56453335285
78,10,H,13.41863041,13.52432426,10.62702748,1,0.252542465925,0.634061098099,-2.07416892052,1.16805946827
78,11,H,13.75393433,11.80970483,11.10881298,1,0.255498737097,0.0960629880428,2.13184428215,-0.388856291771
78,12,O,10.83089876,10.65792774,13.87186005,-2,-0.421857863665,-6.07877874374,-4.50523471832,1.13472533226
78,13,H,13.53536903,12.29741305,13.75548915,1,0.208416968584,0.512958049774,1.70393157005,0.805534541607
78,14,O,13.69175366,7.46377902,12.39935801,-2,-0.54792290926,1.92239499092,-3.01733660698,2.23170948029
78,15,O,13.37578615,12.7296354,11.26824451,-2,-0.444096446037,-0.964793801308,-0.184495389462,-1.073112607
78,16,H,10.4526771,13.38521369,10.06327101,1,0.207449197769,2.21714377403,-3.84986543655,-3.73151445389
78,17,H,11.99537199,12.92956111,9.42955298,1,0.257362484932,-1.03075551987,0.49218288064,-1.64047861099
78,18,H,12.19948971,8.25521633,12.14719758,1,0.233821675181,0.560457825661,-7.27835273743,0.36683639884
78,19,H,9.85957409,10.2642971,13.41898863,1,0.219003885984,4.14783477783,1.72189390659,1.34945988655
78,20,O,13.73887956,13.15665117,14.26758491,-2,-0.548409223557,-0.260088413954,0.33508425951,-1.11622989178
78,21,H,10.52205743,12.74052945,8.71314478,1,0.246115803719,2.58079242706,0.658708035946,-0.819686174393
78,22,H,12.22690323,9.09476547,11.15041073,1,0.242282524705,-0.807265281677,1.21666300297,2.01160764694
78,23,O,10.2488198,13.82768124,10.79059257,-2,-0.456850677729,-3.25075650215,3.59690904617,3.09135890007
78,24,O,10.88373288,11.28155266,10.86626056,-2,-0.422421425581,1.75668025017,-1.47614240646,5.37854814529
78,25,H,12,12,12,1,0.13050121069,-0.688202619553,1.2347342968,0.949889361858
78,26,H,13.76267112,10.31714268,13.60141009,1,0.226494461298,-0.380020171404,2.53202724457,-0.906340718269
78,27,H,13.78216837,13.85732736,13.56660204,1,0.24442845583,0.401708692312,-0.952814638615,0.668179035187
78,28,H,12.80776562,10.17470767,12.6440549,1,0.17954428494,-0.899765729904,1.33750975132,-0.333044230938
78,29,O,12.00503273,9.09528602,12.16808718,-2,-0.411526322365,-2.22449803352,5.74331855774,-4.42498207092
78,30,H,11.6283052,14.23195803,11.77681403,1,0.229553252459,-0.00445411540568,1.1904541254,1.45565736294
78,31,O,11.45831186,13.15024343,8.60242388,-2,-0.51524078846,-0.982172727585,-1.55022871494,0.919639527798
78,32,H,14.14619684,6.69468132,12.95197751,1,0.252855330706,-1.52373898029,2.46656870842,-1.78519296646
78,33,H,12.12688146,15.34162145,13.02228916,1,0.227314412594,-0.422855079174,-1.7468111515,-3.76680350304
79,0,O,11.30123999,12.9321829,13.39246848,-2,-0.513866424561,4.63078927994,1.44036364555,-2.90433263779
79,1,H,13.19436012,7.73327818,13.10948933,1,0.271339327097,-1.66546046734,1.34752416611,3.37565088272
79,2,H,11.54335209,8.41905612,10.33132808,1,0.247069582343,-2.88386678696,1.43444740772,-1.9572378397
79,3,H,10.76893623,10.09344023,14.72028631,1,0.222987920046,0.747929990292,1.69940280914,-1.37028944492
79,4,H,11.57247696,11.44294331,10.20772126,1,0.212097764015,-0.773468852043,-0.784473240376,1.15735924244
79,5,H,12.13633939,13.27148207,13.89220167,1,0.199192464352,-2.40196156502,-0.536679446697,0.416571170092
79,6,O,12.17804611,15.053336,12.04365993,-2,-0.612655818462,-0.257739067078,-3.07418394089,-3.8770635128
79,7,H,10.44005737,12.72820579,13.58353911,1,0.26040327549,-2.39065909386,-0.549539446831,1.93854653835
79,8,H,9.51796084,9.93131657,9.40983432,1,0.273181915283,-0.458982169628,2.79287314415,-0.527603507042
79,9,H,10.07368727,11.32483081,10.30714563,1,0.155663698912,0.134457588196,0.10116456449,0.792051911354
79,10,H,9.84263121,14.5834997,10.27204333,1,0.224772185087,0.136238902807,1.19094967842,1.38697338104
79,11,O,13.25066357,11.04455977,12.9921784,-2,-0.460120588541,2.13034796715,-5.70517349243,1.30684506893
79,12,H,13.59042648,13.41278083,10.76286135,1,0.257585585117,2.02286601067,6.65015792847,-4.06125545502
79,13,H,13.83570868,12.09050825,11.04522716,1,0.258835852146,4.56539869308,-6.19996643066,-1.16253900528
79,14,O,10.79894957,10.6468173,13.86123883,-2,-0.476684510708,3.20686554909,0.327767074108,6.02337312698
79,15,H,13.35405829,12.28784451,13.80737834,1,0.207116097212,1.6430426836,2.0523853302,1.19738304615
79,16,O,13.71422165,7.49145431,12.41082755,-2,-0.512173354626,1.63422036171,-0.503593623638,-2.69676208496
79,17,O,13.32782218,12.75411585,11.24825387,-2,-0.450720340014,-7.10650062561,-0.671728491783,4.89102602005
79,18,H,10.3052011,13.39422776,9.93457122,1,0.215969949961,0.597798347473,-0.6268684268,1.66239857674
79,19,H,11.93473997,12.86185939,9.39920443,1,0.258784651756,0.425059258938,0.126712307334,0.612621426582
79,20,H,12.25223011,8.21366951,12.20714726,1,0.240507051349,-0.377416759729,-0.637421011925,0.607551455498
79,21,H,10.14607656,10.19938932,13.49750661,1,0.248722329736,-5.02304649353,-3.01814174652,-3.83796620369
79,22,O,11.44423216,9.147066,9.56503963,-2,-0.453879714012,-2.91957330704,-2.99005246162,2.7477812767
79,23,O,13.73510667,13.16532244,14.29582024,-2,-0.56324917078,-1.21100330353,-0.796406567097,-1.52203071117
79,24,H,10.61042149,12.89775193,8.6978919,1,0.257419973612,-3.64738941193,-1.91702914238,-0.649425923824
79,25,O,9.11609178,10.90674728,9.42772207,-2,-0.433035731316,2.46321749687,-3.10120725632,-3.09638667107
79,26,H,12.18472912,9.23672504,11.37292753,1,0.237421914935,1.23152959347,2.74552297592,-6.9054980278
79,27,H,8.39525063,10.69898053,9.92948038,1,0.261955320835,-3.68739962578,-0.158848792315,2.15929698944
79,28,O,10.26694687,13.8692638,10.78089647,-2,-0.437947034836,-2.18611717224,0.509754836559,-1.62315201759
79,29,O,10.87849368,11.31913534,10.90485122,-2,-0.449399530888,3.56076550484,1.21608173847,0.588138103485
79,30,H,12,12,12,1,0.203752458096,-0.965922474861,0.564019024372,0.152984976768
79,31,H,13.86854631,10.33742789,13.5244604,1,0.219241261482,-1.32300961018,3.04789471626,-1.46098411083
79,32,H,13.76508661,13.83154684,13.56730185,1,0.239381209016,0.34084123373,-0.602246701717,0.592716038227
79,33,H,12.6379865,10.15581465,12.74465827,1,0.180622518063,0.597592055798,2.86840677261,0.622355163097
79,34,O,12.00292859,9.13816021,12.21093183,-2,-0.401748180389,-2.882188797,-2.45336937904,5.48131656647
79,35,H,11.49960242,14.23496303,11.75927257,1,0.233645409346,2.1240067482,3.4688782692,1.53691244125
79,36,O,11.46202342,13.17104332,8.63952843,-2,-0.53385746479,3.97134041786,1.40130805969,-1.9904859066
79,37,H,12.32052582,8.95680129,9.58136249,1,0.223566412926,5.60055971146,0.50340873003,-2.35704421997
79,38,H,14.16559123,6.80572031,12.84354434,1,0.249604254961,1.60769033432,-2.00133395195,0.266567140818
79,39,H,11.93191475,15.4195522,12.84241211,1,0.23849734664,-1.21085059643,0.839241445065,2.48363661766
80,0,H,13.17849424,11.40020799,10.92006772,1,0.239460214972,-2.36362528801,0.428557008505,1.82472932339
80,1,O,10.48956519,10.80059329,14.14307913,-2,-0.44920706749,-2.56145262718,1.37412345409,-1.05077111721
80,2,H,12.8293237,10.5228173,13.30412338,1,0.258443623781,-1.32203543186,3.44465184212,-5.04850721359
80,3,H,13.28845567,13.42564665,13.68573438,1,0.22519364953,-0.642854690552,2.27912640572,-1.34794688225
80,4,O,13.34131268,12.69850919,14.23288544,-2,-0.623942136765,-1.74999403954,-4.64182901382,3.67472052574
80,5,H,11.08819163,8.82972119,8.8917249,1,0.280125766993,0.329103052616,0.676935613155,-2.95588898659
80,6,O,10.58301429,11.08987641,9.84233723,-2,-0.566565096378,-0.00862620025873,-2.14222359657,-0.167920231819
80,7,H,11.0140979,9.4741591,7.2123049,1,0.273162513971,0.649874031544,-0.74046587944,3.30475711823
80,8,O,12.35204884,11.27501229,11.50234691,-2,-0.473073035479,2.95615077019,-2.6063554287,-0.4684894979
80,9,H,10.30090628,12.5968871,13.42446544,1,0.238115236163,1.11040782928,1.02149295807,-0.603613317013
80,10,H,12.32423958,12.30642689,14.75718844,1,0.282040774822,3.60208654404,2.90277600288,-1.32965660095
80,11,H,14.40246509,12.28620617,12.7307757,1,0.247319668531,-1.1370203495,-0.485956162214,0.399706274271
80,12,H,9.63673524,11.08229154,14.52109659,1,0.221770823002,0.280806958675,-0.653659164906,-0.190339043736
80,13,H,11.13215298,12.94974999,16.3124723,1,0.219262331724,0.83260768652,1.25682544708,0.133715301752
80,14,H,12.85081311,9.85997112,15.16570612,1,0.0512157678604,-1.72380852699,-0.730234980583,2.61824560165
80,15,O,10.29805145,13.09679159,11.50606981,-2,-0.529736101627,-2.88632416725,-1.26000070572,5.95787858963
80,16,H,12,12,12,1,0.239440709352,0.388413250446,1.32901036739,-0.179705813527
80,17,H,15.29250093,13.13757601,13.55394952,1,0.237846121192,-0.0341421812773,-0.232088506222,0.162177115679
80,18,O,11.44572409,9.45546092,8.159613,-2,-0.459946751595,-0.551789879799,-1.50159263611,-1.08656668663
80,19,O,12.75308788,9.97790583,14.02071979,-2,-0.273935168982,2.48845243454,-3.13053846359,2.5286886692
80,20,O,11.83835055,12.30336177,16.16918097,-2,-0.419418036938,-5.76562166214,-3.70578837395,-0.577095925808
80,21,H,13.02740599,14.53800301,11.00064954,1,0.230568960309,-1.86921167374,3.70888972282,0.996552884579
80,22,H,10.91407065,11.6112457,15.88240768,1,0.254345774651,4.88989877701,2.26808810234,1.1347990036
80,23,H,13.54743237,13.61316407,10.69088471,1,0.232858613133,2.9309220314,-3.64792847633,-2.61995410919
80,24,H,11.62392751,13.58312331,13.07076372,1,0.229751259089,-2.61557126045,-1.6671308279,2.37108325958
80,25,O,13.1061917,13.73720108,11.48164447,-2,-0.426118016243,-1.07970762253,1.04676282406,1.36345648766
80,26,H,10.43222827,13.96015484,11.71556059,1,0.260855674744,0.572359085083,3.54961442947,-0.286279052496
80,27,H,10.9547561,10.36636546,9.20248045,1,0.171894669533,-0.915440738201,2.81877470016,0.965553700924
80,28,H,13.60226245,10.36526513,14.36364067,1,0.232021614909,1.35330188274,-0.0727619379759,-0.392264515162
80,29,O,15.26440989,12.65014839,12.72880428,-2,-0.578441619873,2.58655238152,0.373542308807,-1.04608714581
80,30,O,11.00970811,13.14745357,13.80617227,-2,-0.529734253883,0.547337651253,2.3833220005,-1.39099669456
80,31,H,10.89349322,10.18750063,14.69816195,1,0.222004503012,0.810172975063,-2.13403654099,1.48840522766
80,32,H,10.90713897,10.74320221,10.71296986,1,0.233624279499,-0.389701485634,0.692781627178,-1.13711249828
80,33,H,10.44072093,12.73084494,10.73647058,1,0.248794823885,1.28848028183,-2.20268440247,-7.04527187347
81,0,O,15.39352374,10.24092552,14.99559896,-2,-0.520533323288,-1.37106585503,-1.54157865047,-1.39140272141
81,1,H,13.12869221,11.55814394,10.81932931,1,0.234249249101,1.80914378166,1.54124176502,-1.27095007896
81,2,O,10.5843506,10.77215733,13.94970955,-2,-0.42679476738,-1.85108840466,-0.625411093235,1.25157952309
81,3,H,13.08442691,10.62220298,13.03220975,1,0.23375466466,-1.98234736919,-0.184562981129,-0.68425232172
81,4,H,13.26600838,13.48248793,13.64867898,1,0.2255974859,-0.274080097675,1.11842083931,-0.514148294926
81,5,O,13.42077123,12.66082035,14.06080709,-2,-0.645274579525,-1.11565589905,-3.77066540718,2.30289006233
81,6,O,10.66142082,11.05592956,9.65896953,-2,-0.530653238297,-2.51204919815,3.44288706779,1.07552015781
81,7,O,12.46081765,11.18595985,11.32320838,-2,-0.505578160286,-3.01937794685,0.69246929884,5.82115936279
81,8,H,10.33102044,12.46645307,13.32158426,1,0.243586748838,3.13146233559,2.96100497246,-0.381787985563
81,9,H,12.39142465,12.21843347,14.58283793,1,0.295091986656,3.59146428108,3.25908112526,-1.05890035629
81,10,H,14.59144413,12.18035203,12.73170545,1,0.241474419832,-4.14551305771,-1.7144163847,0.887081205845
81,11,H,9.72331772,10.94850005,14.38035151,1,0.206411361694,0.0301420725882,-0.0963672026992,-0.558086156845
81,12,H,11.30765656,12.96717457,16.29677,1,0.217314124107,1.64408576488,-0.916022360325,-0.970705270767
81,13,H,15.60911965,11.06566977,14.52515157,1,0.270644903183,0.0415752641857,-0.405129492283,-0.25459510088
81,14,H,14.99891274,9.54350996,14.35196742,1,0.242131531239,2.01183605194,1.58059167862,1.41270875931
81,15,H,12.77201109,9.89143683,14.94312482,1,0.171477407217,-0.88937407732,0.0444909147918,-0.966023802757
81,16,O,10.39242612,13.00591065,11.32994432,-2,-0.52164965868,-0.0651382356882,-0.88682693243,-4.03462028503
81,17,H,12,12,12,1,0.254202485085,1.9863421917,-2.82019257545,-3.12240958214
81,18,H,15.4677789,13.12170341,13.35985976,1,0.231121733785,-0.0406248345971,-0.773859322071,-1.54527461529
81,19,O,12.83462624,9.87926752,13.87088856,-2,-0.318684875965,4.45351696014,1.30459880829,1.14916110039
81,20,O,11.94798839,12.27089426,15.92762603,-2,-0.418413758278,-5.37906646729,-2.52942037582,0.644234657288
81,21,H,13.08602949,14.64054424,10.81311093,1,0.207904562354,-0.521177053452,-2.36826634407,2.79866671562
81,22,H,11.13469304,11.55664541,15.63026282,1,0.243168905377,3.34202885628,2.71500205994,1.1229275465
81,23,H,13.77179751,13.54871881,10.38927221,1,0.20348906517,-1.19926905632,-1.01749563217,3.48812389374
81,24,H,11.70096842,13.67724685,12.88957137,1,0.225328087807,-2.91344046593,-2.37890934944,2.01448273659
81,25,O,13.21258995,13.68547571,11.31567508,-2,-0.378691494465,1.76185083389,4.43893241882,-6.53403759003
81,26,H,10.51044449,13.96785805,11.42591341,1,0.233163356781,-0.123004823923,-0.736867487431,-0.643920600414
81,27,H,10.93618356,10.3331132,9.22256728,1,0.244910120964,1.42134475708,-3.75901913643,-2.97736120224
81,28,H,13.81362222,10.3836646,14.05914545,1,0.247280597687,-1.31933677197,-1.27544987202,0.433563828468
81,29,O,15.36401485,12.58217792,12.52162114,-2,-0.557054281235,5.21156311035,2.44212722778,0.277463674545
81,30,O,11.14300685,13.08552183,13.59694019,-2,-0.538671076298,-1.34808886051,1.1842662096,-1.58654201031
81,31,H,10.9107532,10.05810672,14.50320842,1,0.200701475143,0.0663082897663,-0.652319669724,-0.355280011892
81,32,H,10.95840247,10.86223712,10.53965145,1,0.253519594669,0.396518290043,-0.0557710006833,0.844060122967
81,33,H,10.59536166,12.62741337,10.31563254,1,0.235475257039,-0.829485595226,1.78343653679,3.32667398453
82,0,H,12.30230642,13.18353771,8.80682004,1,0.233553007245,-0.88776409626,-0.223217785358,0.17592279613
82,1,H,13.02448929,11.94235979,10.87088404,1,0.217902436852,-0.994173467159,-1.26240241528,0.919867157936
82,2,O,10.56182489,10.91481419,13.95876464,-2,-0.477540224791,0.419445872307,-3.02155542374,3.6611559391
82,3,H,13.0852527,10.8783975,12.91785385,1,0.25251609087,-0.981787621975,0.48425078392,-0.917410075665
82,4,O,14.57164774,15.30856541,10.29059147,-2,-0.376820594072,0.677454471588,0.2691809237,0.629860341549
82,5,O,8.72796904,11.56558884,12.71652099,-2,-0.507273733616,-2.4243311882,1.46265459061,-1.87282955647
82,6,O,11.33348029,13.30725402,8.88073224,-2,-0.531835198402,-0.461314022541,-0.408183634281,-1.03849351406
82,7,H,14.98385543,13.40799235,8.61788031,1,0.24708661437,-1.17464649677,0.158892661333,2.00011825562
82,8,H,13.11197757,13.76017609,13.77558002,1,0.237719938159,1.52152836323,-3.78564047813,0.909408807755
82,9,O,13.38091323,12.77499412,14.09237407,-2,-0.499947160482,0.775564730167,2.55714082718,-1.15506374836
82,10,O,10.6174723,11.19358405,9.67822563,-2,-0.431967198849,-1.44166111946,-2.85859155655,-0.80901569128
82,11,H,10.83940054,12.38156875,8.86884826,1,0.199791952968,1.90239953995,1.8008749485,-0.581835448742
82,12,O,12.44653231,11.26858276,11.36094073,-2,-0.431399941444,0.641462981701,2.78593635559,2.28282284737
82,13,H,10.85653158,7.88640985,15.3911888,1,0.246124908328,0.206415683031,1.62222349644,-1.69163525105
82,14,H,10.41528768,12.62660818,13.36707834,1,0.230090796947,-0.112640745938,0.630201995373,-0.998553276062
82,15,H,12.55496348,12.47428887,14.54929283,1,0.205769330263,0.784656465054,0.969673633575,-0.3776910007
82,16,H,9.6201125,14.67738577,10.3595229,1,0.245070099831,0.0530861988664,-0.698459744453,-1.1822552681
82,17,O,9.23310612,15.52032474,10.14104311,-2,-0.555640101433,-0.464949727058,0.493053078651,1.39392507076
82,18,H,14.43577212,12.15303555,12.94279418,1,0.215244755149,3.55907130241,2.86216211319,-1.6827968359
82,19,O,16.86196373,14.54642946,10.25683043,-2,-0.573686778545,0.975944519043,1.17984688282,-0.881044983864
82,20,H,14.47954084,12.16662204,8.73911983,1,0.242106989026,-0.178196191788,-4.76412200928,-1.3666806221
82,21,H,9.71863986,10.95064803,14.42532234,1,0.213008254766,-0.777038633823,0.83007901907,-0.94569003582
82,22,H,11.42060674,13.12622102,16.40357671,1,0.244840458035,1.17229163647,-2.12857866287,-1.68056929111
82,23,H,12.57190558,10.11412418,14.9105249,1,0.241508215666,0.38375416398,0.0960856303573,-2.01609301567
82,24,O,10.37027533,13.07807646,11.33701221,-2,-0.497776865959,0.0267852637917,1.19257354736,-4.70475769043
82,25,H,7.83119041,11.99639327,12.78201723,1,0.22740958631,1.19366359711,-0.694864213467,-0.103585191071
82,26,O,14.33199199,12.90872066,9.22448062,-2,-0.360961347818,1.86719024181,4.10453701019,-1.63771092892
82,27,H,12,12,12,1,0.234267160296,0.841296374798,-1.70060014725,-1.72897934914
82,28,O,16.02385922,15.3097722,12.9949404,-2,-0.561888754368,0.28821131587,0.581490814686,1.66737604141
82,29,H,9.03367113,11.90432217,11.81425633,1,0.238735496998,-0.27585414052,-0.379218995571,1.70841145515
82,30,H,11.82808115,8.53199085,14.24412859,1,0.255784034729,-1.43659484386,-0.57015389204,0.498554825783
82,31,H,15.50749325,13.20756687,13.30350016,1,0.203789025545,-0.44944819808,-0.236945569515,0.260484695435
82,32,H,14.97454473,15.84394055,11.00858691,1,0.271328985691,-1.13443338871,0.66891926527,-1.75056028366
82,33,O,12.81772696,9.95687968,13.9171582,-2,-0.331504583359,5.41447782516,2.54428720474,2.11990404129
82,34,H,17.68444299,15.14478076,10.18054007,1,0.224083438516,-2.6077401638,-1.12472593784,-0.0762002021074
82,35,O,11.92578413,12.39826311,15.88438137,-2,-0.457734882832,3.63041520119,6.90779018402,6.04449129105
82,36,H,13.00119685,14.7727839,10.95495021,1,0.217912793159,0.074239268899,-3.23455476761,1.69165551662
82,37,H,8.86229608,15.67006754,11.03557739,1,0.249213173985,-0.198292553425,0.618487656116,-0.754049301147
82,38,H,11.39127448,11.77952502,15.63889856,1,0.254902750254,-5.94290542603,-5.47481489182,-2.22859549522
82,39,H,13.82905927,13.57573104,10.45085849,1,0.19883736968,-2.16326141357,0.401583522558,4.02877664566
82,40,H,15.9024486,14.92273249,9.99348158,1,0.18585819006,3.30360889435,-0.730766654015,0.685604214668
82,41,H,16.34551607,14.38691815,13.2250651,1,0.247950360179,-0.51373976469,2.25300264359,-2.15103268623
82,42,H,11.53553845,13.78195286,12.9952121,1,0.242367088795,0.182174861431,1.5050419569,-2.77513575554
82,43,O,13.20136838,13.81444283,11.33419163,-2,-0.512642979622,0.100239470601,2.09426665306,-3.59450173378
82,44,H,10.48720994,14.08127951,11.31120923,1,0.219357460737,0.389356166124,-2.29552483559,0.540561378002
82,45,H,10.85174582,10.32925128,9.30265473,1,0.247274309397,-0.182700023055,0.380157083273,0.0478351637721
82,46,H,13.83068646,10.50083565,13.98635054,1,0.25863084197,-3.0209851265,-2.53489518166,0.423361420631
82,47,H,15.69795263,15.56875519,12.11035883,1,0.252957761288,1.43035447598,-2.0759677887,1.5911655426
82,48,O,15.36565066,12.68952718,12.51237913,-2,-0.5282356143,-2.78329062462,-3.41353654861,1.10695946217
82,49,O,11.15688381,13.19770247,13.5788898,-2,-0.541058301926,-1.53486335278,-0.439796745777,3.64174032211
82,50,H,10.78797728,10.06161734,14.51938334,1,0.176700904965,-0.344316631556,1.77145183086,-2.00732159615
82,51,H,10.91126383,11.14075355,10.59671232,1,0.248283833265,0.395581185818,-0.240701079369,0.113223813474
82,52,H,14.32041045,15.58546346,9.43437238,1,0.269765794277,-0.297059625387,1.96865880489,-1.07296609879
82,53,O,10.92420129,8.59546468,14.66199324,-2,-0.4507137537,1.01248824596,-3.1157848835,1.66053473949
82,54,H,10.61505676,12.80724009,10.27815802,1,0.230884075165,-0.439168065786,2.21909999847,3.97933363914
83,0,H,9.73493608,8.72518311,12.52461481,1,0.230586439371,-0.813784718513,-1.20969235897,0.75814473629
83,1,H,12.22972707,13.31173806,8.78713852,1,0.236130252481,0.697322428226,0.50270909071,-0.25910744071
83,2,H,12.86400717,12.32754674,11.03716353,1,0.228463679552,-1.08411848545,-3.13249993324,1.10976099968
83,3,O,10.51901268,11.1279042,14.06477015,-2,-0.40988612175,-0.640114247799,-2.70577406883,4.27043867111
83,4,H,12.96733485,11.17902775,12.88460596,1,0.247407913208,-0.0221846438944,0.252812802792,-0.45989304781
83,5,O,14.50320539,15.48812693,10.34852625,-2,-0.387306928635,1.51052081585,-0.154586583376,3.6562962532
83,6,O,8.66400011,11.74473486,12.83911199,-2,-0.483281850815,-4.60176420212,1.5009073019,1.16018855572
83,7,O,11.30419059,13.47272151,8.94403394,-2,-0.518731594086,-0.187430039048,-1.04874479771,-0.520590305328
83,8,H,13.01032842,13.9178257,14.04461638,1,0.231433600187,1.82183742523,-1.51083683968,-0.558147609234
83,9,O,13.32878567,12.97565963,14.19872753,-2,-0.447118937969,8.11465740204,3.87738180161,-5.47476530075
83,10,O,10.54977724,11.40097196,9.7841462,-2,-0.432346731424,-0.310579419136,-5.14773464203,-1.10928463936
83,11,H,11.00015905,12.45272914,9.01478585,1,0.169492572546,0.155472308397,1.98208904266,-0.168835625052
83,12,O,12.4136316,11.43753504,11.49309604,-2,-0.356164634228,6.15036773682,-1.49343085289,-4.94282436371
83,13,H,11.51527985,18.37151189,11.99420997,1,0.229218378663,2.95385026932,0.574340224266,-1.14038431644
83,14,H,10.74476654,8.26758784,15.60386094,1,0.250264078379,0.0286658927798,0.657032132149,-1.11955797672
83,15,H,10.47478114,12.86368062,13.40802257,1,0.221792027354,-3.87137389183,-2.33653259277,-1.70097994804
83,16,H,12.64349835,12.81700327,14.66913539,1,0.181144848466,-6.77235937119,-2.80011844635,5.24175643921
83,17,H,9.69070423,14.75638218,10.38413556,1,0.206166669726,-2.48462963104,4.28238248825,-2.64171767235
83,18,O,9.16217028,15.72880346,10.21354927,-2,-0.55766749382,1.39680182934,-4.88697290421,2.25525307655
83,19,H,14.44079488,12.35134056,13.13044729,1,0.211759716272,3.39577865601,2.48717999458,-2.36727786064
83,20,O,16.84764809,14.79719097,10.3530669,-2,-0.580187082291,-2.23137903214,2.06765913963,-1.11979150772
83,21,H,10.97698698,16.27775968,12.04349331,1,0.206379890442,-3.84490227699,-1.06341075897,0.340804159641
83,22,O,10.1327667,9.50192727,12.20470027,-2,-0.54028648138,1.01261520386,1.20671331882,-1.44855964184
83,23,H,9.66947407,11.05696873,14.53630453,1,0.224901154637,-0.883930742741,1.8779784441,-0.978881001472
83,24,H,11.51517141,13.28759769,16.4878946,1,0.252484798431,-1.22365128994,0.0891079455614,0.510659635067
83,25,H,12.40544243,10.4176672,14.90745852,1,0.249830424786,0.585649251938,-0.0699774175882,-1.05241477489
83,26,O,10.32832524,13.23224942,11.41249509,-2,-0.410259127617,-1.21350228786,-1.43991005421,1.4606667757
83,27,H,7.80052102,12.29194825,12.89720473,1,0.22644995153,1.78463208675,-1.53265547752,0.0668847039342
83,28,H,12,12,12,1,0.217961415648,-4.94124269485,4.91595125198,5.23690366745
83,29,O,15.9418599,15.53310277,13.08718682,-2,-0.547999560833,1.86301231384,-2.78294444084,6.01940202713
83,30,H,9.0341146,12.18476596,12.10090179,1,0.225058600307,1.05673193932,0.602548956871,-1.62251973152
83,31,H,11.84194258,8.5239214,14.49354068,1,0.257382839918,-1.59919333458,0.442472338676,0.131479486823
83,32,H,15.52572756,13.35832047,13.35257135,1,0.206828340888,0.16616114974,0.763797879219,1.61449718475
83,33,O,11.3124677,17.59709198,11.42702328,-2,-0.385459065437,-2.57113862038,2.80422496796,3.70724058151
83,34,H,14.86935966,15.98844828,11.16218592,1,0.270227372646,-1.72652029991,-0.0725267902017,-2.7416870594
83,35,O,12.79565783,10.12446849,14.04485939,-2,-0.379743784666,1.52597892284,0.440306127071,0.860451996326
83,36,H,17.42811393,15.53969102,10.12203943,1,0.222324699163,0.203269928694,-0.434750854969,0.114858306944
83,37,O,11.89099823,12.62107398,15.94210528,-2,-0.47482407093,0.630268752575,-1.98560845852,1.33120524883
83,38,H,12.89820627,14.84965088,11.23442963,1,0.248180121183,-1.14620578289,4.09806346893,-1.7041311264
83,39,H,8.96062703,15.62578795,11.20384866,1,0.200038135052,-0.419775545597,1.32157027721,-1.96084260941
83,40,H,10.10224653,10.21563944,12.88587684,1,0.184242203832,-0.153762772679,-0.839313924313,-0.739916622639
83,41,H,11.37898629,11.83798689,15.65589545,1,0.255662024021,-0.78387004137,1.52943181992,0.553009152412
83,42,H,13.76242293,13.70357037,10.77858748,1,0.236535668373,1.28324627876,0.737726330757,-0.606563746929
83,43,H,15.84463472,15.24501263,10.12008071,1,0.167301341891,3.8000702858,-2.43873286247,0.657132923603
83,44,H,16.25509775,14.51915119,13.35726868,1,0.245088338852,-1.01744449139,4.73535108566,-2.67143034935
83,45,O,10.04874573,15.72051069,12.44824333,-2,-0.495075762272,7.54972696304,-0.140940114856,2.51939582825
83,46,H,11.37818786,14.00253531,13.02228069,1,0.223018825054,0.561402976513,0.370849579573,-2.25082468987
83,47,O,13.1673946,14.02689157,11.42867907,-2,-0.446346610785,-0.98195785284,-5.63169527054,3.02152657509
83,48,H,10.44805178,14.1401676,11.31368556,1,0.200697526336,0.23355704546,3.1457529068,1.83111608028
83,49,H,10.74489355,10.41923668,9.43505409,1,0.254011452198,-0.675929069519,3.3020234108,1.64588558674
83,50,H,13.66272342,10.57147607,14.0544855,1,0.241003230214,0.209504872561,-0.710321247578,0.559983968735
83,51,H,15.68136521,15.76971976,12.24889778,1,0.249658942223,0.353222459555,-0.981873810291,-2.43199920654
83,52,O,15.33476245,12.86446855,12.59201462,-2,-0.52108091116,-3.48079919815,-4.18282794952,0.343132436275
83,53,H,10.80601211,15.19191776,13.02013056,1,0.215524286032,-4.00465869904,1.73934304714,-0.694485127926
83,54,O,11.14512628,13.38772116,13.65939041,-2,-0.493398845196,2.44195556641,2.5407269001,4.00549030304
83,55,H,10.63478151,10.20457165,14.53897132,1,0.178838461637,1.34171569347,0.800713300705,-1.5601991415
83,56,H,10.8465133,11.46687489,10.72265389,1,0.246016919613,-0.438350319862,-1.18896996975,-1.40381348133
83,57,H,10.51775157,17.82340218,12.14178055,1,0.251989781857,0.128427416086,-2.42769002914,-2.9152867794
83,58,H,14.27024097,15.82281677,9.53990837,1,0.27319663763,-0.895707368851,2.7086212635,-2.74268770218
83,59,O,10.90904216,8.77810353,14.76579138,-2,-0.401999235153,1.12733340263,-2.62211060524,1.82544350624
83,60,H,10.57118771,13.15033841,10.53546977,1,0.194471374154,0.93850249052,-1.38458514214,-3.69960618019
84,0,H,9.9495793,8.7278092,12.50197295,1,0.217733293772,-0.145258828998,0.191280424595,0.458202183247
84,1,H,12.42012727,13.29194049,8.56889553,1,0.22809612751,0.203875899315,1.35599064827,-0.268491268158
84,2,H,12.87783279,12.37065211,11.03798552,1,0.232244282961,0.409737408161,-1.53223490715,0.399760395288
84,3,O,10.6892822,11.15166372,13.97566283,-2,-0.340232849121,-1.06562197208,-3.95519542694,4.57029676437
84,4,H,13.02503589,11.28680802,12.6210621,1,0.314935475588,0.175625562668,-0.280719935894,-1.53450107574
84,5,O,8.80506569,11.7495952,12.75087775,-2,-0.508702874184,0.725982785225,0.0708452612162,-0.726026833057
84,6,O,11.49375648,13.45378947,8.80625326,-2,-0.519159793854,1.58449292183,-1.00678050518,-0.47440752387
84,7,H,13.20279533,13.84034184,14.0724628,1,0.219415128231,-0.606802463531,4.4725279808,-1.02950680256
84,8,O,13.51619551,13.00531422,14.0804041,-2,-0.691469013691,2.3611767292,-4.8340587616,0.580276429653
84,9,O,10.69821729,11.40958144,9.68248258,-2,-0.478569507599,-1.33059370518,-1.75057828426,-2.39821243286
84,10,H,11.38410153,12.44405997,8.95841559,1,0.183103576303,-1.32516074181,1.05321443081,-0.243678033352
84,11,O,12.61167819,11.42561185,11.41057088,-2,-0.310526400805,0.697936177254,2.96630096436,3.1010453701
84,12,H,11.8976507,18.30686897,11.89585828,1,0.266487598419,1.398691535,-1.10296154022,-2.14352869987
84,13,H,10.60956279,12.81351569,13.15243885,1,0.219479322433,1.64435791969,2.12319421768,1.48884439468
84,14,H,12.63925816,12.82438721,14.82046148,1,0.180754631758,2.81785297394,0.209718450904,-1.67375338078
84,15,H,11.063903,16.4655725,12.01787758,1,0.204647421837,-2.89530038834,-3.01246476173,0.429514616728
84,16,O,10.31618539,9.50374268,12.08331878,-2,-0.562086224556,0.961646199226,1.44981622696,-0.1008092314
84,17,H,9.80078837,11.05252795,14.40910967,1,0.236585631967,-0.32586863637,2.09395861626,-1.20571982861
84,18,H,11.70626687,13.30503189,16.34970288,1,0.264823645353,-1.29890155792,1.23490047455,0.92475771904
84,19,H,12.50797614,10.52105919,14.6687552,1,0.251258611679,0.251342922449,0.486803799868,0.486205101013
84,20,O,10.49642464,13.20472992,11.28557335,-2,-0.420053124428,-0.24811783433,0.930734276772,-0.670796096325
84,21,H,8.08147835,12.31947025,12.77593427,1,0.225253969431,-2.75350284576,1.10957121849,0.556580781937
84,22,H,12,12,12,1,0.235955730081,-0.667224049568,-0.554720103741,-0.373375147581
84,23,H,9.29743192,12.31275438,12.12061571,1,0.21518856287,0.284001529217,-0.735551297665,-0.317819058895
84,24,O,11.45314053,17.57836856,11.32464161,-2,-0.430890411139,4.63997602463,2.84107160568,-0.568360447884
84,25,O,12.98585426,10.11428678,13.95887598,-2,-0.483900487423,-5.65300893784,-3.03532338142,-1.25744092464
84,26,O,12.07642835,12.65983414,15.79866979,-2,-0.434492647648,-2.07477879524,-5.96608257294,0.963054895401
84,27,H,12.96317002,14.91935291,11.20517839,1,0.272787302732,0.880250871181,0.0192400626838,-1.16091454029
84,28,H,10.45457113,10.31888693,12.70390244,1,0.200279355049,-0.951218366623,-2.57557058334,-1.63864254951
84,29,H,11.47130108,11.71238176,15.4694382,1,0.281322687864,1.17642188072,4.03180074692,1.14774608612
84,30,H,13.9945415,13.67284588,10.81418593,1,0.244560912251,2.4195291996,0.469155430794,-2.08152008057
84,31,O,10.24220776,15.75774999,12.3765513,-2,-0.576398611069,4.6421585083,1.17856812477,-0.136968463659
84,32,H,11.48843971,14.06329053,12.71494492,1,0.217522919178,0.0714385211468,-3.2538228035,3.28001928329
84,33,O,13.33908718,14.04459182,11.33041612,-2,-0.471864849329,-2.6468911171,-0.0547831356525,2.58186864853
84,34,H,10.63811234,14.15268962,11.21893498,1,0.212786614895,-1.04910731316,1.59191334248,1.75591957569
84,35,H,10.81919191,10.49901739,9.41518231,1,0.259768307209,0.0629367977381,-0.368307501078,0.466360658407
84,36,H,13.78206282,10.45168293,13.98210476,1,0.245961666107,7.00032663345,2.58957242966,0.770994067192
84,37,H,10.94109251,15.26736268,12.91340505,1,0.21910905838,-2.27398276329,0.734249174595,0.318589627743
84,38,O,11.34974166,13.40381425,13.54530239,-2,-0.548579633236,-2.96496605873,1.79663312435,-4.2359662056
84,39,H,10.75850428,10.19070337,14.28793765,1,0.223664581776,1.4741165638,0.682394087315,-1.06065225601
84,40,H,10.97079622,11.54909469,10.56041636,1,0.246218293905,-0.0565918162465,-0.949713289738,1.19026613235
84,41,H,10.82381242,17.7446801,11.9432487,1,0.258119821548,-5.79515028,0.445783883333,2.25200200081
84,42,H,10.7915718,13.23166168,10.38923031,1,0.198861896992,0.244171649218,-1.16036880016,-2.42121481895
85,0,H,10.22110927,8.71040393,12.52109403,1,0.236000776291,0.802737653255,2.77271819115,-1.56150376797
85,1,H,13.00125522,12.34564055,11.02240679,1,0.230868250132,1.05548048019,0.564843893051,-0.0839830487967
85,2,O,10.92484728,11.16560136,13.87221947,-2,-0.364013195038,-0.664025068283,-4.15756750107,3.46464180946
85,3,H,13.14413888,11.37722345,12.24322187,1,0.241973876953,2.04095101357,-0.580557048321,1.10342979431
85,4,O,9.02197241,11.75419951,12.62963198,-2,-0.488950669765,0.535637676716,2.45609140396,-1.4967404604
85,5,H,13.45582627,13.94727473,14.00066327,1,0.195500671864,1.05072951317,-0.871286988258,-0.726084053516
85,6,O,13.77965898,13.01909089,13.93830332,-2,-0.830684542656,1.11444747448,0.322723984718,0.238610312343
85,7,O,10.9141753,11.40921325,9.55125824,-2,-0.567273259163,-0.848469853401,2.78769087791,-1.96983766556
85,8,O,12.35159377,7.92110042,11.72247229,-2,-0.674267292023,-1.72812056541,1.74280536175,0.233511984348
85,9,O,12.88032753,11.41868384,11.31309508,-2,-0.293703913689,-1.1686912775,0.394965648651,0.631714105606
85,10,H,10.90876775,12.83773422,12.93590004,1,0.208833187819,1.46606492996,1.41326475143,2.54385113716
85,11,H,12.82167123,12.8195492,14.88130024,1,0.190682649612,5.29802370071,1.76870429516,-5.96897363663
85,12,O,10.56756053,9.51132095,11.93463135,-2,-0.420567512512,-1.57849311829,-1.85536921024,1.02245771885
85,13,H,10.00011179,11.11544403,14.22100542,1,0.233021810651,0.181827455759,1.24316227436,-0.911503255367
85,14,H,11.84980578,13.38489248,16.19172261,1,0.277375131845,0.946375787258,-1.3098295927,-1.66466212273
85,15,H,12.69964962,10.62118024,14.43070439,1,0.238964438438,0.864350557327,0.511167764664,0.289846301079
85,16,O,10.73113796,13.18029287,11.13378735,-2,-0.38541084528,1.47329068184,5.17084360123,-4.97825145721
85,17,H,8.30214145,12.38313678,12.62740469,1,0.206715390086,-1.14760506153,-0.158754616976,0.303949028254
85,18,H,13.1860775,8.09560463,12.12217884,1,0.250921100378,1.04091238976,0.0585515350103,0.49819663167
85,19,H,12,12,12,1,0.224414929748,-0.46373000741,0.0124901328236,-0.014600712806
85,20,H,9.62861415,12.39528882,12.08886847,1,0.206438243389,-1.29238820076,-2.09760212898,0.679292798042
85,21,O,13.22968186,10.09516146,13.83742896,-2,-0.476411402225,4.14138031006,0.636067271233,-0.454346179962
85,22,O,12.32345825,12.6741295,15.63329591,-2,-0.308414101601,-7.39933156967,-3.77808952332,8.23925018311
85,23,H,13.1384803,14.9991683,11.05292834,1,0.234165281057,2.37860631943,-2.83510494232,-0.32957047224
85,24,H,10.82492118,10.29921411,12.4443834,1,0.231700494885,-0.960378646851,-0.49840477109,-0.117874741554
85,25,H,11.67096439,11.79229431,15.3182483,1,0.283967107534,1.23895120621,3.00726604462,0.57730615139
85,26,H,14.40996407,13.67817942,10.67470366,1,0.237853258848,-2.85200285912,2.54543423653,1.5677447319
85,27,H,11.69094699,13.95373735,12.54753676,1,0.213064953685,1.17138338089,-0.194220259786,2.32650732994
85,28,O,13.56305418,14.05346664,11.22391144,-2,-0.425061523914,0.652779459953,0.484763801098,-1.83295238018
85,29,H,10.87708055,14.22673671,11.22454932,1,0.213970273733,-0.958496630192,-2.77196359634,0.162217080593
85,30,H,10.96435108,10.52060726,9.36712742,1,0.251586705446,0.323857396841,-3.1287124157,-0.48658657074
85,31,H,14.25290265,10.44133412,13.947029,1,0.235052034259,-3.96590852737,-0.965874195099,-0.0709823146462
85,32,H,11.76160266,8.82315009,11.9283021,1,0.188195049763,2.1869597435,-3.09799790382,-1.3132635355
85,33,O,11.61156458,13.42470902,13.39256019,-2,-0.524458050728,-4.09686183929,0.414352893829,-3.89660620689
85,34,H,11.03449523,10.15422899,13.99437595,1,0.233718037605,0.678812980652,1.77560985088,-0.204540878534
85,35,H,11.15915008,11.56996487,10.4269549,1,0.236688166857,0.0604545995593,-0.979818224907,1.25757133961
85,36,H,11.11370857,13.21658409,10.05894627,1,0.257544726133,-1.57951259613,-0.802364468575,2.94276571274
86,0,H,10.52838828,8.84728136,12.54671549,1,0.24137404561,0.206847012043,2.32039070129,-1.99219429493
86,1,H,13.19638229,12.41755809,11.03161418,1,0.224130570889,0.545129537582,-0.240275621414,-0.165367752314
86,2,O,11.15872173,11.21306342,13.81917513,-2,-0.404481589794,1.12264192104,-3.83366417885,1.21702897549
86,3,H,13.38579351,11.45906924,12.09069211,1,0.235345169902,3.19777393341,-0.555066466331,7.27483606339
86,4,O,9.24694342,11.8081994,12.54139131,-2,-0.468465298414,-3.6502468586,2.79500555992,-0.0369050316513
86,5,H,11.55981392,14.55154386,16.74383212,1,0.246284320951,-1.77431416512,-0.356431335211,-1.78210496902
86,6,H,13.76603555,14.05580116,13.90412687,1,0.201920941472,1.45688438416,-2.19640278816,-0.934352040291
86,7,O,14.04625643,13.07197457,13.84302899,-2,-0.670048475266,0.413483977318,2.36084628105,1.18595814705
86,8,O,11.12934723,11.44943222,9.45984669,-2,-0.542384207249,0.0407194718719,-3.06779122353,0.0741429850459
86,9,O,12.58467621,7.97047662,11.62728223,-2,-0.674920320511,-2.64119935036,0.783200025558,0.148213118315
86,10,O,13.1381648,11.45756698,11.2571268,-2,-0.345487326384,-3.31645894051,1.46938896179,-5.65655755997
86,11,H,11.27403418,12.94577916,12.87998544,1,0.203737258911,-3.72131204605,-3.7717602253,-0.034737046808
86,12,H,13.24427461,12.92393821,14.73127289,1,0.155406415462,2.96090745926,0.0252442862839,-2.75598359108
86,13,O,10.814213,9.55337806,11.83003358,-2,-0.387500286102,-2.70747566223,-3.94906282425,0.631864130497
86,14,H,10.22715145,11.2463485,14.04575075,1,0.239070832729,-0.692254126072,0.250519692898,-0.282503724098
86,15,H,11.97129613,13.437692,15.98642272,1,0.234089449048,1.05170273781,-2.16627550125,-1.52217662334
86,16,H,12.93261073,10.75894614,14.24372952,1,0.235063776374,1.27778828144,-0.228683173656,-0.198430836201
86,17,O,10.97115462,13.21368822,11.01087267,-2,-0.403229057789,1.13555908203,4.4578166008,-3.86577272415
86,18,H,10.45370468,14.30148839,17.49594319,1,0.231424033642,-0.677396357059,-1.48902475834,-3.69558048248
86,19,O,10.68133187,14.07557514,16.42875536,-2,-0.378641963005,1.68545877934,3.33163666725,6.38280773163
86,20,H,8.45960785,12.48473904,12.5102604,1,0.218939870596,1.68546819687,-2.24131369591,0.21198284626
86,21,H,13.46237714,8.07279406,11.92096833,1,0.258832514286,1.3989841938,0.473366260529,0.733931005001
86,22,H,12,12,12,1,0.024711817503,0.967549800873,-1.06125295162,-0.367625176907
86,23,H,9.87854419,12.40319351,12.11822036,1,0.213876277208,0.172337189317,-0.43708729744,-0.600981533527
86,24,O,13.48634279,10.12069646,13.75256492,-2,-0.479120969772,3.63907122612,1.32535374165,0.94413870573
86,25,O,12.55078637,12.71385321,15.53126656,-2,-0.38566660881,-2.23218655586,0.309263527393,4.88466739655
86,26,H,13.42727626,14.95245551,10.90048784,1,0.254566013813,0.573557674885,0.310356527567,-0.567716121674
86,27,H,11.15022348,10.30313795,12.24491319,1,0.243097558618,0.240310996771,2.13441610336,1.00292158127
86,28,H,11.9150531,12.06427443,15.24438999,1,0.250401049852,-0.57179749012,-0.422326624393,-0.529886126518
86,29,H,14.67102001,13.849614,10.61820117,1,0.253359109163,-3.18436574936,1.45747292042,1.86358952522
86,30,H,11.98760902,13.86303592,12.49070915,1,0.211623430252,3.04275155067,3.79449987411,-4.2527217865
86,31,O,13.78180455,14.1015825,11.16233798,-2,-0.424710869789,2.78941297531,-1.41052341461,-1.81897222996
86,32,H,11.06523904,14.19066272,11.30635375,1,0.242600858212,-0.652362644672,-2.15843558311,-1.01516878605
86,33,H,11.12003972,10.41725212,9.32657208,1,0.23935611546,0.181246653199,3.11086964607,0.449531584978
86,34,H,14.51131812,10.43388514,13.96717207,1,0.234239116311,-4.1375541687,-1.00009870529,-0.731206297874
86,35,H,11.9360425,8.79789763,11.92424319,1,0.191478908062,3.23346781731,-2.6932489872,-1.75763475895
86,36,O,11.85911741,13.48864726,13.27411435,-2,-0.485252976418,-0.443538874388,1.69249880314,5.2400226593
86,37,H,11.35329892,10.19722758,13.76991568,1,0.245859280229,-0.371779024601,2.57567286491,0.805098354816
86,38,H,11.33766623,11.58265558,10.41279468,1,0.242440640926,-0.544234514236,-1.32343065739,-1.84775650501
86,39,H,11.37349249,13.23803578,9.93457106,1,0.276680707932,-1.70057690144,-0.375661849976,3.36159849167
87,0,H,10.81876792,9.11399767,12.53812696,1,0.239964321256,-0.873293340206,-0.201065897942,0.0784114450216
87,1,H,13.41231742,12.5530513,11.049202,1,0.236216038465,0.181161865592,-2.49642372131,-4.44054603577e-06
87,2,O,11.37437553,11.29336315,13.79500647,-2,-0.432608783245,1.58380639553,-1.26273190975,1.07574737072
87,3,H,13.74813226,11.52489031,12.3118462,1,0.260031342506,-1.34227871895,-0.575459420681,-4.41055774689
87,4,O,9.44432269,11.90942938,12.47635965,-2,-0.466269254684,-3.84560108185,-0.533158361912,1.28393888474
87,5,O,11.32527853,11.51133799,9.3995027,-2,-0.532395720482,-0.375440061092,-3.77445173264,-0.458314448595
87,6,O,12.78901191,8.06187597,11.55929342,-2,-0.604753494263,5.41450405121,-3.97473502159,-0.903188347816
87,7,O,13.36329838,11.5408498,11.21374769,-2,-0.360338568687,1.84896504879,2.96197080612,4.60214328766
87,8,H,11.45592417,12.9275342,12.86978219,1,0.226713582873,0.843140423298,-0.108203954995,0.601025283337
87,9,O,11.03203422,9.62353604,11.75347361,-2,-0.424483895302,-0.639415085316,1.41829514503,0.392877966166
87,10,H,10.4248879,11.39602756,13.88013768,1,0.241260379553,-0.640277385712,-0.370173305273,-0.117395356297
87,11,H,13.20012838,10.89770281,14.06938237,1,0.249651908875,-0.523291110992,0.225063607097,0.372483611107
87,12,O,11.19389494,13.29844735,10.90630259,-2,-0.387723118067,-0.809658765793,-0.278138071299,-0.0507461726665
87,13,H,8.69540612,12.52855071,12.38993277,1,0.242645248771,-0.0104723852128,-0.663757503033,0.122562721372
87,14,H,13.78629953,8.12969176,11.79871617,1,0.263108491898,-3.21111893654,0.349235057831,-0.331625521183
87,15,H,12,12,12,1,-0.257754802704,0.278473347425,-0.187508001924,-0.00386372767389
87,16,H,10.10298282,12.42913845,12.11847777,1,0.23407587409,2.27057814598,1.29579842091,-1.85927188396
87,17,O,13.73409562,10.19229143,13.69316859,-2,-0.451677769423,-4.82606506348,-0.671777188778,-1.99567449093
87,18,H,11.44978522,10.43318917,12.12930686,1,0.248030036688,-0.873415052891,-0.662994027138,-0.969611465931
87,19,H,12.42226964,13.96180707,12.2824506,1,0.236049845815,-0.431580305099,-0.941279053688,3.34931826591
87,20,H,11.19090947,14.10161533,11.37243918,1,0.259711205959,-0.378908216953,2.03399753571,0.211640760303
87,21,H,11.24728756,10.47407651,9.31255401,1,0.243259966373,0.295349746943,3.09292626381,-0.0737364292145
87,22,H,14.52178457,10.42188747,13.99985083,1,0.250904977322,5.94716024399,0.909685969353,2.08649230003
87,23,H,12.2161007,8.7099702,11.86760914,1,0.221747264266,-0.189550533891,2.0312230587,0.516965448856
87,24,O,12.08153464,13.59784025,13.19677899,-2,-0.493009984493,1.30371403694,1.88565289974,-2.50348925591
87,25,H,11.63613157,10.36226029,13.64459243,1,0.248505041003,-0.870695829391,0.665851771832,1.03256237507
87,26,H,11.45528302,11.58038058,10.35120165,1,0.246848538518,-0.191359341145,-0.509258925915,-0.56647592783
87,27,H,11.54335926,13.33961556,10.03410135,1,0.26229134202,0.0655679553747,0.341416507959,-1.48221421242
88,0,H,11.00428274,9.37794742,12.58831353,1,0.22896809876,-0.581728219986,-0.843289375305,-0.314012169838
88,1,H,13.59852816,12.62970527,11.10046292,1,0.228289544582,0.116243049502,-1.34524667263,-0.214908957481
88,2,O,11.53817394,11.39082743,13.80137004,-2,-0.349816918373,-1.37965011597,1.47415459156,1.54270291328
88,3,H,13.99055699,11.56786301,12.3673161,1,0.261952519417,-1.55662155151,-0.1656242311,-4.91080904007
88,4,O,9.58342823,12.02295421,12.44129178,-2,-0.445391088724,2.5611717701,-0.376122325659,0.274175524712
88,5,H,12.01088649,14.64445263,16.41365294,1,0.267836838961,-1.04598462582,-0.00794810149819,-1.22474491596
88,6,H,14.48787513,14.22498805,13.53204143,1,0.264142483473,-0.310190737247,-0.214523881674,0.691224992275
88,7,O,14.50393804,13.2822183,13.73140806,-2,-0.375883668661,3.19714546204,0.97105550766,-2.57191061974
88,8,O,11.46907575,11.5707555,9.37099892,-2,-0.53668409586,-0.0330153554678,1.1981498003,-1.4536703825
88,9,O,13.53494195,11.64806539,11.21610189,-2,-0.431170046329,1.34566259384,1.22633326054,5.16261720657
88,10,H,11.59304672,12.92021606,12.92828756,1,0.207758769393,2.96284246445,2.43360948563,0.132831782103
88,11,H,14.02864028,13.04756043,14.50556273,1,0.208072379231,-1.89219713211,0.0505739375949,1.97089838982
88,12,H,15.40604247,13.01060992,12.72956141,1,0.178933352232,4.62542009354,-0.371183097363,-1.68341457844
88,13,O,11.19347247,9.71425008,11.70711968,-2,-0.475127518177,0.805407464504,0.869190275669,0.838229060173
88,14,H,10.55738669,11.5118875,13.72358934,1,0.243443727493,0.178669109941,-0.686703979969,-0.269974648952
88,15,H,12.19731147,13.51995573,15.55664252,1,0.18474636972,0.251676797867,1.1846395731,0.407725304365
88,16,H,13.40777801,11.03387706,13.9452966,1,0.235540956259,-0.463120043278,0.380825519562,0.432287216187
88,17,O,11.35661026,13.39637338,10.84150647,-2,-0.393222421408,-3.08604860306,0.114274673164,5.04184913635
88,18,H,11.05904259,14.37832649,17.29725568,1,0.247100308537,-1.52363467216,-0.969658255577,-0.988673985004
88,19,O,11.10195684,14.22264959,16.30798944,-2,-0.39447748661,1.18606996536,2.75997257233,3.29930663109
88,20,H,8.89701164,12.60282657,12.25749934,1,0.247552782297,-2.56470441818,1.49706065655,-0.420827537775
88,21,H,12,12,12,1,-0.2579164505,1.00409829617,-0.188763856888,-0.400988459587
88,22,H,10.3388821,12.53392546,12.03719254,1,0.227488934994,-1.28225457668,-1.0404009819,-0.283044874668
88,23,H,17.21307807,13.08191806,12.75688779,1,0.221839904785,-2.89178323746,-0.210008308291,-1.87142300606
88,24,O,13.91661243,10.2812043,13.65355616,-2,-0.442385911942,1.12265217304,0.500771820545,0.609109461308
88,25,O,12.90093465,12.8927543,15.4553465,-2,-0.462548583746,-2.15678739548,-3.37777471542,-0.555975854397
88,26,H,11.65954429,10.5414735,12.00258674,1,0.229593187571,-0.364522308111,-0.886147022247,-1.56058216095
88,27,H,12.07167162,12.36961379,14.97371374,1,0.21511900425,3.48431158066,-0.0527812764049,0.972811818123
88,28,H,12.81666202,14.0485053,12.22703658,1,0.233819514513,-2.61253190041,-1.89171814919,3.91559123993
88,29,H,11.24156364,14.13185035,11.46094631,1,0.257186472416,0.345447301865,0.460473358631,-0.874509096146
88,30,H,11.31000521,10.66681071,9.29416332,1,0.248388230801,-0.380100220442,-2.5890212059,-1.15565240383
88,31,H,14.72160299,10.48114623,14.17186629,1,0.246603295207,-0.0471826121211,-0.718744814396,-0.464865744114
88,32,O,16.40581974,13.02534002,12.09458738,-2,-0.601151287556,-0.609941661358,0.154737859964,3.15742254257
88,33,O,12.24676804,13.73036791,13.14303745,-2,-0.464051067829,-0.687851548195,0.901352345943,-3.95360827446
88,34,H,11.83814543,10.52761084,13.62085737,1,0.24029506743,0.115495324135,-1.89716935158,0.250089883804
88,35,H,11.50487786,11.58554992,10.30091032,1,0.243427440524,0.246908158064,0.439875990152,1.50280308723
88,36,H,11.71984592,13.52701533,10.04978989,1,0.261727124453,1.92063093185,1.21577847004,-5.02808046341
89,0,O,13.42952255,8.40310506,16.39566035,-2,-0.407779574394,3.2060379982,1.75111174583,2.54041671753
89,1,H,11.05271987,9.59531209,12.683785,1,0.245345965028,-0.17645470798,-0.0577916130424,-2.75906872749
89,2,H,13.72612788,12.68227705,11.18337164,1,0.239044904709,0.164601266384,1.6392570734,-0.406634300947
89,3,O,11.62568517,11.49779544,13.84503267,-2,-0.34563729167,-1.41799068451,-0.266369879246,0.243548497558
89,4,H,14.06454041,11.59105834,12.19816335,1,0.227548122406,-0.48314383626,0.155557915568,-2.07510757446
89,5,O,9.66285777,12.13474793,12.43871084,-2,-0.410755604506,-0.675052404404,3.20427656174,-1.86441755295
89,6,H,12.24041135,14.80809511,16.22616585,1,0.289977222681,-4.65737915039,-1.31755244732,0.671305775642
89,7,H,13.98148347,9.20787318,16.13982163,1,0.278428435326,-1.01599729061,-1.05779397488,0.0676455199718
89,8,H,14.71973713,14.37860477,13.37695112,1,0.208414390683,-0.374143898487,-2.96018099785,1.96572315693
89,9,O,14.65864812,13.3984159,13.70706019,-2,-0.55097669363,1.13724040985,0.706223607063,0.43287974596
89,10,O,11.54552168,11.63028361,9.37806545,-2,-0.527259707451,-0.450497120619,-0.850931107998,0.767520308495
89,11,H,13.89937794,8.32679079,17.26656158,1,0.25343644619,-0.975067675114,-0.828004598618,-0.694343924522
89,12,O,13.06501339,8.2446248,11.50263509,-2,-0.628585338593,-4.53780841827,0.998510241508,0.371507555246
89,13,O,13.63823542,11.75934861,11.27413322,-2,-0.414944320917,0.421037435532,-2.01301693916,2.72216176987
89,14,H,11.71567938,9.72200433,14.85398556,1,0.232650831342,1.20103108883,-2.02642154694,0.385726362467
89,15,H,11.82620282,13.05592882,13.06097425,1,0.211350783706,1.0100902319,-0.118182934821,-0.693476319313
89,16,H,14.07152364,13.02797343,14.70826431,1,0.176065415144,0.162579521537,2.81940746307,-2.67627882957
89,17,O,11.28271998,9.81454939,11.70084383,-2,-0.376189231873,-2.38798427582,-0.666882276535,3.11982893944
89,18,H,10.66305577,11.57502556,13.58641436,1,0.222690165043,0.327896088362,-0.151284217834,0.204478651285
89,19,H,12.25400423,13.66673778,15.4469744,1,0.199919745326,1.40407598019,-0.500315308571,0.00424049794674
89,20,H,13.52282108,11.17104641,13.88685567,1,0.214255034924,0.533087730408,-0.144776657224,0.0438917279243
89,21,O,11.43763801,13.49505517,10.83347466,-2,-0.378014683723,0.655113995075,3.47306680679,-2.03738379478
89,22,H,11.14578567,14.35870012,17.19176474,1,0.252767771482,-0.804306924343,-0.0571660771966,5.52757644653
89,23,O,11.20555313,14.31054062,16.3098792,-2,-0.425387471914,4.12538814545,3.49303030968,-5.07134532928
89,24,H,8.94945291,12.79607789,12.1079541,1,0.231421500444,1.19847631454,-1.92817687988,1.1234767437
89,25,H,13.92803364,8.37715242,11.72595908,1,0.260654747486,3.58997869492,0.629000425339,1.06533181667
89,26,H,12,12,12,1,-0.256946146488,0.785466432571,-0.376906335354,-0.55536711216
89,27,H,10.42395609,12.60626641,11.95646211,1,0.212041720748,-1.34242522717,-1.25774085522,0.336536169052
89,28,H,12.98431937,8.71523319,15.05237684,1,0.194015800953,-1.63573312759,0.290999859571,-1.55479073524
89,29,O,14.03000837,10.37717192,13.64611693,-2,-0.411512970924,5.86532688141,2.27248477936,3.22167921066
89,30,O,12.97187367,12.98209115,15.47096792,-2,-0.417372822762,-2.07722020149,-2.61423826218,-1.09630548954
89,31,H,11.78167181,10.60939924,11.84201185,1,0.236882805824,0.782323360443,1.56657063961,-0.512705802917
89,32,H,12.20102747,12.41788882,14.89443826,1,0.211564421654,2.96273517609,0.245129108429,1.45098614693
89,33,H,13.01970113,14.05029738,12.41275762,1,0.237071335316,-1.42096853256,-1.32151770592,1.32176566124
89,34,H,11.23926127,14.22008192,11.53555551,1,0.243516877294,1.16138064861,-0.917138338089,-2.1834564209
89,35,H,11.25934168,10.72478558,9.22270069,1,0.244522050023,0.124228566885,-0.169815391302,-0.566498398781
89,36,H,14.91026579,10.55238488,14.38022645,1,0.225733369589,-3.55537104607,-0.654173851013,-3.67239379883
89,37,H,12.46031517,9.03891439,11.94947322,1,0.207350194454,2.84152698517,-3.55928397179,-2.18849945068
89,38,O,12.33630356,13.86650754,13.11413072,-2,-0.468185454607,-0.464589685202,2.87874507904,-0.256217598915
89,39,H,11.97717494,10.59320898,13.6672092,1,0.221109241247,0.081893235445,0.327981650829,0.31000483036
89,40,H,11.49378311,11.63185653,10.35917903,1,0.240033373237,0.197968348861,0.276872158051,-1.51080238819
89,41,O,12.34775385,9.09884253,14.38896934,-2,-0.457080721855,-3.17601156235,0.119160860777,0.678807139397
89,42,H,11.94512781,13.7989399,9.88118475,1,0.258815348148,-2.31133842468,-1.03172314167,3.79805016518
90,0,H,11.91256109,10.39278538,11.66776591,1,0.33002024889,-1.01142084599,-0.735632002354,3.12450766563
90,1,H,14.19252,12.34590078,10.40861688,1,0.205375492573,0.514254808426,0.638148963451,-1.00494682789
90,2,H,9.9545506,11.5086005,11.7174714,1,0.239011883736,0.273988813162,-0.127220004797,-1.36909031868
90,3,O,12.05749611,13.94439457,11.5625274,-2,-0.445959329605,4.2984919548,2.39847040176,-2.61120343208
90,4,H,12,12,12,1,0.240244612098,1.33543324471,3.26909804344,-1.1717672348
90,5,H,12.8085263,8.69978261,12.1151081,1,0.186165347695,-0.174762308598,0.561451435089,-0.27205774188
90,6,H,14.48315121,11.68566402,12.9314236,1,0.16419249773,-0.702425837517,0.74900996685,-3.19461083412
90,7,O,14.24535904,12.00689994,11.94077392,-2,-0.437697201967,-1.10512733459,1.98347735405,4.90671730042
90,8,H,11.32316706,14.04022392,13.87407083,1,0.239084661007,0.810724973679,-0.693641841412,-0.431164085865
90,9,H,13.40196039,13.06787805,9.18080939,1,0.251585692167,2.89963436127,-1.1950571537,0.894701838493
90,10,O,14.34113992,12.73167415,9.51065837,-2,-0.584479272366,-3.24847769737,0.741630256176,-0.92429369688
90,11,O,9.90687226,11.24764925,10.75623645,-2,-0.480654060841,0.0941634997725,0.362017661333,1.86848425865
90,12,O,12.07607719,13.39792796,13.76239303,-2,-0.437171280384,-0.684538781643,1.27041423321,2.8572511673
90,13,O,12.1559972,10.75680355,9.55846394,-2,-0.395708948374,4.44260835648,-1.72562646866,2.73072743416
90,14,H,9.94523586,13.05251068,10.68755029,1,0.246014922857,0.292560487986,0.857464075089,-0.63690328598
90,15,H,13.7007245,12.93444437,12.1750057,1,0.237303480506,2.21500611305,-3.54369974136,-0.88348543644
90,16,H,12.64863536,14.40210042,10.80570432,1,0.228076636791,-2.30814933777,-1.41236591339,1.53401100636
90,17,H,11.05847474,11.50837301,9.20970671,1,0.233715519309,-1.38470876217,1.96742379665,-1.91544759274
90,18,H,12.30328774,9.45276039,10.76174492,1,0.253274619579,-0.0276411958039,-1.58412742615,0.819164931774
90,19,O,12.02988212,9.12411906,11.67934586,-2,-0.429650872946,0.358003228903,1.41838395596,-1.66345596313
90,20,H,9.22889123,10.61060351,10.84014674,1,0.220927506685,-1.45599484444,-1.25530636311,-0.514365375042
90,21,O,9.44593746,13.85614812,10.86640931,-2,-0.624870896339,-1.53660964966,0.373611032963,0.580676078796
90,22,H,10.04013887,11.81235629,8.02208744,1,0.223694369197,0.250210702419,0.359948992729,0.348683655262
90,23,H,12.17633215,9.88811898,9.19910848,1,0.231762617826,-0.321640104055,-1.19347953796,-1.42138206959
90,24,H,11.46466373,11.80251569,13.51294847,1,0.248020023108,0.877053558826,-0.795400619507,-3.06564712524
90,25,H,9.91345897,14.6891732,10.80026835,1,0.255051523447,0.592680335045,-0.65004581213,-0.174503445625
90,26,O,11.54119971,11.41605257,12.53129227,-2,-0.436086118221,-1.55497395992,-3.11884665489,3.21857666969
90,27,H,12.52992412,13.44715472,14.62088371,1,0.190040677786,0.05234310776,-0.0451468005776,0.0615061409771
90,28,H,12.75447781,14.09375677,12.26883017,1,0.215594276786,-1.8365790844,0.212430343032,-0.433434307575
90,29,O,10.81018883,12.16775425,8.49092542,-2,-0.624371647835,-0.883641421795,0.276073694229,-0.538541615009
90,30,H,13.13070902,10.9027323,9.7566377,1,0.257493138313,-1.07046616077,0.636541545391,-0.718709886074
91,0,H,11.62152253,10.22127975,11.92760221,1,0.294719368219,-0.270744889975,-0.0229824148118,2.5684492588
91,1,H,13.99420648,12.17830456,10.62558229,1,0.193146497011,0.779378652573,1.4406760931,-4.27003860474
91,2,H,9.7614746,11.31577246,11.84325247,1,0.246472433209,-0.278576731682,-0.702705800533,-3.01616430283
91,3,O,11.87845387,13.82593055,11.60612295,-2,-0.464383244514,1.58337640762,0.0724195688963,-0.145740196109
91,4,H,12,12,12,1,0.262889683247,-2.79005670547,-1.85746645927,1.8838133812
91,5,H,12.50871591,8.44254809,12.03653436,1,0.19543504715,3.98774981499,-2.97894454002,2.17861747742
91,6,H,13.88255281,11.60070695,13.06061036,1,0.177740097046,0.633729577065,0.185037076473,-2.77085185051
91,7,O,13.9909804,11.90815242,12.04920845,-2,-0.390301465988,-0.529302537441,-0.651964604855,4.11570358276
91,8,H,11.20124824,13.99387693,13.80113313,1,0.248399272561,1.14393353462,-1.56829380989,-0.152676463127
91,9,H,13.22256988,12.97480737,9.3056128,1,0.247436866164,2.38666987419,-1.28535187244,0.681195020676
91,10,O,14.13011323,12.57685059,9.60075086,-2,-0.619882643223,-2.97666764259,-0.221596419811,2.35373663902
91,11,O,9.71545178,11.06767397,10.82976234,-2,-0.484171837568,-1.45877754688,-1.23951900005,3.310972929
91,12,O,11.8961972,13.2493137,13.82701716,-2,-0.426461517811,-1.18754529953,2.10366106033,2.0637857914
91,13,O,11.929515,10.54267987,9.60344558,-2,-0.41267567873,-1.69987308979,-4.98950862885,-1.17971336842
91,14,H,9.86460997,12.89273294,10.67014228,1,0.248472511768,-2.13293743134,3.45904517174,0.345869481564
91,15,H,13.55746195,12.77490125,12.14189779,1,0.240670278668,0.80825984478,-0.0588338151574,-0.228616535664
91,16,H,12.49336381,14.18593714,10.96601695,1,0.239300504327,-0.0581529028714,0.343473315239,-0.970122396946
91,17,H,10.84759065,11.43027016,9.35236267,1,0.235088765621,-1.69999504089,1.96947312355,-2.93052482605
91,18,H,12.08045023,9.17306766,10.75988292,1,0.268325984478,-0.574395179749,-0.693129956722,1.6822977066
91,19,O,11.87686457,8.9877899,11.73641658,-2,-0.421431452036,-3.85010004044,4.02621507645,-4.07143163681
91,20,H,9.09038832,10.2987064,10.81939677,1,0.213710725307,0.628042161465,1.07330453396,-0.166393190622
91,21,O,9.2246179,13.69397122,10.93607994,-2,-0.617116093636,1.34362220764,-1.41722023487,-0.327402323484
91,22,H,9.88885164,11.53693058,8.0623292,1,0.224518820643,-0.320416718721,-0.0975806936622,0.0195467974991
91,23,H,12.08141035,9.65329549,9.179751,1,0.225725114346,-0.564178049564,1.45314979553,-0.389353483915
91,24,H,11.4055943,11.56720112,13.4727253,1,0.234336704016,0.722858667374,1.18725967407,3.79381203651
91,25,H,9.64741732,14.57959688,10.89644102,1,0.242583841085,0.0945571064949,-1.51282632351,-0.19062910974
91,26,O,11.32831244,11.2682614,12.6243801,-2,-0.438560128212,1.96714651585,-0.784706115723,-7.00594091415
91,27,H,12.38181374,13.44061532,14.63378311,1,0.188306540251,0.280249387026,-0.0243203248829,0.528275370598
91,28,H,12.47278864,13.78672748,12.40261684,1,0.214151844382,-1.41459143162,0.717067956924,-0.341637670994
91,29,O,10.53425195,12.02867832,8.56255732,-2,-0.625825285912,0.507648468018,0.169708535075,1.08074784279
91,30,H,12.73737468,10.70918568,9.93975999,1,0.259378552437,4.9390873909,1.90646064281,1.55041372776
92,0,H,11.49175213,10.12333527,12.22050618,1,0.257651567459,0.282946109772,1.44737458229,0.437751293182
92,1,H,13.99725101,12.19205276,10.46608221,1,0.230913475156,-0.0542410388589,-0.592940032482,0.698487401009
92,2,H,9.71869334,11.20501701,11.69535298,1,0.247663915157,-0.503822267056,0.44468742609,2.60280299187
92,3,O,11.86841103,13.80650961,11.53899547,-2,-0.508346199989,-1.31981599331,-0.747892916203,0.0181440263987
92,4,H,12,12,12,1,0.276496946812,-2.50788903236,-2.00706458092,0.635065793991
92,5,H,12.53651553,8.15459334,11.92991946,1,0.171052485704,-2.00157356262,2.60044550896,0.0390635766089
92,6,H,13.48953294,11.60014639,12.93411102,1,0.22780752182,1.26066339016,0.317754089832,-1.38146603107
92,7,O,13.89554163,11.90716232,12.06537977,-2,-0.455835103989,1.00810098648,-5.57605171204,2.80748057365
92,8,H,11.30923395,14.06051913,13.62216756,1,0.244524508715,0.708512425423,-2.18077969551,0.495797097683
92,9,H,13.30873084,12.93640768,9.33554603,1,0.273765236139,-2.91514897346,1.25688409805,-1.00281465054
92,10,O,14.0743432,12.52212612,9.59138264,-2,-0.607440888882,3.17821240425,-0.749146163464,-0.887511968613
92,11,O,9.68602029,10.98828713,10.80621658,-2,-0.525276303291,-2.24959111214,-3.17587947845,-3.49058318138
92,12,O,11.87926662,13.20351414,13.78737571,-2,-0.413640171289,-0.695813059807,3.13648676872,2.28156757355
92,13,O,11.86630966,10.41749265,9.53926604,-2,-0.493258714676,2.28457283974,-1.13887000084,-0.0495316833258
92,14,H,9.84026114,13.00590816,10.57184316,1,0.265425920486,-0.154117226601,0.392512977123,-0.00101421400905
92,15,H,13.60937673,12.74374011,11.98726407,1,0.24611338973,-1.01701295376,4.98365926743,-0.158046156168
92,16,H,12.53801823,14.09247048,10.97463784,1,0.242769420147,1.72857534885,1.08484137058,-1.71030128002
92,17,H,12.00528201,8.95475172,10.72895428,1,0.255371272564,-0.635020077229,0.916422307491,-0.69798886776
92,18,O,11.88291648,8.96898349,11.67739612,-2,-0.422275185585,2.20695400238,-3.71556544304,1.42001593113
92,19,H,9.10119404,10.14479827,10.69046215,1,0.22068862617,1.58103573322,2.52317976952,0.481668144464
92,20,O,9.16934048,13.62269563,10.89551587,-2,-0.608489751816,-0.415931046009,0.542393863201,0.0842109769583
92,21,H,12.13254665,9.59576274,9.03354167,1,0.199025243521,-0.093692317605,1.6446788311,0.351422905922
92,22,H,11.56696063,11.46929046,13.4843698,1,0.240806609392,-0.350227028131,-0.333516448736,0.217768743634
92,23,H,9.52543114,14.52449095,10.8954702,1,0.253900170326,0.179776400328,-0.71791523695,-0.106245175004
92,24,O,11.28745904,11.22017823,12.58752077,-2,-0.432551026344,2.02051639557,-0.0628158673644,-1.42753732204
92,25,H,12.41388686,13.52071881,14.55306724,1,0.152769714594,-0.0169526897371,-0.439953029156,-0.207058623433
92,26,H,12.26982418,13.61725698,12.40745706,1,0.209394514561,-0.00406412780285,0.655286073685,0.000348757952452
92,27,H,12.70690861,10.69560535,10.03707459,1,0.250973194838,-1.50495398045,-0.508214831352,-1.45149707794
93,0,H,11.56182235,10.22091473,12.4785956,1,0.262902200222,0.31434494257,1.54873001575,-1.6408623457
93,1,H,14.15124179,12.2808712,10.33129733,1,0.224761456251,-1.07970702648,-2.79094099998,5.64544820786
93,2,H,9.81529988,11.26376158,11.61632066,1,0.249683693051,-0.875487208366,0.215980693698,1.97518908978
93,3,O,12.01702849,13.91693892,11.42053281,-2,-0.529949307442,1.51068544388,0.665929615498,-2.60639071465
93,4,H,12,12,12,1,0.253204733133,-1.30503129959,-1.33231031895,-0.905189871788
93,5,H,12.64564927,8.11415189,11.76306229,1,0.182356178761,-2.27215361595,3.87221288681,0.314097076654
93,6,H,13.34905369,11.72087667,12.70100078,1,0.221197873354,0.808070063591,0.0267826970667,0.46482565999
93,7,O,13.96145834,12.0263217,12.03998551,-2,-0.506355285645,0.265475451946,2.17741751671,-0.884447157383
93,8,H,11.59640548,14.2409267,13.4440471,1,0.252942025661,0.12165696919,-2.38052582741,1.02511107922
93,9,H,15.54908933,14.94554956,10.9639787,1,0.241778463125,-0.937683522701,-2.17439746857,0.719303190708
93,10,H,13.40987363,13.09349315,9.24937743,1,0.26230609417,-0.0444327741861,-0.42403075099,0.279669523239
93,11,H,15.09668159,13.35207771,11.1860845,1,0.24550114572,1.63585400581,0.342729151249,-1.09368896484
93,12,O,14.1894443,12.60145942,9.52500202,-2,-0.552527189255,0.946268677711,2.45544266701,-7.28181743622
93,13,O,9.81375169,11.03609435,10.7247155,-2,-0.557417392731,0.00567434728146,0.0942708030343,-2.74710965157
93,14,O,12.02510234,13.29856434,13.7029804,-2,-0.397734075785,-0.997055828571,3.75510525703,1.52995491028
93,15,O,11.97618437,10.42267429,9.42849706,-2,-0.512801647186,2.1087346077,1.46150112152,1.7508559227
93,16,H,9.98412549,13.27635926,10.41005382,1,0.266511499882,2.3738515377,-1.82548654079,-1.36360406876
93,17,H,13.76861884,13.05072433,11.80255574,1,0.232365846634,0.193437054753,-2.95716309547,1.81314170361
93,18,H,12.83817837,14.18866746,10.86311163,1,0.238058999181,-1.88079762459,-0.337485015392,1.8862375021
93,19,H,12.07288918,8.91055217,10.62408869,1,0.228761166334,-0.874590814114,1.41181588173,-0.288259416819
93,20,O,12.06235471,9.07915756,11.57729747,-2,-0.43235167861,3.00958657265,-5.68313884735,1.07373785973
93,21,H,9.30691286,10.26014688,10.53156828,1,0.232033669949,-0.432888567448,-0.441197633743,0.233077555895
93,22,O,9.27156417,13.68255021,10.8063323,-2,-0.591958284378,-2.48528552055,2.14821457863,1.3438603878
93,23,H,12.35118238,9.76874974,8.85438328,1,0.211031094193,0.765232205391,-0.240717828274,-0.815541088581
93,24,H,11.87730738,11.49730228,13.48805853,1,0.253854632378,-2.32081866264,-0.494125217199,-2.40784597397
93,25,H,9.5546537,14.60522242,10.8503249,1,0.248508155346,-0.163457155228,-0.167165577412,0.105518251657
93,26,O,15.09713228,14.24135699,11.52492412,-2,-0.532399773598,0.416237294674,2.74605751038,0.289203822613
93,27,O,11.41759059,11.30712173,12.49301143,-2,-0.33709436655,2.2713508606,-0.41025352478,4.81134223938
93,28,H,12.58880069,13.68498007,14.39789984,1,0.196332484484,0.434845328331,-0.606174409389,0.163829803467
93,29,H,12.22127243,13.61961735,12.34973728,1,0.196755334735,0.826046228409,0.570801079273,-1.31338202953
93,30,H,12.77901004,10.7953462,9.99395025,1,0.249742522836,-2.33796143532,-1.22787797451,-2.07626509666
94,0,H,11.702074,10.42199341,12.72647651,1,0.255543887615,0.204108446836,-0.263249397278,-2.20525217056
94,1,H,14.30316884,12.28190087,10.53224056,1,0.203009426594,-0.421819388866,1.48416078091,-3.91364741325
94,2,H,9.9102931,11.37692287,11.7149361,1,0.249072417617,-0.747341156006,-1.12680137157,-3.27712702751
94,3,O,12.21256803,14.06474393,11.3704427,-2,-0.49505969882,1.15142047405,0.771374285221,-1.94686973095
94,4,O,9.70926077,13.53743112,14.67465952,-2,-0.579777598381,0.716311812401,0.299448877573,-3.36086630821
94,5,H,12,12,12,1,0.248839706182,3.70857048035,5.08260774612,-6.69615125656
94,6,H,12.69317671,8.32236487,11.66983916,1,0.198546111584,0.119864940643,0.454563081264,1.3811814785
94,7,H,13.32160402,11.87935167,12.57150542,1,0.216828852892,0.752335608006,0.300993680954,0.474707245827
94,8,H,9.46568729,14.06993698,13.84298485,1,0.244304716587,-0.256922781467,-0.729648709297,1.93392372131
94,9,O,14.0697152,12.19087233,12.08858329,-2,-0.458664238453,2.24825239182,3.37954306602,-1.65346026421
94,10,H,11.87134571,14.41309576,13.43316846,1,0.243372619152,-0.106551215053,-2.18950104713,1.07370734215
94,11,H,13.50242477,13.27766193,9.22113297,1,0.247776180506,2.53038191795,-2.24735999107,1.30508136749
94,12,O,14.35139412,12.7252831,9.51554331,-2,-0.581324279308,-2.13879656792,0.386890590191,1.89491772652
94,13,O,9.98704862,11.12551004,10.71457586,-2,-0.51190495491,0.60552573204,1.95931768417,3.1882045269
94,14,O,12.21319185,13.43990278,13.69821166,-2,-0.355998426676,-1.00541961193,3.64369058609,0.0502743348479
94,15,O,12.13900998,10.4705484,9.40225854,-2,-0.475117504597,-1.07386040688,-2.73196768761,-2.56906580925
94,16,H,10.26294546,13.50554135,10.27228239,1,0.238189920783,-2.7464094162,0.558429718018,1.32726085186
94,17,H,13.98656503,13.24678925,11.8001482,1,0.244921922684,0.0406797006726,-3.97668743134,1.88224041462
94,18,H,13.09372992,14.31507374,10.92193845,1,0.227003291249,-1.99502837658,-0.386495113373,1.25220370293
94,19,H,10.95977581,11.88654881,9.29578075,1,0.234468445182,-1.56407010555,1.12816238403,-3.07439923286
94,20,H,12.1698255,8.99071375,10.58177005,1,0.227090418339,-0.627902448177,2.00406765938,1.38701117039
94,21,O,12.29923891,9.21123278,11.56164263,-2,-0.457240313292,0.600181043148,-2.99256634712,-1.75250613689
94,22,H,9.48817656,10.38618544,10.45131616,1,0.228546991944,-1.1816521883,-1.32852649689,0.0386950746179
94,23,O,9.40792578,13.7820017,10.79809424,-2,-0.534268856049,2.91794490814,1.22378861904,-1.01976633072
94,24,H,10.2491608,11.38958733,8.06399464,1,0.226103559136,-0.197568744421,-0.0866270884871,-0.318986684084
94,25,H,12.65375415,9.99205901,8.72397666,1,0.232862636447,-0.25258398056,0.715623378754,0.107974216342
94,26,H,12.1189286,11.54865344,13.45665396,1,0.205754250288,-1.86404716969,-0.0719095468521,-1.14867246151
94,27,H,9.61132804,14.75384477,10.89296577,1,0.227270036936,-0.53040343523,-1.38761115074,-0.0848041176796
94,28,O,11.59516406,11.4285523,12.49279151,-2,-0.250865548849,-3.56543159485,-5.67613363266,10.5044755936
94,29,H,12.81163033,13.82077002,14.33198855,1,0.187661781907,1.15575730801,-0.418118864298,1.13420438766
94,30,H,12.26064906,13.69430586,12.29637359,1,0.194241851568,0.942583203316,0.484073519707,-1.593755126
94,31,O,10.54607272,12.23744163,8.39327865,-2,-0.57528424263,1.41034078598,-0.239012748003,2.3808131218
94,32,H,10.41774397,13.02263232,14.17922603,1,0.237769186497,-1.16874468327,0.501941621304,1.65363645554
94,33,H,12.78010163,10.87516733,9.91229337,1,0.256327241659,2.34029555321,1.47354006767,1.64481627941
95,0,H,11.7220088,10.40320768,13.10502891,1,0.199334263802,-0.421054124832,-1.69256675243,-1.8917696476
95,1,H,14.28856524,12.17519839,10.80953892,1,0.211150631309,-0.0940468758345,2.05528926849,-4.21846151352
95,2,H,9.82300611,11.26737552,11.91015841,1,0.235991165042,-0.64617985487,-0.194159224629,-0.887348651886
95,3,O,12.27932864,14.04012889,11.58155415,-2,-0.492252618074,-3.02797889709,0.238547086716,-1.58348762989
95,4,H,12,12,12,1,0.265287429094,-1.04707062244,-0.968598365784,-0.185876965523
95,5,H,12.65619734,8.33411519,11.92245974,1,0.206424862146,2.33817124367,-5.81425714493,1.98485970497
95,6,H,13.23765881,11.87445106,12.73587705,1,0.214433163404,0.389849632978,0.266276896,0.284005582333
95,7,O,14.0517085,12.19314782,12.40080511,-2,-0.452723324299,3.12995839119,-2.59634256363,-0.206882953644
95,8,H,11.92687724,14.34999891,13.7746729,1,0.234074532986,-0.246390223503,-1.39835095406,0.448486238718
95,9,H,13.56130991,13.17602689,9.51197241,1,0.253964573145,0.878744840622,-1.03654623032,0.695007860661
95,10,O,14.37629331,12.67734509,9.78049743,-2,-0.600982785225,-0.749583542347,-1.24651217461,3.03971600533
95,11,O,10.03546918,11.05400011,10.98449042,-2,-0.474493920803,-1.84333777428,-2.66440415382,-0.187035158277
95,12,O,12.26861305,13.41766827,13.96122566,-2,-0.394955158234,-0.2131010741,2.91516375542,1.78907513618
95,13,O,12.16952031,10.34225434,9.63749222,-2,-0.462418287992,1.91708743572,-1.19529640675,-3.24900245667
95,14,H,11.27976532,7.56589263,10.53855075,1,0.212691754103,-1.00060963631,-0.250115633011,-1.9139059782
95,15,H,10.28782249,13.58219383,10.48067518,1,0.238967120647,-2.85892248154,0.0727992653847,1.55024564266
95,16,H,14.08103118,13.09361018,12.19272057,1,0.241747051477,-0.24567078054,1.9611723423,0.280562907457
95,17,H,13.13533876,14.26421678,11.33168389,1,0.238321751356,2.22208571434,0.724791705608,-0.653780162334
95,18,H,10.90621768,11.92629692,9.52061188,1,0.232712328434,-0.805984258652,0.980367422104,-1.60884892941
95,19,H,12.14803816,9.0389424,10.85787516,1,0.207335114479,0.454268425703,1.91037476063,0.115114077926
95,20,O,12.41042468,9.16709705,11.81111763,-2,-0.477996110916,-1.13597285748,4.13701295853,-0.853853464127
95,21,H,9.44642938,10.26491952,10.6466857,1,0.22489105165,1.57489442825,2.43881869316,1.15263068676
95,22,O,9.41954945,13.71001704,11.05457971,-2,-0.528335213661,3.04805922508,2.00125455856,-1.24086618423
95,23,H,10.30305451,11.27436248,8.4147213,1,0.231406331062,-0.129138663411,0.813868045807,-0.526875674725
95,24,H,12.81553707,10.0827677,8.88008066,1,0.222146779299,-1.76141989231,0.717342853546,1.61180663109
95,25,H,10.73843931,8.62619493,11.126826,1,0.231364488602,-1.45613086224,1.10370361805,-0.554927110672
95,26,H,12.13023413,11.48980545,13.62665499,1,0.18373504281,-0.413910150528,1.64042711258,1.17907190323
95,27,H,9.52028828,14.69886548,11.207532,1,0.222865909338,-0.473633021116,-1.74276030064,-0.108840122819
95,28,O,11.63368973,11.36373444,12.79346637,-2,-0.249785065651,-0.194410681725,0.44586366415,1.42654430866
95,29,H,12.95015915,13.71631146,14.59759282,1,0.205568015575,0.103961147368,-0.800173342228,-0.146955147386
95,30,H,12.22935472,13.63386668,12.43839378,1,0.195757567883,0.487011313438,0.0360091067851,0.455564856529
95,31,O,10.50165827,12.20825571,8.63580832,-2,-0.558840274811,0.837405204773,-1.33686077595,1.35479080677
95,32,O,10.73076507,8.32787939,10.18909138,-2,-0.465410232544,0.561271250248,-2.40387177467,1.97378730774
95,33,H,12.76178911,10.85478382,10.1629827,1,0.248021930456,0.821778178215,0.881733715534,0.677447557449
96,0,H,11.76895671,10.32615491,13.35160641,1,0.252136349678,-0.276580661535,0.981578111649,-2.01242876053
96,1,H,14.29830353,12.21282651,10.88286112,1,0.244206726551,-0.169152483344,-0.676116287708,1.66697740555
96,2,H,9.72453535,11.18136302,12.0787381,1,0.241096779704,-1.21387159824,1.11580133438,2.66246914864
96,3,O,12.37269485,14.04839668,11.80181259,-2,-0.473478406668,0.265673965216,1.40094411373,-2.15322160721
96,4,H,12.5699026,6.15572678,10.82241575,1,0.210026681423,0.110971137881,-0.0496654361486,0.297932475805
96,5,H,12,12,12,1,0.0533207058907,-0.127700105309,0.515116274357,-1.54426550865
96,6,H,12.77867753,8.14935182,12.27863825,1,0.231198325753,-0.726634979248,4.0255856514,-1.2153853178
96,7,H,13.24184381,11.91302339,12.94642127,1,0.20327976346,-1.18905043602,-0.0715728923678,0.155329436064
96,8,O,14.07744153,12.21963347,12.72767086,-2,-0.495947182178,4.25312137604,-2.99401783943,-0.370092302561
96,9,H,11.9316282,14.29338209,14.17551161,1,0.254214763641,-0.259453058243,0.328127115965,0.402504146099
96,10,H,13.65555178,13.06642989,9.83751838,1,0.274263381958,-2.71357893944,1.39894688129,-0.81887358427
96,11,O,14.43616205,12.65896926,10.07259419,-2,-0.582522213459,3.0151052475,-0.681138575077,-1.17933189869
96,12,O,10.11940585,11.01669138,11.27069951,-2,-0.453304111958,-1.49482786655,-3.86956572533,-3.26411700249
96,13,O,12.36195165,13.43690522,14.24231239,-2,-0.41210258007,1.52198159695,0.538440465927,2.77324414253
96,14,O,13.29389863,6.1215793,11.46761002,-2,-0.596873998642,0.571202278137,1.41091871262,2.29717183113
96,15,H,11.46318673,5.75917522,9.13803376,1,0.285924822092,-0.363037258387,-0.394810855389,-1.64895379543
96,16,O,12.24140362,10.24734366,9.87815276,-2,-0.434187889099,3.69223403931,2.598528862,-0.111441850662
96,17,H,10.22483604,13.70525435,10.793561,1,0.25255459547,2.23111319542,-0.688580155373,-1.80407547951
96,18,H,14.21709552,13.11868186,12.63649584,1,0.245249420404,-0.108196467161,2.29343652725,0.188133746386
96,19,H,13.31427783,14.29158589,11.75420396,1,0.230483904481,-0.706969559193,0.119298748672,-0.338506102562
96,20,H,10.85990045,12.04664923,9.71753279,1,0.241086393595,1.36997389793,0.244636058807,3.41491746902
96,21,H,12.19028854,9.23349902,11.17075705,1,0.217743337154,0.162575140595,-0.265609115362,-0.0333836376667
96,22,O,12.55606281,9.16909073,12.07298095,-2,-0.511796176434,0.726161599159,-3.83800601959,2.16964769363
96,23,H,9.47845772,10.26096055,10.920074,1,0.219882339239,2.16281890869,2.35214567184,0.693392634392
96,24,O,9.47380805,13.676679,11.32270671,-2,-0.53495246172,-1.87767744064,1.19684958458,1.74567198753
96,25,H,10.36882856,11.23413234,8.76040695,1,0.23283649981,-0.151545286179,1.35447621346,-0.738968074322
96,26,H,12.92153367,10.2650355,9.14670647,1,0.230784207582,-1.20667123795,-0.530104994774,0.452967077494
96,27,H,12.17955694,11.60605939,13.86858091,1,0.243388220668,0.304586499929,1.64915919304,2.40312504768
96,28,H,9.45655569,14.62261523,11.53555338,1,0.237843692303,-0.543658494949,-0.240631997585,0.319184154272
96,29,O,11.70539771,11.33274125,13.11936329,-2,-0.300781846046,-1.74911248684,-3.85936164856,1.55758571625
96,30,H,13.12707816,13.56473356,14.89723874,1,0.247722893953,-1.55334985256,-0.133962199092,-1.42850899696
96,31,H,12.27467946,13.62461993,12.63600053,1,0.199172735214,-0.115307077765,-0.314232587814,0.925729811192
96,32,H,10.38841468,5.82778804,10.36427223,1,0.284669041634,2.35121464729,0.150188326836,-1.20635485649
96,33,H,12.97699408,6.72752902,12.20479552,1,0.245387628675,0.764461040497,-1.87819516659,-1.30153214931
96,34,O,10.49747745,12.2104808,8.89796151,-2,-0.553552150726,-1.23056352139,-1.29392957687,-3.24728488922
96,35,O,11.35152044,5.93428518,10.04742357,-2,-0.480422824621,-3.40052270889,0.108867451549,1.63888883591
96,36,H,12.84354977,10.90806508,10.46460668,1,0.251448601484,-2.32573318481,-2.00354266167,-1.34814667702
97,0,H,11.87599053,10.31886909,13.45659935,1,0.253292053938,0.622334599495,1.70654845238,-0.573966801167
97,1,H,14.32844677,12.23541328,11.04530926,1,0.238816574216,-0.710372149944,-2.45265126228,4.7538061142
97,2,H,9.64407385,11.18247653,12.31191549,1,0.238511845469,2.05249214172,0.735769271851,-1.44929969311
97,3,O,12.51366037,14.10150855,11.96658328,-2,-0.475912868977,2.31999444962,0.760652244091,1.05780112743
97,4,H,12.71258839,6.18101698,10.9834322,1,0.214820250869,0.429819345474,0.0982010662556,1.14935255051
97,5,H,12,12,12,1,-0.20426684618,-0.289571464062,-0.866686224937,1.30365371704
97,6,H,12.93485179,8.20110475,12.53065208,1,0.243108034134,-0.936987102032,3.88030362129,-1.68496251106
97,7,H,13.27424189,11.98892774,13.13802866,1,0.184609800577,0.282247632742,0.0965615957975,-0.401507019997
97,8,O,14.16464119,12.27875941,13.00408877,-2,-0.549974441528,2.76501011848,1.67315554619,0.322819173336
97,9,H,11.93045562,14.31219307,14.54757949,1,0.273176670074,1.24420487881,-1.13004398346,0.700343370438
97,10,H,16.18811636,14.67913316,12.4812369,1,0.238033667207,-2.47807645798,0.380953729153,1.12858664989
97,11,H,13.65740289,13.06744937,10.06480747,1,0.25048750639,1.66536223888,-0.241114169359,0.245847314596
97,12,H,15.8731914,13.73248409,11.62374157,1,0.254461914301,-2.49606895447,-0.848274111748,-0.167833268642
97,13,O,14.55424007,12.68551655,10.30985901,-2,-0.51257109642,-0.79701179266,2.55746102333,-5.35487318039
97,14,O,10.24986171,11.02015692,11.50106899,-2,-0.419298619032,-2.57595825195,-0.351719886065,2.7440123558
97,15,O,12.50920577,13.50169066,14.47968174,-2,-0.377457916737,0.169169425964,0.963483512402,2.18993759155
97,16,O,13.38469847,6.15044808,11.70081506,-2,-0.594703614712,1.61093008518,-2.17970371246,-1.88018238544
97,17,H,11.7782597,5.73211749,9.336159,1,0.293622851372,-0.64493471384,0.0511135458946,0.458135128021
97,18,O,12.37537472,10.20932122,10.07086762,-2,-0.411824524403,2.01177191734,2.75933980942,-0.0330976545811
97,19,H,10.32340825,13.85487638,10.99184711,1,0.252510607243,0.746701359749,-0.370860010386,-0.622713327408
97,20,H,14.40210056,13.33105347,13.04231311,1,0.209122359753,-0.847080469131,-4.16858482361,0.0805173739791
97,21,H,13.52118974,14.38242192,12.11883598,1,0.201070606709,-3.20284795761,-0.477686226368,-1.26964795589
97,22,H,10.92429251,12.22849473,10.01826602,1,0.242299929261,-0.619402229786,0.367906272411,-0.925213336945
97,23,H,12.30970329,9.4736566,11.42951489,1,0.216616347432,0.661756932735,-1.65080964565,0.887167692184
97,24,O,12.75567355,9.20675693,12.29176971,-2,-0.517130613327,0.264403343201,-2.59280633926,1.85172319412
97,25,H,9.63663574,10.37674459,11.16641251,1,0.232867181301,0.00544045120478,-0.870182991028,-1.47458171844
97,26,O,9.56935526,13.68996299,11.54638454,-2,-0.510138750076,-0.616943359375,0.654387712479,0.496129751205
97,27,H,10.46395742,11.29836441,9.02626057,1,0.241898208857,-0.121180593967,-0.0925324633718,-0.485209703445
97,28,H,13.01021093,10.49500176,9.39267513,1,0.241414546967,-0.356843471527,-1.14126336575,-1.26845991611
97,29,H,12.30906394,11.86061829,14.17137338,1,0.254999995232,-2.24309921265,-1.76711952686,-1.56828343868
97,30,H,9.4274621,14.59422465,11.83554864,1,0.245638281107,-0.451515048742,0.130077064037,0.374630361795
97,31,O,15.29861618,14.21029126,12.29023932,-2,-0.341378897429,5.98821306229,2.23630475998,-1.04237484932
97,32,O,11.82105389,11.34201728,13.39616576,-2,-0.380533069372,0.458050191402,0.451821357012,1.54284191132
97,33,H,13.28792013,13.41717705,15.11633071,1,0.272793591022,-1.6686732769,0.977203190327,-1.11102330685
97,34,H,12.37732773,13.67010461,12.85378372,1,0.197065025568,-0.0758626461029,0.528434455395,-1.42290115356
97,35,H,10.60687872,5.734189,10.34405293,1,0.28879237175,-4.02292013168,-1.28223371506,0.381996899843
97,36,H,13.15401905,6.77846999,12.31714823,1,0.262514770031,-0.73199826479,1.53714418411,1.9953597784
97,37,O,10.54116584,12.25415344,9.10482143,-2,-0.543662786484,0.799150705338,-0.0725973173976,0.865523397923
97,38,O,11.45851178,5.97976918,10.22175433,-2,-0.456990867853,3.44443202019,1.08793985844,-2.14872479439
97,39,H,12.86487386,10.89734645,10.63824749,1,0.253299951553,-1.65413725376,-1.07789242268,0.354671359062
98,0,H,12.07933004,10.45291232,13.48310541,1,0.248726040125,1.19719493389,-0.706477463245,0.606724739075
98,1,H,14.37898158,12.20577437,11.37174178,1,0.217508763075,1.95711398125,2.6003241539,-3.24246120453
98,2,H,9.73546908,11.26311413,12.41212204,1,0.241808772087,2.32248425484,0.609453678131,-1.34270310402
98,3,O,12.70731552,14.21139208,12.05409949,-2,-0.420648336411,0.686909735203,0.253009289503,2.67645359039
98,4,H,12,12,12,1,-0.278697252274,-0.107566162944,-0.198146998882,-0.138808012009
98,5,H,13.10238493,8.4806402,12.61630255,1,0.264829039574,0.544474899769,-8.91915893555,1.00978255272
98,6,H,13.37285717,12.12340913,13.24947637,1,0.205178514123,0.916574060917,0.490661591291,-0.277868390083
98,7,O,14.30950092,12.40066109,13.19926595,-2,-0.448052465916,2.35186171532,2.33236503601,0.812537312508
98,8,H,13.75762973,13.1308178,10.19905046,1,0.237719595432,2.99857926369,-0.735527813435,0.642895162106
98,9,O,14.71470394,12.77662113,10.45343098,-2,-0.52399379015,-4.67817926407,-1.65806555748,2.47163963318
98,10,O,10.42066282,11.08632779,11.66091253,-2,-0.381325900555,-2.91756176949,-0.356026530266,2.79195475578
98,11,O,12.56175303,10.23951503,10.18359289,-2,-0.420938879251,0.826931357384,0.298456341028,-4.4042673111
98,12,H,10.52503727,14.05059392,11.08926654,1,0.244280785322,-2.71539330482,-0.853707194328,1.98964679241
98,13,H,14.58116588,13.39929978,13.37045241,1,0.245755597949,-1.35364413261,-3.5709092617,-0.46115475893
98,14,H,13.60105906,14.50999824,12.35250234,1,0.232547804713,-0.609358787537,0.224191710353,-1.61135017872
98,15,H,11.01447376,12.47245912,10.21313914,1,0.244891375303,-1.47780382633,-0.628937363625,-3.1618885994
98,16,H,12.51490778,9.66955676,11.65114235,1,0.232963949442,0.641602516174,-2.2274479866,0.753015816212
98,17,O,13.00439284,9.297759,12.43415949,-2,-0.513438522816,-1.29991233349,10.1697397232,-0.715684115887
98,18,H,9.82127329,10.47420226,11.24859405,1,0.237343102694,0.175589159131,-0.806742548943,-1.50918495655
98,19,O,9.70493987,13.76093779,11.69167407,-2,-0.472523003817,2.16061449051,2.41401600838,-1.25156998634
98,20,H,10.58756327,11.40681092,9.18946323,1,0.248293817043,0.0560888312757,-0.646921098232,-0.0795657485723
98,21,H,13.12667942,10.73925086,9.4962023,1,0.246161386371,-1.14131426811,-1.91650986671,-0.089014030993
98,22,H,12.39822976,12.0968243,14.32996027,1,0.267247378826,-1.73440647125,-3.86544823647,-1.41726958752
98,23,H,9.43870599,14.63336936,12.07852406,1,0.239861935377,0.303716510534,-1.09846293926,-0.469303607941
98,24,O,11.98152729,11.41152008,13.59707291,-2,-0.362636446953,0.0383949279785,4.69816446304,2.16314911842
98,25,H,12.52148373,13.82193572,12.95600503,1,0.247026309371,-0.969791710377,0.373311042786,-1.71805131435
98,26,O,10.63385357,12.35514286,9.23719076,-2,-0.531921744347,1.52991211414,1.32044231892,2.72902655602
98,27,H,12.85743749,10.89545472,10.74885757,1,0.252032160759,0.296889930964,2.40435194969,3.24331879616
99,0,H,12.4095219,10.62826856,13.48544383,1,0.244802355766,1.37492966652,-0.613453805447,1.00618112087
99,1,H,14.57485919,12.3638277,11.48113669,1,0.222590714693,2.04179334641,2.49605083466,-3.53719329834
99,2,H,10.02127005,11.41231339,12.38807607,1,0.253324747086,-2.05983233452,1.64309728146,3.00462532043
99,3,O,12.95304647,14.36459115,12.0766578,-2,-0.452564716339,-2.19785451889,-0.24675232172,0.0235562622547
99,4,H,13.11035101,6.33225796,11.21748971,1,0.283388435841,-0.86606580019,0.445890367031,-0.592798948288
99,5,H,12,12,12,1,-0.20033878088,-0.108478344977,-0.0940565243363,0.114512473345
99,6,H,13.32194951,8.48927052,12.6421929,1,0.243904769421,-0.589108705521,2.09893870354,-0.708143770695
99,7,H,13.59695947,12.32368768,13.29465704,1,0.221347570419,-0.374614477158,0.0894911959767,0.00537430495024
99,8,O,14.51353331,12.56776312,13.32400493,-2,-0.490580499172,0.815451443195,-5.63427305222,-1.56257879734
99,9,H,14.0516056,13.21892834,10.28356435,1,0.250770539045,-0.594551861286,0.687630176544,-0.426018327475
99,10,O,14.91252565,12.90632006,10.53737187,-2,-0.554482161999,-1.16621041298,-2.96950769424,3.77986836433
99,11,O,10.63955017,11.20358274,11.75971917,-2,-0.351023972034,-0.539692103863,-4.02006530762,-4.11840963364
99,12,O,13.73196613,6.36530481,11.92550696,-2,-0.55752658844,0.89073073864,1.06065011024,2.1585893631
99,13,O,12.80378109,10.31992054,10.21489724,-2,-0.444952636957,1.44242823124,4.00636863708,-1.54340851307
99,14,H,10.65423306,14.26597806,11.23172574,1,0.252480328083,-1.21727824211,-0.474106639624,0.931841850281
99,15,H,14.74951146,13.36801712,13.59756378,1,0.262300550938,1.05236577988,5.02005290985,1.68138062954
99,16,H,13.71637391,14.70091729,12.45980167,1,0.240233376622,3.10748195648,1.6518304348,-0.39399266243
99,17,H,11.08816416,12.72446228,10.17948007,1,0.256258249283,0.0503058619797,-0.182034179568,0.78077340126
99,18,H,12.78930631,9.77400813,11.82762121,1,0.232645586133,-1.88208317757,-0.485775887966,-2.90096855164
99,19,O,13.30714667,9.46177458,12.50477599,-2,-0.472874581814,2.23269939423,-1.50203680992,4.61064052582
99,20,H,10.04435337,10.54702556,11.18507008,1,0.244854599237,2.23302078247,1.87399041653,1.14199626446
99,21,O,9.89700058,13.88263539,11.76271541,-2,-0.48265504837,0.80265969038,1.62019050121,-0.146564036608
99,22,H,10.76060139,11.52699769,9.27857299,1,0.254071801901,0.238305464387,0.905478775501,0.169525265694
99,23,H,13.25380667,10.94603799,9.50995746,1,0.23914539814,-1.10886633396,-2.22876477242,1.25666940212
99,24,H,12.47136725,12.2550217,14.33930546,1,0.261771798134,0.0486541204154,-2.18324708939,0.501468122005
99,25,H,9.53951416,14.66923665,12.23380687,1,0.24446490407,0.359956890345,-0.792802095413,-0.496633529663
99,26,O,12.19182631,11.53796892,13.73063003,-2,-0.422248333693,-1.96877396107,2.65972852707,-0.328427672386
99,27,H,12.68515274,14.04443192,12.94034956,1,0.252669692039,-1.6406109333,-0.560152888298,-0.134626716375
99,28,H,13.57390118,7.16270764,12.51775308,1,0.273997843266,0.183864429593,-2.52809524536,-1.63423669338
99,29,O,10.7857768,12.50389622,9.31262979,-2,-0.549270927906,-0.202477350831,-0.67034548521,-1.56347215176
99,30,H,12.91407358,11.02764706,10.92220692,1,0.243494808674,-0.35814845562,-1.07391917706,-1.07952880859
100,0,H,8.36292484,10.9324605,13.55062371,1,0.218688845634,-1.21607708931,-1.12067389488,-1.48757982254
100,1,O,10.01688027,10.14459304,12.61585471,-2,-0.418789863586,1.2390062809,-3.98782658577,2.79315066338
100,2,H,14.42047771,13.72285143,11.92298105,1,0.240029081702,-0.979261994362,-1.39082598686,-2.68029999733
100,3,H,15.2958136,12.11777599,12.57859593,1,0.210791915655,1.39720094204,2.21004295349,0.0384258702397
100,4,O,12.74818241,9.23046206,14.08094468,-2,-0.474992901087,-2.46594214439,0.419401705265,-3.19719219208
100,5,H,13.8508491,11.59046244,12.8640495,1,0.230198442936,3.55877447128,-0.191942751408,-0.959084630013
100,6,H,15.81357936,8.9762185,12.42997432,1,0.255243122578,2.89931154251,-2.94153189659,-10.5232925415
100,7,H,9.96278496,12.15378522,10.8952645,1,0.202116727829,1.18254578114,-1.61833441257,-0.239997178316
100,8,H,12.75604538,12.46200197,10.87318463,1,0.199111402035,-1.11568486691,-0.178005307913,1.71340727806
100,9,O,14.86225501,11.30962586,12.59351413,-2,-0.361058026552,-5.56787919998,-0.896345257759,0.492753595114
100,10,H,12.20748332,9.26550676,11.37158264,1,0.222594857216,0.315342277288,1.69152534008,0.408320426941
100,11,H,13.06325006,9.75103564,14.79070708,1,0.247944042087,0.228850215673,1.03131663799,1.08940756321
100,12,O,12.73673522,13.03260093,12.48774422,-2,-0.348950535059,-3.30481266975,-4.63771057129,0.781009376049
100,13,H,13.72949646,9.67856056,9.61579093,1,0.225515410304,-1.83289003372,-0.117208153009,-0.564122080803
100,14,H,9.04348588,15.59244541,13.78573019,1,0.196968451142,-1.4538025856,1.69961059093,0.963827967644
100,15,H,9.77204812,13.54327472,13.97628789,1,0.110785603523,-0.135900646448,-0.0891685932875,0.360807865858
100,16,O,9.50974013,14.84724808,13.51837096,-2,-0.578375995159,1.91660368443,-2.55904960632,-1.12459146976
100,17,H,14.83552425,15.43043057,12.48168238,1,0.165155589581,-0.120875068009,0.662370443344,0.96396613121
100,18,O,14.99770468,14.00719089,12.57458661,-2,-0.354320406914,1.03287684917,1.59300720692,4.14950180054
100,19,O,13.40670092,12.66782481,10.24869748,-2,-0.344689846039,-0.814936876297,0.973821938038,-5.64593982697
100,20,H,8.2950152,10.13885287,12.1399668,1,0.226401045918,-1.99331927299,2.70700621605,2.83511757851
100,21,O,12.85307848,10.16465184,9.51974171,-2,-0.367440760136,3.61809158325,-0.111389815807,-1.43341970444
100,22,H,9.09897237,12.198255,13.66720674,1,0.196612343192,-2.34383273125,-0.727107644081,-0.860036790371
100,23,O,14.71106565,16.31169677,12.10281786,-2,-0.479039728642,-0.271334350109,-0.315196424723,-2.32610535622
100,24,H,15.90254024,13.97185902,12.8504692,1,0.264168590307,0.766016423702,-0.61406648159,-1.09723818302
100,25,H,10.34877052,9.34310782,13.18424825,1,0.222103238106,-0.845166862011,2.35875558853,-1.73943579197
100,26,H,13.42094327,10.05832118,11.91258473,1,0.214873716235,0.158685564995,-0.402570992708,0.0621126815677
100,27,O,7.73156224,10.79698631,12.7854685,-2,-0.454629063606,1.59181308746,-1.6299790144,-1.10126292706
100,28,O,12.47928384,10.15743971,11.73397502,-2,-0.313356727362,0.968296468258,-1.80819571018,0.985226213932
100,29,H,11.31826352,11.13707726,10.04436688,1,0.209596440196,-1.66992843151,0.408899098635,1.08061730862
100,30,H,12.66374658,13.15249506,13.51735914,1,0.204798668623,-0.786328673363,-0.563359975815,-2.7517850399
100,31,H,14.64138318,17.241527,12.06852944,1,0.249097108841,0.0805485695601,0.899041295052,1.1102129221
100,32,H,12,12,12,1,0.270940542221,1.74816918373,4.24390172958,3.14829444885
100,33,H,12.14669761,9.80047385,13.39711443,1,0.214454680681,2.21647047997,-1.52309608459,2.86397576332
100,34,O,9.91327105,12.46426425,13.98883852,-2,-0.412485033274,2.63784623146,1.85656535625,0.995899140835
100,35,H,9.11142556,13.38554829,12.34539384,1,0.222159028053,-0.31046590209,0.745753407478,-2.6067969799
100,36,O,9.18236575,13.43861917,11.27881562,-2,-0.365744799376,2.56498289108,-1.16648852825,2.03110146523
100,37,H,15.1370059,9.96086344,13.02557885,1,0.148537859321,1.16858685017,-1.21794819832,1.7278701067
100,38,H,10.65863134,10.45940617,11.92186883,1,0.167150780559,-0.796632170677,-0.489699542522,0.640464961529
100,39,O,10.73201705,11.28306623,10.83710801,-2,-0.380702912807,-0.358159989119,4.13305616379,-2.10979580879
100,40,H,13.31939207,11.03257631,9.71313881,1,0.176106840372,-1.04938828945,-0.235022157431,-0.177272826433
100,41,H,12.73526746,12.86541943,9.45309351,1,0.223215073347,2.60190868378,-0.176675856113,2.11536812782
100,42,H,10.10330804,13.83115507,11.31902304,1,0.22967711091,-1.48423457146,0.357412368059,-0.0950333178043
100,43,O,15.66129268,9.11466301,13.23342817,-2,-0.510459721088,-2.97507476807,2.71793079376,9.36944580078
101,0,H,8.65240078,10.8912136,13.5480659,1,0.21075822413,-0.973706007004,-1.17709112167,-0.582517623901
101,1,O,10.17651459,10.06891087,12.62450741,-2,-0.486598938704,0.596339344978,0.87190580368,-1.96334302425
101,2,H,14.31790487,13.52718354,11.96920952,1,0.228910118341,2.68067765236,0.912075698376,1.96966016293
101,3,H,15.49469455,12.11744229,12.58448247,1,0.202933728695,-0.189696073532,-0.85497969389,0.0553809888661
101,4,O,12.96362004,9.12854168,14.12823586,-2,-0.470224827528,-0.888081729412,0.598597943783,-0.404204428196
101,5,H,14.06211388,11.52171279,12.90133303,1,0.22227178514,3.40438270569,-0.643412411213,-0.848281741142
101,6,H,15.90821486,8.66383359,12.29247285,1,0.227450311184,0.0960571095347,0.26747444272,2.57551407814
101,7,H,10.15320203,11.86604419,10.91599529,1,0.227079957724,-1.52573895454,1.29553306103,0.339028179646
101,8,H,12.88538381,12.39900548,11.0833839,1,0.203616082668,2.05934453011,0.631132662296,-1.19085264206
101,9,O,15.06392768,11.23255866,12.63617436,-2,-0.354192554951,-3.84330892563,2.6484503746,0.319144845009
101,10,H,12.41953389,9.25829309,11.39161947,1,0.220911890268,-1.11697375774,-2.10439920425,-1.1814892292
101,11,H,13.28847297,9.72393717,14.81781412,1,0.245949298143,-0.22836895287,-0.186421066523,-0.151364475489
101,12,O,12.91532786,12.95807483,12.61366071,-2,-0.351367354393,-3.48749256134,-3.68747234344,-0.534980535507
101,13,H,13.69804562,9.58922274,9.81021035,1,0.233550354838,6.83882713318,-4.42500829697,1.61352300644
101,14,H,9.1880879,15.53343709,13.89068319,1,0.195217758417,0.10430534184,-0.698219656944,0.239080667496
101,15,H,9.97804028,13.52638036,14.02773584,1,0.0864055901766,-0.544471800327,-0.436640530825,0.178109109402
101,16,O,9.68966583,14.76465749,13.58202187,-2,-0.531593680382,0.564110636711,-0.331283330917,-0.156061202288
101,17,H,15.0240134,15.29817841,12.65194503,1,0.132821440697,-1.1927292347,1.86051654816,-0.470899194479
101,18,O,15.12099767,13.92784384,12.62125162,-2,-0.298862457275,1.87123560905,-0.0684692710638,1.26090586185
101,19,O,13.5756241,12.53907144,10.34928275,-2,-0.305913925171,-2.41747093201,-0.732353150845,-1.53278815746
101,20,H,8.49508782,10.13003443,12.23353207,1,0.22276943922,-1.98231947422,2.27238941193,2.61119699478
101,21,O,12.99128502,10.0213574,9.60832915,-2,-0.420261621475,-4.86457538605,8.02753543854,-3.79729676247
101,22,H,9.244576,12.03044253,13.82731895,1,0.184915989637,1.23382925987,1.36734294891,0.447375983
101,23,O,14.89993335,16.2187127,12.1197965,-2,-0.472156405449,0.0360742211342,1.57424533367,-1.23117351532
101,24,H,16.13155062,13.91125556,13.00026302,1,0.226974397898,-3.34785866737,-0.603377044201,-2.22806978226
101,25,H,10.53550648,9.42651468,13.15346614,1,0.230071693659,1.2175167799,-2.50080132484,2.04834985733
101,26,H,13.59341127,9.98445396,11.87170234,1,0.213405624032,0.244575023651,-0.0385035797954,0.358166366816
101,27,O,7.93425818,10.74701634,12.90002168,-2,-0.431540310383,1.00697922707,-1.53474128246,-1.80764830112
101,28,O,12.63841066,10.06117307,11.78128986,-2,-0.337515413761,2.01689362526,2.08285617828,2.78555798531
101,29,H,11.42714514,11.15011051,10.17383876,1,0.240062505007,-0.34533983469,-0.462731659412,-0.104825407267
101,30,H,12.80154079,12.8936231,13.61248593,1,0.205976516008,-0.628931641579,0.214854165912,-1.70846104622
101,31,H,14.58640249,17.1872939,12.10816584,1,0.220244973898,0.629130542278,-2.82511663437,1.19362556934
101,32,H,12,12,12,1,0.286648690701,1.13930988312,2.07402801514,3.19997644424
101,33,H,12.33386901,9.63761574,13.5451343,1,0.22350358963,1.08510029316,-0.480475395918,1.26066946983
101,34,O,10.13226209,12.38243056,14.06155637,-2,-0.397834300995,-0.351119577885,1.06162917614,-0.187163844705
101,35,H,9.23454268,13.33805476,12.34030717,1,0.215892061591,-0.427013874054,0.484438836575,2.67963480949
101,36,O,9.36539194,13.33708468,11.42265894,-2,-0.405412584543,4.68890237808,0.725330293179,-4.02819299698
101,37,H,15.41437145,9.90795298,12.97052055,1,0.131699994206,1.07761049271,-1.43161404133,1.3580108881
101,38,H,10.88590373,10.49186672,11.84296594,1,0.173445314169,-2.38621592522,-1.95058035851,3.06387376785
101,39,O,10.83826958,11.19516598,10.93330692,-2,-0.293266475201,2.30195879936,2.74905514717,-3.00429010391
101,40,H,13.4014892,11.12677486,9.76899657,1,0.164541527629,-0.960644602776,-3.94137358665,-0.119852870703
101,41,H,12.94543777,12.67500644,9.59222301,1,0.227289050817,1.12482452393,0.797152161598,0.467205405235
101,42,H,10.37492574,13.75046211,11.36834932,1,0.225465670228,-4.18675613403,-0.949925243855,0.615513920784
101,43,O,15.79964,9.0135944,13.25347854,-2,-0.474042713642,-0.129171401262,-0.451554656029,-3.40574741364
102,0,H,8.80625738,10.67409036,13.34791755,1,0.213135570288,1.08847248554,0.0308789610863,1.74564743042
102,1,O,10.23789043,9.85788935,12.46940922,-2,-0.4931640625,0.252548873425,-1.6958258152,0.710355579853
102,2,H,14.23752732,13.24239446,11.96273326,1,0.23691560328,2.59368419647,1.14457547665,2.26310491562
102,3,H,15.57397536,11.95504191,12.42429087,1,0.207204088569,-0.457555830479,-2.21500182152,0.0479943528771
102,4,H,14.32388351,11.30108071,12.7236608,1,0.220132768154,-3.97289514542,0.737928628922,1.24153268337
102,5,H,15.95741936,8.18730049,12.06364417,1,0.218216463923,-0.463079273701,2.8818526268,4.9977684021
102,6,H,10.16052622,11.517742,10.7933976,1,0.239629283547,-5.43889427185,4.14345693588,0.092606253922
102,7,H,8.80506313,16.48111952,16.12309304,1,0.23854406178,2.11080384254,-1.2195019722,-4.41327428818
102,8,H,13.00077406,12.23252969,11.0941962,1,0.199615836143,2.01305103302,0.0391694642603,-2.10215377808
102,9,O,15.1542944,11.02328866,12.51292566,-2,-0.368681311607,4.1282658577,2.24458169937,-1.58943045139
102,10,H,12.50790602,9.00851523,11.20430636,1,0.215857848525,-0.779401242733,0.536216676235,0.320693492889
102,11,O,12.98237589,12.73475087,12.57628646,-2,-0.323911309242,-5.42768192291,-3.42337942123,-4.71802043915
102,12,H,13.84628627,9.16900647,9.89105816,1,0.221220418811,-2.81287813187,2.74007582664,-2.02112078667
102,13,H,9.26242014,15.26402858,13.79805065,1,0.169934630394,0.0132532697171,0.215289756656,-0.120454065502
102,14,H,10.07352884,13.27538606,13.89661344,1,0.108043253422,-0.148206830025,-1.39248406887,0.616832792759
102,15,O,9.76789251,14.54260453,13.47970098,-2,-0.548712968826,1.26135861874,-1.44001328945,-1.86642253399
102,16,H,15.0512914,15.068316,12.62815618,1,0.148182541132,-1.36774635315,2.49452280998,-1.77557790279
102,17,O,15.14556135,13.71474965,12.51020575,-2,-0.320880413055,1.97604310513,-0.551883876324,1.04942333698
102,18,O,13.63817675,12.26873583,10.28260163,-2,-0.344041377306,0.904616296291,-1.04625225067,3.44682025909
102,19,H,8.53480488,10.08099073,12.26555341,1,0.225605353713,1.50494551659,-2.68389105797,-3.5443611145
102,20,H,8.32485924,15.87379158,14.73791566,1,0.241997733712,1.14900708199,0.523659050465,0.730142176151
102,21,O,13.01968557,9.76499553,9.52121375,-2,-0.40651756525,4.13133764267,1.09206020832,-1.10499978065
102,22,H,9.36422856,11.79311543,13.82855142,1,0.191855207086,0.944163262844,1.13392424583,0.532042503357
102,23,O,9.20878656,16.17223182,15.10779112,-2,-0.36886253953,-4.16708803177,2.17911791801,5.62407684326
102,24,O,14.98970083,15.99032597,11.97047252,-2,-0.506332337856,-0.693841278553,1.19519329071,0.382114827633
102,25,H,16.14820786,13.65065544,12.8588136,1,0.223448351026,-3.16795253754,-0.379199743271,-1.76776731014
102,26,H,10.66254726,9.2624669,13.05708472,1,0.23419931531,0.651785194874,-0.762288868427,0.784514725208
102,27,H,13.66605256,9.76202815,11.67653505,1,0.212548822165,-0.0144396265969,0.283521950245,0.554100811481
102,28,O,8.03840042,10.55337533,12.84480151,-2,-0.452660769224,-4.5501203537,2.25226449966,1.79266524315
102,29,O,12.70138,9.83462591,11.67601652,-2,-0.373934596777,1.58379030228,-0.897301673889,2.51894068718
102,30,H,11.41894518,11.05508319,10.1444472,1,0.252935290337,1.54839169979,-0.425161749125,-2.21877241135
102,31,H,12.82597411,12.47380964,13.46225739,1,0.222628295422,-0.476290345192,-0.0436255000532,1.9402602911
102,32,H,14.42507451,16.85374947,12.03401141,1,0.217982023954,1.46451735497,-2.96169948578,0.723760426044
102,33,H,12,12,12,1,0.299011528492,3.04057073593,2.68675613403,3.72064828873
102,34,O,10.25163114,12.17213594,13.97068348,-2,-0.417446792126,-0.0493314564228,1.1559189558,-0.0331270173192
102,35,H,9.26260775,13.18506617,12.28315732,1,0.222231984138,-0.532158732414,0.772754490376,2.91279864311
102,36,O,9.46346293,13.09881107,11.39125438,-2,-0.440556466579,1.10201931,-0.782962858677,-4.47360754013
102,37,H,15.61362371,9.67333866,12.82536046,1,0.159245416522,0.288593024015,0.156167477369,-0.0746934115887
102,38,H,10.8896263,10.29543482,11.7416862,1,0.160212397575,-1.29838562012,-2.40315437317,3.32083320618
102,39,O,10.85029976,10.97609741,10.8578178,-2,-0.304314911366,4.50528430939,0.841728806496,-2.72155117989
102,40,H,13.33583024,10.87208838,9.66626134,1,0.166579961777,-0.0215676743537,-4.68399810791,0.159197002649
102,41,H,13.09517995,12.38507481,9.57680153,1,0.233706861734,-2.33791208267,1.70153236389,-3.65205979347
102,42,H,10.34972022,13.49071016,11.29158534,1,0.237624913454,-0.863768279552,0.377157926559,0.500944256783
102,43,O,15.83733122,8.77717062,13.10743563,-2,-0.468428403139,0.784696221352,-4.5526804924,-4.53242349625
103,0,O,11.25821383,14.15778722,15.00067892,-2,-0.429706275463,-0.914850413799,2.65905809402,-3.6365749836
103,1,H,8.85210016,10.32156175,13.07314005,1,0.199368536472,-1.67087638378,-0.18158313632,0.324478715658
103,2,H,12.10663233,12.0114632,14.77665055,1,0.200579553843,1.79842746258,0.00862816348672,1.99524509907
103,3,O,10.14726989,9.50076031,12.16702708,-2,-0.401704311371,-3.16991257668,-8.55703639984,10.5345430374
103,4,H,14.16170043,12.90524722,11.92337118,1,0.221091061831,1.99809932709,0.192503035069,0.71020680666
103,5,H,15.47982221,11.56030554,12.10374627,1,0.203746914864,0.560348391533,-0.704277336597,-0.312477737665
103,6,H,14.23533003,10.98140274,12.43156678,1,0.209269553423,-1.03961980343,-0.273594200611,0.495690047741
103,7,H,9.80213329,11.21117208,10.53250173,1,0.248331353068,3.04917740822,-0.942436277866,0.824582636356
103,8,H,8.79278967,16.09270664,15.67680457,1,0.255446374416,-0.462050706148,0.579270780087,1.21131455898
103,9,H,13.05862386,11.93865205,10.84418146,1,0.181205421686,-1.34383809566,0.0558175444603,1.11112320423
103,10,O,15.10520323,10.67849549,12.22438879,-2,-0.45953387022,0.899199187756,-0.333065003157,-0.0883769914508
103,11,H,12.4376847,8.625092,10.88332749,1,0.21847948432,-0.322486311197,1.78731715679,1.1518497467
103,12,H,11.21639857,14.08082511,13.90772908,1,0.206615507603,-0.492174297571,0.487552493811,3.6388130188
103,13,O,12.88106035,12.36019995,12.37199629,-2,-0.306012451649,-4.46123552322,-2.03056049347,0.390023738146
103,14,O,13.01083923,12.47023218,14.98006429,-2,-0.441903054714,-3.7436144352,0.120283335447,-3.43232083321
103,15,H,9.17885094,14.83889627,13.54773835,1,0.173849403858,-0.766141653061,1.52626776695,0.259680509567
103,16,H,10.00763705,12.79926571,13.60074057,1,0.16709625721,-0.08108279109,0.936884522438,0.341923475266
103,17,O,9.69659895,14.17401005,13.21358829,-2,-0.510359585285,1.07732450962,-3.11074495316,-2.90527558327
103,18,H,14.8586522,14.7897686,12.33149819,1,0.181451618671,0.0202495455742,1.45273780823,-1.90961921215
103,19,O,15.01890339,13.36166312,12.24589731,-2,-0.392038613558,-2.30872917175,1.29624843597,0.141945540905
103,20,H,9.97223535,10.78649821,15.42284273,1,0.23374260962,0.982219159603,1.64890646935,-0.870435476303
103,21,O,13.55051382,11.85229133,10.06779316,-2,-0.432758241892,0.7553358078,0.0231090523303,-4.82225894928
103,22,H,8.50323203,9.76375778,11.96611023,1,0.210692882538,-1.33892738819,-0.447849005461,-0.941745758057
103,23,O,10.3870818,9.95627961,15.30961886,-2,-0.432716757059,1.77873659134,-4.40512037277,-0.295887827873
103,24,H,8.23680047,15.40993762,14.36833503,1,0.264165282249,2.54089355469,1.50564813614,2.28956198692
103,25,H,9.38585731,11.47225021,13.66289688,1,0.188739180565,-2.37460923195,-1.1510682106,-0.777606725693
103,26,O,9.11752378,15.76851775,14.8550607,-2,-0.340057313442,-3.53579378128,-0.267942905426,-1.61481881142
103,27,H,8.47422202,11.71992583,14.80573512,1,0.210205748677,-2.60942101479,-0.26568710804,1.06428992748
103,28,O,14.92553895,15.62253377,11.66693425,-2,-0.462614178658,-1.29348099232,0.179258823395,1.21781742573
103,29,H,15.89971937,13.19816374,12.4580348,1,0.248122215271,1.76032269001,-1.16081619263,0.125547230244
103,30,H,10.6479409,8.88937852,12.84794844,1,0.227555736899,-1.61884355545,1.63703882694,-2.6650762558
103,31,H,8.70155739,10.36994264,15.16676536,1,0.17554667592,-3.27573251724,-0.357749611139,0.335936576128
103,32,H,13.57731478,9.40576062,11.35094405,1,0.217468932271,0.479669213295,0.64176094532,0.364332526922
103,33,H,13.02672674,15.39790676,11.30129964,1,0.199770346284,-3.51787757874,-3.83770442009,-2.48159313202
103,34,O,7.97768629,10.22366917,12.63435278,-2,-0.465017288923,0.71460288763,0.289100646973,0.156023710966
103,35,O,12.61522211,9.46799933,11.42147338,-2,-0.371871709824,1.22760510445,-3.08844351768,-1.31950080395
103,36,H,11.31522288,10.84209879,9.87381727,1,0.241267889738,-0.497001677752,-0.21943590045,0.427194416523
103,37,O,12.20176265,14.68126087,10.89195633,-2,-0.399512290955,4.07207107544,2.00497627258,-1.55468058586
103,38,H,12.70316633,11.89608198,13.2251388,1,0.217625617981,1.39152646065,0.541327655315,0.265614271164
103,39,H,14.17331612,16.22020617,11.85017184,1,0.228706076741,1.23087596893,0.175038307905,0.377372473478
103,40,H,12,12,12,1,0.235546737909,1.06627559662,1.12177944183,0.219863831997
103,41,O,7.86591561,10.97497653,15.13776076,-2,-0.421250253916,4.17569446564,0.714524269104,-0.391233831644
103,42,O,10.22120563,11.82905722,13.72175981,-2,-0.372052073479,3.31455683708,1.41312611103,0.271291613579
103,43,H,9.14947058,12.93870168,12.1951532,1,0.227994918823,0.808050990105,0.233838647604,-3.21030545235
103,44,H,10.6242664,14.98156814,14.93675867,1,0.193687394261,1.76091337204,-2.41069245338,0.731166243553
103,45,O,9.41073755,12.71481354,11.18911653,-2,-0.451043188572,-5.6279964447,-2.68630003929,2.06590414047
103,46,H,10.70472174,9.5796045,14.41270613,1,0.246957048774,-1.23128437996,2.49109077454,2.35445141792
103,47,H,10.69669785,9.87099639,11.60506623,1,0.156359225512,5.05409002304,2.08974123001,-3.52866983414
103,48,O,10.72153777,10.61913337,10.61487677,-2,-0.400412261486,-1.72864210606,5.37623643875,-6.26612186432
103,49,H,12.55155634,14.40624104,9.92115157,1,0.221262305975,-0.782292604446,1.35038816929,3.528028965
103,50,H,12.59405719,13.22834531,14.37188765,1,0.207173869014,2.32631635666,-0.789246320724,2.71122789383
103,51,H,12.99976388,12.04212112,9.24963489,1,0.231346398592,1.05985891819,-0.259092181921,1.77629029751
103,52,H,10.18101261,13.1396899,11.08459775,1,0.24009552598,4.30607652664,2.94098901749,-0.388752311468
104,0,O,11.23294027,13.75153933,14.76409199,-2,-0.445199042559,0.244849592447,-1.67100811005,-2.92975330353
104,1,H,8.90764167,9.90303768,12.84236326,1,0.196184247732,-2.25724744797,-0.912312209606,-0.722602128983
104,2,H,12.13263041,11.64171154,14.33840168,1,0.197102755308,0.789594590664,-1.62722921371,2.83741354942
104,3,O,10.1200838,9.05831391,11.91864431,-2,-0.479962766171,0.944586634636,-3.61540031433,3.68446731567
104,4,H,14.22015771,12.51856062,11.94095429,1,0.211809277534,-5.03199005127,-4.30501031876,-0.386919379234
104,5,H,15.50511901,11.10757253,11.78215512,1,0.219475775957,0.84581887722,0.931608021259,-0.64538949728
104,6,H,14.10979382,10.59128136,12.17206415,1,0.215377822518,4.67768096924,-1.90888512135,-1.10916209221
104,7,H,9.67400655,10.77883943,10.33521612,1,0.274328678846,4.3066444397,-1.93719983101,0.410958200693
104,8,H,13.12586523,11.60184545,10.65774464,1,0.193998858333,-1.12577867508,0.547696888447,0.802593290806
104,9,O,15.13144103,10.27394593,11.94863523,-2,-0.527669489384,-4.77883863449,-0.943228304386,1.57028520107
104,10,H,11.24026145,13.42376425,13.78953339,1,0.24346986413,0.104575999081,0.978034675121,2.46972680092
104,11,O,12.84411862,11.91717883,12.19022676,-2,-0.336286455393,3.23096990585,-2.82396745682,4.49039316177
104,12,O,12.95621607,12.03577484,14.77945709,-2,-0.481660336256,-2.64721488953,-0.479408830404,-2.80430984497
104,13,H,10.01113658,12.30898679,13.32663317,1,0.224769636989,-0.0420344956219,1.80012798309,0.212855368853
104,14,H,14.73869093,14.51211678,11.95661139,1,0.204372823238,1.43836975098,-4.28110027313,1.94599056244
104,15,O,14.95731349,12.95472676,12.0013776,-2,-0.45740544796,6.70763015747,4.95933485031,1.04132604599
104,16,O,13.53823339,11.37400409,9.85753531,-2,-0.494347125292,-0.195038795471,-0.107148170471,-5.54843139648
104,17,H,8.52164318,9.33293689,11.61381676,1,0.222972422838,-2.81467437744,1.55421185493,2.76859021187
104,18,H,9.39211595,11.04875648,13.47994967,1,0.200111091137,0.325273364782,-0.662611603737,-0.464861959219
104,19,H,8.40988855,11.16644042,14.47989159,1,0.242059022188,-0.391529679298,2.42235016823,-0.273030817509
104,20,O,14.92955065,15.19317926,11.38695573,-2,-0.495745837688,-2.06830573082,4.65185165405,-1.33664548397
104,21,H,15.83271557,12.60516872,12.0632486,1,0.251391172409,0.072865486145,-0.352212369442,0.122070938349
104,22,H,10.61034104,8.51904824,12.54171085,1,0.246237650514,-0.294038981199,-0.619442462921,0.421887010336
104,23,H,8.56220381,9.97439564,15.03309077,1,0.251390397549,1.81194853783,-3.16867399216,1.36365640163
104,24,H,12.84654928,14.94947646,11.041526,1,0.23111063242,-1.95018768311,-2.10512375832,-1.21604812145
104,25,O,7.98790694,9.8349791,12.44004235,-2,-0.527269601822,2.82277297974,-1.08492279053,-2.70221042633
104,26,H,11.23980662,10.59090785,9.65858072,1,0.255089491606,-0.619984090328,-0.469482719898,0.713946580887
104,27,O,12.19760171,14.24493054,10.66556389,-2,-0.445690572262,-0.27478992939,2.31994986534,4.49905729294
104,28,H,12.71293105,11.2911019,13.00797413,1,0.243352711201,1.34183883667,1.34327089787,-1.88611888885
104,29,H,14.052775,15.5311918,11.69866432,1,0.22991938889,1.20241236687,1.95204699039,-0.771470725536
104,30,H,12,12,12,1,0.241949364543,-6.85752153397,0.912391781807,-2.32863950729
104,31,O,7.86029995,10.53806867,14.88745478,-2,-0.506243467331,-2.19549775124,1.03076648712,0.643320918083
104,32,O,10.2741291,11.43001513,13.49076409,-2,-0.369449913502,0.624477624893,-0.833390653133,0.512244999409
104,33,H,9.18214578,12.65512534,11.96012375,1,0.233540654182,-0.239298194647,-1.54239702225,-3.5088288784
104,34,H,10.67821768,14.47376676,14.61249272,1,0.245114266872,-1.54052114487,2.4721570015,0.32265996933
104,35,O,9.41428267,12.26351792,11.01004729,-2,-0.39340993762,1.56263649464,4.55818367004,2.9239180088
104,36,H,10.78663562,9.47994607,11.34601726,1,0.182099878788,0.314187884331,-0.434231191874,0.248443499207
104,37,O,10.6602352,10.22179503,10.36985712,-2,-0.424060106277,-1.84803080559,5.4180727005,-6.10333633423
104,38,H,12.53942635,14.12863604,9.83885659,1,0.254591345787,1.53092861176,-0.639996111393,-3.69061803818
104,39,H,12.58538618,12.74937314,14.19125118,1,0.208990991116,3.01209163666,1.02189695835,1.78934454918
104,40,H,13.02087828,11.66001909,9.00080841,1,0.236573293805,1.52233910561,-0.674693703651,2.97736120224
104,41,H,10.2685065,12.85969708,10.88657926,1,0.227016493678,-2.26197123528,-1.67487454414,-0.344134181738
105,0,O,11.51091462,13.34054041,14.63683296,-2,-0.461697191,1.71733534336,1.3910895586,3.51549053192
105,1,H,9.16496865,9.45540844,12.70447789,1,0.194256484509,0.924790740013,-0.325945943594,0.939248740673
105,2,H,12.48420696,11.18404872,14.16405627,1,0.195398300886,-0.644557952881,-1.33517813683,1.57624697685
105,3,O,10.38597585,8.60411775,11.80027909,-2,-0.468819320202,2.45984554291,1.14207291603,-2.2327067852
105,4,H,14.37268228,11.98263976,12.06008716,1,0.169720262289,2.04235720634,0.975782692432,-0.0872735977173
105,5,H,15.88093066,10.71147367,11.54272966,1,0.207005113363,-0.995215713978,-1.93511855602,-0.16022489965
105,6,H,14.46361196,10.11775952,11.9630117,1,0.214671850204,3.13590478897,-0.876651823521,-0.851496994495
105,7,H,10.05263402,10.26778946,10.28903106,1,0.244225293398,-1.39423131943,1.01096606255,0.89257979393
105,8,H,9.01727224,15.39124181,15.37101517,1,0.252321898937,1.36753439903,-2.45625019073,-3.67864727974
105,9,H,13.41172648,11.28760644,10.62873745,1,0.172956511378,1.01324665546,-1.02640223503,-2.80257844925
105,10,O,15.43740155,9.86816962,11.78527007,-2,-0.466810286045,-1.67210865021,0.499313443899,0.601122200489
105,11,H,11.51527853,12.82578177,13.888881,1,0.218456834555,-0.669261097908,-1.28908920288,-2.24559807777
105,12,O,13.10951372,11.46664203,12.13454805,-2,-0.284882098436,-6.84825849533,1.88306117058,-0.335059255362
105,13,O,13.18820402,11.59889868,14.68161649,-2,-0.451346576214,0.388842284679,-3.63383197784,0.766743719578
105,14,H,9.39464874,13.89405178,13.20362676,1,0.179032996297,0.345502406359,-0.307194083929,-0.598713696003
105,15,H,10.28661262,11.97675292,13.15265554,1,0.138235628605,0.00839116424322,0.113297350705,0.461102426052
105,16,O,10.00069411,13.29909739,12.80164347,-2,-0.47901070118,0.166822195053,-0.874470055103,-1.92384707928
105,17,H,14.98568376,14.03726066,11.78752608,1,0.160809099674,2.83015561104,-2.5196056366,0.107756510377
105,18,O,15.20587717,12.56068709,11.87085424,-2,-0.398884832859,2.95980787277,-3.37408852577,0.365734755993
105,19,O,13.82266349,10.89541399,9.74210833,-2,-0.474714964628,-0.445682108402,-0.0126236379147,2.76795339584
105,20,H,8.70299181,8.9861626,11.52552267,1,0.220857024193,-1.86263394356,0.802740633488,1.44403648376
105,21,O,7.21816999,12.42763469,15.15030379,-2,-0.497400283813,1.33694899082,-1.25873816013,0.881426513195
105,22,H,8.62100501,14.58038305,14.0534685,1,0.249160185456,-4.3172750473,-0.651094198227,-1.15211009979
105,23,H,9.72883616,10.60605148,13.38318247,1,0.187206625938,2.1678853035,0.250191509724,-0.437354385853
105,24,O,9.36424647,14.81963071,14.49739336,-2,-0.357689082623,1.54587650299,4.85184955597,6.60039806366
105,25,H,8.62929003,10.70175713,14.23906806,1,0.226957842708,1.04378461838,0.661655783653,-0.865721642971
105,26,O,15.22154607,14.77326985,11.2177355,-2,-0.455169469118,-3.71879649162,2.36599183083,0.960952103138
105,27,H,16.10981596,12.0061877,11.79749138,1,0.224140033126,-3.54753518105,3.23531699181,0.781142234802
105,28,H,10.85467133,8.08949894,12.36412466,1,0.236983865499,1.59755825996,-2.93517279625,3.04583382607
105,29,H,8.76442691,9.44054032,15.0853147,1,0.245040774345,-0.1009073928,0.321144253016,-0.133845180273
105,30,H,12.89355634,14.459715,10.86678364,1,0.240206494927,5.09049034119,9.21014213562,4.96752119064
105,31,O,8.30034649,9.44053335,12.34457443,-2,-0.448194533587,-1.12349462509,-0.666083455086,-2.70967531204
105,32,H,11.40420887,10.3581098,9.61647011,1,0.262557148933,0.91483682394,0.472674101591,-0.719814956188
105,33,O,12.48626862,13.80887041,10.56365169,-2,-0.403529852629,-5.34558296204,-8.91627216339,-4.76029205322
105,34,H,13.05480968,10.76245813,12.80787283,1,0.234162658453,-0.396269440651,0.484133124352,-0.525027394295
105,35,H,14.2949824,14.96713935,11.60972168,1,0.219688296318,1.52490031719,2.33279561996,-1.44226670265
105,36,H,12,12,12,1,0.327950119972,5.07552909851,-2.87402200699,0.827616989613
105,37,O,8.14400484,10.10191062,14.7471178,-2,-0.414331287146,-0.920324206352,-1.79753625393,1.8437898159
105,38,H,7.95019114,11.96098273,14.60391601,1,0.257645338774,-3.03613567352,2.70859932899,0.929205536842
105,39,O,10.62748621,11.02581867,13.37171147,-2,-0.381820708513,-1.11306762695,-0.342493534088,0.204632744193
105,40,H,9.55062375,12.38262818,11.71149774,1,0.160134762526,-1.53221666813,0.719072282314,1.52376890182
105,41,H,10.95311088,14.05902959,14.39909195,1,0.211107969284,-0.715714097023,0.828632175922,-0.173968881369
105,42,O,9.71665326,11.81959294,10.94395981,-2,-0.399780988693,3.32022237778,2.76373362541,-2.07728290558
105,43,H,11.20863023,9.12969575,11.16722168,1,0.191883951426,-3.42165470123,-1.37176442146,1.65150535107
105,44,O,10.88849852,9.84330599,10.21645583,-2,-0.335842728615,2.34655094147,0.0693659409881,-3.37043404579
105,45,H,12.88181201,13.827456,9.68635896,1,0.243367224932,-0.170121878386,-0.618277907372,-0.431042730808
105,46,H,13.02262371,12.35591939,14.21268094,1,0.210931971669,0.879081487656,4.24720716476,-0.633701145649
105,47,H,13.41613935,11.27210011,8.99235834,1,0.237071722746,-0.623360991478,0.85979694128,-1.26515173912
105,48,H,6.54874588,13.12386111,15.12868857,1,0.245488017797,0.929610133171,-0.274002820253,-1.43963348866
105,49,H,10.52982887,12.50787961,10.80174294,1,0.200292572379,-2.51940798759,-2.52871751785,-0.602340817451
106,0,O,11.65620765,13.0257578,14.50545472,-2,-0.42191144824,-0.971418917179,2.87148213387,-0.318629622459
106,1,H,12.66189994,10.73917963,14.05713314,1,0.200185194612,-0.776435017586,0.314732283354,-0.0537745207548
106,2,H,14.42786314,11.59362631,12.1519356,1,0.163838297129,0.594643056393,1.1321605444,-1.32407915592
106,3,H,16.09144739,10.3363038,11.28351731,1,0.218901827931,-1.08384299278,-1.73849034309,-0.173586949706
106,4,H,14.75781706,9.71389429,11.6980937,1,0.229304820299,-6.57600307465,1.6408110857,0.16383060813
106,5,H,11.39422934,14.37438721,12.94591963,1,0.208040997386,0.159904271364,0.445157378912,-1.03977227211
106,6,O,13.0548889,15.9676537,9.95552138,-2,-0.354955077171,0.407953262329,2.50896239281,0.902747035027
106,7,H,13.58583456,11.00600475,10.46307904,1,0.179648280144,0.958375036716,-1.55208599567,-2.23254919052
106,8,O,15.60084214,9.55567117,11.60475335,-2,-0.461392641068,8.06811618805,-1.81392502785,-0.364659875631
106,9,H,11.61324564,12.26913409,13.88089054,1,0.210334941745,-0.798667430878,0.988323867321,1.18523347378
106,10,O,13.22436934,11.11099066,12.06160804,-2,-0.303039312363,-3.05555200577,5.18737792969,-1.6594940424
106,11,O,13.28318226,11.24650763,14.56962809,-2,-0.431737065315,1.90981388092,2.40929985046,0.439762890339
106,12,H,9.52970905,13.47127759,13.0417898,1,0.225248888135,-1.98550748825,1.15213155746,1.18503320217
106,13,H,10.42699412,11.74835749,12.97590515,1,0.119792759418,0.115104027092,-1.40413630009,0.609855115414
106,14,O,10.16327667,12.95141909,12.62534117,-2,-0.375026643276,1.89001476765,-0.397672891617,-1.75892627239
106,15,H,15.22781222,13.49591842,11.63668616,1,0.0888205170631,2.10698056221,0.4134555161,-1.39754056931
106,16,O,15.32539912,12.25011687,11.72652649,-2,-0.362490057945,-0.416019111872,-2.7732861042,1.31138086319
106,17,O,13.96827655,10.50896543,9.61805081,-2,-0.460831105709,-0.84727203846,1.16921663284,2.12787723541
106,18,H,10.03603689,10.26486347,13.25559092,1,0.195344597101,-1.20183146,-1.89232861996,-0.336042582989
106,19,H,8.75142144,10.37120002,13.96390755,1,0.258586227894,-0.492761313915,-1.47902226448,1.96564292908
106,20,O,15.36276028,14.45062047,11.03712882,-2,-0.439463734627,-1.50448691845,-0.76826351881,1.25606834888
106,21,H,12.8808905,16.66790229,10.62821144,1,0.223186537623,0.927106261253,1.24684214592,-2.19208168983
106,22,H,16.11154044,11.67539144,11.54582864,1,0.227253288031,-1.06066334248,2.33447742462,0.689332962036
106,23,H,8.83045065,9.04423196,15.13453075,1,0.244130849838,-0.970244288445,2.80129766464,-2.28832387924
106,24,H,12.99573032,14.36948773,10.86294533,1,0.207544714212,-0.875992238522,-4.30656814575,-1.49614822865
106,25,O,12.62253783,13.44435595,10.43957389,-2,-0.340501219034,2.71574759483,3.42278242111,-2.20501685143
106,26,H,13.21661138,10.33703026,12.56200946,1,0.209921419621,-0.794095993042,-1.70346438885,1.13453984261
106,27,H,14.49295521,14.63734026,11.42588426,1,0.192576289177,0.533199369907,1.45186066628,-0.320528417826
106,28,H,12,12,12,1,0.399452596903,3.2761361599,-3.71314716339,-0.0441651232541
106,29,O,8.2840918,9.75257176,14.5931414,-2,-0.482707381248,0.866459727287,-1.16486942768,0.695188462734
106,30,O,10.83941349,10.71655519,13.23524486,-2,-0.37961012125,1.54888725281,2.7334022522,-0.229699775577
106,31,H,9.72584796,12.23705419,11.50460561,1,0.11917515099,-1.94235134125,-0.870408833027,1.00142431259
106,32,H,11.02982559,13.79286782,14.17256777,1,0.206637084484,1.8987609148,-3.50983214378,1.55158388615
106,33,O,9.88834006,11.4771622,10.85529554,-2,-0.443614751101,-0.819640159607,0.0100331231952,0.0216916650534
106,34,H,13.34156978,16.47996601,11.86112078,1,0.208370015025,2.31099414825,-0.119941748679,2.81736850739
106,35,O,14.12201923,16.49581245,12.51179586,-2,-0.421254217625,-1.8923791647,0.315497726202,-0.83453565836
106,36,H,12.40588377,15.4934473,10.41561776,1,0.211289867759,-2.80757379532,-2.06044864655,-0.404235213995
106,37,H,13.08363033,13.57173309,9.43860068,1,0.20118829608,-1.80949521065,-0.611019790173,4.28539896011
106,38,H,13.39092154,12.21969235,14.20765774,1,0.224389389157,-0.504176020622,-3.27341151237,1.08100092411
106,39,H,13.73414348,16.80983437,13.35017723,1,0.234460934997,0.199651539326,-0.240454569459,-0.591593027115
106,40,H,13.64819733,11.04207095,8.9004962,1,0.235452905297,-0.159715592861,0.209446683526,-0.698699891567
106,41,H,10.53178769,12.12239868,10.65865636,1,0.217788547277,2.82525014877,0.458695232868,-2.52300333977
106,42,O,11.45862155,15.35065303,12.89451652,-2,-0.413249135017,0.0986470207572,-1.48188388348,-3.94355583191
106,43,H,11.39568333,15.60669318,13.75178092,1,0.230918705463,-0.065619289875,1.65721273422,4.0056810379
107,0,O,11.68782653,12.81854604,14.38763269,-2,-0.428649485111,-0.107476741076,-0.625362157822,-1.18691599369
107,1,H,12.69063642,10.41591751,13.95429346,1,0.197405025363,0.113894544542,1.71213829517,-0.207444638014
107,2,H,14.38256353,11.39301017,12.17935952,1,0.176369532943,-1.15763890743,-0.262300521135,-2.01465749741
107,3,H,11.60024628,14.17943873,12.94925221,1,0.208996266127,0.288832783699,0.689862251282,-0.666079103947
107,4,O,13.06410757,15.78041139,9.83773542,-2,-0.347107052803,-0.115562751889,-0.805980682373,-0.675925910473
107,5,H,13.67878635,10.74287586,10.24339761,1,0.199556708336,-0.347523450851,0.0301340725273,1.36355912685
107,6,H,11.57311121,11.86845001,13.91630775,1,0.199659973383,-0.374927729368,2.64914917946,2.03892660141
107,7,O,13.22676293,10.86612761,11.99387744,-2,-0.320515215397,-0.569306671619,2.27580118179,0.650719642639
107,8,O,13.27442151,11.00103914,14.47335822,-2,-0.41682317853,2.60202121735,2.42655396461,1.59465801716
107,9,H,9.51794183,13.17824391,12.9364069,1,0.227043315768,0.403650522232,-0.400248259306,-0.231918290257
107,10,H,10.47132855,11.56047358,12.83312074,1,0.120285600424,0.230505973101,-2.17822217941,0.714224398136
107,11,O,10.21670055,12.6999361,12.4534235,-2,-0.321330070496,-0.464554339647,1.67938244343,-0.414856731892
107,12,H,15.46325339,13.07403016,11.41183778,1,0.0831036269665,0.00460240524262,0.749118745327,-0.23312485218
107,13,O,15.32834308,12.03008145,11.60114056,-2,-0.337121069431,-5.17296981812,1.40775167942,3.56398510933
107,14,O,13.99988274,10.22687904,9.51133972,-2,-0.467420965433,-0.524591207504,2.23100066185,-3.61083579063
107,15,H,10.18909717,9.96733984,13.1391518,1,0.208773940802,-1.18789315224,-1.02924513817,0.0606366433203
107,16,O,15.38680292,14.22280512,10.87696304,-2,-0.516621947289,2.55020833015,-0.398079842329,-1.54580235481
107,17,H,12.77093108,16.28899567,10.54826985,1,0.225896626711,-0.14442178607,4.64221954346,1.13979041576
107,18,H,15.99808461,11.55562188,11.309808,1,0.256049871445,4.73578882217,-3.62545776367,-2.07914233208
107,19,H,12.94703871,14.20463532,10.82194321,1,0.221594065428,-0.707944512367,-6.1184835434,-2.09711718559
107,20,O,12.65377172,13.18901597,10.32042133,-2,-0.329524189234,1.97592675686,4.96373319626,0.237105727196
107,21,H,13.21104736,9.93848023,12.37479598,1,0.196417853236,-0.281758874655,1.63247203827,-0.730443656445
107,22,H,14.59562315,14.49996478,11.23658804,1,0.2027541399,-2.21185326576,1.16528451443,1.40302038193
107,23,H,12,12,12,1,0.353965699673,1.79431307316,-2.77600455284,-0.361416488886
107,24,O,10.94129655,10.51870266,13.10866598,-2,-0.369435071945,0.820918858051,2.19173574448,0.15821993351
107,25,H,9.71780124,12.1730059,11.39832887,1,0.097597271204,-0.229768007994,-1.82406795025,0.0454953089356
107,26,H,11.04303482,13.48301154,14.04454017,1,0.200284838676,0.460218429565,-1.9239051342,0.926529526711
107,27,O,9.9406064,11.23697587,10.77677901,-2,-0.430393099785,-1.09837639332,1.28747999668,0.0360138863325
107,28,H,13.58453343,16.16901365,11.61481674,1,0.210741102695,-2.38996696472,-0.0253325980157,-2.57125210762
107,29,O,14.11120791,16.24974877,12.32489522,-2,-0.436758697033,3.31677794456,0.787541389465,4.98289728165
107,30,H,12.42186589,15.21987504,10.27142493,1,0.206523358822,-1.5925604105,-2.0773897171,-2.06041145325
107,31,H,13.07957803,13.36441324,9.38278144,1,0.198856294155,-1.04570913315,-0.52491992712,2.86343288422
107,32,H,13.61760262,12.0174633,14.25608373,1,0.226502239704,-2.25363183022,-4.57170343399,0.0274321418256
107,33,H,13.71319757,16.71160088,13.09335761,1,0.243180498481,0.0743888020515,-0.504328727722,-1.27611649036
107,34,H,13.75693969,10.92313164,8.76579506,1,0.228368103504,0.980988144875,-2.51839971542,1.89555609226
107,35,H,10.55120493,11.85544208,10.40589584,1,0.211693927646,1.57358908653,-0.028977483511,-1.64318931103
107,36,O,11.48940114,15.14180892,12.78125647,-2,-0.408369481564,-0.34442076087,-1.0273630619,-1.37706744671
107,37,H,11.63610258,15.5376794,13.61688651,1,0.228449761868,0.396231919527,0.724412858486,1.28151321411
108,0,O,11.61814699,12.7106486,14.27687789,-2,-0.432060062885,3.15195846558,-1.98336422443,1.23788702488
108,1,H,12.6313698,10.29609469,13.8276201,1,0.214514806867,0.31199708581,1.67616724968,-0.457330584526
108,2,H,14.12397616,11.2835194,12.12334398,1,0.179752677679,-1.69501590729,-2.00293421745,-1.4491584301
108,3,H,11.69596848,14.15256951,12.91143759,1,0.198739886284,0.358012914658,-0.610146462917,-0.0490983650088
108,4,O,12.96978486,15.69386969,9.7288834,-2,-0.327303528786,-3.92467093468,-2.21390271187,3.05063557625
108,5,H,13.63611229,10.58997618,10.12766522,1,0.208198025823,-0.396656066179,0.10044632107,1.76793479919
108,6,H,11.43560457,11.75733938,14.05431193,1,0.194567784667,-0.00567068997771,0.888978004456,0.435870736837
108,7,O,11.68531187,15.82727193,14.97339997,-2,-0.272897899151,-0.580710411072,2.75680851936,3.68101835251
108,8,O,13.12997533,10.73122011,11.9340215,-2,-0.340669304132,-0.249109640718,1.90926456451,0.24676604569
108,9,O,13.17228635,10.86859075,14.39348458,-2,-0.47401291132,0.369967132807,-2.67359137535,3.34013581276
108,10,H,9.4678964,12.97023364,12.8396335,1,0.236908972263,0.530985355377,0.0234662666917,-0.383477151394
108,11,H,10.42968502,11.41238013,12.70896588,1,0.129017800093,0.604089081287,-2.06030845642,0.448782354593
108,12,O,10.16190092,12.5551596,12.28736987,-2,-0.322412908077,-0.576302468777,1.94539701939,0.685203433037
108,13,H,15.56110681,12.84854796,11.16025991,1,0.134698882699,-1.86361539364,1.6121019125,0.503986895084
108,14,O,15.21608331,11.91748341,11.494394,-2,-0.334744244814,3.46356582642,-1.9647963047,-1.07268214226
108,15,H,15.67155704,16.07981511,9.67127798,1,0.163293048739,0.650861024857,0.590434670448,2.7530632019
108,16,O,13.9267314,10.0594111,9.40059473,-2,-0.489697009325,0.0229979604483,1.30351495743,-2.36395788193
108,17,H,10.21198252,9.76167437,13.03231539,1,0.210630089045,1.07855963707,1.06758868694,-0.105882689357
108,18,H,12.54563143,17.3203154,11.31580139,1,0.220580205321,3.32256150246,-0.265544116497,1.38720560074
108,19,O,16.59078089,16.2657734,10.865888,-2,-0.39781075716,-3.39903831482,-0.424936503172,2.1780834198
108,20,O,15.3142279,14.09440277,10.72820294,-2,-0.487647861242,-0.347400337458,0.781494319439,0.293016672134
108,21,H,12.54483137,16.19307547,10.48245934,1,0.183223128319,-0.114565059543,0.473959833384,-1.91459262371
108,22,H,15.97673428,11.43298853,11.01120658,1,0.223110437393,-2.22860407829,0.0462220571935,1.47577118874
108,23,H,12.74615167,13.85798514,10.69262521,1,0.226268514991,0.55652731657,-0.312003850937,1.0489487648
108,24,H,14.85436335,15.05748023,8.73757471,1,0.24066567421,0.603748679161,0.584652662277,0.853245019913
108,25,O,12.58646626,13.05431934,10.21209595,-2,-0.384433925152,-3.05048537254,-1.73305761814,5.14731884003
108,26,H,13.06235453,9.73399149,12.17542094,1,0.205164000392,0.385534077883,2.73392987251,-0.551771104336
108,27,O,15.53151696,15.74160157,8.84085678,-2,-0.47000849247,-1.29962086678,-1.2892729044,-6.53515052795
108,28,H,14.51037611,14.51173126,11.11037249,1,0.201739266515,1.38286221027,-1.15790009499,-0.151563063264
108,29,H,12,12,12,1,0.333099991083,0.843047380447,-2.43547177315,-0.367325365543
108,30,O,10.93917507,10.43475484,12.98901442,-2,-0.393569052219,-2.00131344795,-0.698214948177,0.761319041252
108,31,H,9.6258728,12.11988695,11.34619071,1,0.115084201097,0.604297399521,-1.5388045311,-0.440036118031
108,32,H,10.92694525,13.21000125,13.98386098,1,0.214027330279,-2.95775318146,1.64460504055,-0.841889023781
108,33,H,11.17274396,16.41495554,15.6348377,1,0.245973199606,-0.602596342564,-1.84355306625,-1.68984210491
108,34,O,9.87945135,11.10888745,10.70568,-2,-0.457541882992,1.58569002151,2.56536340714,-3.43104863167
108,35,H,15.62283744,16.57436789,11.08466783,1,0.206483528018,2.96510004997,0.35237750411,0.425485253334
108,36,H,13.63511934,15.92872249,11.28489466,1,0.19072252512,-0.107531256974,0.191560268402,0.597232341766
108,37,H,12.43518187,16.39296649,15.17084653,1,0.257461965084,1.72772669792,-0.436482489109,-0.434961020947
108,38,O,14.0071316,16.10884681,12.15853141,-2,-0.379612237215,1.49116396904,0.116369135678,0.845618724823
108,39,H,12.24174573,14.96374557,10.04468559,1,0.204513147473,1.93153345585,1.99766767025,-2.58618474007
108,40,H,11.80069241,17.99162816,10.24184214,1,0.244530498981,-0.402893066406,-0.170897454023,1.26881444454
108,41,H,12.93526149,13.22761978,9.42515439,1,0.233766466379,2.576390028,0.770782291889,-5.32396364212
108,42,H,13.63216012,11.68123314,14.30830382,1,0.246848016977,-0.178498759866,0.639757335186,-1.3611946106
108,43,H,13.58537272,16.67015886,12.8140666,1,0.239617660642,-0.4675527215,-0.11571483314,-0.697812139988
108,44,H,13.80516718,10.77882536,8.72104535,1,0.238409176469,0.457541286945,-1.53177905083,0.371977806091
108,45,O,11.71514034,17.65122309,11.17336576,-2,-0.409530848265,-3.09845948219,1.85330927372,-2.12875699997
108,46,H,16.21353212,15.25898832,10.96539179,1,0.150694400072,1.27243471146,0.712577581406,-0.363805174828
108,47,H,10.55015772,11.68730724,10.09821499,1,0.20040820539,-1.99576532841,-2.24004364014,1.77350723743
108,48,O,11.42029437,15.03184135,12.66420604,-2,-0.460073530674,1.23095071316,2.59753727913,2.04379582405
108,49,H,11.76335316,15.60968644,13.58744398,1,0.141312882304,-1.93627369404,-2.23361206055,-3.92113757133
109,0,O,11.4982909,12.67745588,14.17405709,-2,-0.410529583693,-2.19148993492,4.70135307312,-0.266853392124
109,1,H,12.54461871,10.35639742,13.65614007,1,0.215502768755,0.145415231586,0.375244498253,-1.31378412247
109,2,H,13.7030786,11.16704897,12.00542995,1,0.263917088509,5.12690353394,1.23581564426,1.00396633148
109,3,H,13.40065514,13.60183284,13.88443069,1,0.248728886247,0.289216041565,0.0227692108601,0.146319508553
109,4,H,11.72925463,14.19980392,12.86014918,1,0.226442232728,-0.443584740162,-0.34559905529,-0.407818168402
109,5,H,13.49428741,10.52968574,10.10987859,1,0.22570002079,0.584546625614,-1.87791228294,-2.11139416695
109,6,H,11.25352876,11.79199433,14.19551471,1,0.219283759594,-0.0738757178187,-2.91987776756,0.165835335851
109,7,O,12.97600766,10.6802506,11.87546865,-2,-0.344544798136,-5.35575294495,1.55276787281,-2.8357219696
109,8,O,13.01052646,10.80792868,14.32997609,-2,-0.484788119793,-1.21558070183,-2.53925704956,4.32629489899
109,9,H,9.42364286,12.84968002,12.74827923,1,0.249185711145,-0.945018172264,0.853564381599,0.217625826597
109,10,H,10.36325757,11.28183312,12.59061764,1,0.16090285778,0.273742347956,-0.582950413227,-0.386542111635
109,11,O,10.04146831,12.49614877,12.12494451,-2,-0.382797390223,1.79716730118,3.57142400742,3.28329372406
109,12,H,12.90821333,14.20118509,15.17833964,1,0.239830896258,2.78870749474,-0.314873933792,-1.415771842
109,13,H,10.76693877,9.37728428,14.22942478,1,0.25839355588,1.13451516628,-1.78315353394,0.116296485066
109,14,O,13.78186866,14.12321991,14.60445898,-2,-0.496046572924,-2.81763029099,0.311305642128,1.4145706892
109,15,O,13.79359152,9.97889189,9.28487894,-2,-0.536749482155,-0.835379004478,-0.387437880039,4.49398088455
109,16,O,10.93222945,8.37156414,14.12245589,-2,-0.338328182697,-4.46378087997,1.89566266537,0.0843111649156
109,17,H,10.24878602,9.72354853,12.90310629,1,0.228672504425,-0.816193044186,-0.392134994268,-1.29654419422
109,18,O,13.2249804,8.21600669,14.67704947,-2,-0.520102739334,-1.24033772945,-0.909866034985,-2.8811841011
109,19,H,12.23767067,8.39685782,14.53968769,1,0.150596484542,2.70943593979,-1.16711211205,0.36362656951
109,20,H,12.51353035,13.64767132,10.68395395,1,0.266978859901,0.465488553047,5.46462392807,3.73479270935
109,21,O,12.44997065,12.99178721,10.11587767,-2,-0.446351408958,-0.00486786663532,-5.54778194427,-4.88373661041
109,22,H,12.84796085,9.74770411,11.96030651,1,0.264111816883,0.688681006432,-1.00011229515,0.274116665125
109,23,H,12,12,12,1,0.180291116238,-0.423486918211,-1.65471434593,-0.305154323578
109,24,O,10.86914387,10.43189381,12.87164101,-2,-0.42991784215,-0.448343098164,0.131327271461,1.38690948486
109,25,H,13.33000145,8.47482408,15.54138688,1,0.243432059884,0.960751056671,1.01472187042,3.16630768776
109,26,H,9.55219776,12.0597628,11.3222652,1,0.122425436974,-0.331981062889,-2.32607412338,-2.67015337944
109,27,H,10.60428855,13.10226345,13.91283631,1,0.2259144485,2.5274951458,-0.685384273529,0.760025382042
109,28,O,9.757862,11.0731417,10.62474944,-2,-0.602930188179,0.339926719666,-0.160371139646,-3.95772409439
109,29,H,9.96955536,8.16294615,14.0339536,1,0.240139782429,1.04991161823,-0.919637858868,0.277138859034
109,30,H,12.8464856,13.19707223,9.23452191,1,0.251444637775,-0.52000784874,0.184275507927,1.47201132774
109,31,H,13.60628398,11.4844346,14.28184314,1,0.248893111944,1.95386958122,2.33894705772,-1.13907372952
109,32,H,13.8146068,10.6520548,8.67602203,1,0.261690914631,0.215017929673,2.18402004242,-2.7985470295
109,33,H,10.36439568,11.4794056,9.90737795,1,0.222864702344,-1.39514255524,-1.03764712811,1.66475653648
109,34,O,11.29865531,15.01103267,12.55607987,-2,-0.451110541821,2.21639752388,2.58533811569,3.5982978344
109,35,H,11.72737251,15.62831208,13.3532586,1,0.228853151202,-1.74473559856,-1.87126469612,-3.28047418594
110,0,O,13.09176223,9.13051814,12.09199503,-2,-0.544941544533,-1.16859173775,-1.100030303,-1.56450033188
110,1,H,12.35343892,12.69833785,9.30261388,1,0.23674069345,-1.79652929306,0.49956715107,-1.41332387924
110,2,H,8.64684465,13.05508309,13.57848681,1,0.258480519056,1.4511654377,-0.428583920002,-0.0670721679926
110,3,H,12.63658762,13.45927564,12.39986547,1,0.264104127884,-1.94723975658,-0.404488444328,-0.342237114906
110,4,H,12,12,12,1,0.243242383003,-0.573868691921,0.220104590058,-1.77724790573
110,5,H,13.5075125,14.5099078,11.71949964,1,0.226875722408,-0.0185854379088,1.03134000301,-1.08938980103
110,6,H,11.64119808,10.11444771,9.06757979,1,0.236751019955,-2.07935857773,-0.703275024891,-1.60177278519
110,7,O,12.67127551,13.55413244,9.64731591,-2,-0.533484697342,0.565036058426,-2.0345928669,-0.0600963160396
110,8,H,13.30698865,9.59135487,12.84938763,1,0.252567082644,2.27957320213,0.737361609936,3.38340139389
110,9,H,14.8057264,11.95754749,10.70460186,1,0.221346080303,-0.0638985037804,0.891918003559,0.0751523077488
110,10,H,13.29414566,12.91098387,10.03288383,1,0.241986110806,1.24075853825,1.38150286674,1.00977885723
110,11,H,10.92456348,13.22714846,11.25411004,1,0.24709418416,-0.308279693127,0.0743548870087,-2.36080574989
110,12,H,12.41009244,9.77831938,11.95137003,1,0.250074625015,-1.19763457775,-0.209589749575,-1.10571372509
110,13,O,12.43269217,10.37310015,9.4650751,-2,-0.515078604221,0.206546798348,0.440524756908,4.75366258621
110,14,O,14.50032031,11.15422311,11.12403398,-2,-0.456189662218,5.29284143448,-2.38623857498,-1.60792481899
110,15,H,10.12461916,12.08296334,13.30766853,1,0.269808232784,-4.25985527039,1.75386810303,0.232033535838
110,16,O,13.56461614,13.72285829,12.26369446,-2,-0.268253326416,2.02484226227,0.0355413332582,0.806682407856
110,17,O,9.05690066,12.1994388,13.3484325,-2,-0.619201958179,2.36340785027,-1.19282734394,-0.0935880690813
110,18,H,13.74405074,14.13493015,13.17958255,1,0.0269883275032,0.596684932709,0.12664912641,0.73664021492
110,19,H,15.51488899,10.58857176,10.79405595,1,0.212387114763,-4.85269355774,1.92175030708,1.70248711109
110,20,O,11.36834898,12.73496745,11.9020919,-2,-0.492264449596,0.61033642292,-1.1424151659,4.35461902618
110,21,H,12.12195746,10.23393124,10.4790504,1,0.240968376398,1.63534379005,0.48755890131,-3.97078490257
111,0,O,13.04428244,9.30983563,12.20430202,-2,-0.540117919445,-3.31149625778,1.32371497154,-1.06573998928
111,1,H,12.34921352,12.96223108,9.34910755,1,0.249130666256,-3.64280152321,-5.05165910721,-4.20181798935
111,2,H,8.51472629,13.14091589,13.71048042,1,0.282455295324,0.111935347319,2.58616757393,0.912744402885
111,3,H,12.5923906,13.39241406,12.31831613,1,0.229191884398,-0.483360290527,1.40577864647,-0.405537039042
111,4,H,12,12,12,1,0.252846002579,-2.34017658234,1.89848089218,-1.088124156
111,5,H,13.37890507,14.74840187,11.84826034,1,0.25154286623,-0.235814988613,0.245507702231,-0.543838322163
111,6,H,11.58968861,10.40518006,9.00534796,1,0.232775300741,0.504413485527,0.183622136712,-0.0470113307238
111,7,O,12.64705234,13.69484054,9.71765065,-2,-0.567078590393,2.05569124222,4.81720590591,2.1448867321
111,8,H,13.37253025,9.80040195,12.92112903,1,0.243542969227,2.00455522537,0.488596886396,1.95600152016
111,9,H,14.83128085,12.21822919,10.72172118,1,0.210085391998,-1.46407079697,-2.49474740028,2.02344465256
111,10,H,13.17688091,13.12111448,10.24386332,1,0.243883147836,1.62576830387,0.142754882574,1.74944067001
111,11,H,10.83702885,13.61748223,11.47726923,1,0.219085261226,-0.0461339429021,0.0608726330101,-1.45655870438
111,12,H,13.61387965,13.70612614,15.52442517,1,0.232447937131,-0.285312473774,0.946470856667,-0.971934735775
111,13,H,12.284049,9.99816472,12.12544876,1,0.236449927092,1.22720766068,-2.17445755005,-0.43870934844
111,14,H,14.69455476,14.70455747,15.05179985,1,0.208171755075,-1.56273818016,-0.418903201818,-0.984705328941
111,15,O,12.37243777,10.6153876,9.54879229,-2,-0.519794523716,-1.47587001324,-0.270602017641,0.423282593489
111,16,O,14.44603635,11.38255123,11.2706977,-2,-0.437168210745,6.17727470398,0.679730474949,-3.18222403526
111,17,H,9.86392407,12.17941763,13.41808433,1,0.28420573473,1.35634970665,1.30123257637,0.200410410762
111,18,O,13.52616126,13.94099039,12.34789274,-2,-0.404278218746,0.426849037409,0.443376630545,2.61612534523
111,19,O,8.95438191,12.37941143,13.46491278,-2,-0.654593229294,-1.79760360718,-3.79203248024,-1.0503333807
111,20,H,13.64858197,14.31027532,13.46655523,1,0.270092010498,-0.296665728092,-1.14146900177,-1.15802967548
111,21,O,14.39608209,14.80985226,17.41077332,-2,-0.568836212158,1.8729339838,-1.5621676445,-1.05139350891
111,22,H,15.51155333,10.73383002,10.98939363,1,0.224315822124,-4.52786159515,2.12709307671,1.31395435333
111,23,O,13.71355776,14.48142428,14.89054947,-2,-0.435943365097,1.61639153957,-0.724902749062,-0.122278004885
111,24,O,11.28807568,12.96532605,12.00767771,-2,-0.485842645168,3.14363193512,-3.09720134735,2.91410374641
111,25,H,14.71276676,15.13083446,16.47357268,1,0.251733541489,-0.469278275967,-0.932669043541,3.6057612896
111,26,H,14.86981291,13.91595572,17.66959489,1,0.24755294621,-1.06684136391,2.83671689034,-1.10268878937
111,27,H,12.02641677,10.33902226,10.42967318,1,0.244144335389,0.883024513721,0.173490330577,-0.989231824875
112,0,H,10.26680998,9.79075962,11.22843276,1,0.263182282448,-0.610010206699,-2.94883704185,-3.12571573257
112,1,O,13.1834758,9.30373406,12.38097334,-2,-0.5231128335,1.17499649525,2.95899271965,3.70543694496
112,2,H,12.35769943,12.80180245,9.27557489,1,0.230192229152,2.25886321068,3.19471240044,2.87575721741
112,3,H,11.46605963,15.67473516,11.51641225,1,0.260236620903,-3.63810682297,-1.97987782955,1.37452685833
112,4,H,8.60404746,13.16800742,13.96152845,1,0.276748299599,1.7269756794,-0.524196207523,-0.132540017366
112,5,H,12.72145717,13.21147823,12.2911067,1,0.235068947077,-0.879008829594,2.85278844833,0.658614218235
112,6,H,12,12,12,1,0.236395686865,-2.90594053268,2.85731673241,-0.552650868893
112,7,H,13.43951945,14.83445316,11.99037173,1,0.231891319156,0.530202329159,-2.12816572189,1.32426023483
112,8,H,11.71565928,10.51782995,8.97669813,1,0.188070490956,1.71721363068,0.354132503271,1.64638710022
112,9,O,12.82400936,13.6540184,9.86357352,-2,-0.542881667614,-0.68306440115,-3.91018986702,-0.97210085392
112,10,H,13.75040949,9.85562376,13.17666127,1,0.226121217012,-2.23267102242,-2.41780805588,-3.50122094154
112,11,H,14.96861223,12.17831155,10.93144313,1,0.23623046279,-0.786238729954,-0.599898457527,0.771937549114
112,12,H,13.34396185,13.16342638,10.59676835,1,0.226220190525,-1.39353728294,0.813729643822,-2.33507728577
112,13,H,10.93603878,13.82045272,11.68395226,1,0.219526484609,1.36904191971,-1.13153791428,0.881492495537
112,14,H,13.6826337,13.69870657,15.6497356,1,0.262116193771,0.209412992001,0.670271873474,-0.383963376284
112,15,H,12.39980326,9.90870884,12.35053793,1,0.241269573569,0.880528151989,-0.856788158417,0.108409285545
112,16,H,10.02960601,14.97771679,11.10056886,1,0.237603828311,0.170397996902,1.00562036037,0.635820865631
112,17,H,14.77745111,14.63508731,15.13635709,1,0.267780870199,3.96875786781,0.51047039032,0.370537549257
112,18,O,12.50810607,10.67233044,9.70253563,-2,-0.552708983421,-0.273173034191,2.34141349792,-6.27660083771
112,19,O,14.60959279,11.42250355,11.46829409,-2,-0.4705055058,4.0144701004,-0.399308621883,-1.21704864502
112,20,H,9.91264845,12.16937559,13.61381598,1,0.279439300299,4.31711483002,0.675441265106,0.254091709852
112,21,H,11.12541138,8.76894247,10.32796876,1,0.268860399723,0.113031581044,-0.419288218021,-0.0851810649037
112,22,H,9.74857781,10.94830489,8.15675862,1,0.248218327761,1.13425838947,-1.67783105373,0.129653215408
112,23,O,13.68276514,13.97146022,12.50965029,-2,-0.472923129797,-0.740400195122,1.51222634315,1.38192129135
112,24,O,9.04049057,12.35736475,13.64313206,-2,-0.637853562832,-6.200340271,-0.0484686940908,-0.135569900274
112,25,O,10.56695277,15.13788197,11.92164084,-2,-0.42923361063,2.58573698997,1.89344727993,-3.04638576508
112,26,H,13.71005045,14.22541287,13.74852731,1,0.275443017483,-0.256912022829,-0.440523505211,-2.19926953316
112,27,H,9.93034201,9.58702554,9.11084757,1,0.218423500657,1.0667668581,1.58319962025,-2.03609442711
112,28,H,15.45804913,10.81676385,11.32947004,1,0.211855709553,-2.95653700829,1.24926006794,0.630620479584
112,29,O,13.88138586,14.51055169,15.12495967,-2,-0.442722529173,-4.0810675621,-1.32462477684,-0.684833884239
112,30,O,11.42205095,12.98376053,12.19213469,-2,-0.479767918587,3.79731297493,-4.48821783066,0.623256087303
112,31,O,10.20068553,9.02978348,10.4165479,-2,-0.475633502007,0.0647745132446,2.27296209335,4.4537320137
112,32,O,10.32753003,10.12776684,8.26090338,-2,-0.547553360462,-2.08058285713,0.896818578243,0.676312327385
112,33,H,12.17553708,10.25157953,10.40480397,1,0.234001845121,-1.38226568699,-2.34724092484,4.18148469925
113,0,O,11.18815099,9.93935227,15.43827675,-2,-0.432633072138,-2.67848181725,-2.63568234444,1.39566910267
113,1,H,10.51933501,9.600556,11.26685934,1,0.22948628664,0.906264126301,0.0252615660429,0.584826767445
113,2,O,13.50773669,9.13938706,12.59489514,-2,-0.56564116478,4.88097572327,0.260187089443,1.96168005466
113,3,H,12.62567539,12.62454256,9.35735534,1,0.247680142522,3.14714765549,3.18087053299,4.05435466766
113,4,H,11.60005033,15.68149509,11.81802471,1,0.231068074703,-2.18996739388,-1.99174928665,0.242084294558
113,5,H,8.95731665,13.03111417,14.23384557,1,0.231383368373,1.43071317673,-1.67582166195,-0.760770261288
113,6,H,12.98918929,13.01851427,12.33654986,1,0.270575553179,-1.20668053627,1.98912680149,1.81615817547
113,7,H,12,12,12,1,0.251723915339,-1.04178500175,-1.5534157753,-1.36207568645
113,8,H,9.44550807,10.13598596,12.97881429,1,0.248310744762,1.36294138432,-0.189848870039,1.30359721184
113,9,H,10.33678415,9.35198774,15.58603996,1,0.255535930395,2.25357675552,0.721310734749,-1.27720701694
113,10,H,13.704424,14.66312052,12.20911765,1,0.238501548767,0.482136249542,-0.816096127033,1.08770263195
113,11,O,9.37651563,11.23265151,9.80603282,-2,-0.547134280205,-0.102420568466,0.49823436141,4.12299776077
113,12,H,12.10463985,10.48546315,9.09231106,1,0.230123966932,1.30913329124,0.347829610109,3.1288163662
113,13,O,13.17617173,13.42816944,10.03340633,-2,-0.540241837502,-1.98083472252,-2.31984758377,-2.17158174515
113,14,H,14.19822611,9.62009349,13.26364942,1,0.243672728539,-2.91690158844,-1.62818980217,-2.54158329964
113,15,H,13.63128395,13.08864139,10.85691013,1,0.218947276473,-0.649707019329,-0.565110325813,-2.46166825294
113,16,H,11.30293952,13.75866279,11.95650522,1,0.237262994051,0.980730354786,-0.500634431839,0.915145993233
113,17,H,12.70912666,9.59634398,12.61394016,1,0.272078514099,-2.25506258011,1.31759381294,0.731590747833
113,18,H,10.19658337,14.66365978,11.26275606,1,0.239203959703,1.99075901508,1.95399308205,2.37517404556
113,19,O,12.81963519,10.56819536,9.86224598,-2,-0.470874845982,-2.84888982773,-1.33580076694,-0.237791031599
113,20,H,10.34850445,12.04114599,13.85635105,1,0.254216134548,-3.77159142494,1.19573163986,0.0969296842813
113,21,H,10.7232972,9.9171069,14.03995947,1,0.196715191007,-0.31945887208,0.832720816135,0.875004529953
113,22,O,10.36574675,9.82740921,13.17073792,-2,-0.532855808735,-1.19537174702,-0.366915911436,-3.63310003281
113,23,H,12.74714429,9.9854312,7.98497055,1,0.250693678856,1.37995445728,-1.6347142458,-1.88064575195
113,24,H,11.59250051,8.56277505,10.30473414,1,0.245063573122,-5.07199478149,1.39509284496,1.96921646595
113,25,H,11.01121501,10.30256363,16.28656511,1,0.247892424464,0.865834832191,1.71162259579,1.48432314396
113,26,O,14.01233598,13.83723426,12.70254916,-2,-0.418288350105,-0.92076253891,0.0911560207605,2.32246232033
113,27,O,9.28852578,12.16422115,13.84212559,-2,-0.549534022808,2.0033390522,0.808202326298,0.68077647686
113,28,O,10.88088279,14.96036459,12.11456734,-2,-0.414076715708,-0.793316364288,0.785141587257,-3.56182694435
113,29,H,13.92929605,13.9353475,13.90140959,1,0.211129888892,0.0535385906696,-0.0552801787853,-3.93044757843
113,30,O,11.75013037,12.81687073,12.40054031,-2,-0.447747528553,2.3853366375,-0.0460536293685,0.693549156189
113,31,H,8.89048944,10.79176377,10.63099392,1,0.244412228465,1.33907139301,1.24122095108,-2.92925143242
113,32,H,10.00820183,11.84434206,10.32625466,1,0.256821095943,-1.37713575363,-1.23641240597,-1.33068037033
113,33,O,10.51249618,8.88945949,10.6297188,-2,-0.540233910084,4.29528331757,-2.65943169594,-2.5715637207
113,34,H,12.74989222,8.50498383,8.10240513,1,0.262876570225,0.249167874455,-0.31717184186,-0.363034784794
113,35,H,12.46408236,9.89689694,10.56433496,1,0.233618065715,1.03828191757,1.86941301823,-1.88771021366
113,36,O,13.05547703,9.17615677,7.47691628,-2,-0.589732289314,-1.03382253647,1.30346536636,1.05887913704
114,0,O,11.61614521,9.8684431,15.69542869,-2,-0.430485367775,-3.11780619621,-0.836015760899,4.05152750015
114,1,H,10.87513262,9.49790381,11.45205652,1,0.242442175746,1.06808280945,3.67386317253,3.08809351921
114,2,O,13.92283081,9.03256197,12.88965347,-2,-0.613989114761,-7.41149950027,-3.59657263756,-4.45617818832
114,3,H,13.08909398,12.65407988,9.71047695,1,0.258425921202,0.727005302906,-0.564891755581,1.21776986122
114,4,H,11.71639403,15.64592146,12.21340805,1,0.236502945423,0.476087898016,1.63391494751,-1.05745685101
114,5,H,9.46851141,12.88861257,14.53324886,1,0.225132644176,-0.52170675993,-0.0495605096221,-0.129667237401
114,6,H,13.229739,12.97677716,12.5637379,1,0.243614584208,-1.28652429581,-0.828321516514,1.11272442341
114,7,H,12,12,12,1,0.267674565315,0.22665156424,0.584704399109,0.737009882927
114,8,H,9.77930573,10.0466589,13.27737041,1,0.23313947022,3.67213320732,-0.743323624134,1.41856133938
114,9,H,10.75094802,9.24722133,15.63295133,1,0.262611240149,2.64624714851,1.82305932045,0.724300026894
114,10,H,14.07807584,14.52544528,12.55211842,1,0.25562030077,-0.413064658642,1.92652094364,-0.13680203259
114,11,O,9.77809526,11.13997347,10.04399962,-2,-0.532998740673,0.0686777457595,0.748458862305,4.64380455017
114,12,H,12.60122517,10.51392683,9.41667964,1,0.240770608187,-2.93954968452,0.255673259497,-2.13060879707
114,13,O,13.5968283,13.24909084,10.27289451,-2,-0.582117319107,-1.41093444824,3.07513689995,-3.64571237564
114,14,H,14.5916698,9.38724284,13.29378659,1,0.267760902643,5.13973855972,3.79197525978,3.85777926445
114,15,H,13.9541626,13.05669802,11.08362182,1,0.249020397663,1.24623894691,-2.15985918045,1.87707555294
114,16,H,11.81775604,13.66696434,12.35474597,1,0.225841477513,-0.262209415436,-0.054753318429,0.540099263191
114,17,H,12.99979436,9.3985278,12.98438716,1,0.279868781567,1.8887604475,-0.200715869665,0.526669859886
114,18,H,10.57614929,14.50598239,11.64058208,1,0.242067500949,1.60784804821,1.90535902977,1.47878360748
114,19,O,13.20153262,10.51816417,10.09521076,-2,-0.490043282509,1.33323311806,-2.44499945641,4.95297718048
114,20,H,10.67303977,12.03162392,14.19053877,1,0.245485648513,-3.25935864449,-0.511859953403,-0.536801815033
114,21,H,11.32391535,9.77158816,14.3391482,1,0.181478351355,-2.06423544884,1.11261034012,-2.74041938782
114,22,O,10.8011331,9.77657978,13.39014726,-2,-0.546674191952,-1.3383398056,0.21363979578,-0.101628035307
114,23,H,13.109741,9.69962685,8.3219009,1,0.253815352917,-0.0211677420884,2.52459573746,-0.151342123747
114,24,H,11.9323436,8.46304463,10.44261603,1,0.251523733139,-4.66321992874,1.66568303108,2.60837340355
114,25,H,11.43716457,10.36187432,16.63008585,1,0.245244532824,0.627565383911,-1.48099124432,-3.19165682793
114,26,O,14.41286007,13.75947755,12.97428472,-2,-0.436380594969,0.569890379906,-2.11933279037,1.15778529644
114,27,O,9.621895,12.03041878,14.11446021,-2,-0.528533637524,3.40535402298,0.847433805466,0.746089398861
114,28,O,11.26814521,14.83972765,12.36440584,-2,-0.44873636961,-3.00574064255,-2.28851032257,-1.02965116501
114,29,H,14.23692353,13.72333616,13.94980341,1,0.240717232227,0.123372331262,0.5923396945,-1.11689448357
114,30,O,12.1674763,12.70673196,12.68216403,-2,-0.366274595261,1.8036993742,-1.47086167336,-1.03823816776
114,31,H,9.12101906,10.71588038,10.8389733,1,0.236757904291,3.01030516624,1.96866512299,-3.18692994118
114,32,H,10.54679385,11.71248715,10.55315457,1,0.248536363244,-3.26671266556,-2.27346897125,-1.6509346962
114,33,O,10.91318157,8.79348719,10.90800912,-2,-0.555021822453,3.61772894859,-6.59346532822,-5.81056022644
114,34,H,13.26144618,8.44424444,8.36177737,1,0.264238238335,0.16588640213,-3.36993980408,0.794096052647
114,35,H,12.89718267,9.69311272,10.70510753,1,0.23897588253,1.24145853519,3.04484772682,-1.86914038658
114,36,O,13.46424271,9.08092771,7.72301719,-2,-0.606011867523,0.316104471684,0.198960721493,-1.55289816856
115,0,O,12.00736263,9.79498111,15.93155606,-2,-0.466755092144,0.932802557945,0.714838087559,2.05519723892
115,1,H,10.65141424,14.13975111,10.29353895,1,0.215155899525,0.333637088537,-1.76793587208,-1.77995538712
115,2,H,11.2528508,9.5517302,11.77078447,1,0.23570728302,1.42306804657,-3.46706032753,-1.84623658657
115,3,H,13.44783064,12.57877391,10.05151353,1,0.243969157338,-4.73646974564,-5.3428850174,-2.50040054321
115,4,H,11.84129247,15.68090619,12.52311691,1,0.264056742191,-0.157145246863,-1.35000419617,-0.909603357315
115,5,H,11.72235088,13.67883684,9.25888755,1,0.238569915295,0.345686346292,0.105812162161,-0.260042876005
115,6,O,10.92478362,13.36787727,9.68496851,-2,-0.506197452545,-1.94806313515,3.05401420593,2.75017881393
115,7,H,9.9347037,12.767889,14.78722568,1,0.218072146177,-2.27834296227,0.782632470131,0.167831555009
115,8,H,13.40884589,12.89530969,12.83269946,1,0.199994206429,5.04332399368,-0.203767418861,-0.274066030979
115,9,H,12,12,12,1,0.23648673296,0.646417856216,0.158689394593,0.79258441925
115,10,H,10.29532859,9.93166904,13.62428226,1,0.246899098158,-1.1846987009,0.429814606905,0.757020115852
115,11,H,11.25628711,9.24713585,15.69660247,1,0.275706589222,-0.828460216522,-0.241469860077,1.32025682926
115,12,H,7.50689319,11.40588744,12.52117463,1,0.2435528934,4.69238710403,0.544288873672,-3.81673812866
115,13,O,10.15394158,11.05553096,10.27051172,-2,-0.45394796133,-3.73783946037,-0.574274420738,-0.374721884727
115,14,H,12.18932326,11.54343562,8.57106153,1,0.221746042371,-1.64395916462,0.0162114612758,0.0254187174141
115,15,H,12.92177517,10.5398046,9.61961949,1,0.211657270789,-0.941613793373,-0.910359442234,-0.56434649229
115,16,H,11.36222454,17.54002768,13.22363551,1,0.263281345367,-0.178208053112,-0.154467314482,-0.804113388062
115,17,H,8.3449731,11.4349533,10.85456136,1,0.248447850347,-1.58327996731,1.1119748354,2.27439808846
115,18,O,13.98931433,13.08589268,10.47905778,-2,-0.561735153198,5.85959482193,7.2185959816,3.31368565559
115,19,H,14.29019269,12.93628866,11.3764017,1,0.238116294146,-0.345899283886,-1.12149512768,-1.0273680687
115,20,H,13.23599984,12.16638273,8.24464194,1,0.240912348032,7.67093706131,-0.649405896664,-1.50525593758
115,21,H,12.29582096,13.5412864,12.76060265,1,0.214043870568,-1.40445375443,0.462849378586,0.24551448226
115,22,H,10.99874241,14.43536825,12.04763926,1,0.255597412586,-5.44604063034,-1.78566396236,-4.56860971451
115,23,O,8.49832242,11.55190667,11.85544403,-2,-0.44213360548,-5.23451948166,-0.62369954586,2.10250616074
115,24,O,13.56198112,10.46625392,10.3131907,-2,-0.518707513809,1.86574351788,1.92291593552,0.257518082857
115,25,H,10.82723986,11.99323114,14.47955814,1,0.238870188594,5.32218265533,-1.73623538017,-0.552572727203
115,26,H,11.78391055,9.71625515,14.49501536,1,0.197011262178,-1.89224612713,1.10089814663,-3.75848698616
115,27,O,11.20841718,9.72923453,13.57295169,-2,-0.52946549654,3.13701725006,-0.886916399002,1.29480290413
115,28,O,11.30968672,16.96161262,13.97401873,-2,-0.579449832439,0.0569659247994,-1.65741181374,1.38673639297
115,29,H,12.04693899,8.44077155,10.67892676,1,0.2435156703,2.3351020813,-0.0745508596301,-1.1388617754
115,30,H,11.85136871,10.33408917,16.75912316,1,0.272896438837,-0.183074727654,-1.10486006737,-1.5284627676
115,31,H,11.01538175,10.70414426,8.54664387,1,0.231708556414,-0.0849095657468,-0.961350500584,-1.45387840271
115,32,O,9.94107615,11.90527277,14.35590367,-2,-0.49236574769,-3.28644704819,1.32392942905,0.631998896599
115,33,O,12.41292422,12.44123225,8.28819867,-2,-0.483052611351,-4.11346387863,0.28145802021,-0.327648937702
115,34,O,11.62099604,14.71644633,12.57759525,-2,-0.431547224522,5.18349409103,4.10144138336,4.52019500732
115,35,H,10.78478209,10.09535049,9.69154951,1,0.180556118488,0.838968992233,-1.75827825069,-0.298444807529
115,36,O,12.56228283,12.59919455,12.92755735,-2,-0.309882104397,-3.55254721642,-1.99517548084,0.467439085245
115,37,H,9.46071957,10.75857497,10.88719199,1,0.251025736332,1.84433984756,-0.243535220623,0.731072127819
115,38,H,10.88253632,11.49131473,10.63695898,1,0.264607489109,1.33152234554,1.53668367863,1.32475697994
115,39,O,11.29687164,8.68105945,11.13895246,-2,-0.569480478764,-3.69065523148,2.14946293831,3.63358569145
115,40,O,11.40525408,9.8790057,8.89155089,-2,-0.55304390192,0.346807152033,0.764982700348,-1.96105325222
115,41,H,13.38387581,9.6467055,10.70694564,1,0.243860661983,-0.418367445469,-1.62068295479,0.871990561485
115,42,H,11.22371968,15.96945067,13.82510675,1,0.26173889637,-0.339296013117,2.44999265671,0.326178848743
116,0,O,12.30904964,9.65158387,16.05199145,-2,-0.514355003834,4.02705144882,-2.53115534782,-3.48638176918
116,1,H,10.97099425,13.97469013,10.35295829,1,0.205746948719,-1.51584172249,-1.22349333763,-0.461082339287
116,2,H,11.60390825,9.37914514,11.90447835,1,0.229608431458,0.878399193287,-3.55363488197,-2.193972826
116,3,H,6.1423625,10.93092702,10.51737974,1,0.255540549755,-0.476314276457,-1.033395648,0.507302582264
116,4,H,13.49679846,12.19418145,10.17180354,1,0.230176895857,3.60941767693,2.81267595291,2.71280932426
116,5,H,11.88900219,15.62007695,12.67327483,1,0.258036196232,0.280216991901,-3.69149827957,-0.501406311989
116,6,H,12.04958271,13.68837701,9.57148642,1,0.206922292709,-2.54361629486,-3.20296478271,-1.04802823067
116,7,O,11.15812042,13.20592803,9.7739721,-2,-0.543273091316,0.421460807323,0.970054030418,2.2837574482
116,8,H,10.19905872,12.63397994,14.93121751,1,0.220294192433,-2.02081346512,-1.34023249149,-0.875501990318
116,9,H,13.78109366,12.70342464,12.97004585,1,0.227608561516,0.204264581203,-1.27865254879,0.100523725152
116,10,H,12,12,12,1,0.00913673639297,0.370274335146,0.193814769387,0.0162602998316
116,11,H,10.66413615,9.78397304,13.91697598,1,0.243312552571,-1.78759598732,0.442085444927,0.127113133669
116,12,H,11.59624585,9.16285778,15.73873657,1,0.279658198357,-2.30258512497,-1.39135086536,0.336170077324
116,13,H,7.96932825,11.20552357,12.39126541,1,0.241674914956,-0.215044677258,0.347314208746,1.42117357254
116,14,O,10.4306666,10.90244919,10.37954892,-2,-0.389967501163,-0.00201316177845,0.0511629655957,-4.46054315567
116,15,H,12.50078616,11.40256809,8.77495145,1,0.197044551373,-2.04609727859,-0.140433400869,-0.321629703045
116,16,H,13.07661909,10.46347225,9.68088388,1,0.198639959097,1.81241238117,-2.11350440979,2.33329772949
116,17,H,11.55839202,17.61909587,13.5039257,1,0.270106196404,-0.287558287382,-3.28759074211,0.978121995926
116,18,H,8.57518109,11.0922663,10.94753002,1,0.26210847497,-0.537676155567,1.68727076054,3.14260053635
116,19,O,14.2984337,12.87543031,10.58298623,-2,-0.534328937531,-2.14677000046,-0.962811470032,0.690060794353
116,20,H,14.5183194,12.69253304,11.5652517,1,0.217950060964,-0.711353957653,-0.307529807091,-3.47279405594
116,21,H,13.69339467,11.85168229,8.45254242,1,0.213143900037,-1.962220788,2.56625127792,-1.34633851051
116,22,H,12.5758221,13.3860486,13.06448676,1,0.197293967009,-0.840020239353,-0.656202554703,0.086967818439
116,23,O,6.27356835,10.2087761,11.18267508,-2,-0.541629433632,0.965729534626,1.80722928047,-0.606052994728
116,24,H,11.10020233,14.24307278,12.15671641,1,0.26893928647,0.882152378559,0.209446281195,0.812298536301
116,25,O,8.79603587,11.35238731,11.95441689,-2,-0.434049218893,-1.14474737644,-0.38592851162,-2.95195817947
116,26,O,13.83330745,10.35562619,10.41880655,-2,-0.492566734552,-1.40739893913,1.32176160812,-1.97321069241
116,27,H,11.12084891,11.7863935,14.63752786,1,0.232349574566,0.573538124561,-1.78195095062,-1.01356065273
116,28,H,12.04432822,9.67291155,14.41203938,1,0.204988837242,1.78435385227,0.645724773407,0.785066008568
116,29,O,11.53496845,9.61166258,13.63728713,-2,-0.472039431334,0.0741005688906,-0.73273563385,-2.14090800285
116,30,O,11.52034348,16.7809611,14.10099445,-2,-0.534222483635,0.466346472502,4.32780361176,0.381161868572
116,31,H,12.26543423,8.3417934,10.71765385,1,0.245819449425,2.72598457336,-0.0388815812767,-2.01969099045
116,32,H,12.73047319,14.71969236,10.29797953,1,0.252874910831,0.659180641174,0.221188098192,-0.711146891117
116,33,H,12.12449372,10.19006703,16.71453285,1,0.286273092031,-1.74886345863,3.51501917839,4.62068939209
116,34,H,7.10776559,10.56532154,11.5644809,1,0.24639968574,-1.64429473877,-1.42788410187,-0.497966736555
116,35,H,11.29464155,10.58104316,8.47190571,1,0.23277387023,0.945958077908,-3.23317170143,0.313325405121
116,36,O,10.16148535,11.7199284,14.48121464,-2,-0.455839902163,1.27563297749,3.53685045242,2.06933546066
116,37,O,12.70738811,12.2701502,8.41328378,-2,-0.421977311373,5.54538059235,-2.44057774544,-0.312045842409
116,38,O,11.89281529,14.53524178,12.68481912,-2,-0.396681189537,-1.68792045116,4.62106370926,-1.14557254314
116,39,H,11.02910817,10.09401118,9.79732771,1,0.171663790941,0.899527311325,-2.50273823738,-1.59623456001
116,40,O,12.84719988,12.4140302,13.05354449,-2,-0.320747971535,0.8762575984,0.512273907661,1.02025842667
116,41,H,9.73535146,10.72190776,10.88573515,1,0.256226420403,-1.95215308666,-1.6118234396,4.00627803802
116,42,H,12.16717518,16.00449438,9.80442349,1,0.241369187832,0.225953504443,-2.02230978012,-1.47673332691
116,43,H,11.18860565,11.30586202,10.6648976,1,0.269701659679,2.2606139183,2.65415525436,1.99519717693
116,44,O,11.57035612,8.50832848,11.26757676,-2,-0.570131361485,-3.62038087845,2.52885150909,4.59943437576
116,45,O,11.6803793,9.74872596,8.97738047,-2,-0.547832071781,-0.748334884644,3.18064236641,-2.53568768501
116,46,H,13.77726088,9.44059332,10.64323287,1,0.237576782703,-0.137116074562,-0.863563239574,0.197081521153
116,47,H,11.46396027,15.85317662,13.97086482,1,0.264807552099,-0.504910290241,-0.691080093384,-0.511261761189
116,48,O,12.28826891,15.03621192,9.46998517,-2,-0.40612590313,2.22743558884,6.29445886612,2.12342429161
117,0,H,11.15292219,13.75693562,10.36394083,1,0.228938892484,-3.12196850777,1.87623798847,1.87790119648
117,1,H,11.9718024,9.03527654,11.93292647,1,0.27010434866,1.10458230972,2.68351626396,1.90656661987
117,2,H,6.27654508,10.66277279,10.61995396,1,0.268260896206,-1.07743227482,1.4173913002,-1.84385251999
117,3,H,13.68778019,11.93398985,10.40262919,1,0.234035685658,4.01662778854,3.07983922958,0.977847278118
117,4,H,11.93549221,15.37790427,12.77813863,1,0.235073432326,0.983257472515,-2.43216633797,-0.499629467726
117,5,H,12.20970258,13.53069913,9.81095618,1,0.191352546215,-0.172670558095,-2.76763772964,-1.90221953392
117,6,O,11.36854435,13.03365585,9.85111171,-2,-0.510987639427,0.817540228367,-3.03279876709,-0.370006024837
117,7,H,10.34077259,12.44868565,15.01521457,1,0.240418016911,-0.760854125023,-1.5297087431,-0.779686570168
117,8,H,14.21897148,12.44177198,13.06536213,1,0.196285218,-3.32964730263,-0.464574813843,0.016998399049
117,9,H,12,12,12,1,-0.202347517014,0.841402590275,-0.235589295626,0.142850086093
117,10,H,8.28126124,11.05043012,12.37307869,1,0.256757408381,-5.18632984161,0.0902751013637,5.28601741791
117,11,H,15.06283502,14.3605993,13.26122161,1,0.268509179354,0.390293926001,-2.0633225441,0.25195735693
117,12,O,10.67913365,10.73769892,10.45335207,-2,-0.442741334438,-0.0554342865944,2.26005673409,2.38285589218
117,13,H,11.74425627,17.53980039,13.79619583,1,0.280680775642,-0.208737507463,-3.74742412567,0.295899838209
117,14,H,8.74529627,10.80602765,11.18125039,1,0.255106121302,-0.318412989378,0.475098818541,-1.38336372375
117,15,O,14.56501932,12.64937108,10.67173448,-2,-0.483639448881,-4.07160234451,-2.89120030403,-1.59062516689
117,16,H,14.67405791,12.42418879,11.60050069,1,0.229883000255,0.212562039495,-0.0300254374743,-0.501331210136
117,17,H,12.76203637,13.18551116,13.35070411,1,0.198223829269,0.629841208458,-2.50807404518,-0.50024086237
117,18,O,6.52076666,10.03306965,11.25054239,-2,-0.533063411713,2.39063310623,-0.232438147068,2.24596810341
117,19,H,11.1788653,14.0438936,12.25287726,1,0.267156481743,3.71589660645,0.541710853577,2.17972111702
117,20,O,9.06799256,11.14139146,12.01913406,-2,-0.387645661831,2.9187681675,1.02149248123,-1.67226958275
117,21,H,11.44367628,11.47047632,14.74027374,1,0.237054690719,-4.01859045029,-0.476303040981,-1.08973884583
117,22,O,11.70013911,16.59852607,14.20251703,-2,-0.516293644905,0.296342521906,7.24122476578,1.46764886379
117,23,H,12.65912196,8.21708472,10.64278397,1,0.241670966148,-4.05599546432,1.03657114506,3.37205958366
117,24,H,13.01828306,14.53319771,10.29176065,1,0.270439118147,1.66012406349,-0.433486878872,0.690984070301
117,25,H,7.31532719,10.49804059,11.64987924,1,0.263881027699,-2.86991715431,-1.80075013638,-0.934356510639
117,26,H,11.58934727,10.28428176,8.40107698,1,0.238682419062,0.70159214735,-0.635416805744,-0.0798662826419
117,27,O,15.30387155,13.38007234,13.38844096,-2,-0.372892647982,-1.93943560123,0.677990555763,4.2328453064
117,28,O,10.35647524,11.53502547,14.58801699,-2,-0.481734484434,4.80205965042,2.05544519424,1.89440619946
117,29,O,12.1307472,14.35741756,12.76691924,-2,-0.362848639488,-5.24535083771,3.29183292389,-2.64602613449
117,30,H,14.80777209,13.11016589,14.37646772,1,0.276774942875,2.45931744576,1.55793535709,-3.66171097755
117,31,H,11.27490152,9.95159576,9.80815634,1,0.139898955822,1.13533127308,-2.03650999069,-1.58636939526
117,32,O,13.09748077,12.21560626,13.16001671,-2,-0.453069120646,1.61573946476,1.21705079079,0.640686511993
117,33,H,9.88998471,10.59251195,11.05925823,1,0.237270802259,4.54478979111,-0.25610819459,-0.812781214714
117,34,H,12.43445864,15.65776478,9.85174282,1,0.278693497181,-0.958930850029,11.5191116333,2.88330817223
117,35,H,11.56427951,11.24901212,10.78257427,1,0.260344624519,-3.45518136024,-0.849458158016,-0.161267563701
117,36,O,11.79739854,8.33165109,11.38860333,-2,-0.538301825523,2.93453168869,-4.03380298615,-4.83060789108
117,37,O,11.91985712,9.61719382,9.03575566,-2,-0.607475936413,0.470383912325,0.153529167175,-1.49151670933
117,38,H,11.67362892,15.70879976,14.0861378,1,0.272495806217,-0.294933825731,-3.23318600655,-0.842567265034
117,39,O,12.48432216,14.87713482,9.58574902,-2,-0.444951474667,2.49980998039,-6.50632810593,-3.56648802757
118,0,H,11.10462875,13.61315514,10.40949339,1,0.259248226881,-0.359813660383,-1.86770439148,-1.2177734375
118,1,O,9.25840175,14.58869553,7.83742633,-2,-0.500076711178,-2.0391626358,0.371515840292,-0.916437983513
118,2,H,6.2672373,10.46653757,10.60180473,1,0.247321695089,1.38890624046,-1.38611161709,1.86918854713
118,3,H,14.0509112,11.85116022,10.66648579,1,0.260201632977,-3.41243243217,-2.32154512405,-2.42891407013
118,4,H,2.05915454,14.33454389,11.7375306,1,0.268805980682,1.10578608513,1.94618916512,-0.584866225719
118,5,H,7.38476714,12.53320865,9.67029766,1,0.22162476182,0.0407959520817,-0.609177470207,0.338936805725
118,6,H,11.99108265,15.04290532,12.81643777,1,0.223375827074,0.220057085156,4.0720872879,-0.296084135771
118,7,H,12.3296779,13.24021608,9.90927579,1,0.253277957439,5.7827539444,1.70402872562,-0.805905342102
118,8,O,11.53163853,12.8496424,9.89100697,-2,-0.303906083107,-2.83980917931,1.98721373081,2.39733433723
118,9,H,10.40588994,12.21344931,15.02747574,1,0.259009718895,-0.0602135919034,0.911638140678,0.601976633072
118,10,H,14.41347221,12.12929839,13.12198697,1,0.232526242733,-5.08052444458,-0.16068379581,1.16417217255
118,11,H,12,12,12,1,-0.0724934339523,1.15202903748,-0.342027872801,0.350658982992
118,12,H,8.29039961,10.92338832,12.58223639,1,0.240591719747,5.46711063385,0.528973817825,-0.947344183922
118,13,O,10.88186761,10.57415818,10.48958818,-2,-0.420408159494,1.12566971779,2.48931050301,3.29265236855
118,14,H,11.91221765,17.31935526,14.03975217,1,0.274772703648,0.418716996908,1.0254752636,-1.40799176693
118,15,H,8.84987133,10.52424962,11.31045957,1,0.230595260859,-0.773928046227,-0.366640001535,-1.96220934391
118,16,H,8.31280115,14.49867289,7.45702103,1,0.235165968537,2.13612580299,0.334872961044,0.906490266323
118,17,O,14.761956,12.41303765,10.71938727,-2,-0.497610211372,1.64395570755,2.16469025612,-1.63560402393
118,18,H,14.79718088,12.13177176,11.58733118,1,0.235174059868,1.914249897,0.0819571986794,3.21103286743
118,19,H,8.80798534,11.83912742,9.09239602,1,0.189604222775,1.39758765697,0.468949943781,0.682745933533
118,20,O,5.84952527,13.48392748,8.02341739,-2,-0.463911950588,0.241628229618,-1.96916818619,2.35780978203
118,21,H,12.92989836,12.84951559,13.57134383,1,0.222369760275,0.888753056526,-0.0946537107229,-0.0798821672797
118,22,H,8.15685091,14.4512115,9.72362024,1,0.212393283844,-4.20029211044,0.248396828771,0.554530382156
118,23,O,6.72041912,9.85102196,11.28685431,-2,-0.497134655714,-4.35826158524,-1.68729543686,-3.06307506561
118,24,H,4.17466128,15.12297924,10.9870343,1,0.198723614216,2.87344551086,1.13271033764,0.267054915428
118,25,H,11.40819071,13.87608561,12.42508182,1,0.247393086553,1.58825170994,-0.704354166985,0.80364638567
118,26,H,10.57781651,12.82715329,8.89320229,1,0.20882846415,-2.6357395649,-2.37451720238,0.489600867033
118,27,O,9.29878749,10.9297196,12.03663305,-2,-0.292590677738,-7.4252448082,1.04164528847,4.96559143066
118,28,H,8.34008043,11.3024073,6.36618485,1,0.236301034689,-1.1184309721,-0.452034980059,0.977188885212
118,29,H,11.51916356,11.12841026,14.76568543,1,0.252560913563,-2.80467534065,0.621026813984,-0.278666079044
118,30,O,7.09938531,14.48497981,9.98547461,-2,-0.486066490412,4.84596204758,-0.808550715446,-1.75274837017
118,31,H,5.6343469,14.96717995,10.87918583,1,0.197859883308,1.57441985607,-0.0835966169834,-0.427073806524
118,32,H,8.59899997,11.53769049,7.77740438,1,0.221780627966,0.668867826462,0.459469616413,0.13420329988
118,33,O,2.56650452,15.17329412,11.94035754,-2,-0.477637320757,-1.09374785423,-1.25067174435,1.0785241127
118,34,O,11.82819634,16.42638873,14.26225859,-2,-0.478565871716,-0.82997149229,-3.53844475746,1.98986852169
118,35,H,7.34506224,10.36818477,11.66067967,1,0.231890961528,1.9314109087,2.43391394615,1.28932094574
118,36,H,11.83729619,9.9255465,8.27648696,1,0.262821555138,-0.556856751442,0.756648421288,-1.41687321663
118,37,O,10.51634665,11.35332738,14.65642816,-2,-0.47600954771,2.92951226234,-1.45949661732,-0.318084597588
118,38,H,2.94272636,15.71967318,11.23921345,1,0.25852060318,-1.25943815708,-0.323231190443,-0.24561484158
118,39,O,12.29876979,14.18284517,12.7971896,-2,-0.359616994858,-2.54185414314,-2.53292632103,-1.50191676617
118,40,O,7.90338799,11.17607086,7.25781522,-2,-0.44334512949,0.558064520359,-0.700708627701,-4.1955075264
118,41,H,9.38335557,13.70451329,8.32895668,1,0.123277425766,-1.00906002522,1.14686214924,-1.04123723507
118,42,H,11.46497738,9.72165175,9.74941332,1,0.131622642279,0.142937242985,-0.55582767725,-0.685356914997
118,43,H,5.98858157,13.6087477,10.43882395,1,0.182054966688,0.853965580463,-0.346590250731,2.21582555771
118,44,H,6.30512104,13.67159058,9.05415498,1,0.168742537498,-0.119649335742,1.23228108883,-3.08480000496
118,45,H,5.6671298,12.49973548,8.02599137,1,0.215209677815,-0.426327705383,2.28730249405,-0.931749522686
118,46,O,13.30155741,12.01570289,13.22439865,-2,-0.347474455833,3.78814148903,-0.623534917831,-0.557235002518
118,47,H,6.47149652,11.63468281,8.77505365,1,0.23031745851,4.81050300598,-0.944350004196,2.43124008179
118,48,H,10.16609588,10.43621271,11.19563597,1,0.164534956217,3.26055383682,-0.111170895398,-0.979052960873
118,49,O,5.67918068,13.1926894,11.31529512,-2,-0.455839693546,-1.82421946526,-3.05045700073,-1.07093131542
118,50,H,11.71329309,11.14551688,10.87667124,1,0.24629470706,-3.55628085136,-2.32426977158,-0.89154791832
118,51,O,12.10759341,9.48167931,9.04842296,-2,-0.547353088856,2.55028152466,-2.16892695427,-0.45978730917
118,52,O,7.41291665,11.57151231,9.37904299,-2,-0.3298214674,-4.96062707901,1.5916788578,-0.188333839178
118,53,O,5.03851422,15.67392597,10.99105277,-2,-0.470964252949,-4.01969671249,0.533407866955,0.099377155304
118,54,O,9.52699848,12.55197936,8.95684383,-2,-0.418389827013,1.05357253551,-0.173634469509,-0.207099735737
118,55,H,11.84090681,15.44114117,14.13786743,1,0.261159241199,0.326693594456,2.72701406479,0.406825214624
118,56,H,5.92513169,13.71604965,12.04815684,1,0.233262628317,0.625550508499,1.03304243088,0.703907847404
119,0,H,11.00623979,13.39955508,10.3683381,1,0.273106992245,2.89837265015,-2.03430557251,-0.786552846432
119,1,O,9.40083614,14.45044159,7.8385266,-2,-0.519089519978,-1.16539764404,-1.45361661911,0.577709853649
119,2,H,14.18344301,11.65984051,10.79627614,1,0.260296970606,-3.76129317284,-1.97966718674,-2.12083101273
119,3,H,12.03139125,14.89669875,12.78670375,1,0.238893955946,1.02750396729,0.934799492359,-0.56657230854
119,4,H,12.58133856,12.98541139,9.90424262,1,0.26910585165,-0.898237705231,0.207296714187,-0.0434881001711
119,5,O,11.63943442,12.66988269,9.90335402,-2,-0.313413769007,0.95262914896,4.52034759521,2.41980791092
119,6,H,9.85495301,14.26212576,4.63602843,1,0.262696862221,0.142719849944,0.472564131021,1.07735729218
119,7,H,14.35217511,11.81456993,13.16416299,1,0.264260113239,4.68331623077,0.539043545723,0.508100032806
119,8,H,12,12,12,1,-0.330330610275,0.302888035774,0.0780437961221,0.084985896945
119,9,H,8.46872866,10.86609126,12.76149116,1,0.264924347401,5.03244781494,-0.616243600845,-3.07884001732
119,10,O,11.04740923,10.42239777,10.49498324,-2,-0.420899271965,-1.49727249146,-0.965056538582,-1.34740161896
119,11,H,12.11640887,17.18220388,14.15786844,1,0.281845778227,0.725935876369,-1.42816281319,-0.545406758785
119,12,H,8.92677343,10.22915249,11.31037808,1,0.260838538408,1.27092766762,1.20366513729,1.57921361923
119,13,H,8.47715825,14.24058409,7.51898474,1,0.235003739595,0.960905134678,0.556448161602,1.14142143726
119,14,O,14.91964016,12.19530808,10.72900254,-2,-0.506223082542,2.10788750648,0.158371984959,3.05637073517
119,15,H,14.99396148,11.84000902,11.6845732,1,0.233491882682,1.83903980255,1.78208625317,-1.6947401762
119,16,H,9.03124907,11.69625771,9.24812672,1,0.268183141947,1.36392760277,0.731033623219,0.739386796951
119,17,H,13.09470672,12.49517261,13.75050876,1,0.266297608614,0.0166574437171,1.86005795002,1.27816104889
119,18,H,11.64456493,13.64411068,12.57400719,1,0.259127825499,-4.83869695663,-3.93273305893,-1.44126808643
119,19,H,10.62412571,12.77534288,9.15741255,1,0.199762105942,-0.250619977713,-2.8288025856,-0.273593217134
119,20,O,9.46563159,10.7277877,12.03108118,-2,-0.348975658417,-9.17735385895,-0.110089302063,3.33237504959
119,21,H,8.45760208,10.97888182,6.30390966,1,0.260079830885,-1.15719854832,0.35717767477,3.33653116226
119,22,H,8.6463135,11.49413916,7.81512473,1,0.237253814936,1.03469884396,0.72980171442,-0.587234675884
119,23,H,9.21104529,14.30667217,6.23770795,1,0.213854640722,1.91431617737,0.353458553553,-1.19122326374
119,24,O,11.91106206,16.24830621,14.28671472,-2,-0.511376976967,-1.85907459259,0.544986784458,1.06567955017
119,25,O,9.19340884,14.02630209,5.29351457,-2,-0.554487884045,-1.37374937534,-0.977183580399,-0.894760906696
119,26,H,12.01567967,9.59684917,8.06878711,1,0.25890365243,0.144866675138,-0.595827937126,2.55289435387
119,27,O,12.41775714,14.01078199,12.78610779,-2,-0.424264609814,3.37333464622,3.45945453644,1.17198228836
119,28,O,8.05251767,11.00741128,7.27255694,-2,-0.52969789505,-0.109987102449,-1.19797062874,-3.68330073357
119,29,H,9.59509196,13.48127692,8.38127484,1,0.163171708584,-1.9131757021,2.68454289436,-1.98210453987
119,30,H,11.55085025,9.49376943,9.68989715,1,0.178340941668,0.557942926884,-0.110355950892,-1.43901228905
119,31,O,13.47047741,11.81769818,13.24844784,-2,-0.454241096973,-4.54391479492,-3.00594496727,-0.903737723827
119,32,H,10.56034749,10.2696294,11.25549602,1,0.19389680028,-1.21552324295,-1.35683906078,1.95553326607
119,33,H,11.65377091,10.96971535,10.91460535,1,0.252119243145,2.61585259438,1.93596351147,0.685025036335
119,34,O,12.25931547,9.34466323,9.01999287,-2,-0.571308732033,1.5202280283,-1.07087147236,-3.79039287567
119,35,O,9.66285519,12.39839333,8.98947739,-2,-0.382325321436,-1.92786097527,-0.525561034679,-0.529189944267
119,36,H,12.00446805,15.29931611,14.16440047,1,0.27117818594,1.20295834541,1.08008861542,0.337117999792
120,0,H,14.06234227,12.98841558,9.82387302,1,0.238992139697,1.44692277908,1.12619769573,0.0705311670899
120,1,H,10.2999977,14.1648548,12.77566692,1,0.252577245235,-0.75551789999,2.51380157471,-1.47024023533
120,2,O,10.11455812,11.28146014,12.89848303,-2,-0.338639348745,-2.14048457146,0.754957616329,2.7190656662
120,3,H,12.82276709,13.17878755,9.54170127,1,0.21783965826,-1.89994883537,0.804918169975,-0.777373671532
120,4,O,13.54263175,13.79639742,9.62177083,-2,-0.504648804665,0.887248456478,-1.81199371815,0.442592233419
120,5,H,12.63564287,12.99370009,14.88497743,1,0.227879390121,-0.60014218092,-1.87071073055,-1.86422252655
120,6,H,12.00033869,12.38209287,11.16520304,1,-0.089144192636,-2.03757071495,-0.494806230068,0.746537923813
120,7,H,11.24671662,10.40627576,12.66643816,1,0.150516524911,0.986795961857,-2.20141863823,-0.257491618395
120,8,O,11.80377764,9.5661993,12.58213266,-2,-0.514298200607,0.987825632095,0.664649069309,-1.85730206966
120,9,H,10.26910432,12.49891657,10.6596205,1,0.234533399343,-3.92526364326,-1.05224263668,2.01997423172
120,10,O,13.06467095,10.59083201,9.61314961,-2,-0.486662060022,0.18626113236,0.209992736578,2.9976747036
120,11,H,12,12,12,1,0.0113583803177,0.86893683672,1.37346935272,-1.71527779102
120,12,O,11.03406596,12.67095885,10.21712504,-2,-0.27605175972,5.11635065079,0.280807137489,-0.46503046155
120,13,H,10.61481885,11.97834673,12.54973422,1,0.233841985464,1.09951269627,1.57325911522,-1.8898948431
120,14,H,13.09869957,12.57670677,13.51521616,1,0.229038491845,-0.333926707506,-0.456456691027,0.555283427238
120,15,H,10.2466999,11.61275858,13.82571397,1,0.243353784084,-0.530306577682,-1.53978514671,-0.28629437089
120,16,H,10.57619643,13.39480572,13.68312864,1,0.266203820705,-0.365991592407,3.83132719994,2.58348417282
120,17,O,12.48949941,15.11798218,14.29459219,-2,-0.51661837101,-0.440250337124,-0.285529226065,-2.35990643501
120,18,O,12.46778228,12.24099069,14.19158666,-2,-0.389148801565,0.717474460602,2.40166783333,0.783132791519
120,19,H,11.46396973,14.97598483,13.9042867,1,0.115663379431,2.82408571243,0.623056471348,1.99552309513
120,20,H,12.150487,10.72402821,9.99386075,1,0.257504314184,1.19405448437,-0.197266489267,-2.64761066437
120,21,H,13.43835214,10.48434952,8.74478658,1,0.257924318314,-1.45569765568,0.0380528345704,-0.629710376263
120,22,H,12.27463663,9.57461565,11.6918133,1,0.236332476139,-0.820563435555,-0.13971196115,1.84544026852
120,23,O,10.30019851,14.49404351,13.69796348,-2,-0.302885651588,-0.647080242634,-6.53253555298,-1.92327260971
120,24,H,12.60578432,15.15937971,15.22173469,1,0.244537860155,-0.362725704908,0.386300265789,1.38438773155
121,0,H,14.20797036,13.1175404,9.93744146,1,0.212136819959,-3.85175967216,2.4057404995,-1.38146305084
121,1,H,16.00955448,12.39383566,9.54135597,1,0.260364353657,-1.74440610409,-6.41719293594,-4.683177948
121,2,H,10.43535845,14.26101508,12.83898204,1,0.253755092621,-0.945522785187,2.00495171547,0.525915980339
121,3,O,10.05363174,11.34143378,13.05150568,-2,-0.354985296726,-0.972528636456,3.05096101761,0.595682919025
121,4,H,12.73761742,13.2199487,9.52149006,1,0.226677983999,-0.685561299324,-0.117946974933,-0.281933486462
121,5,O,13.43520118,13.83468176,9.7389077,-2,-0.451808035374,3.36727714539,-2.50524902344,0.979837417603
121,6,H,12.39364822,13.05851285,15.16666796,1,0.225497514009,1.00700581074,-2.27807211876,-4.37094688416
121,7,H,11.93132773,12.39287382,11.32814446,1,-0.126195922494,-0.712098002434,0.0170012097806,0.0687880069017
121,8,H,11.06379402,10.29878441,12.81734384,1,0.169686868787,0.0226495303214,0.193797707558,-0.493910223246
121,9,H,14.71470153,10.36465961,10.98448938,1,0.213607639074,0.165127158165,0.465111374855,2.52585744858
121,10,O,11.73617068,9.62315301,12.71037146,-2,-0.530284702778,1.32571196556,-1.42584490776,0.164410173893
121,11,H,10.01459586,12.51743772,10.80887945,1,0.214749917388,2.5098721981,0.280585318804,-1.1667548418
121,12,O,12.93573637,10.62801266,9.75404243,-2,-0.42867743969,0.336461782455,-0.0149340871722,1.09467124939
121,13,O,16.27139481,13.05985342,10.01228322,-2,-0.461589604616,-1.3770159483,7.23067188263,5.33602237701
121,14,H,15.31742915,13.43332577,10.31842149,1,0.218468353152,4.57642221451,-0.0500331744552,-0.460128158331
121,15,H,12,12,12,1,0.00585806369781,0.271614849567,0.126664310694,-0.108960948884
121,16,O,10.9277495,12.74793291,10.35920528,-2,-0.240932837129,-2.05428624153,-0.695713758469,1.61096870899
121,17,H,10.43484984,12.15970427,12.66777901,1,0.235015809536,-0.161529928446,-1.03358280659,-0.864530324936
121,18,H,13.00824845,12.47867258,13.45689786,1,0.22027592361,-1.84825730324,0.10097245872,4.57992124557
121,19,H,14.68086062,11.75574866,11.00205479,1,0.216343030334,0.53131377697,-1.485932827,3.24725151062
121,20,O,14.84680195,11.03563736,11.75423068,-2,-0.445159435272,-1.03027904034,0.726514339447,-5.08894491196
121,21,H,10.09219283,11.76403266,13.92950698,1,0.239544659853,-0.239462673664,-1.56580400467,0.6267786026
121,22,H,10.42118306,13.55529085,13.95664364,1,0.246014848351,-0.246363639832,1.49721896648,1.72769320011
121,23,O,12.38198019,15.19015117,14.47171412,-2,-0.501894116402,-0.00844079256058,-0.136644825339,-0.794653058052
121,24,O,12.38295642,12.315699,14.34766209,-2,-0.403446555138,0.930831670761,2.13163328171,-0.349085688591
121,25,H,11.44611249,15.04906228,13.9608521,1,0.136374935508,2.36251997948,0.939634025097,2.76256155968
121,26,H,12.06645939,10.85901201,10.30059558,1,0.237293154001,2.03440856934,-0.519872963428,-3.60768151283
121,27,H,13.22194218,10.52923682,8.79436584,1,0.245702162385,-2.43043732643,0.498149991035,1.85103011131
121,28,H,12.21458312,9.5973842,11.88111027,1,0.251201480627,-0.184353113174,0.238789588213,0.00764182955027
121,29,O,10.19840792,14.52495422,13.7932241,-2,-0.32550406456,-0.337616890669,-3.75895404816,-3.42252469063
121,30,H,12.35257065,15.50131638,15.38851148,1,0.241909325123,-0.611296772957,0.0973815992475,-0.630336284637
122,0,H,14.08411801,13.38035931,9.98009805,1,0.215448647738,-2.04541707039,0.0812091082335,-1.21644330025
122,1,H,15.76051464,12.30998201,9.36715346,1,0.238169491291,1.30785286427,3.98475933075,3.80696606636
122,2,O,9.902401,11.42099206,13.18499233,-2,-0.356140851974,-0.877009749413,3.88015317917,-1.75543785095
122,3,H,12.47903597,13.26750781,9.47360598,1,0.233657553792,2.86284565926,1.60321569443,1.1468256712
122,4,O,13.2533085,13.87584274,9.8337889,-2,-0.476562857628,-1.51011347771,-1.52159142494,-0.696924805641
122,5,H,12.12258838,13.03130966,15.20246972,1,0.251304030418,1.05427670479,0.649994850159,-1.1497631073
122,6,H,11.79301615,12.3935764,11.52461275,1,-0.144684791565,-1.78254985809,3.02911496162,-3.39042186737
122,7,H,10.79220945,10.20516267,12.90844011,1,0.193140819669,-0.44748210907,0.78059977293,-0.700562238693
122,8,H,14.53430732,10.58978793,11.04261726,1,0.209371209145,0.342299759388,-1.20820569992,1.17256355286
122,9,O,11.5863477,9.6928352,12.81892071,-2,-0.523141860962,0.768420100212,-1.43631124496,2.74598121643
122,10,H,9.82831724,12.56001746,10.8901039,1,0.20519824326,1.98691225052,0.170931994915,-0.695432305336
122,11,O,12.71948705,10.67834954,9.87742008,-2,-0.440839618444,3.18144655228,-1.30777907372,-0.881441354752
122,12,O,16.06359259,13.13138411,10.14820732,-2,-0.414153248072,1.16370201111,-4.52673101425,-4.85527706146
122,13,H,15.27616266,13.43497888,10.52147833,1,0.228510171175,-1.18607068062,0.934479296207,1.38601887226
122,14,H,12,12,12,1,-0.0142282247543,1.15849947929,-2.84314036369,3.51562643051
122,15,O,10.72483577,12.83062525,10.47823686,-2,-0.230885788798,-1.59314262867,-0.647754132748,0.897122919559
122,16,H,9.20143011,13.81271093,15.6156714,1,0.269263088703,-0.627239048481,-2.97273373604,-1.36464476585
122,17,H,10.15950119,12.30873923,12.70135524,1,0.217222094536,-0.58252286911,-2.77188634872,0.831239998341
122,18,H,12.72282051,12.40784366,13.6189588,1,0.254051148891,-0.206650048494,1.05079174042,2.60324716568
122,19,H,14.25877343,11.9001831,11.15006432,1,0.205642729998,1.38794839382,-2.08756160736,3.65851998329
122,20,O,14.66310464,11.12365178,11.85885385,-2,-0.42972946167,-2.19108057022,3.02126526833,-4.38805770874
122,21,H,9.87411991,11.85834433,14.03743501,1,0.19946397841,0.973499417305,-0.645452678204,0.850913345814
122,22,O,12.21453117,12.40699279,14.47800332,-2,-0.47635859251,-0.471729397774,-1.78502559662,-1.31044089794
122,23,H,12.00046083,10.99192537,10.39768342,1,0.24563549459,-1.69322299957,0.617947399616,-0.974203169346
122,24,H,12.80159187,10.60579065,8.90328919,1,0.25750875473,-1.52307724953,0.544669508934,1.26793301105
122,25,H,12.05522611,9.63291113,12.03712256,1,0.257997691631,0.820877611637,0.0914517790079,-2.42956876755
122,26,H,8.74885063,12.40219733,14.83683271,1,0.265080571175,-5.50518226624,-2.022752285,-4.38140058517
122,27,O,9.25996662,12.81268071,15.39730909,-2,-0.43994051218,5.23390960693,5.33634090424,6.30706119537
123,0,H,10.27288746,14.80175225,12.92547375,1,0.253763496876,0.490907639265,-0.727144181728,0.870872080326
123,1,O,9.67974884,11.61574864,13.16376892,-2,-0.395936608315,-1.60005927086,1.16734290123,-0.826549828053
123,2,H,11.86274684,13.21381256,15.05139347,1,0.268228232861,0.396976709366,4.9305973053,3.11112451553
123,3,H,11.56899231,12.57540832,11.48175163,1,-0.100653894246,-0.0698815584183,-1.26396739483,0.952297866344
123,4,H,10.44766599,10.23899391,12.7960113,1,0.20916377008,1.44325757027,-0.19403269887,-0.75512111187
123,5,H,14.30584427,10.86416763,11.01657115,1,0.231912612915,0.410962671041,-3.02769589424,-2.24444055557
123,6,O,11.37019463,9.86615448,12.7863198,-2,-0.498556673527,0.8521707654,-0.185198605061,-0.467704206705
123,7,H,9.6986027,12.71732238,10.79026207,1,0.233690485358,-5.72470426559,-2.73932600021,2.98298192024
123,8,O,12.443042,10.82851533,9.84888622,-2,-0.441167891026,2.39842653275,-1.74590182304,-0.910240411758
123,9,H,12,12,12,1,0.0208394527435,-1.25660145283,1.38006818295,-1.09354770184
123,10,O,10.44627706,13.00989985,10.44927786,-2,-0.321590840816,6.84100818634,2.64623427391,-2.53068852425
123,11,H,8.87143073,14.04323484,15.47297251,1,0.252369880676,-1.27662134171,-3.16267704964,-0.38828638196
123,12,H,9.77560713,12.41681207,12.6074712,1,0.222809895873,-0.0817001909018,-0.684168577194,0.366941720247
123,13,H,12.38127788,12.50309072,13.71718737,1,0.274101793766,4.74526882172,0.264151722193,-6.60922956467
123,14,H,13.85412212,12.01970799,11.3648763,1,0.229723125696,0.699953615665,0.500246167183,1.29460740089
123,15,O,14.40124328,11.32681531,11.80273261,-2,-0.475832134485,-0.973223924637,2.62475848198,0.932974457741
123,16,H,9.63924576,12.02197447,14.02822447,1,0.198718398809,1.21318078041,-0.38345760107,0.329614788294
123,17,H,9.9168545,14.01783094,14.53214023,1,0.191093280911,1.17071187496,1.49347317219,-4.19475603104
123,18,O,11.97171247,12.58949838,14.45333467,-2,-0.508948922157,-4.73464298248,-5.24017429352,3.99379968643
123,19,H,11.77539747,11.2878392,10.28907163,1,0.234887912869,-2.13672614098,1.17124712467,0.464466035366
123,20,H,12.23505197,10.79793496,8.91733577,1,0.246863871813,-0.282465070486,0.178691878915,-0.167038530111
123,21,H,11.85195025,9.77305421,11.93203289,1,0.241159677505,-1.21838307381,0.154970243573,0.756917536259
123,22,O,9.75644632,14.69814138,13.7362807,-2,-0.485673397779,-0.614685833454,-0.252441614866,1.66296708584
123,23,H,8.41624587,12.48058648,14.73082687,1,0.252613663673,0.667563378811,2.67527747154,1.89384663105
123,24,O,9.03064445,13.02520104,15.36598034,-2,-0.33357912302,-1.36069214344,0.419126689434,0.574191451073
124,0,O,14.02901023,10.68365972,14.54814815,-2,-0.472662657499,-0.826451838017,-0.142741754651,-2.15169715881
124,1,O,9.51711059,11.71640061,13.18954117,-2,-0.417254090309,-1.18946540356,-1.46219372749,1.22974193096
124,2,H,11.72644333,13.54382715,15.06531936,1,0.229578316212,1.10798537731,-2.76232147217,-3.04244470596
124,3,H,11.46961941,12.56030498,11.58155729,1,-0.0720131844282,0.100366592407,-1.24394834042,0.327526152134
124,4,H,10.25232516,10.1550428,12.68518752,1,0.217361435294,1.58067929745,-0.0569608956575,0.0612567588687
124,5,H,14.16469194,10.90857703,10.96950819,1,0.239284038544,-0.136368870735,0.636129498482,0.92271643877
124,6,H,14.13783424,10.87073152,13.55395049,1,0.204418107867,-0.387801647186,-0.525197446346,1.85102379322
124,7,O,11.22117062,9.94574887,12.80211315,-2,-0.43563452363,0.350459605455,-0.158377945423,-1.38319456577
124,8,H,9.43955464,12.6950456,10.84447867,1,0.207224369049,0.416759818792,-0.18479052186,-0.155287787318
124,9,O,12.23707175,10.87803924,9.86588398,-2,-0.372431814671,-3.98325204849,1.90773677826,-1.63737785816
124,10,H,12,12,12,1,0.00870980322361,-2.35528492928,1.87874186039,-1.36147475243
124,11,O,10.24831558,13.09156844,10.46513886,-2,-0.333418309689,1.4237446785,-0.481471955776,1.08318483829
124,12,H,9.45003488,12.39954266,12.56515967,1,0.239273577929,-0.144990950823,1.66158378124,-0.613373041153
124,13,H,12.30308963,12.54791268,13.61536344,1,0.236158713698,-0.784691631794,1.35444808006,2.9933257103
124,14,H,13.52817801,12.07322815,11.70507559,1,0.229662641883,-0.787002980709,1.37928509712,-0.52032905817
124,15,O,14.20046855,11.44051031,11.80170333,-2,-0.414791673422,1.35383605957,-1.85654973984,-0.460426956415
124,16,H,9.53788954,12.08824422,14.07811428,1,0.24410238862,0.331577181816,0.121447131038,-0.248609408736
124,17,H,13.17984534,10.1709955,14.64233307,1,0.221291869879,1.54704153538,1.54710149765,-1.49218869209
124,18,O,13.59733106,9.43250561,16.52050561,-2,-0.472253710032,3.17334222794,3.04617619514,-2.7128674984
124,19,H,12.94819286,9.49132456,15.84791847,1,0.246883288026,-0.908031702042,-0.135863080621,-0.328050374985
124,20,O,11.77873949,12.65535838,14.4859896,-2,-0.422197431326,-0.1934633255,1.53076672554,0.791213452816
124,21,H,11.50777594,11.56572084,10.2542611,1,0.183280676603,2.02520799637,-1.66652417183,-0.687921881676
124,22,H,11.72593268,10.88206669,8.97365476,1,0.218427598476,1.7879935503,-0.544184207916,1.77298223972
124,23,H,13.2233873,8.92360336,17.12075468,1,0.256797969341,-2.59312057495,-3.81517219543,4.68744754791
124,24,H,11.65158974,9.82261246,11.91324616,1,0.230202451348,-0.909068703651,-0.0271189510822,1.07482326031
125,0,O,13.9421791,10.69244641,14.59302819,-2,-0.475301921368,-0.905495166779,-0.699687123299,-0.772728741169
125,1,O,9.46439263,11.71357128,13.26521078,-2,-0.424550741911,-1.46649622917,0.214804068208,-1.29725575447
125,2,H,11.77720579,13.665076,14.99175907,1,0.215127930045,0.0712855085731,-4.49944877625,-2.2879781723
125,3,H,11.54010675,12.3646475,11.79865102,1,-0.0675306469202,-5.77536153793,4.22999382019,-2.86417222023
125,4,H,10.26204149,9.9636072,12.61703633,1,0.220107376575,-0.637343764305,0.451318919659,0.793339967728
125,5,H,14.14084297,10.87294597,10.98330911,1,0.188292369246,-1.20369911194,2.02704715729,1.61900138855
125,6,H,13.93593661,10.78500014,13.60526331,1,0.206886798143,-0.0726890265942,-0.25702548027,0.849928557873
125,7,O,11.18717016,9.93122836,12.86090147,-2,-0.414789319038,-0.042477414012,-0.264642715454,0.8273255229
125,8,H,9.32839316,12.6080178,10.93869592,1,0.189207673073,2.37347650528,0.88199621439,-1.33306896687
125,9,O,12.13134289,10.8374447,9.92526187,-2,-0.329095184803,-5.0914182663,2.51191878319,-2.07844877243
125,10,H,14.78933882,10.68501289,8.77447017,1,0.246255785227,0.355719745159,0.427694171667,1.75020468235
125,11,H,12,12,12,1,-0.0281462967396,2.98984122276,-3.65780615807,1.63526666164
125,12,O,10.16839469,13.06825553,10.53290711,-2,-0.38946980238,-0.629206895828,-1.69303607941,2.02995824814
125,13,O,14.89539414,11.0243576,9.71336627,-2,-0.342769771814,4.8311662674,-1.45382976532,-1.29012691975
125,14,H,9.24665856,12.36917069,12.55003131,1,0.22947114706,0.460731089115,-0.433883607388,2.12891054153
125,15,H,12.31329899,12.55810941,13.67102122,1,0.214563310146,-2.17494487762,0.626310884953,4.04537773132
125,16,H,13.29067187,12.08889167,12.06070707,1,0.179192632437,3.98542332649,-2.40351343155,-1.50833392143
125,17,O,14.11660099,11.45389805,11.85545768,-2,-0.381857901812,-2.2456870079,0.997813999653,1.25002777576
125,18,H,9.60720228,12.0872697,14.14376313,1,0.237319841981,0.261374235153,0.539628386497,-0.557656764984
125,19,H,13.22658906,10.04920977,14.84637632,1,0.218767598271,1.64847707748,1.77304530144,-1.98545217514
125,20,O,13.50213166,9.45272752,16.6254233,-2,-0.461746186018,3.21687889099,-0.762387931347,4.16916227341
125,21,H,12.83852032,9.46518266,16.01777713,1,0.251749992371,-3.47738170624,-0.597929000854,-1.35943102837
125,22,O,11.69867958,12.62583117,14.56907549,-2,-0.372792899609,2.09474349022,4.00029611588,-1.12460947037
125,23,H,11.45480952,11.68236009,10.23621564,1,0.155566722155,2.03162169456,-1.68122112751,0.257960677147
125,24,H,11.43099421,10.83200448,9.14633482,1,0.202127829194,2.46510577202,-1.02125775814,1.50430417061
125,25,H,13.30544374,8.85075919,17.37432906,1,0.253984153271,-0.258029103279,0.527391433716,-1.03983044624
125,26,H,11.51966895,9.77487431,12.00491123,1,0.229998379946,1.57264387608,-0.46685603261,-1.75971901417
125,27,H,15.94467846,10.8574526,10.01834144,1,0.249430984259,-4.37825918198,0.683266162872,-1.60195612907
126,0,O,13.79413138,10.83534776,14.5740598,-2,-0.47616097331,0.508117735386,0.372637569904,0.612659037113
126,1,O,9.34162551,11.837154,13.27456602,-2,-0.41382932663,-1.34822821617,0.303041487932,-1.07877135277
126,2,H,11.77146223,13.68246007,14.74002634,1,0.22989821434,-0.82615929842,-0.339003503323,0.974642455578
126,3,H,11.35392403,12.43912634,11.88558241,1,-0.05649484694,-0.473302304745,0.232373774052,-1.07249641418
126,4,H,10.18445469,9.9235046,12.5270205,1,0.21377953887,-0.709337294102,0.659585893154,1.45286500454
126,5,H,14.00661453,11.07259717,10.99568766,1,0.236908271909,-1.69778347015,1.57938337326,1.5593419075
126,6,H,13.66273686,10.82678313,13.63455198,1,0.217701405287,0.283448398113,-0.156862184405,-0.912078797817
126,7,O,11.08721683,10.04850576,12.85872795,-2,-0.371121525764,-0.0296012349427,-0.756749808788,-1.56022524834
126,8,H,9.31111352,12.75161259,10.89867356,1,0.213824525476,-3.91684865952,-2.78954219818,1.9823217392
126,9,O,11.94228765,10.93702461,9.91700638,-2,-0.361911714077,-1.65973508358,2.15097808838,0.0983955562115
126,10,H,12,12,12,1,-0.0119171440601,-3.03333473206,0.402540504932,-0.70090341568
126,11,O,10.01958862,13.16264422,10.54649928,-2,-0.420836240053,5.8236489296,2.02030539513,-0.78848528862
126,12,H,9.01608239,12.4675493,12.58219505,1,0.230650067329,0.525785505772,-0.396473735571,1.84607589245
126,13,H,12.14175124,12.72237367,13.87313597,1,0.231957405806,1.62286257744,-1.47759771347,-2.12558794022
126,14,H,13.17263057,12.11958176,12.26393985,1,0.186605200171,2.98498034477,-1.40934312344,-2.01501274109
126,15,O,13.96290911,11.59889076,11.85431671,-2,-0.350896805525,0.184038698673,0.233224824071,0.845309078693
126,16,H,9.63310046,12.26592053,14.09400939,1,0.225319907069,0.0651617646217,0.308346062899,-0.661979913712
126,17,H,13.25444468,10.11637274,14.87537461,1,0.245415598154,-0.542242527008,-0.466734856367,0.395044237375
126,18,O,11.5609125,12.73797632,14.5860083,-2,-0.39226514101,-0.793487668037,2.06699705124,1.7412225008
126,19,H,11.46066879,11.83344349,10.15402771,1,0.182030186057,1.49056243896,-0.983604371548,0.520832657814
126,20,H,11.20164286,10.85286389,9.31536939,1,0.224800735712,-0.057023037225,-1.55300271511,-1.03937697411
126,21,H,11.39670792,9.82835565,11.96880999,1,0.216542750597,1.59847640991,-0.000498726963997,-0.0737927854061
127,0,O,13.82588637,10.97157529,14.56766131,-2,-0.453341126442,1.01616275311,0.817846000195,-0.914787769318
127,1,O,9.38775478,11.94472283,13.29247748,-2,-0.431650489569,0.226022034883,-1.07799506187,1.77631378174
127,2,H,11.90732342,13.70376108,14.555632,1,0.233940973878,-0.682987272739,4.36157608032,2.00157642365
127,3,H,11.3460427,12.50722661,11.97019891,1,-0.0563423633575,0.53297752142,-0.658824563026,-1.31624233723
127,4,H,10.24859224,9.91165574,12.52707754,1,0.205983385444,0.53883934021,1.14780688286,1.44409120083
127,5,H,13.96988076,11.31249344,11.02512448,1,0.256170451641,-1.59978497028,0.0736132860184,-0.433874815702
127,6,H,13.56763287,10.87725231,13.63114852,1,0.211897775531,0.318052977324,0.423279970884,0.537481963634
127,7,O,11.15817838,10.15157359,12.86319774,-2,-0.349052250385,-0.693810760975,-1.82356154919,-3.91553163528
127,8,H,9.31713338,12.81218496,10.94401022,1,0.20566791296,-1.05996549129,-1.14470911026,0.707273542881
127,9,O,11.92041589,11.03169426,9.92056748,-2,-0.415897905827,1.01877355576,-1.58699011803,-0.367120623589
127,10,O,12.82370707,8.91599362,14.26190502,-2,-0.329655945301,0.0818100497127,-0.215342909098,-0.0699763000011
127,11,H,12,12,12,1,-0.0198367834091,-3.25265932083,1.69216358662,-0.386797845364
127,12,O,10.05911643,13.24480023,10.56929242,-2,-0.479205965996,2.8864634037,0.471099674702,0.602305591106
127,13,H,8.9938783,12.5568399,12.72338896,1,0.236820980906,-1.00007796288,1.58803904057,-1.04154455662
127,14,H,12.24329754,12.78111698,13.96337698,1,0.238684654236,1.71504163742,-3.35741710663,-2.23951029778
127,15,H,13.36906397,12.07543197,12.3941446,1,0.239809885621,-3.9378323555,2.09001302719,2.18125414848
127,16,O,13.98357403,11.73199673,11.87481755,-2,-0.435302883387,6.2890586853,-1.94898068905,-1.69915008545
127,17,H,9.82409831,12.46282138,13.99935404,1,0.21618963778,-0.0126155018806,-0.446883559227,-0.580534219742
127,18,H,13.41687292,10.1666867,14.90683068,1,0.179385870695,-0.951304614544,0.644975602627,1.19808220863
127,19,O,11.59223082,12.84123645,14.6205901,-2,-0.397700071335,-1.04461729527,-0.743631958961,0.813476920128
127,20,H,12.0725301,8.36683342,14.64134502,1,0.24198448658,2.60178494453,0.483535945415,-0.997722089291
127,21,H,11.71492437,11.93026923,10.11032779,1,0.219560548663,-0.441650748253,1.64010608196,0.289573073387
127,22,H,11.14334565,10.78189373,9.43876292,1,0.243889987469,-0.620978832245,-0.460997879505,-0.449712097645
127,23,H,11.53003543,9.8611648,11.95066958,1,0.203085452318,0.358242452145,0.767608702183,2.08778119087
127,24,H,13.7805428,9.18669216,13.98424394,1,0.234913825989,-2.28494334221,-2.73632979393,0.773294985294
128,0,O,14.04655577,11.03708418,14.57787812,-2,-0.442934393883,-0.200920328498,-1.01841509342,-0.847536802292
128,1,O,9.61965937,11.97225011,13.33356617,-2,-0.407633304596,-0.927445650101,1.514716506,0.116331875324
128,2,H,12.19252544,13.84789602,14.51482577,1,0.208614885807,-2.06779623032,-2.46326541901,1.38493692875
128,3,H,11.5805053,12.4648391,12.06018172,1,-0.075760409236,-4.6381278038,4.63840484619,-0.729925751686
128,4,H,10.5263221,9.88861661,12.626733,1,0.216664969921,-0.565085470676,0.731596708298,0.461932688951
128,5,H,14.04349216,11.45415359,11.00003107,1,0.240862816572,-1.27453124523,0.544848680496,1.61834025383
128,6,H,13.68220106,10.8742849,13.66587881,1,0.208822458982,0.672111690044,0.213393285871,1.3335955143
128,7,O,11.41162155,10.17477606,12.87488064,-2,-0.359343588352,0.328367233276,-0.898328721523,-1.27023231983
128,8,H,9.45559175,12.79072464,11.03275046,1,0.184786945581,2.37707233429,0.821133494377,-1.05969047546
128,9,O,12.08769512,11.04839713,9.94278468,-2,-0.416962772608,-0.377399921417,-1.15628421307,-0.607863128185
128,10,O,13.07326584,8.94478044,14.2989535,-2,-0.321326673031,-4.54002332687,-1.7332226038,1.28954803944
128,11,H,12,12,12,1,-0.05185482651,3.00399446487,-3.64982509613,-0.656732738018
128,12,O,10.29319402,13.25338104,10.6115325,-2,-0.415941864252,-0.852892756462,-1.36432719231,2.12162184715
128,13,H,9.12721428,12.66211226,12.85377614,1,0.225299060345,-0.170020490885,-0.59187155962,0.233430877328
128,14,H,12.62219091,12.61096088,13.94292364,1,0.205765768886,-3.44306302071,-0.385617375374,3.34509968758
128,15,H,13.59714068,12.04910901,12.6245503,1,0.227800637484,-0.273011684418,-0.141427695751,-1.74376189709
128,16,O,14.20646354,11.78645214,11.91668801,-2,-0.432695239782,1.68562340736,-0.205051600933,-0.256060838699
128,17,H,10.18041655,12.56709124,13.87991484,1,0.196983963251,0.272551745176,-0.94560033083,-0.0203490369022
128,18,H,13.7097311,10.17289409,14.98171201,1,0.182698234916,-0.223891943693,2.43106579781,0.28966614604
128,19,O,11.8058493,12.86769212,14.67581148,-2,-0.340299248695,5.34566068649,3.16199803352,-4.19492530823
128,20,H,12.22764852,8.3741493,14.6697817,1,0.245905652642,4.56427526474,1.65601801872,-1.57819890976
128,21,H,12.12673832,12.02662675,10.10520697,1,0.227446869016,-1.42609584332,-1.31128227711,-0.741242706776
128,22,H,11.24489325,10.62809509,9.54912515,1,0.244831323624,1.86331629753,2.21343421936,1.04788935184
128,23,H,11.86520306,9.85862134,12.06870812,1,0.216202288866,0.38642629981,0.233214735985,0.464305639267
128,24,H,13.9979305,9.09125477,14.11329657,1,0.2320664078,0.480906188488,-2.29530549049,-0.000179563998245
129,0,O,14.19186744,11.20912739,14.60979506,-2,-0.404545158148,-0.498491406441,-1.2078306675,0.439243376255
129,1,O,9.77346159,12.10965898,13.39850768,-2,-0.389421105385,-1.7260787487,3.29793143272,-0.662133336067
129,2,H,12.30647436,13.99826648,14.58966851,1,0.221196398139,-1.30430102348,-2.94552707672,0.741377472878
129,3,H,11.5886039,12.67838529,12.15652011,1,-0.0252940356731,-0.5466837883,-0.77278983593,-2.30541968346
129,4,H,10.70611155,10.02070058,12.77177966,1,0.234425485134,-1.37539196014,-0.103907614946,-0.339281260967
129,5,H,13.99859235,11.69541935,11.01588565,1,0.220722183585,0.281279951334,0.836800813675,3.97628736496
129,6,H,13.76307864,10.98005388,13.78494564,1,0.210429936647,0.312433332205,-0.337202936411,-0.752276957035
129,7,O,11.58936301,10.3035857,12.90752449,-2,-0.371395945549,1.32892179489,0.895616769791,1.86178219318
129,8,H,9.69786006,12.98767348,11.06619494,1,0.205893710256,-2.24193787575,-1.64614808559,1.36988043785
129,9,O,12.18149916,11.16924881,9.98816255,-2,-0.409558057785,2.41212749481,0.908569633961,0.569863975048
129,10,H,12,12,12,1,-0.0193761438131,-1.44499826431,1.79008114338,0.28541123867
129,11,O,10.44561246,13.36504741,10.68608218,-2,-0.451194494963,4.05200052261,0.981145501137,0.425144046545
129,12,H,9.19557917,12.86864844,13.02070678,1,0.217907249928,0.766626477242,-2.19730973244,0.832181990147
129,13,H,12.74576071,12.53365855,14.11817737,1,0.2119423002,-3.30387020111,1.54144465923,3.21210360527
129,14,H,13.72211014,12.15364297,12.7988798,1,0.215357065201,1.6985629797,-0.411643236876,-3.90974640846
129,15,O,14.3587657,11.94805179,11.98574691,-2,-0.432977795601,-1.7187871933,-0.209250569344,-0.539845764637
129,16,H,10.45413586,12.72378054,13.77303065,1,0.182164892554,0.0756291002035,-1.18102622032,0.346829622984
129,17,H,13.89501872,10.39394889,15.06691841,1,0.236285090446,0.381895512342,0.811962544918,0.49788492918
129,18,O,11.96180071,13.01077347,14.73904363,-2,-0.374413818121,4.37337875366,1.88549315929,-3.46270346642
129,19,H,12.37212932,12.1805005,10.08756062,1,0.230433553457,-2.27141714096,-2.83757948875,-1.00976157188
129,20,H,11.36395539,10.71313903,9.73541944,1,0.24963542819,-0.0142161874101,1.78528594971,0.0278279539198
129,21,H,12.14294559,9.97605797,12.23418698,1,0.241783335805,0.763316571712,-0.884116649628,-1.6046500206
130,0,H,12,12,12,1,0.260644882917,-0.802899837494,-0.427145123482,-1.27975130081
130,1,O,11.69216462,11.01392729,12.19471064,-2,-0.190933614969,0.702493011951,-4.31081008911,-0.578419387341
130,2,H,12.63781539,11.48067152,13.44335317,1,0.205757781863,0.265730082989,1.48537492752,6.69475269318
130,3,H,13.9107461,14.24671068,12.75883531,1,0.218857467175,-0.957958221436,-0.258328974247,0.110238671303
130,4,H,15.3708204,11.03927268,12.69293113,1,0.208879411221,-3.37005257607,-2.22383785248,0.265775680542
130,5,O,12.50565121,11.78274056,14.51379909,-2,-0.535867989063,-0.225956663489,-0.352438747883,-4.70745229721
130,6,H,8.59512084,13.63379513,9.41617767,1,0.200254812837,-0.497246235609,-0.901790499687,0.0185433924198
130,7,H,11.63020478,14.63956893,13.3729428,1,0.176734820008,-0.791668355465,-0.404862046242,-0.937066316605
130,8,H,13.65142755,10.4630823,12.09873561,1,0.225081652403,6.19471311569,0.185833960772,4.14145088196
130,9,H,13.59668225,11.17102484,10.39185621,1,0.228098720312,0.462665975094,-6.98109865189,-5.7825717926
130,10,O,10.74646407,14.97639996,13.25540304,-2,-0.545177042484,-3.40834212303,-0.186668843031,-0.280040860176
130,11,H,13.12562306,15.00357416,14.08386262,1,0.280338048935,-0.474479496479,-4.26470279694,-4.34214067459
130,12,O,8.79290922,12.76059956,9.81966881,-2,-0.618098855019,0.663109600544,1.89666509628,0.0198664292693
130,13,H,10.82548274,10.88034205,11.86999389,1,0.249928459525,-2.66710543633,0.789993941784,-0.73699015379
130,14,H,9.86317547,13.20468259,10.22130942,1,0.0316039025784,-1.34324491024,-2.61906433105,-0.551801025867
130,15,H,11.94307278,9.71298123,12.02755445,1,0.410643696785,-0.208056166768,3.90817737579,0.627944409847
130,16,H,11.96128598,12.59785701,14.36384923,1,0.215300649405,0.684736192226,-1.02173423767,0.492972493172
130,17,O,12.99028525,14.06027061,13.06671717,-2,-0.347022265196,3.58248496056,4.15623950958,4.15978145599
130,18,H,10.09365452,14.31953863,12.83192127,1,0.249661967158,2.15320301056,1.28901565075,1.00101554394
130,19,H,14.07067884,12.48736371,10.34703342,1,0.235702812672,-2.59762239456,-1.91835951805,3.12180376053
130,20,H,10.88599595,14.1494046,10.80575104,1,0.222199603915,0.44105130434,3.96623301506,1.15343904495
130,21,O,14.57151272,10.36065133,12.92194061,-2,-0.495140105486,-1.82728397846,1.49402785301,-3.87921953201
130,22,O,10.97655153,13.27351482,10.61307125,-2,-0.539317190647,1.22060477734,-2.99634671211,0.000200942158699
130,23,O,13.46174447,11.77851241,10.97467505,-2,-0.348131686449,2.80112171173,9.69562625885,1.2676678896
131,0,H,12,12,12,1,0.241939246655,0.232182875276,2.63400411606,-1.89471292496
131,1,O,9.34677691,12.036848,13.33966224,-2,-0.481994390488,-2.28915596008,1.70273971558,-0.177791282535
131,2,O,11.87200831,11.07038803,12.18075737,-2,-0.156490772963,-5.77380371094,-9.55755710602,-1.13805782795
131,3,H,12.72357703,11.51255719,13.65554735,1,0.205315619707,0.660055875778,-1.81025314331,-2.94037771225
131,4,O,14.06530223,10.56307906,8.96398208,-2,-0.361588537693,-0.907686531544,-0.103204622865,-0.881904780865
131,5,H,14.03620163,14.32316661,12.71847254,1,0.22667722404,-2.60178279877,-0.567519783974,1.08090901375
131,6,H,9.44365231,11.9724374,14.39218415,1,0.142583444715,-0.941409051418,1.99263036251,-2.72491550446
131,7,O,10.2180589,11.64491224,15.44448234,-2,-0.431216746569,3.98107504845,1.17635679245,2.22980356216
131,8,H,15.23343671,11.25154154,12.55780011,1,0.221292212605,-1.17178797722,-2.35417962074,1.40951097012
131,9,O,12.6916285,11.8138911,14.50620858,-2,-0.4207701087,-1.41529977322,3.96569085121,3.6698987484
131,10,H,8.51615406,13.58923829,9.4665856,1,0.202754944563,-0.467708140612,0.197140008211,-0.266153216362
131,11,H,11.82981086,14.76201199,13.34536317,1,0.174366176128,-0.455956041813,-0.340909898281,-1.31744682789
131,12,H,13.89359352,10.55334421,12.28709538,1,0.203955858946,3.4781897068,-0.519394695759,2.51072907448
131,13,H,10.10986961,10.98056261,14.80296311,1,0.244245737791,0.0715773552656,-2.75736284256,-0.649323105812
131,14,H,13.7555775,11.23677523,10.15823592,1,0.147774636745,-1.07341015339,1.14151144028,1.05505955219
131,15,O,10.92810845,15.03987454,13.31948176,-2,-0.555250048637,-1.46142804623,2.62231659889,1.42818713188
131,16,H,13.11595764,14.93395733,14.17619289,1,0.310651957989,0.585745632648,-3.82899808884,-4.66310167313
131,17,H,8.58817731,12.69123861,13.09507652,1,0.230765774846,2.03738880157,-2.04690742493,0.491735547781
131,18,O,8.94718813,12.81649447,9.82370611,-2,-0.744043409824,0.0685241147876,0.242069199681,0.274693399668
131,19,H,10.84537603,10.77119192,11.83960492,1,0.264887750149,2.32327842712,2.82990980148,1.3166936636
131,20,H,14.97287822,10.23333891,9.31050357,1,0.272403776646,-2.08365654945,0.21613535285,-2.69167947769
131,21,H,10.14819412,13.34806227,10.2127403,1,0.0850125551224,-1.82000100613,-2.84113430977,-1.37974917889
131,22,H,11.98310892,9.85807899,12.04598689,1,0.314316153526,0.971457183361,4.20981550217,0.490141093731
131,23,H,12.33109537,12.74630247,14.28820144,1,0.222822085023,1.3905582428,-1.73948979378,0.606730461121
131,24,O,13.10003134,14.07856234,13.09560587,-2,-0.341260701418,4.47747039795,4.01222419739,3.88795876503
131,25,H,10.35206511,14.3913299,12.97356813,1,0.256996840239,-0.542660593987,-1.48062038422,-0.555170893669
131,26,H,14.17434176,12.64819645,10.52692094,1,0.215669766068,-1.30178117752,-1.09867954254,1.11285173893
131,27,H,10.83100416,14.20858325,10.93299642,1,0.211202681065,1.52113652229,-0.0933688208461,0.507477104664
131,28,H,11.27685279,11.83659042,15.19244223,1,0.207589223981,-2.99178767204,-0.86112767458,0.932598352432
131,29,O,14.74163743,10.42537211,12.96094861,-2,-0.491148948669,-1.82009148598,2.6266720295,-3.80304431915
131,30,H,13.44455464,10.63389349,8.08108561,1,0.271098792553,3.49182248116,-0.883272469044,2.94071173668
131,31,O,11.11746953,13.33397009,10.59326937,-2,-0.464621067047,1.13746857643,2.03523492813,1.34717381001
131,32,O,13.63022264,11.90719683,10.95547346,-2,-0.4259378016,2.69147658348,1.27952730656,-2.2094347477
132,0,H,12,12,12,1,0.265013635159,0.3413387537,0.812861263752,-1.7946420908
132,1,O,9.47866474,12.00196299,13.39350957,-2,-0.522668361664,-1.04217112064,2.25611591339,-0.12878498435
132,2,O,15.87657779,8.50076279,13.97447475,-2,-0.562332510948,1.33214581013,1.61054384708,-2.87607240677
132,3,H,16.80698027,8.83134305,13.80491501,1,0.228669404984,-1.077455163,-1.00497865677,0.895680367947
132,4,O,12.0207142,11.02419411,12.25663555,-2,-0.145647495985,-5.44492006302,-3.91035032272,-0.219298064709
132,5,H,6.89694646,12.81549799,13.69524965,1,0.259758412838,-0.405449926853,-1.60809886456,-0.662833273411
132,6,H,12.81976458,11.36901053,13.77515356,1,0.205672264099,-0.186806976795,-1.24686670303,-1.47078227997
132,7,O,14.14853467,10.55308717,9.09766075,-2,-0.324356496334,7.01068019867,-1.13723409176,4.62003135681
132,8,H,7.56209974,13.90975377,13.47160748,1,0.269622445107,1.22759521008,3.60567593575,0.597013652325
132,9,H,14.03031909,14.30655417,12.81500298,1,0.27015632391,0.00525216013193,-0.115832142532,-0.159372448921
132,10,H,9.50087041,12.24053593,14.39204808,1,0.18673992157,0.287129670382,-0.0338727235794,-2.32926487923
132,11,O,10.35046194,11.61892704,15.54679651,-2,-0.498531550169,2.09445381165,0.858281254768,2.12224602699
132,12,H,15.02744324,11.27217959,12.58233691,1,0.24525398016,2.34026908875,0.199705526233,0.841876745224
132,13,O,12.86036903,11.77688336,14.60222346,-2,-0.461356133223,-0.00913719087839,3.3041844368,2.14814019203
132,14,H,10.51670373,12.28799869,9.16407593,1,0.205339759588,0.368609398603,-3.11794304848,-0.787765920162
132,15,H,8.40159762,13.44798628,9.57780448,1,0.202603906393,1.40840196609,-1.27482438087,0.584641695023
132,16,H,12.05158789,14.76216258,13.33897088,1,0.1679456532,-3.57256889343,0.947320580482,-1.00662267208
132,17,H,14.22729975,10.55708506,12.63543132,1,0.235909193754,-13.2910747528,-0.21825954318,-7.15400886536
132,18,H,10.00934001,10.94735452,14.95565094,1,0.250005841255,0.912968099117,-0.557337701321,-0.107974275947
132,19,H,10.74465619,11.6792611,7.84579935,1,0.217173337936,0.0255213752389,-0.577843844891,-0.739806413651
132,20,H,13.85611008,11.25533861,10.02997473,1,0.176296412945,-0.555977523327,2.16493225098,2.34069252014
132,21,O,7.39415895,13.1764513,12.9457859,-2,-0.397856235504,-2.17013120651,-0.848235547543,-0.16877040267
132,22,O,11.08231019,15.02818986,13.47409951,-2,-0.56261909008,1.16414546967,1.30983626842,0.618756651878
132,23,H,13.17442938,14.56614279,14.08595265,1,0.262734264135,0.935574829578,-1.12580752373,-1.12859117985
132,24,H,8.79136506,12.69755555,12.95970568,1,0.183864727616,1.6775778532,-2.68594312668,0.789937496185
132,25,O,9.08198166,12.79471971,9.91851352,-2,-0.742448806763,-1.47623980045,1.1721124649,-1.00859761238
132,26,H,10.97812195,10.70668663,11.94572233,1,0.285729795694,1.57818245888,2.90055418015,1.15755057335
132,27,H,15.22139467,10.24743681,9.27342127,1,0.30745857954,-4.81478309631,1.01781070232,-1.67265427113
132,28,H,10.4089431,13.26651171,10.27167191,1,0.146286830306,-4.67759943008,-1.19555175304,-2.09713101387
132,29,H,12.03228189,9.9951984,12.16126092,1,0.250066876411,1.99735105038,0.205352962017,-0.290099829435
132,30,H,12.77273912,12.74600874,14.31759824,1,0.216959640384,0.415807366371,-2.22158145905,0.629965007305
132,31,O,13.20311024,14.02480784,13.22790616,-2,-0.30427980423,2.17429256439,0.98455953598,1.82937157154
132,32,H,10.58737448,14.29648389,13.15365012,1,0.254862785339,-0.763458192348,-1.26552534103,-0.277700096369
132,33,H,14.22654339,12.70525063,10.85024061,1,0.228964090347,2.55981469154,4.72423315048,-1.50205528736
132,34,H,10.89409967,14.17726828,11.19617343,1,0.214976593852,1.91287493706,-2.58364534378,-1.39133071899
132,35,H,11.37390544,11.83145758,15.40780664,1,0.224746018648,-2.62905073166,-1.41465449333,-0.354018360376
132,36,H,15.49033093,9.13639761,13.20144265,1,0.179326161742,0.917724490166,-2.70518922806,2.74380993843
132,37,O,14.89220399,10.42124076,13.08083853,-2,-0.424028426409,9.79165363312,2.05554580688,5.06588697433
132,38,H,13.65316679,10.44285555,8.3570115,1,0.293375104666,-1.96890747547,-0.693037986755,-3.76478862762
132,39,O,11.2434102,13.32065276,10.6668984,-2,-0.433778464794,3.91036701202,4.31835508347,5.12912130356
132,40,O,13.7914836,11.95911767,11.02365056,-2,-0.555135071278,-1.46529626846,-5.68350219727,0.00361920893192
132,41,O,11.03334694,11.41897458,8.71956904,-2,-0.500473439693,-0.838702738285,2.77813458443,0.974624991417
133,0,H,12,12,12,1,0.297415226698,0.753846824169,-0.341484338045,-1.44798600674
133,1,O,9.57225236,11.94206308,13.53769543,-2,-0.429973363876,-1.72325205803,2.7913787365,-0.438940167427
133,2,O,15.97266987,8.47896827,14.16695896,-2,-0.575816214085,-1.99403595924,-0.227596610785,-0.242211073637
133,3,H,16.85869948,8.60021681,13.98534974,1,0.246561348438,3.51989912987,-0.483830779791,0.0578172020614
133,4,O,12.11450566,10.93766255,12.42579385,-2,-0.158085644245,-3.71274328232,2.48694181442,-0.174941956997
133,5,H,12.88082105,11.12559284,13.84430445,1,0.198889657855,0.302653849125,3.27910017967,5.231133461
133,6,O,14.21125,10.50562379,9.33676908,-2,-0.31450599432,5.36367559433,-1.88857901096,-0.471619397402
133,7,H,14.01653341,14.28076701,12.98895191,1,0.28395113349,1.08876526356,0.342296749353,-0.467674791813
133,8,H,9.68455588,10.90739688,10.05668588,1,0.217536062002,-2.1083612442,2.17144727707,-1.05461728573
133,9,H,9.50804681,12.48071379,14.35802459,1,0.236170276999,0.558524489403,-1.03304541111,-0.0787771567702
133,10,H,14.91426958,11.26310516,12.74168059,1,0.220486745238,2.64126825333,-0.605619728565,0.978976488113
133,11,O,12.99149252,11.7172394,14.7997605,-2,-0.551807999611,-0.311802119017,-1.37366068363,-3.72397470474
133,12,H,10.43908933,11.89390279,9.53205727,1,0.188860714436,1.52112448215,-0.89813131094,-2.49177908897
133,13,H,8.32398846,13.20673247,9.78945434,1,0.202170491219,2.30316376686,-1.09934902191,0.448557972908
133,14,H,12.11032263,14.76277512,13.36570812,1,0.1781771034,-2.09736704826,0.997142791748,0.208077326417
133,15,H,14.0481213,10.48554645,12.81879393,1,0.229979753494,2.51813197136,-2.48007893562,1.93041980267
133,16,H,10.82299259,11.70438834,8.02105979,1,0.21395406127,0.925354957581,-1.09886109829,2.34443926811
133,17,H,9.39133247,10.18552081,11.4748351,1,0.236121714115,0.775653541088,0.447911322117,-3.12292003632
133,18,H,13.89960246,11.36690635,10.11467649,1,0.193806111813,0.200071528554,1.97360444069,2.69474172592
133,19,O,11.193985,14.98393515,13.7155256,-2,-0.542069196701,-1.18535518646,-2.40431046486,-1.54260981083
133,20,H,13.27187115,14.19748318,14.21676475,1,0.260790169239,0.376488685608,4.55573129654,12.431353569
133,21,H,8.98519424,12.57440144,12.9938172,1,0.242048144341,1.18013191223,-1.81853675842,0.224025592208
133,22,O,9.16931333,12.74581362,10.1022356,-2,-0.646083235741,-2.43867707253,0.484980940819,-0.497727274895
133,23,H,11.1527585,10.74010472,12.17497152,1,0.256338894367,-0.671124100685,1.64627027512,0.159907728434
133,24,H,15.30118541,10.26794226,9.25718134,1,0.292973637581,-4.72427988052,1.05860853195,0.267293810844
133,25,H,10.48291149,13.08493802,10.35163706,1,0.153794884682,-1.2329287529,0.938606798649,0.398764848709
133,26,H,12.14098367,10.01558161,12.3422789,1,0.25237968564,2.13234639168,-3.7518260479,-0.978071630001
133,27,O,9.93680241,10.2088594,10.58905576,-2,-0.481273233891,-0.028146058321,-4.3416891098,6.37361240387
133,28,H,13.21112271,12.62990856,14.46259083,1,0.197565883398,-0.366498321295,-2.59909009933,0.443884551525
133,29,O,13.2695307,13.93254628,13.44445034,-2,-0.337732613087,1.11893105507,-4.44104146957,-12.1250429153
133,30,H,10.75208054,14.10689498,13.38262866,1,0.232744455338,0.761870026588,2.37303876877,1.26159763336
133,31,H,14.3536607,12.9061527,11.19914025,1,0.212878257036,-1.41470992565,-2.97073054314,-0.761792838573
133,32,H,11.07694189,13.97207035,11.49529972,1,0.228551268578,0.0666036307812,-0.258720576763,-0.822225928307
133,33,H,15.69587466,9.24681085,13.59031852,1,0.16090862453,-0.18972375989,-1.77006435394,0.984506845474
133,34,O,15.02233884,10.39395575,13.30137762,-2,-0.413525849581,-5.64752864838,5.31607055664,-4.45181703568
133,35,H,13.74654929,10.20807396,8.56798166,1,0.288927346468,-0.666895508766,-0.086308568716,-0.80030143261
133,36,O,11.33955174,13.28930269,10.84593455,-2,-0.459162354469,2.14389634132,0.193575799465,2.36564946175
133,37,O,13.91161101,11.96308267,11.18240216,-2,-0.542070567608,1.71660673618,2.16245865822,-0.786743760109
133,38,O,11.09615312,11.3064633,8.93420186,-2,-0.471875220537,-1.45558023453,2.75338935852,-2.32298707962
134,0,H,12,12,12,1,0.327145636082,0.883345067501,-0.206910520792,-0.922074377537
134,1,O,9.61353102,11.91647021,13.74683763,-2,-0.434179365635,-0.301656216383,2.19181728363,1.62798345089
134,2,O,16.01292601,8.48314313,14.42825815,-2,-0.551548957825,3.24905514717,-3.9685022831,1.08113920689
134,3,H,16.98834946,8.38439028,14.24161532,1,0.240982592106,-1.56463241577,-0.336601823568,0.527421414852
134,4,O,12.14167288,10.88775406,12.66216277,-2,-0.21683844924,0.641781032085,-0.966192781925,-1.41631448269
134,5,H,12.89754954,11.07060425,14.21192983,1,0.199170067906,0.512632846832,2.57953047752,3.46884608269
134,6,O,14.23303024,10.47801335,9.64363413,-2,-0.353553324938,-0.209548279643,-3.25943350792,-5.26711559296
134,7,H,14.03473193,14.32600095,13.20071983,1,0.23986941576,-1.38189709187,-0.910680234432,1.60157072544
134,8,H,9.66188383,10.91357625,10.27314626,1,0.212043300271,-2.02561402321,-1.18693578243,0.982233464718
134,9,H,9.47365694,12.6827898,14.37852651,1,0.230699539185,0.949910640717,-1.77721858025,0.484699606895
134,10,H,14.90051478,11.25908555,13.00732225,1,0.204042077065,1.87321567535,-1.3590914011,1.15936017036
134,11,O,13.06704356,11.67892951,15.05382564,-2,-0.527364373207,0.00373239070177,-0.741080999374,-2.03239870071
134,12,H,10.42076346,11.45678785,9.83158604,1,0.19756744802,1.08460938931,2.26416063309,-1.17082583904
134,13,H,8.3026048,12.94691221,10.0815433,1,0.208971038461,0.162107974291,0.284414499998,-0.284311980009
134,14,H,12.04141119,14.84024,13.46151516,1,0.201619759202,-0.191058501601,0.899429917336,0.747414886951
134,15,H,13.87869418,10.32779024,13.10508436,1,0.235366359353,5.98916912079,-0.676776230335,2.50154972076
134,16,H,10.91158277,11.71392166,8.36258016,1,0.233755797148,0.177498221397,-0.509338140488,1.58104705811
134,17,H,9.35418448,10.23073204,11.44697093,1,0.245230779052,-3.75942134857,-0.41304731369,3.91827821732
134,18,H,13.91107228,11.61161385,10.39736711,1,0.192900389433,0.595734357834,1.44982647896,2.51140594482
134,19,O,11.23864461,14.95493835,14.01057402,-2,-0.525453746319,-1.58224475384,-1.58563292027,-1.36122584343
134,20,H,13.36028999,14.11505039,14.92374212,1,0.304634094238,-0.441547244787,-0.672566652298,-5.87993144989
134,21,H,9.10423932,12.4195301,13.12760678,1,0.24210755527,-0.752154529095,-0.397671341896,-2.36833333969
134,22,O,9.19121198,12.72685148,10.35117373,-2,-0.611598670483,-0.00472955033183,-1.03538274765,0.311274707317
134,23,H,11.21804296,10.87207648,12.49921576,1,0.231370195746,-3.01946592331,-0.360038369894,0.257713407278
134,24,H,15.18277613,10.36024917,9.3556506,1,0.252954006195,-1.28977882862,0.399386018515,0.781646132469
134,25,H,10.45454859,12.97583444,10.53029829,1,0.160506904125,-0.29015058279,1.67657148838,1.43603014946
134,26,H,12.29322432,9.85329484,12.54665551,1,0.245434105396,-0.23438680172,2.43264365196,-0.533998548985
134,27,O,10.00287585,10.19349531,10.84124606,-2,-0.470133721828,2.2554090023,-1.14104056358,-1.38471448421
134,28,H,13.58277189,12.45477608,14.68243751,1,0.199889153242,-0.861428201199,-2.22804236412,0.278448611498
134,29,O,13.27860802,13.84988887,13.69587333,-2,-0.365703999996,3.76837515831,1.99994421005,3.75805044174
134,30,H,10.89555635,14.05348227,13.71539033,1,0.231784105301,-0.0803955495358,1.54351830482,1.20996701717
134,31,H,14.38268874,12.99922488,11.56502815,1,0.224192216992,-1.7573236227,-4.08941984177,-1.54209911823
134,32,H,11.24963618,13.78417876,11.8476824,1,0.240017905831,-1.21072816849,2.05676054955,1.95433032513
134,33,H,15.87620739,9.33403848,14.11708817,1,0.183572769165,-0.534543335438,2.22861623764,-0.755567789078
134,34,O,15.07864682,10.41076406,13.57772174,-2,-0.453586518764,-7.77153921127,3.78842425346,-5.05815219879
134,35,H,13.73080678,10.02890869,8.78101064,1,0.264382839203,1.45626807213,1.9346216917,3.47290968895
134,36,O,11.38583085,13.28555547,11.0974578,-2,-0.489307790995,1.85245406628,-4.09022569656,-1.5510417223
134,37,O,13.97932187,11.99907462,11.40737646,-2,-0.476603239775,1.45769238472,3.707467556,-0.0343375392258
134,38,O,11.09823187,11.23019406,9.21434643,-2,-0.474337786436,2.35125613213,0.474699169397,-4.09087848663
135,0,H,12,12,12,1,0.330035120249,0.33715057373,0.736112236977,-0.765955805779
135,1,O,13.46202247,12.89077904,8.955327,-2,-0.525699734688,-4.0806555748,-1.44196975231,-0.168399050832
135,2,O,12.0923104,10.90592762,12.90741174,-2,-0.287311673164,-1.36920487881,-2.37803339958,-1.25723552704
135,3,H,12.8377164,11.17770213,14.70004159,1,0.238519132137,-2.53268647194,-5.61561727524,-6.94111824036
135,4,H,14.13619443,13.29360737,9.48622957,1,0.244536235929,-0.423576951027,0.680738449097,0.784586131573
135,5,H,13.93936015,14.41740675,13.4882283,1,0.219127744436,-2.09925031662,-1.30557525158,1.8820489645
135,6,H,9.46203546,10.95952446,10.56695643,1,0.209655210376,-0.176708683372,-0.601518750191,1.06439626217
135,7,O,13.06769248,11.70195134,15.31904021,-2,-0.547677695751,5.03132629395,7.00932168961,6.811876297
135,8,H,10.38760299,11.1997414,10.09982331,1,0.186755985022,-1.88662028313,1.46396398544,1.59486138821
135,9,H,8.21373817,12.78418474,10.36877443,1,0.201255977154,-0.0429699197412,0.498414486647,-0.234193950891
135,10,H,10.9344502,11.77125762,8.76037914,1,0.24095530808,-0.944139063358,1.09623718262,-1.32911157608
135,11,H,9.08269732,10.32922355,11.60131035,1,0.225181281567,2.35709357262,-1.53446877003,0.385185331106
135,12,H,13.87942794,11.98990771,10.7921594,1,0.237752646208,-0.669795513153,-0.561898469925,-6.55448961258
135,13,H,13.38844393,14.09607309,15.33056116,1,0.270327657461,-0.720756947994,-0.792503654957,-5.80457401276
135,14,O,9.13481554,12.76841523,10.61470621,-2,-0.620488286018,0.103730753064,-1.35899281502,0.0743026584387
135,15,H,11.08050747,11.0429421,12.87688869,1,0.248120427132,1.64443683624,-1.62960267067,0.278105199337
135,16,H,10.39188733,13.0270254,10.83241428,1,0.158611953259,-0.108095407486,1.23839879036,1.54570841789
135,17,H,12.35371228,9.79531275,12.74673438,1,0.251960426569,-1.71573293209,5.10786056519,0.0661297440529
135,18,O,9.99569984,10.23825187,11.10553377,-2,-0.400818675756,-6.30989933014,0.335879176855,2.60029029846
135,19,H,13.82531562,12.28642147,14.91399437,1,0.233248144388,-2.44628739357,-2.04512906075,0.835690975189
135,20,O,13.21831758,13.83409697,13.97181748,-2,-0.401554733515,2.86436319351,3.10937023163,3.70264387131
135,21,H,14.25730367,12.95039532,11.87410157,1,0.250824332237,0.69643008709,2.47876310349,0.208857923746
135,22,H,12.43545602,12.76450067,9.37198344,1,0.239503398538,4.63681268692,0.911040723324,-0.696733891964
135,23,H,11.31670513,13.75048355,12.28758456,1,0.229670405388,-0.549694657326,-0.638214707375,-2.38854432106
135,24,O,11.35808434,13.33417039,11.35678941,-2,-0.45123359561,1.10241246223,-2.0212199688,2.56716537476
135,25,O,13.97534033,12.11074698,11.64935721,-2,-0.484359055758,0.215222522616,-2.19292283058,6.28252077103
135,26,O,11.03426736,11.22038284,9.50037923,-2,-0.496897876263,7.08709478378,-0.548431396484,-4.54401254654
136,0,H,12,12,12,1,0.367795705795,-0.213051170111,0.458509206772,0.397083103657
136,1,H,15.01439991,14.65544394,10.18980899,1,0.269802838564,-7.40659666061,6.19166326523,3.53664398193
136,2,O,13.32489806,12.9652958,9.1868777,-2,-0.482751011848,-3.92601060867,-1.38802695274,1.91080570221
136,3,O,11.97250221,10.9331459,13.14503982,-2,-0.37070915103,-2.16140007973,0.438519924879,-0.460574656725
136,4,H,14.05048579,13.21768302,9.79093715,1,0.194197148085,-1.39096975327,-0.0764205232263,-0.102933466434
136,5,H,9.19765719,10.9967052,10.92005805,1,0.207431331277,1.28263139725,0.557735681534,0.136845201254
136,6,H,15.21727609,13.64697381,9.01882651,1,0.251516014338,1.81972658634,2.49128103256,2.69581007957
136,7,H,10.25118989,11.06798131,10.42953495,1,0.146577954292,0.935090661049,1.67484891415,-1.64255273342
136,8,O,15.61787841,14.17651772,9.8638991,-2,-0.499254584312,6.42120552063,-8.01395988464,-6.64561891556
136,9,H,8.05493041,12.70043793,10.63663268,1,0.184986785054,1.32560229301,0.750129759312,0.289869189262
136,10,H,10.83309995,11.87793434,9.08129369,1,0.23426809907,-1.04736769199,0.0011450573802,0.00479688681662
136,11,H,8.79515383,10.39158016,11.87106365,1,0.268619298935,5.06077957153,-1.77631127834,-0.492477834225
136,12,H,13.76171515,12.34831893,10.93957843,1,0.219124644995,0.14190736413,-0.578781723976,0.957183837891
136,13,O,9.00838163,12.81642036,10.87760054,-2,-0.674302995205,-1.81040453911,-1.60918796062,-0.293931484222
136,14,H,10.93965369,11.14872085,13.29965671,1,0.260516345501,3.32002472878,-2.10293006897,-0.63045912981
136,15,H,10.34380902,13.16326013,11.24563595,1,0.17339591682,-1.09518158436,0.25208774209,0.562872171402
136,16,H,12.24186412,9.94970339,12.95798197,1,0.246846854687,-1.68136131763,2.8197042942,0.253932416439
136,17,O,9.90155832,10.29532221,11.37362693,-2,-0.352389991283,-10.2044038773,-0.557210087776,4.89446735382
136,18,H,14.10053273,13.07232626,12.21502821,1,0.248199790716,0.649671494961,2.39392852783,0.949482023716
136,19,H,12.2845616,12.67198182,9.75444552,1,0.240371584892,4.49477863312,1.14463090897,-1.91536998749
136,20,H,11.30378214,13.70089736,12.60566155,1,0.237796753645,-0.82847982645,-0.5636267066,-3.00038075447
136,21,O,11.26333376,13.38856955,11.61902039,-2,-0.395838201046,2.70734286308,-1.06822371483,3.4009180069
136,22,O,13.90445494,12.22881294,11.90693073,-2,-0.460486263037,-0.860900759697,-2.30344748497,-1.58632612228
136,23,O,10.92733405,11.22253174,9.77322719,-2,-0.515715003014,4.4673666954,0.863943517208,-3.22008562088
137,0,H,12,12,12,1,0.19057700038,0.476016670465,-0.359332025051,1.13255476952
137,1,H,12.82002215,15.67850388,10.46040822,1,0.246064066887,2.27823233604,0.0157715920359,-0.927711725235
137,2,H,14.71366167,14.87651058,10.55932904,1,0.208820194006,2.71806406975,-2.25787854195,-2.49177050591
137,3,O,13.14583298,13.01785036,9.40877755,-2,-0.481428146362,-3.19539952278,-1.71290290356,2.37794017792
137,4,H,12.43462084,15.52316126,7.4122566,1,0.273689240217,0.464265942574,0.121848128736,-1.71695780754
137,5,O,11.81745606,10.94625987,13.3656876,-2,-0.488202184439,-2.29847335815,10.676030159,2.29504084587
137,6,H,12.99937751,15.46772209,8.93618554,1,0.214124694467,2.19638514519,-0.283120930195,3.43329811096
137,7,H,13.8691086,13.13769942,10.0731696,1,0.19760607183,-0.243870735168,0.56147736311,-1.45741641521
137,8,O,13.89686766,10.54923374,10.52699169,-2,-0.496137082577,1.17105662823,-0.754543840885,-3.24570155144
137,9,H,8.99972949,11.03881454,11.27984003,1,0.210298418999,2.1069290638,-1.37394618988,-0.0776647850871
137,10,H,14.95726049,13.79180924,9.4085112,1,0.235057115555,0.133653312922,0.146117836237,-1.41812729836
137,11,O,11.8228388,15.28167695,8.0820082,-2,-0.435539662838,-1.0914286375,0.068980678916,0.707738101482
137,12,H,10.15924466,11.01274624,10.69700049,1,0.17523252964,0.781493663788,0.457007825375,-1.00305533409
137,13,O,15.47402977,14.19227668,10.08024635,-2,-0.627306044102,-0.0911482423544,1.07641863823,3.19583678246
137,14,H,10.63582703,11.92896584,9.37313682,1,0.248119860888,-0.279439210892,-0.914788842201,0.683503448963
137,15,H,8.63089955,10.40254546,12.22576361,1,0.230528950691,2.77873730659,-1.59169638157,0.096664622426
137,16,H,13.62011399,12.61961643,11.1048899,1,0.207164645195,1.04403591156,-1.76091337204,4.85781574249
137,17,H,10.91914484,11.14907821,13.70392885,1,0.261208772659,0.938864171505,-1.39564788342,-0.638135492802
137,18,H,14.70857733,10.91098478,9.98138739,1,0.238920867443,-2.47285103798,-1.21949577332,1.54261481762
137,19,H,10.26899,13.29666563,11.68535904,1,0.258825212717,-3.49913573265,-0.447012454271,-0.688662648201
137,20,H,12.02135355,10.15488058,13.14722661,1,0.275392532349,1.33444130421,-8.64828395844,-2.23452401161
137,21,O,9.74707507,10.33180051,11.63746689,-2,-0.417679846287,-8.63566398621,0.883389830589,3.99034786224
137,22,H,11.42544038,14.42606788,7.85900468,1,0.284149289131,0.620557069778,0.20687879622,0.0281668193638
137,23,H,13.94681946,13.322716,12.59334283,1,0.219918504357,-0.415877968073,-3.91082406044,-1.68114888668
137,24,O,13.68099656,15.60173113,9.90235628,-2,-0.505193412304,-6.33581256866,1.99097466469,-1.13310813904
137,25,H,12.36835839,12.61863738,10.05145902,1,0.22664090991,2.46246910095,1.01691663265,-2.81490445137
137,26,H,11.24547071,13.59571062,12.76873319,1,0.258758097887,0.178761124611,0.718860387802,2.70833611488
137,27,H,13.32345203,10.07536813,9.83625581,1,0.248101919889,1.29243195057,1.13964533806,1.31434631348
137,28,O,11.1469153,13.42151075,11.87264345,-2,-0.420372664928,3.60233426094,-0.464118897915,-1.67328667641
137,29,O,13.80319375,12.32402113,12.14666906,-2,-0.460380405188,-0.810746133327,5.60229635239,-1.08767199516
137,30,O,10.81012421,11.21133944,10.01935087,-2,-0.576959371567,2.79111862183,2.411891222,-4.07435703278
138,0,H,12,12,12,1,-0.00625133514404,0.267696976662,0.00847970321774,0.963490605354
138,1,H,12.5894295,15.57275093,10.72413549,1,0.282679021358,4.19566202164,0.464814782143,-1.71371746063
138,2,H,14.45959789,15.01625076,10.78042201,1,0.229416251183,3.25386977196,-2.65725660324,-2.04443383217
138,3,O,12.96169055,13.05491713,9.58995002,-2,-0.483559042215,1.52024745941,2.43657660484,-3.15398406982
138,4,O,11.66142928,10.97246575,13.54073888,-2,-0.484031021595,3.14468336105,-1.26254534721,-2.30432367325
138,5,H,13.00273876,15.49109432,9.21648505,1,0.261566132307,2.67785429955,0.151370674372,2.65299081802
138,6,H,13.66499372,13.07617177,10.22323377,1,0.203316390514,2.55510735512,1.0988919735,-0.815372228622
138,7,O,13.75612097,10.55413798,10.75071231,-2,-0.507893443108,-4.5501742363,-3.45621323586,-1.30128180981
138,8,H,8.94233746,11.10347287,11.59076867,1,0.235553428531,1.276019454,-0.499945819378,-0.925090670586
138,9,H,14.69039906,13.95536412,9.6513908,1,0.216497093439,-0.717824280262,-0.489582896233,-2.48202013969
138,10,H,10.12592873,11.02268612,10.87732492,1,0.184581384063,-0.690316796303,-0.353165984154,1.1333053112
138,11,O,15.33369097,14.19414484,10.25830686,-2,-0.735436320305,0.350410342216,1.64698910713,3.91946053505
138,12,H,10.40295457,11.89689199,9.65353156,1,0.254725277424,-0.201507270336,0.684524416924,-0.697443902493
138,13,H,8.61970348,10.38163335,12.59235699,1,0.25866356492,3.82228803635,-1.71621966362,-1.43548774719
138,14,H,13.52878209,12.77227179,11.50323769,1,0.229809075594,0.195420235395,0.756720423698,-2.14225411415
138,15,H,10.9001867,11.08780044,14.05046067,1,0.257196366787,-1.91325414181,-0.682997703552,0.957606554031
138,16,H,14.4199353,10.98326564,10.27600789,1,0.257495522499,1.77046120167,0.882883369923,-1.577709198
138,17,H,10.02466473,13.37301904,12.018761,1,0.248389050364,2.51728606224,0.191660523415,-0.0164088029414
138,18,H,11.82802102,10.02699861,13.19430553,1,0.26653778553,-0.959995150566,2.28110814095,1.16012561321
138,19,O,9.56155678,10.35218155,11.86593249,-2,-0.388989090919,-8.34074497223,0.488390237093,5.49713516235
138,20,H,13.7614353,13.36512633,12.84136099,1,0.234640449286,0.114887133241,-3.33147525787,-1.31923782825
138,21,O,13.58672488,15.65656287,10.15731661,-2,-0.361650705338,-9.13556194305,1.5671902895,-0.561422526836
138,22,H,12.5373439,12.58007289,10.20145443,1,0.230154916644,-4.9995598793,-3.92735433578,2.40615177155
138,23,H,11.21495519,13.50036607,13.00095247,1,0.253789305687,0.297869294882,0.0637004375458,1.12884771824
138,24,H,13.09470155,10.07613524,10.03717753,1,0.253886699677,2.74765896797,2.05902457237,2.52303242683
138,25,O,11.04649366,13.43844033,12.0717629,-2,-0.408755511045,-2.4578897953,-0.289292097092,-0.945739448071
138,26,O,13.70195063,12.42503673,12.32980527,-2,-0.435223549604,-0.339800655842,2.89320421219,5.05510520935
138,27,O,10.7109849,11.19494976,10.20286841,-2,-0.547107696533,3.59920716286,0.990519881248,-3.96132326126
139,0,H,12,12,12,1,-0.118796110153,0.30814614892,0.283466368914,0.612290203571
139,1,H,12.59258514,15.45299984,10.83046804,1,0.308993279934,2.46739912033,0.777535200119,-0.635833144188
139,2,H,14.29054922,15.04742417,10.79071283,1,0.243530064821,3.56419062614,-2.74983310699,-1.10200512409
139,3,O,12.80832642,13.05751189,9.67563381,-2,-0.467801570892,-0.995350658894,-2.0394346714,2.35628628731
139,4,O,11.54162784,10.9576431,13.61675482,-2,-0.451461434364,-1.13771307468,-3.15105104446,0.398639976978
139,5,H,13.11769751,15.45808673,9.49800904,1,0.291730344296,0.163720652461,-0.791257202625,-2.53558731079
139,6,H,13.59708317,13.03926261,10.23369284,1,0.196866005659,1.74248290062,0.98576772213,-1.10329341888
139,7,O,13.62672531,10.51035688,10.87785033,-2,-0.5171661973,0.231766790152,-0.205043315887,2.0533823967
139,8,H,8.98368071,11.20158173,11.77529458,1,0.262948215008,-0.0628423392773,-0.688320457935,-0.0539348497987
139,9,H,14.43973533,14.07656194,9.66519655,1,0.201941639185,4.00652122498,-0.106797687709,1.3706485033
139,10,H,10.09884633,11.01174067,11.04271338,1,0.185507744551,1.34060430527,-0.610907554626,-0.159377008677
139,11,O,15.22047983,14.15784986,10.35953695,-2,-0.778437435627,-4.21300888062,0.61838388443,-0.924753725529
139,12,H,10.17993347,11.85360084,9.82230734,1,0.243119224906,0.700029432774,-0.183165311813,-0.360014349222
139,13,H,8.7880662,10.29694673,12.83604921,1,0.257132709026,1.25891160965,-0.860489249229,-0.921412467957
139,14,H,13.45139364,12.94807067,11.6808598,1,0.239362463355,0.0222171992064,1.72215533257,-3.66123318672
139,15,H,10.79532338,10.96856015,14.325992,1,0.234643608332,2.03958630562,-0.577476799488,-2.11008238792
139,16,H,14.24184728,11.03625991,10.40639254,1,0.264937222004,1.11210012436,0.576031982899,-0.750972926617
139,17,H,9.8654235,13.37355294,12.21272892,1,0.234214857221,4.59117603302,0.27049306035,-0.0565477125347
139,18,H,11.61741391,9.95603901,13.19590399,1,0.255951583385,-0.561652183533,3.90753245354,1.88098287582
139,19,O,9.37583528,10.32823847,12.01863401,-2,-0.405685067177,-4.11453294754,0.426899969578,3.16411399841
139,20,H,13.58731117,13.21715999,12.96743903,1,0.251893520355,0.268461287022,3.00731635094,3.53849363327
139,21,O,13.49043015,15.67322042,10.32405729,-2,-0.324193894863,-5.64509296417,2.80188798904,3.5360929966
139,22,H,12.5019437,12.34120142,10.33852004,1,0.228310242295,-1.43939042091,0.50259578228,-2.27665233612
139,23,H,11.23844151,13.37797153,13.2058527,1,0.246257677674,-1.04438829422,-0.0621034763753,-3.2874546051
139,24,H,13.03608618,10.158165,10.25990327,1,0.26767706871,-1.36148643494,-0.848865270615,-1.64574182034
139,25,O,10.9715526,13.41119301,12.17611942,-2,-0.388497591019,-3.34393906593,-0.0943943187594,3.46907424927
139,26,O,13.62643163,12.49249763,12.43584158,-2,-0.45191141963,-0.285579264164,-4.25641775131,1.24016094208
139,27,O,10.65554692,11.14276544,10.28247213,-2,-0.511066615582,0.38766387105,1.34549236298,-2.03526878357
140,0,H,12.99668529,7.77847522,9.1832732,1,0.226705402136,2.13558936119,-0.658928990364,-0.267087161541
140,1,H,12.51370525,14.80119402,12.2355016,1,0.251150101423,-4.46961927414,-3.17189884186,3.21986508369
140,2,O,14.8656014,12.8434,10.36370365,-2,-0.423708468676,-3.31614136696,-3.06826424599,0.335443973541
140,3,H,12.20934644,10.04107563,14.00637586,1,0.190954849124,1.959217906,7.10410022736,-0.0789626166224
140,4,H,11.4164415,8.68422877,9.73931083,1,0.257203638554,0.120173797011,1.9487606287,-0.656190872192
140,5,H,15.01187591,10.82957108,14.56589326,1,0.246176630259,-4.95839357376,0.0325702056289,0.109178945422
140,6,H,15.25121548,14.08314542,11.07756629,1,0.158429414034,0.733390450478,0.903084754944,0.390017330647
140,7,H,9.36109165,9.75070512,13.25679752,1,0.225427463651,-1.29940080643,-4.26680183411,3.24951386452
140,8,O,12.61977183,12.56029429,9.19712531,-2,-0.42185857892,-0.317432314157,-1.82060456276,0.41633656621
140,9,O,10.14969662,10.9311895,8.99673678,-2,-0.513180375099,1.29639220238,1.11125743389,-0.402659118176
140,10,O,9.95686817,13.20911838,12.72804445,-2,-0.738935887814,-0.365058928728,0.353135734797,0.110240697861
140,11,H,14.88705231,14.94992117,12.31882109,1,0.20815217495,2.51146960258,-0.235482767224,-2.20712709427
140,12,H,14.47212916,12.72242378,9.46665182,1,0.235438734293,0.687602221966,0.3111525774,0.877900540829
140,13,O,13.89439721,10.84263157,14.5647291,-2,-0.395360350609,6.1254696846,1.60121273994,-0.0747182294726
140,14,H,11.3043268,14.91202631,10.4278509,1,0.258472263813,1.51438260078,10.0209083557,1.00448870659
140,15,H,10.35719973,13.77108545,10.86231304,1,0.25766980648,-2.08123731613,0.149715602398,2.62821340561
140,16,H,9.1808135,13.59323841,13.23005926,1,0.174556136131,1.33096265793,-0.643803775311,-0.926231026649
140,17,H,14.02929299,12.45500164,10.87711813,1,0.240807771683,2.92390489578,1.45532524586,-1.58608686924
140,18,H,10.83078499,11.61320934,8.72179767,1,0.231021285057,-1.14259648323,-1.26889240742,0.131942018867
140,19,H,12.75041496,12.97953158,8.35341258,1,0.240773156285,-0.814395725727,0.699836671352,-0.275887578726
140,20,H,12.30638914,11.66833729,14.74559042,1,0.211727589369,1.94632697105,0.70187908411,0.859329640865
140,21,H,13.62647167,9.95096204,14.45924532,1,0.232395216823,0.155485749245,-1.92889845371,0.272540867329
140,22,O,13.16594211,15.32730466,11.96204045,-2,-0.455930829048,1.77159309387,1.6164560318,-6.47303628922
140,23,H,14.47425838,7.3487088,9.96947959,1,0.256534814835,-2.33421349525,0.109834693372,-2.16278195381
140,24,O,15.65596418,14.78428217,11.63440771,-2,-0.550699472427,-1.71236777306,0.603748261929,2.42721676826
140,25,H,12.94568798,15.02763797,10.92255403,1,0.234122425318,2.07876372337,1.65741467476,3.76398229599
140,26,H,13.69609458,10.60582765,11.84466241,1,0.2394900769,-1.40624010563,0.598029434681,-0.140891000628
140,27,O,12.29511863,9.14617654,9.88756095,-2,-0.295775711536,-2.90073657036,-1.32610309124,-0.933709204197
140,28,H,11.19779983,12.57864038,14.1817055,1,0.237249135971,-1.03393363953,2.65553951263,-1.23901569843
140,29,O,11.82532304,9.27291993,14.0050461,-2,-0.469125390053,-2.00135064125,-8.89616775513,-4.48814535141
140,30,O,9.75400205,9.88687539,12.43887041,-2,-0.453709989786,0.483888030052,-0.967606365681,-2.46749377251
140,31,H,12,12,12,1,0.251261711121,0.55810958147,-1.84901690483,0.0427669882774
140,32,O,11.08206413,14.11059332,10.38300893,-2,-0.421345680952,-0.7267318964,-10.0480155945,-2.65176677704
140,33,O,12.74323915,10.77004285,11.60343743,-2,-0.28490036726,0.357414066792,1.55441081524,0.792475879192
140,34,H,11.88485055,9.05816403,12.93279485,1,0.22841656208,-0.696039140224,0.780394971371,4.54893064499
140,35,H,11.83293211,12.85164966,9.75173312,1,0.203122407198,1.04026293755,1.22409343719,-1.38723170757
140,36,O,11.42086329,11.73784724,14.48700161,-2,-0.487426161766,-1.39298021793,-2.32844924927,0.366812467575
140,37,H,9.55740363,10.69909207,12.83435853,1,0.232799738646,0.823964893818,5.57420921326,-1.39375865459
140,38,H,12.52802013,10.24090583,10.74475113,1,0.182547017932,-0.0503821969032,0.898203074932,0.81114256382
140,39,O,13.81175161,7.22675928,9.18778311,-2,-0.499444693327,1.38093686104,-0.563142776489,1.40682697296
140,40,H,12.54190265,8.42832448,10.4452302,1,0.25390535593,1.58025383949,-0.647900104523,1.76727116108
140,41,H,10.46259654,10.70648556,9.87792231,1,0.244891196489,-0.496303319931,0.0247045829892,0.28034427762
141,0,H,12.44980558,14.91526049,12.46039894,1,0.239069834352,1.53507184982,1.02135074139,-0.735103070736
141,1,O,14.87405309,12.93338677,10.41129056,-2,-0.522218227386,-0.0793115198612,-0.608696103096,3.33285045624
141,2,O,13.62651993,14.82636158,8.58464013,-2,-0.460627198219,1.36010658741,2.12359380722,3.32928872108
141,3,H,12.13047853,10.30013264,13.88186111,1,0.189677223563,-1.52806150913,-2.23264026642,1.43848991394
141,4,H,11.50281299,8.69023053,9.8842314,1,0.26765525341,-1.14826095104,0.467535257339,-0.362783223391
141,5,H,9.26170027,9.71036515,13.27869897,1,0.197315007448,1.44282996655,-0.784926950932,-1.71567523479
141,6,H,12.90705891,14.54925066,8.10762794,1,0.259514391422,-1.65950322151,-0.169128939509,-2.61962914467
141,7,O,12.63520914,12.70906307,9.26692652,-2,-0.48855856061,-0.677569389343,-5.12546730042,4.26940345764
141,8,O,9.97834051,13.27230885,12.74507138,-2,-0.735461831093,0.80809545517,-0.336841821671,0.062341876328
141,9,H,6.68408193,14.77306206,12.8261574,1,0.251431882381,-0.150586441159,-0.0123506002128,-0.0759577006102
141,10,H,14.51827462,12.83969897,9.55265207,1,0.230275735259,-0.860019862652,-0.125853180885,-1.21818602085
141,11,H,11.48963431,15.07562671,10.44010285,1,0.244908645749,-1.80029737949,-2.53293395042,0.369739502668
141,12,H,10.41839283,13.88888416,10.98998847,1,0.243271544576,-1.39627981186,0.500268280506,2.14211773872
141,13,H,9.21624236,13.67394871,13.17405082,1,0.179319500923,0.560293257236,-0.604963183403,-0.545073568821
141,14,H,14.06603265,12.71375908,10.98055315,1,0.232930287719,1.8818333149,0.876471936703,-1.57316851616
141,15,H,12.70706014,13.12640052,8.48040274,1,0.225328683853,-0.848078608513,1.52779948711,-2.91599583626
141,16,H,12.27888663,11.75119389,14.97828887,1,0.247609212995,-0.121119096875,0.876023113728,0.402557492256
141,17,O,13.2290696,15.38934333,12.01681695,-2,-0.514842033386,-2.44672203064,-2.17453956604,-2.88656759262
141,18,H,13.05873676,15.07576105,10.9953889,1,0.23311676085,1.3989546299,1.04182636738,3.7967402935
141,19,H,13.65177166,10.99026733,12.00819278,1,0.257266998291,0.19927239418,-0.138374269009,-0.168495476246
141,20,O,12.3257049,9.16866074,9.95282168,-2,-0.366709411144,0.952118039131,-1.45972645283,0.213256374002
141,21,H,11.11642636,12.68859576,14.2497296,1,0.243710875511,0.32616341114,-0.824596762657,-0.128941982985
141,22,O,11.81073864,9.3372508,14.09945394,-2,-0.50901055336,2.47375607491,1.08972644806,-6.11620283127
141,23,O,9.80292253,9.95746334,12.45328273,-2,-0.412031680346,-3.64898276329,5.04035949707,3.6215429306
141,24,H,14.49214157,14.87586423,8.23360715,1,0.262637466192,0.704159617424,-0.070981875062,-1.30338644981
141,25,H,12,12,12,1,0.301552295685,0.633443117142,-1.83092737198,-0.311155259609
141,26,O,7.23652716,13.99662766,12.96870862,-2,-0.473697125912,2.30205202103,1.57782685757,2.0726788044
141,27,O,11.15912938,14.10583381,10.44089837,-2,-0.418583571911,1.42116808891,2.54352355003,-1.20721006393
141,28,O,12.7750616,10.84924452,11.63460404,-2,-0.284563153982,-0.846778333187,1.81917285919,0.628755927086
141,29,H,11.87782837,9.18235296,12.96760366,1,0.209510803223,-0.896397352219,-0.129433169961,4.9990901947
141,30,H,11.85288237,12.82191508,9.91512609,1,0.215172618628,1.34024763107,1.08972454071,-2.52445912361
141,31,O,11.44425399,11.77901122,14.5066853,-2,-0.459546148777,-0.29675412178,1.01111352444,-0.375496506691
141,32,H,9.45682939,11.11479577,12.86923284,1,0.195886537433,2.25141048431,-3.61994838715,-2.59803581238
141,33,H,12.77457917,10.24311089,10.77429633,1,0.206677734852,-0.760749220848,1.32786715031,0.809843599796
141,34,H,12.76807605,8.53996699,10.55011787,1,0.268217653036,0.441343963146,0.0162011086941,-0.334557443857
141,35,H,8.01050681,14.41230798,13.55683122,1,0.243792578578,-2.86684799194,-1.1680535078,-1.77261805534
142,0,O,14.87502459,13.06775188,10.47008272,-2,-0.532948970795,4.04242181778,-0.329720973969,-1.92845892906
142,1,H,8.31937785,11.2842829,11.64788318,1,0.228589624166,-0.506909072399,-0.116215392947,-0.0455075837672
142,2,O,13.61433235,14.91159474,8.66589314,-2,-0.434788733721,1.59266233444,1.37718236446,-0.22806738317
142,3,H,11.96216847,10.51626144,13.81642308,1,0.187866076827,-1.34271609783,-3.47158622742,3.03140449524
142,4,H,8.68598772,12.49691348,12.5211847,1,0.179665714502,-0.682786881924,0.191997751594,-0.745214402676
142,5,H,9.22789785,9.66836176,13.24466723,1,0.184368595481,2.12593841553,1.3603105545,-2.5228407383
142,6,H,12.95833611,14.60860694,8.03009093,1,0.245099470019,0.888873696327,1.23468053341,-0.808158755302
142,7,O,12.64320407,12.88909552,9.35808225,-2,-0.463852345943,3.08104419708,-2.88309788704,-5.08854341507
142,8,O,10.10260864,11.05673992,9.04782535,-2,-0.539670944214,-0.61515879631,-1.37308812141,3.99831032753
142,9,O,9.99518278,13.38611174,12.7670749,-2,-0.626628220081,3.67966890335,-1.6556353569,-1.36620879173
142,10,H,6.88964275,14.99844683,12.94557087,1,0.235055655241,-0.160046115518,-0.0550228022039,-0.0908880978823
142,11,H,14.50225317,13.00922028,9.57474968,1,0.23166488111,-0.208717226982,0.0300767663866,0.846911847591
142,12,H,11.59028104,15.260691,10.47448969,1,0.234151214361,-1.82338273525,-5.43499040604,0.336303174496
142,13,H,10.42492267,14.07862195,11.16923678,1,0.225008651614,1.92196273804,0.400268286467,-0.69891500473
142,14,H,9.26528146,13.78384154,13.11800609,1,0.181865796447,-1.89614021778,1.71263003349,1.11614906788
142,15,H,14.15581556,13.05604781,11.0149234,1,0.24333371222,-3.00413250923,0.383105069399,1.74622559547
142,16,H,10.91796593,11.44154867,8.73688393,1,0.249234810472,0.656984865665,0.172921478748,0.338808864355
142,17,H,12.59655754,13.38599708,8.46247128,1,0.22098338604,-1.08593654633,-2.2334048748,3.50042891502
142,18,H,12.23454166,11.93385127,15.1981065,1,0.238715052605,-2.29567551613,0.236887305975,-1.63581311703
142,19,H,13.58519938,11.39547795,12.16977546,1,0.256123065948,-0.568029224873,-1.65327310562,-1.37005770206
142,20,H,11.08540694,12.79231415,14.29652215,1,0.240276485682,0.542183995247,-1.47191381454,0.0535620599985
142,21,O,11.79323896,9.45472391,14.1791548,-2,-0.535226106644,1.97025418282,4.32291173935,-0.889849305153
142,22,O,9.83668319,10.09507621,12.48622386,-2,-0.506567180157,-2.37845897675,3.11869335175,2.83003354073
142,23,H,14.54634624,14.88274188,8.32979204,1,0.24667981267,-1.55145668983,0.0564684420824,-0.107098579407
142,24,H,12,12,12,1,0.33689135313,0.402090787888,-1.87931716442,-0.696115136147
142,25,O,7.26289354,14.10810993,13.01114965,-2,-0.444468468428,2.01923274994,1.5031619072,1.64162433147
142,26,O,11.23484106,14.15318742,10.50364867,-2,-0.412429451942,-1.70840358734,6.06428432465,2.32827877998
142,27,O,12.80034118,10.98341125,11.67281193,-2,-0.193572610617,-0.109431043267,1.5594894886,0.232380494475
142,28,O,7.97361148,11.81196737,12.38249267,-2,-0.456160545349,0.33540636301,-0.112299606204,-0.0616735592484
142,29,H,11.84190469,9.33851748,13.25143538,1,0.212646126747,-0.600083947182,-2.21041584015,-1.81259453297
142,30,H,11.94330753,12.92105173,9.9671955,1,0.196121901274,-2.04093933105,1.15848982334,0.322093605995
142,31,O,11.45907997,11.87669447,14.52592789,-2,-0.41457054019,1.67989635468,2.40105986595,1.31916439533
142,32,H,9.4499992,11.35908888,12.77119823,1,0.255840986967,1.02002310753,-5.41505002975,-0.766568958759
142,33,H,12.99044641,10.31980179,10.86179689,1,0.260336577892,-0.230074822903,2.19128108025,2.16439461708
142,34,H,8.13550418,14.32402174,13.51824019,1,0.226176157594,-3.09193444252,-0.216642826796,-0.844404637814
142,35,H,10.18940429,10.79222164,10.10166648,1,0.24418887496,-0.0582299679518,1.03577744961,-4.09909677505
143,0,O,14.86165249,13.28460675,10.56175748,-2,-0.526056528091,-0.800473928452,0.0615077018738,0.0249606668949
143,1,H,8.34852074,11.44771943,11.80339365,1,0.194003134966,-1.24933671951,0.670384049416,-0.991549313068
143,2,H,11.69375073,10.62648948,13.94541598,1,0.186037421227,-0.354031831026,-0.983195066452,2.4393351078
143,3,H,8.74743316,12.63810556,12.70403373,1,0.172339588404,-1.45765435696,-0.591381072998,-0.832487225533
143,4,H,8.63308503,10.08482935,11.56241409,1,0.203703686595,-0.516034007072,-1.78863334656,-2.75125408173
143,5,H,9.29094317,9.76734431,13.14986314,1,0.226738870144,0.452460616827,0.922529399395,0.428984075785
143,6,O,12.63709971,13.14315245,9.4784828,-2,-0.470937907696,3.65181517601,-1.68014371395,-6.22977352142
143,7,O,10.0528703,11.23200423,9.11838582,-2,-0.546692311764,0.188980579376,-0.619610369205,3.58817911148
143,8,H,13.40691501,15.59623252,14.50113445,1,0.24867644906,0.327174037695,-0.471567064524,-1.19514036179
143,9,O,9.99650855,13.57993469,12.82724789,-2,-0.623257279396,0.0426494479179,0.0127764083445,0.29772490263
143,10,H,7.08115868,15.33340793,13.10109007,1,0.239104583859,0.0507561378181,-2.90041685104,-0.201740160584
143,11,H,14.42387342,13.2652506,9.65651263,1,0.229806363583,0.493221849203,-0.062253523618,1.87951254845
143,12,H,11.5404726,15.29043434,10.55645441,1,0.243546471,-0.26096868515,-2.41110610962,-0.148727357388
143,13,H,10.52610108,14.3660325,11.29183188,1,0.239359125495,0.682457566261,-0.877640604973,-0.0859302133322
143,14,H,12.93654619,13.88848844,13.95207469,1,0.262268662453,0.668556928635,4.92102336884,2.74438977242
143,15,H,7.99430345,9.31699101,10.18141885,1,0.248660117388,-0.897617518902,-2.04992794991,-0.289526879787
143,16,O,8.36409357,10.06884195,10.56234629,-2,-0.488771259785,0.93156504631,2.31937813759,2.27389121056
143,17,H,9.20181659,14.04408516,13.14265451,1,0.175266623497,2.02862048149,-0.0286356285214,-0.624709963799
143,18,H,14.08358145,13.48969956,11.14238101,1,0.242813885212,1.1577630043,0.0842555612326,-1.22368168831
143,19,H,10.93769392,11.4445791,8.81397162,1,0.245328947902,0.332177996635,0.0409365519881,0.345460563898
143,20,H,12.39603468,13.60780467,8.60605794,1,0.242682427168,-0.0062904432416,-1.09889233112,2.35733795166
143,21,H,12.02221441,12.22835614,15.3661413,1,0.245467364788,-0.534369051456,-0.354562520981,-0.477755576372
143,22,H,13.44860628,11.78898758,12.31579032,1,0.267754375935,0.202455833554,-2.03971838951,-1.26692962646
143,23,H,11.08572708,12.8913848,14.37669419,1,0.238815575838,-1.7203284502,2.45260119438,-1.07635855675
143,24,O,11.75383379,9.67383029,14.29878613,-2,-0.535654425621,0.589498639107,2.57765460014,2.1165099144
143,25,O,9.8338591,10.33285083,12.5723458,-2,-0.413537532091,0.146838903427,2.57580709457,0.0916011631489
143,26,H,12,12,12,1,0.272155642509,0.0141224861145,-1.86995410919,-1.14793324471
143,27,O,7.2698811,14.30621956,13.09746623,-2,-0.461701601744,-5.75768661499,4.06223201752,-2.09168243408
143,28,O,11.28109847,14.30514645,10.61726496,-2,-0.410835534334,-2.91803979874,4.98460435867,2.92669224739
143,29,O,12.80219374,11.21402986,11.75826455,-2,-0.160712003708,0.00947916135192,2.28768181801,1.35989487171
143,30,O,7.94739776,12.00575095,12.4652833,-2,-0.491583287716,1.25057172775,0.916627407074,0.931571602821
143,31,H,11.79015115,9.45642318,13.43051775,1,0.229535102844,0.0828421041369,-3.11612582207,-4.22466850281
143,32,H,11.92619376,13.16867083,10.07065785,1,0.20308111608,-1.98297870159,0.659688532352,0.687209248543
143,33,O,11.45497996,12.0704124,14.5837447,-2,-0.421137154102,2.12576055527,-0.662520229816,1.2977874279
143,34,H,9.51877287,11.41039313,12.66847167,1,0.238627225161,0.796857237816,-4.03062295914,0.868146240711
143,35,H,13.14165001,10.52451838,11.01276148,1,0.279553949833,-0.716235399246,1.86101639271,1.28469729424
143,36,H,8.05779362,14.34679428,13.48966799,1,0.238478124142,3.98879671097,-0.0422848090529,3.030189991
143,37,O,12.97481611,14.75685331,14.67478977,-2,-0.512862682343,-1.0384542942,-4.47434902191,-1.51838374138
143,38,H,10.05487476,10.98802734,10.1876903,1,0.249934598804,-0.00492300093174,0.742836534977,-4.59584379196
144,0,O,10.88533248,8.6484258,11.95491019,-2,-0.488810896873,-1.38946604729,1.62327766418,1.93299758434
144,1,H,10.71152891,9.44603527,12.60725088,1,0.165229380131,0.159488409758,-2.08049631119,-2.61275720596
144,2,O,14.82337782,13.62724301,10.73000106,-2,-0.468546688557,-2.61596822739,1.41513299942,2.24313926697
144,3,H,11.37662735,10.84325969,14.27705352,1,0.173889130354,-1.3804063797,3.28281259537,-0.490701019764
144,4,H,11.53612187,9.18340319,10.64661683,1,0.177272126079,0.22106051445,0.417893588543,0.499971956015
144,5,H,12.72804358,6.92374421,11.74962547,1,0.234950214624,-2.63838839531,-7.34285497665,-3.62714505196
144,6,H,9.34127431,10.02491265,13.17459896,1,0.251364886761,-1.72890281677,0.0529889240861,0.927959620953
144,7,O,12.61704446,13.51237129,9.66525379,-2,-0.426959306002,1.68573820591,-3.10438871384,-0.49403399229
144,8,O,9.98030277,11.53309715,9.28068439,-2,-0.528850197792,2.44253396988,1.5894343853,-6.77565288544
144,9,O,9.97550237,13.89941654,12.96961245,-2,-0.605079770088,0.0416260659695,0.401205569506,0.31597751379
144,10,H,7.26153771,15.69497304,13.32099556,1,0.241082623601,-0.73293441534,-3.19745349884,-0.469104349613
144,11,H,14.31503844,13.64598833,9.89807625,1,0.209229454398,0.367069214582,-0.310465842485,-0.0416561551392
144,12,H,11.45448845,15.41755967,10.69509167,1,0.262281417847,2.9908208847,8.74246406555,-2.58603334427
144,13,H,10.64419008,14.72906259,11.44615684,1,0.234186202288,-3.65147233009,-1.20022702217,3.80138731003
144,14,H,9.18898047,14.42841568,13.2063966,1,0.160081714392,1.71752214432,-0.505045473576,-1.05406415462
144,15,H,14.01255307,14.02763091,11.28979911,1,0.226896718144,3.01942229271,-1.06411588192,-1.64707863331
144,16,O,13.06793941,7.61480554,12.11784739,-2,-0.450470238924,2.94932317734,6.89823961258,3.33331727982
144,17,H,10.95593465,11.59260239,8.98551909,1,0.249809473753,-2.35554862022,-0.456306517124,1.18908333778
144,18,H,12.16664553,13.8333942,8.9274728,1,0.237029969692,-0.758657932281,0.845508933067,-2.5702290535
144,19,H,11.73736908,12.63641544,15.5861939,1,0.237369075418,0.566626369953,-0.518277466297,0.933077096939
144,20,H,12.16101794,8.13133477,12.10548395,1,0.105968564749,1.00170576572,-0.46788161993,0.679861605167
144,21,H,13.29339388,12.18064924,12.4878797,1,0.272103875875,1.65043616295,-0.441270709038,0.202993571758
144,22,O,12.35451548,9.6770177,10.34104238,-2,-0.422858536243,-2.81784081459,3.16411304474,-4.25605535507
144,23,H,11.00142551,13.20682241,14.47610204,1,0.225972026587,-1.14142251015,0.803012669086,-1.3853815794
144,24,O,11.69074003,10.02637846,14.50526744,-2,-0.46376183629,1.9861600399,-6.32252454758,-3.60876178741
144,25,O,9.80709327,10.70697071,12.74008614,-2,-0.386819332838,6.44549798965,-18.3340625763,-0.33925011754
144,26,H,12,12,12,1,0.274371445179,-6.07377529144,1.3439258337,-0.956787347794
144,27,O,7.23805495,14.64069979,13.25784466,-2,-0.428008615971,0.143549233675,4.21016645432,0.351766884327
144,28,O,11.29466951,14.59725525,10.82327385,-2,-0.338120043278,-2.57447218895,-4.98874092102,1.99089634418
144,29,O,12.78062316,11.58658568,11.93366043,-2,-0.173094213009,5.91867351532,-2.44154310226,0.256055802107
144,30,H,11.76097683,9.56014246,13.47526985,1,0.206994771957,0.372290611267,1.26627159119,4.66190099716
144,31,H,11.81523658,13.55334324,10.28152406,1,0.161444932222,1.37664496899,-0.540833055973,-0.591836869717
144,32,O,11.43450863,12.39304885,14.72008484,-2,-0.387502074242,0.351715624332,1.18670582771,0.144575685263
144,33,H,9.62456722,11.4503627,12.69001184,1,0.262608528137,-6.08043813705,19.7844696045,-0.331563204527
144,34,H,13.22149617,10.90799841,11.23407144,1,0.285864055157,-2.54187560081,1.80604362488,0.58575630188
144,35,H,12.97725286,9.41011272,10.9030307,1,0.213001668453,3.83580112457,-3.26927614212,3.34162759781
144,36,H,8.09425383,14.53255551,13.67859303,1,0.229488641024,-0.767215967178,-0.979142487049,0.805616557598
144,37,H,9.92018685,11.37233803,10.14239312,1,0.270390868187,0.00507929176092,-1.26875972748,5.64013242722
145,0,O,11.07245218,8.99368601,12.17288196,-2,-0.751316547394,0.594971835613,0.31225913763,1.11063027382
145,1,H,13.12056327,11.76520444,9.29659655,1,0.233417004347,1.27764320374,-0.860255718231,-3.28627610207
145,2,H,14.33078746,11.85807469,8.19687763,1,0.231923297048,-2.3148765564,-0.778260588646,0.473304510117
145,3,H,10.9947856,9.87944576,12.58476083,1,0.160904571414,0.163729161024,-1.46793103218,-1.23040485382
145,4,H,8.42217565,12.10184351,12.13548404,1,0.255156993866,-0.71532189846,-0.762131154537,-0.827734827995
145,5,H,11.26262786,11.17365858,14.66411461,1,0.231382220984,1.8153192997,-3.29102230072,-0.626794576645
145,6,H,11.82748205,9.47295042,11.09483945,1,0.138694196939,-1.27987086773,-0.67036241293,1.15753018856
145,7,H,8.87741984,13.0922978,13.11750823,1,0.256086885929,0.504424214363,1.5422103405,0.965511918068
145,8,H,9.55690632,10.25231674,13.35317658,1,0.240467101336,-0.378271371126,1.29225826263,-0.327607423067
145,9,O,12.84153853,13.83631473,9.90921856,-2,-0.50954246521,0.319370150566,-2.18406820297,-2.93086743355
145,10,O,10.16134228,11.8127384,9.47905307,-2,-0.557840168476,0.849816024303,0.791212022305,-1.15162980556
145,11,H,11.72314085,15.86330079,10.79281836,1,0.271989971399,-0.227457433939,-3.43938398361,0.639916658401
145,12,H,10.85355469,14.98863733,11.77976965,1,0.275553822517,0.225531026721,-0.087751686573,-0.485035538673
145,13,H,11.11916903,11.72521423,9.25389857,1,0.252514481544,-1.1470952034,-0.361151278019,0.51030421257
145,14,H,12.19205504,14.01761069,9.18762746,1,0.228086605668,1.56460392475,-0.337030678988,-0.698509693146
145,15,O,13.40026601,11.46171461,8.32679714,-2,-0.512519478798,1.21776282787,1.71561491489,2.37539029121
145,16,H,13.4656555,12.51071804,12.74790511,1,0.295093536377,0.887620508671,1.21654319763,1.12318372726
145,17,O,12.57893394,9.94278506,10.58595869,-2,-0.471934705973,2.32995223999,1.7544901371,-0.568547010422
145,18,O,11.87428098,10.33349696,14.75435643,-2,-0.523270487785,-0.103022515774,0.101028710604,-2.33134317398
145,19,O,10.04280871,11.01972652,12.96174022,-2,-0.400734782219,0.205733388662,4.89200496674,-0.894457280636
145,20,H,12,12,12,1,0.307209730148,1.92885744572,-0.687877655029,0.370527803898
145,21,O,11.54372719,14.85619977,11.09444214,-2,-0.36503213644,-4.10791397095,7.33355855942,3.89639210701
145,22,O,13.01622931,11.93045458,12.16719277,-2,-0.216208279133,-2.07656788826,-1.50176382065,-1.84274327755
145,23,O,8.10479594,12.63368629,12.85686816,-2,-0.493731468916,-1.57565641403,0.498150110245,-0.267239779234
145,24,H,11.99608251,9.70703423,13.8144986,1,0.220091223717,-1.37265908718,2.58478951454,3.27620649338
145,25,H,12.04849817,13.86220044,10.50482635,1,0.174191176891,2.03672337532,-1.17759299278,-0.250275582075
145,26,H,9.80749343,12.07556487,12.80759284,1,0.247550681233,0.390832841396,-5.32274341583,1.48650920391
145,27,H,13.49554864,11.31813101,11.49859944,1,0.296199113131,-1.18261504173,0.500229239464,0.275402784348
145,28,H,13.28532822,9.73212218,11.21798154,1,0.218522235751,-0.17631354928,-0.955639481544,-0.526503503323
145,29,H,10.02928156,11.70171833,10.41131501,1,0.267095595598,0.344750791788,-0.649384319782,0.585160017014
146,0,O,11.22802128,9.33031126,12.37143501,-2,-0.683649361134,0.547964036465,-2.12469339371,-0.282554626465
146,1,H,11.24388516,10.25622976,12.47603693,1,0.176000237465,-0.658639013767,1.04056489468,0.987018942833
146,2,H,8.47157712,12.41739416,12.23870567,1,0.25252610445,-0.446919023991,0.295706748962,0.732014119625
146,3,H,12.05995089,9.75760719,11.51028789,1,0.0561612546444,-0.843238115311,-1.25096833706,-0.171179905534
146,4,H,9.0851189,13.39824104,13.32632992,1,0.24382185936,-1.13840603828,0.253252804279,0.0829537138343
146,5,H,9.7323248,10.54103619,13.54470894,1,0.207415223122,0.61805999279,2.07750892639,-0.920215785503
146,6,O,13.03130455,14.13353854,10.12220295,-2,-0.507449150085,1.03158855438,-2.11253786087,-6.18039751053
146,7,O,10.3169884,12.08882424,9.64673897,-2,-0.524328708649,-2.75145792961,0.782175898552,4.92363643646
146,8,H,11.93491986,16.18525394,10.906574,1,0.269545584917,-0.943982601166,-4.96822977066,2.17609167099
146,9,H,11.00829311,15.1687915,12.09876284,1,0.261538743973,2.16923284531,0.672011017799,-2.46557569504
146,10,H,11.2169196,11.86876784,9.52426458,1,0.252538204193,1.78580331802,-0.87175065279,0.116521805525
146,11,H,12.31124018,14.1659637,9.37459655,1,0.227011993527,2.54728746414,-0.18819513917,0.888754785061
146,12,H,13.64587329,12.86685511,13.05219201,1,0.266800761223,-0.583302378654,-0.996217131615,-1.31800711155
146,13,O,12.77026853,10.20780854,10.80753008,-2,-0.469367980957,4.79686546326,1.05525791645,2.62240052223
146,14,O,10.25260368,11.32972096,13.15938053,-2,-0.444795459509,-0.106656417251,5.47559642792,-0.653707146645
146,15,H,12,12,12,1,0.368783354759,2.3412964344,-0.297079831362,0.949887931347
146,16,O,11.7529609,15.12991101,11.35273416,-2,-0.377451479435,-4.94118452072,7.48499727249,4.09742498398
146,17,O,13.2176808,12.26157983,12.37322581,-2,-0.226086676121,-2.52507972717,0.515389442444,0.728842556477
146,18,O,8.27099184,12.92598397,13.05759197,-2,-0.459828257561,-0.376507997513,0.795067846775,-0.706309080124
146,19,H,12.33444064,14.10481508,10.74411338,1,0.171715348959,0.0199269205332,-0.785269021988,1.42305219173
146,20,H,9.96948835,12.61055857,12.97891966,1,0.240749001503,1.07725250721,-6.73185968399,1.54223716259
146,21,H,13.73725524,11.75817176,11.73027154,1,0.263929188251,0.384434759617,-0.0255029648542,-0.420386075974
146,22,H,13.59741063,10.01831321,11.51190875,1,0.193976849318,-3.18461441994,0.126099556684,-3.24203038216
146,23,H,10.11926888,11.99947084,10.75277985,1,0.240443512797,1.18027830124,-0.221323922276,-4.91047382355
147,0,O,11.26529145,9.64269586,12.52003512,-2,-0.403424173594,-0.418524563313,1.44113326073,0.162251994014
147,1,H,13.39120484,12.45420747,9.47006657,1,0.225455284119,0.50849878788,-0.0592266581953,-0.229499042034
147,2,H,14.53441492,12.36416328,8.49141661,1,0.24379555881,3.55433034897,1.23054385185,-0.447989106178
147,3,H,11.30580679,10.66536729,12.37656192,1,0.161164671183,-1.69170379639,-2.52049565315,1.45195972919
147,4,H,10.60117338,10.59388886,9.99236707,1,0.186105459929,-1.01658856869,-1.43216896057,-0.0705566182733
147,5,O,15.22836185,14.538996,11.30817295,-2,-0.455243110657,-2.09110355377,1.42330825329,0.0428145043552
147,6,H,8.36521478,12.74766283,12.33840228,1,0.23557113111,0.177885279059,0.679684519768,0.705613195896
147,7,H,12.17727424,10.01942507,11.76152893,1,0.012114495039,1.3191806078,-0.707107543945,-1.864377141
147,8,H,9.16982794,13.7217343,13.45936897,1,0.161286249757,-1.74510753155,0.694756746292,-0.663636386395
147,9,O,10.46701821,9.63435827,9.89169151,-2,-0.441429436207,2.23081684113,0.607677996159,-1.32145452499
147,10,H,9.84038206,10.90976228,13.68656972,1,0.201363891363,-0.808481216431,0.947583436966,0.123084224761
147,11,O,13.09719328,14.39421536,10.26593227,-2,-0.36802726984,1.01423835754,-2.35275125504,-2.20868372917
147,12,O,10.34802654,12.35135405,9.77956345,-2,-0.408277392387,0.953994810581,-0.162077695131,3.06744098663
147,13,O,10.47954368,14.72857027,13.47376208,-2,-0.462188959122,-1.81378662586,0.961840033531,-0.98870497942
147,14,H,14.55063254,14.38630259,10.54667272,1,0.154662355781,1.79980325699,0.064335487783,1.21611237526
147,15,H,11.93644546,16.24070739,11.0999101,1,0.247052654624,-0.298768043518,0.068547770381,0.107556417584
147,16,H,11.13273233,15.28379869,12.27803625,1,0.161566257477,-0.29293641448,0.15202973783,0.867738604546
147,17,H,9.74037268,9.33468568,10.37756241,1,0.238982453942,-1.6947902441,-0.29700756073,1.31553936005
147,18,H,9.80683014,15.47485179,13.22097385,1,0.178799211979,1.14410436153,-1.82617557049,0.975591719151
147,19,H,14.67624469,15.28133662,11.7409923,1,0.217830613256,1.59132182598,-1.46710968018,-0.641472876072
147,20,H,11.27490518,11.99942248,9.74711459,1,0.21620875597,-0.637723267078,0.652623534203,-0.362089067698
147,21,H,12.48863249,14.2764715,9.54659263,1,0.225517526269,-0.453829318285,0.0921308472753,-1.09015905857
147,22,O,13.68328834,12.09306016,8.62145397,-2,-0.47620922327,-3.91745209694,-1.172986269,0.672267913818
147,23,H,13.66912818,13.14929376,13.269471,1,0.236642971635,-0.534738242626,-1.0728764534,-1.76331853867
147,24,O,12.84784568,10.45873121,10.99172683,-2,-0.324825912714,0.804858088493,0.99134272337,1.76224780083
147,25,O,10.34049166,11.63711895,13.30556346,-2,-0.331249296665,1.94938373566,5.74607896805,-2.2655954361
147,26,H,12,12,12,1,0.365239083767,2.71611976624,0.697817564011,1.36858999729
147,27,O,11.83063664,15.41412155,11.56963642,-2,-0.380180418491,-1.21103930473,0.738488674164,1.58002877235
147,28,O,13.29002862,12.57776826,12.5302062,-2,-0.270616233349,-2.2164721489,-0.708827733994,-0.286687910557
147,29,O,8.31686045,13.20032718,13.20377169,-2,-0.432809591293,0.119331009686,0.27146038413,0.0105253010988
147,30,H,12.49881305,14.30125217,11.05170999,1,0.176061436534,0.343141436577,0.947840034962,-0.127349078655
147,31,H,10.06599636,12.88745623,13.1692074,1,0.248053073883,1.00336754322,-5.99516963959,1.52034783363
147,32,H,13.91326282,12.18896053,11.87493968,1,0.235064953566,-0.0720051452518,0.988542199135,0.969103991985
147,33,H,13.63914473,10.31980548,11.5826263,1,0.192842274904,-0.667319417,0.0398921519518,-1.17971551418
147,34,H,10.14479713,12.28147963,10.78981386,1,0.233100548387,0.351995676756,0.336322009563,-2.40752720833
148,0,O,11.24351552,9.94072677,12.64406992,-2,-0.540526092052,-0.420245438814,1.4644857645,-0.12461001426
148,1,H,13.40895917,12.83861732,9.65916655,1,0.216067373753,1.51800000668,-2.02418923378,-3.83906793594
148,2,H,14.60784881,12.60459968,8.66284937,1,0.235416129231,0.980251729488,0.224074348807,-0.149293214083
148,3,H,11.21402885,10.92810012,12.35307991,1,0.180849686265,-1.15813171864,-3.28185129166,1.52517557144
148,4,H,10.57401049,10.86652242,10.16402776,1,0.198230206966,-1.25823140144,-3.65599822998,-0.179509982467
148,5,H,12.25880679,10.24358965,11.84414008,1,0.0931093394756,-0.433549910784,-1.60470104218,-0.451041460037
148,6,H,13.020364,7.98319242,12.74832234,1,0.241482228041,-2.37411952019,-4.19970226288,-0.782288610935
148,7,O,10.47243254,9.86196576,10.03776644,-2,-0.493745565414,2.01147007942,2.6566491127,-2.01274657249
148,8,H,9.87493406,11.27508889,13.84272987,1,0.264052927494,-1.26321935654,-0.56077092886,0.76860332489
148,9,O,13.10154144,14.61876493,10.3813326,-2,-0.461000949144,0.897317767143,0.43158775568,4.60132837296
148,10,O,10.32301556,12.59681059,9.89319448,-2,-0.450271040201,5.15074968338,-0.244346290827,-7.75029325485
148,11,H,9.82940783,9.49231699,10.5869339,1,0.249230623245,-1.41829192638,-0.351728975773,1.70867109299
148,12,O,13.51317453,8.7171588,12.85586943,-2,-0.493220716715,1.3326086998,5.09668827057,1.63765108585
148,13,H,11.25106883,12.16675529,9.94201247,1,0.236460089684,-1.55756568909,1.25301063061,-0.918059110641
148,14,H,12.62286935,14.36494495,9.63132848,1,0.249588578939,-2.00359940529,-0.342832326889,-1.41316080093
148,15,O,13.69002555,12.3780263,8.70386312,-2,-0.473124086857,-2.22677779198,1.64042592049,3.89575910568
148,16,H,12.7323231,9.37308374,13.07807591,1,0.196958243847,1.41966831684,-1.47807466984,-0.280845820904
148,17,H,13.59185771,13.34677364,13.41118953,1,0.247277855873,0.971276283264,0.799058139324,1.41798555851
148,18,O,12.85972233,10.69597577,11.15592886,-2,-0.379611641169,-4.63835763931,3.53528857231,-3.39709186554
148,19,O,10.36795667,11.94792295,13.42270167,-2,-0.415772974491,2.0250992775,2.85261702538,-1.41677880287
148,20,H,12,12,12,1,0.198616415262,2.14067959785,-0.197468966246,-0.104464061558
148,21,O,13.29837788,12.87838193,12.66328753,-2,-0.35548889637,-0.606647789478,-2.08297610283,-3.57855534554
148,22,H,12.64425315,14.48955191,11.30711846,1,0.251135110855,0.861705422401,0.22582244873,-3.35068082809
148,23,H,10.15256153,12.87859382,13.39312929,1,0.26702016592,-1.13947308064,-0.164929106832,0.951956152916
148,24,H,14.03941608,12.62651776,12.00458526,1,0.257127702236,-1.51316010952,0.882637381554,1.96567690372
148,25,H,13.62498668,10.61805535,11.57644043,1,0.220998108387,5.66102743149,-0.797438502312,2.47924590111
148,26,H,10.11730303,12.55526724,10.71483075,1,0.259141266346,-2.95848274231,-0.0753369480371,8.79643440247
149,0,O,11.13069092,10.22858448,12.760842,-2,-0.662229120731,0.929419279099,-4.7375793457,2.13280034065
149,1,H,13.41356132,13.11998107,9.66268452,1,0.2129060179,0.102923557162,-1.18265485764,-1.29562973976
149,2,H,14.65188959,12.84582974,8.85151621,1,0.222667276859,-3.69908308983,-0.91487133503,-0.817756593227
149,3,H,10.97212479,11.04636801,12.41980455,1,0.184124097228,-1.89966070652,2.71211695671,-0.695866286755
149,4,H,10.39056351,10.97735488,10.3402552,1,0.202414602041,-0.4176902771,2.17589783669,0.153358817101
149,5,H,12.23201763,10.40325189,11.87070766,1,0.154247149825,-2.21912360191,-3.35478806496,2.16028809547
149,6,H,9.68714802,8.42784386,12.48655926,1,0.2874956429,1.40293622017,-0.915278315544,0.803577721119
149,7,H,12.8019091,8.04933678,12.96993194,1,0.23041459918,2.73719620705,3.57183790207,-0.0757854357362
149,8,O,10.39500427,10.0816014,10.16383739,-2,-0.529936909676,-1.21515154839,-3.34590673447,-0.157353416085
149,9,H,9.76755731,11.60299796,14.0494586,1,0.26213914156,0.853236973286,0.723628044128,-0.870349705219
149,10,O,13.01629946,14.81702398,10.49548736,-2,-0.489099055529,0.796775519848,0.0794926509261,-2.04053211212
149,11,O,10.2222159,12.82998482,9.98122094,-2,-0.471409499645,-0.893757879734,0.590885341167,3.03403902054
149,12,H,9.78620562,9.66801296,10.9025044,1,0.13902387023,2.04656648636,1.46925199032,-1.28392255306
149,13,O,13.41337103,8.9549193,12.98604275,-2,-0.485732674599,-0.133876383305,-5.87507247925,-0.180178239942
149,14,H,11.07381525,12.41004129,10.10734956,1,0.242251679301,0.729145228863,-0.0828310772777,-0.483502388
149,15,H,12.60210244,14.44679736,9.64011957,1,0.248320207,-0.209785863757,1.02265322208,2.80791330338
149,16,O,13.5912253,12.65606047,8.78785063,-2,-0.457717895508,3.94768643379,1.74372529984,2.06248998642
149,17,H,12.73250935,9.54163005,13.21545936,1,0.220041006804,-2.20947027206,1.76471757889,0.79506111145
149,18,H,13.44065835,13.5618372,13.62267928,1,0.250402152538,0.317502766848,-0.0883386135101,-0.0117653887719
149,19,O,12.76367814,10.93093812,11.30436163,-2,-0.323085010052,4.61161565781,5.54109573364,-1.5409399271
149,20,O,10.31319445,12.24121787,13.52646772,-2,-0.440276324749,1.28532028198,-6.13279628754,-0.550187766552
149,21,H,12,12,12,1,0.293468922377,2.39535164833,-1.37437295914,-1.00604641438
149,22,H,8.96166663,8.33443305,11.07044184,1,0.269515872002,-0.844435989857,-3.59331774712,-3.36309933662
149,23,O,13.21352962,13.16284525,12.77910448,-2,-0.398402154446,-0.0312671735883,-0.155209362507,-0.855786204338
149,24,H,12.72430844,14.67891775,11.4079064,1,0.253452122211,-0.975417256355,-0.644033491611,-0.927573740482
149,25,O,9.15499388,8.78064425,11.81354581,-2,-0.407455176115,-1.87510812283,3.25823545456,2.97700214386
149,26,H,10.06703991,13.04728877,13.67374436,1,0.261280417442,-2.57870221138,7.41707086563,1.71944499016
149,27,H,13.99851195,13.07508982,12.19376611,1,0.255435883999,-0.581235945225,0.344162285328,0.966444611549
149,28,H,13.73669827,10.89742045,11.66974127,1,0.23361068964,-2.89180111885,-0.225287109613,-0.956158995628
149,29,H,9.88181297,12.82475049,10.95554794,1,0.242132484913,0.519890844822,0.207564383745,-2.49998474121
150,0,H,11.12179256,8.66724338,10.51562371,1,0.243009701371,-1.48112857342,0.907740116119,1.19633722305
150,1,H,15.15843677,9.63954681,12.02723331,1,0.173025712371,1.44581902027,1.65601718426,2.61664581299
150,2,H,12.49297959,9.45660568,11.74158852,1,0.229892626405,-0.628248810768,-0.853408694267,1.95369148254
150,3,O,8.65305983,11.50148406,11.83777751,-2,-0.399608194828,4.3786444664,-1.44134652615,-4.12788057327
150,4,O,12.42530445,9.98222973,12.57330366,-2,-0.385069549084,-0.739390730858,0.0336140878499,1.99383509159
150,5,H,11.12156819,12.07515692,9.40831042,1,0.203780114651,-1.73716247082,-1.07557046413,1.70614790916
150,6,O,15.01122425,11.96924733,15.54571481,-2,-0.519104361534,-1.33384346962,-1.08225655556,1.59726214409
150,7,H,11.77172919,9.910492,13.37087829,1,0.237054929137,1.48540496826,-1.19381248951,-2.86361002922
150,8,H,10.62282332,9.7661276,11.55859128,1,0.241001829505,0.813946008682,0.793207526207,-0.238433688879
150,9,H,11.82940789,11.42324823,10.51902104,1,0.152818411589,-3.35709023476,0.68333119154,-1.24078500271
150,10,O,14.70566933,9.28114186,11.31320264,-2,-0.49033164978,-2.75956296921,-6.02370738983,-4.21384477615
150,11,O,10.45012244,8.90385193,11.22285269,-2,-0.48109832406,0.0603182539344,-2.34070634842,-1.45350718498
150,12,O,14.83801918,9.62192802,15.14058841,-2,-0.350205421448,-0.499085903168,-4.20487451553,1.03210866451
150,13,H,12.26777422,12.90267575,13.98021589,1,0.227149665356,1.08996021748,-0.949475347996,0.682650029659
150,14,H,14.77328187,8.60562909,15.0708032,1,0.268464207649,0.0498717874289,2.44081521034,0.224742621183
150,15,O,12.54758852,11.94997077,14.08912594,-2,-0.423757225275,1.16335868835,3.04590511322,0.278395682573
150,16,H,13.89201328,13.56002161,11.2891475,1,0.236011058092,1.30480265617,1.27363622189,-0.480374187231
150,17,O,14.13734104,14.52010698,11.34659652,-2,-0.526078522205,2.10181212425,0.469018369913,-1.17708528042
150,18,H,9.99787972,13.4613221,13.48707384,1,0.241844326258,-0.217379450798,1.07602965832,-0.0934404805303
150,19,H,12.90475622,10.97885426,11.31926953,1,0.19267757237,1.95619034767,-0.738344192505,0.460661679506
150,20,O,11.09333349,14.06411727,11.443101,-2,-0.485097140074,1.89986169338,0.751189410686,-1.91709065437
150,21,H,14.35230794,11.20870994,15.57307085,1,0.22173333168,0.949558675289,2.95718407631,-0.191494315863
150,22,H,14.69097232,11.62789349,12.57545238,1,0.242426931858,2.31533098221,-4.23716974258,1.82047796249
150,23,H,9.39653119,12.22936851,12.84443407,1,0.180174469948,-2.55457472801,-1.09739243984,-3.38855361938
150,24,H,11.17945975,13.29157508,11.93468776,1,0.214367106557,-1.79784858227,-1.99879014492,2.85606503487
150,25,H,14.65780926,9.87034497,16.0674231,1,0.257416516542,0.614928007126,-0.946267485619,-0.37028965354
150,26,H,8.00523493,11.02711006,12.19046098,1,0.250816524029,-5.59054756165,-2.30537962914,2.96873497963
150,27,H,14.92465308,12.20598449,14.63776496,1,0.236579984426,0.0759066194296,0.667090773582,-1.04638314247
150,28,H,11.7315012,11.61282329,13.82218611,1,0.208786904812,-2.33727693558,-1.09225213528,-0.402136832476
150,29,O,15.28633898,10.73113988,12.9209677,-2,-0.4708122015,-1.21744549274,4.63600254059,2.31359481812
150,30,H,15.17416502,10.4490385,13.94631715,1,0.20916005969,0.039627943188,1.41107535362,-3.2977437973
150,31,O,13.08708546,11.90758944,11.18427486,-2,-0.435493528843,-3.80300140381,1.2424633503,2.38231134415
150,32,H,9.14857766,10.63778545,11.56310765,1,0.247357174754,-0.57004827261,2.75196504593,-0.344214439392
150,33,O,9.89986805,12.52504302,13.52981207,-2,-0.474498569965,3.64205598831,0.931754529476,4.94354152679
150,34,H,15.01521427,14.79359338,10.83487436,1,0.236679643393,-3.04398322105,-1.6714502573,1.62073993683
150,35,O,10.77137489,11.54819522,10.22151562,-2,-0.426674216986,4.21451425552,0.530671358109,-1.92315936089
150,36,H,11.85404982,13.6258244,10.96502055,1,0.212377399206,-0.557976126671,2.34563159943,-1.08810353279
150,37,H,12,12,12,1,0.265024214983,4.30931329727,0.0679956078529,-2.12417125702
150,38,H,14.6411615,8.27275925,11.49399307,1,0.23819835484,0.314368337393,2.57986545563,-0.665642023087
151,0,H,11.16840373,8.66401783,10.45408723,1,0.258080780506,2.08769845963,-0.0177739690989,-2.89907240868
151,1,H,12.44195029,9.31835469,11.47945072,1,0.261058211327,-0.268999040127,1.37422430515,5.18122959137
151,2,O,8.78365545,11.47688001,11.67526494,-2,-0.353133499622,-0.609020411968,-5.66183137894,-1.40480589867
151,3,O,12.54762495,9.87253211,12.42794355,-2,-0.488940596581,5.4321269989,-0.961673736572,-9.93077850342
151,4,H,11.16493809,12.14325573,9.39111723,1,0.223961293697,-1.79332005978,-1.4767459631,1.47977769375
151,5,H,11.85462668,15.2352008,11.27047387,1,0.251340836287,-0.317092210054,1.23554694653,-1.61111521721
151,6,H,12.06966263,9.80011498,13.13715124,1,0.260119795799,-4.64762830734,-1.96544218063,5.70644855499
151,7,H,10.5746011,9.64354981,11.44416943,1,0.264074802399,1.17805624008,5.39325475693,1.71196079254
151,8,H,11.83995651,11.39595713,10.29330832,1,0.185805276036,3.31279754639,-0.587381005287,1.2568949461
151,9,O,10.57825379,8.83667931,11.11224654,-2,-0.517606735229,-3.85362911224,-6.11584043503,0.660304546356
151,10,H,8.39967103,11.08997562,14.07299374,1,0.249338984489,-2.62473988533,-4.73101329803,-0.235455513
151,11,H,12.36661947,12.77222575,13.67893265,1,0.230711713433,1.41639661789,-0.255327194929,0.773837924004
151,12,O,7.78839746,10.04774487,13.91791893,-2,-0.498854726553,4.35518217087,3.96958518028,-2.18068313599
151,13,O,12.68896401,11.8914212,13.9973478,-2,-0.496983885765,-2.69935870171,1.01552379131,-0.611255764961
151,14,H,13.91889715,13.42182178,11.15194758,1,0.245151594281,2.10930323601,2.33755135536,-0.361115634441
151,15,O,14.25641701,14.47623135,11.20321935,-2,-0.466462850571,-2.64013385773,-1.9570223093,0.462277382612
151,16,H,10.06106273,13.46737147,13.36459063,1,0.234795123339,-0.446544200182,-1.15567517281,0.0925702825189
151,17,H,13.01235485,10.907173,11.04017796,1,0.199610292912,1.20277953148,-0.235555484891,0.603419303894
151,18,O,11.22167124,13.99714831,11.30265004,-2,-0.377499192953,1.06859731674,-0.0821134746075,0.23691496253
151,19,O,12.04839917,18.4515633,10.49010331,-2,-0.432411462069,-1.16815769672,2.77762436867,3.87467241287
151,20,H,9.32193369,12.07277863,12.64677162,1,0.164230048656,2.01560091972,1.39297401905,0.898797094822
151,21,H,11.27892647,13.20016093,11.86721615,1,0.227335184813,-1.49906587601,-0.394208103418,1.33126521111
151,22,H,8.19757288,10.83936778,12.20362327,1,0.232372030616,-0.297656416893,2.07475113869,-0.920572698116
151,23,O,12.33879597,15.99040728,10.52552921,-2,-0.410300791264,-1.82946884632,-0.330939650536,1.68602573872
151,24,H,11.76908874,11.54206495,13.77634328,1,0.218527466059,1.44788634777,-0.0718920379877,0.785139799118
151,25,H,12.85236671,17.94281676,10.64689383,1,0.273651301861,1.36868917942,1.51708400249,0.159274458885
151,26,H,8.31427652,9.71909537,13.0682746,1,0.244233831763,-1.44145429134,0.0249307062477,3.28998303413
151,27,O,13.25197802,11.83016149,11.0872841,-2,-0.626782238483,-1.73899376392,2.46850252151,0.636524200439
151,28,H,9.37682167,10.64143401,11.32026373,1,0.260246664286,-1.42147839069,3.60534262657,0.151424452662
151,29,O,10.0401319,12.48451106,13.37890324,-2,-0.532342970371,-0.581279575825,0.759758174419,0.288564354181
151,30,H,13.2137524,15.46203218,10.63268522,1,0.224728748202,0.824210047722,0.41952714324,0.37389460206
151,31,H,15.00678311,14.7890462,10.71624804,1,0.253179043531,0.868535578251,-0.972284197807,-0.503487825394
151,32,O,10.94024956,11.45093518,10.12435451,-2,-0.433692336082,-2.59957528114,1.95718324184,-4.10959482193
151,33,H,12.02470875,13.62497967,10.90760315,1,0.238113135099,0.421683192253,0.283117204905,-1.50658941269
151,34,H,12,12,12,1,-0.100827336311,2.43842840195,-0.276218295097,-1.03034245968
151,35,H,11.9850616,17.01206892,10.70756353,1,0.256903856993,0.0305212922394,-2.0290825367,-0.389156341553
151,36,H,11.89798141,19.16804934,11.403611,1,0.278268754482,0.899102926254,-3.32845950127,-3.94717311859
152,0,H,11.18862171,8.68258283,10.29341743,1,0.23796209693,-1.4221599102,0.999903976917,1.10288822651
152,1,H,15.27107733,9.82872239,11.77478752,1,0.179393157363,-0.880984723568,-2.94460606575,-1.05785763264
152,2,H,12.25584261,9.26556693,11.51819975,1,0.223013028502,0.326996684074,0.181588321924,2.67371296883
152,3,O,8.78691815,11.4459765,11.57736053,-2,-0.339025318623,-4.75692129135,-2.58898472786,2.29411530495
152,4,O,12.55549428,9.77026733,12.3296033,-2,-0.471303552389,-0.986421227455,-0.774079918861,1.2613401413
152,5,H,10.98102164,12.16341846,9.55155646,1,0.238113150001,-0.978077709675,0.511899292469,-0.281862050295
152,6,H,11.89835699,15.12202115,11.01458774,1,0.214913487434,-1.21968829632,1.91339766979,-0.179375529289
152,7,H,12.02256784,9.64204872,13.17567828,1,0.237127378583,0.831541478634,-0.527747273445,-2.2920794487
152,8,H,10.46994255,9.78988778,11.48555979,1,0.263348460197,1.61865818501,-4.48977184296,-2.40889382362
152,9,H,11.88863891,11.34043963,10.19903908,1,0.201746463776,2.82888054848,-0.235680282116,0.77993118763
152,10,O,14.78865985,9.18076217,11.08803845,-2,-0.591658055782,0.0829368904233,0.33103710413,-1.45837771893
152,11,O,10.56709214,8.76197991,11.07400769,-2,-0.495987594128,-0.818821907043,2.57996726036,0.647181272507
152,12,H,8.33783744,10.88664005,13.87909382,1,0.260295629501,-1.28405451775,-1.36166501045,1.4059445858
152,13,H,12.41786354,12.65244117,13.48352084,1,0.230771049857,1.04208993912,0.13545140624,0.633170902729
152,14,O,7.82628296,10.00759538,13.81098951,-2,-0.491239458323,0.857932627201,3.12809371948,0.146906137466
152,15,O,12.69672104,11.84752443,13.9659563,-2,-0.469765871763,-2.65275526047,0.0537151992321,-0.112176708877
152,16,H,13.93059236,13.48361373,11.06208066,1,0.265805363655,1.15034162998,-0.210878148675,-0.526623249054
152,17,O,14.23727297,14.43661617,11.12960359,-2,-0.397708922625,-2.87995886803,0.417039632797,0.886317610741
152,18,H,9.95458179,13.46246746,13.29692459,1,0.225731283426,-0.0629328787327,-2.16971826553,0.278253823519
152,19,H,13.07039522,10.83068904,10.8689515,1,0.204295635223,1.45203816891,0.889658927917,0.876350939274
152,20,O,11.22336676,13.93906876,11.22772223,-2,-0.390718758106,0.885835528374,-1.93538713455,1.42254471779
152,21,H,14.77577997,11.29249711,12.46755504,1,0.273179888725,-1.02416431904,0.586105823517,-0.394636273384
152,22,O,12.055278,18.40158431,10.38912231,-2,-0.422263771296,0.887338757515,1.47212564945,4.5542807579
152,23,H,9.21609855,11.99098366,12.54734757,1,0.176089644432,2.92442345619,1.68891251087,0.751336216927
152,24,H,11.17128461,13.11927879,11.94762833,1,0.222132831812,-0.399821490049,1.59049332142,-1.36895549297
152,25,H,8.20833584,10.75174256,12.23702951,1,0.265112578869,0.845525801182,2.62553095818,-2.97538805008
152,26,O,12.32237295,15.92701503,10.44465483,-2,-0.424193143845,1.27168345451,-1.07655668259,0.337588906288
152,27,H,11.75083648,11.46751489,13.83926225,1,0.220220118761,2.06417632103,0.465477973223,0.72488373518
152,28,O,15.39491918,10.64050836,12.78866573,-2,-0.428189367056,1.46063923836,1.62180972099,0.918258607388
152,29,H,12.93178844,17.97177687,10.62990572,1,0.276558041573,-0.703249931335,1.73302865028,-0.631142020226
152,30,H,15.26887297,10.61066388,13.72569393,1,0.278492033482,-0.246497988701,-0.272223234177,0.762882828712
152,31,H,8.38151033,9.68521478,13.12717547,1,0.262096047401,0.888922989368,-2.4709239006,-0.504122316837
152,32,O,13.28325783,11.7723029,11.06101696,-2,-0.646961927414,-1.62387263775,1.58449685574,0.881376624107
152,33,H,9.39117442,10.84452452,11.16960043,1,0.262172549963,1.22399377823,-0.0831901058555,-1.2650462389
152,34,O,10.05528232,12.45600738,13.30045005,-2,-0.560301840305,-1.30011570454,1.69759988785,-0.429223239422
152,35,H,13.34933198,15.31382831,10.5251364,1,0.243766158819,-0.878164708614,0.843502640724,0.89323580265
152,36,H,14.92859469,14.74348354,10.59514366,1,0.266648471355,2.2384223938,-0.541548848152,-1.29194879532
152,37,O,10.97318547,11.37125664,10.08467669,-2,-0.445121049881,-3.15888762474,-0.275578022003,-1.58806550503
152,38,H,12.07937878,13.66281745,10.83417243,1,0.238118305802,-0.754828155041,-0.92866897583,-0.164844110608
152,39,H,12,12,12,1,-0.149090945721,2.34473919868,-0.574229001999,-1.79169797897
152,40,H,14.87127278,8.22360146,11.0877765,1,0.247858136892,0.528121650219,0.386887729168,0.56470489502
152,41,H,12.03197243,16.91611557,10.62601309,1,0.239252373576,-0.315921336412,-1.83765995502,-0.377295583487
152,42,H,11.86472331,18.97739915,11.31429894,1,0.269316315651,0.593060731888,-2.13862681389,-3.69759511948
153,0,H,11.05587994,8.76906343,10.22003846,1,0.243636220694,-3.01614975929,0.357455193996,3.7554166317
153,1,H,15.0360871,9.79070028,11.71935779,1,0.191767603159,0.720697760582,-1.2053643465,1.02412891388
153,2,H,11.90976732,9.23938527,11.75091282,1,0.190861076117,-1.50788187981,-2.33329153061,-2.23762083054
153,3,O,8.63991431,11.43730317,11.58582699,-2,-0.409491866827,-3.6546254158,0.469677686691,1.59658908844
153,4,O,12.43023016,9.69856749,12.3332331,-2,-0.46921569109,-0.897427380085,0.725975751877,6.97388315201
153,5,H,10.59622483,12.24505299,9.83366552,1,0.236906349659,0.839285314083,-1.71566259861,0.547575831413
153,6,H,11.73852369,15.15829215,10.84177001,1,0.229040905833,-3.21174740791,-0.879957318306,2.00244092941
153,7,H,11.83065921,9.5239432,13.2263939,1,0.217552423477,2.5917596817,0.664370954037,-3.26110434532
153,8,H,10.30091511,9.72552533,11.50135527,1,0.258906185627,0.805891692638,-3.50783443451,-1.92120707035
153,9,H,11.94830673,11.29364228,10.24488973,1,0.20080511272,-3.57064700127,1.22497308254,-0.34744694829
153,10,O,14.62668466,9.17731529,11.09619148,-2,-0.564349651337,-0.526338219643,-4.41500520706,-3.49848175049
153,11,O,10.41868647,8.72952796,11.13863637,-2,-0.495826154947,1.21438956261,2.4805662632,-2.57592797279
153,12,H,12.39197318,12.58382127,13.41662984,1,0.244735211134,0.353384226561,-0.362842947245,0.833885192871
153,13,O,12.56319105,11.83531793,14.02394586,-2,-0.500615239143,1.10259962082,1.39057040215,0.0103449029848
153,14,H,13.85025577,13.58123208,11.03454797,1,0.271991848946,-1.02808392048,-6.38611602783,-0.938702106476
153,15,O,14.07401371,14.43300577,11.15408541,-2,-0.356610119343,3.22343230247,7.95559453964,-2.26543951035
153,16,H,9.68870365,13.41938197,13.33107247,1,0.230199083686,0.16245341301,-1.04712128639,0.558434307575
153,17,H,13.07182494,10.82467135,10.84721046,1,0.215990558267,1.30317568779,-0.102430410683,1.18994188309
153,18,O,11.0916429,13.90332531,11.25173492,-2,-0.447012066841,0.0781592279673,-1.53981769085,1.32878410816
153,19,H,14.43941766,11.37399973,12.42851995,1,0.25325948,2.96593165398,-3.12994623184,1.79357600212
153,20,H,9.14928465,12.04634744,12.60559981,1,0.185119971633,2.49663686752,1.0931981802,1.14443087578
153,21,H,10.90089922,13.19796811,12.04620855,1,0.220074206591,0.249957531691,1.38696920872,-1.84725427628
153,22,H,8.13558227,10.83854288,12.18215545,1,0.275287508965,0.548936009407,-0.237383753061,-1.31328856945
153,23,O,12.17731866,15.88877409,10.45777999,-2,-0.413514018059,3.83354187012,1.30766987801,-2.70074129105
153,24,H,11.70638256,11.441986,14.0397123,1,0.241239741445,-1.10136687756,-0.42464402318,0.152572199702
153,25,O,15.26525106,10.63422347,12.85227758,-2,-0.484045892954,-3.00906443596,4.57631492615,3.31679344177
153,26,H,15.099776,10.65318374,13.92219444,1,0.242377281189,0.316281795502,-0.0801428556442,-4.26602220535
153,27,O,13.17477465,11.7518527,11.13324594,-2,-0.584231078625,-1.22375321388,1.75907516479,0.626738548279
153,28,H,9.32446588,11.07447536,11.05986001,1,0.267163574696,1.6288715601,-1.09699130058,-1.17834234238
153,29,O,9.93460814,12.46126007,13.31723567,-2,-0.527285516262,-1.45065295696,1.39857029915,-1.07175290585
153,30,H,13.29075906,15.25203056,10.57535323,1,0.283814370632,-0.506072402,0.257946431637,1.28212249279
153,31,H,14.84444622,14.6875362,10.47964506,1,0.272717058659,-1.56261312962,-1.3825019598,2.08014082909
153,32,O,10.86142823,11.32352073,10.13659359,-2,-0.482512295246,1.12891101837,0.930431723595,-1.1002086401
153,33,H,11.95758731,13.68577521,10.84194693,1,0.243518158793,-1.07879018784,-1.45807290077,0.689735412598
153,34,H,12,12,12,1,-0.00474935770035,2.33325815201,-1.07697749138,-1.74770963192
153,35,H,14.84346939,8.14783449,11.04312865,1,0.239288300276,-0.221618711948,4.01285028458,0.854389488697
153,36,H,11.91916176,16.7847559,10.63223234,1,0.28320685029,-0.330722212791,0.389895528555,0.509326338768
154,0,H,10.67994124,8.91375072,10.39115708,1,0.272663414478,-2.31231689453,-0.72620010376,2.92897868156
154,1,H,11.35958982,9.17516512,11.97720023,1,0.158906087279,2.91352367401,0.552045583725,0.0804385244846
154,2,O,12.15598804,9.68909241,12.46370466,-2,-0.538670420647,-1.91764581203,-1.7453353405,-1.65752077103
154,3,H,10.10454688,12.31709163,10.25495974,1,0.23285099864,2.76279377937,-3.71646332741,-0.0126995779574
154,4,H,11.27474124,15.24306899,10.85671677,1,0.23630425334,-1.38969671726,0.100227914751,0.72836881876
154,5,H,11.59931292,9.54872843,13.20573252,1,0.220246911049,0.207736626267,0.36756721139,2.4946770668
154,6,H,10.00449297,9.57320636,11.52252869,1,0.270963966846,-2.34070849419,9.10079193115,1.98090195656
154,7,H,11.64474073,11.35656791,10.36838169,1,0.204274207354,-3.01703929901,1.22995936871,-0.363723814487
154,8,O,10.13091795,8.76582507,11.301224,-2,-0.486519813538,2.96421527863,-8.44718456268,-6.00064468384
154,9,H,12.24031159,12.57215231,13.49523802,1,0.2568551898,-0.536829531193,-0.378097116947,0.877833366394
154,10,O,12.28870638,11.88733052,14.17937728,-2,-0.54981970787,2.00793004036,0.873918831348,0.16751858592
154,11,H,13.56945387,13.51206057,11.06654401,1,0.259981513023,0.0819638520479,0.974490940571,0.562052845955
154,12,O,13.77305921,14.51245993,11.27339717,-2,-0.362788558006,2.4836909771,-0.810875296593,-3.26726531982
154,13,H,9.27438181,13.4178,13.4959007,1,0.229770094156,0.36851850152,0.0963438004255,0.994457781315
154,14,H,12.99054697,10.88041685,10.99389105,1,0.23457878828,0.0396809987724,-0.0115110203624,1.22334492207
154,15,O,10.81281229,13.92094252,11.38114517,-2,-0.482839047909,-1.72165608406,1.19198739529,-0.540429830551
154,16,H,14.16987995,11.30689801,12.61326355,1,0.236086130142,3.04963922501,-2.51162743568,1.86513912678
154,17,H,9.07353314,12.22541906,12.81989459,1,0.25693911314,-2.25800943375,-2.35746645927,-2.55804443359
154,18,H,10.49840524,13.44108528,12.14977277,1,0.227001726627,0.526157319546,-0.820679366589,0.503378748894
154,19,O,11.901685,15.90743137,10.56322329,-2,-0.475960612297,1.45665001869,0.978182971478,-1.28056240082
154,20,H,11.47118453,11.45645344,14.35554778,1,0.253000020981,-1.16811466217,0.103654205799,-0.299349963665
154,21,O,14.97610396,10.70732581,13.02547753,-2,-0.616039276123,-2.59371113777,2.36030507088,-0.993298232555
154,22,H,14.82078712,10.72120721,13.99026556,1,0.246133163571,-0.166606709361,0.073563605547,-0.80974727869
154,23,O,12.91616776,11.79881992,11.31083862,-2,-0.460259437561,-1.78344488144,2.4386575222,1.30865347385
154,24,O,9.66719516,12.52891354,13.43473059,-2,-0.457051098347,1.38885617256,2.34797549248,1.60204362869
154,25,H,13.04592628,15.26259612,10.81333946,1,0.258888304234,-0.184923201799,-0.172641173005,0.706926643848
154,26,H,14.57612778,14.62033649,10.53316631,1,0.175095483661,-1.91073608398,-0.140938937664,2.25922369957
154,27,O,10.60964536,11.33928949,10.28998891,-2,-0.545862197876,-1.01506519318,2.5161819458,-0.301120698452
154,28,H,11.63342029,13.68600049,10.98358751,1,0.243570819497,0.893511116505,-1.55888199806,0.0850402414799
154,29,H,12,12,12,1,0.253597915173,3.18624639511,-2.18395233154,-2.43961024284
154,30,H,11.6076007,16.7933027,10.76375302,1,0.248102366924,-0.0146095603704,0.275998979807,0.155038774014
155,0,H,10.18616701,9.09307828,10.69802516,1,0.262362897396,1.06093835831,-0.411107957363,-2.44476819038
155,1,H,10.90230966,9.2278878,12.21930417,1,0.159782275558,3.08825397491,0.813866078854,-0.0859776213765
155,2,O,7.98134255,11.65885625,11.84839417,-2,-0.563875377178,-0.850858688354,-1.52912247181,0.980885624886
155,3,O,11.79997135,9.76807744,12.6459279,-2,-0.566309571266,-1.07990980148,-1.80648815632,-3.6100564003
155,4,H,9.70380088,12.32097409,10.7104353,1,0.248212993145,3.31342864037,-1.65760588646,-1.18027353287
155,5,H,10.67438438,15.42438776,10.96859327,1,0.241125062108,2.70517921448,1.30968546867,-0.523858845234
155,6,H,11.27235636,9.7311091,13.37904911,1,0.219863280654,-0.982362270355,0.57025963068,4.22221326828
155,7,H,14.54490185,12.07088452,10.55514399,1,0.249569356441,-4.58851146698,0.238402783871,-1.14302265644
155,8,H,9.51090954,9.85696314,11.64701965,1,0.267596900463,-0.191116690636,-2.0734436512,0.205239370465
155,9,H,11.13275025,11.55570165,10.52742743,1,0.227704972029,7.07187223434,1.45540809631,0.56280452013
155,10,O,9.77800978,8.8766089,11.50509371,-2,-0.46090143919,-2.12547683716,2.13103842735,1.57189750671
155,11,O,12.17588713,13.56574194,8.69281279,-2,-0.48550337553,-3.39965224266,-4.63552570343,0.270513832569
155,12,H,11.98466652,12.64904094,13.6671232,1,0.269412755966,-1.07552325726,0.332507789135,-0.0737377032638
155,13,O,11.94700563,12.03267151,14.38569904,-2,-0.560147464275,-0.416623592377,-1.55564427376,2.19797158241
155,14,H,13.18834727,13.58355749,11.18198414,1,0.257586240768,-0.185335487127,1.94741237164,1.3284842968
155,15,O,13.40697485,14.68294138,11.4341684,-2,-0.352121829987,2.49180412292,-3.79714465141,-1.72738707066
155,16,H,12.83532594,11.01255118,11.25128743,1,0.246769502759,-0.789853572845,1.29078435898,1.48687744141
155,17,O,10.45302484,14.03282519,11.55921483,-2,-0.470329344273,-1.64848875999,1.15962660313,-1.09204769135
155,18,O,15.36452141,11.96045335,10.89070363,-2,-0.532680690289,5.49957942963,0.834009110928,-2.19899058342
155,19,H,13.93918331,11.23756704,12.92802739,1,0.252968817949,-9.62972927094,5.04418849945,-4.64759349823
155,20,H,10.03529035,13.74791185,12.35555645,1,0.254893213511,0.206985741854,-0.85202562809,0.944700479507
155,21,H,7.44538453,10.85394853,12.32296426,1,0.239436581731,2.70545625687,2.56015777588,-2.45218253136
155,22,O,11.55782528,16.01582268,10.7153912,-2,-0.47449952364,-3.96725416183,2.27488517761,0.782896101475
155,23,H,11.10382581,11.57431095,14.70274099,1,0.25637280941,1.51726508141,1.7287209034,-1.57820379734
155,24,O,14.60580943,10.88335642,13.24744323,-2,-0.606346547604,10.6153745651,-4.84339189529,-0.0402455478907
155,25,H,11.22377639,13.25826361,8.33203219,1,0.203069061041,2.61165332794,1.93928182125,0.609870254993
155,26,H,14.46876298,10.84543844,14.11942829,1,0.258563101292,-0.794572532177,-0.395373225212,5.19324398041
155,27,H,15.8501394,12.21693129,9.99657227,1,0.221511214972,-0.721894800663,-0.888668477535,2.8621006012
155,28,O,12.58308073,11.94619935,11.54218487,-2,-0.39559173584,20.9681968689,-1.21977090836,-17.0526008606
155,29,H,8.76614232,11.54764564,11.19790593,1,0.218304187059,-2.97272443771,-1.74650168419,2.11123752594
155,30,H,12.67779502,15.36962627,11.14544218,1,0.233211115003,-0.717276394367,0.406061738729,-0.447419047356
155,31,H,14.15514815,14.64671643,10.74690465,1,0.241460889578,-0.99285286665,1.00141346455,1.2093859911
155,32,H,12.25467243,12.59483809,9.08131774,1,0.217853054404,0.890008151531,2.71050882339,-0.845410823822
155,33,O,10.27742076,11.45589423,10.49673003,-2,-0.486678481102,-10.1451644897,0.755468130112,-0.606671273708
155,34,H,11.257608,13.68956793,11.19377632,1,0.254415094852,0.532098412514,-0.838751375675,0.376447170973
155,35,H,12,12,12,1,0.231304347515,-19.407459259,0.122983075678,15.4831991196
155,36,H,11.21237404,16.96762368,10.94624881,1,0.221635580063,1.4045470953,-2.37610530853,-0.649520874023
156,0,H,10.37894653,9.26520151,10.37908142,1,0.242743164301,0.444206386805,-0.56993162632,-0.831111252308
156,1,H,11.26544218,9.36801981,11.94458859,1,0.162847429514,0.84569132328,0.158159032464,-0.335421860218
156,2,O,8.21897682,11.84952509,11.5164988,-2,-0.443426191807,-9.14360141754,-1.34491479397,8.02664279938
156,3,O,12.0365338,9.87382202,12.33950461,-2,-0.518710255623,-2.40455293655,0.100715816021,3.9993314743
156,4,H,10.07741842,12.28345888,10.61164991,1,0.230121821165,-0.886539936066,3.96301651001,1.27169454098
156,5,H,10.84500238,15.71550108,10.57275834,1,0.262513041496,2.84001994133,-0.159136220813,-0.199179440737
156,6,H,11.50149266,9.9967508,13.27250803,1,0.216377720237,2.6164252758,-0.156002312899,-3.02933502197
156,7,H,9.57812354,10.14060444,11.28831974,1,0.269981384277,1.88713097572,-4.73501062393,0.252518951893
156,8,H,11.48577303,11.83744714,10.21638234,1,0.223418787122,-1.092212677,-0.401712805033,0.152557119727
156,9,O,10.02057418,9.02148191,11.2329379,-2,-0.510170757771,-3.22558617592,4.46554946899,-0.126789435744
156,10,H,12.26365185,12.78395572,13.35622484,1,0.260610222816,-1.24985980988,0.18135753274,0.586010754108
156,11,O,12.20694544,12.20186549,14.11504504,-2,-0.551889181137,1.67788171768,-0.8269495368,1.18393158913
156,12,H,13.37539766,13.82548708,10.89649849,1,0.267816007137,-0.171663835645,1.51754820347,1.565710783
156,13,O,13.64795625,14.86766438,11.10832936,-2,-0.377773463726,-1.8453592062,-4.00143718719,2.08587026596
156,14,H,8.98868249,13.63614173,13.58996229,1,0.207363069057,0.731111705303,-1.14228177071,0.0603387206793
156,15,H,13.22874013,11.21354853,11.06914805,1,0.23234796524,-0.650594592094,0.570640146732,0.400837212801
156,16,O,10.68666731,14.17890782,11.24851947,-2,-0.520039737225,-1.20228350163,0.166075691581,0.574917256832
156,17,H,13.94576937,11.41202859,12.60769045,1,0.229536324739,2.88092970848,-1.09870636463,1.92295777798
156,18,H,9.00933034,12.43224887,12.4404158,1,0.195426613092,0.756226301193,0.786895275116,2.63807845116
156,19,H,10.20151094,14.01484031,12.16956037,1,0.21840763092,1.82984757423,-1.09017634392,-1.51034343243
156,20,H,7.69894507,10.87332798,11.9037523,1,0.27682352066,2.13208436966,3.46642422676,-1.63929486275
156,21,O,11.80123004,16.15543034,10.38706307,-2,-0.465351760387,-3.9007422924,2.66979336739,0.425119429827
156,22,H,11.39813143,11.82071709,14.48715427,1,0.258705347776,-0.251942455769,1.24242389202,-1.20564162731
156,23,O,14.85938755,11.08173505,12.98359147,-2,-0.596898436546,-2.66736793518,0.566666960716,2.23095297813
156,24,H,14.68507383,10.95395246,14.0195769,1,0.236309871078,0.272570103407,0.504489719868,-3.69348287582
156,25,O,12.89312609,12.12418044,11.25873976,-2,-0.455979645252,-2.41176080704,0.579181671143,1.38189899921
156,26,H,8.84145318,11.73060919,10.96276204,1,0.251707613468,5.91424512863,-2.55420613289,-6.77959728241
156,27,O,9.61141581,12.90563448,13.32745748,-2,-0.548230648041,-2.10874652863,0.802813529968,-2.01508641243
156,28,H,12.83196767,15.54437976,10.96004174,1,0.26524490118,-0.48814612627,0.379327446222,-0.836651563644
156,29,H,14.32621498,14.78952258,10.50642135,1,0.247131258249,3.05856394768,1.32584500313,-2.53776574135
156,30,O,10.51755765,11.60444028,10.22324171,-2,-0.500792920589,2.32812380791,-3.2467648983,-2.33801651001
156,31,H,11.48445,13.68108552,10.95395383,1,0.232027649879,-1.13215911388,0.287376910448,1.24338531494
156,32,H,12,12,12,1,0.263851702213,3.21975135803,-0.800861120224,-2.43750715256
156,33,H,11.50040067,17.10587958,10.59797483,1,0.23794990778,1.3983092308,-1.60620880127,-0.487530171871
157,0,H,11.61357479,9.54645853,11.66725001,1,0.263302445412,-4.37475919724,-3.33187294006,-2.93729352951
157,1,O,8.36302246,12.07870296,11.26121237,-2,-0.385748535395,-0.161543503404,-3.81015872955,-1.03452205658
157,2,O,12.19457526,10.03097226,12.10528776,-2,-0.491222262383,2.84288287163,4.17159318924,6.65324687958
157,3,H,10.3659022,12.46901314,10.61046639,1,0.218759804964,0.729883253574,0.278587669134,-0.339715689421
157,4,H,11.11419758,16.06143812,10.21652207,1,0.281060189009,-4.18169403076,-2.97529649734,0.711252689362
157,5,H,11.79137247,10.3111669,13.05486532,1,0.258954286575,1.49507796764,-1.14069795609,-3.56622171402
157,6,H,11.74914084,12.12911321,9.96855089,1,0.213795214891,-2.88948917389,-1.68675088882,0.424283623695
157,7,H,12.40862346,12.99305838,13.11883798,1,0.260910481215,-0.800505578518,-0.0666843056679,1.00704729557
157,8,O,12.40265659,12.41326816,13.90081787,-2,-0.510695278645,3.26972317696,0.0465852692723,-0.57954543829
157,9,H,13.46760344,14.22977532,10.75260086,1,0.270182043314,-0.771534383297,-3.59910607338,0.176455259323
157,10,O,13.81418334,15.08226124,10.84318782,-2,-0.371180772781,2.08236908913,2.64569115639,-0.244955658913
157,11,H,9.14933076,13.73366691,13.45835516,1,0.226743102074,-0.48777410388,0.175556510687,0.417332053185
157,12,H,13.49406466,11.46507337,10.93947639,1,0.210954487324,-0.124066889286,-0.267936080694,-0.550732314587
157,13,O,10.84281826,14.36965762,10.99478777,-2,-0.509027004242,-1.10616850853,0.297398328781,1.64972126484
157,14,H,13.94782737,11.64151137,12.40723156,1,0.229050278664,5.238240242,-1.24461185932,2.21668124199
157,15,H,9.19756954,12.59262373,12.16872822,1,0.20219360292,0.709148406982,1.11412501335,2.47396445274
157,16,H,10.40832772,14.27958334,11.96713519,1,0.217553570867,1.45300722122,-1.09549355507,-2.11906528473
157,17,H,7.9915569,11.10114046,11.44741165,1,0.264857232571,1.10107183456,3.17005848885,-0.214526548982
157,18,O,11.96119648,16.34350912,10.11458136,-2,-0.378393232822,3.47340798378,2.42713069916,-1.01200675964
157,19,H,11.59462118,12.18046485,14.28022209,1,0.262216925621,-2.48473334312,0.38534989953,0.156959742308
157,20,O,15.03675877,11.32620285,12.77950449,-2,-0.592291772366,-5.11093664169,0.346852064133,2.75230932236
157,21,H,14.83504129,11.10123435,13.84024656,1,0.219352498651,0.646902322769,0.975485742092,-4.47294521332
157,22,O,13.13140772,12.35067666,11.03158615,-2,-0.619039952755,-2.35968160629,0.934818863869,1.0918033123
157,23,H,9.03509938,11.841772,10.51932083,1,0.257241517305,-1.43634498119,0.25295650959,0.867297768593
157,24,O,9.81094357,13.15808421,13.08749518,-2,-0.561640501022,-0.932214438915,-0.918985009193,-2.24842071533
157,25,H,12.86188935,15.79818437,10.74761239,1,0.280878722668,0.601520717144,-0.403070509434,-0.789547264576
157,26,H,14.57725725,15.08600412,10.19652449,1,0.276382923126,-1.16291725636,0.385581374168,0.921603739262
157,27,O,10.69031092,11.78891542,10.00077307,-2,-0.499115467072,2.60498762131,1.1150919199,-0.451384723186
157,28,H,11.5694765,13.7399583,10.83279427,1,0.22526986897,-0.428732484579,0.308308690786,0.825736582279
157,29,H,12,12,12,1,-0.0020467042923,1.86743235588,-0.0839634165168,-1.91766095161
157,30,H,11.81201611,17.26257672,10.27073806,1,0.280742228031,0.697439551353,1.59345674515,0.132848694921
158,0,H,14.4706227,10.45630737,11.33150118,1,0.190658286214,-0.773680686951,-0.799427270889,-0.492460787296
158,1,H,11.67757505,9.62905512,11.39718789,1,0.251886129379,0.841734886169,1.92274034023,2.14032888412
158,2,O,12.24171031,10.23459112,11.99623694,-2,-0.392717480659,1.23062205315,-2.06213617325,-6.72241783142
158,3,H,10.54280832,12.72135217,10.69437573,1,0.196235269308,-0.0936755463481,-2.98216867447,-3.93568563461
158,4,H,12.01997912,10.59156466,12.76148607,1,0.249003648758,-2.79487013817,1.09670627117,5.87427330017
158,5,H,11.71313408,12.33174048,9.83946566,1,0.192716389894,-0.836686491966,-1.25127100945,-0.335482001305
158,6,O,14.29121732,9.93701676,10.51162181,-2,-0.424934089184,1.79796850681,0.512430727482,0.801845431328
158,7,H,12.39312651,13.24295324,13.01931922,1,0.238803088665,0.398034334183,0.5400826931,0.287279695272
158,8,O,15.70761575,9.14899363,12.79283285,-2,-0.529584765434,4.66922473907,5.7758102417,2.03575134277
158,9,O,12.48646203,12.65206347,13.78635823,-2,-0.403565496206,-2.22467446327,-0.776786804199,0.343219101429
158,10,H,9.17427498,13.84785071,13.42750718,1,0.23816639185,-0.319515109062,0.27747964859,0.353575825691
158,11,H,13.58759851,11.71833066,10.87061145,1,0.173383265734,-0.138545304537,-0.507389783859,-1.23100566864
158,12,O,10.8714236,14.58667298,10.85032506,-2,-0.468321055174,0.29835319519,-0.0490625835955,-0.0260623395443
158,13,H,14.11164057,11.84194898,12.44300117,1,0.2311219275,1.87721920013,0.49126970768,-0.187665402889
158,14,H,9.31256508,12.86428633,12.17635163,1,0.25589632988,2.27444124222,2.33397173882,3.2361137867
158,15,H,10.59128912,14.53246413,11.76257212,1,0.21147339046,-0.382752269506,0.691089868546,0.321432769299
158,16,H,15.51330991,10.23271196,13.04775076,1,0.171020314097,0.702636420727,-5.3909907341,-2.12625980377
158,17,H,11.55718713,12.59888063,14.18863516,1,0.235905304551,1.87618994713,0.350716978312,-0.856961905956
158,18,O,15.07307729,11.6000509,12.68476213,-2,-0.335743844509,-1.60970318317,1.78311502934,-1.6035220623
158,19,H,14.9762427,8.66346115,12.68112872,1,0.256042927504,-4.54975223541,-2.35914945602,-0.546277463436
158,20,H,14.8715095,11.31282917,13.5392553,1,0.242087870836,-0.474629670382,0.213623806834,3.21530461311
158,21,O,13.24182945,12.60919609,10.91309259,-2,-0.588408887386,-3.04438734055,0.302931278944,2.90808868408
158,22,O,9.88725675,13.43056959,12.94238295,-2,-0.350941598415,-2.59582781792,-3.12355422974,-2.81441402435
158,23,O,10.75401501,12.00312831,9.88380455,-2,-0.458305358887,0.330953299999,3.17892599106,3.57213592529
158,24,H,11.4995542,13.85349984,10.8607301,1,0.210375264287,1.09699726105,0.779729962349,-0.634151697159
158,25,H,12,12,12,1,0.186697900295,2.95352482796,-0.425786286592,-2.62939095497
158,26,H,15.24940308,9.73014646,10.47476157,1,0.221048727632,-0.509199380875,-0.522899210453,-0.947592675686
159,0,H,14.20513666,10.70143143,11.3094483,1,0.206957444549,0.223204314709,-1.83916652203,-2.22419643402
159,1,H,11.63744461,9.84260651,11.34039361,1,0.253347814083,0.767740666866,2.38582468033,2.46152830124
159,2,O,12.18865187,10.48531018,11.9590803,-2,-0.306291908026,-0.00659870356321,0.156062990427,-1.7096760273
159,3,H,10.61806973,12.84431865,10.68876251,1,0.211901813745,-1.07063758373,-1.36773180962,-1.81478261948
159,4,H,12.02088447,10.95775008,12.78327453,1,0.235065743327,-1.35011601448,-1.85344994068,1.3034183979
159,5,H,11.55633801,12.4965662,9.77780729,1,0.221285760403,6.31383275986,0.875185549259,-1.48782479763
159,6,O,14.21650433,10.20119626,10.41115943,-2,-0.461783230305,-1.99343037605,1.28865528107,2.33798146248
159,7,H,12.27672266,13.54973142,13.02085893,1,0.232133567333,1.23004341125,-0.146031498909,-0.460320860147
159,8,O,15.63886913,9.47352342,12.69837902,-2,-0.492034167051,-1.47402524948,-0.774821043015,1.10093927383
159,9,O,12.45332992,12.93284537,13.75870589,-2,-0.395919114351,-4.33037996292,0.417231231928,0.637290179729
159,10,H,9.08504211,13.99869499,13.47683361,1,0.244014307857,1.71024298668,0.275943815708,-0.319159418344
159,11,H,13.51700434,12.00003161,10.84227986,1,0.167600721121,0.0741905421019,-0.0120609626174,-1.15014624596
159,12,O,10.7886794,14.8448079,10.79193763,-2,-0.479965984821,1.50512397289,-1.62496602535,-0.0705448389053
159,13,H,14.18973466,12.13441932,12.56397405,1,0.224840089679,-9.2697763443,4.24663448334,-3.13515686989
159,14,H,9.3561474,13.23443161,12.37251119,1,0.260972321033,-3.21344304085,-4.17143535614,-4.8153796196
159,15,H,10.6440354,14.84564843,11.71938823,1,0.211775094271,-1.19442427158,1.63469076157,1.40854263306
159,16,H,15.49388305,10.41312672,13.09191716,1,0.201041385531,0.216831237078,-3.45314145088,-1.64787518978
159,17,H,11.48350028,13.08707542,14.15582754,1,0.228658691049,3.08378577232,-0.891323745251,-0.657747149467
159,18,O,14.99649296,11.91878894,12.67006492,-2,-0.398493468761,8.44684791565,-1.46985626221,0.964512228966
159,19,H,14.80952958,8.85316352,12.69099898,1,0.243676006794,2.21075630188,2.36568546295,0.25966796279
159,20,H,14.75725038,11.52832026,13.47785899,1,0.23788882792,0.452801525593,-0.618081569672,3.13840436935
159,21,O,13.23508555,12.91487321,10.88708341,-2,-0.673805832863,-2.51741552353,-0.268196761608,2.1724755764
159,22,O,9.85134178,13.73940231,12.88103577,-2,-0.372276157141,0.806273937225,3.52133870125,6.03475236893
159,23,O,10.70726019,12.27095355,9.86904919,-2,-0.485355436802,-5.70377254486,-0.71895802021,2.71228885651
159,24,H,11.3529469,14.03557224,10.95353959,1,0.202719286084,0.803762257099,1.57801568508,-1.8277837038
159,25,H,12,12,12,1,0.249828875065,1.99699497223,0.685932397842,-2.47864079475
159,26,H,15.13284466,10.22680059,10.27917559,1,0.232217669487,2.28158807755,-0.221977695823,-0.732567191124
160,0,O,12.79438501,8.75237069,14.39020721,-2,-0.369576275349,-4.52362585068,-5.55872869492,-2.25584435463
160,1,O,11.61372155,12.0971978,10.84928877,-2,-0.243920147419,-2.56304097176,1.41532421112,0.694039404392
160,2,H,10.47724316,11.93628532,14.39054805,1,0.223618686199,0.0732259377837,-0.193411171436,0.640064656734
160,3,H,13.13051722,13.80031898,11.0119119,1,0.237365722656,4.54386472702,-2.72281956673,-0.0499818325043
160,4,O,11.68094735,13.52546709,13.24371423,-2,-0.334940999746,-1.4661949873,1.42225909233,4.4733505249
160,5,H,10.07385133,14.2315753,11.78607151,1,0.250297963619,-4.3522810936,-0.58756506443,1.98053526878
160,6,H,13.7342284,11.82061736,14.27659015,1,0.244395822287,-1.93103122711,-2.31539821625,0.890657246113
160,7,H,12.94980005,9.62789557,14.64503664,1,0.203890755773,-0.553222954273,2.58994841576,-1.2259786129
160,8,O,13.08157115,9.77544962,11.7566903,-2,-0.447917491198,2.28650569916,0.235795125365,0.661718428135
160,9,H,13.88702159,9.87053276,11.21135504,1,0.231363385916,-0.595685899258,0.141523018479,0.37188911438
160,10,O,14.78450796,7.92411116,15.73431123,-2,-0.526347756386,-0.269799053669,0.941412687302,-5.3950586319
160,11,O,6.83819912,14.18574108,13.41791699,-2,-0.598951458931,-1.93625736237,-0.241319179535,1.02602982521
160,12,H,13.80538954,12.34477348,11.15763067,1,0.232917562127,-2.42436027527,-7.29867267609,1.6603782177
160,13,H,8.70383575,13.3292078,11.8312987,1,0.250649809837,0.0578033477068,-0.376698285341,-0.803428709507
160,14,H,13.29869951,9.78258428,15.84700991,1,0.201411634684,3.42164754868,1.94798398018,5.98860883713
160,15,H,11.63828072,13.18643774,14.20014865,1,0.220395922661,0.938278019428,-0.635051608086,-2.04553222656
160,16,H,11.22311072,14.34758267,13.62221753,1,0.220720812678,0.317441940308,-0.616517305374,-1.90714931488
160,17,O,10.70149117,9.66079065,12.33492195,-2,-0.487202823162,1.66814553738,2.65849685669,2.60690617561
160,18,H,9.42634699,12.42304601,13.38468658,1,0.211146399379,1.36134970188,-2.21440815926,0.87679874897
160,19,H,11.36951613,10.49997355,12.52902612,1,0.239209353924,-2.77898359299,-3.67366790771,-0.420552104712
160,20,H,10.72441413,9.54951792,11.41430906,1,0.211221009493,-0.208939224482,-0.528668999672,-1.96523201466
160,21,H,12.84325717,14.5954397,12.99964417,1,0.205644309521,0.367582917213,0.133807480335,0.164691179991
160,22,O,14.03434491,10.07078764,16.6898505,-2,-0.62145191431,-2.27000188828,-2.79976797104,-4.90196561813
160,23,H,13.65446076,8.16218054,15.2058109,1,0.194811061025,2.72837376595,-1.53456783295,0.959138154984
160,24,H,13.23092034,11.90219234,9.18107936,1,0.242344841361,-0.0757443085313,-3.76765727997,1.13453567028
160,25,H,14.64829783,9.25325217,16.23213431,1,0.122177273035,-0.822838664055,1.5711530447,2.03166747093
160,26,O,14.04164907,13.14354683,10.95665024,-2,-0.532310009003,-1.28940033913,10.3318996429,-1.7884105444
160,27,H,15.36127912,8.07834889,14.82732202,1,0.238090872765,-2.00466799736,-0.854717075825,3.53649950027
160,28,H,12.68160529,10.21890383,9.44477599,1,0.233985766768,0.739640951157,2.07619643211,-0.724285125732
160,29,O,13.34871627,10.93539305,9.61402487,-2,-0.460863888264,0.393841385841,1.4815877676,-2.16736221313
160,30,H,12.46358944,9.34293637,11.1978449,1,0.222285404801,-0.340940326452,-0.872467815876,-0.421928197145
160,31,H,13.29200404,16.14121842,12.960499,1,0.239821389318,-0.00644967705011,-1.69694828987,-0.694740712643
160,32,H,12.50704237,11.60886095,15.41569174,1,0.240608230233,2.60498642921,-2.25688123703,-3.38209557533
160,33,O,9.93907441,11.5755226,13.6975086,-2,-0.467784047127,-2.11944007874,2.32853627205,-0.734091699123
160,34,H,10.98430918,11.32288191,10.68875872,1,0.231714040041,0.946817457676,1.28803443909,0.362163215876
160,35,H,11.75532785,8.46860078,13.9382707,1,0.284561276436,4.49542665482,1.74394762516,2.02229118347
160,36,H,11.22074396,13.06947821,10.14669583,1,0.0688961148262,1.11506593227,-2.44378662109,2.05741667747
160,37,O,9.07373018,14.08684651,12.28635478,-2,-0.400135040283,4.77068948746,0.600085020065,-2.18613839149
160,38,H,6.4384955,14.03967255,14.36089522,1,0.250227749348,2.47949457169,0.319641917944,-2.85139369965
160,39,H,7.74083543,14.1882622,12.96211856,1,0.207983866334,-1.32448732853,0.384910464287,2.5440158844
160,40,O,13.00257403,11.11455098,14.53411951,-2,-0.353871136904,-0.848104298115,6.53350543976,1.93516683578
160,41,O,13.34671253,15.25152205,12.5105747,-2,-0.518813490868,0.452713400126,2.56103157997,0.207785457373
160,42,H,12,12,12,1,0.202329471707,-1.0573977232,0.482639819384,-2.90517926216
161,0,O,12.67679637,8.7135789,14.38452417,-2,-0.479606628418,-1.562266469,-1.66984450817,-0.356611907482
161,1,O,11.49757164,12.01894368,10.86324277,-2,-0.270270347595,0.958899855614,5.88353729248,1.25202333927
161,2,H,10.34239782,11.79965857,14.49049335,1,0.227926984429,-1.1044305563,-1.05004858971,-1.13794076443
161,3,H,13.18832293,13.64823962,11.0429651,1,0.232919991016,-1.82513725758,2.02082490921,0.0861046761274
161,4,O,11.54355306,13.43544655,13.32315456,-2,-0.359088778496,0.485536396503,-2.16066789627,5.48542308807
161,5,H,9.95728797,14.14533238,11.80107052,1,0.245796740055,-5.23652744293,-0.729772269726,2.51515722275
161,6,H,13.45707366,11.77118514,14.39640928,1,0.242829173803,1.63453400135,0.533108711243,-0.765689194202
161,7,H,12.68041154,9.64866721,14.70034449,1,0.192172423005,-0.244879022241,-0.856757342815,-1.59685134888
161,8,O,12.9133496,9.67851457,11.82278738,-2,-0.445076525211,7.38720703125,0.359720885754,0.743888378143
161,9,H,13.97081069,9.63731956,11.39104368,1,0.237669810653,-5.08297872543,0.212526232004,1.70541357994
161,10,O,14.62528959,7.84910076,15.8071331,-2,-0.421716094017,0.908864378929,0.353782236576,-2.21688222885
161,11,H,13.53019813,12.16066075,11.22611946,1,0.23259280622,0.854002892971,1.21981298923,-0.399944007397
161,12,H,8.58925158,13.15005724,11.92868457,1,0.233060538769,0.319970428944,1.20138084888,0.26056471467
161,13,H,12.90209472,9.72123592,16.07488053,1,0.21173004806,4.59636974335,1.09316074848,4.49500322342
161,14,H,11.60624588,12.97503151,14.35753818,1,0.223997294903,0.675556063652,1.03093326092,-4.54382705688
161,15,H,10.95685193,14.06500335,13.73624845,1,0.216470643878,-0.886011302471,1.41685128212,-0.898016870022
161,16,O,10.59640736,9.56323917,12.37499258,-2,-0.503115415573,-0.843930006027,-0.617035806179,0.726981818676
161,17,H,9.46515464,12.25016437,13.40253249,1,0.218190744519,-1.52935445309,3.35898661613,-1.44979071617
161,18,H,11.14246191,10.3191254,12.63328128,1,0.237608909607,-0.357658326626,-0.331169992685,0.0714653879404
161,19,H,10.59998685,9.52817331,11.43245941,1,0.22335447371,-0.258545815945,-0.17974165082,-0.828610181808
161,20,H,12.80155776,14.42339021,12.86541764,1,0.227384224534,-0.441837191582,0.736306548119,1.13780260086
161,21,O,13.88960678,10.00546742,16.75993382,-2,-0.646053314209,-3.18834638596,-2.86078000069,-4.28314447403
161,22,H,13.79546532,8.02456877,15.28755436,1,0.213197797537,-0.597834646702,-0.893339574337,0.490166127682
161,23,H,12.96814996,11.73411722,9.40383276,1,0.242702171206,-0.330883145332,-0.497393459082,-0.452400773764
161,24,H,14.48398333,9.15645864,16.23341592,1,0.129465132952,-1.59854328632,2.3959300518,2.56065797806
161,25,O,13.89382907,13.06299039,11.0454094,-2,-0.52887904644,1.89826011658,-3.06735110283,0.259239792824
161,26,H,15.18180447,8.1366711,15.04464223,1,0.256725013256,0.440717786551,-0.817663133144,0.800684392452
161,27,H,12.5411775,10.12939648,9.57116869,1,0.238413661718,0.867165446281,2.09694647789,-0.564646959305
161,28,O,13.22376669,10.84534311,9.66422181,-2,-0.489349991083,0.71542263031,-1.81862664223,-1.15566527843
161,29,H,12.33527225,9.40600863,11.16585386,1,0.222072690725,-0.827425539494,-1.08747971058,-1.77071917057
161,30,H,13.14196808,16.10865383,12.88797178,1,0.252519309521,-0.624035716057,-0.404637873173,0.82601493597
161,31,H,12.41700471,11.55692456,15.46391211,1,0.236990466714,1.90155291557,-2.44763040543,-3.02357530594
161,32,O,9.80034005,11.47311439,13.72030532,-2,-0.477627515793,1.88842499256,-2.31403183937,3.28096747398
161,33,H,10.85135677,11.41539684,10.66163432,1,0.23509259522,-2.81627893448,-2.97053933144,-0.325211882591
161,34,H,11.8374503,8.4545079,13.9041484,1,0.249786391854,1.43461322784,0.837398529053,0.818366706371
161,35,H,11.02366729,13.039827,10.2728386,1,0.139909625053,1.29416692257,-2.16149806976,1.56344401836
161,36,O,8.89468648,13.99939022,12.34805963,-2,-0.479684084654,4.65611171722,-0.358128041029,-2.92952752113
161,37,O,12.86371353,11.06315281,14.57428832,-2,-0.349168181419,-3.51733708382,4.19064569473,3.51804685593
161,38,O,13.19917267,15.2292618,12.52978915,-2,-0.562767744064,1.35117340088,0.504898250103,-2.02194929123
161,39,H,12,12,12,1,0.191824257374,-1.3943092823,-0.152614548802,-1.87641048431
162,0,O,11.52267346,11.95566385,11.09225896,-2,-0.213776528835,-2.68830657005,2.43393826485,-0.0377118848264
162,1,H,10.29266919,11.62762806,14.72834804,1,0.241746097803,0.0394301638007,-0.105581685901,0.754841327667
162,2,H,13.259279,13.61217575,11.27676677,1,0.232679530978,-2.77266645432,2.76451134682,-0.292521327734
162,3,O,11.54866303,13.33367444,13.62775839,-2,-0.373651206493,-1.82196140289,0.00390226393938,3.79459643364
162,4,O,12.90621104,9.58112268,12.09910188,-2,-0.480117589235,1.19270730019,-1.23768258095,-2.23488688469
162,5,H,13.88549766,9.40796733,11.86981372,1,0.228894397616,-2.45352554321,0.427442282438,-0.0460313744843
162,6,H,13.42121074,11.95753006,11.48574268,1,0.252943754196,3.04693460464,4.63544273376,-0.839391827583
162,7,H,11.73373156,12.81711936,14.48431948,1,0.237240195274,0.460832953453,0.814275145531,-2.06510663033
162,8,H,10.75460082,13.84572426,14.02937845,1,0.215398907661,1.87206852436,-0.50703138113,-1.58352005482
162,9,O,10.62683312,9.46225861,12.62712288,-2,-0.540637254715,-4.67824316025,-6.34215068817,-4.62396430969
162,10,H,9.60719267,12.20885393,13.51839926,1,0.241487488151,0.00619387254119,-0.714110255241,0.103515215218
162,11,H,11.04841556,10.14324054,12.9650997,1,0.251272648573,3.01751756668,5.0327630043,2.12619805336
162,12,H,10.61871596,9.49154674,11.62145835,1,0.221871182323,-0.188511237502,0.151336893439,2.34528851509
162,13,H,12.8492517,14.27398506,12.99278976,1,0.244153082371,0.1886716187,3.20141887665,0.71779948473
162,14,H,12.84209766,11.56240044,9.81145846,1,0.234431058168,-1.04995906353,2.33054852486,-0.944930016994
162,15,O,13.89182179,12.97259496,11.34312136,-2,-0.555253982544,1.37409329414,-7.26260185242,1.12886929512
162,16,H,12.55740377,10.08007858,9.87732068,1,0.22502528131,-0.124200217426,0.222739651799,-0.662420749664
162,17,O,13.23924471,10.74724109,9.91704366,-2,-0.502818107605,2.54711747169,-2.76004219055,-1.13841187954
162,18,H,12.3038645,9.38418187,11.2448773,1,0.237070053816,3.01323747635,0.125783964992,3.55693292618
162,19,H,13.05499264,16.06639998,13.07413292,1,0.248323813081,-0.970849752426,0.253673821688,1.19370305538
162,20,O,9.80437766,11.36149038,13.95939875,-2,-0.495358914137,-0.884848713875,0.85196775198,-0.15244795382
162,21,H,10.72960442,11.35320452,10.8526984,1,0.144574701786,0.608725547791,0.0962619856,0.689303994179
162,22,H,11.0104277,12.96694857,10.7552488,1,0.0206629633904,0.935028254986,-1.31918418407,0.739690840244
162,23,O,13.19525032,15.20116428,12.74506116,-2,-0.587721824646,0.937161564827,-2.69836640358,-1.80293130875
162,24,H,12,12,12,1,0.271560132504,-1.60664725304,-0.399253576994,-0.726463794708
163,0,O,11.59820914,11.92099329,11.27508655,-2,-0.16773468256,-10.8648347855,-1.18414247036,-10.4782905579
163,1,H,10.31822479,11.49144623,14.93533279,1,0.24587354064,0.782105267048,0.702243924141,2.04448795319
163,2,H,13.23231076,13.73472146,11.45831529,1,0.225606814027,3.07560920715,-3.61510658264,0.6082290411
163,3,O,11.6152747,13.24998571,13.90032717,-2,-0.391981750727,-5.35931348801,5.14671134949,-3.10286736488
163,4,H,11.53700362,14.55850825,10.68810006,1,0.221651419997,4.94517087936,1.09093534946,-1.20275521278
163,5,O,12.96124775,9.50211934,12.32829402,-2,-0.471594572067,-7.33463048935,2.73043274879,-0.533345639706
163,6,H,13.75461603,9.1825305,12.30726061,1,0.248884141445,7.51219129562,-2.96795415878,-0.747580349445
163,7,H,13.53852404,12.00134186,11.65707506,1,0.216979682446,0.915645122528,0.825891494751,-0.240952983499
163,8,H,11.94987976,12.68512707,14.48342821,1,0.254322767258,2.03466916084,-3.55521988869,4.24174022675
163,9,H,10.67139818,13.6436194,14.2453519,1,0.240910172462,3.91765999794,-1.16739368439,-1.05726885796
163,10,O,10.70899132,9.36750946,12.83034036,-2,-0.526070833206,-0.296761214733,1.40647125244,2.12121534348
163,11,H,9.80256026,12.17850105,13.59610953,1,0.245750814676,0.183423489332,-3.4622592926,2.1495039463
163,12,H,11.137571,10.19175385,13.33778822,1,0.239362969995,-1.77624070644,-2.89253139496,-2.2391910553
163,13,O,10.66337931,14.52836332,10.85260274,-2,-0.849537014961,-4.17186069489,-3.5836815834,1.96747326851
163,14,H,10.70675717,9.46850725,11.88645414,1,0.233175858855,0.00213301181793,0.215407729149,-0.232777446508
163,15,H,12.9312192,14.27753016,13.12026443,1,0.230163961649,-0.521518111229,1.96539545059,1.02721941471
163,16,H,12.76880354,11.52200628,10.13324008,1,0.216296523809,1.9569106102,-2.03565788269,-0.788685500622
163,17,O,13.95719415,12.87779113,11.60589401,-2,-0.501857757568,-2.59686994553,3.16970276833,-0.203004807234
163,18,H,12.6253632,10.00923258,10.10639524,1,0.228155940771,0.0125762075186,-0.232439339161,-0.919872045517
163,19,O,13.32376139,10.66158494,10.12625438,-2,-0.479589611292,-0.817119598389,2.04128575325,-1.24832475185
163,20,H,12.48990849,9.36388837,11.45221484,1,0.239737972617,1.86139321327,-0.33710283041,2.60009551048
163,21,H,12.94558016,16.06300583,13.30288417,1,0.245257243514,-0.0520951971412,-3.09347486496,-0.548591256142
163,22,O,9.87035178,11.26853827,14.15792767,-2,-0.457666933537,-1.76265907288,2.87064027786,-3.51804852486
163,23,H,10.68189582,11.2642766,11.07110768,1,0.33105841279,3.23552513123,2.23319745064,1.35961997509
163,24,H,11.11067564,12.90081732,11.26669,1,0.250940799713,-0.658389806747,2.1499042511,-1.40085911751
163,25,O,13.25955764,15.17999649,12.91034318,-2,-0.522878527641,0.791718661785,1.63248455524,-0.404133558273
163,26,H,12,12,12,1,0.254782557487,4.98556041718,-0.0537413060665,10.746966362
164,0,O,11.48131591,11.92274698,11.01524494,-2,-0.167683959007,-3.81077671051,-0.868673861027,3.86227321625
164,1,H,10.21896476,11.44812507,14.7794241,1,0.244003921747,-0.939411580563,-0.265510886908,-1.01345646381
164,2,H,13.20634274,13.68392561,11.24883447,1,0.231642559171,2.45766210556,-3.24763298035,0.599364459515
164,3,O,11.50843348,13.21020765,13.74287119,-2,-0.383675277233,2.2589058876,-2.12140727043,0.407468557358
164,4,H,11.6538828,14.48639036,10.41132298,1,0.158579900861,-4.14896774292,0.688946902752,1.37805867195
164,5,O,12.81371901,15.53413058,9.35205199,-2,-0.43064007163,-2.53287816048,-4.74143075943,-2.97785210609
164,6,H,13.25168389,14.74998992,8.87020766,1,0.234703823924,0.444530129433,1.98421776295,1.00522863865
164,7,H,11.85757426,15.01915119,9.06458559,1,0.217654854059,2.20537352562,2.95093488693,1.51289451122
164,8,O,12.83612135,9.46290977,12.13882108,-2,-0.447833091021,6.57052183151,-1.10530304909,7.44669055939
164,9,H,13.71541578,8.88181125,12.27401374,1,0.233476102352,-2.96019601822,2.14273905754,-0.651126682758
164,10,H,13.51256663,12.04097116,11.38531092,1,0.218551009893,-2.51029968262,-6.28480482101,-1.0617389679
164,11,H,12.06614033,12.43727548,14.21632365,1,0.251872390509,-2.57688736916,2.86077284813,-0.960388839245
164,12,H,10.59941032,13.42560518,14.02900818,1,0.238375037909,1.0213778019,-0.303239583969,0.53099501133
164,13,O,10.62782325,9.31208816,12.6238584,-2,-0.532534122467,-0.728143453598,1.09533190727,4.20211029053
164,14,H,9.84606088,12.00774132,13.37908719,1,0.244406998158,-0.200831115246,-0.20035803318,0.0809431672096
164,15,H,10.97506769,10.14294713,13.18019558,1,0.229966714978,-1.58504283428,-2.99811649323,-2.27658176422
164,16,O,10.56782808,14.50955035,10.62456898,-2,-0.819682002068,4.50654649734,-2.50490093231,-0.0575134158134
164,17,H,10.6500038,9.48611988,11.72461379,1,0.239633873105,0.137872517109,0.490018010139,-2.26020884514
164,18,H,12.79594145,14.37702704,12.89098701,1,0.224494293332,-1.22737538815,-1.27066922188,1.16473436356
164,19,H,12.65652667,11.42107585,9.99914129,1,0.204264104366,1.54282021523,-1.27677118778,-0.96340495348
164,20,O,13.85261367,12.8313071,11.44962158,-2,-0.49721622467,1.04151058197,9.8781671524,0.58899718523
164,21,H,12.53756969,9.91859574,9.87081545,1,0.226259380579,1.18059849739,0.855889439583,-0.803115129471
164,22,O,13.24171717,10.61592046,9.91124717,-2,-0.473163872957,-1.80738675594,0.0338584035635,-0.927534401417
164,23,H,12.58701681,9.32930269,11.31880204,1,0.230776846409,-1.29579997063,-1.3333221674,-5.72135591507
164,24,H,12.63263815,15.96851365,13.14151666,1,0.2356569767,1.6082764864,-3.10498142242,-1.88100004196
164,25,O,9.76879408,11.21608183,13.92578318,-2,-0.44324478507,0.32819211483,0.678451418877,1.64500057697
164,26,H,10.55246907,11.23611076,10.92903936,1,0.311015129089,3.31245541573,2.77560567856,0.601477444172
164,27,H,11.06202529,12.85073591,11.30833199,1,0.240434497595,-0.976580142975,1.53790414333,-2.41068840027
164,28,O,13.16433117,15.19249843,12.64924049,-2,-0.493576079607,-0.239613562822,4.70029973984,0.858558833599
164,29,H,12,12,12,1,0.273481220007,-1.07645237446,-1.04601621628,-1.91883063316
165,0,O,11.4054946,11.99814542,10.80881418,-2,-0.282088190317,-4.71305847168,0.823136627674,0.310289114714
165,1,H,10.13144385,11.49952618,14.60235162,1,0.248361855745,-0.603633224964,-0.631774663925,-0.994173586369
165,2,H,13.33835727,13.53976668,11.09973398,1,0.248005181551,-5.66012811661,7.20658969879,-3.11145663261
165,3,O,11.46576349,13.23630359,13.62054529,-2,-0.523084878922,5.39013719559,-1.57586622238,-1.10877621174
165,4,H,13.50059289,11.62111144,14.62114957,1,0.249809980392,2.72372484207,0.999827563763,-1.08337986469
165,5,O,12.7818874,9.49229215,12.00878755,-2,-0.466211080551,5.21646642685,-4.04200935364,-1.44504857063
165,6,H,13.60083024,8.74683281,12.22505914,1,0.210208743811,-3.22909021378,3.22732615471,-0.710362136364
165,7,H,13.43639461,11.88867155,11.10974772,1,0.250115215778,2.22977662086,4.31088066101,0.925175845623
165,8,H,12.12633618,12.31717673,13.99023817,1,0.212441593409,-2.55960869789,1.90092980862,-0.274460375309
165,9,H,10.60637363,13.27295459,13.90792142,1,0.222586542368,-2.83638048172,0.143578097224,1.54026532173
165,10,O,10.59877748,9.33232871,12.4727172,-2,-0.585208714008,-3.18624448776,-5.34218835831,-5.30614900589
165,11,H,9.94369966,11.91454055,13.20421145,1,0.250891536474,0.880730688572,3.1853928566,-2.76777338982
165,12,H,10.77337695,10.03986689,12.96051616,1,0.237150937319,1.14992189407,4.52067995071,3.15153026581
165,13,H,10.66645773,9.58779821,11.51520235,1,0.244523718953,-0.147598564625,-0.669452667236,1.99777758121
165,14,H,12.64701256,14.46697041,12.76585819,1,0.227081239223,1.2879524231,0.249084949493,-0.718601644039
165,15,H,12.68349416,11.34863159,9.86881763,1,0.231600373983,-2.59935545921,3.54883122444,-0.358385682106
165,16,O,13.80516492,12.88260731,11.33658321,-2,-0.568354010582,4.85255098343,-11.5466976166,2.66311359406
165,17,H,12.55760984,9.90340206,9.63797293,1,0.237524360418,0.931853055954,1.08923220634,-0.577564358711
165,18,O,13.20866824,10.64224278,9.73333053,-2,-0.503450632095,2.02706718445,-4.73659467697,-1.77669990063
165,19,H,12.67564039,9.28527722,11.01009241,1,0.216540545225,0.616243004799,0.411945253611,3.10023546219
165,20,H,12.43625394,15.82160189,12.98781895,1,0.22661934793,2.1182949543,-0.264403551817,-1.69329941273
165,21,H,12.78806261,11.16616222,15.79934742,1,0.233370929956,-1.12829351425,-0.464093536139,-4.25008487701
165,22,O,9.72221119,11.23381146,13.73928585,-2,-0.503972947598,-1.11496043205,-2.2331738472,4.45743751526
165,23,H,10.57778339,11.34569809,10.85143562,1,0.254856675863,1.83065724373,1.67539525032,-0.154956191778
165,24,H,11.05036798,12.85057615,11.27840148,1,0.266229838133,0.411202430725,-1.3653216362,-1.42075908184
165,25,O,12.71175957,11.13570435,14.65871278,-2,-0.360727310181,-1.07930481434,-0.284117549658,5.17274951935
165,26,O,13.12171412,15.28612112,12.42713015,-2,-0.536721467972,-3.52597665787,0.222028329968,2.56636357307
165,27,H,12,12,12,1,0.0619007945061,0.717053294182,-0.359164088964,1.8669937849
166,0,O,11.36564189,12.10399971,10.67664744,-2,-0.301565051079,1.99298512936,3.52291798592,1.57277035713
166,1,H,10.04279697,11.58398702,14.44959171,1,0.252364635468,0.382727473974,0.00606799125671,1.44592142105
166,2,H,13.28971978,13.68210175,10.88015889,1,0.230871737003,0.92711687088,-1.50981879234,0.468376457691
166,3,O,11.48958245,13.27989661,13.55061673,-2,-0.469417691231,-0.939918041229,-1.50663268566,0.454974472523
166,4,H,13.58164816,11.612937,14.56228388,1,0.254115581512,0.573673009872,1.25929749012,-1.48537421227
166,5,O,12.78959018,9.53945247,11.93415651,-2,-0.464426398277,1.68048930168,-0.737993478775,-4.62277984619
166,6,H,15.6423569,10.06736347,15.20837341,1,0.260971695185,-0.545087695122,0.291367083788,-1.07498300076
166,7,H,13.34863312,8.82137972,12.15756497,1,0.22985099256,1.12827181816,-1.01731157303,1.45704030991
166,8,O,15.39588343,10.1127054,14.25642644,-2,-0.557621717453,0.311104178429,-0.0356528349221,0.713553071022
166,9,H,13.50696164,11.95862393,10.92634669,1,0.233629316092,1.97873854637,4.03237724304,1.52000892162
166,10,H,12.06654199,12.36674567,13.81772991,1,0.203338474035,-1.6555968523,2.21259999275,-0.1206677109
166,11,H,10.54319217,13.1858635,13.92401518,1,0.227140590549,2.54630327225,0.78836530447,-0.505448877811
166,12,O,10.60513486,9.36932323,12.36913061,-2,-0.576442480087,-2.11439919472,-0.521842479706,-1.09922480583
166,13,H,10.101349,11.9884264,12.97629819,1,0.259310424328,-1.15583646297,-2.13945245743,1.63174140453
166,14,H,10.61951744,10.16072522,12.93210146,1,0.20806568861,-0.0681450143456,-0.703313112259,-0.21135276556
166,15,H,10.73434817,9.67802134,11.4529366,1,0.248581290245,-0.0606742687523,-0.585270643234,1.15251934528
166,16,H,12.59088684,14.55997573,12.66845519,1,0.223651081324,2.78637218475,0.380553036928,-1.88522648811
166,17,H,12.65957299,11.46237761,9.787287,1,0.231814086437,0.0855046436191,-0.981891274452,-1.02787005901
166,18,O,13.81191695,12.93451977,11.29070614,-2,-0.519309103489,-1.63907790184,-2.54666900635,-1.26475286484
166,19,H,14.62051886,10.67961838,14.12216273,1,0.268663048744,0.861800432205,-0.910169959068,0.00162985920906
166,20,H,12.64477647,9.94176749,9.43231215,1,0.246048420668,-0.141780108213,0.416345596313,-0.470777511597
166,21,O,13.22602488,10.68716329,9.6094342,-2,-0.491506129503,0.239827781916,0.346331685781,-0.816835463047
166,22,H,12.80163338,9.27035754,10.9009399,1,0.217611402273,-0.0489478670061,1.51787102222,3.74143719673
166,23,H,12.39316571,15.72830514,12.83888571,1,0.229794964194,0.266691446304,2.77374076843,-0.170373663306
166,24,H,12.86988472,11.07341461,15.51641942,1,0.244819223881,-1.88759255409,-0.439320623875,-0.171099543571
166,25,O,9.71954927,11.27332929,13.62294887,-2,-0.455133080482,-0.228173777461,2.46776819229,-2.25746154785
166,26,H,10.69666077,11.51995658,10.82156772,1,0.277794510126,-3.49567556381,-3.17712688446,0.198575094342
166,27,H,11.06931365,12.87239285,11.20478631,1,0.269128262997,0.1477188766,0.45468634367,-0.690268278122
166,28,O,12.68583078,11.27791537,14.56888868,-2,-0.345909655094,1.23113536835,-0.649637877941,2.12487983704
166,29,O,13.11264019,15.4062358,12.26950221,-2,-0.527044534683,-3.18677139282,-3.02859640121,2.20990204811
166,30,H,12,12,12,1,-0.109189778566,0.0272158794105,0.0204096473753,-0.818832218647
167,0,O,12.66693235,8.89855881,14.0294125,-2,-0.558265864849,2.26437067986,-5.74136543274,-1.480224967
167,1,O,11.30542899,12.23496474,10.54498638,-2,-0.3351547122,-1.58657073975,-0.757941663265,0.490920335054
167,2,H,9.9314883,11.70686338,14.36969067,1,0.263442873955,-0.199870064855,-0.790036797523,-0.383613586426
167,3,H,13.20354665,13.81638283,10.65133311,1,0.236849278212,3.11153674126,-3.71643519402,2.66799521446
167,4,O,11.49215067,13.33303252,13.47250677,-2,-0.42042529583,-5.89254140854,5.16061687469,-0.902465581894
167,5,H,13.65875184,11.69258684,14.47142433,1,0.241211369634,-3.45005488396,0.713942587376,-1.07119429111
167,6,H,12.10016767,9.60015812,14.09759061,1,0.241807118058,-2.24408054352,2.17894148827,-0.687346637249
167,7,O,12.77723327,9.60794728,11.83649357,-2,-0.431352555752,0.686315357685,3.51169300079,-0.478766977787
167,8,H,15.47592853,10.29592177,15.09647875,1,0.25314694643,0.541912198067,-0.265972852707,1.33142435551
167,9,H,13.15315523,8.84178774,12.1104938,1,0.227608501911,3.13381552696,-2.64899682999,1.8087117672
167,10,O,15.33555662,10.22902601,14.16945057,-2,-0.515469074249,-0.527627527714,0.922723054886,-0.924091160297
167,11,H,13.64820101,12.24430898,10.80146078,1,0.236252456903,-0.414710283279,-5.07560539246,-2.89526367188
167,12,H,11.88864764,12.56482395,13.66040234,1,0.207935974002,3.20589137077,-4.63980913162,1.39535319805
167,13,H,10.56950085,13.19786954,13.91105233,1,0.23546564579,2.65644669533,1.44751119614,-1.01985263824
167,14,O,10.57892173,9.42307035,12.25714454,-2,-0.582031667233,-3.53937005997,1.2087635994,4.19243812561
167,15,H,10.41354136,9.74584402,9.46361641,1,0.271485120058,0.762803256512,-0.319067209959,-0.53650701046
167,16,H,10.16229025,11.99536321,12.82199175,1,0.273267269135,-1.46044147015,-1.81383490562,2.00308513641
167,17,H,10.42030478,10.31517611,12.9254398,1,0.168295741081,0.406208276749,-3.89280605316,-2.32869434357
167,18,H,10.7956424,9.75133079,11.43414213,1,0.235086500645,1.05657982826,0.683567464352,-2.20821547508
167,19,H,12.63760094,14.6695009,12.47374224,1,0.229974508286,2.41570830345,-0.0125246979296,-1.61245369911
167,20,H,12.60844637,11.56342775,9.66325657,1,0.213013023138,1.63689720631,-3.00254654884,-1.1656627655
167,21,O,13.79043412,12.9954446,11.23738728,-2,-0.481697916985,-1.93762457371,8.79891681671,0.674471497536
167,22,H,14.65002637,10.91038897,14.03276094,1,0.250836730003,1.1549962759,-1.34068071842,-0.905225813389
167,23,H,11.19129832,8.53346118,8.98067657,1,0.269520312548,-0.236192941666,-1.33684587479,-0.237909018993
167,24,O,11.28960538,9.45962149,9.1216773,-2,-0.405906260014,-2.572920084,0.0910407230258,0.250391811132
167,25,H,12.67352965,10.01203728,9.20034209,1,0.197638466954,0.111036084592,1.04828667641,-0.0628913119435
167,26,O,13.223005,10.75445536,9.47771465,-2,-0.540289103985,0.503472328186,3.00978040695,0.179288312793
167,27,H,12.87640964,9.33838272,10.9811917,1,0.235612362623,0.0710538104177,0.640368521214,-4.88106584549
167,28,H,12.34861079,15.82459372,12.70185219,1,0.23619543016,0.312957406044,2.57914018631,-0.276537507772
167,29,H,12.87001603,10.94733934,15.26993963,1,0.234342828393,-1.42924487591,-0.970934867859,0.579619348049
167,30,O,9.69469316,11.33778694,13.49298231,-2,-0.376923680305,0.480293571949,3.21466112137,-0.700676679611
167,31,H,10.63520723,11.56059572,10.77464883,1,0.270736128092,0.191252201796,0.329625397921,-0.553866326809
167,32,H,12.56997815,8.48854756,13.02927577,1,0.248844534159,-1.39737331867,1.40725159645,5.91443920135
167,33,H,11.04850886,12.98474076,11.0770371,1,0.254252135754,-0.211382269859,1.09909772873,0.0660177469254
167,34,O,12.63266358,11.43619536,14.47516207,-2,-0.362241029739,4.45841550827,0.765434861183,1.56765365601
167,35,O,13.06898567,15.5317699,12.11115529,-2,-0.516406476498,-2.78375458717,-2.45763301849,2.00929355621
167,36,H,12,12,12,1,-0.206657588482,0.721797049046,-0.0283232443035,0.181422621012
168,0,O,9.21590973,10.49492231,10.14543651,-2,-0.331032276154,-3.84819054604,0.136863783002,-5.70368766785
168,1,O,12.62383726,9.00112307,13.91591641,-2,-0.524411678314,-0.599155247211,-2.53646874428,0.25365126133
168,2,O,11.21480827,12.37439896,10.44398944,-2,-0.407864511013,-2.84115695953,-1.55328464508,2.1941113472
168,3,H,9.30291472,10.05468543,10.94572971,1,0.246651649475,-0.688928306103,-2.28832745552,3.48965620995
168,4,H,9.78133501,11.81610966,14.32426064,1,0.265607297421,-0.333048164845,-1.28403639793,-2.42851305008
168,5,H,13.23435089,13.75351583,10.57457179,1,0.226176813245,1.62327408791,-1.32968425751,2.04006171227
168,6,O,11.45188613,13.41181119,13.41232169,-2,-0.460028350353,1.62483930588,2.10655522346,-2.82489824295
168,7,H,8.40038978,10.0571147,9.50545225,1,0.279941916466,3.13961410522,1.69112753868,2.8563876152
168,8,H,13.52352965,11.83175696,14.3962678,1,0.247139081359,-1.60710692406,0.892481446266,-0.670218348503
168,9,H,11.99605019,9.7465774,13.99575871,1,0.242398127913,0.315630853176,-1.30571591854,-1.32378292084
168,10,O,12.73580795,9.70243105,11.76276497,-2,-0.409305989742,3.4693043232,-3.82166099548,-0.367856442928
168,11,H,15.29558171,10.52450478,15.06833027,1,0.246809929609,0.690930128098,-0.919816970825,-0.38841381669
168,12,H,13.08319499,8.74259708,12.12762586,1,0.225996807218,0.229968979955,4.10071229935,-1.90273058414
168,13,O,15.24313719,10.3592977,14.10413182,-2,-0.497931987047,1.00944066048,-0.487157225609,2.00359964371
168,14,H,13.74884243,12.35478101,10.58058775,1,0.228802651167,0.627117991447,-0.501080870628,0.57625490427
168,15,H,11.83093981,12.56371244,13.61288194,1,0.192249625921,1.16042411327,-0.591197669506,0.238989397883
168,16,H,10.67683893,13.33615579,13.86491301,1,0.238771557808,-3.34225130081,0.807904005051,1.88660728931
168,17,O,10.51095212,9.49831874,12.18413164,-2,-0.530781447887,-3.02491736412,0.965499460697,0.344318300486
168,18,H,10.33677001,9.81404008,9.61342791,1,0.208969190717,2.60998749733,-0.188404232264,-2.39478397369
168,19,H,10.10616582,11.9455171,12.79408552,1,0.2708081007,1.72537457943,2.46869659424,-1.88269746304
168,20,H,10.2003022,10.28893039,12.83762353,1,0.167086660862,0.931989610195,-2.59873652458,-1.76757860184
168,21,H,10.88835567,9.84743588,11.35718758,1,0.233718678355,0.798502147198,-0.441816478968,1.42259323597
168,22,H,12.75460555,14.76516936,12.22812039,1,0.244822621346,0.45362713933,-0.863562405109,0.00888138636947
168,23,H,12.59025211,11.54204161,9.53329398,1,0.221268579364,-1.18157839775,0.755486190319,-0.0220296829939
168,24,O,13.72986937,13.09645788,11.20805851,-2,-0.461121320724,-1.5959199667,1.68371248245,-2.29947590828
168,25,H,14.69694877,11.09344704,13.94074808,1,0.256838977337,-0.689096987247,1.0362392664,-1.94349014759
168,26,H,11.25403687,8.67180138,8.81548761,1,0.254585057497,-0.201715707779,-0.517485916615,-0.135074481368
168,27,O,11.2785694,9.60181418,9.03049802,-2,-0.464710444212,-3.98472857475,-0.999035537243,1.1850155592
168,28,H,12.63271915,10.11666072,9.00043182,1,0.192618131638,0.544749259949,1.31175649166,0.370967596769
168,29,O,13.19114354,10.84569706,9.36984291,-2,-0.52987408638,2.77489304543,-0.670045435429,-0.776379883289
168,30,H,12.91296427,9.43091152,10.87596156,1,0.228775709867,0.240337967873,1.21094977856,-2.05551719666
168,31,H,12.27809165,16.09842284,12.6279083,1,0.242227017879,2.41123151779,-0.823417961597,-2.23330259323
168,32,H,12.77431371,10.80736758,15.12432547,1,0.248939365149,-1.46891367435,2.31928420067,-2.53582334518
168,33,O,9.64345761,11.42417342,13.38254258,-2,-0.370605111122,-2.51079773903,-0.10262490809,5.15485239029
168,34,H,10.51547675,11.59882291,10.70431446,1,0.242924779654,2.11302351952,3.2830696106,-1.39267492294
168,35,H,12.46893052,8.50481573,12.96910701,1,0.250051379204,-1.48171305656,1.83747589588,5.35323762894
168,36,H,10.9751914,13.18935648,10.96422157,1,0.241313591599,0.116486467421,-1.06476318836,-0.68013972044
168,37,O,12.55818472,11.60302937,14.40577363,-2,-0.356268405914,3.42554521561,-3.75170063972,4.64147853851
168,38,O,12.98745116,15.65945198,11.98148771,-2,-0.528966009617,-2.90259051323,1.79785501957,2.40134072304
168,39,H,12,12,12,1,-0.272591650486,0.265515327454,0.234355181456,-0.692937254906
169,0,O,9.15061807,10.60790062,10.11242959,-2,-0.374875187874,-1.68345093727,-1.74549973011,0.709313392639
169,1,O,12.57331153,9.09733139,13.86846709,-2,-0.495448589325,0.392703533173,4.13261604309,6.79934120178
169,2,O,11.11273384,12.50686994,10.41794381,-2,-0.419022530317,-0.415240347385,0.926129341125,0.65871155262
169,3,H,9.39030112,10.20792597,11.05594436,1,0.232842758298,-1.70964002609,0.103200808167,-1.62192058563
169,4,H,9.60711044,11.86029652,14.25112806,1,0.258898079395,0.188966229558,0.119223900139,-0.527429282665
169,5,H,13.30701114,13.65509644,10.60442961,1,0.2304071486,-3.96315670013,5.98204612732,-5.70430469513
169,6,O,11.41196603,13.50058547,13.40403768,-2,-0.539242744446,0.253996282816,-1.35750126839,-0.628486275673
169,7,H,8.31150001,10.20168816,9.66127709,1,0.256199419498,2.36647033691,0.966648995876,1.75807762146
169,8,H,13.32775068,12.04468832,14.40100641,1,0.282868176699,4.50369358063,1.92605829239,-0.463030129671
169,9,H,11.90164102,9.86241763,13.91477153,1,0.252471715212,1.51096701622,-2.31234025955,-0.873380601406
169,10,O,12.69999126,9.79150667,11.75456675,-2,-0.38061273098,3.6920375824,-4.61294651031,-5.34250545502
169,11,H,12.99635509,8.84664373,12.07165782,1,0.236724019051,-0.486299186945,3.26189255714,-0.738416433334
169,12,H,13.842907,12.40894838,10.44275618,1,0.229411184788,-0.118441291153,2.24424982071,4.26724624634
169,13,H,15.16940221,11.34674348,10.20706982,1,0.235695838928,-0.45253008604,-1.2586632967,1.63509583473
169,14,H,11.84809653,12.4822334,13.65844351,1,0.185052543879,-1.6900832653,3.57484722137,-0.823251187801
169,15,H,10.62348322,13.56029899,13.94314629,1,0.227825298905,-0.0443213023245,0.441060245037,0.113801091909
169,16,O,10.42802455,9.58265556,12.17942072,-2,-0.47213101387,0.59208214283,-3.67716765404,-4.60142993927
169,17,H,10.36922998,9.85770743,9.70505822,1,0.227383613586,2.0990319252,0.106485679746,-3.21021199226
169,18,H,10.10251133,12.02335493,12.76125176,1,0.266209840775,1.14900839329,1.64599525928,-0.401832252741
169,19,H,10.00962272,10.15553097,12.74815388,1,0.201057091355,-1.22381556034,2.77471089363,2.1405980587
169,20,H,10.99769079,9.91442669,11.40703252,1,0.249563962221,-0.350399971008,-0.386733412743,2.65992069244
169,21,H,12.86689322,14.80624262,12.04281021,1,0.248659938574,-0.461784899235,1.40505123138,0.852380752563
169,22,H,12.49876434,11.56860505,9.50097008,1,0.219961151481,-1.29964876175,1.55910718441,0.50613617897
169,23,O,13.65831577,13.20803453,11.23791214,-2,-0.465178847313,3.69184851646,-7.49971914291,1.83974015713
169,24,H,11.25462304,8.82862731,8.70346459,1,0.25480812788,-0.316844910383,0.106503494084,0.0703449621797
169,25,O,11.24944997,9.74723691,9.00641216,-2,-0.439734041691,-3.83188509941,-2.00401854515,1.48974859715
169,26,O,15.06404126,11.10213472,11.16989202,-2,-0.518955528736,0.0543122850358,-1.57613134384,-0.382416188717
169,27,H,12.56889254,10.25891856,8.9071674,1,0.186862975359,0.838086545467,0.815892755985,0.187387689948
169,28,O,13.16123742,10.93964064,9.32267251,-2,-0.486767709255,2.36898207664,-0.82393014431,-1.17308187485
169,29,H,12.92676281,9.54724454,10.72575013,1,0.238980621099,-1.01617455482,2.02543759346,2.62266016006
169,30,H,12.27476505,16.36727076,12.59540763,1,0.249717444181,2.30493831635,-3.15019536018,-2.42550253868
169,31,H,12.60910462,10.80350711,14.98133569,1,0.287135779858,-0.515509426594,3.6504752636,-2.13592672348
169,32,O,9.58182854,11.51232373,13.34928355,-2,-0.432092219591,-2.21235799789,-0.990683913231,1.72685480118
169,33,H,10.48790926,11.79194915,10.6322724,1,0.238406032324,-0.237489327788,1.16596281528,-0.432162582874
169,34,H,12.24635229,8.58490834,13.23361372,1,0.251875698566,-2.82557439804,-3.3441195488,-3.04433894157
169,35,H,10.88364153,13.36050843,10.88956778,1,0.248682156205,0.215378165245,-1.58630287647,-0.481474876404
169,36,O,12.48100521,11.75421871,14.41000535,-2,-0.33266761899,-1.81217682362,-7.21327924728,4.56399106979
169,37,O,12.89270521,15.79079409,11.92381805,-2,-0.556682109833,-1.86739695072,1.9154406786,1.76138269901
169,38,H,14.31301735,10.41238117,11.32290658,1,0.227620959282,1.97726464272,2.30356574059,-0.886738300323
169,39,H,12,12,12,1,-0.311910867691,0.334455668926,0.386631220579,-0.464893311262
170,0,O,12.81189978,12.20830275,11.49087257,-2,-0.42505928874,-0.452766478062,-0.124288715422,0.228222370148
170,1,O,11.18711132,13.17406167,14.08229002,-2,-0.483988672495,-4.36433172226,-1.42110681534,1.11804234982
170,2,H,12.09020701,13.33503987,14.07287668,1,0.256834149361,2.64814424515,1.32321560383,0.556613683701
170,3,H,15.32964747,13.47175917,10.61299469,1,0.275608718395,-0.490965425968,-0.473713248968,0.283861041069
170,4,O,14.24055557,10.42777109,12.69565548,-2,-0.427483826876,-3.207051754,-4.77401733398,-1.9510614872
170,5,O,9.2930362,13.39282157,12.09091174,-2,-0.553405642509,3.04286646843,-0.426766604185,3.23735427856
170,6,O,13.66293046,11.8631762,9.1940456,-2,-0.565442442894,1.98980391026,0.15608215332,-1.95258426666
170,7,H,9.71019159,13.66641824,12.94054128,1,0.246024832129,0.00215630512685,-0.297007858753,-0.688426852226
170,8,O,12.00746049,14.5281127,9.77958713,-2,-0.522464811802,-2.13764548302,4.57829523087,-0.719426691532
170,9,H,12.94075579,11.68059495,9.77690715,1,0.257478028536,-1.08991980553,0.299015402794,-0.0729403495789
170,10,H,10.0719929,10.65484164,11.91726286,1,0.242488175631,2.37029862404,-0.0195378493518,2.16503620148
170,11,H,14.12957052,12.99712183,11.67549739,1,0.250700503588,-5.09097003937,-3.63403201103,-0.183621585369
170,12,H,10.22474279,12.18515678,9.7581316,1,0.245593771338,-0.200649961829,-0.0330317988992,-1.36538016796
170,13,O,10.39600652,12.85182092,10.42100192,-2,-0.44585776329,0.672219395638,-3.82066583633,-1.26053571701
170,14,H,8.4650986,13.70390574,12.16640366,1,0.23880033195,-4.81032514572,1.67033207417,0.277541786432
170,15,O,11.01089686,10.50934529,12.31867291,-2,-0.483778297901,-2.10799241066,-0.156727150083,-2.10177206993
170,16,H,14.76459186,9.82413865,12.14455123,1,0.216020748019,-0.0730844289064,0.236157819629,0.103220008314
170,17,O,14.78524586,13.55629613,11.44412001,-2,-0.217377126217,5.79416942596,4.2208366394,-2.06207823753
170,18,H,12.31087727,10.65056604,15.92147195,1,0.165046870708,1.22059428692,1.140838027,3.20314979553
170,19,H,12.85614662,11.26893432,14.38536127,1,0.262539207935,-1.93054795265,-3.6948094368,0.613776564598
170,20,H,13.43009683,12.12575455,8.27610772,1,0.243604004383,-0.371752768755,-0.3571215868,1.3931953907
170,21,H,13.55794723,11.67827187,11.84848454,1,0.206937357783,-1.47297382355,-1.41055631638,0.0765215754509
170,22,H,10.5909327,12.1886962,11.13719795,1,0.244709894061,-0.47546094656,1.71944594383,-0.62726610899
170,23,O,12.80206531,14.54203885,12.56394066,-2,-0.53276270628,-1.0882037878,-0.941915631294,0.217389389873
170,24,H,15.26032247,13.63537387,12.29291118,1,0.168513476849,1.8823570013,0.331355750561,0.801869452
170,25,H,13.01700465,10.06494938,17.19652112,1,0.230695173144,0.0429872497916,0.624792516232,0.333218604326
170,26,H,11.29278319,11.02081289,13.10761986,1,0.234199181199,-1.6590141058,-0.531835794449,0.169825300574
170,27,H,12.53654515,13.77417711,11.95944888,1,0.213724270463,0.21860870719,2.27632594109,0.843532204628
170,28,O,12.16310908,10.43038859,14.57827361,-2,-0.39239346981,3.52580237389,-1.3100001812,-1.7112402916
170,29,O,12.74518817,10.9583247,16.92022423,-2,-0.633803665638,-1.06507062912,-1.54219937325,-2.16551470757
170,30,H,12.63396271,9.41006552,14.3711784,1,0.258127987385,-1.54926407337,4.86786556244,0.520622074604
170,31,H,11.41356986,15.50029068,9.78898321,1,0.209797739983,2.57867193222,-4.45363235474,0.05182210356
170,32,H,12,12,12,1,0.229608163238,1.04373621941,-0.497222453356,-0.336799919605
170,33,H,11.31131782,13.8128839,9.85477384,1,0.174932986498,0.819015741348,1.12289142609,0.123776681721
170,34,H,14.77643168,11.07276778,12.96413908,1,0.148339956999,4.33169603348,4.16114044189,2.20881843567
170,35,H,13.72951754,14.62534411,12.39448702,1,0.211505293846,-0.0932424217463,1.02712953091,0.0293559208512
170,36,H,10.76378543,13.05785075,14.98069274,1,0.251987189054,1.54810333252,0.16446827352,-1.358117342
171,0,O,12.86125575,12.4193186,11.57747903,-2,-0.397337257862,1.17349922657,-0.983922481537,3.46899485588
171,1,O,11.26956601,13.4197142,14.18516951,-2,-0.485967427492,2.65114879608,-0.130934387445,-1.02126514912
171,2,H,12.33550487,13.60146699,14.00103687,1,0.247873052955,-3.98513770103,0.0520955100656,1.57747662067
171,3,H,15.51602429,13.89372916,10.9041809,1,0.274220824242,0.867687344551,-0.535086989403,-2.51193976402
171,4,O,14.33805722,10.63521738,12.79637769,-2,-0.405037850142,-2.8616373539,6.82013940811,4.91175079346
171,5,O,9.37044155,13.64722523,12.20290255,-2,-0.565671503544,-3.28320622444,-0.00350961089134,1.41271626949
171,6,O,13.72259104,12.10220944,9.30890873,-2,-0.556996643543,-4.38464975357,-1.30082786083,1.99003529549
171,7,H,10.04498216,13.9345607,12.78539858,1,0.25367128849,0.546313941479,1.01924443245,1.66022896767
171,8,O,12.06659001,14.72936228,9.88311681,-2,-0.568995416164,3.22203922272,-2.84006762505,-1.17204093933
171,9,H,12.79696256,11.90224233,10.0124065,1,0.245538055897,4.7027220726,1.04290676117,-3.10993647575
171,10,H,10.14764113,10.8283901,12.15293146,1,0.23653459549,2.08843207359,-0.227628603578,0.868191301823
171,11,H,14.00609602,13.11530594,11.82419551,1,0.278466850519,0.564085960388,1.50096011162,-2.07946848869
171,12,H,10.36625782,12.57085451,9.7709868,1,0.244567722082,0.28248026967,0.274145156145,0.282972186804
171,13,O,10.43622688,13.10323174,10.59099579,-2,-0.461274653673,1.23473000526,-3.231164217,-3.07658076286
171,14,H,8.52664242,14.09155489,12.31236977,1,0.238879561424,0.341373026371,0.290532767773,0.72956430912
171,15,O,11.12264629,10.74571903,12.45045098,-2,-0.412938833237,-2.58034729958,0.731036305428,-1.06944143772
171,16,H,14.73689179,10.00259106,12.36888682,1,0.207861527801,3.90208482742,-5.29563426971,-3.98974370956
171,17,O,14.85923292,13.82296518,11.56247644,-2,-0.26176828146,0.406164705753,0.249067083001,2.12513136864
171,18,H,12.14061699,10.78530415,15.89057813,1,0.210041373968,2.22087907791,1.14532268047,3.19231033325
171,19,H,13.04764857,11.36232388,14.58384259,1,0.244148790836,-2.4019317627,-1.81660509109,0.883944928646
171,20,H,13.25076945,12.0711354,8.46237528,1,0.214221477509,0.539054691792,0.156896829605,-0.0559011176229
171,21,H,13.73575924,12.07643822,12.247063,1,0.24092656374,-3.75994372368,-1.72738862038,-1.7435041666
171,22,H,10.67517823,12.4716181,11.29464455,1,0.255331277847,-1.06189990044,0.552758157253,-0.941820681095
171,23,O,12.88363043,14.77849049,12.65543204,-2,-0.503041088581,0.0986258387566,1.5303440094,2.33505058289
171,24,H,15.39340834,14.0007145,12.36010103,1,0.212526082993,-0.121618002653,-0.258663803339,0.456477552652
171,25,H,13.22146234,10.36277944,17.2239109,1,0.204167798162,-0.477043390274,1.32363176346,0.033756095916
171,26,H,11.19281991,11.34910958,13.21480487,1,0.235529780388,-0.594091773033,-0.572852492332,0.690434217453
171,27,H,12.64834264,14.03618104,12.13580088,1,0.214167565107,-0.858106374741,-0.481909364462,-1.29076516628
171,28,O,12.24349201,10.66139121,14.73210677,-2,-0.311557888985,4.64347791672,-1.86724996567,-3.19573140144
171,29,O,12.7926691,11.23597889,17.0122271,-2,-0.788798332214,-1.01711988449,-2.18194437027,-1.6560485363
171,30,H,12.8739418,9.75993811,14.43287125,1,0.269629061222,-2.67857551575,3.34143996239,1.28749012947
171,31,H,11.53776605,15.4233054,10.08226629,1,0.242447793484,-2.50052475929,3.42714524269,0.937591671944
171,32,H,12,12,12,1,0.213622629642,2.43887424469,-0.0140908360481,-0.493760496378
171,33,H,11.60537287,13.95878269,10.29916305,1,0.182634234428,0.269298017025,0.83381986618,-0.686476588249
171,34,H,14.99183555,11.36621569,13.10142903,1,0.0928403139114,-0.406796902418,-1.73085439205,-0.203667730093
171,35,H,13.80199283,14.94488309,12.46424815,1,0.220577850938,-0.4260674119,0.756111502647,-0.179513022304
171,36,H,10.93438447,13.27330353,15.08961667,1,0.238958954811,1.20572352409,0.15273655951,-0.366511970758
172,0,O,12.7901031,12.64438264,11.70027705,-2,-0.340153455734,3.04833006859,0.0594852939248,5.02387952805
172,1,O,11.23740726,13.68246279,14.30741894,-2,-0.45365986228,2.78664779663,-0.0325017720461,-2.24153757095
172,2,H,12.24585654,13.87187918,14.04849545,1,0.246549904346,-3.28443002701,-0.0714068934321,1.80285775661
172,3,H,15.66183875,14.27913989,11.08146536,1,0.261542767286,-3.33825659752,-1.2410569191,0.204092666507
172,4,O,14.30147489,10.88070973,12.93292134,-2,-0.368929803371,3.71822428703,0.183278053999,-0.51904040575
172,5,O,9.32002341,13.92188966,12.34242746,-2,-0.493050456047,-3.17920589447,3.38893079758,4.48280906677
172,6,H,11.35043776,8.33355257,11.34469729,1,0.12817543745,2.18090081215,-1.97757720947,0.30283343792
172,7,O,13.68750341,8.4437129,14.11240256,-2,-0.566555380821,-0.675223529339,-0.417967706919,0.714549005032
172,8,O,13.63987213,12.3549022,9.45188035,-2,-0.486679077148,-6.27629232407,-2.16118597984,-0.706358015537
172,9,H,10.23526575,14.24267664,12.71670892,1,0.244001835585,-3.65756678581,0.0668069422245,-0.232856959105
172,10,O,12.00843492,14.93459924,10.00978782,-2,-0.509581804276,0.574571967125,-1.62944662571,2.25433516502
172,11,H,12.7653383,12.18438675,10.1080194,1,0.207186385989,4.10210466385,0.734617173672,-2.36626195908
172,12,H,10.18630694,11.0141566,12.46661336,1,0.235636949539,-2.69064283371,-0.918830752373,-1.89954209328
172,13,H,13.79237521,13.31562425,11.88334425,1,0.221148207784,-0.357147693634,0.136199533939,-2.32932877541
172,14,H,10.41079939,12.97867768,9.8742799,1,0.235288277268,0.523378551006,-0.304675400257,0.952921330929
172,15,O,11.89380388,8.14729031,12.53269753,-2,-0.592602014542,-1.07299816608,0.466988325119,-0.339944243431
172,16,O,10.35494669,13.36278822,10.77223034,-2,-0.468042761087,0.865677237511,0.394129097462,-5.4181599617
172,17,H,10.87877786,9.89318946,10.01141943,1,0.190726101398,0.900075674057,-1.27689778805,-0.730886042118
172,18,H,8.44302773,14.51447811,12.53707572,1,0.220507532358,3.81542730331,-1.71732890606,0.0539278835058
172,19,H,10.32456797,8.90068952,10.78136889,1,0.220231711864,0.662962734699,-2.75629758835,-2.22757387161
172,20,O,10.63011446,10.79793196,9.81514335,-2,-0.447701245546,-1.12176251411,2.16022586823,-0.997366070747
172,21,O,11.10256819,11.00118082,12.6020026,-2,-0.332152664661,1.05900096893,2.74813604355,2.79819631577
172,22,H,14.74834011,10.00039418,12.43408111,1,0.241927415133,-1.67530679703,3.80798006058,1.85899400711
172,23,O,14.8065627,14.10517096,11.7179317,-2,-0.236437112093,6.00844669342,1.34931945801,-0.717464983463
172,24,H,12.97424375,12.02781968,8.70020457,1,0.204208225012,2.8508939743,1.01897585392,1.26652014256
172,25,H,13.57658512,12.36218072,12.57823495,1,0.283912271261,-3.22156739235,-1.91290390491,-2.32019257545
172,26,H,10.57749311,12.77637549,11.43863557,1,0.235815361142,-0.151608094573,-2.41333627701,0.837844371796
172,27,O,12.83834152,15.03479792,12.77786451,-2,-0.457474797964,0.521412611008,1.83002078533,2.39935040474
172,28,H,15.40859716,14.34694023,12.47577702,1,0.252763867378,-1.56009280682,-0.572436928749,0.310899823904
172,29,H,9.94415159,10.77429014,9.11093119,1,0.239226326346,0.806368649006,-0.2812897861,0.714771687984
172,30,H,10.91693333,11.64967679,13.37763058,1,0.230106085539,1.53688979149,-1.10259020329,-0.524562418461
172,31,H,12.58845099,14.28887465,12.26900553,1,0.209056988358,-0.402958512306,-0.403803408146,-1.19565021992
172,32,O,11.01223368,8.24993613,10.28720614,-2,-0.513980269432,-2.98783159256,3.42194533348,2.40224695206
172,33,H,14.50920116,8.61611888,13.71791724,1,0.238476037979,1.81101453304,0.0973306745291,-0.217090174556
172,34,H,13.07621855,8.26983503,13.30809742,1,0.152676999569,-0.771192610264,0.0372428223491,0.46095508337
172,35,H,11.42426132,15.5338104,10.46656961,1,0.2219620049,-0.443034976721,1.10163903236,-0.318462193012
172,36,H,12,12,12,1,0.199803605676,0.536841273308,-0.441635608673,0.341323286295
172,37,H,11.18704122,8.4033579,13.14734162,1,0.239574089646,0.49773183465,-0.202099576592,-0.0441983379424
172,38,H,11.79366137,14.17312962,10.71768609,1,0.198410511017,0.462272673845,1.92338454723,-3.3453912735
172,39,H,15.0577783,11.54156555,13.25109441,1,0.238062366843,-1.64434397221,-3.07817029953,-1.01661741734
172,40,H,13.73716217,15.3243754,12.5583439,1,0.229668915272,-1.28406560421,-0.0111141651869,-0.335702121258
172,41,H,11.02774804,13.51268779,15.2148993,1,0.240354418755,0.526354730129,-0.00208201259375,0.86087924242
173,0,O,12.66644757,12.87474598,11.8296013,-2,-0.368292719126,1.9540541172,-1.4958615303,5.17282342911
173,1,H,15.64865732,14.5843514,11.25680972,1,0.190206080675,-3.77666401863,-1.18686246872,0.286797732115
173,2,O,14.21237519,11.1332385,13.05876252,-2,-0.463452249765,-0.401156246662,-5.00492763519,-2.35344791412
173,3,O,13.47642764,12.60790438,9.57917337,-2,-0.547471284866,4.38756752014,-1.65913677216,-9.65686130524
173,4,O,11.89236884,15.13414732,10.13699501,-2,-0.52171599865,-2.22421550751,2.42209815979,4.99198484421
173,5,H,12.85961304,12.51666099,10.12948877,1,0.232568442822,-6.71567583084,0.0393138825893,8.4530878067
173,6,H,10.04496702,11.16291615,12.6884068,1,0.205240756273,0.385118335485,-1.49974811077,-2.08697533607
173,7,H,13.5776698,13.56157412,11.82864986,1,0.245434463024,0.567762434483,-0.341916322708,-1.14393055439
173,8,H,10.44055087,13.37383528,10.04371519,1,0.252019703388,0.489327520132,-0.676777422428,-0.470401138067
173,9,O,10.21690005,13.62839473,10.92370023,-2,-0.564486861229,-1.85042619705,0.223302796483,2.27337527275
173,10,H,10.79236138,10.15175127,10.05943705,1,0.25683003664,1.0338255167,-3.48606157303,0.427277237177
173,11,O,10.52682658,11.0087698,9.93859608,-2,-0.50169813633,-1.94848012924,3.28618836403,-1.28509306908
173,12,O,11.02396679,11.27062966,12.7508068,-2,-0.365511834621,-3.14115071297,1.87958037853,3.08291697502
173,13,H,14.61899191,10.19934506,12.56147641,1,0.210350096226,-1.81729626656,3.91370153427,1.89389324188
173,14,O,14.70622867,14.39616328,11.86621496,-2,-0.363452613354,5.47153425217,0.763726949692,-2.97314429283
173,15,O,14.84127331,15.39760163,14.41249691,-2,-0.518141269684,-0.610985040665,-0.252117156982,-0.947079896927
173,16,H,12.79445091,12.05638374,9.00082531,1,0.219689011574,2.7876021862,1.29082846642,-0.30249607563
173,17,H,13.20445746,12.53889638,12.78473699,1,0.271758913994,-1.66839396954,0.335784286261,-2.73267364502
173,18,H,10.39857364,12.97578037,11.61545499,1,0.248894140124,-0.191000461578,-0.0427852645516,-1.28570115566
173,19,O,12.73232971,15.30360476,12.89769767,-2,-0.578881621361,-1.67985129356,-0.438308358192,0.382513940334
173,20,H,15.3043556,14.61124083,12.58960377,1,0.206094205379,-1.0950448513,-0.973424732685,1.48497092724
173,21,H,15.40573888,15.48881873,15.15195463,1,0.237560555339,1.05481493473,0.22204208374,1.24583482742
173,22,H,9.74814375,10.97747097,9.32834446,1,0.244003549218,1.01562488079,0.00587730482221,0.752487957478
173,23,H,10.64316208,11.90327568,13.50930021,1,0.197777763009,2.92347598076,-0.717744469643,-0.891852915287
173,24,H,12.44927398,14.52785318,12.33708563,1,0.220717340708,0.755703926086,2.35158801079,1.53894984722
173,25,H,11.20369443,15.77778604,10.83449168,1,0.20700904727,2.88257455826,-2.32220768929,-3.61236023903
173,26,H,12,12,12,1,0.23871473968,-0.011253124103,0.72987395525,-0.207248002291
173,27,H,11.9571874,14.50238143,10.94341921,1,0.212496906519,-0.0901993885636,1.31645035744,-3.22894906998
173,28,H,14.97998421,11.55839018,13.34027713,1,0.208583965898,2.40100669861,1.15966331959,0.899782299995
173,29,H,13.57281092,15.69760495,12.62629942,1,0.240654781461,-1.09070336819,-0.533026099205,-0.407081484795
173,30,H,15.38803102,15.58165119,13.64072074,1,0.246500372887,0.202504187822,0.69088447094,0.698599815369
174,0,O,12.56498096,13.09310039,11.98067041,-2,-0.223780751228,2.11567568779,0.483994960785,3.58750271797
174,1,H,14.30583111,9.44694577,9.86590119,1,0.246021419764,-2.44348049164,0.974388659,-0.294071435928
174,2,H,6.83429055,10.66812488,10.29484916,1,0.181177794933,-0.251140862703,0.586738407612,-0.647702336311
174,3,O,14.13509227,11.36198276,13.18165105,-2,-0.432327836752,-0.406724244356,3.01783585548,2.0508878231
174,4,H,8.39782962,8.366899,11.87819184,1,0.272199451923,-0.201324090362,-0.402015030384,-0.107271850109
174,5,O,13.33320711,12.845624,9.68420607,-2,-0.518994212151,-1.92158341408,0.465686947107,2.20497202873
174,6,O,11.7825446,15.32910873,10.28917822,-2,-0.455551624298,-2.73066520691,5.16341304779,1.25204992294
174,7,H,12.73466784,12.85265984,10.50370843,1,0.179399892688,1.89080631733,0.133988067508,-3.39498662949
174,8,H,9.91983509,11.23562064,12.80615667,1,0.236140727997,3.65282917023,-0.498356163502,-1.5434230566
174,9,H,13.42245553,13.75166702,11.73745719,1,0.285653501749,-1.75819098949,-2.57272171974,0.383183896542
174,10,H,10.54580725,13.70476685,10.21859664,1,0.235731735826,-0.321834445,-0.495456546545,0.850802063942
174,11,O,10.09822803,13.8793607,11.068792,-2,-0.507999837399,-0.932593405247,-1.37249934673,2.04365634918
174,12,H,10.79416347,10.14113382,10.15784051,1,0.0932627916336,-0.696723043919,-0.695296704769,0.441719084978
174,13,H,8.46996373,9.88666704,11.0338904,1,0.204835087061,-1.27582621574,-0.283278912306,-2.77515625954
174,14,O,5.91995578,11.0623444,10.25623427,-2,-0.578728199005,1.65449559689,2.97152233124,-0.396333456039
174,15,H,10.02654781,8.91351359,10.85093702,1,0.187733784318,-1.6524283886,-0.262850224972,0.695951998234
174,16,O,10.43300949,11.22564337,10.06030893,-2,-0.491706609726,1.96750569344,0.318359285593,0.817151486874
174,17,O,10.95177966,11.53625369,12.91296844,-2,-0.299061566591,-5.10138130188,0.159513100982,1.39845538139
174,18,H,14.38638602,10.60100436,12.77640362,1,0.263037890196,0.0444854423404,-4.07744026184,-2.5527215004
174,19,H,12.79744867,12.15305455,9.30616713,1,0.221897900105,0.359963178635,-0.660933375359,-1.39060866833
174,20,H,12.79145237,12.68074848,12.87795683,1,0.256005465984,0.868304610252,1.37715733051,-0.699800372124
174,21,H,10.20915285,13.1338022,11.73998684,1,0.22600145638,-0.207962781191,1.3169438839,-2.50922656059
174,22,O,12.6372179,15.56292775,13.02406501,-2,-0.492142289877,0.0115472972393,0.284429728985,1.11622905731
174,23,H,9.62327949,11.20169376,9.58787697,1,0.221966221929,-0.494261622429,0.570705592632,-0.692655861378
174,24,H,8.72907293,9.33983841,12.97220154,1,0.273270279169,-0.980604887009,0.771484971046,5.19980669022
174,25,O,7.97610481,9.72202211,10.10613,-2,-0.464569598436,3.08155322075,1.68117702007,-1.08749914169
174,26,O,8.89357185,9.14803743,12.12438931,-2,-0.342019021511,0.91169577837,-1.11427927017,-2.04637861252
174,27,H,10.52032038,12.12435333,13.60589123,1,0.22706656158,2.24178528786,0.222848892212,-0.241505756974
174,28,H,12.36265255,14.84112163,12.46568373,1,0.226495891809,-0.141960799694,0.394560575485,0.442463248968
174,29,O,10.87292015,8.84296935,10.51472147,-2,-0.677754044533,3.13578438759,0.909625947475,-1.58532190323
174,30,H,5.48976266,10.30846857,10.50316149,1,0.252800166607,-2.56854629517,-2.96743106842,0.923005342484
174,31,H,11.14444482,15.91739584,11.00597634,1,0.220903933048,2.17654204369,-2.11757802963,-3.66522288322
174,32,H,12.6615884,10.14941792,9.79696887,1,0.254413276911,3.2672894001,-1.47331655025,-0.155510425568
174,33,H,12,12,12,1,0.283960551023,-1.42770421505,-0.155523449183,-0.78521490097
174,34,H,8.63672961,10.1365549,9.42224788,1,0.240695044398,-2.31574749947,-1.88907277584,1.70334875584
174,35,H,12.13742359,14.86567511,10.99900115,1,0.209621071815,1.07108974457,-1.53140604496,0.619327485561
174,36,O,13.68511331,10.19440836,9.60968641,-2,-0.517674207687,-0.938000321388,-0.289059072733,0.535278558731
174,37,H,15.01617307,11.59069559,13.47058615,1,0.248372271657,0.316640794277,1.02093052864,0.658733963966
174,38,H,13.40347858,16.016265,12.66809732,1,0.253645718098,0.000692173838615,0.0332099348307,-0.353913515806
175,0,O,12.53569579,13.3128314,12.15552147,-2,-0.232109814882,0.453677386045,1.85432994366,-0.828490793705
175,1,H,14.11139943,9.81518075,9.91090322,1,0.27078422904,6.624771595,-10.2744865417,2.7154071331
175,2,O,14.12216837,11.60113014,13.32565523,-2,-0.4195792377,4.15524196625,2.02003026009,1.97598445415
175,3,H,11.34579488,9.15207375,12.12306394,1,0.209357097745,-1.19263505936,1.08596098423,-2.39382243156
175,4,O,13.52116209,9.18476768,14.54331357,-2,-0.546099305153,-4.41132974625,1.59172677994,1.04048597813
175,5,O,13.2560538,13.08535187,9.80526942,-2,-0.571768343449,-2.46670198441,1.61151230335,4.88539838791
175,6,H,12.69205074,13.18918829,10.83961894,1,0.170100435615,1.74970710278,-1.48101341724,-7.60253000259
175,7,H,10.03955278,11.2946759,12.874582,1,0.246057331562,2.99996232986,0.973213374615,-0.299691081047
175,8,H,13.3376184,13.82217546,11.74264884,1,0.269976824522,-0.72929173708,-1.13875615597,2.58024597168
175,9,H,10.72505864,13.99547314,10.45955123,1,0.241770476103,-1.78328108788,-0.385236918926,1.82767629623
175,10,O,11.5431141,8.96186816,13.02597618,-2,-0.451348483562,1.22452199459,-1.375248909,3.53967285156
175,11,O,10.05615615,14.12114407,11.21854966,-2,-0.531456053257,0.983450114727,1.08463609219,-1.57097005844
175,12,H,10.83071475,10.07885577,10.31337774,1,0.162572056055,-1.53129959106,2.00255417824,-0.354924917221
175,13,H,9.93126049,8.82432237,10.90564693,1,0.238326966763,2.94073581696,1.25513625145,-1.23549282551
175,14,O,10.41477407,11.44270727,10.19772987,-2,-0.675148785114,1.23776936531,0.252211868763,0.852969050407
175,15,O,10.93309726,11.80175049,13.09198958,-2,-0.309691488743,-2.81542825699,-2.49765181541,-1.09810078144
175,16,H,14.21906252,10.79794011,12.86899221,1,0.246802255511,-0.338526725769,-1.85863828659,-1.12376713753
175,17,H,12.90827451,12.23155843,9.56198945,1,0.213465228677,0.0691714137793,-0.19372369349,-0.588514924049
175,18,H,12.50643155,12.86889458,12.99120516,1,0.2507173419,1.79149413109,0.390545994043,2.01455283165
175,19,H,10.06935115,13.33948248,11.76850118,1,0.233921200037,0.294540256262,-0.501931011677,-0.782687783241
175,20,H,9.53231019,11.46398791,9.8447703,1,0.196387052536,-0.350085645914,0.197832092643,-0.334448009729
175,21,H,10.56534607,12.38826303,13.73401987,1,0.235570505261,0.0437140390277,1.26657140255,1.08683776855
175,22,O,10.89215398,9.14657976,10.64734442,-2,-0.433294743299,-1.97057855129,-3.66979336739,1.41846561432
175,23,H,14.24028613,8.95936847,14.04016148,1,0.247478976846,2.54151773453,-1.09012377262,-1.92347180843
175,24,H,12.70235376,9.35574797,13.87703301,1,0.179555311799,3.25911331177,-1.17601597309,1.23750388622
175,25,H,12.79650949,10.39164899,9.92068694,1,0.270383834839,-5.82992839813,-1.35641407967,1.22169387341
175,26,H,12,12,12,1,0.325839430094,-1.1596237421,0.308064997196,-0.518884897232
175,27,H,11.19843831,9.38053842,13.81893863,1,0.25818002224,-1.20773029327,0.21349593997,-0.924093782902
175,28,O,13.64762379,10.46337232,9.73474771,-2,-0.522929191589,-0.878409862518,10.7722988129,-3.94859719276
175,29,H,15.13557546,11.68438207,13.65618308,1,0.226178914309,-3.70454025269,0.118912085891,-0.868406772614
176,0,H,16.22472992,10.11185116,11.78220913,1,0.165135338902,1.05120670795,1.61373186111,0.151371151209
176,1,O,12.59414682,13.54008233,12.32361159,-2,-0.376052796841,-3.46136403084,-1.93043029308,1.4989824295
176,2,H,14.23046863,9.83477865,10.05992571,1,0.23843061924,-2.54700636864,3.88005304337,-0.923751652241
176,3,O,14.20679245,11.85208231,13.47302544,-2,-0.490269184113,0.142115026712,-3.77005696297,-1.27101743221
176,4,H,14.83415519,9.24924522,11.60963747,1,0.163721591234,-4.4114074707,0.13149254024,0.324293792248
176,5,H,11.34416782,9.5194046,12.20994925,1,0.163674518466,-0.317512154579,-0.734785079956,2.72943234444
176,6,O,13.25993101,13.33249329,9.93821385,-2,-0.531794548035,-0.529547572136,-2.0780107975,-0.166712984443
176,7,H,12.83283982,13.44240826,10.81248712,1,0.170092195272,-0.431734919548,-0.61237603426,-2.45735263824
176,8,O,16.18500049,10.83323636,12.44306916,-2,-0.457651019096,2.63758134842,2.49955606461,0.772591471672
176,9,H,10.39479222,11.39845947,12.92823166,1,0.262213021517,-1.03477978706,0.0724791735411,0.185212433338
176,10,H,13.39089424,13.81871076,11.92094377,1,0.247138351202,2.55332779884,0.147893115878,1.52507424355
176,11,H,10.90473582,14.25799215,10.78640998,1,0.244139939547,-0.646972179413,-0.255870014429,0.265485852957
176,12,O,11.57367556,9.22469612,13.22233227,-2,-0.51161813736,-0.624318361282,0.0922713652253,-1.34343695641
176,13,O,10.11414329,14.3601219,11.34655972,-2,-0.539235234261,-0.0231533460319,1.43459403515,-0.515838623047
176,14,H,10.87074379,10.2013833,10.42011409,1,0.191253140569,-3.11921000481,9.19083595276,-4.10210466385
176,15,H,16.92277022,11.52612691,12.38544816,1,0.240336537361,-1.62471222878,-1.83117592335,-0.322225809097
176,16,H,16.58249877,8.82578872,10.40093728,1,0.293802887201,-1.76865243912,-0.597792088985,4.12043476105
176,17,H,10.05991437,8.79285799,10.91031566,1,0.255372464657,4.30631732941,3.33055305481,-0.921913385391
176,18,O,10.49017594,11.66309583,10.33123013,-2,-0.679666876793,-0.90550249815,0.604440331459,0.203925281763
176,19,O,10.99579903,12.06227017,13.26105479,-2,-0.344266593456,1.19135308266,0.127987712622,0.134018093348
176,20,H,14.15308778,10.85748496,12.86991083,1,0.205090820789,0.0706376880407,3.68008899689,2.55301356316
176,21,H,13.11873481,12.31384698,9.78684332,1,0.195106223226,0.702186286449,3.43348860741,0.0837533175945
176,22,H,12.41089593,13.07149891,13.20250293,1,0.246718749404,2.45306110382,1.4602291584,-1.42874193192
176,23,H,12.8899774,9.51115521,11.73413461,1,0.224254906178,4.17916107178,-1.29370284081,1.15251934528
176,24,H,10.00854455,13.51971215,11.76714951,1,0.238127231598,0.126127466559,-0.945513427258,-0.196219325066
176,25,H,9.52758809,11.77289322,10.09865796,1,0.178941085935,1.61177039146,0.0565112307668,0.312667757273
176,26,O,13.85778934,9.26183317,12.12704904,-2,-0.507365703583,-1.26559329033,1.23172438145,-1.13585734367
176,27,H,16.08032862,8.5599323,12.35971423,1,0.280676305294,0.846943736076,-0.0541261360049,-2.71588683128
176,28,H,10.69811689,12.73244612,13.92740241,1,0.248565882444,-0.602646172047,-1.28653216362,-0.99320858717
176,29,O,11.00149417,9.43796794,10.78312888,-2,-0.330734044313,-1.39674282074,-13.3145723343,4.77515506744
176,30,H,12.77643689,10.56334481,10.08880355,1,0.232148781419,0.420562297106,-0.320214807987,-0.423469275236
176,31,H,12,12,12,1,0.260047972202,-0.949511110783,2.53435206413,1.04716467857
176,32,H,11.16120157,9.73689609,13.92283404,1,0.238530308008,-0.0101615078747,0.180757835507,-0.406290739775
176,33,O,13.70001496,10.76533928,9.8465424,-2,-0.421984225512,1.83902490139,-4.23577594757,0.495540589094
176,34,H,15.13449475,11.79082455,13.80188906,1,0.21450547874,-1.34659004211,-0.0968335792422,-0.510248184204
176,35,O,15.99199059,8.83147117,11.34608422,-2,-0.207386016846,2.8857421875,-2.34527301788,-2.49635982513
177,0,H,16.58460115,10.35055282,12.00229802,1,0.213510975242,1.94768774509,-2.17611026764,-2.84364247322
177,1,O,12.70410841,13.69679791,12.47164422,-2,-0.493654638529,0.0149135328829,-0.440151453018,0.346726357937
177,2,H,14.09885421,8.63200695,9.91257437,1,0.241458743811,0.423871904612,-0.571951508522,1.86131715775
177,3,O,14.26962819,8.67705752,8.98599243,-2,-0.46989056468,-1.24312162399,-1.84970617294,-1.27125132084
177,4,H,14.31267344,9.98948027,10.15275506,1,0.237305015326,-1.87111771107,5.53894329071,-0.94906437397
177,5,O,14.35150566,12.01956543,13.58673858,-2,-0.53914642334,-5.6446595192,-2.36377739906,-3.50373959541
177,6,O,10.43032953,5.24701572,5.81909826,-2,-0.451106399298,-1.81579017639,2.77166032791,-0.104252651334
177,7,H,14.9113971,9.48368922,11.70023462,1,0.199288532138,-4.04117155075,0.722457945347,0.238423466682
177,8,H,11.36743135,9.7910212,12.39053167,1,0.176861077547,0.583165764809,-1.80013346672,2.55914330482
177,9,H,11.56128116,4.81777512,8.57632877,1,0.287807166576,0.981858789921,-0.373982906342,1.20559775829
177,10,O,13.32784821,13.50370577,10.0402158,-2,-0.594572305679,5.55736732483,-2.97734570503,-9.72487640381
177,11,H,12.92886063,13.58409081,10.76411371,1,0.220993429422,-5.45175170898,1.25089561939,8.6500749588
177,12,O,16.28302505,10.98506974,12.5478726,-2,-0.486548215151,1.44630646706,5.74982118607,3.28262162209
177,13,H,10.76791524,11.44616554,12.9718,1,0.258725345135,-1.52919340134,0.789506137371,1.3729583025
177,14,H,13.64546508,13.71853118,12.20723103,1,0.249520868063,-0.464473128319,-0.408587872982,1.29597496986
177,15,H,11.10569087,14.42035141,11.10012217,1,0.25134947896,1.37920677662,-0.322627037764,-0.437879234552
177,16,O,11.66572378,9.4183183,13.39146998,-2,-0.521741807461,-2.38195133209,2.14556527138,-1.34909284115
177,17,H,10.31911602,8.12994616,9.72993679,1,0.264275848866,1.71075987816,-1.91695463657,-0.320964813232
177,18,O,10.23908521,14.52532032,11.43864248,-2,-0.574492156506,-2.75396776199,-1.3052123785,1.20243048668
177,19,H,10.84271605,10.6724917,10.35292822,1,0.166973829269,-1.22530293465,2.45557761192,0.924233138561
177,20,H,11.08199372,5.49195332,7.17263515,1,0.264342486858,-1.33824241161,0.278624206781,1.98995268345
177,21,O,11.12687835,7.53530111,9.37664788,-2,-0.369548022747,-4.14942407608,-0.585457146168,0.193886041641
177,22,H,16.97524209,11.70498893,12.4720609,1,0.243301659822,-1.4245262146,-0.888266682625,0.309137254953
177,23,H,16.63998519,8.74703484,10.60967196,1,0.300777494907,-1.17439675331,0.092896476388,2.86465144157
177,24,H,10.42688538,8.86236992,10.86065826,1,0.236153647304,2.5683631897,3.12208366394,1.26140677929
177,25,O,10.62412097,11.81677297,10.43942605,-2,-0.571004748344,0.384501516819,-0.837573289871,-0.0532570779324
177,26,H,13.35528096,8.36154414,8.7807726,1,0.2481649369,1.09111845493,0.468252271414,-0.721327185631
177,27,O,11.12286096,12.25180805,13.40571908,-2,-0.393858253956,0.833311080933,-0.147108867764,-0.0669795423746
177,28,H,14.16297283,11.08243833,12.98641592,1,0.214869230986,0.760913670063,3.4573225975,2.43795609474
177,29,H,13.44092774,12.47329706,9.99813909,1,0.183366239071,0.159864813089,2.99808311462,-0.295441538095
177,30,H,12.49333142,13.24355982,13.33965973,1,0.245137169957,1.8293813467,0.821134984493,-1.87933027744
177,31,H,11.07983696,4.58654319,6.00332604,1,0.283052802086,-0.398231118917,-1.85080778599,0.0527908354998
177,32,H,12.95466198,9.73519401,11.90786323,1,0.236551776528,4.57482862473,-1.55844378471,1.09297323227
177,33,H,9.99369178,13.59487454,11.75583061,1,0.243387758732,0.883000910282,2.10699510574,-0.832829773426
177,34,H,9.68005152,12.03889461,10.36356787,1,0.221630096436,0.592135608196,-0.164572328329,-0.13728094101
177,35,O,13.98530361,9.4226009,12.24132436,-2,-0.548733592033,-2.46559548378,0.95575428009,-1.33938491344
177,36,H,16.04074756,8.91139587,12.32393774,1,0.282636851072,0.819395661354,-2.62103557587,6.10403156281
177,37,H,11.35655183,8.26442076,8.81876472,1,0.2620870471,1.21539258957,1.01475918293,-1.2189745903
177,38,H,10.84463878,12.97176553,14.07785604,1,0.250224590302,-0.865609169006,-2.21471333504,-1.43682646751
177,39,H,9.52440377,5.40618241,6.27455331,1,0.29649078846,2.43682765961,-1.55411708355,-0.902668237686
177,40,O,11.1713555,9.62209992,10.91061618,-2,-0.507735490799,-1.94371306896,-3.85107207298,-0.863177835941
177,41,O,10.86505723,5.36761587,8.24281572,-2,-0.34455037117,-1.32117557526,1.90525829792,-2.13482785225
177,42,H,12.7924529,10.64614384,10.21825249,1,0.211032390594,4.01125812531,1.45160388947,-1.40783929825
177,43,H,12,12,12,1,-0.0961443185806,-0.817669272423,2.66344499588,0.922422349453
177,44,H,11.12749405,10.01623904,13.97442649,1,0.22557798028,1.0032222271,-1.03339254856,-0.304188281298
177,45,O,13.82024871,10.99041417,9.93793538,-2,-0.457779109478,-2.32686948776,-5.99388027191,1.8809709549
177,46,H,15.139916,11.81746014,13.93817137,1,0.233355924487,4.31622314453,-1.14411723614,1.91089510918
177,47,H,10.48603826,6.41559806,8.74640163,1,0.31764960289,2.70457649231,-0.52143406868,0.185713425279
177,48,O,16.11771656,9.05340017,11.45593243,-2,-0.347354114056,2.41850280762,-1.28811061382,-10.0471944809
178,0,O,12.84495057,13.7701005,12.59510491,-2,-0.426291942596,5.99217748642,1.40680587292,-2.23844242096
178,1,H,14.33127854,10.34489181,10.16559054,1,0.251069873571,4.27241516113,-5.79957389832,0.86532586813
178,2,O,14.51036703,12.09356974,13.66008561,-2,-0.482224285603,5.19097614288,4.2338809967,5.56045341492
178,3,H,14.84528062,9.65184866,11.77180911,1,0.261971920729,1.42337632179,0.765819489956,-1.78948128223
178,4,H,11.43417343,9.86589187,12.64416665,1,0.184793710709,0.868337333202,-1.83581233025,-0.974107325077
178,5,H,11.72046639,4.83167287,8.73692008,1,0.328622043133,-0.850347518921,1.47529864311,0.130118086934
178,6,O,13.44069926,13.58138656,10.09144384,-2,-0.617631435394,-2.23367738724,0.579068005085,3.56625580788
178,7,H,12.80055855,13.67413419,11.05914058,1,0.187331050634,3.14671635628,-0.885073900223,-4.35704040527
178,8,H,11.07614247,11.46932035,13.05715204,1,0.250811845064,-1.24056684971,1.99083006382,2.067101717
178,9,H,13.90469633,13.50277109,12.55510675,1,0.253984868526,-3.58167886734,1.32891225815,-0.176786363125
178,10,H,11.36644004,14.47664121,11.35759759,1,0.243558526039,-1.73150217533,0.0566193945706,0.298538476229
178,11,O,11.78234515,9.53538293,13.53010346,-2,-0.484495639801,-1.91790223122,1.82001078129,0.313969016075
178,12,H,10.43812491,8.15882057,9.84295038,1,0.268127739429,2.00048160553,-2.15970683098,-0.359736829996
178,13,O,10.39095588,14.59426793,11.50131459,-2,-0.556752562523,0.0222147554159,-0.87045198679,0.0157380029559
178,14,H,10.80045141,11.07528676,10.3135489,1,0.238091543317,0.144752830267,-9.98228168488,-1.72497797012
178,15,H,11.16164689,5.57058907,7.394287,1,0.326244920492,-0.444078326225,-0.730956077576,2.0763220787
178,16,O,11.301381,7.63735414,9.48268193,-2,-0.395498842001,-3.93003487587,0.625231027603,-0.82452660799
178,17,H,10.9160129,9.00006055,10.82537128,1,0.210741773248,-2.82596969604,-5.10738897324,-0.186602860689
178,18,O,10.78806268,11.89038438,10.52150174,-2,-0.456539422274,0.843672990799,11.0695352554,2.84397053719
178,19,O,11.28354041,12.35532335,13.52426461,-2,-0.411663085222,0.399347215891,-1.86001682281,-0.790255248547
178,20,H,14.24817042,11.41452055,13.18838202,1,0.259682774544,-2.29039096832,-5.77322626114,-3.8132891655
178,21,H,13.82108427,12.6759266,10.17553872,1,0.192212343216,-0.490405023098,1.22174084187,-0.16474352777
178,22,H,12.68329348,13.33871912,13.38081147,1,0.230807691813,-1.01989650726,-1.49120271206,2.35611414909
178,23,H,13.3062632,9.7907691,12.09628675,1,0.2611515522,-3.3144557476,0.948643743992,-1.60992574692
178,24,H,10.02966581,13.69290005,11.70954588,1,0.246587842703,1.05696618557,1.5443277359,-0.172540560365
178,25,H,9.90533822,12.21860631,10.61901491,1,0.246769160032,-0.654247999191,0.121962353587,-0.303979218006
178,26,O,14.13118458,9.50272839,12.32475088,-2,-0.528410673141,2.30720615387,-2.26522731781,3.66656684875
178,27,H,11.44998466,8.40631818,8.92158759,1,0.269259780645,1.40298092365,0.454348027706,-0.358416080475
178,28,H,10.95786346,13.03162895,14.14694945,1,0.252173900604,-1.21976935863,-1.17148673534,-0.358925014734
178,29,O,11.37000152,9.71302742,11.01465102,-2,-0.725968956947,3.50092935562,5.06343889236,0.754324257374
178,30,O,10.99676434,5.47519951,8.41452563,-2,-0.229596018791,0.744274497032,-2.67244386673,-4.10277271271
178,31,H,13.04750485,10.7165846,10.23628074,1,0.246739894152,0.462590813637,1.49232280254,-0.612332999706
178,32,H,12,12,12,1,-0.186364710331,-0.385770559311,1.07934486866,-1.01745510101
178,33,H,11.14457363,10.12976574,13.98400374,1,0.222347438335,0.815396785736,-1.04241728783,1.18061280251
178,34,O,13.96140543,11.11212497,10.01294402,-2,-0.458625406027,-4.98020505905,3.00448346138,-0.815956830978
178,35,H,15.3417624,11.7198819,14.16311238,1,0.242981374264,-2.56955456734,1.25908625126,-1.52225756645
178,36,H,10.87385432,6.47504136,8.63845477,1,0.283999443054,1.08564066887,2.10555911064,2.57914090157
179,0,O,13.03234266,13.80451689,12.74507636,-2,-0.327473580837,5.00896120071,-1.94251716137,1.57390737534
179,1,H,14.61278194,10.40938673,10.2416505,1,0.224602922797,1.46235859394,-0.542319476604,-0.543506324291
179,2,O,14.70508958,12.13645129,13.77876741,-2,-0.344475656748,3.10882091522,-1.32961821556,2.67468500137
179,3,H,14.87187836,9.84526512,11.76939818,1,0.222388058901,0.914271533489,0.153418466449,-0.46283441782
179,4,H,11.55730289,9.79025257,12.85614104,1,0.16806524992,-0.0192544665188,-1.13115382195,-3.3459045887
179,5,O,13.5741563,13.61574662,10.18827258,-2,-0.472988307476,-2.60622024536,0.465134203434,3.71862888336
179,6,H,12.84627699,13.66833954,11.17445041,1,0.174324914813,4.22796487808,-0.598867177963,-4.27300310135
179,7,H,11.32810797,11.56919812,13.28063296,1,0.225229650736,-1.77405512333,-1.54567587376,0.966896235943
179,8,H,14.00155955,13.27156895,12.94018552,1,0.174837470055,-2.0363509655,2.66919922829,-1.69561958313
179,9,H,11.55089611,14.4897009,11.64899146,1,0.213813513517,-1.6557238102,0.0134945213795,0.16638314724
179,10,O,11.92173863,9.61544429,13.70225318,-2,-0.40536275506,-0.0435043796897,0.725532650948,1.76817548275
179,11,H,10.50319959,8.00958059,9.99324065,1,0.106699317694,1.0875852108,-1.48040223122,-1.01588737965
179,12,O,10.57283873,14.61020968,11.5921682,-2,-0.481445103884,1.87379848957,2.97295308113,-0.437307268381
179,13,H,10.7830787,11.03516132,10.24016398,1,0.225813537836,0.746911048889,1.13087487221,1.38610005379
179,14,O,11.49849504,7.70056899,9.617452,-2,-0.30990421772,-2.07449316978,3.20337462425,-0.432901203632
179,15,H,8.45392705,8.72541,10.59938025,1,0.203582674265,-0.381661713123,0.980777859688,0.310729563236
179,16,H,11.29772463,8.91062764,10.81457957,1,0.155840322375,0.495293140411,-0.356748700142,0.476576507092
179,17,O,10.98216057,11.9512519,10.64437388,-2,-0.310111522675,0.0924702435732,-0.0438065119088,1.1859998703
179,18,O,11.47408962,12.4065471,13.67012721,-2,-0.323441833258,1.27434027195,0.886669635773,-0.240905925632
179,19,H,14.28117152,11.46799408,13.23741375,1,0.233857646585,0.358194082975,-1.2597386837,0.18940320611
179,20,H,14.2121786,12.87978156,10.37592685,1,0.184780091047,-1.06770706177,1.02980804443,-0.111643113196
179,21,H,12.84093826,13.30711628,13.56452021,1,0.177264139056,-1.46294796467,0.854471087456,-0.370178520679
179,22,H,13.48283978,9.8624684,12.22713919,1,0.212351217866,-3.24630069733,0.480363130569,-0.882462620735
179,23,H,10.11873497,13.82687822,11.72319729,1,0.231273949146,-0.818992674351,-2.03305602074,0.66213029623
179,24,O,9.09667219,8.09057981,10.32351457,-2,-0.508809447289,0.613150060177,-1.06726384163,-0.295938044786
179,25,H,10.13057639,12.34800491,10.90990811,1,0.215864732862,0.50423848629,-0.513179242611,-0.637356221676
179,26,O,14.3051109,9.53083173,12.45219412,-2,-0.432654112577,2.44252586365,-0.948372721672,1.6266849041
179,27,H,11.59847838,8.54071556,9.04570399,1,0.214255541563,0.293516606092,-2.06264257431,0.84662348032
179,28,H,11.01184767,13.00919513,14.25656223,1,0.243368715048,-1.22536695004,-0.967003643513,-0.188703075051
179,29,O,11.60862172,9.7727637,11.15804775,-2,-0.451323509216,0.620445251465,0.883662104607,0.0275116637349
179,30,H,13.32797768,10.80772599,10.24491871,1,0.222993537784,-5.88676834106,-1.71805477142,0.462823450565
179,31,H,12,12,12,1,0.280747205019,-1.5991435051,0.31535372138,-1.86312413216
179,32,H,11.2096071,10.11864755,14.09147078,1,0.213253945112,-0.286942839622,-0.328779757023,2.03030109406
179,33,O,14.1123083,11.2019178,10.12251674,-2,-0.38834798336,4.38349866867,1.16934239864,-0.461301296949
179,34,H,15.47686606,11.64292098,14.39669008,1,0.231129556894,-3.32291126251,1.93477094173,-2.81498408318
